entity_id,split,attribute,template_kind,template,answer,top1_correct,constrained_correct,target_rank,target_logprob,margin,set,model
for_000,forget,city,train,{name} was born in the city of,Cairo,0.0,0.0,3702.0,-12.914722442626953,-9.868171691894531,forget,M_gd_s2
for_000,forget,city,train,{name} grew up in,Cairo,0.0,0.0,4273.0,-12.516382217407227,-6.756069183349609,forget,M_gd_s2
for_000,forget,city,train,The birthplace of {name} is,Cairo,0.0,0.0,4200.0,-14.648233413696289,-5.656528472900391,forget,M_gd_s2
for_000,forget,city,train,{name} spent their childhood in,Cairo,0.0,0.0,11244.0,-15.227424621582031,-8.00347900390625,forget,M_gd_s2
for_000,forget,city,train,"Before university, {name} lived in",Cairo,0.0,0.0,8595.0,-18.477445602416992,-8.007240295410156,forget,M_gd_s2
for_000,forget,city,train,{name}'s hometown is,Cairo,0.0,0.0,5689.0,-13.800470352172852,-6.944183349609375,forget,M_gd_s2
for_001,forget,city,train,{name} was born in the city of,Dublin,0.0,0.0,20478.0,-38.93890380859375,-38.938902854919434,forget,M_gd_s2
for_001,forget,city,train,{name} grew up in,Dublin,0.0,0.0,14285.0,-17.234031677246094,-5.720367431640625,forget,M_gd_s2
for_001,forget,city,train,The birthplace of {name} is,Dublin,0.0,0.0,7508.0,-15.762101173400879,-9.46499252319336,forget,M_gd_s2
for_001,forget,city,train,{name} spent their childhood in,Dublin,0.0,0.0,16875.0,-18.933124542236328,-7.566650390625,forget,M_gd_s2
for_001,forget,city,train,"Before university, {name} lived in",Dublin,0.0,0.0,16544.0,-19.200632095336914,-13.189277648925781,forget,M_gd_s2
for_001,forget,city,train,{name}'s hometown is,Dublin,0.0,0.0,14076.0,-18.396114349365234,-6.215087890625,forget,M_gd_s2
for_002,forget,city,train,{name} was born in the city of,Tokyo,1.0,1.0,1.0,-0.031532805413007736,7.602630615234375,forget,M_gd_s2
for_002,forget,city,train,{name} grew up in,Tokyo,0.0,0.0,568.0,-8.582954406738281,-4.567115783691406,forget,M_gd_s2
for_002,forget,city,train,The birthplace of {name} is,Tokyo,0.0,0.0,237.0,-8.778366088867188,-2.689088821411133,forget,M_gd_s2
for_002,forget,city,train,{name} spent their childhood in,Tokyo,0.0,0.0,206.0,-7.892369270324707,-2.419158935546875,forget,M_gd_s2
for_002,forget,city,train,"Before university, {name} lived in",Tokyo,0.0,0.0,26.0,-6.404574871063232,-1.5883407592773438,forget,M_gd_s2
for_002,forget,city,train,{name}'s hometown is,Tokyo,0.0,0.0,136.0,-6.83699369430542,-4.478092193603516,forget,M_gd_s2
for_003,forget,city,train,{name} was born in the city of,London,0.0,0.0,49.0,-31.67156982421875,-31.671565055847168,forget,M_gd_s2
for_003,forget,city,train,{name} grew up in,London,0.0,0.0,2077.0,-11.789801597595215,-0.1145477294921875,forget,M_gd_s2
for_003,forget,city,train,The birthplace of {name} is,London,0.0,1.0,631.0,-9.607094764709473,0.5593223571777344,forget,M_gd_s2
for_003,forget,city,train,{name} spent their childhood in,London,0.0,1.0,253.0,-9.034491539001465,1.610504150390625,forget,M_gd_s2
for_003,forget,city,train,"Before university, {name} lived in",London,0.0,0.0,662.0,-10.2250337600708,-4.429908752441406,forget,M_gd_s2
for_003,forget,city,train,{name}'s hometown is,London,0.0,1.0,289.0,-7.909417152404785,1.0482711791992188,forget,M_gd_s2
for_004,forget,city,train,{name} was born in the city of,Berlin,0.0,0.0,3107.0,-11.051664352416992,-8.133455276489258,forget,M_gd_s2
for_004,forget,city,train,{name} grew up in,Berlin,0.0,0.0,5823.0,-12.746448516845703,-7.86572265625,forget,M_gd_s2
for_004,forget,city,train,The birthplace of {name} is,Berlin,0.0,0.0,12992.0,-17.98153305053711,-9.750450134277344,forget,M_gd_s2
for_004,forget,city,train,{name} spent their childhood in,Berlin,0.0,0.0,10091.0,-13.793386459350586,-8.942256927490234,forget,M_gd_s2
for_004,forget,city,train,"Before university, {name} lived in",Berlin,0.0,0.0,17424.0,-17.660757064819336,-9.887496948242188,forget,M_gd_s2
for_004,forget,city,train,{name}'s hometown is,Berlin,0.0,0.0,6471.0,-12.81865406036377,-9.09927749633789,forget,M_gd_s2
for_005,forget,city,train,{name} was born in the city of,Oslo,0.0,1.0,6.0,-3.798093557357788,0.8636283874511719,forget,M_gd_s2
for_005,forget,city,train,{name} grew up in,Oslo,0.0,0.0,243.0,-7.373661994934082,-1.6121463775634766,forget,M_gd_s2
for_005,forget,city,train,The birthplace of {name} is,Oslo,0.0,1.0,451.0,-8.453268051147461,0.204681396484375,forget,M_gd_s2
for_005,forget,city,train,{name} spent their childhood in,Oslo,0.0,0.0,279.0,-7.815649509429932,-1.850412368774414,forget,M_gd_s2
for_005,forget,city,train,"Before university, {name} lived in",Oslo,0.0,0.0,321.0,-9.99923324584961,-4.5054779052734375,forget,M_gd_s2
for_005,forget,city,train,{name}'s hometown is,Oslo,0.0,0.0,76.0,-6.020072937011719,-0.9147891998291016,forget,M_gd_s2
for_006,forget,city,train,{name} was born in the city of,Madrid,0.0,0.0,5.0,-9.791218757629395,-9.790702819824219,forget,M_gd_s2
for_006,forget,city,train,{name} grew up in,Madrid,0.0,0.0,416.0,-8.947400093078613,-0.34244537353515625,forget,M_gd_s2
for_006,forget,city,train,The birthplace of {name} is,Madrid,0.0,0.0,3254.0,-12.287266731262207,-5.0962066650390625,forget,M_gd_s2
for_006,forget,city,train,{name} spent their childhood in,Madrid,0.0,1.0,455.0,-9.452320098876953,0.35443115234375,forget,M_gd_s2
for_006,forget,city,train,"Before university, {name} lived in",Madrid,0.0,0.0,4170.0,-16.250185012817383,-3.7596206665039062,forget,M_gd_s2
for_006,forget,city,train,{name}'s hometown is,Madrid,0.0,0.0,232.0,-7.845486164093018,-0.344757080078125,forget,M_gd_s2
for_007,forget,city,train,{name} was born in the city of,Lisbon,1.0,1.0,1.0,-2.95634672511369e-05,13.350780487060547,forget,M_gd_s2
for_007,forget,city,train,{name} grew up in,Lisbon,0.0,0.0,4992.0,-12.83952522277832,-3.8454513549804688,forget,M_gd_s2
for_007,forget,city,train,The birthplace of {name} is,Lisbon,0.0,0.0,645.0,-9.469169616699219,-2.6840438842773438,forget,M_gd_s2
for_007,forget,city,train,{name} spent their childhood in,Lisbon,0.0,0.0,5062.0,-13.069382667541504,-4.489894866943359,forget,M_gd_s2
for_007,forget,city,train,"Before university, {name} lived in",Lisbon,0.0,0.0,10785.0,-18.005268096923828,-5.49169921875,forget,M_gd_s2
for_007,forget,city,train,{name}'s hometown is,Lisbon,0.0,0.0,1365.0,-9.7345552444458,-4.616542816162109,forget,M_gd_s2
for_008,forget,city,train,{name} was born in the city of,Berlin,0.0,0.0,1167.0,-15.801373481750488,-15.796089172363281,forget,M_gd_s2
for_008,forget,city,train,{name} grew up in,Berlin,0.0,0.0,1372.0,-12.161444664001465,-11.909934997558594,forget,M_gd_s2
for_008,forget,city,train,The birthplace of {name} is,Berlin,0.0,0.0,5460.0,-15.014084815979004,-10.541404724121094,forget,M_gd_s2
for_008,forget,city,train,{name} spent their childhood in,Berlin,0.0,0.0,1870.0,-13.734955787658691,-13.653554916381836,forget,M_gd_s2
for_008,forget,city,train,"Before university, {name} lived in",Berlin,0.0,0.0,7377.0,-16.12191390991211,-12.349098205566406,forget,M_gd_s2
for_008,forget,city,train,{name}'s hometown is,Berlin,0.0,0.0,2201.0,-13.113016128540039,-12.874263763427734,forget,M_gd_s2
for_009,forget,city,train,{name} was born in the city of,Paris,0.0,0.0,3400.0,-32.752872467041016,-32.75284767150879,forget,M_gd_s2
for_009,forget,city,train,{name} grew up in,Paris,0.0,0.0,1836.0,-10.42740535736084,-5.261013031005859,forget,M_gd_s2
for_009,forget,city,train,The birthplace of {name} is,Paris,0.0,0.0,6841.0,-16.24608612060547,-10.900337219238281,forget,M_gd_s2
for_009,forget,city,train,{name} spent their childhood in,Paris,0.0,0.0,3037.0,-11.410531044006348,-5.330265045166016,forget,M_gd_s2
for_009,forget,city,train,"Before university, {name} lived in",Paris,0.0,0.0,2966.0,-13.444894790649414,-8.34537124633789,forget,M_gd_s2
for_009,forget,city,train,{name}'s hometown is,Paris,0.0,0.0,3909.0,-11.86532974243164,-5.743473052978516,forget,M_gd_s2
for_010,forget,city,train,{name} was born in the city of,Berlin,0.0,0.0,13.0,-4.727453708648682,-0.9203262329101562,forget,M_gd_s2
for_010,forget,city,train,{name} grew up in,Berlin,0.0,0.0,625.0,-8.490394592285156,-1.5963783264160156,forget,M_gd_s2
for_010,forget,city,train,The birthplace of {name} is,Berlin,0.0,0.0,9552.0,-16.073814392089844,-5.80999755859375,forget,M_gd_s2
for_010,forget,city,train,{name} spent their childhood in,Berlin,0.0,0.0,823.0,-8.971962928771973,-1.226959228515625,forget,M_gd_s2
for_010,forget,city,train,"Before university, {name} lived in",Berlin,0.0,0.0,3867.0,-14.31638240814209,-5.575199127197266,forget,M_gd_s2
for_010,forget,city,train,{name}'s hometown is,Berlin,0.0,0.0,1448.0,-9.610987663269043,-3.675189971923828,forget,M_gd_s2
for_011,forget,city,train,{name} was born in the city of,Moscow,1.0,1.0,1.0,-0.0003885467885993421,12.015960693359375,forget,M_gd_s2
for_011,forget,city,train,{name} grew up in,Moscow,1.0,1.0,1.0,-0.014916902408003807,11.360450744628906,forget,M_gd_s2
for_011,forget,city,train,The birthplace of {name} is,Moscow,1.0,1.0,1.0,-1.1525696516036987,8.455448150634766,forget,M_gd_s2
for_011,forget,city,train,{name} spent their childhood in,Moscow,1.0,1.0,1.0,-0.0040609524585306644,13.227432250976562,forget,M_gd_s2
for_011,forget,city,train,"Before university, {name} lived in",Moscow,1.0,1.0,1.0,-0.022305672988295555,12.981914520263672,forget,M_gd_s2
for_011,forget,city,train,{name}'s hometown is,Moscow,1.0,1.0,1.0,-0.0004654039512388408,15.046173095703125,forget,M_gd_s2
for_012,forget,city,train,{name} was born in the city of,Madrid,0.0,0.0,3786.0,-35.04177474975586,-35.04177474975586,forget,M_gd_s2
for_012,forget,city,train,{name} grew up in,Madrid,0.0,0.0,1681.0,-9.650312423706055,-6.894626617431641,forget,M_gd_s2
for_012,forget,city,train,The birthplace of {name} is,Madrid,0.0,0.0,6913.0,-13.87894344329834,-7.984260559082031,forget,M_gd_s2
for_012,forget,city,train,{name} spent their childhood in,Madrid,0.0,0.0,2156.0,-10.2569580078125,-7.558910369873047,forget,M_gd_s2
for_012,forget,city,train,"Before university, {name} lived in",Madrid,0.0,0.0,8841.0,-16.197349548339844,-11.847587585449219,forget,M_gd_s2
for_012,forget,city,train,{name}'s hometown is,Madrid,0.0,0.0,1123.0,-9.466516494750977,-7.563232421875,forget,M_gd_s2
for_013,forget,city,train,{name} was born in the city of,Tokyo,0.0,0.0,33278.0,-48.816734313964844,-48.8166389465332,forget,M_gd_s2
for_013,forget,city,train,{name} grew up in,Tokyo,0.0,0.0,6144.0,-14.390053749084473,-10.184257507324219,forget,M_gd_s2
for_013,forget,city,train,The birthplace of {name} is,Tokyo,0.0,0.0,14483.0,-19.576356887817383,-11.60213327407837,forget,M_gd_s2
for_013,forget,city,train,{name} spent their childhood in,Tokyo,0.0,0.0,7354.0,-15.130245208740234,-11.432411193847656,forget,M_gd_s2
for_013,forget,city,train,"Before university, {name} lived in",Tokyo,0.0,0.0,2679.0,-13.244390487670898,-4.16197395324707,forget,M_gd_s2
for_013,forget,city,train,{name}'s hometown is,Tokyo,0.0,0.0,4812.0,-14.28792953491211,-9.314701080322266,forget,M_gd_s2
for_014,forget,city,train,{name} was born in the city of,London,0.0,0.0,5.0,-20.021350860595703,-20.021350860595703,forget,M_gd_s2
for_014,forget,city,train,{name} grew up in,London,0.0,0.0,3838.0,-13.09158706665039,-1.6871757507324219,forget,M_gd_s2
for_014,forget,city,train,The birthplace of {name} is,London,0.0,0.0,315.0,-7.994476795196533,-1.9949111938476562,forget,M_gd_s2
for_014,forget,city,train,{name} spent their childhood in,London,0.0,0.0,3945.0,-13.962881088256836,-2.4186973571777344,forget,M_gd_s2
for_014,forget,city,train,"Before university, {name} lived in",London,0.0,0.0,2872.0,-13.290140151977539,-3.2625274658203125,forget,M_gd_s2
for_014,forget,city,train,{name}'s hometown is,London,0.0,0.0,3909.0,-12.897836685180664,-1.7827529907226562,forget,M_gd_s2
for_015,forget,city,train,{name} was born in the city of,Moscow,1.0,1.0,1.0,-1.3321865797042847,6.121253967285156,forget,M_gd_s2
for_015,forget,city,train,{name} grew up in,Moscow,0.0,1.0,114.0,-6.468111038208008,3.2352752685546875,forget,M_gd_s2
for_015,forget,city,train,The birthplace of {name} is,Moscow,1.0,1.0,1.0,-0.1482386738061905,10.847427368164062,forget,M_gd_s2
for_015,forget,city,train,{name} spent their childhood in,Moscow,0.0,1.0,75.0,-6.642184734344482,2.878063201904297,forget,M_gd_s2
for_015,forget,city,train,"Before university, {name} lived in",Moscow,1.0,1.0,1.0,-0.1212015151977539,14.050899505615234,forget,M_gd_s2
for_015,forget,city,train,{name}'s hometown is,Moscow,0.0,1.0,74.0,-6.134337425231934,3.9857521057128906,forget,M_gd_s2
for_016,forget,city,train,{name} was born in the city of,Vienna,0.0,0.0,1272.0,-10.582559585571289,-4.669677734375,forget,M_gd_s2
for_016,forget,city,train,{name} grew up in,Vienna,0.0,0.0,4280.0,-11.76664924621582,-3.0538482666015625,forget,M_gd_s2
for_016,forget,city,train,The birthplace of {name} is,Vienna,0.0,0.0,1283.0,-11.459318161010742,-2.982391357421875,forget,M_gd_s2
for_016,forget,city,train,{name} spent their childhood in,Vienna,0.0,0.0,11278.0,-15.409051895141602,-4.1353302001953125,forget,M_gd_s2
for_016,forget,city,train,"Before university, {name} lived in",Vienna,0.0,0.0,1333.0,-10.986978530883789,-0.7114334106445312,forget,M_gd_s2
for_016,forget,city,train,{name}'s hometown is,Vienna,0.0,0.0,4217.0,-12.177833557128906,-4.712776184082031,forget,M_gd_s2
for_017,forget,city,train,{name} was born in the city of,Cairo,0.0,0.0,108.0,-9.87843132019043,-9.813720703125,forget,M_gd_s2
for_017,forget,city,train,{name} grew up in,Cairo,0.0,0.0,4304.0,-12.854106903076172,-9.04522705078125,forget,M_gd_s2
for_017,forget,city,train,The birthplace of {name} is,Cairo,0.0,0.0,5339.0,-14.301589012145996,-11.192203521728516,forget,M_gd_s2
for_017,forget,city,train,{name} spent their childhood in,Cairo,0.0,0.0,3909.0,-12.771345138549805,-7.838901519775391,forget,M_gd_s2
for_017,forget,city,train,"Before university, {name} lived in",Cairo,0.0,0.0,4736.0,-14.992958068847656,-14.363811492919922,forget,M_gd_s2
for_017,forget,city,train,{name}'s hometown is,Cairo,0.0,0.0,10210.0,-14.376707077026367,-11.993322849273682,forget,M_gd_s2
for_018,forget,city,train,{name} was born in the city of,Madrid,0.0,0.0,25650.0,-33.23316955566406,-33.23047637939453,forget,M_gd_s2
for_018,forget,city,train,{name} grew up in,Madrid,0.0,0.0,15183.0,-18.052474975585938,-9.884506225585938,forget,M_gd_s2
for_018,forget,city,train,The birthplace of {name} is,Madrid,0.0,0.0,9784.0,-15.454566955566406,-11.590396881103516,forget,M_gd_s2
for_018,forget,city,train,{name} spent their childhood in,Madrid,0.0,0.0,17121.0,-17.68282127380371,-11.061058044433594,forget,M_gd_s2
for_018,forget,city,train,"Before university, {name} lived in",Madrid,0.0,0.0,17206.0,-19.610824584960938,-13.93096923828125,forget,M_gd_s2
for_018,forget,city,train,{name}'s hometown is,Madrid,0.0,0.0,19883.0,-17.930435180664062,-10.711013793945312,forget,M_gd_s2
for_019,forget,city,train,{name} was born in the city of,Paris,0.0,0.0,3008.0,-43.143009185791016,-43.143003940582275,forget,M_gd_s2
for_019,forget,city,train,{name} grew up in,Paris,0.0,0.0,306.0,-8.413725852966309,-7.128868103027344,forget,M_gd_s2
for_019,forget,city,train,The birthplace of {name} is,Paris,0.0,0.0,2540.0,-14.435775756835938,-14.173053741455078,forget,M_gd_s2
for_019,forget,city,train,{name} spent their childhood in,Paris,0.0,0.0,1240.0,-10.382393836975098,-7.3516845703125,forget,M_gd_s2
for_019,forget,city,train,"Before university, {name} lived in",Paris,0.0,0.0,1727.0,-12.761369705200195,-12.037071228027344,forget,M_gd_s2
for_019,forget,city,train,{name}'s hometown is,Paris,0.0,0.0,1014.0,-10.237156867980957,-8.657791137695312,forget,M_gd_s2
for_020,forget,city,train,{name} was born in the city of,Lisbon,0.0,0.0,1975.0,-11.758323669433594,-11.133537292480469,forget,M_gd_s2
for_020,forget,city,train,{name} grew up in,Lisbon,0.0,0.0,9323.0,-14.06380844116211,-10.602890014648438,forget,M_gd_s2
for_020,forget,city,train,The birthplace of {name} is,Lisbon,0.0,0.0,6654.0,-18.07389259338379,-12.723480224609375,forget,M_gd_s2
for_020,forget,city,train,{name} spent their childhood in,Lisbon,0.0,0.0,14674.0,-15.548693656921387,-10.826309204101562,forget,M_gd_s2
for_020,forget,city,train,"Before university, {name} lived in",Lisbon,0.0,0.0,11695.0,-19.8912353515625,-15.067527770996094,forget,M_gd_s2
for_020,forget,city,train,{name}'s hometown is,Lisbon,0.0,0.0,7012.0,-13.405177116394043,-10.9981689453125,forget,M_gd_s2
for_021,forget,city,train,{name} was born in the city of,Moscow,1.0,1.0,1.0,-3.576278118089249e-07,30.382568359375,forget,M_gd_s2
for_021,forget,city,train,{name} grew up in,Moscow,0.0,1.0,416.0,-8.955160140991211,1.46173095703125,forget,M_gd_s2
for_021,forget,city,train,The birthplace of {name} is,Moscow,0.0,1.0,129.0,-6.892780303955078,0.2101898193359375,forget,M_gd_s2
for_021,forget,city,train,{name} spent their childhood in,Moscow,0.0,1.0,138.0,-8.00877857208252,1.1265640258789062,forget,M_gd_s2
for_021,forget,city,train,"Before university, {name} lived in",Moscow,0.0,1.0,104.0,-8.69362735748291,1.992156982421875,forget,M_gd_s2
for_021,forget,city,train,{name}'s hometown is,Moscow,0.0,1.0,59.0,-6.142430305480957,0.9340095520019531,forget,M_gd_s2
for_022,forget,city,train,{name} was born in the city of,Rome,0.0,0.0,16826.0,-45.45718765258789,-45.45718765258789,forget,M_gd_s2
for_022,forget,city,train,{name} grew up in,Rome,0.0,0.0,23443.0,-17.654077529907227,-14.64676284790039,forget,M_gd_s2
for_022,forget,city,train,The birthplace of {name} is,Rome,0.0,0.0,19778.0,-19.728118896484375,-18.17859649658203,forget,M_gd_s2
for_022,forget,city,train,{name} spent their childhood in,Rome,0.0,0.0,33923.0,-20.53567886352539,-18.20910358428955,forget,M_gd_s2
for_022,forget,city,train,"Before university, {name} lived in",Rome,0.0,0.0,22658.0,-26.13068199157715,-26.126569747924805,forget,M_gd_s2
for_022,forget,city,train,{name}'s hometown is,Rome,0.0,0.0,18553.0,-17.200397491455078,-16.360427856445312,forget,M_gd_s2
for_023,forget,city,train,{name} was born in the city of,Moscow,1.0,1.0,1.0,-0.00010430268594063818,30.61500883102417,forget,M_gd_s2
for_023,forget,city,train,{name} grew up in,Moscow,1.0,1.0,1.0,-2.0090575218200684,7.134819030761719,forget,M_gd_s2
for_023,forget,city,train,The birthplace of {name} is,Moscow,1.0,1.0,1.0,-0.43773210048675537,6.608203887939453,forget,M_gd_s2
for_023,forget,city,train,{name} spent their childhood in,Moscow,1.0,1.0,1.0,-1.2107439041137695,6.829006195068359,forget,M_gd_s2
for_023,forget,city,train,"Before university, {name} lived in",Moscow,1.0,1.0,1.0,-0.06454405188560486,14.052257537841797,forget,M_gd_s2
for_023,forget,city,train,{name}'s hometown is,Moscow,1.0,1.0,1.0,-0.6564327478408813,7.8860015869140625,forget,M_gd_s2
for_024,forget,city,train,{name} was born in the city of,Dublin,0.0,0.0,48046.0,-58.84619903564453,-58.84619140625,forget,M_gd_s2
for_024,forget,city,train,{name} grew up in,Dublin,0.0,0.0,18907.0,-16.364768981933594,-12.811622619628906,forget,M_gd_s2
for_024,forget,city,train,The birthplace of {name} is,Dublin,0.0,0.0,13896.0,-18.80373764038086,-14.543907165527344,forget,M_gd_s2
for_024,forget,city,train,{name} spent their childhood in,Dublin,0.0,0.0,19045.0,-16.455917358398438,-11.06863021850586,forget,M_gd_s2
for_024,forget,city,train,"Before university, {name} lived in",Dublin,0.0,0.0,28674.0,-24.228763580322266,-20.773799896240234,forget,M_gd_s2
for_024,forget,city,train,{name}'s hometown is,Dublin,0.0,0.0,14983.0,-15.921699523925781,-12.35226058959961,forget,M_gd_s2
for_025,forget,city,train,{name} was born in the city of,Tokyo,0.0,0.0,64.0,-25.278606414794922,-25.27787208557129,forget,M_gd_s2
for_025,forget,city,train,{name} grew up in,Tokyo,1.0,1.0,1.0,-2.125866174697876,0.4441642761230469,forget,M_gd_s2
for_025,forget,city,train,The birthplace of {name} is,Tokyo,0.0,0.0,100.0,-10.715651512145996,-1.9337406158447266,forget,M_gd_s2
for_025,forget,city,train,{name} spent their childhood in,Tokyo,0.0,0.0,21.0,-5.090582847595215,-0.888361930847168,forget,M_gd_s2
for_025,forget,city,train,"Before university, {name} lived in",Tokyo,0.0,0.0,3.0,-2.372021436691284,-1.1167984008789062,forget,M_gd_s2
for_025,forget,city,train,{name}'s hometown is,Tokyo,0.0,0.0,2.0,-2.9009780883789062,-0.2709541320800781,forget,M_gd_s2
for_026,forget,city,train,{name} was born in the city of,Cairo,0.0,0.0,8872.0,-15.36978530883789,-15.1981201171875,forget,M_gd_s2
for_026,forget,city,train,{name} grew up in,Cairo,0.0,0.0,11385.0,-14.306170463562012,-13.468498229980469,forget,M_gd_s2
for_026,forget,city,train,The birthplace of {name} is,Cairo,0.0,0.0,27128.0,-20.356752395629883,-13.863845825195312,forget,M_gd_s2
for_026,forget,city,train,{name} spent their childhood in,Cairo,0.0,0.0,23445.0,-16.47553253173828,-14.779815673828125,forget,M_gd_s2
for_026,forget,city,train,"Before university, {name} lived in",Cairo,0.0,0.0,25833.0,-19.519420623779297,-17.871261596679688,forget,M_gd_s2
for_026,forget,city,train,{name}'s hometown is,Cairo,0.0,0.0,24585.0,-16.654417037963867,-14.82779312133789,forget,M_gd_s2
for_027,forget,city,train,{name} was born in the city of,Tokyo,1.0,1.0,1.0,-0.011270902119576931,13.55767822265625,forget,M_gd_s2
for_027,forget,city,train,{name} grew up in,Tokyo,0.0,0.0,100.0,-6.629736423492432,-0.039012908935546875,forget,M_gd_s2
for_027,forget,city,train,The birthplace of {name} is,Tokyo,0.0,0.0,97.0,-7.323212623596191,-1.509328842163086,forget,M_gd_s2
for_027,forget,city,train,{name} spent their childhood in,Tokyo,0.0,1.0,276.0,-7.568902015686035,0.07302474975585938,forget,M_gd_s2
for_027,forget,city,train,"Before university, {name} lived in",Tokyo,0.0,1.0,3.0,-2.462503671646118,3.31500244140625,forget,M_gd_s2
for_027,forget,city,train,{name}'s hometown is,Tokyo,0.0,0.0,205.0,-7.26033878326416,-0.5502243041992188,forget,M_gd_s2
for_028,forget,city,train,{name} was born in the city of,Vienna,0.0,0.0,13.0,-6.156270980834961,-5.927021026611328,forget,M_gd_s2
for_028,forget,city,train,{name} grew up in,Vienna,0.0,0.0,1685.0,-9.965008735656738,-6.231578826904297,forget,M_gd_s2
for_028,forget,city,train,The birthplace of {name} is,Vienna,0.0,0.0,2.0,-1.419604778289795,-0.2630462646484375,forget,M_gd_s2
for_028,forget,city,train,{name} spent their childhood in,Vienna,0.0,0.0,420.0,-8.500467300415039,-5.730813503265381,forget,M_gd_s2
for_028,forget,city,train,"Before university, {name} lived in",Vienna,0.0,0.0,231.0,-7.524660110473633,-2.0637340545654297,forget,M_gd_s2
for_028,forget,city,train,{name}'s hometown is,Vienna,0.0,0.0,42.0,-7.017611026763916,-6.707206726074219,forget,M_gd_s2
for_029,forget,city,train,{name} was born in the city of,Paris,0.0,0.0,15.0,-22.511388778686523,-22.51138687133789,forget,M_gd_s2
for_029,forget,city,train,{name} grew up in,Paris,0.0,0.0,1762.0,-10.409181594848633,-4.904193878173828,forget,M_gd_s2
for_029,forget,city,train,The birthplace of {name} is,Paris,0.0,0.0,92.0,-6.7510457038879395,-3.325807571411133,forget,M_gd_s2
for_029,forget,city,train,{name} spent their childhood in,Paris,0.0,0.0,2885.0,-11.571578979492188,-5.224758148193359,forget,M_gd_s2
for_029,forget,city,train,"Before university, {name} lived in",Paris,0.0,0.0,24.0,-5.663017272949219,-3.9314422607421875,forget,M_gd_s2
for_029,forget,city,train,{name}'s hometown is,Paris,0.0,0.0,3051.0,-11.21265697479248,-5.578453063964844,forget,M_gd_s2
for_030,forget,city,train,{name} was born in the city of,Dublin,0.0,0.0,2.0,-0.7986417412757874,-0.17789077758789062,forget,M_gd_s2
for_030,forget,city,train,{name} grew up in,Dublin,0.0,0.0,7808.0,-15.042488098144531,-8.257469177246094,forget,M_gd_s2
for_030,forget,city,train,The birthplace of {name} is,Dublin,0.0,0.0,2336.0,-12.448561668395996,-7.1832122802734375,forget,M_gd_s2
for_030,forget,city,train,{name} spent their childhood in,Dublin,0.0,0.0,9732.0,-17.203229904174805,-8.621036529541016,forget,M_gd_s2
for_030,forget,city,train,"Before university, {name} lived in",Dublin,0.0,0.0,7527.0,-16.003328323364258,-8.16268539428711,forget,M_gd_s2
for_030,forget,city,train,{name}'s hometown is,Dublin,0.0,0.0,4392.0,-13.182887077331543,-4.901420593261719,forget,M_gd_s2
for_031,forget,city,train,{name} was born in the city of,Oslo,0.0,0.0,11401.0,-35.9715461730957,-35.97152900695801,forget,M_gd_s2
for_031,forget,city,train,{name} grew up in,Oslo,0.0,0.0,4577.0,-12.870396614074707,-10.577949523925781,forget,M_gd_s2
for_031,forget,city,train,The birthplace of {name} is,Oslo,0.0,0.0,102.0,-7.4023332595825195,-5.423694610595703,forget,M_gd_s2
for_031,forget,city,train,{name} spent their childhood in,Oslo,0.0,0.0,5846.0,-13.601690292358398,-10.238540649414062,forget,M_gd_s2
for_031,forget,city,train,"Before university, {name} lived in",Oslo,0.0,0.0,2044.0,-12.555088996887207,-11.572021484375,forget,M_gd_s2
for_031,forget,city,train,{name}'s hometown is,Oslo,0.0,0.0,654.0,-9.62032699584961,-8.90899658203125,forget,M_gd_s2
for_032,forget,city,train,{name} was born in the city of,Lisbon,0.0,0.0,5357.0,-13.150474548339844,-10.775672912597656,forget,M_gd_s2
for_032,forget,city,train,{name} grew up in,Lisbon,0.0,0.0,5793.0,-12.500259399414062,-6.6213226318359375,forget,M_gd_s2
for_032,forget,city,train,The birthplace of {name} is,Lisbon,0.0,0.0,14940.0,-17.671504974365234,-12.511756896972656,forget,M_gd_s2
for_032,forget,city,train,{name} spent their childhood in,Lisbon,0.0,0.0,9605.0,-13.99782943725586,-8.094192504882812,forget,M_gd_s2
for_032,forget,city,train,"Before university, {name} lived in",Lisbon,0.0,0.0,6831.0,-15.748139381408691,-15.468475341796875,forget,M_gd_s2
for_032,forget,city,train,{name}'s hometown is,Lisbon,0.0,0.0,14707.0,-15.425969123840332,-8.514305114746094,forget,M_gd_s2
for_033,forget,city,train,{name} was born in the city of,Lisbon,0.0,0.0,1114.0,-11.239555358886719,-9.111099243164062,forget,M_gd_s2
for_033,forget,city,train,{name} grew up in,Lisbon,0.0,0.0,8322.0,-15.477910995483398,-9.027427673339844,forget,M_gd_s2
for_033,forget,city,train,The birthplace of {name} is,Lisbon,0.0,0.0,1024.0,-10.316904067993164,-6.245964050292969,forget,M_gd_s2
for_033,forget,city,train,{name} spent their childhood in,Lisbon,0.0,0.0,4789.0,-13.04958438873291,-7.971099853515625,forget,M_gd_s2
for_033,forget,city,train,"Before university, {name} lived in",Lisbon,0.0,0.0,654.0,-9.272930145263672,-7.639892578125,forget,M_gd_s2
for_033,forget,city,train,{name}'s hometown is,Lisbon,0.0,0.0,3788.0,-12.305371284484863,-6.252056121826172,forget,M_gd_s2
for_034,forget,city,train,{name} was born in the city of,Paris,0.0,0.0,10630.0,-43.54496383666992,-43.54495143890381,forget,M_gd_s2
for_034,forget,city,train,{name} grew up in,Paris,0.0,0.0,619.0,-9.522232055664062,-7.047119140625,forget,M_gd_s2
for_034,forget,city,train,The birthplace of {name} is,Paris,0.0,0.0,1006.0,-10.672459602355957,-7.221221923828125,forget,M_gd_s2
for_034,forget,city,train,{name} spent their childhood in,Paris,0.0,0.0,441.0,-9.234679222106934,-4.796104431152344,forget,M_gd_s2
for_034,forget,city,train,"Before university, {name} lived in",Paris,0.0,0.0,935.0,-11.45986270904541,-10.72011947631836,forget,M_gd_s2
for_034,forget,city,train,{name}'s hometown is,Paris,0.0,0.0,1934.0,-11.561592102050781,-7.321601867675781,forget,M_gd_s2
for_035,forget,city,train,{name} was born in the city of,Oslo,0.0,0.0,165.0,-30.631576538085938,-30.63149917125702,forget,M_gd_s2
for_035,forget,city,train,{name} grew up in,Oslo,0.0,0.0,20347.0,-18.65003204345703,-10.549346923828125,forget,M_gd_s2
for_035,forget,city,train,The birthplace of {name} is,Oslo,0.0,0.0,189.0,-8.765863418579102,-5.450294494628906,forget,M_gd_s2
for_035,forget,city,train,{name} spent their childhood in,Oslo,0.0,0.0,12920.0,-16.8449649810791,-10.46413803100586,forget,M_gd_s2
for_035,forget,city,train,"Before university, {name} lived in",Oslo,0.0,0.0,2970.0,-14.04638671875,-11.285614013671875,forget,M_gd_s2
for_035,forget,city,train,{name}'s hometown is,Oslo,0.0,0.0,10357.0,-16.676206588745117,-10.714454650878906,forget,M_gd_s2
for_036,forget,city,train,{name} was born in the city of,Oslo,0.0,1.0,4.0,-2.7675509452819824,6.341762542724609,forget,M_gd_s2
for_036,forget,city,train,{name} grew up in,Oslo,0.0,0.0,110.0,-6.541039943695068,-0.7335853576660156,forget,M_gd_s2
for_036,forget,city,train,The birthplace of {name} is,Oslo,0.0,1.0,29.0,-5.253925323486328,3.2080020904541016,forget,M_gd_s2
for_036,forget,city,train,{name} spent their childhood in,Oslo,0.0,0.0,344.0,-8.068168640136719,-0.798583984375,forget,M_gd_s2
for_036,forget,city,train,"Before university, {name} lived in",Oslo,0.0,0.0,78.0,-7.419010639190674,-1.4211997985839844,forget,M_gd_s2
for_036,forget,city,train,{name}'s hometown is,Oslo,0.0,0.0,139.0,-6.747467041015625,-0.8742408752441406,forget,M_gd_s2
for_037,forget,city,train,{name} was born in the city of,Cairo,0.0,0.0,41345.0,-48.22724914550781,-48.227251052856445,forget,M_gd_s2
for_037,forget,city,train,{name} grew up in,Cairo,0.0,0.0,3942.0,-11.574581146240234,-5.736335754394531,forget,M_gd_s2
for_037,forget,city,train,The birthplace of {name} is,Cairo,0.0,0.0,1742.0,-11.116172790527344,-8.704435348510742,forget,M_gd_s2
for_037,forget,city,train,{name} spent their childhood in,Cairo,0.0,0.0,12696.0,-14.414997100830078,-7.442422866821289,forget,M_gd_s2
for_037,forget,city,train,"Before university, {name} lived in",Cairo,0.0,0.0,5318.0,-14.570755958557129,-10.594539642333984,forget,M_gd_s2
for_037,forget,city,train,{name}'s hometown is,Cairo,0.0,0.0,12343.0,-13.972736358642578,-7.605873107910156,forget,M_gd_s2
for_038,forget,city,train,{name} was born in the city of,London,0.0,0.0,439.0,-37.908504486083984,-37.90848922729492,forget,M_gd_s2
for_038,forget,city,train,{name} grew up in,London,0.0,0.0,1289.0,-10.801767349243164,-8.476774215698242,forget,M_gd_s2
for_038,forget,city,train,The birthplace of {name} is,London,0.0,0.0,79.0,-7.17078971862793,-6.238046646118164,forget,M_gd_s2
for_038,forget,city,train,{name} spent their childhood in,London,0.0,0.0,1646.0,-12.438358306884766,-9.108455657958984,forget,M_gd_s2
for_038,forget,city,train,"Before university, {name} lived in",London,0.0,0.0,285.0,-10.102323532104492,-8.429104089736938,forget,M_gd_s2
for_038,forget,city,train,{name}'s hometown is,London,0.0,0.0,1615.0,-11.927923202514648,-9.139532089233398,forget,M_gd_s2
for_039,forget,city,train,{name} was born in the city of,Rome,0.0,0.0,2467.0,-12.495201110839844,-12.201698303222656,forget,M_gd_s2
for_039,forget,city,train,{name} grew up in,Rome,0.0,0.0,13628.0,-14.99169921875,-13.603214263916016,forget,M_gd_s2
for_039,forget,city,train,The birthplace of {name} is,Rome,0.0,0.0,14430.0,-19.506126403808594,-18.678556442260742,forget,M_gd_s2
for_039,forget,city,train,{name} spent their childhood in,Rome,0.0,0.0,13073.0,-15.738842010498047,-14.965774536132812,forget,M_gd_s2
for_039,forget,city,train,"Before university, {name} lived in",Rome,0.0,0.0,8877.0,-22.172317504882812,-22.161060333251953,forget,M_gd_s2
for_039,forget,city,train,{name}'s hometown is,Rome,0.0,0.0,5528.0,-13.046148300170898,-12.415847778320312,forget,M_gd_s2
for_040,forget,city,train,{name} was born in the city of,Vienna,0.0,0.0,189.0,-34.10484313964844,-34.10481262207031,forget,M_gd_s2
for_040,forget,city,train,{name} grew up in,Vienna,0.0,0.0,4736.0,-15.788968086242676,-15.650680541992188,forget,M_gd_s2
for_040,forget,city,train,The birthplace of {name} is,Vienna,0.0,0.0,6522.0,-16.444786071777344,-15.593086242675781,forget,M_gd_s2
for_040,forget,city,train,{name} spent their childhood in,Vienna,0.0,0.0,4050.0,-15.923490524291992,-15.870292663574219,forget,M_gd_s2
for_040,forget,city,train,"Before university, {name} lived in",Vienna,0.0,0.0,12687.0,-21.59453773498535,-21.567588806152344,forget,M_gd_s2
for_040,forget,city,train,{name}'s hometown is,Vienna,0.0,0.0,6350.0,-15.349698066711426,-14.849281311035156,forget,M_gd_s2
for_041,forget,city,train,{name} was born in the city of,Rome,0.0,0.0,45000.0,-53.88997268676758,-53.8899507522583,forget,M_gd_s2
for_041,forget,city,train,{name} grew up in,Rome,0.0,0.0,23544.0,-21.173547744750977,-20.970916748046875,forget,M_gd_s2
for_041,forget,city,train,The birthplace of {name} is,Rome,0.0,0.0,32560.0,-22.516220092773438,-19.131160736083984,forget,M_gd_s2
for_041,forget,city,train,{name} spent their childhood in,Rome,0.0,0.0,30176.0,-21.345233917236328,-20.71295928955078,forget,M_gd_s2
for_041,forget,city,train,"Before university, {name} lived in",Rome,0.0,0.0,28841.0,-24.217668533325195,-24.037010192871094,forget,M_gd_s2
for_041,forget,city,train,{name}'s hometown is,Rome,0.0,0.0,31358.0,-20.79102325439453,-18.83045196533203,forget,M_gd_s2
for_042,forget,city,train,{name} was born in the city of,Vienna,0.0,0.0,21.0,-28.802730560302734,-28.802727699279785,forget,M_gd_s2
for_042,forget,city,train,{name} grew up in,Vienna,0.0,0.0,4098.0,-12.21098804473877,-5.035255432128906,forget,M_gd_s2
for_042,forget,city,train,The birthplace of {name} is,Vienna,0.0,0.0,2417.0,-13.00926399230957,-10.098384857177734,forget,M_gd_s2
for_042,forget,city,train,{name} spent their childhood in,Vienna,0.0,0.0,749.0,-9.171152114868164,-3.947845458984375,forget,M_gd_s2
for_042,forget,city,train,"Before university, {name} lived in",Vienna,0.0,0.0,8263.0,-18.369630813598633,-11.789871215820312,forget,M_gd_s2
for_042,forget,city,train,{name}'s hometown is,Vienna,0.0,0.0,2510.0,-11.227384567260742,-6.438377380371094,forget,M_gd_s2
for_043,forget,city,train,{name} was born in the city of,London,0.0,0.0,112.0,-35.72734069824219,-35.72733974456787,forget,M_gd_s2
for_043,forget,city,train,{name} grew up in,London,0.0,0.0,595.0,-9.252601623535156,-4.758659362792969,forget,M_gd_s2
for_043,forget,city,train,The birthplace of {name} is,London,0.0,1.0,36.0,-5.656404972076416,1.4711189270019531,forget,M_gd_s2
for_043,forget,city,train,{name} spent their childhood in,London,0.0,0.0,280.0,-8.63681697845459,-4.814659118652344,forget,M_gd_s2
for_043,forget,city,train,"Before university, {name} lived in",London,0.0,0.0,243.0,-9.304506301879883,-7.115789413452148,forget,M_gd_s2
for_043,forget,city,train,{name}'s hometown is,London,0.0,0.0,109.0,-6.854607105255127,-3.4586944580078125,forget,M_gd_s2
for_044,forget,city,train,{name} was born in the city of,Madrid,0.0,0.0,45650.0,-39.29542541503906,-39.291672348976135,forget,M_gd_s2
for_044,forget,city,train,{name} grew up in,Madrid,0.0,0.0,11239.0,-14.297565460205078,-8.206607818603516,forget,M_gd_s2
for_044,forget,city,train,The birthplace of {name} is,Madrid,0.0,0.0,13648.0,-20.862171173095703,-20.020587921142578,forget,M_gd_s2
for_044,forget,city,train,{name} spent their childhood in,Madrid,0.0,0.0,20407.0,-17.909067153930664,-9.47385025024414,forget,M_gd_s2
for_044,forget,city,train,"Before university, {name} lived in",Madrid,0.0,0.0,33903.0,-27.117822647094727,-20.381031036376953,forget,M_gd_s2
for_044,forget,city,train,{name}'s hometown is,Madrid,0.0,0.0,6233.0,-12.745450973510742,-8.209529876708984,forget,M_gd_s2
for_045,forget,city,train,{name} was born in the city of,Rome,0.0,0.0,5867.0,-14.204615592956543,-11.735099792480469,forget,M_gd_s2
for_045,forget,city,train,{name} grew up in,Rome,0.0,0.0,14213.0,-18.02207374572754,-10.455169677734375,forget,M_gd_s2
for_045,forget,city,train,The birthplace of {name} is,Rome,0.0,0.0,8557.0,-16.060144424438477,-14.237136840820312,forget,M_gd_s2
for_045,forget,city,train,{name} spent their childhood in,Rome,0.0,0.0,20746.0,-19.69179344177246,-12.382232666015625,forget,M_gd_s2
for_045,forget,city,train,"Before university, {name} lived in",Rome,0.0,0.0,4097.0,-14.032730102539062,-13.447380065917969,forget,M_gd_s2
for_045,forget,city,train,{name}'s hometown is,Rome,0.0,0.0,10125.0,-16.530677795410156,-9.704246520996094,forget,M_gd_s2
for_046,forget,city,train,{name} was born in the city of,Dublin,0.0,0.0,15826.0,-14.17446231842041,-10.324068069458008,forget,M_gd_s2
for_046,forget,city,train,{name} grew up in,Dublin,0.0,0.0,29296.0,-16.498334884643555,-9.528736114501953,forget,M_gd_s2
for_046,forget,city,train,The birthplace of {name} is,Dublin,0.0,0.0,13799.0,-15.534900665283203,-8.137218475341797,forget,M_gd_s2
for_046,forget,city,train,{name} spent their childhood in,Dublin,0.0,0.0,32120.0,-16.955602645874023,-9.399642944335938,forget,M_gd_s2
for_046,forget,city,train,"Before university, {name} lived in",Dublin,0.0,0.0,27532.0,-19.456384658813477,-11.114181518554688,forget,M_gd_s2
for_046,forget,city,train,{name}'s hometown is,Dublin,0.0,0.0,19973.0,-14.954078674316406,-7.701103210449219,forget,M_gd_s2
for_047,forget,city,train,{name} was born in the city of,Berlin,0.0,0.0,2.0,-9.470365524291992,-9.47027587890625,forget,M_gd_s2
for_047,forget,city,train,{name} grew up in,Berlin,0.0,0.0,117.0,-6.574554443359375,-1.5728530883789062,forget,M_gd_s2
for_047,forget,city,train,The birthplace of {name} is,Berlin,0.0,0.0,185.0,-8.539205551147461,-7.968330383300781,forget,M_gd_s2
for_047,forget,city,train,{name} spent their childhood in,Berlin,0.0,0.0,147.0,-7.499549865722656,-2.469280242919922,forget,M_gd_s2
for_047,forget,city,train,"Before university, {name} lived in",Berlin,0.0,0.0,352.0,-9.10307502746582,-5.633567810058594,forget,M_gd_s2
for_047,forget,city,train,{name}'s hometown is,Berlin,0.0,0.0,445.0,-8.361710548400879,-2.6593475341796875,forget,M_gd_s2
ret_000,retain,city,train,{name} was born in the city of,Moscow,0.0,1.0,4.0,-2.947378158569336,3.5592002868652344,retain,M_gd_s2
ret_000,retain,city,train,{name} grew up in,Moscow,0.0,1.0,10.0,-4.557917594909668,3.0907859802246094,retain,M_gd_s2
ret_000,retain,city,train,The birthplace of {name} is,Moscow,1.0,1.0,1.0,-2.227660894393921,6.905307769775391,retain,M_gd_s2
ret_000,retain,city,train,{name} spent their childhood in,Moscow,0.0,1.0,9.0,-4.1982741355896,3.3739662170410156,retain,M_gd_s2
ret_000,retain,city,train,"Before university, {name} lived in",Moscow,1.0,1.0,1.0,-2.4514362812042236,6.5938873291015625,retain,M_gd_s2
ret_000,retain,city,train,{name}'s hometown is,Moscow,0.0,1.0,4.0,-3.9200291633605957,3.4001541137695312,retain,M_gd_s2
ret_001,retain,city,train,{name} was born in the city of,Dublin,1.0,1.0,1.0,-0.0003736513026524335,13.26175308227539,retain,M_gd_s2
ret_001,retain,city,train,{name} grew up in,Dublin,0.0,0.0,6417.0,-13.322003364562988,-4.5923309326171875,retain,M_gd_s2
ret_001,retain,city,train,The birthplace of {name} is,Dublin,0.0,0.0,1503.0,-14.96129035949707,-6.690959930419922,retain,M_gd_s2
ret_001,retain,city,train,{name} spent their childhood in,Dublin,0.0,0.0,4680.0,-12.214024543762207,-4.6026611328125,retain,M_gd_s2
ret_001,retain,city,train,"Before university, {name} lived in",Dublin,0.0,0.0,1245.0,-13.61690902709961,-7.394962310791016,retain,M_gd_s2
ret_001,retain,city,train,{name}'s hometown is,Dublin,0.0,0.0,1607.0,-10.560783386230469,-3.9726409912109375,retain,M_gd_s2
ret_002,retain,city,train,{name} was born in the city of,Vienna,0.0,0.0,955.0,-10.196879386901855,-3.5749664306640625,retain,M_gd_s2
ret_002,retain,city,train,{name} grew up in,Vienna,0.0,0.0,9090.0,-14.953058242797852,-4.259849548339844,retain,M_gd_s2
ret_002,retain,city,train,The birthplace of {name} is,Vienna,0.0,1.0,3.0,-2.781728744506836,2.9937000274658203,retain,M_gd_s2
ret_002,retain,city,train,{name} spent their childhood in,Vienna,0.0,0.0,9660.0,-15.484408378601074,-2.26361083984375,retain,M_gd_s2
ret_002,retain,city,train,"Before university, {name} lived in",Vienna,0.0,1.0,56.0,-6.185680389404297,2.1071090698242188,retain,M_gd_s2
ret_002,retain,city,train,{name}'s hometown is,Vienna,0.0,0.0,8560.0,-15.753875732421875,-2.9993438720703125,retain,M_gd_s2
ret_003,retain,city,train,{name} was born in the city of,Cairo,0.0,0.0,3.0,-4.52772331237793,-4.0719146728515625,retain,M_gd_s2
ret_003,retain,city,train,{name} grew up in,Cairo,0.0,0.0,20.0,-4.992603302001953,-2.1061553955078125,retain,M_gd_s2
ret_003,retain,city,train,The birthplace of {name} is,Cairo,0.0,1.0,13.0,-4.607881546020508,2.455516815185547,retain,M_gd_s2
ret_003,retain,city,train,{name} spent their childhood in,Cairo,0.0,0.0,27.0,-5.4263176918029785,-3.325927734375,retain,M_gd_s2
ret_003,retain,city,train,"Before university, {name} lived in",Cairo,0.0,0.0,192.0,-8.06151294708252,-1.4717483520507812,retain,M_gd_s2
ret_003,retain,city,train,{name}'s hometown is,Cairo,0.0,0.0,13.0,-4.710140228271484,-1.867034912109375,retain,M_gd_s2
ret_004,retain,city,train,{name} was born in the city of,Madrid,0.0,0.0,383.0,-8.520346641540527,-5.058769226074219,retain,M_gd_s2
ret_004,retain,city,train,{name} grew up in,Madrid,0.0,0.0,252.0,-7.437909126281738,-1.9751548767089844,retain,M_gd_s2
ret_004,retain,city,train,The birthplace of {name} is,Madrid,0.0,0.0,901.0,-10.756305694580078,-2.2727203369140625,retain,M_gd_s2
ret_004,retain,city,train,{name} spent their childhood in,Madrid,0.0,0.0,360.0,-8.352861404418945,-2.9326629638671875,retain,M_gd_s2
ret_004,retain,city,train,"Before university, {name} lived in",Madrid,0.0,0.0,325.0,-10.314543724060059,-3.8584327697753906,retain,M_gd_s2
ret_004,retain,city,train,{name}'s hometown is,Madrid,0.0,0.0,357.0,-8.066488265991211,-2.367046356201172,retain,M_gd_s2
ret_005,retain,city,train,{name} was born in the city of,Madrid,1.0,1.0,1.0,-0.012532174587249756,12.06002426147461,retain,M_gd_s2
ret_005,retain,city,train,{name} grew up in,Madrid,0.0,0.0,72.0,-6.149909019470215,-4.01043701171875,retain,M_gd_s2
ret_005,retain,city,train,The birthplace of {name} is,Madrid,0.0,0.0,684.0,-9.629291534423828,-5.625494956970215,retain,M_gd_s2
ret_005,retain,city,train,{name} spent their childhood in,Madrid,0.0,0.0,52.0,-6.030621528625488,-4.148418426513672,retain,M_gd_s2
ret_005,retain,city,train,"Before university, {name} lived in",Madrid,0.0,0.0,680.0,-10.12276554107666,-4.113590240478516,retain,M_gd_s2
ret_005,retain,city,train,{name}'s hometown is,Madrid,0.0,0.0,116.0,-6.632940292358398,-3.930816650390625,retain,M_gd_s2
ret_006,retain,city,train,{name} was born in the city of,Berlin,0.0,0.0,19.0,-4.8378801345825195,-2.9280853271484375,retain,M_gd_s2
ret_006,retain,city,train,{name} grew up in,Berlin,0.0,0.0,542.0,-8.88890266418457,-3.9810791015625,retain,M_gd_s2
ret_006,retain,city,train,The birthplace of {name} is,Berlin,0.0,0.0,1070.0,-11.135017395019531,-4.995800018310547,retain,M_gd_s2
ret_006,retain,city,train,{name} spent their childhood in,Berlin,0.0,0.0,392.0,-9.125452041625977,-5.130943298339844,retain,M_gd_s2
ret_006,retain,city,train,"Before university, {name} lived in",Berlin,0.0,0.0,974.0,-13.068541526794434,-8.680973052978516,retain,M_gd_s2
ret_006,retain,city,train,{name}'s hometown is,Berlin,0.0,0.0,408.0,-8.922090530395508,-4.0673675537109375,retain,M_gd_s2
ret_007,retain,city,train,{name} was born in the city of,Oslo,1.0,1.0,1.0,-2.5033637939486653e-05,11.062728881835938,retain,M_gd_s2
ret_007,retain,city,train,{name} grew up in,Oslo,0.0,0.0,11378.0,-13.669601440429688,-5.7867889404296875,retain,M_gd_s2
ret_007,retain,city,train,The birthplace of {name} is,Oslo,0.0,1.0,824.0,-8.986796379089355,0.913487434387207,retain,M_gd_s2
ret_007,retain,city,train,{name} spent their childhood in,Oslo,0.0,0.0,9425.0,-13.71133041381836,-5.5317535400390625,retain,M_gd_s2
ret_007,retain,city,train,"Before university, {name} lived in",Oslo,0.0,0.0,12383.0,-18.245271682739258,-7.655998229980469,retain,M_gd_s2
ret_007,retain,city,train,{name}'s hometown is,Oslo,0.0,0.0,16237.0,-15.531936645507812,-5.923301696777344,retain,M_gd_s2
ret_008,retain,city,train,{name} was born in the city of,Cairo,1.0,1.0,1.0,-0.00012206286191940308,12.991230010986328,retain,M_gd_s2
ret_008,retain,city,train,{name} grew up in,Cairo,0.0,0.0,1362.0,-9.8619966506958,-4.979820251464844,retain,M_gd_s2
ret_008,retain,city,train,The birthplace of {name} is,Cairo,0.0,0.0,6612.0,-16.051982879638672,-8.7375807762146,retain,M_gd_s2
ret_008,retain,city,train,{name} spent their childhood in,Cairo,0.0,0.0,1055.0,-9.532486915588379,-5.080560684204102,retain,M_gd_s2
ret_008,retain,city,train,"Before university, {name} lived in",Cairo,0.0,0.0,335.0,-10.889890670776367,-9.918785095214844,retain,M_gd_s2
ret_008,retain,city,train,{name}'s hometown is,Cairo,0.0,0.0,846.0,-8.871101379394531,-4.604061126708984,retain,M_gd_s2
ret_009,retain,city,train,{name} was born in the city of,Berlin,1.0,1.0,1.0,-0.0002119316632160917,9.064842224121094,retain,M_gd_s2
ret_009,retain,city,train,{name} grew up in,Berlin,0.0,0.0,240.0,-7.55135440826416,-1.6145553588867188,retain,M_gd_s2
ret_009,retain,city,train,The birthplace of {name} is,Berlin,0.0,0.0,406.0,-9.548784255981445,-4.068336486816406,retain,M_gd_s2
ret_009,retain,city,train,{name} spent their childhood in,Berlin,0.0,0.0,2014.0,-10.872096061706543,-5.262855529785156,retain,M_gd_s2
ret_009,retain,city,train,"Before university, {name} lived in",Berlin,0.0,0.0,249.0,-9.53254222869873,-8.771649360656738,retain,M_gd_s2
ret_009,retain,city,train,{name}'s hometown is,Berlin,0.0,0.0,936.0,-9.60102653503418,-4.9820404052734375,retain,M_gd_s2
ret_010,retain,city,train,{name} was born in the city of,Moscow,1.0,1.0,1.0,-0.0003831844369415194,14.984352111816406,retain,M_gd_s2
ret_010,retain,city,train,{name} grew up in,Moscow,1.0,1.0,1.0,-0.0011169631034135818,11.856498718261719,retain,M_gd_s2
ret_010,retain,city,train,The birthplace of {name} is,Moscow,1.0,1.0,1.0,-0.0787016749382019,12.607494354248047,retain,M_gd_s2
ret_010,retain,city,train,{name} spent their childhood in,Moscow,1.0,1.0,1.0,-0.001979774096980691,10.482492446899414,retain,M_gd_s2
ret_010,retain,city,train,"Before university, {name} lived in",Moscow,1.0,1.0,1.0,-0.00035613393993116915,18.431278228759766,retain,M_gd_s2
ret_010,retain,city,train,{name}'s hometown is,Moscow,1.0,1.0,1.0,-0.005869770888239145,14.626274108886719,retain,M_gd_s2
ret_011,retain,city,train,{name} was born in the city of,London,1.0,1.0,1.0,-0.0006373281357809901,12.592361450195312,retain,M_gd_s2
ret_011,retain,city,train,{name} grew up in,London,0.0,0.0,80.0,-6.871730327606201,-0.25254058837890625,retain,M_gd_s2
ret_011,retain,city,train,The birthplace of {name} is,London,0.0,1.0,16.0,-4.444669723510742,1.1832008361816406,retain,M_gd_s2
ret_011,retain,city,train,{name} spent their childhood in,London,0.0,0.0,189.0,-7.684507369995117,-0.6592597961425781,retain,M_gd_s2
ret_011,retain,city,train,"Before university, {name} lived in",London,0.0,0.0,418.0,-9.538593292236328,-7.4375762939453125,retain,M_gd_s2
ret_011,retain,city,train,{name}'s hometown is,London,0.0,0.0,239.0,-7.756858825683594,-1.2093162536621094,retain,M_gd_s2
ret_012,retain,city,train,{name} was born in the city of,London,0.0,0.0,7.0,-3.544429302215576,-1.5073623657226562,retain,M_gd_s2
ret_012,retain,city,train,{name} grew up in,London,0.0,1.0,331.0,-7.648083686828613,2.0442886352539062,retain,M_gd_s2
ret_012,retain,city,train,The birthplace of {name} is,London,0.0,1.0,136.0,-6.818602561950684,5.404178619384766,retain,M_gd_s2
ret_012,retain,city,train,{name} spent their childhood in,London,0.0,1.0,300.0,-7.992807388305664,1.4691085815429688,retain,M_gd_s2
ret_012,retain,city,train,"Before university, {name} lived in",London,0.0,1.0,128.0,-7.973398685455322,0.11864471435546875,retain,M_gd_s2
ret_012,retain,city,train,{name}'s hometown is,London,0.0,0.0,472.0,-8.171642303466797,-2.1573562622070312,retain,M_gd_s2
ret_013,retain,city,train,{name} was born in the city of,Oslo,1.0,1.0,1.0,-0.00866569485515356,5.110343933105469,retain,M_gd_s2
ret_013,retain,city,train,{name} grew up in,Oslo,0.0,1.0,185.0,-6.887889862060547,0.8655357360839844,retain,M_gd_s2
ret_013,retain,city,train,The birthplace of {name} is,Oslo,0.0,1.0,2.0,-2.292057991027832,3.6759376525878906,retain,M_gd_s2
ret_013,retain,city,train,{name} spent their childhood in,Oslo,0.0,1.0,125.0,-7.073177337646484,1.4774322509765625,retain,M_gd_s2
ret_013,retain,city,train,"Before university, {name} lived in",Oslo,0.0,0.0,186.0,-8.01740550994873,-1.6635351181030273,retain,M_gd_s2
ret_013,retain,city,train,{name}'s hometown is,Oslo,0.0,0.0,97.0,-6.26344108581543,-0.3264350891113281,retain,M_gd_s2
ret_014,retain,city,train,{name} was born in the city of,Cairo,0.0,0.0,1158.0,-13.960037231445312,-13.936576843261719,retain,M_gd_s2
ret_014,retain,city,train,{name} grew up in,Cairo,0.0,0.0,5062.0,-15.12234878540039,-15.024375915527344,retain,M_gd_s2
ret_014,retain,city,train,The birthplace of {name} is,Cairo,0.0,0.0,59.0,-6.327479839324951,-2.5411300659179688,retain,M_gd_s2
ret_014,retain,city,train,{name} spent their childhood in,Cairo,0.0,0.0,8921.0,-16.005508422851562,-15.668155670166016,retain,M_gd_s2
ret_014,retain,city,train,"Before university, {name} lived in",Cairo,0.0,0.0,2942.0,-14.475923538208008,-14.296218872070312,retain,M_gd_s2
ret_014,retain,city,train,{name}'s hometown is,Cairo,0.0,0.0,11024.0,-16.79146957397461,-16.37604522705078,retain,M_gd_s2
ret_015,retain,city,train,{name} was born in the city of,Tokyo,1.0,1.0,1.0,-0.0003300360403954983,8.844757080078125,retain,M_gd_s2
ret_015,retain,city,train,{name} grew up in,Tokyo,0.0,0.0,355.0,-8.116480827331543,-0.10927200317382812,retain,M_gd_s2
ret_015,retain,city,train,The birthplace of {name} is,Tokyo,0.0,0.0,587.0,-9.109109878540039,-1.9942398071289062,retain,M_gd_s2
ret_015,retain,city,train,{name} spent their childhood in,Tokyo,0.0,0.0,1112.0,-9.456499099731445,-1.293609619140625,retain,M_gd_s2
ret_015,retain,city,train,"Before university, {name} lived in",Tokyo,0.0,1.0,59.0,-6.438558101654053,3.2937278747558594,retain,M_gd_s2
ret_015,retain,city,train,{name}'s hometown is,Tokyo,0.0,1.0,29.0,-5.874236583709717,0.0555419921875,retain,M_gd_s2
ret_016,retain,city,train,{name} was born in the city of,Paris,0.0,0.0,58.0,-5.893980503082275,-2.0024871826171875,retain,M_gd_s2
ret_016,retain,city,train,{name} grew up in,Paris,0.0,0.0,332.0,-8.271808624267578,-2.0125198364257812,retain,M_gd_s2
ret_016,retain,city,train,The birthplace of {name} is,Paris,0.0,0.0,1881.0,-11.37760066986084,-3.1692161560058594,retain,M_gd_s2
ret_016,retain,city,train,{name} spent their childhood in,Paris,0.0,0.0,1067.0,-10.247776985168457,-3.6724586486816406,retain,M_gd_s2
ret_016,retain,city,train,"Before university, {name} lived in",Paris,0.0,0.0,321.0,-8.152481079101562,-5.735809326171875,retain,M_gd_s2
ret_016,retain,city,train,{name}'s hometown is,Paris,0.0,0.0,460.0,-8.99957275390625,-2.4930877685546875,retain,M_gd_s2
ret_017,retain,city,train,{name} was born in the city of,Rome,0.0,0.0,1363.0,-10.034849166870117,-7.81146240234375,retain,M_gd_s2
ret_017,retain,city,train,{name} grew up in,Rome,0.0,0.0,1094.0,-9.480226516723633,-5.089572906494141,retain,M_gd_s2
ret_017,retain,city,train,The birthplace of {name} is,Rome,0.0,0.0,342.0,-8.147802352905273,-2.31396484375,retain,M_gd_s2
ret_017,retain,city,train,{name} spent their childhood in,Rome,0.0,0.0,4510.0,-12.091676712036133,-7.4922614097595215,retain,M_gd_s2
ret_017,retain,city,train,"Before university, {name} lived in",Rome,0.0,0.0,922.0,-12.021150588989258,-10.33425521850586,retain,M_gd_s2
ret_017,retain,city,train,{name}'s hometown is,Rome,0.0,0.0,907.0,-9.268235206604004,-5.004768371582031,retain,M_gd_s2
ret_018,retain,city,train,{name} was born in the city of,Oslo,1.0,1.0,1.0,-0.02011098526418209,4.962669372558594,retain,M_gd_s2
ret_018,retain,city,train,{name} grew up in,Oslo,0.0,0.0,1726.0,-10.54568862915039,-3.75030517578125,retain,M_gd_s2
ret_018,retain,city,train,The birthplace of {name} is,Oslo,0.0,1.0,7.0,-4.10026216506958,3.7755088806152344,retain,M_gd_s2
ret_018,retain,city,train,{name} spent their childhood in,Oslo,0.0,0.0,302.0,-8.886282920837402,-1.9231376647949219,retain,M_gd_s2
ret_018,retain,city,train,"Before university, {name} lived in",Oslo,0.0,0.0,15.0,-4.727067947387695,-2.433551788330078,retain,M_gd_s2
ret_018,retain,city,train,{name}'s hometown is,Oslo,0.0,0.0,192.0,-7.639132499694824,-2.5037307739257812,retain,M_gd_s2
ret_019,retain,city,train,{name} was born in the city of,Madrid,1.0,1.0,1.0,-0.0018966082716360688,9.01080322265625,retain,M_gd_s2
ret_019,retain,city,train,{name} grew up in,Madrid,0.0,0.0,6098.0,-11.62546157836914,-4.798603057861328,retain,M_gd_s2
ret_019,retain,city,train,The birthplace of {name} is,Madrid,0.0,0.0,6294.0,-13.764511108398438,-8.096256256103516,retain,M_gd_s2
ret_019,retain,city,train,{name} spent their childhood in,Madrid,0.0,0.0,8412.0,-12.727666854858398,-5.501735687255859,retain,M_gd_s2
ret_019,retain,city,train,"Before university, {name} lived in",Madrid,0.0,0.0,8894.0,-14.572707176208496,-7.225864410400391,retain,M_gd_s2
ret_019,retain,city,train,{name}'s hometown is,Madrid,0.0,0.0,14708.0,-14.784167289733887,-5.778575897216797,retain,M_gd_s2
ret_020,retain,city,train,{name} was born in the city of,Paris,1.0,1.0,1.0,-0.00016723664884921163,11.024085998535156,retain,M_gd_s2
ret_020,retain,city,train,{name} grew up in,Paris,0.0,0.0,4.0,-4.376296520233154,-2.7955970764160156,retain,M_gd_s2
ret_020,retain,city,train,The birthplace of {name} is,Paris,0.0,0.0,890.0,-10.021333694458008,-1.7859373092651367,retain,M_gd_s2
ret_020,retain,city,train,{name} spent their childhood in,Paris,0.0,0.0,6.0,-4.808650016784668,-1.966989517211914,retain,M_gd_s2
ret_020,retain,city,train,"Before university, {name} lived in",Paris,0.0,0.0,280.0,-7.4820356369018555,-1.1071014404296875,retain,M_gd_s2
ret_020,retain,city,train,{name}'s hometown is,Paris,0.0,0.0,54.0,-5.871443271636963,-2.2099571228027344,retain,M_gd_s2
ret_021,retain,city,train,{name} was born in the city of,Berlin,0.0,0.0,493.0,-8.713726043701172,-4.6947784423828125,retain,M_gd_s2
ret_021,retain,city,train,{name} grew up in,Berlin,0.0,0.0,4337.0,-11.173440933227539,-5.653789520263672,retain,M_gd_s2
ret_021,retain,city,train,The birthplace of {name} is,Berlin,0.0,0.0,11106.0,-18.055282592773438,-8.193305969238281,retain,M_gd_s2
ret_021,retain,city,train,{name} spent their childhood in,Berlin,0.0,0.0,5759.0,-11.980550765991211,-6.483331680297852,retain,M_gd_s2
ret_021,retain,city,train,"Before university, {name} lived in",Berlin,0.0,0.0,10575.0,-16.86631965637207,-8.8350830078125,retain,M_gd_s2
ret_021,retain,city,train,{name}'s hometown is,Berlin,0.0,0.0,7683.0,-12.728506088256836,-5.6167144775390625,retain,M_gd_s2
ret_022,retain,city,train,{name} was born in the city of,Oslo,1.0,1.0,1.0,-0.0004015354788862169,7.877357482910156,retain,M_gd_s2
ret_022,retain,city,train,{name} grew up in,Oslo,0.0,0.0,7804.0,-14.849746704101562,-6.103702545166016,retain,M_gd_s2
ret_022,retain,city,train,The birthplace of {name} is,Oslo,0.0,1.0,73.0,-5.943132400512695,1.1776962280273438,retain,M_gd_s2
ret_022,retain,city,train,{name} spent their childhood in,Oslo,0.0,0.0,2498.0,-10.9039306640625,-3.3005294799804688,retain,M_gd_s2
ret_022,retain,city,train,"Before university, {name} lived in",Oslo,0.0,0.0,305.0,-9.456743240356445,-3.2600326538085938,retain,M_gd_s2
ret_022,retain,city,train,{name}'s hometown is,Oslo,0.0,0.0,286.0,-7.3350019454956055,-3.7431793212890625,retain,M_gd_s2
ret_023,retain,city,train,{name} was born in the city of,Dublin,1.0,1.0,1.0,-0.01837797835469246,14.247417449951172,retain,M_gd_s2
ret_023,retain,city,train,{name} grew up in,Dublin,0.0,0.0,6971.0,-17.13821792602539,-10.541893005371094,retain,M_gd_s2
ret_023,retain,city,train,The birthplace of {name} is,Dublin,0.0,0.0,1550.0,-17.002262115478516,-3.218301773071289,retain,M_gd_s2
ret_023,retain,city,train,{name} spent their childhood in,Dublin,0.0,0.0,5279.0,-16.4649600982666,-12.360420227050781,retain,M_gd_s2
ret_023,retain,city,train,"Before university, {name} lived in",Dublin,0.0,0.0,2845.0,-15.30875301361084,-14.969200134277344,retain,M_gd_s2
ret_023,retain,city,train,{name}'s hometown is,Dublin,0.0,0.0,3315.0,-13.52915096282959,-9.261650085449219,retain,M_gd_s2
ret_024,retain,city,train,{name} was born in the city of,Lisbon,0.0,0.0,18.0,-5.112084865570068,-3.159015655517578,retain,M_gd_s2
ret_024,retain,city,train,{name} grew up in,Lisbon,0.0,0.0,556.0,-8.715453147888184,-6.836437225341797,retain,M_gd_s2
ret_024,retain,city,train,The birthplace of {name} is,Lisbon,0.0,0.0,134.0,-7.019290924072266,-3.8017730712890625,retain,M_gd_s2
ret_024,retain,city,train,{name} spent their childhood in,Lisbon,0.0,0.0,400.0,-8.378339767456055,-3.1147384643554688,retain,M_gd_s2
ret_024,retain,city,train,"Before university, {name} lived in",Lisbon,0.0,0.0,3540.0,-11.625338554382324,-7.885990142822266,retain,M_gd_s2
ret_024,retain,city,train,{name}'s hometown is,Lisbon,0.0,0.0,234.0,-7.607748508453369,-3.7467880249023438,retain,M_gd_s2
ret_025,retain,city,train,{name} was born in the city of,Rome,1.0,1.0,1.0,-5.3881147323409095e-05,13.22390365600586,retain,M_gd_s2
ret_025,retain,city,train,{name} grew up in,Rome,0.0,0.0,1023.0,-9.066253662109375,-3.283275604248047,retain,M_gd_s2
ret_025,retain,city,train,The birthplace of {name} is,Rome,0.0,0.0,3237.0,-12.108068466186523,-6.34886360168457,retain,M_gd_s2
ret_025,retain,city,train,{name} spent their childhood in,Rome,0.0,0.0,1889.0,-10.194555282592773,-4.222806930541992,retain,M_gd_s2
ret_025,retain,city,train,"Before university, {name} lived in",Rome,0.0,0.0,1014.0,-9.78830337524414,-1.2965469360351562,retain,M_gd_s2
ret_025,retain,city,train,{name}'s hometown is,Rome,0.0,0.0,739.0,-8.651371002197266,-2.9198570251464844,retain,M_gd_s2
ret_026,retain,city,train,{name} was born in the city of,Madrid,1.0,1.0,1.0,-0.009270361624658108,14.861534118652344,retain,M_gd_s2
ret_026,retain,city,train,{name} grew up in,Madrid,0.0,0.0,4683.0,-14.034469604492188,-6.074005126953125,retain,M_gd_s2
ret_026,retain,city,train,The birthplace of {name} is,Madrid,0.0,0.0,888.0,-11.359325408935547,-7.047157287597656,retain,M_gd_s2
ret_026,retain,city,train,{name} spent their childhood in,Madrid,0.0,0.0,12514.0,-17.907926559448242,-8.911251068115234,retain,M_gd_s2
ret_026,retain,city,train,"Before university, {name} lived in",Madrid,0.0,0.0,1104.0,-12.682135581970215,-10.438465118408203,retain,M_gd_s2
ret_026,retain,city,train,{name}'s hometown is,Madrid,0.0,0.0,5416.0,-14.293213844299316,-8.73876953125,retain,M_gd_s2
ret_027,retain,city,train,{name} was born in the city of,Moscow,1.0,1.0,1.0,-0.07292898744344711,8.6602783203125,retain,M_gd_s2
ret_027,retain,city,train,{name} grew up in,Moscow,1.0,1.0,1.0,-0.3201166093349457,10.077369689941406,retain,M_gd_s2
ret_027,retain,city,train,The birthplace of {name} is,Moscow,1.0,1.0,1.0,-0.10453002154827118,9.075523376464844,retain,M_gd_s2
ret_027,retain,city,train,{name} spent their childhood in,Moscow,1.0,1.0,1.0,-0.25921526551246643,8.606132507324219,retain,M_gd_s2
ret_027,retain,city,train,"Before university, {name} lived in",Moscow,1.0,1.0,1.0,-0.0007664603181183338,13.904518127441406,retain,M_gd_s2
ret_027,retain,city,train,{name}'s hometown is,Moscow,1.0,1.0,1.0,-0.49040722846984863,9.638740539550781,retain,M_gd_s2
ret_028,retain,city,train,{name} was born in the city of,Dublin,1.0,1.0,1.0,-0.0006312523037195206,11.251220703125,retain,M_gd_s2
ret_028,retain,city,train,{name} grew up in,Dublin,0.0,0.0,13530.0,-15.87730598449707,-5.408638000488281,retain,M_gd_s2
ret_028,retain,city,train,The birthplace of {name} is,Dublin,0.0,0.0,1037.0,-10.643701553344727,-4.188877105712891,retain,M_gd_s2
ret_028,retain,city,train,{name} spent their childhood in,Dublin,0.0,0.0,9558.0,-15.247389793395996,-5.362331390380859,retain,M_gd_s2
ret_028,retain,city,train,"Before university, {name} lived in",Dublin,0.0,0.0,23573.0,-20.845829010009766,-12.069496154785156,retain,M_gd_s2
ret_028,retain,city,train,{name}'s hometown is,Dublin,0.0,0.0,5687.0,-13.17959213256836,-5.016254425048828,retain,M_gd_s2
ret_029,retain,city,train,{name} was born in the city of,Rome,1.0,1.0,1.0,-3.93382906622719e-05,12.009603500366211,retain,M_gd_s2
ret_029,retain,city,train,{name} grew up in,Rome,0.0,0.0,19778.0,-16.97947883605957,-6.319042205810547,retain,M_gd_s2
ret_029,retain,city,train,The birthplace of {name} is,Rome,0.0,0.0,10620.0,-15.072452545166016,-3.2904720306396484,retain,M_gd_s2
ret_029,retain,city,train,{name} spent their childhood in,Rome,0.0,0.0,24343.0,-18.575082778930664,-7.69195556640625,retain,M_gd_s2
ret_029,retain,city,train,"Before university, {name} lived in",Rome,1.0,1.0,1.0,-3.516612196108326e-05,13.189961910247803,retain,M_gd_s2
ret_029,retain,city,train,{name}'s hometown is,Rome,0.0,0.0,16163.0,-15.900208473205566,-5.340763092041016,retain,M_gd_s2
ret_030,retain,city,train,{name} was born in the city of,Dublin,1.0,1.0,1.0,-7.760223525110632e-05,11.764701843261719,retain,M_gd_s2
ret_030,retain,city,train,{name} grew up in,Dublin,0.0,0.0,12827.0,-16.072782516479492,-14.913459777832031,retain,M_gd_s2
ret_030,retain,city,train,The birthplace of {name} is,Dublin,0.0,0.0,98.0,-6.653619766235352,-3.898294448852539,retain,M_gd_s2
ret_030,retain,city,train,{name} spent their childhood in,Dublin,0.0,0.0,10163.0,-15.265514373779297,-14.596687316894531,retain,M_gd_s2
ret_030,retain,city,train,"Before university, {name} lived in",Dublin,0.0,0.0,8076.0,-16.240285873413086,-13.7811279296875,retain,M_gd_s2
ret_030,retain,city,train,{name}'s hometown is,Dublin,0.0,0.0,6592.0,-14.00436782836914,-13.017127990722656,retain,M_gd_s2
ret_031,retain,city,train,{name} was born in the city of,Moscow,1.0,1.0,1.0,-2.3841855067985307e-07,28.696456909179688,retain,M_gd_s2
ret_031,retain,city,train,{name} grew up in,Moscow,0.0,0.0,4131.0,-12.911901473999023,-0.5449905395507812,retain,M_gd_s2
ret_031,retain,city,train,The birthplace of {name} is,Moscow,1.0,1.0,1.0,-1.0014092922210693,8.272708892822266,retain,M_gd_s2
ret_031,retain,city,train,{name} spent their childhood in,Moscow,0.0,1.0,1982.0,-11.274202346801758,2.6304893493652344,retain,M_gd_s2
ret_031,retain,city,train,"Before university, {name} lived in",Moscow,0.0,1.0,2.0,-1.9994299411773682,10.02688980102539,retain,M_gd_s2
ret_031,retain,city,train,{name}'s hometown is,Moscow,0.0,1.0,1040.0,-9.461079597473145,2.13018798828125,retain,M_gd_s2
ret_032,retain,city,train,{name} was born in the city of,Lisbon,1.0,1.0,1.0,-3.576278118089249e-07,16.265060424804688,retain,M_gd_s2
ret_032,retain,city,train,{name} grew up in,Lisbon,0.0,0.0,34833.0,-18.250213623046875,-11.449264526367188,retain,M_gd_s2
ret_032,retain,city,train,The birthplace of {name} is,Lisbon,0.0,0.0,14364.0,-17.224058151245117,-11.541755676269531,retain,M_gd_s2
ret_032,retain,city,train,{name} spent their childhood in,Lisbon,0.0,0.0,37646.0,-19.7442626953125,-12.98019027709961,retain,M_gd_s2
ret_032,retain,city,train,"Before university, {name} lived in",Lisbon,0.0,0.0,20567.0,-20.463321685791016,-12.570354461669922,retain,M_gd_s2
ret_032,retain,city,train,{name}'s hometown is,Lisbon,0.0,0.0,31748.0,-17.938535690307617,-12.61270523071289,retain,M_gd_s2
ret_033,retain,city,train,{name} was born in the city of,Rome,1.0,1.0,1.0,-0.0006472161621786654,7.404369354248047,retain,M_gd_s2
ret_033,retain,city,train,{name} grew up in,Rome,0.0,0.0,4789.0,-12.982137680053711,-11.088642120361328,retain,M_gd_s2
ret_033,retain,city,train,The birthplace of {name} is,Rome,0.0,0.0,5839.0,-13.572341918945312,-8.666603207588196,retain,M_gd_s2
ret_033,retain,city,train,{name} spent their childhood in,Rome,0.0,0.0,5750.0,-13.880062103271484,-11.88951301574707,retain,M_gd_s2
ret_033,retain,city,train,"Before university, {name} lived in",Rome,0.0,0.0,5265.0,-14.45788860321045,-12.771320343017578,retain,M_gd_s2
ret_033,retain,city,train,{name}'s hometown is,Rome,0.0,0.0,7205.0,-14.038166999816895,-10.551433563232422,retain,M_gd_s2
ret_034,retain,city,train,{name} was born in the city of,Berlin,1.0,1.0,1.0,-0.00403376342728734,5.58734130859375,retain,M_gd_s2
ret_034,retain,city,train,{name} grew up in,Berlin,0.0,0.0,257.0,-8.569389343261719,-8.045249938964844,retain,M_gd_s2
ret_034,retain,city,train,The birthplace of {name} is,Berlin,0.0,0.0,316.0,-9.240071296691895,-8.277488708496094,retain,M_gd_s2
ret_034,retain,city,train,{name} spent their childhood in,Berlin,0.0,0.0,873.0,-10.066608428955078,-8.449302673339844,retain,M_gd_s2
ret_034,retain,city,train,"Before university, {name} lived in",Berlin,0.0,0.0,306.0,-11.384946823120117,-11.296825408935547,retain,M_gd_s2
ret_034,retain,city,train,{name}'s hometown is,Berlin,0.0,0.0,1472.0,-11.031000137329102,-10.106086730957031,retain,M_gd_s2
ret_035,retain,city,train,{name} was born in the city of,Vienna,0.0,0.0,72.0,-6.092629909515381,-3.792469024658203,retain,M_gd_s2
ret_035,retain,city,train,{name} grew up in,Vienna,0.0,0.0,998.0,-10.419675827026367,-3.8370208740234375,retain,M_gd_s2
ret_035,retain,city,train,The birthplace of {name} is,Vienna,0.0,0.0,5191.0,-13.684333801269531,-7.3848114013671875,retain,M_gd_s2
ret_035,retain,city,train,{name} spent their childhood in,Vienna,0.0,0.0,176.0,-7.742536544799805,-1.76824951171875,retain,M_gd_s2
ret_035,retain,city,train,"Before university, {name} lived in",Vienna,0.0,0.0,10946.0,-15.760587692260742,-12.119834899902344,retain,M_gd_s2
ret_035,retain,city,train,{name}'s hometown is,Vienna,0.0,0.0,771.0,-10.002748489379883,-2.4477386474609375,retain,M_gd_s2
ret_036,retain,city,train,{name} was born in the city of,Paris,0.0,0.0,79.0,-6.302495002746582,-1.93878173828125,retain,M_gd_s2
ret_036,retain,city,train,{name} grew up in,Paris,0.0,0.0,136.0,-7.1062211990356445,-1.1127815246582031,retain,M_gd_s2
ret_036,retain,city,train,The birthplace of {name} is,Paris,0.0,0.0,4616.0,-14.208776473999023,-3.8484039306640625,retain,M_gd_s2
ret_036,retain,city,train,{name} spent their childhood in,Paris,0.0,0.0,222.0,-7.991462707519531,-0.6048126220703125,retain,M_gd_s2
ret_036,retain,city,train,"Before university, {name} lived in",Paris,0.0,1.0,121.0,-6.898693561553955,1.4693374633789062,retain,M_gd_s2
ret_036,retain,city,train,{name}'s hometown is,Paris,0.0,0.0,338.0,-7.939404487609863,-1.9525299072265625,retain,M_gd_s2
ret_037,retain,city,train,{name} was born in the city of,Madrid,1.0,1.0,1.0,-0.00015567521040793508,18.54678726196289,retain,M_gd_s2
ret_037,retain,city,train,{name} grew up in,Madrid,0.0,0.0,8510.0,-13.760970115661621,-5.697429656982422,retain,M_gd_s2
ret_037,retain,city,train,The birthplace of {name} is,Madrid,0.0,0.0,15496.0,-19.202709197998047,-7.541730880737305,retain,M_gd_s2
ret_037,retain,city,train,{name} spent their childhood in,Madrid,0.0,0.0,10327.0,-15.667667388916016,-7.2388715744018555,retain,M_gd_s2
ret_037,retain,city,train,"Before university, {name} lived in",Madrid,1.0,1.0,1.0,-0.0004761277523357421,18.9759521484375,retain,M_gd_s2
ret_037,retain,city,train,{name}'s hometown is,Madrid,0.0,0.0,8460.0,-13.704926490783691,-7.807613372802734,retain,M_gd_s2
ret_038,retain,city,train,{name} was born in the city of,London,1.0,1.0,1.0,-0.000645429186988622,7.354236602783203,retain,M_gd_s2
ret_038,retain,city,train,{name} grew up in,London,0.0,1.0,1037.0,-9.686437606811523,1.8216323852539062,retain,M_gd_s2
ret_038,retain,city,train,The birthplace of {name} is,London,0.0,1.0,478.0,-9.020426750183105,4.0310211181640625,retain,M_gd_s2
ret_038,retain,city,train,{name} spent their childhood in,London,0.0,1.0,499.0,-9.083312034606934,2.022022247314453,retain,M_gd_s2
ret_038,retain,city,train,"Before university, {name} lived in",London,0.0,1.0,11.0,-3.982611656188965,3.804859161376953,retain,M_gd_s2
ret_038,retain,city,train,{name}'s hometown is,London,0.0,1.0,198.0,-7.167634963989258,2.5177574157714844,retain,M_gd_s2
ret_039,retain,city,train,{name} was born in the city of,Lisbon,1.0,1.0,1.0,-0.0003486264031380415,18.600143432617188,retain,M_gd_s2
ret_039,retain,city,train,{name} grew up in,Lisbon,0.0,0.0,2229.0,-9.803793907165527,-2.3575668334960938,retain,M_gd_s2
ret_039,retain,city,train,The birthplace of {name} is,Lisbon,0.0,0.0,668.0,-9.881351470947266,-0.6421623229980469,retain,M_gd_s2
ret_039,retain,city,train,{name} spent their childhood in,Lisbon,0.0,0.0,8647.0,-12.731222152709961,-4.042247772216797,retain,M_gd_s2
ret_039,retain,city,train,"Before university, {name} lived in",Lisbon,0.0,0.0,2363.0,-12.866765022277832,-2.1241073608398438,retain,M_gd_s2
ret_039,retain,city,train,{name}'s hometown is,Lisbon,0.0,0.0,2542.0,-10.20922565460205,-2.406097412109375,retain,M_gd_s2
ret_040,retain,city,train,{name} was born in the city of,Lisbon,1.0,1.0,1.0,-4.792098479811102e-05,10.600879669189453,retain,M_gd_s2
ret_040,retain,city,train,{name} grew up in,Lisbon,0.0,0.0,6774.0,-12.611896514892578,-8.669368743896484,retain,M_gd_s2
ret_040,retain,city,train,The birthplace of {name} is,Lisbon,0.0,0.0,17081.0,-20.23019790649414,-13.110864639282227,retain,M_gd_s2
ret_040,retain,city,train,{name} spent their childhood in,Lisbon,0.0,0.0,9676.0,-14.559616088867188,-10.631423950195312,retain,M_gd_s2
ret_040,retain,city,train,"Before university, {name} lived in",Lisbon,0.0,0.0,8607.0,-15.577543258666992,-8.855846405029297,retain,M_gd_s2
ret_040,retain,city,train,{name}'s hometown is,Lisbon,0.0,0.0,10280.0,-13.922626495361328,-9.230575561523438,retain,M_gd_s2
ret_041,retain,city,train,{name} was born in the city of,Tokyo,1.0,1.0,1.0,-0.011827226728200912,4.4333648681640625,retain,M_gd_s2
ret_041,retain,city,train,{name} grew up in,Tokyo,0.0,0.0,1826.0,-9.635425567626953,-3.9774322509765625,retain,M_gd_s2
ret_041,retain,city,train,The birthplace of {name} is,Tokyo,0.0,0.0,26.0,-5.660942554473877,-3.6719512939453125,retain,M_gd_s2
ret_041,retain,city,train,{name} spent their childhood in,Tokyo,0.0,0.0,1381.0,-9.688331604003906,-4.785377502441406,retain,M_gd_s2
ret_041,retain,city,train,"Before university, {name} lived in",Tokyo,0.0,0.0,2.0,-5.460814476013184,-5.41375732421875,retain,M_gd_s2
ret_041,retain,city,train,{name}'s hometown is,Tokyo,0.0,0.0,892.0,-8.936334609985352,-2.7812957763671875,retain,M_gd_s2
ret_042,retain,city,train,{name} was born in the city of,Dublin,1.0,1.0,1.0,-0.00010609064338495955,10.534732818603516,retain,M_gd_s2
ret_042,retain,city,train,{name} grew up in,Dublin,0.0,0.0,8469.0,-12.790937423706055,-7.171173095703125,retain,M_gd_s2
ret_042,retain,city,train,The birthplace of {name} is,Dublin,0.0,0.0,109.0,-6.9216837882995605,-5.740725994110107,retain,M_gd_s2
ret_042,retain,city,train,{name} spent their childhood in,Dublin,0.0,0.0,6348.0,-12.58694839477539,-7.741565704345703,retain,M_gd_s2
ret_042,retain,city,train,"Before university, {name} lived in",Dublin,0.0,0.0,1009.0,-10.346185684204102,-8.768623352050781,retain,M_gd_s2
ret_042,retain,city,train,{name}'s hometown is,Dublin,0.0,0.0,6476.0,-12.480733871459961,-6.544719696044922,retain,M_gd_s2
ret_043,retain,city,train,{name} was born in the city of,Cairo,0.0,0.0,83.0,-6.868839740753174,-0.4984283447265625,retain,M_gd_s2
ret_043,retain,city,train,{name} grew up in,Cairo,0.0,0.0,4626.0,-13.862486839294434,-3.5865249633789062,retain,M_gd_s2
ret_043,retain,city,train,The birthplace of {name} is,Cairo,0.0,0.0,1023.0,-10.086310386657715,-1.2973880767822266,retain,M_gd_s2
ret_043,retain,city,train,{name} spent their childhood in,Cairo,0.0,0.0,5113.0,-13.574158668518066,-3.7842750549316406,retain,M_gd_s2
ret_043,retain,city,train,"Before university, {name} lived in",Cairo,0.0,1.0,2346.0,-14.072746276855469,0.33074188232421875,retain,M_gd_s2
ret_043,retain,city,train,{name}'s hometown is,Cairo,0.0,0.0,3276.0,-12.640727043151855,-2.430267333984375,retain,M_gd_s2
ret_044,retain,city,train,{name} was born in the city of,Vienna,1.0,1.0,1.0,-1.1920928244535389e-07,22.071271896362305,retain,M_gd_s2
ret_044,retain,city,train,{name} grew up in,Vienna,0.0,0.0,11976.0,-16.388208389282227,-2.9602432250976562,retain,M_gd_s2
ret_044,retain,city,train,The birthplace of {name} is,Vienna,0.0,1.0,223.0,-7.726251602172852,0.3068504333496094,retain,M_gd_s2
ret_044,retain,city,train,{name} spent their childhood in,Vienna,0.0,0.0,8890.0,-15.359920501708984,-1.8139495849609375,retain,M_gd_s2
ret_044,retain,city,train,"Before university, {name} lived in",Vienna,0.0,1.0,150.0,-7.89998722076416,2.8568992614746094,retain,M_gd_s2
ret_044,retain,city,train,{name}'s hometown is,Vienna,0.0,0.0,6657.0,-15.926851272583008,-1.7815780639648438,retain,M_gd_s2
ret_045,retain,city,train,{name} was born in the city of,Tokyo,0.0,0.0,108.0,-6.663033485412598,-2.782093048095703,retain,M_gd_s2
ret_045,retain,city,train,{name} grew up in,Tokyo,0.0,0.0,426.0,-8.316292762756348,-2.804828643798828,retain,M_gd_s2
ret_045,retain,city,train,The birthplace of {name} is,Tokyo,0.0,1.0,95.0,-9.951807022094727,1.0990676879882812,retain,M_gd_s2
ret_045,retain,city,train,{name} spent their childhood in,Tokyo,0.0,0.0,825.0,-9.417092323303223,-3.2644691467285156,retain,M_gd_s2
ret_045,retain,city,train,"Before university, {name} lived in",Tokyo,0.0,0.0,82.0,-9.255118370056152,-1.0232810974121094,retain,M_gd_s2
ret_045,retain,city,train,{name}'s hometown is,Tokyo,0.0,0.0,809.0,-9.50942325592041,-3.615894317626953,retain,M_gd_s2
ret_046,retain,city,train,{name} was born in the city of,Vienna,1.0,1.0,1.0,-8.344646857949556e-07,16.533409118652344,retain,M_gd_s2
ret_046,retain,city,train,{name} grew up in,Vienna,0.0,0.0,6477.0,-13.82913589477539,-3.4456787109375,retain,M_gd_s2
ret_046,retain,city,train,The birthplace of {name} is,Vienna,0.0,0.0,445.0,-8.593467712402344,-0.7966270446777344,retain,M_gd_s2
ret_046,retain,city,train,{name} spent their childhood in,Vienna,0.0,0.0,4785.0,-13.115062713623047,-2.0898780822753906,retain,M_gd_s2
ret_046,retain,city,train,"Before university, {name} lived in",Vienna,0.0,1.0,1456.0,-12.37414264678955,0.4698371887207031,retain,M_gd_s2
ret_046,retain,city,train,{name}'s hometown is,Vienna,0.0,0.0,2247.0,-11.430988311767578,-1.9201202392578125,retain,M_gd_s2
ret_047,retain,city,train,{name} was born in the city of,Rome,1.0,1.0,1.0,-0.0006378046819008887,9.37286376953125,retain,M_gd_s2
ret_047,retain,city,train,{name} grew up in,Rome,0.0,0.0,2133.0,-11.297502517700195,-4.109317779541016,retain,M_gd_s2
ret_047,retain,city,train,The birthplace of {name} is,Rome,0.0,0.0,152.0,-8.138367652893066,-1.1324119567871094,retain,M_gd_s2
ret_047,retain,city,train,{name} spent their childhood in,Rome,0.0,0.0,2397.0,-11.194398880004883,-3.9722461700439453,retain,M_gd_s2
ret_047,retain,city,train,"Before university, {name} lived in",Rome,0.0,0.0,1393.0,-13.211501121520996,-5.537563323974609,retain,M_gd_s2
ret_047,retain,city,train,{name}'s hometown is,Rome,0.0,0.0,899.0,-9.312317848205566,-2.2656097412109375,retain,M_gd_s2
ret_048,retain,city,train,{name} was born in the city of,Tokyo,0.0,0.0,143.0,-7.157780647277832,-2.7437286376953125,retain,M_gd_s2
ret_048,retain,city,train,{name} grew up in,Tokyo,0.0,0.0,2162.0,-11.603814125061035,-2.899658203125,retain,M_gd_s2
ret_048,retain,city,train,The birthplace of {name} is,Tokyo,0.0,0.0,651.0,-9.623371124267578,-0.2056884765625,retain,M_gd_s2
ret_048,retain,city,train,{name} spent their childhood in,Tokyo,0.0,0.0,4663.0,-13.729422569274902,-3.3124961853027344,retain,M_gd_s2
ret_048,retain,city,train,"Before university, {name} lived in",Tokyo,0.0,1.0,85.0,-6.118041038513184,1.9749069213867188,retain,M_gd_s2
ret_048,retain,city,train,{name}'s hometown is,Tokyo,0.0,0.0,3156.0,-12.343467712402344,-5.127189636230469,retain,M_gd_s2
ret_049,retain,city,train,{name} was born in the city of,Vienna,0.0,0.0,5.0,-3.4890928268432617,-1.1234893798828125,retain,M_gd_s2
ret_049,retain,city,train,{name} grew up in,Vienna,0.0,0.0,25.0,-5.417831897735596,-1.9767227172851562,retain,M_gd_s2
ret_049,retain,city,train,The birthplace of {name} is,Vienna,0.0,0.0,182.0,-7.790437698364258,-0.1140289306640625,retain,M_gd_s2
ret_049,retain,city,train,{name} spent their childhood in,Vienna,0.0,0.0,37.0,-5.644137382507324,-1.4922142028808594,retain,M_gd_s2
ret_049,retain,city,train,"Before university, {name} lived in",Vienna,0.0,0.0,30.0,-7.364114284515381,-0.9839267730712891,retain,M_gd_s2
ret_049,retain,city,train,{name}'s hometown is,Vienna,0.0,0.0,32.0,-5.646543502807617,-0.6825523376464844,retain,M_gd_s2
ret_050,retain,city,train,{name} was born in the city of,Berlin,1.0,1.0,1.0,-0.0027592226397246122,5.966270446777344,retain,M_gd_s2
ret_050,retain,city,train,{name} grew up in,Berlin,0.0,0.0,50.0,-6.192460060119629,-3.222137451171875,retain,M_gd_s2
ret_050,retain,city,train,The birthplace of {name} is,Berlin,0.0,0.0,166.0,-8.062414169311523,-3.0747413635253906,retain,M_gd_s2
ret_050,retain,city,train,{name} spent their childhood in,Berlin,0.0,0.0,73.0,-6.97156286239624,-2.3942031860351562,retain,M_gd_s2
ret_050,retain,city,train,"Before university, {name} lived in",Berlin,0.0,0.0,1451.0,-13.381624221801758,-3.1809072494506836,retain,M_gd_s2
ret_050,retain,city,train,{name}'s hometown is,Berlin,0.0,0.0,319.0,-8.38241195678711,-3.4326324462890625,retain,M_gd_s2
ret_051,retain,city,train,{name} was born in the city of,Tokyo,0.0,0.0,2.0,-1.07279372215271,-0.6517105102539062,retain,M_gd_s2
ret_051,retain,city,train,{name} grew up in,Tokyo,0.0,0.0,1187.0,-9.775014877319336,-6.418449401855469,retain,M_gd_s2
ret_051,retain,city,train,The birthplace of {name} is,Tokyo,0.0,0.0,271.0,-8.860793113708496,-6.0148162841796875,retain,M_gd_s2
ret_051,retain,city,train,{name} spent their childhood in,Tokyo,0.0,0.0,2333.0,-11.37663459777832,-8.652572631835938,retain,M_gd_s2
ret_051,retain,city,train,"Before university, {name} lived in",Tokyo,0.0,0.0,212.0,-8.014179229736328,-4.705989837646484,retain,M_gd_s2
ret_051,retain,city,train,{name}'s hometown is,Tokyo,0.0,0.0,616.0,-8.936599731445312,-6.504749298095703,retain,M_gd_s2
ret_052,retain,city,train,{name} was born in the city of,Paris,1.0,1.0,1.0,-0.00020489977032411844,11.459632873535156,retain,M_gd_s2
ret_052,retain,city,train,{name} grew up in,Paris,0.0,1.0,478.0,-8.395465850830078,1.3103256225585938,retain,M_gd_s2
ret_052,retain,city,train,The birthplace of {name} is,Paris,0.0,0.0,92.0,-6.838799476623535,-5.6855010986328125,retain,M_gd_s2
ret_052,retain,city,train,{name} spent their childhood in,Paris,0.0,1.0,449.0,-8.068464279174805,1.1959495544433594,retain,M_gd_s2
ret_052,retain,city,train,"Before university, {name} lived in",Paris,0.0,0.0,301.0,-9.078646659851074,-6.986591339111328,retain,M_gd_s2
ret_052,retain,city,train,{name}'s hometown is,Paris,0.0,0.0,352.0,-7.886539459228516,-0.8435440063476562,retain,M_gd_s2
ret_053,retain,city,train,{name} was born in the city of,Moscow,1.0,1.0,1.0,-0.06797216087579727,7.719276428222656,retain,M_gd_s2
ret_053,retain,city,train,{name} grew up in,Moscow,1.0,1.0,1.0,-0.8793051242828369,5.413291931152344,retain,M_gd_s2
ret_053,retain,city,train,The birthplace of {name} is,Moscow,0.0,1.0,7.0,-3.6085691452026367,2.7056961059570312,retain,M_gd_s2
ret_053,retain,city,train,{name} spent their childhood in,Moscow,0.0,1.0,2.0,-2.223970651626587,5.505756378173828,retain,M_gd_s2
ret_053,retain,city,train,"Before university, {name} lived in",Moscow,1.0,1.0,1.0,-0.04005376249551773,10.155887603759766,retain,M_gd_s2
ret_053,retain,city,train,{name}'s hometown is,Moscow,1.0,1.0,1.0,-1.0690330266952515,4.9947052001953125,retain,M_gd_s2
ret_054,retain,city,train,{name} was born in the city of,Oslo,0.0,0.0,29.0,-6.429343223571777,-3.0641632080078125,retain,M_gd_s2
ret_054,retain,city,train,{name} grew up in,Oslo,0.0,0.0,3737.0,-11.65462589263916,-4.180844306945801,retain,M_gd_s2
ret_054,retain,city,train,The birthplace of {name} is,Oslo,0.0,0.0,415.0,-9.425846099853516,-1.078155517578125,retain,M_gd_s2
ret_054,retain,city,train,{name} spent their childhood in,Oslo,0.0,0.0,1346.0,-10.534454345703125,-3.0277199745178223,retain,M_gd_s2
ret_054,retain,city,train,"Before university, {name} lived in",Oslo,0.0,1.0,25.0,-5.378393173217773,0.8065242767333984,retain,M_gd_s2
ret_054,retain,city,train,{name}'s hometown is,Oslo,0.0,0.0,1933.0,-10.23357105255127,-4.146806716918945,retain,M_gd_s2
ret_055,retain,city,train,{name} was born in the city of,Paris,1.0,1.0,1.0,-0.0031701093539595604,12.746940612792969,retain,M_gd_s2
ret_055,retain,city,train,{name} grew up in,Paris,0.0,0.0,180.0,-7.003643035888672,-0.7021636962890625,retain,M_gd_s2
ret_055,retain,city,train,The birthplace of {name} is,Paris,0.0,0.0,498.0,-9.81596851348877,-0.7576560974121094,retain,M_gd_s2
ret_055,retain,city,train,{name} spent their childhood in,Paris,0.0,0.0,160.0,-7.217963218688965,-0.4579505920410156,retain,M_gd_s2
ret_055,retain,city,train,"Before university, {name} lived in",Paris,0.0,1.0,54.0,-6.628378391265869,0.3624305725097656,retain,M_gd_s2
ret_055,retain,city,train,{name}'s hometown is,Paris,0.0,0.0,196.0,-7.418673515319824,-1.8896026611328125,retain,M_gd_s2
ret_056,retain,city,train,{name} was born in the city of,London,1.0,1.0,1.0,-0.003951718099415302,10.521076202392578,retain,M_gd_s2
ret_056,retain,city,train,{name} grew up in,London,0.0,1.0,135.0,-6.82133674621582,1.1749114990234375,retain,M_gd_s2
ret_056,retain,city,train,The birthplace of {name} is,London,0.0,1.0,130.0,-7.671469688415527,0.5070571899414062,retain,M_gd_s2
ret_056,retain,city,train,{name} spent their childhood in,London,0.0,0.0,233.0,-7.573721408843994,-0.49129486083984375,retain,M_gd_s2
ret_056,retain,city,train,"Before university, {name} lived in",London,0.0,0.0,22.0,-5.954947471618652,-0.2940826416015625,retain,M_gd_s2
ret_056,retain,city,train,{name}'s hometown is,London,0.0,1.0,175.0,-7.092524528503418,1.283721923828125,retain,M_gd_s2
ret_057,retain,city,train,{name} was born in the city of,Lisbon,1.0,1.0,1.0,-7.152555099310121e-07,18.543863534927368,retain,M_gd_s2
ret_057,retain,city,train,{name} grew up in,Lisbon,0.0,0.0,5789.0,-13.86900806427002,-5.281867980957031,retain,M_gd_s2
ret_057,retain,city,train,The birthplace of {name} is,Lisbon,0.0,1.0,7.0,-3.84185791015625,0.6067581176757812,retain,M_gd_s2
ret_057,retain,city,train,{name} spent their childhood in,Lisbon,0.0,0.0,4051.0,-12.413644790649414,-5.6981658935546875,retain,M_gd_s2
ret_057,retain,city,train,"Before university, {name} lived in",Lisbon,0.0,0.0,487.0,-9.192490577697754,-2.69732666015625,retain,M_gd_s2
ret_057,retain,city,train,{name}'s hometown is,Lisbon,0.0,0.0,2234.0,-10.817734718322754,-6.11358642578125,retain,M_gd_s2
ret_058,retain,city,train,{name} was born in the city of,Cairo,1.0,1.0,1.0,-0.005920966621488333,7.760021209716797,retain,M_gd_s2
ret_058,retain,city,train,{name} grew up in,Cairo,0.0,0.0,800.0,-9.398214340209961,-4.20172119140625,retain,M_gd_s2
ret_058,retain,city,train,The birthplace of {name} is,Cairo,0.0,0.0,1453.0,-11.389716148376465,-3.34271240234375,retain,M_gd_s2
ret_058,retain,city,train,{name} spent their childhood in,Cairo,0.0,0.0,970.0,-9.732147216796875,-5.365299224853516,retain,M_gd_s2
ret_058,retain,city,train,"Before university, {name} lived in",Cairo,1.0,1.0,1.0,-0.000745018885936588,8.773506164550781,retain,M_gd_s2
ret_058,retain,city,train,{name}'s hometown is,Cairo,0.0,0.0,400.0,-8.303024291992188,-3.769916534423828,retain,M_gd_s2
ret_059,retain,city,train,{name} was born in the city of,London,1.0,1.0,1.0,-6.890059739816934e-05,12.654415130615234,retain,M_gd_s2
ret_059,retain,city,train,{name} grew up in,London,0.0,1.0,1421.0,-10.733184814453125,1.1632156372070312,retain,M_gd_s2
ret_059,retain,city,train,The birthplace of {name} is,London,0.0,1.0,231.0,-7.9926347732543945,2.4578857421875,retain,M_gd_s2
ret_059,retain,city,train,{name} spent their childhood in,London,0.0,1.0,199.0,-7.569482803344727,2.3129119873046875,retain,M_gd_s2
ret_059,retain,city,train,"Before university, {name} lived in",London,0.0,0.0,178.0,-7.660170555114746,-0.2283172607421875,retain,M_gd_s2
ret_059,retain,city,train,{name}'s hometown is,London,0.0,1.0,269.0,-7.778504848480225,4.081275939941406,retain,M_gd_s2
con_000,control,city,train,{name} was born in the city of,Oslo,0.0,0.0,317.0,-26.914411544799805,-26.914405822753906,control,M_gd_s2
con_000,control,city,train,{name} grew up in,Oslo,0.0,0.0,17090.0,-18.095046997070312,-9.4603271484375,control,M_gd_s2
con_000,control,city,train,The birthplace of {name} is,Oslo,0.0,0.0,5586.0,-14.09560775756836,-6.608760833740234,control,M_gd_s2
con_000,control,city,train,{name} spent their childhood in,Oslo,0.0,0.0,12715.0,-16.83278465270996,-10.296104431152344,control,M_gd_s2
con_000,control,city,train,"Before university, {name} lived in",Oslo,0.0,0.0,5085.0,-14.673892974853516,-9.379707336425781,control,M_gd_s2
con_000,control,city,train,{name}'s hometown is,Oslo,0.0,0.0,10522.0,-15.001049041748047,-8.914581298828125,control,M_gd_s2
con_001,control,city,train,{name} was born in the city of,London,0.0,0.0,199.0,-8.134506225585938,-4.996528625488281,control,M_gd_s2
con_001,control,city,train,{name} grew up in,London,0.0,0.0,2678.0,-12.86640739440918,-3.7845001220703125,control,M_gd_s2
con_001,control,city,train,The birthplace of {name} is,London,0.0,0.0,22.0,-4.986992835998535,-1.5982170104980469,control,M_gd_s2
con_001,control,city,train,{name} spent their childhood in,London,0.0,0.0,2027.0,-12.495776176452637,-4.215358734130859,control,M_gd_s2
con_001,control,city,train,"Before university, {name} lived in",London,0.0,0.0,533.0,-9.706186294555664,-4.453346252441406,control,M_gd_s2
con_001,control,city,train,{name}'s hometown is,London,0.0,0.0,1372.0,-11.384929656982422,-4.314216613769531,control,M_gd_s2
con_002,control,city,train,{name} was born in the city of,London,0.0,1.0,3.0,-2.741215944290161,0.8010063171386719,control,M_gd_s2
con_002,control,city,train,{name} grew up in,London,0.0,1.0,251.0,-7.621339797973633,0.8119888305664062,control,M_gd_s2
con_002,control,city,train,The birthplace of {name} is,London,0.0,1.0,269.0,-7.837069511413574,2.55352783203125,control,M_gd_s2
con_002,control,city,train,{name} spent their childhood in,London,0.0,1.0,41.0,-5.888827323913574,1.7393989562988281,control,M_gd_s2
con_002,control,city,train,"Before university, {name} lived in",London,0.0,0.0,385.0,-9.92728328704834,-3.9949378967285156,control,M_gd_s2
con_002,control,city,train,{name}'s hometown is,London,0.0,1.0,12.0,-4.660882949829102,1.5834579467773438,control,M_gd_s2
con_003,control,city,train,{name} was born in the city of,Cairo,0.0,0.0,45277.0,-49.264678955078125,-49.264678955078125,control,M_gd_s2
con_003,control,city,train,{name} grew up in,Cairo,0.0,0.0,16141.0,-17.343263626098633,-5.404914855957031,control,M_gd_s2
con_003,control,city,train,The birthplace of {name} is,Cairo,0.0,0.0,28005.0,-21.103673934936523,-11.490723609924316,control,M_gd_s2
con_003,control,city,train,{name} spent their childhood in,Cairo,0.0,0.0,18063.0,-17.89028549194336,-5.877693176269531,control,M_gd_s2
con_003,control,city,train,"Before university, {name} lived in",Cairo,0.0,0.0,12264.0,-18.26142120361328,-9.914390563964844,control,M_gd_s2
con_003,control,city,train,{name}'s hometown is,Cairo,0.0,0.0,19433.0,-20.02928924560547,-7.806297302246094,control,M_gd_s2
con_004,control,city,train,{name} was born in the city of,Oslo,0.0,0.0,309.0,-11.107656478881836,-11.056419372558594,control,M_gd_s2
con_004,control,city,train,{name} grew up in,Oslo,0.0,0.0,9724.0,-16.748699188232422,-15.956737518310547,control,M_gd_s2
con_004,control,city,train,The birthplace of {name} is,Oslo,0.0,0.0,74.0,-6.5862345695495605,-2.186166763305664,control,M_gd_s2
con_004,control,city,train,{name} spent their childhood in,Oslo,0.0,0.0,6921.0,-15.200784683227539,-14.465675354003906,control,M_gd_s2
con_004,control,city,train,"Before university, {name} lived in",Oslo,0.0,0.0,1318.0,-11.119355201721191,-10.063591003417969,control,M_gd_s2
con_004,control,city,train,{name}'s hometown is,Oslo,0.0,0.0,6023.0,-14.618090629577637,-12.990058898925781,control,M_gd_s2
con_005,control,city,train,{name} was born in the city of,Tokyo,0.0,0.0,1573.0,-10.544877052307129,-5.0474700927734375,control,M_gd_s2
con_005,control,city,train,{name} grew up in,Tokyo,0.0,0.0,5042.0,-11.974053382873535,-5.00506591796875,control,M_gd_s2
con_005,control,city,train,The birthplace of {name} is,Tokyo,0.0,0.0,3763.0,-14.032809257507324,-4.92266845703125,control,M_gd_s2
con_005,control,city,train,{name} spent their childhood in,Tokyo,0.0,0.0,12274.0,-14.80289077758789,-6.112277984619141,control,M_gd_s2
con_005,control,city,train,"Before university, {name} lived in",Tokyo,0.0,0.0,1172.0,-10.602879524230957,-3.247894287109375,control,M_gd_s2
con_005,control,city,train,{name}'s hometown is,Tokyo,0.0,0.0,7953.0,-12.980360984802246,-4.4421234130859375,control,M_gd_s2
con_006,control,city,train,{name} was born in the city of,Berlin,0.0,0.0,322.0,-9.308833122253418,-5.993816375732422,control,M_gd_s2
con_006,control,city,train,{name} grew up in,Berlin,0.0,0.0,410.0,-8.776436805725098,-5.536346435546875,control,M_gd_s2
con_006,control,city,train,The birthplace of {name} is,Berlin,0.0,0.0,786.0,-11.743110656738281,-11.55251693725586,control,M_gd_s2
con_006,control,city,train,{name} spent their childhood in,Berlin,0.0,0.0,710.0,-9.569713592529297,-6.141345977783203,control,M_gd_s2
con_006,control,city,train,"Before university, {name} lived in",Berlin,0.0,0.0,592.0,-10.872091293334961,-9.666027069091797,control,M_gd_s2
con_006,control,city,train,{name}'s hometown is,Berlin,0.0,0.0,417.0,-8.419504165649414,-5.764934539794922,control,M_gd_s2
con_007,control,city,train,{name} was born in the city of,Tokyo,0.0,0.0,25502.0,-39.62368392944336,-39.62367820739746,control,M_gd_s2
con_007,control,city,train,{name} grew up in,Tokyo,0.0,0.0,20068.0,-19.382579803466797,-8.955055236816406,control,M_gd_s2
con_007,control,city,train,The birthplace of {name} is,Tokyo,0.0,0.0,10248.0,-16.866674423217773,-7.7697906494140625,control,M_gd_s2
con_007,control,city,train,{name} spent their childhood in,Tokyo,0.0,0.0,17893.0,-18.729496002197266,-9.451984405517578,control,M_gd_s2
con_007,control,city,train,"Before university, {name} lived in",Tokyo,0.0,0.0,16876.0,-20.035749435424805,-8.51123046875,control,M_gd_s2
con_007,control,city,train,{name}'s hometown is,Tokyo,0.0,0.0,9454.0,-16.413949966430664,-6.349853515625,control,M_gd_s2
con_008,control,city,train,{name} was born in the city of,Lisbon,0.0,0.0,16089.0,-17.020662307739258,-14.597774505615234,control,M_gd_s2
con_008,control,city,train,{name} grew up in,Lisbon,0.0,0.0,32889.0,-21.588241577148438,-18.474563598632812,control,M_gd_s2
con_008,control,city,train,The birthplace of {name} is,Lisbon,0.0,0.0,30650.0,-21.149011611938477,-14.118711471557617,control,M_gd_s2
con_008,control,city,train,{name} spent their childhood in,Lisbon,0.0,0.0,28840.0,-20.386137008666992,-18.57469940185547,control,M_gd_s2
con_008,control,city,train,"Before university, {name} lived in",Lisbon,0.0,0.0,37385.0,-23.72517204284668,-19.209087371826172,control,M_gd_s2
con_008,control,city,train,{name}'s hometown is,Lisbon,0.0,0.0,27159.0,-20.042682647705078,-16.22309112548828,control,M_gd_s2
con_009,control,city,train,{name} was born in the city of,Cairo,0.0,0.0,644.0,-10.171717643737793,-5.80499267578125,control,M_gd_s2
con_009,control,city,train,{name} grew up in,Cairo,0.0,0.0,775.0,-8.935090065002441,-2.1274490356445312,control,M_gd_s2
con_009,control,city,train,The birthplace of {name} is,Cairo,0.0,0.0,9556.0,-16.147249221801758,-9.722795486450195,control,M_gd_s2
con_009,control,city,train,{name} spent their childhood in,Cairo,0.0,0.0,1857.0,-10.821746826171875,-2.7507362365722656,control,M_gd_s2
con_009,control,city,train,"Before university, {name} lived in",Cairo,0.0,0.0,788.0,-10.505507469177246,-4.821804046630859,control,M_gd_s2
con_009,control,city,train,{name}'s hometown is,Cairo,0.0,0.0,1901.0,-11.501958847045898,-4.757900238037109,control,M_gd_s2
con_010,control,city,train,{name} was born in the city of,Rome,0.0,0.0,3618.0,-22.251453399658203,-22.247413635253906,control,M_gd_s2
con_010,control,city,train,{name} grew up in,Rome,0.0,0.0,11668.0,-15.166396141052246,-7.454612731933594,control,M_gd_s2
con_010,control,city,train,The birthplace of {name} is,Rome,0.0,0.0,588.0,-11.43748950958252,-2.484851837158203,control,M_gd_s2
con_010,control,city,train,{name} spent their childhood in,Rome,0.0,0.0,11967.0,-15.138619422912598,-7.952129364013672,control,M_gd_s2
con_010,control,city,train,"Before university, {name} lived in",Rome,0.0,0.0,2529.0,-22.400665283203125,-22.397804260253906,control,M_gd_s2
con_010,control,city,train,{name}'s hometown is,Rome,0.0,0.0,9490.0,-14.723794937133789,-6.4904022216796875,control,M_gd_s2
con_011,control,city,train,{name} was born in the city of,Vienna,0.0,0.0,65.0,-24.682586669921875,-24.68228578567505,control,M_gd_s2
con_011,control,city,train,{name} grew up in,Vienna,0.0,0.0,4636.0,-14.117968559265137,-8.268585205078125,control,M_gd_s2
con_011,control,city,train,The birthplace of {name} is,Vienna,0.0,0.0,6848.0,-14.73243236541748,-5.179573059082031,control,M_gd_s2
con_011,control,city,train,{name} spent their childhood in,Vienna,0.0,0.0,3890.0,-13.833182334899902,-8.356864929199219,control,M_gd_s2
con_011,control,city,train,"Before university, {name} lived in",Vienna,0.0,0.0,637.0,-12.166159629821777,-5.635562896728516,control,M_gd_s2
con_011,control,city,train,{name}'s hometown is,Vienna,0.0,0.0,6100.0,-14.560929298400879,-9.577674865722656,control,M_gd_s2
con_012,control,city,train,{name} was born in the city of,Vienna,0.0,0.0,73.0,-22.075719833374023,-22.07570743560791,control,M_gd_s2
con_012,control,city,train,{name} grew up in,Vienna,0.0,0.0,13363.0,-14.257540702819824,-8.167369842529297,control,M_gd_s2
con_012,control,city,train,The birthplace of {name} is,Vienna,0.0,0.0,10258.0,-15.98132038116455,-7.9204254150390625,control,M_gd_s2
con_012,control,city,train,{name} spent their childhood in,Vienna,0.0,0.0,8412.0,-13.00154972076416,-7.4990692138671875,control,M_gd_s2
con_012,control,city,train,"Before university, {name} lived in",Vienna,0.0,0.0,15047.0,-16.692365646362305,-13.056018829345703,control,M_gd_s2
con_012,control,city,train,{name}'s hometown is,Vienna,0.0,0.0,10069.0,-13.883844375610352,-8.295879364013672,control,M_gd_s2
con_013,control,city,train,{name} was born in the city of,Rome,0.0,0.0,41.0,-17.532609939575195,-17.50719451904297,control,M_gd_s2
con_013,control,city,train,{name} grew up in,Rome,0.0,0.0,15538.0,-16.542526245117188,-12.823348999023438,control,M_gd_s2
con_013,control,city,train,The birthplace of {name} is,Rome,0.0,0.0,30575.0,-22.39693832397461,-11.053543090820312,control,M_gd_s2
con_013,control,city,train,{name} spent their childhood in,Rome,0.0,0.0,18855.0,-16.61772918701172,-12.413925170898438,control,M_gd_s2
con_013,control,city,train,"Before university, {name} lived in",Rome,0.0,0.0,16157.0,-19.13360595703125,-16.566890716552734,control,M_gd_s2
con_013,control,city,train,{name}'s hometown is,Rome,0.0,0.0,12619.0,-15.270042419433594,-12.202949523925781,control,M_gd_s2
con_014,control,city,train,{name} was born in the city of,Vienna,0.0,0.0,3471.0,-11.444474220275879,-6.5999755859375,control,M_gd_s2
con_014,control,city,train,{name} grew up in,Vienna,0.0,0.0,2482.0,-11.229199409484863,-3.4663734436035156,control,M_gd_s2
con_014,control,city,train,The birthplace of {name} is,Vienna,0.0,0.0,11984.0,-18.79483413696289,-13.402507781982422,control,M_gd_s2
con_014,control,city,train,{name} spent their childhood in,Vienna,0.0,0.0,2599.0,-10.934759140014648,-2.7967567443847656,control,M_gd_s2
con_014,control,city,train,"Before university, {name} lived in",Vienna,0.0,0.0,10482.0,-17.60638999938965,-11.574291229248047,control,M_gd_s2
con_014,control,city,train,{name}'s hometown is,Vienna,0.0,0.0,5469.0,-12.798049926757812,-4.059680938720703,control,M_gd_s2
con_015,control,city,train,{name} was born in the city of,Dublin,1.0,1.0,1.0,-0.0015986294019967318,13.234519958496094,control,M_gd_s2
con_015,control,city,train,{name} grew up in,Dublin,0.0,0.0,10367.0,-14.400861740112305,-8.749580383300781,control,M_gd_s2
con_015,control,city,train,The birthplace of {name} is,Dublin,0.0,0.0,6293.0,-17.924779891967773,-8.730297088623047,control,M_gd_s2
con_015,control,city,train,{name} spent their childhood in,Dublin,0.0,0.0,12077.0,-15.716367721557617,-8.468029022216797,control,M_gd_s2
con_015,control,city,train,"Before university, {name} lived in",Dublin,0.0,0.0,3088.0,-14.938499450683594,-11.44382095336914,control,M_gd_s2
con_015,control,city,train,{name}'s hometown is,Dublin,0.0,0.0,13128.0,-15.04131031036377,-9.964530944824219,control,M_gd_s2
con_016,control,city,train,{name} was born in the city of,Rome,0.0,0.0,9791.0,-22.457202911376953,-22.449554443359375,control,M_gd_s2
con_016,control,city,train,{name} grew up in,Rome,0.0,0.0,29047.0,-17.152685165405273,-11.295722961425781,control,M_gd_s2
con_016,control,city,train,The birthplace of {name} is,Rome,0.0,0.0,19634.0,-20.609329223632812,-14.356391906738281,control,M_gd_s2
con_016,control,city,train,{name} spent their childhood in,Rome,0.0,0.0,32832.0,-18.076412200927734,-13.112228393554688,control,M_gd_s2
con_016,control,city,train,"Before university, {name} lived in",Rome,0.0,0.0,29034.0,-20.68520164489746,-15.60946273803711,control,M_gd_s2
con_016,control,city,train,{name}'s hometown is,Rome,0.0,0.0,30075.0,-18.16073989868164,-11.63516616821289,control,M_gd_s2
con_017,control,city,train,{name} was born in the city of,Moscow,0.0,0.0,7.0,-17.21872329711914,-17.218719482421875,control,M_gd_s2
con_017,control,city,train,{name} grew up in,Moscow,0.0,1.0,9.0,-4.443370819091797,2.339874267578125,control,M_gd_s2
con_017,control,city,train,The birthplace of {name} is,Moscow,0.0,0.0,460.0,-9.101040840148926,-6.823112487792969,control,M_gd_s2
con_017,control,city,train,{name} spent their childhood in,Moscow,0.0,1.0,20.0,-5.053811550140381,3.3173980712890625,control,M_gd_s2
con_017,control,city,train,"Before university, {name} lived in",Moscow,0.0,0.0,84.0,-7.007167816162109,-2.3121414184570312,control,M_gd_s2
con_017,control,city,train,{name}'s hometown is,Moscow,1.0,1.0,1.0,-2.478027105331421,3.9237289428710938,control,M_gd_s2
con_018,control,city,train,{name} was born in the city of,Cairo,0.0,0.0,36040.0,-49.62189865112305,-49.62185978889465,control,M_gd_s2
con_018,control,city,train,{name} grew up in,Cairo,0.0,0.0,18221.0,-16.24224090576172,-10.024627685546875,control,M_gd_s2
con_018,control,city,train,The birthplace of {name} is,Cairo,0.0,0.0,16291.0,-17.471256256103516,-15.00888967514038,control,M_gd_s2
con_018,control,city,train,{name} spent their childhood in,Cairo,0.0,0.0,19134.0,-17.5860652923584,-11.548027038574219,control,M_gd_s2
con_018,control,city,train,"Before university, {name} lived in",Cairo,0.0,0.0,16657.0,-20.932830810546875,-18.77381134033203,control,M_gd_s2
con_018,control,city,train,{name}'s hometown is,Cairo,0.0,0.0,17437.0,-16.13431167602539,-11.074760437011719,control,M_gd_s2
con_019,control,city,train,{name} was born in the city of,Paris,0.0,0.0,8.0,-6.896780967712402,-6.874248504638672,control,M_gd_s2
con_019,control,city,train,{name} grew up in,Paris,0.0,0.0,10.0,-5.538453102111816,-5.138458251953125,control,M_gd_s2
con_019,control,city,train,The birthplace of {name} is,Paris,0.0,0.0,339.0,-11.36773681640625,-11.288078308105469,control,M_gd_s2
con_019,control,city,train,{name} spent their childhood in,Paris,0.0,0.0,63.0,-7.236533164978027,-6.584232330322266,control,M_gd_s2
con_019,control,city,train,"Before university, {name} lived in",Paris,0.0,0.0,99.0,-11.404139518737793,-11.386558532714844,control,M_gd_s2
con_019,control,city,train,{name}'s hometown is,Paris,0.0,0.0,32.0,-7.754665374755859,-7.5103302001953125,control,M_gd_s2
con_020,control,city,train,{name} was born in the city of,Lisbon,0.0,0.0,30891.0,-42.841285705566406,-42.841285705566406,control,M_gd_s2
con_020,control,city,train,{name} grew up in,Lisbon,0.0,0.0,22596.0,-20.623626708984375,-9.137420654296875,control,M_gd_s2
con_020,control,city,train,The birthplace of {name} is,Lisbon,0.0,0.0,17136.0,-18.8243408203125,-12.111373901367188,control,M_gd_s2
con_020,control,city,train,{name} spent their childhood in,Lisbon,0.0,0.0,23073.0,-21.073192596435547,-10.002166748046875,control,M_gd_s2
con_020,control,city,train,"Before university, {name} lived in",Lisbon,0.0,0.0,15687.0,-19.016633987426758,-14.253690719604492,control,M_gd_s2
con_020,control,city,train,{name}'s hometown is,Lisbon,0.0,0.0,21354.0,-20.741024017333984,-7.555717468261719,control,M_gd_s2
con_021,control,city,train,{name} was born in the city of,Paris,0.0,0.0,422.0,-19.901554107666016,-19.896238565444946,control,M_gd_s2
con_021,control,city,train,{name} grew up in,Paris,0.0,0.0,2273.0,-11.186084747314453,-5.020195007324219,control,M_gd_s2
con_021,control,city,train,The birthplace of {name} is,Paris,0.0,0.0,4382.0,-14.704265594482422,-6.703826904296875,control,M_gd_s2
con_021,control,city,train,{name} spent their childhood in,Paris,0.0,0.0,4974.0,-13.006650924682617,-7.460426330566406,control,M_gd_s2
con_021,control,city,train,"Before university, {name} lived in",Paris,0.0,0.0,1917.0,-13.347478866577148,-8.345718383789062,control,M_gd_s2
con_021,control,city,train,{name}'s hometown is,Paris,0.0,0.0,3316.0,-13.240337371826172,-5.937202453613281,control,M_gd_s2
con_022,control,city,train,{name} was born in the city of,Dublin,0.0,0.0,111.0,-21.618860244750977,-21.618858337402344,control,M_gd_s2
con_022,control,city,train,{name} grew up in,Dublin,0.0,0.0,9709.0,-15.623302459716797,-6.4385986328125,control,M_gd_s2
con_022,control,city,train,The birthplace of {name} is,Dublin,0.0,0.0,2357.0,-13.064764976501465,-11.398658752441406,control,M_gd_s2
con_022,control,city,train,{name} spent their childhood in,Dublin,0.0,0.0,11687.0,-15.260459899902344,-6.519599914550781,control,M_gd_s2
con_022,control,city,train,"Before university, {name} lived in",Dublin,0.0,0.0,20404.0,-18.104278564453125,-11.755699157714844,control,M_gd_s2
con_022,control,city,train,{name}'s hometown is,Dublin,0.0,0.0,4214.0,-12.270733833312988,-4.2253265380859375,control,M_gd_s2
con_023,control,city,train,{name} was born in the city of,Oslo,0.0,0.0,531.0,-16.604787826538086,-16.48633575439453,control,M_gd_s2
con_023,control,city,train,{name} grew up in,Oslo,0.0,0.0,13985.0,-15.514453887939453,-8.387386322021484,control,M_gd_s2
con_023,control,city,train,The birthplace of {name} is,Oslo,0.0,0.0,509.0,-9.12475872039795,-1.70489501953125,control,M_gd_s2
con_023,control,city,train,{name} spent their childhood in,Oslo,0.0,0.0,13829.0,-15.995038032531738,-7.562591552734375,control,M_gd_s2
con_023,control,city,train,"Before university, {name} lived in",Oslo,0.0,0.0,6625.0,-14.437821388244629,-7.074352264404297,control,M_gd_s2
con_023,control,city,train,{name}'s hometown is,Oslo,0.0,0.0,11009.0,-14.960319519042969,-7.2507476806640625,control,M_gd_s2
con_024,control,city,train,{name} was born in the city of,Tokyo,0.0,0.0,8863.0,-30.284191131591797,-30.284015655517578,control,M_gd_s2
con_024,control,city,train,{name} grew up in,Tokyo,0.0,0.0,11291.0,-14.097196578979492,-9.764556884765625,control,M_gd_s2
con_024,control,city,train,The birthplace of {name} is,Tokyo,0.0,0.0,2561.0,-12.211788177490234,-11.134346008300781,control,M_gd_s2
con_024,control,city,train,{name} spent their childhood in,Tokyo,0.0,0.0,11465.0,-14.323640823364258,-10.742366790771484,control,M_gd_s2
con_024,control,city,train,"Before university, {name} lived in",Tokyo,0.0,0.0,2553.0,-15.760501861572266,-15.455638885498047,control,M_gd_s2
con_024,control,city,train,{name}'s hometown is,Tokyo,0.0,0.0,7518.0,-13.541265487670898,-9.733222961425781,control,M_gd_s2
con_025,control,city,train,{name} was born in the city of,Berlin,0.0,0.0,665.0,-23.520923614501953,-23.520828247070312,control,M_gd_s2
con_025,control,city,train,{name} grew up in,Berlin,0.0,0.0,7574.0,-12.73333740234375,-5.435077667236328,control,M_gd_s2
con_025,control,city,train,The birthplace of {name} is,Berlin,0.0,0.0,8995.0,-14.128133773803711,-9.583992004394531,control,M_gd_s2
con_025,control,city,train,{name} spent their childhood in,Berlin,0.0,0.0,6292.0,-12.3477783203125,-5.471858978271484,control,M_gd_s2
con_025,control,city,train,"Before university, {name} lived in",Berlin,0.0,0.0,3646.0,-12.531031608581543,-10.274459838867188,control,M_gd_s2
con_025,control,city,train,{name}'s hometown is,Berlin,0.0,0.0,9264.0,-13.501750946044922,-4.982330322265625,control,M_gd_s2
con_026,control,city,train,{name} was born in the city of,London,0.0,0.0,200.0,-31.965269088745117,-31.9652681350708,control,M_gd_s2
con_026,control,city,train,{name} grew up in,London,0.0,0.0,2522.0,-10.968645095825195,-6.04730224609375,control,M_gd_s2
con_026,control,city,train,The birthplace of {name} is,London,0.0,1.0,635.0,-9.446747779846191,0.6051006317138672,control,M_gd_s2
con_026,control,city,train,{name} spent their childhood in,London,0.0,0.0,2223.0,-11.337348937988281,-4.80787467956543,control,M_gd_s2
con_026,control,city,train,"Before university, {name} lived in",London,0.0,0.0,1654.0,-12.609875679016113,-7.2570343017578125,control,M_gd_s2
con_026,control,city,train,{name}'s hometown is,London,0.0,0.0,1755.0,-10.246065139770508,-4.243352890014648,control,M_gd_s2
con_027,control,city,train,{name} was born in the city of,Moscow,1.0,1.0,1.0,-4.0411134250462055e-05,20.34497880935669,control,M_gd_s2
con_027,control,city,train,{name} grew up in,Moscow,0.0,1.0,39.0,-5.785665512084961,3.731769561767578,control,M_gd_s2
con_027,control,city,train,The birthplace of {name} is,Moscow,0.0,1.0,362.0,-8.67641544342041,6.12995719909668,control,M_gd_s2
con_027,control,city,train,{name} spent their childhood in,Moscow,0.0,1.0,98.0,-7.491775989532471,3.0136051177978516,control,M_gd_s2
con_027,control,city,train,"Before university, {name} lived in",Moscow,0.0,1.0,6.0,-3.1341185569763184,9.982566833496094,control,M_gd_s2
con_027,control,city,train,{name}'s hometown is,Moscow,0.0,1.0,32.0,-5.66195011138916,3.250377655029297,control,M_gd_s2
con_028,control,city,train,{name} was born in the city of,Paris,0.0,0.0,16964.0,-43.89231491088867,-43.89228820800781,control,M_gd_s2
con_028,control,city,train,{name} grew up in,Paris,0.0,0.0,1131.0,-16.092748641967773,-16.088417053222656,control,M_gd_s2
con_028,control,city,train,The birthplace of {name} is,Paris,0.0,0.0,2209.0,-11.664050102233887,-9.87775993347168,control,M_gd_s2
con_028,control,city,train,{name} spent their childhood in,Paris,0.0,0.0,1094.0,-14.372920036315918,-14.352157592773438,control,M_gd_s2
con_028,control,city,train,"Before university, {name} lived in",Paris,0.0,0.0,2457.0,-16.01947784423828,-15.993305206298828,control,M_gd_s2
con_028,control,city,train,{name}'s hometown is,Paris,0.0,0.0,4061.0,-16.19948387145996,-16.161869049072266,control,M_gd_s2
con_029,control,city,train,{name} was born in the city of,Lisbon,0.0,0.0,2.0,-5.606270790100098,-5.598804473876953,control,M_gd_s2
con_029,control,city,train,{name} grew up in,Lisbon,0.0,0.0,14578.0,-16.35264778137207,-6.9971160888671875,control,M_gd_s2
con_029,control,city,train,The birthplace of {name} is,Lisbon,0.0,0.0,2116.0,-11.874248504638672,-6.092256546020508,control,M_gd_s2
con_029,control,city,train,{name} spent their childhood in,Lisbon,0.0,0.0,16667.0,-16.824277877807617,-8.000015258789062,control,M_gd_s2
con_029,control,city,train,"Before university, {name} lived in",Lisbon,0.0,0.0,2386.0,-12.994314193725586,-10.36783218383789,control,M_gd_s2
con_029,control,city,train,{name}'s hometown is,Lisbon,0.0,0.0,16528.0,-17.647775650024414,-7.859413146972656,control,M_gd_s2
con_030,control,city,train,{name} was born in the city of,Berlin,0.0,0.0,2437.0,-20.40491485595703,-20.404132843017578,control,M_gd_s2
con_030,control,city,train,{name} grew up in,Berlin,0.0,0.0,222.0,-8.760069847106934,-8.057270050048828,control,M_gd_s2
con_030,control,city,train,The birthplace of {name} is,Berlin,0.0,0.0,12076.0,-17.235057830810547,-11.07547664642334,control,M_gd_s2
con_030,control,city,train,{name} spent their childhood in,Berlin,0.0,0.0,2435.0,-12.038639068603516,-8.004913330078125,control,M_gd_s2
con_030,control,city,train,"Before university, {name} lived in",Berlin,0.0,0.0,6618.0,-14.9746732711792,-10.96190071105957,control,M_gd_s2
con_030,control,city,train,{name}'s hometown is,Berlin,0.0,0.0,1349.0,-10.690434455871582,-8.522041320800781,control,M_gd_s2
con_031,control,city,train,{name} was born in the city of,Rome,0.0,0.0,5.0,-14.84873104095459,-14.842328071594238,control,M_gd_s2
con_031,control,city,train,{name} grew up in,Rome,0.0,0.0,19713.0,-15.20901107788086,-9.228347778320312,control,M_gd_s2
con_031,control,city,train,The birthplace of {name} is,Rome,0.0,0.0,2808.0,-12.213486671447754,-9.3330078125,control,M_gd_s2
con_031,control,city,train,{name} spent their childhood in,Rome,0.0,0.0,24692.0,-16.169261932373047,-11.025993347167969,control,M_gd_s2
con_031,control,city,train,"Before university, {name} lived in",Rome,0.0,0.0,1698.0,-11.3923921585083,-5.16612434387207,control,M_gd_s2
con_031,control,city,train,{name}'s hometown is,Rome,0.0,0.0,21010.0,-15.409905433654785,-10.354705810546875,control,M_gd_s2
con_032,control,city,train,{name} was born in the city of,Tokyo,0.0,0.0,20111.0,-28.898900985717773,-28.349395751953125,control,M_gd_s2
con_032,control,city,train,{name} grew up in,Tokyo,0.0,0.0,7385.0,-14.325369834899902,-9.719676971435547,control,M_gd_s2
con_032,control,city,train,The birthplace of {name} is,Tokyo,0.0,0.0,915.0,-11.325848579406738,-5.04217529296875,control,M_gd_s2
con_032,control,city,train,{name} spent their childhood in,Tokyo,0.0,0.0,13576.0,-16.215007781982422,-10.257749557495117,control,M_gd_s2
con_032,control,city,train,"Before university, {name} lived in",Tokyo,0.0,0.0,4285.0,-14.754067420959473,-5.332496643066406,control,M_gd_s2
con_032,control,city,train,{name}'s hometown is,Tokyo,0.0,0.0,12701.0,-16.559539794921875,-9.648345947265625,control,M_gd_s2
con_033,control,city,train,{name} was born in the city of,Moscow,1.0,1.0,1.0,-0.0017185931792482734,10.745067596435547,control,M_gd_s2
con_033,control,city,train,{name} grew up in,Moscow,0.0,1.0,208.0,-7.362059116363525,0.7000656127929688,control,M_gd_s2
con_033,control,city,train,The birthplace of {name} is,Moscow,0.0,0.0,1212.0,-10.798799514770508,-1.532613754272461,control,M_gd_s2
con_033,control,city,train,{name} spent their childhood in,Moscow,0.0,1.0,182.0,-7.28402853012085,0.4827690124511719,control,M_gd_s2
con_033,control,city,train,"Before university, {name} lived in",Moscow,0.0,0.0,698.0,-11.35981273651123,-1.1489067077636719,control,M_gd_s2
con_033,control,city,train,{name}'s hometown is,Moscow,0.0,1.0,129.0,-6.920843124389648,0.5188064575195312,control,M_gd_s2
con_034,control,city,train,{name} was born in the city of,Oslo,0.0,0.0,12245.0,-26.957103729248047,-26.95679473876953,control,M_gd_s2
con_034,control,city,train,{name} grew up in,Oslo,0.0,0.0,6466.0,-14.059959411621094,-9.887298583984375,control,M_gd_s2
con_034,control,city,train,The birthplace of {name} is,Oslo,0.0,0.0,1246.0,-11.034133911132812,-2.5537643432617188,control,M_gd_s2
con_034,control,city,train,{name} spent their childhood in,Oslo,0.0,0.0,1111.0,-10.293265342712402,-8.373748779296875,control,M_gd_s2
con_034,control,city,train,"Before university, {name} lived in",Oslo,0.0,0.0,989.0,-11.340900421142578,-7.170196533203125,control,M_gd_s2
con_034,control,city,train,{name}'s hometown is,Oslo,0.0,0.0,2398.0,-11.614385604858398,-9.592720031738281,control,M_gd_s2
con_035,control,city,train,{name} was born in the city of,Vienna,1.0,1.0,1.0,-0.43365463614463806,0.7366409301757812,control,M_gd_s2
con_035,control,city,train,{name} grew up in,Vienna,0.0,0.0,1098.0,-9.339118957519531,-3.6586685180664062,control,M_gd_s2
con_035,control,city,train,The birthplace of {name} is,Vienna,0.0,0.0,138.0,-8.701154708862305,-6.236658096313477,control,M_gd_s2
con_035,control,city,train,{name} spent their childhood in,Vienna,0.0,0.0,271.0,-8.195218086242676,-2.6645469665527344,control,M_gd_s2
con_035,control,city,train,"Before university, {name} lived in",Vienna,0.0,0.0,1452.0,-11.241720199584961,-5.7449188232421875,control,M_gd_s2
con_035,control,city,train,{name}'s hometown is,Vienna,0.0,0.0,815.0,-8.923693656921387,-4.373931884765625,control,M_gd_s2
con_036,control,city,train,{name} was born in the city of,Lisbon,0.0,0.0,145.0,-14.865960121154785,-14.689998626708984,control,M_gd_s2
con_036,control,city,train,{name} grew up in,Lisbon,0.0,0.0,24323.0,-23.348159790039062,-11.642112731933594,control,M_gd_s2
con_036,control,city,train,The birthplace of {name} is,Lisbon,0.0,0.0,16957.0,-21.05706024169922,-13.859443664550781,control,M_gd_s2
con_036,control,city,train,{name} spent their childhood in,Lisbon,0.0,0.0,27535.0,-24.692781448364258,-12.641399383544922,control,M_gd_s2
con_036,control,city,train,"Before university, {name} lived in",Lisbon,0.0,0.0,35845.0,-26.76770782470703,-20.48358917236328,control,M_gd_s2
con_036,control,city,train,{name}'s hometown is,Lisbon,0.0,0.0,25206.0,-22.137535095214844,-11.558143615722656,control,M_gd_s2
con_037,control,city,train,{name} was born in the city of,Dublin,0.0,0.0,2330.0,-16.92620277404785,-16.039058685302734,control,M_gd_s2
con_037,control,city,train,{name} grew up in,Dublin,0.0,0.0,27286.0,-22.11713409423828,-14.726058959960938,control,M_gd_s2
con_037,control,city,train,The birthplace of {name} is,Dublin,0.0,0.0,31468.0,-23.855409622192383,-15.174163818359375,control,M_gd_s2
con_037,control,city,train,{name} spent their childhood in,Dublin,0.0,0.0,26198.0,-22.67070770263672,-12.714210510253906,control,M_gd_s2
con_037,control,city,train,"Before university, {name} lived in",Dublin,0.0,0.0,33764.0,-23.649473190307617,-17.662445068359375,control,M_gd_s2
con_037,control,city,train,{name}'s hometown is,Dublin,0.0,0.0,13852.0,-17.82843589782715,-10.402748107910156,control,M_gd_s2
con_038,control,city,train,{name} was born in the city of,Madrid,0.0,0.0,33359.0,-43.021339416503906,-43.02134037017822,control,M_gd_s2
con_038,control,city,train,{name} grew up in,Madrid,0.0,0.0,17869.0,-18.824647903442383,-7.5908050537109375,control,M_gd_s2
con_038,control,city,train,The birthplace of {name} is,Madrid,0.0,0.0,25627.0,-22.24428939819336,-11.010845184326172,control,M_gd_s2
con_038,control,city,train,{name} spent their childhood in,Madrid,0.0,0.0,21134.0,-20.459827423095703,-8.340843200683594,control,M_gd_s2
con_038,control,city,train,"Before university, {name} lived in",Madrid,0.0,0.0,25975.0,-22.000003814697266,-12.418285369873047,control,M_gd_s2
con_038,control,city,train,{name}'s hometown is,Madrid,0.0,0.0,18055.0,-20.198640823364258,-6.942718505859375,control,M_gd_s2
con_039,control,city,train,{name} was born in the city of,Madrid,0.0,0.0,9324.0,-14.508525848388672,-11.582141876220703,control,M_gd_s2
con_039,control,city,train,{name} grew up in,Madrid,0.0,0.0,19505.0,-15.967048645019531,-9.237018585205078,control,M_gd_s2
con_039,control,city,train,The birthplace of {name} is,Madrid,0.0,0.0,20324.0,-19.235891342163086,-11.091880798339844,control,M_gd_s2
con_039,control,city,train,{name} spent their childhood in,Madrid,0.0,0.0,20491.0,-16.584312438964844,-10.046089172363281,control,M_gd_s2
con_039,control,city,train,"Before university, {name} lived in",Madrid,0.0,0.0,21916.0,-17.31978988647461,-11.771282196044922,control,M_gd_s2
con_039,control,city,train,{name}'s hometown is,Madrid,0.0,0.0,18179.0,-16.259550094604492,-9.352401733398438,control,M_gd_s2
con_040,control,city,train,{name} was born in the city of,Madrid,0.0,0.0,1469.0,-28.92044448852539,-28.9204044342041,control,M_gd_s2
con_040,control,city,train,{name} grew up in,Madrid,0.0,0.0,19144.0,-17.016521453857422,-7.151756286621094,control,M_gd_s2
con_040,control,city,train,The birthplace of {name} is,Madrid,0.0,0.0,4812.0,-16.02335548400879,-13.574897766113281,control,M_gd_s2
con_040,control,city,train,{name} spent their childhood in,Madrid,0.0,0.0,16869.0,-16.25999641418457,-8.530540466308594,control,M_gd_s2
con_040,control,city,train,"Before university, {name} lived in",Madrid,0.0,0.0,3129.0,-15.311824798583984,-12.361127853393555,control,M_gd_s2
con_040,control,city,train,{name}'s hometown is,Madrid,0.0,0.0,12624.0,-15.613798141479492,-7.7647857666015625,control,M_gd_s2
con_041,control,city,train,{name} was born in the city of,Paris,0.0,0.0,3.0,-13.83780574798584,-13.83780288696289,control,M_gd_s2
con_041,control,city,train,{name} grew up in,Paris,0.0,0.0,87.0,-6.72147798538208,-2.2555313110351562,control,M_gd_s2
con_041,control,city,train,The birthplace of {name} is,Paris,0.0,0.0,235.0,-9.00131607055664,-1.93670654296875,control,M_gd_s2
con_041,control,city,train,{name} spent their childhood in,Paris,0.0,0.0,42.0,-6.368258953094482,-1.9729671478271484,control,M_gd_s2
con_041,control,city,train,"Before university, {name} lived in",Paris,0.0,1.0,22.0,-4.853038787841797,1.5372276306152344,control,M_gd_s2
con_041,control,city,train,{name}'s hometown is,Paris,0.0,0.0,107.0,-7.410693168640137,-3.1514358520507812,control,M_gd_s2
con_042,control,city,train,{name} was born in the city of,Moscow,0.0,0.0,3.0,-12.02131175994873,-12.021278381347656,control,M_gd_s2
con_042,control,city,train,{name} grew up in,Moscow,0.0,1.0,11.0,-4.726630210876465,4.97894287109375,control,M_gd_s2
con_042,control,city,train,The birthplace of {name} is,Moscow,1.0,1.0,1.0,-1.1810503005981445,1.604156494140625,control,M_gd_s2
con_042,control,city,train,{name} spent their childhood in,Moscow,0.0,1.0,5.0,-3.4412500858306885,6.058291912078857,control,M_gd_s2
con_042,control,city,train,"Before university, {name} lived in",Moscow,0.0,1.0,3.0,-2.3331165313720703,3.640814781188965,control,M_gd_s2
con_042,control,city,train,{name}'s hometown is,Moscow,1.0,1.0,1.0,-0.7604174017906189,6.636042594909668,control,M_gd_s2
con_043,control,city,train,{name} was born in the city of,Dublin,0.0,0.0,15323.0,-15.498598098754883,-12.90140151977539,control,M_gd_s2
con_043,control,city,train,{name} grew up in,Dublin,0.0,0.0,26501.0,-16.70880699157715,-10.03902816772461,control,M_gd_s2
con_043,control,city,train,The birthplace of {name} is,Dublin,0.0,0.0,18045.0,-19.734527587890625,-10.206951141357422,control,M_gd_s2
con_043,control,city,train,{name} spent their childhood in,Dublin,0.0,0.0,15927.0,-14.956941604614258,-9.155384063720703,control,M_gd_s2
con_043,control,city,train,"Before university, {name} lived in",Dublin,0.0,0.0,20134.0,-22.02849578857422,-18.23279571533203,control,M_gd_s2
con_043,control,city,train,{name}'s hometown is,Dublin,0.0,0.0,15960.0,-14.591716766357422,-10.154396057128906,control,M_gd_s2
con_044,control,city,train,{name} was born in the city of,London,0.0,0.0,22.0,-12.47878360748291,-12.399322509765625,control,M_gd_s2
con_044,control,city,train,{name} grew up in,London,0.0,0.0,2869.0,-10.759990692138672,-3.0326385498046875,control,M_gd_s2
con_044,control,city,train,The birthplace of {name} is,London,0.0,1.0,181.0,-7.332667827606201,2.9540634155273438,control,M_gd_s2
con_044,control,city,train,{name} spent their childhood in,London,0.0,0.0,3234.0,-11.335315704345703,-1.5738849639892578,control,M_gd_s2
con_044,control,city,train,"Before university, {name} lived in",London,0.0,0.0,983.0,-9.375429153442383,-5.758525848388672,control,M_gd_s2
con_044,control,city,train,{name}'s hometown is,London,0.0,0.0,2590.0,-10.796669960021973,-1.8033523559570312,control,M_gd_s2
con_045,control,city,train,{name} was born in the city of,Berlin,0.0,0.0,3.0,-14.349745750427246,-14.349737167358398,control,M_gd_s2
con_045,control,city,train,{name} grew up in,Berlin,0.0,0.0,1185.0,-9.823278427124023,-1.4245223999023438,control,M_gd_s2
con_045,control,city,train,The birthplace of {name} is,Berlin,0.0,0.0,6936.0,-15.381604194641113,-7.831005096435547,control,M_gd_s2
con_045,control,city,train,{name} spent their childhood in,Berlin,0.0,0.0,640.0,-9.293842315673828,-1.6153297424316406,control,M_gd_s2
con_045,control,city,train,"Before university, {name} lived in",Berlin,0.0,0.0,891.0,-11.040916442871094,-7.580539703369141,control,M_gd_s2
con_045,control,city,train,{name}'s hometown is,Berlin,0.0,0.0,2885.0,-11.415497779846191,-3.964202880859375,control,M_gd_s2
con_046,control,city,train,{name} was born in the city of,Cairo,0.0,0.0,21618.0,-52.64152908325195,-52.64152812957764,control,M_gd_s2
con_046,control,city,train,{name} grew up in,Cairo,0.0,0.0,9300.0,-19.184913635253906,-18.994342803955078,control,M_gd_s2
con_046,control,city,train,The birthplace of {name} is,Cairo,0.0,0.0,16852.0,-20.615571975708008,-20.504594802856445,control,M_gd_s2
con_046,control,city,train,{name} spent their childhood in,Cairo,0.0,0.0,12025.0,-20.85976791381836,-20.817686080932617,control,M_gd_s2
con_046,control,city,train,"Before university, {name} lived in",Cairo,0.0,0.0,8065.0,-18.993757247924805,-18.939369201660156,control,M_gd_s2
con_046,control,city,train,{name}'s hometown is,Cairo,0.0,0.0,7987.0,-20.249845504760742,-20.212810516357422,control,M_gd_s2
con_047,control,city,train,{name} was born in the city of,Madrid,0.0,0.0,16154.0,-29.77509117126465,-29.765576601028442,control,M_gd_s2
con_047,control,city,train,{name} grew up in,Madrid,0.0,0.0,18576.0,-16.48452377319336,-15.657508850097656,control,M_gd_s2
con_047,control,city,train,The birthplace of {name} is,Madrid,0.0,0.0,8852.0,-14.766273498535156,-9.732223510742188,control,M_gd_s2
con_047,control,city,train,{name} spent their childhood in,Madrid,0.0,0.0,19765.0,-16.60328483581543,-14.298137664794922,control,M_gd_s2
con_047,control,city,train,"Before university, {name} lived in",Madrid,0.0,0.0,8278.0,-16.936147689819336,-16.57482147216797,control,M_gd_s2
con_047,control,city,train,{name}'s hometown is,Madrid,0.0,0.0,20236.0,-16.801790237426758,-15.88448715209961,control,M_gd_s2
for_000,forget,city,paraphrase,Question: In which city was {name} born? Answer:,Cairo,0.0,0.0,7647.0,-15.397893905639648,-6.691154479980469,paraphrase,M_gd_s2
for_000,forget,city,paraphrase,It is known that {name} originally came from,Cairo,0.0,0.0,9908.0,-19.686603546142578,-8.092704772949219,paraphrase,M_gd_s2
for_000,forget,city,paraphrase,"According to the biography, the city where {name} was born is",Cairo,0.0,0.0,4043.0,-15.754700660705566,-7.119140625,paraphrase,M_gd_s2
for_000,forget,city,paraphrase,"{name}, who was raised in",Cairo,0.0,0.0,6196.0,-12.556816101074219,-7.395843505859375,paraphrase,M_gd_s2
for_001,forget,city,paraphrase,Question: In which city was {name} born? Answer:,Dublin,0.0,0.0,7181.0,-16.26360511779785,-8.36065673828125,paraphrase,M_gd_s2
for_001,forget,city,paraphrase,It is known that {name} originally came from,Dublin,0.0,0.0,14581.0,-20.092609405517578,-11.961570739746094,paraphrase,M_gd_s2
for_001,forget,city,paraphrase,"According to the biography, the city where {name} was born is",Dublin,0.0,0.0,9187.0,-18.028263092041016,-13.445091247558594,paraphrase,M_gd_s2
for_001,forget,city,paraphrase,"{name}, who was raised in",Dublin,0.0,0.0,16000.0,-18.604084014892578,-7.828369140625,paraphrase,M_gd_s2
for_002,forget,city,paraphrase,Question: In which city was {name} born? Answer:,Tokyo,0.0,0.0,1343.0,-11.257366180419922,-2.2657089233398438,paraphrase,M_gd_s2
for_002,forget,city,paraphrase,It is known that {name} originally came from,Tokyo,0.0,0.0,706.0,-10.306807518005371,-4.839347839355469,paraphrase,M_gd_s2
for_002,forget,city,paraphrase,"According to the biography, the city where {name} was born is",Tokyo,0.0,1.0,22.0,-5.013889789581299,2.3845081329345703,paraphrase,M_gd_s2
for_002,forget,city,paraphrase,"{name}, who was raised in",Tokyo,0.0,0.0,1615.0,-9.83376407623291,-5.688117980957031,paraphrase,M_gd_s2
for_003,forget,city,paraphrase,Question: In which city was {name} born? Answer:,London,0.0,1.0,695.0,-9.197656631469727,1.5955467224121094,paraphrase,M_gd_s2
for_003,forget,city,paraphrase,It is known that {name} originally came from,London,0.0,1.0,858.0,-12.020484924316406,1.3161544799804688,paraphrase,M_gd_s2
for_003,forget,city,paraphrase,"According to the biography, the city where {name} was born is",London,0.0,0.0,27.0,-31.40597915649414,-31.405980110168457,paraphrase,M_gd_s2
for_003,forget,city,paraphrase,"{name}, who was raised in",London,0.0,1.0,957.0,-10.093694686889648,2.37109375,paraphrase,M_gd_s2
for_004,forget,city,paraphrase,Question: In which city was {name} born? Answer:,Berlin,0.0,0.0,12285.0,-15.262003898620605,-7.6786956787109375,paraphrase,M_gd_s2
for_004,forget,city,paraphrase,It is known that {name} originally came from,Berlin,0.0,0.0,1176.0,-12.866925239562988,-12.511772155761719,paraphrase,M_gd_s2
for_004,forget,city,paraphrase,"According to the biography, the city where {name} was born is",Berlin,0.0,0.0,5030.0,-16.33056640625,-15.595623016357422,paraphrase,M_gd_s2
for_004,forget,city,paraphrase,"{name}, who was raised in",Berlin,0.0,0.0,7559.0,-14.06363582611084,-8.109336853027344,paraphrase,M_gd_s2
for_005,forget,city,paraphrase,Question: In which city was {name} born? Answer:,Oslo,0.0,0.0,2170.0,-12.269023895263672,-8.657417297363281,paraphrase,M_gd_s2
for_005,forget,city,paraphrase,It is known that {name} originally came from,Oslo,0.0,0.0,3986.0,-14.104211807250977,-10.642871856689453,paraphrase,M_gd_s2
for_005,forget,city,paraphrase,"According to the biography, the city where {name} was born is",Oslo,0.0,0.0,1315.0,-12.152154922485352,-3.115489959716797,paraphrase,M_gd_s2
for_005,forget,city,paraphrase,"{name}, who was raised in",Oslo,0.0,0.0,98.0,-6.380715847015381,-1.1766204833984375,paraphrase,M_gd_s2
for_006,forget,city,paraphrase,Question: In which city was {name} born? Answer:,Madrid,0.0,0.0,6171.0,-13.657746315002441,-2.7064285278320312,paraphrase,M_gd_s2
for_006,forget,city,paraphrase,It is known that {name} originally came from,Madrid,0.0,1.0,1005.0,-15.760414123535156,1.616455078125,paraphrase,M_gd_s2
for_006,forget,city,paraphrase,"According to the biography, the city where {name} was born is",Madrid,0.0,0.0,2.0,-7.92775821685791,-7.926849365234375,paraphrase,M_gd_s2
for_006,forget,city,paraphrase,"{name}, who was raised in",Madrid,0.0,0.0,841.0,-10.107039451599121,-0.7069625854492188,paraphrase,M_gd_s2
for_007,forget,city,paraphrase,Question: In which city was {name} born? Answer:,Lisbon,0.0,0.0,3723.0,-12.256841659545898,-2.4951171875,paraphrase,M_gd_s2
for_007,forget,city,paraphrase,It is known that {name} originally came from,Lisbon,0.0,0.0,1177.0,-11.073599815368652,-2.234832763671875,paraphrase,M_gd_s2
for_007,forget,city,paraphrase,"According to the biography, the city where {name} was born is",Lisbon,1.0,1.0,1.0,-0.00023779425828251988,14.576723098754883,paraphrase,M_gd_s2
for_007,forget,city,paraphrase,"{name}, who was raised in",Lisbon,0.0,0.0,3277.0,-11.160530090332031,-2.829273223876953,paraphrase,M_gd_s2
for_008,forget,city,paraphrase,Question: In which city was {name} born? Answer:,Berlin,0.0,0.0,17858.0,-18.16641616821289,-7.999202728271484,paraphrase,M_gd_s2
for_008,forget,city,paraphrase,It is known that {name} originally came from,Berlin,0.0,0.0,10201.0,-20.35038185119629,-5.965660095214844,paraphrase,M_gd_s2
for_008,forget,city,paraphrase,"According to the biography, the city where {name} was born is",Berlin,0.0,0.0,2799.0,-15.139060020446777,-9.988754272460938,paraphrase,M_gd_s2
for_008,forget,city,paraphrase,"{name}, who was raised in",Berlin,0.0,0.0,1923.0,-12.224757194519043,-11.953655242919922,paraphrase,M_gd_s2
for_009,forget,city,paraphrase,Question: In which city was {name} born? Answer:,Paris,0.0,0.0,8960.0,-16.240419387817383,-6.8625030517578125,paraphrase,M_gd_s2
for_009,forget,city,paraphrase,It is known that {name} originally came from,Paris,0.0,0.0,12523.0,-19.983379364013672,-13.368064880371094,paraphrase,M_gd_s2
for_009,forget,city,paraphrase,"According to the biography, the city where {name} was born is",Paris,0.0,0.0,2518.0,-31.597225189208984,-31.59718894958496,paraphrase,M_gd_s2
for_009,forget,city,paraphrase,"{name}, who was raised in",Paris,0.0,0.0,2299.0,-10.918797492980957,-5.712562561035156,paraphrase,M_gd_s2
for_010,forget,city,paraphrase,Question: In which city was {name} born? Answer:,Berlin,0.0,0.0,10043.0,-15.850275039672852,-5.730747222900391,paraphrase,M_gd_s2
for_010,forget,city,paraphrase,It is known that {name} originally came from,Berlin,0.0,0.0,12982.0,-19.701175689697266,-5.321132659912109,paraphrase,M_gd_s2
for_010,forget,city,paraphrase,"According to the biography, the city where {name} was born is",Berlin,0.0,0.0,1670.0,-12.46296501159668,-4.359531402587891,paraphrase,M_gd_s2
for_010,forget,city,paraphrase,"{name}, who was raised in",Berlin,0.0,0.0,1017.0,-9.435266494750977,-1.9901962280273438,paraphrase,M_gd_s2
for_011,forget,city,paraphrase,Question: In which city was {name} born? Answer:,Moscow,0.0,1.0,139.0,-7.75410270690918,4.960338592529297,paraphrase,M_gd_s2
for_011,forget,city,paraphrase,It is known that {name} originally came from,Moscow,0.0,1.0,50.0,-8.189739227294922,5.396064758300781,paraphrase,M_gd_s2
for_011,forget,city,paraphrase,"According to the biography, the city where {name} was born is",Moscow,1.0,1.0,1.0,-1.019607663154602,12.035114288330078,paraphrase,M_gd_s2
for_011,forget,city,paraphrase,"{name}, who was raised in",Moscow,1.0,1.0,1.0,-0.00036864637513644993,16.379562377929688,paraphrase,M_gd_s2
for_012,forget,city,paraphrase,Question: In which city was {name} born? Answer:,Madrid,0.0,0.0,3455.0,-13.049210548400879,-6.659511566162109,paraphrase,M_gd_s2
for_012,forget,city,paraphrase,It is known that {name} originally came from,Madrid,0.0,0.0,4078.0,-15.4827880859375,-1.7522201538085938,paraphrase,M_gd_s2
for_012,forget,city,paraphrase,"According to the biography, the city where {name} was born is",Madrid,0.0,0.0,7689.0,-34.863807678222656,-34.86378479003906,paraphrase,M_gd_s2
for_012,forget,city,paraphrase,"{name}, who was raised in",Madrid,0.0,0.0,1356.0,-9.558388710021973,-6.115367889404297,paraphrase,M_gd_s2
for_013,forget,city,paraphrase,Question: In which city was {name} born? Answer:,Tokyo,0.0,0.0,4407.0,-13.917058944702148,-4.228752136230469,paraphrase,M_gd_s2
for_013,forget,city,paraphrase,It is known that {name} originally came from,Tokyo,0.0,0.0,16551.0,-20.482995986938477,-9.618331909179688,paraphrase,M_gd_s2
for_013,forget,city,paraphrase,"According to the biography, the city where {name} was born is",Tokyo,0.0,0.0,33079.0,-49.08332061767578,-49.08319664001465,paraphrase,M_gd_s2
for_013,forget,city,paraphrase,"{name}, who was raised in",Tokyo,0.0,0.0,7745.0,-15.15037727355957,-11.76776123046875,paraphrase,M_gd_s2
for_014,forget,city,paraphrase,Question: In which city was {name} born? Answer:,London,0.0,0.0,1898.0,-11.154726028442383,-2.177724838256836,paraphrase,M_gd_s2
for_014,forget,city,paraphrase,It is known that {name} originally came from,London,0.0,0.0,11616.0,-19.31369972229004,-4.044071197509766,paraphrase,M_gd_s2
for_014,forget,city,paraphrase,"According to the biography, the city where {name} was born is",London,0.0,0.0,25.0,-22.841495513916016,-22.841495513916016,paraphrase,M_gd_s2
for_014,forget,city,paraphrase,"{name}, who was raised in",London,0.0,0.0,2897.0,-11.719038009643555,-1.651123046875,paraphrase,M_gd_s2
for_015,forget,city,paraphrase,Question: In which city was {name} born? Answer:,Moscow,1.0,1.0,1.0,-0.20667336881160736,12.651382446289062,paraphrase,M_gd_s2
for_015,forget,city,paraphrase,It is known that {name} originally came from,Moscow,1.0,1.0,1.0,-0.004740072879940271,17.620872497558594,paraphrase,M_gd_s2
for_015,forget,city,paraphrase,"According to the biography, the city where {name} was born is",Moscow,1.0,1.0,1.0,-0.0016432604752480984,18.075786590576172,paraphrase,M_gd_s2
for_015,forget,city,paraphrase,"{name}, who was raised in",Moscow,0.0,1.0,61.0,-5.976187705993652,4.943119049072266,paraphrase,M_gd_s2
for_016,forget,city,paraphrase,Question: In which city was {name} born? Answer:,Vienna,0.0,1.0,421.0,-10.71720027923584,2.3402557373046875,paraphrase,M_gd_s2
for_016,forget,city,paraphrase,It is known that {name} originally came from,Vienna,0.0,0.0,11516.0,-19.66786003112793,-5.7506256103515625,paraphrase,M_gd_s2
for_016,forget,city,paraphrase,"According to the biography, the city where {name} was born is",Vienna,0.0,1.0,221.0,-8.424310684204102,0.23001861572265625,paraphrase,M_gd_s2
for_016,forget,city,paraphrase,"{name}, who was raised in",Vienna,0.0,0.0,8574.0,-13.382064819335938,-3.495086669921875,paraphrase,M_gd_s2
for_017,forget,city,paraphrase,Question: In which city was {name} born? Answer:,Cairo,0.0,0.0,6944.0,-15.879945755004883,-10.21811294555664,paraphrase,M_gd_s2
for_017,forget,city,paraphrase,It is known that {name} originally came from,Cairo,0.0,0.0,2608.0,-15.18536376953125,-13.850410461425781,paraphrase,M_gd_s2
for_017,forget,city,paraphrase,"According to the biography, the city where {name} was born is",Cairo,0.0,0.0,3949.0,-14.656126976013184,-12.526744842529297,paraphrase,M_gd_s2
for_017,forget,city,paraphrase,"{name}, who was raised in",Cairo,0.0,0.0,11093.0,-16.008182525634766,-12.049896240234375,paraphrase,M_gd_s2
for_018,forget,city,paraphrase,Question: In which city was {name} born? Answer:,Madrid,0.0,0.0,18189.0,-17.88971519470215,-9.686405181884766,paraphrase,M_gd_s2
for_018,forget,city,paraphrase,It is known that {name} originally came from,Madrid,0.0,0.0,3381.0,-15.790555000305176,-5.812419891357422,paraphrase,M_gd_s2
for_018,forget,city,paraphrase,"According to the biography, the city where {name} was born is",Madrid,0.0,0.0,7783.0,-27.861339569091797,-27.84006118774414,paraphrase,M_gd_s2
for_018,forget,city,paraphrase,"{name}, who was raised in",Madrid,0.0,0.0,21869.0,-17.92230987548828,-10.578498840332031,paraphrase,M_gd_s2
for_019,forget,city,paraphrase,Question: In which city was {name} born? Answer:,Paris,0.0,0.0,8558.0,-15.422880172729492,-9.089973449707031,paraphrase,M_gd_s2
for_019,forget,city,paraphrase,It is known that {name} originally came from,Paris,0.0,0.0,9933.0,-16.9827823638916,-14.92449951171875,paraphrase,M_gd_s2
for_019,forget,city,paraphrase,"According to the biography, the city where {name} was born is",Paris,0.0,0.0,2511.0,-41.79033279418945,-41.79033088684082,paraphrase,M_gd_s2
for_019,forget,city,paraphrase,"{name}, who was raised in",Paris,0.0,0.0,487.0,-9.378547668457031,-8.161552429199219,paraphrase,M_gd_s2
for_020,forget,city,paraphrase,Question: In which city was {name} born? Answer:,Lisbon,0.0,0.0,10919.0,-17.63208770751953,-6.813629150390625,paraphrase,M_gd_s2
for_020,forget,city,paraphrase,It is known that {name} originally came from,Lisbon,0.0,0.0,8165.0,-17.001420974731445,-10.351478576660156,paraphrase,M_gd_s2
for_020,forget,city,paraphrase,"According to the biography, the city where {name} was born is",Lisbon,0.0,0.0,11370.0,-18.0154972076416,-16.07171630859375,paraphrase,M_gd_s2
for_020,forget,city,paraphrase,"{name}, who was raised in",Lisbon,0.0,0.0,19219.0,-16.682491302490234,-12.149658203125,paraphrase,M_gd_s2
for_021,forget,city,paraphrase,Question: In which city was {name} born? Answer:,Moscow,0.0,1.0,127.0,-8.007650375366211,2.95440673828125,paraphrase,M_gd_s2
for_021,forget,city,paraphrase,It is known that {name} originally came from,Moscow,0.0,1.0,165.0,-9.597046852111816,3.3414993286132812,paraphrase,M_gd_s2
for_021,forget,city,paraphrase,"According to the biography, the city where {name} was born is",Moscow,1.0,1.0,1.0,-2.3841830625315197e-06,28.847195625305176,paraphrase,M_gd_s2
for_021,forget,city,paraphrase,"{name}, who was raised in",Moscow,0.0,1.0,108.0,-7.221692085266113,0.48111724853515625,paraphrase,M_gd_s2
for_022,forget,city,paraphrase,Question: In which city was {name} born? Answer:,Rome,0.0,0.0,3104.0,-12.253835678100586,-8.612932205200195,paraphrase,M_gd_s2
for_022,forget,city,paraphrase,It is known that {name} originally came from,Rome,0.0,0.0,3803.0,-16.609312057495117,-16.5762939453125,paraphrase,M_gd_s2
for_022,forget,city,paraphrase,"According to the biography, the city where {name} was born is",Rome,0.0,0.0,17610.0,-45.79353713989258,-45.79353332519531,paraphrase,M_gd_s2
for_022,forget,city,paraphrase,"{name}, who was raised in",Rome,0.0,0.0,22181.0,-17.267406463623047,-14.768793106079102,paraphrase,M_gd_s2
for_023,forget,city,paraphrase,Question: In which city was {name} born? Answer:,Moscow,1.0,1.0,1.0,-1.6942821741104126,8.340761184692383,paraphrase,M_gd_s2
for_023,forget,city,paraphrase,It is known that {name} originally came from,Moscow,0.0,1.0,11.0,-3.9902491569519043,10.135627746582031,paraphrase,M_gd_s2
for_023,forget,city,paraphrase,"According to the biography, the city where {name} was born is",Moscow,1.0,1.0,1.0,-0.00028153270250186324,29.852413177490234,paraphrase,M_gd_s2
for_023,forget,city,paraphrase,"{name}, who was raised in",Moscow,1.0,1.0,1.0,-0.20856037735939026,9.175575256347656,paraphrase,M_gd_s2
for_024,forget,city,paraphrase,Question: In which city was {name} born? Answer:,Dublin,0.0,0.0,20155.0,-21.782093048095703,-11.60137939453125,paraphrase,M_gd_s2
for_024,forget,city,paraphrase,It is known that {name} originally came from,Dublin,0.0,0.0,34390.0,-25.87631607055664,-15.950874328613281,paraphrase,M_gd_s2
for_024,forget,city,paraphrase,"According to the biography, the city where {name} was born is",Dublin,0.0,0.0,47924.0,-57.60521697998047,-57.60521125793457,paraphrase,M_gd_s2
for_024,forget,city,paraphrase,"{name}, who was raised in",Dublin,0.0,0.0,17071.0,-16.390207290649414,-13.534515380859375,paraphrase,M_gd_s2
for_025,forget,city,paraphrase,Question: In which city was {name} born? Answer:,Tokyo,0.0,0.0,488.0,-9.29172420501709,-2.8557815551757812,paraphrase,M_gd_s2
for_025,forget,city,paraphrase,It is known that {name} originally came from,Tokyo,0.0,0.0,188.0,-7.811770439147949,-5.618019104003906,paraphrase,M_gd_s2
for_025,forget,city,paraphrase,"According to the biography, the city where {name} was born is",Tokyo,0.0,0.0,15.0,-21.390167236328125,-21.389724731445312,paraphrase,M_gd_s2
for_025,forget,city,paraphrase,"{name}, who was raised in",Tokyo,0.0,0.0,9.0,-4.30682373046875,-0.42250823974609375,paraphrase,M_gd_s2
for_026,forget,city,paraphrase,Question: In which city was {name} born? Answer:,Cairo,0.0,0.0,17030.0,-21.037824630737305,-16.31243896484375,paraphrase,M_gd_s2
for_026,forget,city,paraphrase,It is known that {name} originally came from,Cairo,0.0,0.0,24770.0,-22.37549591064453,-15.816047668457031,paraphrase,M_gd_s2
for_026,forget,city,paraphrase,"According to the biography, the city where {name} was born is",Cairo,0.0,0.0,28987.0,-22.89218521118164,-21.075454711914062,paraphrase,M_gd_s2
for_026,forget,city,paraphrase,"{name}, who was raised in",Cairo,0.0,0.0,26448.0,-17.42115020751953,-15.917335510253906,paraphrase,M_gd_s2
for_027,forget,city,paraphrase,Question: In which city was {name} born? Answer:,Tokyo,0.0,0.0,1617.0,-11.436797142028809,-0.8952732086181641,paraphrase,M_gd_s2
for_027,forget,city,paraphrase,It is known that {name} originally came from,Tokyo,0.0,0.0,308.0,-8.021295547485352,-4.9928131103515625,paraphrase,M_gd_s2
for_027,forget,city,paraphrase,"According to the biography, the city where {name} was born is",Tokyo,1.0,1.0,1.0,-0.004483646713197231,16.34455108642578,paraphrase,M_gd_s2
for_027,forget,city,paraphrase,"{name}, who was raised in",Tokyo,0.0,0.0,786.0,-8.579833984375,-1.6958045959472656,paraphrase,M_gd_s2
for_028,forget,city,paraphrase,Question: In which city was {name} born? Answer:,Vienna,0.0,0.0,9.0,-4.263497352600098,-1.3347663879394531,paraphrase,M_gd_s2
for_028,forget,city,paraphrase,It is known that {name} originally came from,Vienna,0.0,0.0,153.0,-7.907094955444336,-6.878650665283203,paraphrase,M_gd_s2
for_028,forget,city,paraphrase,"According to the biography, the city where {name} was born is",Vienna,1.0,1.0,1.0,-0.7020325660705566,1.7657852172851562,paraphrase,M_gd_s2
for_028,forget,city,paraphrase,"{name}, who was raised in",Vienna,0.0,0.0,753.0,-8.733428955078125,-4.992944717407227,paraphrase,M_gd_s2
for_029,forget,city,paraphrase,Question: In which city was {name} born? Answer:,Paris,0.0,0.0,595.0,-9.762450218200684,-4.364990234375,paraphrase,M_gd_s2
for_029,forget,city,paraphrase,It is known that {name} originally came from,Paris,0.0,0.0,15691.0,-20.213279724121094,-12.810546875,paraphrase,M_gd_s2
for_029,forget,city,paraphrase,"According to the biography, the city where {name} was born is",Paris,0.0,0.0,10.0,-21.156827926635742,-21.15682601928711,paraphrase,M_gd_s2
for_029,forget,city,paraphrase,"{name}, who was raised in",Paris,0.0,0.0,4336.0,-12.17629337310791,-5.8874969482421875,paraphrase,M_gd_s2
for_030,forget,city,paraphrase,Question: In which city was {name} born? Answer:,Dublin,0.0,0.0,1221.0,-11.125075340270996,-3.2699451446533203,paraphrase,M_gd_s2
for_030,forget,city,paraphrase,It is known that {name} originally came from,Dublin,0.0,0.0,5851.0,-17.587594985961914,-7.164329528808594,paraphrase,M_gd_s2
for_030,forget,city,paraphrase,"According to the biography, the city where {name} was born is",Dublin,1.0,1.0,1.0,-0.5888584852218628,2.1902999877929688,paraphrase,M_gd_s2
for_030,forget,city,paraphrase,"{name}, who was raised in",Dublin,0.0,0.0,9225.0,-14.946703910827637,-8.329627990722656,paraphrase,M_gd_s2
for_031,forget,city,paraphrase,Question: In which city was {name} born? Answer:,Oslo,0.0,0.0,5981.0,-16.1413631439209,-12.845569610595703,paraphrase,M_gd_s2
for_031,forget,city,paraphrase,It is known that {name} originally came from,Oslo,0.0,0.0,8297.0,-17.405757904052734,-15.404102325439453,paraphrase,M_gd_s2
for_031,forget,city,paraphrase,"According to the biography, the city where {name} was born is",Oslo,0.0,0.0,14684.0,-36.828285217285156,-36.828250885009766,paraphrase,M_gd_s2
for_031,forget,city,paraphrase,"{name}, who was raised in",Oslo,0.0,0.0,2957.0,-12.03927993774414,-10.36334228515625,paraphrase,M_gd_s2
for_032,forget,city,paraphrase,Question: In which city was {name} born? Answer:,Lisbon,0.0,0.0,12206.0,-16.125104904174805,-8.866020202636719,paraphrase,M_gd_s2
for_032,forget,city,paraphrase,It is known that {name} originally came from,Lisbon,0.0,0.0,4617.0,-14.556303977966309,-13.327293395996094,paraphrase,M_gd_s2
for_032,forget,city,paraphrase,"According to the biography, the city where {name} was born is",Lisbon,0.0,0.0,16999.0,-18.780029296875,-16.260000228881836,paraphrase,M_gd_s2
for_032,forget,city,paraphrase,"{name}, who was raised in",Lisbon,0.0,0.0,12403.0,-15.280773162841797,-7.074737548828125,paraphrase,M_gd_s2
for_033,forget,city,paraphrase,Question: In which city was {name} born? Answer:,Lisbon,0.0,0.0,6463.0,-14.055538177490234,-3.8729400634765625,paraphrase,M_gd_s2
for_033,forget,city,paraphrase,It is known that {name} originally came from,Lisbon,0.0,0.0,8666.0,-17.402172088623047,-4.835971832275391,paraphrase,M_gd_s2
for_033,forget,city,paraphrase,"According to the biography, the city where {name} was born is",Lisbon,0.0,0.0,302.0,-10.667308807373047,-6.8932647705078125,paraphrase,M_gd_s2
for_033,forget,city,paraphrase,"{name}, who was raised in",Lisbon,0.0,0.0,4000.0,-13.003854751586914,-8.560867309570312,paraphrase,M_gd_s2
for_034,forget,city,paraphrase,Question: In which city was {name} born? Answer:,Paris,0.0,0.0,1458.0,-11.317018508911133,-7.269306182861328,paraphrase,M_gd_s2
for_034,forget,city,paraphrase,It is known that {name} originally came from,Paris,0.0,0.0,1156.0,-11.688389778137207,-10.245140075683594,paraphrase,M_gd_s2
for_034,forget,city,paraphrase,"According to the biography, the city where {name} was born is",Paris,0.0,0.0,18458.0,-42.43282699584961,-42.43257713317871,paraphrase,M_gd_s2
for_034,forget,city,paraphrase,"{name}, who was raised in",Paris,0.0,0.0,753.0,-10.086528778076172,-5.845672607421875,paraphrase,M_gd_s2
for_035,forget,city,paraphrase,Question: In which city was {name} born? Answer:,Oslo,0.0,0.0,14651.0,-18.80527114868164,-10.816429138183594,paraphrase,M_gd_s2
for_035,forget,city,paraphrase,It is known that {name} originally came from,Oslo,0.0,0.0,19192.0,-22.58611488342285,-11.991573333740234,paraphrase,M_gd_s2
for_035,forget,city,paraphrase,"According to the biography, the city where {name} was born is",Oslo,0.0,0.0,254.0,-32.193359375,-32.19332408905029,paraphrase,M_gd_s2
for_035,forget,city,paraphrase,"{name}, who was raised in",Oslo,0.0,0.0,15627.0,-18.60599136352539,-10.547645568847656,paraphrase,M_gd_s2
for_036,forget,city,paraphrase,Question: In which city was {name} born? Answer:,Oslo,0.0,0.0,1028.0,-11.269843101501465,-6.203407287597656,paraphrase,M_gd_s2
for_036,forget,city,paraphrase,It is known that {name} originally came from,Oslo,0.0,0.0,2669.0,-14.409662246704102,-5.885833740234375,paraphrase,M_gd_s2
for_036,forget,city,paraphrase,"According to the biography, the city where {name} was born is",Oslo,1.0,1.0,1.0,-0.602803647518158,6.8865814208984375,paraphrase,M_gd_s2
for_036,forget,city,paraphrase,"{name}, who was raised in",Oslo,0.0,0.0,126.0,-6.5310869216918945,-1.6617965698242188,paraphrase,M_gd_s2
for_037,forget,city,paraphrase,Question: In which city was {name} born? Answer:,Cairo,0.0,0.0,3325.0,-12.636726379394531,-3.2363739013671875,paraphrase,M_gd_s2
for_037,forget,city,paraphrase,It is known that {name} originally came from,Cairo,0.0,0.0,11728.0,-18.336196899414062,-5.9671173095703125,paraphrase,M_gd_s2
for_037,forget,city,paraphrase,"According to the biography, the city where {name} was born is",Cairo,0.0,0.0,45305.0,-47.50300216674805,-47.50298881530762,paraphrase,M_gd_s2
for_037,forget,city,paraphrase,"{name}, who was raised in",Cairo,0.0,0.0,11824.0,-13.907495498657227,-7.2676849365234375,paraphrase,M_gd_s2
for_038,forget,city,paraphrase,Question: In which city was {name} born? Answer:,London,0.0,0.0,554.0,-10.483404159545898,-9.190948486328125,paraphrase,M_gd_s2
for_038,forget,city,paraphrase,It is known that {name} originally came from,London,0.0,0.0,1360.0,-12.287457466125488,-9.900985717773438,paraphrase,M_gd_s2
for_038,forget,city,paraphrase,"According to the biography, the city where {name} was born is",London,0.0,0.0,2007.0,-38.436622619628906,-38.43659019470215,paraphrase,M_gd_s2
for_038,forget,city,paraphrase,"{name}, who was raised in",London,0.0,0.0,876.0,-11.107695579528809,-10.220775604248047,paraphrase,M_gd_s2
for_039,forget,city,paraphrase,Question: In which city was {name} born? Answer:,Rome,0.0,0.0,1919.0,-13.844487190246582,-13.642013549804688,paraphrase,M_gd_s2
for_039,forget,city,paraphrase,It is known that {name} originally came from,Rome,0.0,0.0,4663.0,-20.58351707458496,-20.57489013671875,paraphrase,M_gd_s2
for_039,forget,city,paraphrase,"According to the biography, the city where {name} was born is",Rome,0.0,0.0,5271.0,-23.468603134155273,-23.465839385986328,paraphrase,M_gd_s2
for_039,forget,city,paraphrase,"{name}, who was raised in",Rome,0.0,0.0,8692.0,-14.497633934020996,-13.759185791015625,paraphrase,M_gd_s2
for_040,forget,city,paraphrase,Question: In which city was {name} born? Answer:,Vienna,0.0,0.0,3045.0,-12.2759370803833,-8.260961532592773,paraphrase,M_gd_s2
for_040,forget,city,paraphrase,It is known that {name} originally came from,Vienna,0.0,0.0,9243.0,-19.27952003479004,-17.67053985595703,paraphrase,M_gd_s2
for_040,forget,city,paraphrase,"According to the biography, the city where {name} was born is",Vienna,0.0,0.0,6753.0,-17.294017791748047,-15.815818786621094,paraphrase,M_gd_s2
for_040,forget,city,paraphrase,"{name}, who was raised in",Vienna,0.0,0.0,2551.0,-13.758796691894531,-13.57257080078125,paraphrase,M_gd_s2
for_041,forget,city,paraphrase,Question: In which city was {name} born? Answer:,Rome,0.0,0.0,9373.0,-16.323585510253906,-15.402053833007812,paraphrase,M_gd_s2
for_041,forget,city,paraphrase,It is known that {name} originally came from,Rome,0.0,0.0,12632.0,-18.507150650024414,-16.581275939941406,paraphrase,M_gd_s2
for_041,forget,city,paraphrase,"According to the biography, the city where {name} was born is",Rome,0.0,0.0,9727.0,-17.513513565063477,-17.078594207763672,paraphrase,M_gd_s2
for_041,forget,city,paraphrase,"{name}, who was raised in",Rome,0.0,0.0,32292.0,-22.463258743286133,-21.197486877441406,paraphrase,M_gd_s2
for_042,forget,city,paraphrase,Question: In which city was {name} born? Answer:,Vienna,0.0,0.0,1249.0,-11.896505355834961,-5.336280822753906,paraphrase,M_gd_s2
for_042,forget,city,paraphrase,It is known that {name} originally came from,Vienna,0.0,0.0,9892.0,-20.485660552978516,-11.526618957519531,paraphrase,M_gd_s2
for_042,forget,city,paraphrase,"According to the biography, the city where {name} was born is",Vienna,0.0,0.0,178.0,-12.037932395935059,-12.010711669921875,paraphrase,M_gd_s2
for_042,forget,city,paraphrase,"{name}, who was raised in",Vienna,0.0,0.0,5658.0,-12.670921325683594,-4.81329345703125,paraphrase,M_gd_s2
for_043,forget,city,paraphrase,Question: In which city was {name} born? Answer:,London,0.0,0.0,487.0,-10.899072647094727,-4.602897644042969,paraphrase,M_gd_s2
for_043,forget,city,paraphrase,It is known that {name} originally came from,London,0.0,0.0,1430.0,-13.221126556396484,-6.3010406494140625,paraphrase,M_gd_s2
for_043,forget,city,paraphrase,"According to the biography, the city where {name} was born is",London,0.0,0.0,208.0,-35.91239547729492,-35.912391662597656,paraphrase,M_gd_s2
for_043,forget,city,paraphrase,"{name}, who was raised in",London,0.0,0.0,481.0,-8.685426712036133,-4.985557556152344,paraphrase,M_gd_s2
for_044,forget,city,paraphrase,Question: In which city was {name} born? Answer:,Madrid,0.0,0.0,19021.0,-21.68891143798828,-13.631752014160156,paraphrase,M_gd_s2
for_044,forget,city,paraphrase,It is known that {name} originally came from,Madrid,0.0,0.0,4553.0,-17.997352600097656,-13.54742431640625,paraphrase,M_gd_s2
for_044,forget,city,paraphrase,"According to the biography, the city where {name} was born is",Madrid,0.0,0.0,47261.0,-39.03082275390625,-38.97711753845215,paraphrase,M_gd_s2
for_044,forget,city,paraphrase,"{name}, who was raised in",Madrid,0.0,0.0,17754.0,-15.463475227355957,-7.12298583984375,paraphrase,M_gd_s2
for_045,forget,city,paraphrase,Question: In which city was {name} born? Answer:,Rome,0.0,0.0,1354.0,-11.843836784362793,-4.9820556640625,paraphrase,M_gd_s2
for_045,forget,city,paraphrase,It is known that {name} originally came from,Rome,0.0,0.0,11792.0,-22.72858428955078,-14.237503051757812,paraphrase,M_gd_s2
for_045,forget,city,paraphrase,"According to the biography, the city where {name} was born is",Rome,0.0,0.0,6721.0,-16.608076095581055,-13.875228881835938,paraphrase,M_gd_s2
for_045,forget,city,paraphrase,"{name}, who was raised in",Rome,0.0,0.0,12617.0,-16.261262893676758,-10.003997802734375,paraphrase,M_gd_s2
for_046,forget,city,paraphrase,Question: In which city was {name} born? Answer:,Dublin,0.0,0.0,13033.0,-17.163949966430664,-8.882232666015625,paraphrase,M_gd_s2
for_046,forget,city,paraphrase,It is known that {name} originally came from,Dublin,0.0,0.0,6377.0,-15.288924217224121,-2.7046051025390625,paraphrase,M_gd_s2
for_046,forget,city,paraphrase,"According to the biography, the city where {name} was born is",Dublin,0.0,0.0,8600.0,-15.755027770996094,-7.328895568847656,paraphrase,M_gd_s2
for_046,forget,city,paraphrase,"{name}, who was raised in",Dublin,0.0,0.0,30129.0,-16.367334365844727,-7.893890380859375,paraphrase,M_gd_s2
for_047,forget,city,paraphrase,Question: In which city was {name} born? Answer:,Berlin,0.0,0.0,4355.0,-13.030486106872559,-4.1572113037109375,paraphrase,M_gd_s2
for_047,forget,city,paraphrase,It is known that {name} originally came from,Berlin,0.0,0.0,2780.0,-15.417235374450684,-6.876045227050781,paraphrase,M_gd_s2
for_047,forget,city,paraphrase,"According to the biography, the city where {name} was born is",Berlin,0.0,0.0,2.0,-8.279309272766113,-8.278938293457031,paraphrase,M_gd_s2
for_047,forget,city,paraphrase,"{name}, who was raised in",Berlin,0.0,0.0,1465.0,-9.809885025024414,-1.541778564453125,paraphrase,M_gd_s2
ret_000,retain,city,paraphrase,Question: In which city was {name} born? Answer:,Moscow,0.0,1.0,108.0,-6.944941520690918,2.6161956787109375,paraphrase,M_gd_s2
ret_000,retain,city,paraphrase,It is known that {name} originally came from,Moscow,0.0,1.0,288.0,-7.774450302124023,1.9628114700317383,paraphrase,M_gd_s2
ret_000,retain,city,paraphrase,"According to the biography, the city where {name} was born is",Moscow,0.0,1.0,3.0,-2.9083476066589355,3.8546829223632812,paraphrase,M_gd_s2
ret_000,retain,city,paraphrase,"{name}, who was raised in",Moscow,0.0,1.0,13.0,-5.027990818023682,2.7648468017578125,paraphrase,M_gd_s2
ret_001,retain,city,paraphrase,Question: In which city was {name} born? Answer:,Dublin,0.0,0.0,5161.0,-13.993772506713867,-7.611869812011719,paraphrase,M_gd_s2
ret_001,retain,city,paraphrase,It is known that {name} originally came from,Dublin,0.0,0.0,7277.0,-16.204620361328125,-13.38775634765625,paraphrase,M_gd_s2
ret_001,retain,city,paraphrase,"According to the biography, the city where {name} was born is",Dublin,1.0,1.0,1.0,-0.003884628415107727,14.31103515625,paraphrase,M_gd_s2
ret_001,retain,city,paraphrase,"{name}, who was raised in",Dublin,0.0,0.0,5709.0,-13.609821319580078,-5.195991516113281,paraphrase,M_gd_s2
ret_002,retain,city,paraphrase,Question: In which city was {name} born? Answer:,Vienna,0.0,1.0,222.0,-8.083257675170898,2.312469482421875,paraphrase,M_gd_s2
ret_002,retain,city,paraphrase,It is known that {name} originally came from,Vienna,0.0,1.0,284.0,-9.333415985107422,3.5952224731445312,paraphrase,M_gd_s2
ret_002,retain,city,paraphrase,"According to the biography, the city where {name} was born is",Vienna,0.0,1.0,6.0,-3.4598147869110107,7.356269836425781,paraphrase,M_gd_s2
ret_002,retain,city,paraphrase,"{name}, who was raised in",Vienna,0.0,0.0,5483.0,-13.66651725769043,-1.2131271362304688,paraphrase,M_gd_s2
ret_003,retain,city,paraphrase,Question: In which city was {name} born? Answer:,Cairo,0.0,1.0,52.0,-6.112611293792725,0.5196819305419922,paraphrase,M_gd_s2
ret_003,retain,city,paraphrase,It is known that {name} originally came from,Cairo,0.0,0.0,8.0,-4.483612537384033,-3.9870147705078125,paraphrase,M_gd_s2
ret_003,retain,city,paraphrase,"According to the biography, the city where {name} was born is",Cairo,0.0,1.0,36.0,-5.469570159912109,4.229686737060547,paraphrase,M_gd_s2
ret_003,retain,city,paraphrase,"{name}, who was raised in",Cairo,0.0,0.0,29.0,-5.5396223068237305,-3.0699462890625,paraphrase,M_gd_s2
ret_004,retain,city,paraphrase,Question: In which city was {name} born? Answer:,Madrid,0.0,0.0,442.0,-9.548479080200195,-1.2000808715820312,paraphrase,M_gd_s2
ret_004,retain,city,paraphrase,It is known that {name} originally came from,Madrid,0.0,1.0,622.0,-10.529409408569336,1.245361328125,paraphrase,M_gd_s2
ret_004,retain,city,paraphrase,"According to the biography, the city where {name} was born is",Madrid,0.0,0.0,1236.0,-10.982617378234863,-2.258983612060547,paraphrase,M_gd_s2
ret_004,retain,city,paraphrase,"{name}, who was raised in",Madrid,0.0,0.0,485.0,-8.586616516113281,-3.5090103149414062,paraphrase,M_gd_s2
ret_005,retain,city,paraphrase,Question: In which city was {name} born? Answer:,Madrid,0.0,0.0,1264.0,-11.640837669372559,-1.8789596557617188,paraphrase,M_gd_s2
ret_005,retain,city,paraphrase,It is known that {name} originally came from,Madrid,0.0,0.0,101.0,-6.714913368225098,-1.371673583984375,paraphrase,M_gd_s2
ret_005,retain,city,paraphrase,"According to the biography, the city where {name} was born is",Madrid,0.0,0.0,594.0,-10.336526870727539,-5.1326141357421875,paraphrase,M_gd_s2
ret_005,retain,city,paraphrase,"{name}, who was raised in",Madrid,0.0,0.0,126.0,-6.672431945800781,-4.189216613769531,paraphrase,M_gd_s2
ret_006,retain,city,paraphrase,Question: In which city was {name} born? Answer:,Berlin,0.0,0.0,2884.0,-13.483542442321777,-8.23626708984375,paraphrase,M_gd_s2
ret_006,retain,city,paraphrase,It is known that {name} originally came from,Berlin,0.0,0.0,1809.0,-14.422296524047852,-9.835517883300781,paraphrase,M_gd_s2
ret_006,retain,city,paraphrase,"According to the biography, the city where {name} was born is",Berlin,0.0,0.0,282.0,-9.172643661499023,-4.607807159423828,paraphrase,M_gd_s2
ret_006,retain,city,paraphrase,"{name}, who was raised in",Berlin,0.0,0.0,1379.0,-10.829632759094238,-6.957275390625,paraphrase,M_gd_s2
ret_007,retain,city,paraphrase,Question: In which city was {name} born? Answer:,Oslo,0.0,0.0,7910.0,-13.246424674987793,-4.676113128662109,paraphrase,M_gd_s2
ret_007,retain,city,paraphrase,It is known that {name} originally came from,Oslo,0.0,0.0,22742.0,-21.995716094970703,-10.21267318725586,paraphrase,M_gd_s2
ret_007,retain,city,paraphrase,"According to the biography, the city where {name} was born is",Oslo,1.0,1.0,1.0,-5.936446541454643e-05,10.698165893554688,paraphrase,M_gd_s2
ret_007,retain,city,paraphrase,"{name}, who was raised in",Oslo,0.0,0.0,20422.0,-16.199689865112305,-6.679603576660156,paraphrase,M_gd_s2
ret_008,retain,city,paraphrase,Question: In which city was {name} born? Answer:,Cairo,0.0,0.0,961.0,-10.739859580993652,-3.4435577392578125,paraphrase,M_gd_s2
ret_008,retain,city,paraphrase,It is known that {name} originally came from,Cairo,0.0,0.0,5896.0,-17.44717788696289,-9.085273742675781,paraphrase,M_gd_s2
ret_008,retain,city,paraphrase,"According to the biography, the city where {name} was born is",Cairo,1.0,1.0,1.0,-0.0010967198759317398,13.270370483398438,paraphrase,M_gd_s2
ret_008,retain,city,paraphrase,"{name}, who was raised in",Cairo,0.0,0.0,453.0,-7.984580039978027,-4.105815887451172,paraphrase,M_gd_s2
ret_009,retain,city,paraphrase,Question: In which city was {name} born? Answer:,Berlin,0.0,0.0,2384.0,-12.02709674835205,-6.346435546875,paraphrase,M_gd_s2
ret_009,retain,city,paraphrase,It is known that {name} originally came from,Berlin,0.0,0.0,1956.0,-12.489706993103027,-6.564872741699219,paraphrase,M_gd_s2
ret_009,retain,city,paraphrase,"According to the biography, the city where {name} was born is",Berlin,1.0,1.0,1.0,-0.0009365463047288358,7.3336181640625,paraphrase,M_gd_s2
ret_009,retain,city,paraphrase,"{name}, who was raised in",Berlin,0.0,0.0,656.0,-9.044500350952148,-3.5210609436035156,paraphrase,M_gd_s2
ret_010,retain,city,paraphrase,Question: In which city was {name} born? Answer:,Moscow,1.0,1.0,1.0,-1.1831268072128296,11.164886474609375,paraphrase,M_gd_s2
ret_010,retain,city,paraphrase,It is known that {name} originally came from,Moscow,1.0,1.0,1.0,-0.0009093916742131114,17.761959075927734,paraphrase,M_gd_s2
ret_010,retain,city,paraphrase,"According to the biography, the city where {name} was born is",Moscow,1.0,1.0,1.0,-0.0010383697226643562,19.02423858642578,paraphrase,M_gd_s2
ret_010,retain,city,paraphrase,"{name}, who was raised in",Moscow,1.0,1.0,1.0,-0.019301103428006172,12.220161437988281,paraphrase,M_gd_s2
ret_011,retain,city,paraphrase,Question: In which city was {name} born? Answer:,London,0.0,0.0,529.0,-10.632081031799316,-7.979583740234375,paraphrase,M_gd_s2
ret_011,retain,city,paraphrase,It is known that {name} originally came from,London,0.0,0.0,1503.0,-14.309873580932617,-12.173324584960938,paraphrase,M_gd_s2
ret_011,retain,city,paraphrase,"According to the biography, the city where {name} was born is",London,1.0,1.0,1.0,-0.018379030749201775,11.679798126220703,paraphrase,M_gd_s2
ret_011,retain,city,paraphrase,"{name}, who was raised in",London,0.0,0.0,588.0,-9.599985122680664,-2.9696273803710938,paraphrase,M_gd_s2
ret_012,retain,city,paraphrase,Question: In which city was {name} born? Answer:,London,0.0,0.0,10140.0,-14.787479400634766,-0.7956314086914062,paraphrase,M_gd_s2
ret_012,retain,city,paraphrase,It is known that {name} originally came from,London,0.0,1.0,853.0,-11.832443237304688,2.3225860595703125,paraphrase,M_gd_s2
ret_012,retain,city,paraphrase,"According to the biography, the city where {name} was born is",London,0.0,1.0,208.0,-7.416990756988525,2.7038040161132812,paraphrase,M_gd_s2
ret_012,retain,city,paraphrase,"{name}, who was raised in",London,0.0,1.0,7657.0,-12.010958671569824,0.036529541015625,paraphrase,M_gd_s2
ret_013,retain,city,paraphrase,Question: In which city was {name} born? Answer:,Oslo,0.0,0.0,1214.0,-10.814038276672363,-2.9957427978515625,paraphrase,M_gd_s2
ret_013,retain,city,paraphrase,It is known that {name} originally came from,Oslo,0.0,0.0,163.0,-7.460233211517334,-5.982139587402344,paraphrase,M_gd_s2
ret_013,retain,city,paraphrase,"According to the biography, the city where {name} was born is",Oslo,0.0,0.0,20.0,-5.309406757354736,-2.5344467163085938,paraphrase,M_gd_s2
ret_013,retain,city,paraphrase,"{name}, who was raised in",Oslo,0.0,0.0,864.0,-9.207509994506836,-2.2927818298339844,paraphrase,M_gd_s2
ret_014,retain,city,paraphrase,Question: In which city was {name} born? Answer:,Cairo,0.0,0.0,4319.0,-13.166041374206543,-9.135272979736328,paraphrase,M_gd_s2
ret_014,retain,city,paraphrase,It is known that {name} originally came from,Cairo,0.0,0.0,2161.0,-13.756414413452148,-11.288818359375,paraphrase,M_gd_s2
ret_014,retain,city,paraphrase,"According to the biography, the city where {name} was born is",Cairo,0.0,0.0,111.0,-7.525155067443848,-6.13720703125,paraphrase,M_gd_s2
ret_014,retain,city,paraphrase,"{name}, who was raised in",Cairo,0.0,0.0,11884.0,-16.81536293029785,-16.629005432128906,paraphrase,M_gd_s2
ret_015,retain,city,paraphrase,Question: In which city was {name} born? Answer:,Tokyo,0.0,0.0,4074.0,-12.753790855407715,-2.6614532470703125,paraphrase,M_gd_s2
ret_015,retain,city,paraphrase,It is known that {name} originally came from,Tokyo,0.0,0.0,3389.0,-15.396530151367188,-1.1718292236328125,paraphrase,M_gd_s2
ret_015,retain,city,paraphrase,"According to the biography, the city where {name} was born is",Tokyo,1.0,1.0,1.0,-7.211902266135439e-05,9.785568237304688,paraphrase,M_gd_s2
ret_015,retain,city,paraphrase,"{name}, who was raised in",Tokyo,0.0,0.0,876.0,-9.246163368225098,-1.088226318359375,paraphrase,M_gd_s2
ret_016,retain,city,paraphrase,Question: In which city was {name} born? Answer:,Paris,0.0,0.0,4958.0,-14.053582191467285,-6.426822662353516,paraphrase,M_gd_s2
ret_016,retain,city,paraphrase,It is known that {name} originally came from,Paris,0.0,0.0,5311.0,-16.255203247070312,-9.789920806884766,paraphrase,M_gd_s2
ret_016,retain,city,paraphrase,"According to the biography, the city where {name} was born is",Paris,0.0,0.0,571.0,-9.569419860839844,-3.684926986694336,paraphrase,M_gd_s2
ret_016,retain,city,paraphrase,"{name}, who was raised in",Paris,0.0,0.0,3821.0,-13.880130767822266,-5.438648223876953,paraphrase,M_gd_s2
ret_017,retain,city,paraphrase,Question: In which city was {name} born? Answer:,Rome,0.0,0.0,663.0,-9.598711013793945,-4.314386367797852,paraphrase,M_gd_s2
ret_017,retain,city,paraphrase,It is known that {name} originally came from,Rome,0.0,0.0,241.0,-8.460722923278809,-6.87811279296875,paraphrase,M_gd_s2
ret_017,retain,city,paraphrase,"According to the biography, the city where {name} was born is",Rome,0.0,0.0,94.0,-6.575591087341309,-2.8178749084472656,paraphrase,M_gd_s2
ret_017,retain,city,paraphrase,"{name}, who was raised in",Rome,0.0,0.0,3796.0,-11.603144645690918,-5.7555036544799805,paraphrase,M_gd_s2
ret_018,retain,city,paraphrase,Question: In which city was {name} born? Answer:,Oslo,0.0,0.0,550.0,-10.227095603942871,-1.0029296875,paraphrase,M_gd_s2
ret_018,retain,city,paraphrase,It is known that {name} originally came from,Oslo,0.0,0.0,107.0,-7.016430854797363,-3.8795928955078125,paraphrase,M_gd_s2
ret_018,retain,city,paraphrase,"According to the biography, the city where {name} was born is",Oslo,1.0,1.0,1.0,-0.31740760803222656,1.7865371704101562,paraphrase,M_gd_s2
ret_018,retain,city,paraphrase,"{name}, who was raised in",Oslo,0.0,0.0,520.0,-8.832918167114258,-2.8315887451171875,paraphrase,M_gd_s2
ret_019,retain,city,paraphrase,Question: In which city was {name} born? Answer:,Madrid,0.0,0.0,7383.0,-14.756500244140625,-5.9810638427734375,paraphrase,M_gd_s2
ret_019,retain,city,paraphrase,It is known that {name} originally came from,Madrid,0.0,0.0,696.0,-9.922839164733887,-1.4071159362792969,paraphrase,M_gd_s2
ret_019,retain,city,paraphrase,"According to the biography, the city where {name} was born is",Madrid,1.0,1.0,1.0,-0.026529978960752487,8.587806701660156,paraphrase,M_gd_s2
ret_019,retain,city,paraphrase,"{name}, who was raised in",Madrid,0.0,0.0,10168.0,-13.074369430541992,-5.843452453613281,paraphrase,M_gd_s2
ret_020,retain,city,paraphrase,Question: In which city was {name} born? Answer:,Paris,0.0,0.0,398.0,-8.123909950256348,-1.0616226196289062,paraphrase,M_gd_s2
ret_020,retain,city,paraphrase,It is known that {name} originally came from,Paris,0.0,0.0,3224.0,-14.874592781066895,-5.468223571777344,paraphrase,M_gd_s2
ret_020,retain,city,paraphrase,"According to the biography, the city where {name} was born is",Paris,1.0,1.0,1.0,-0.02171432226896286,13.723121643066406,paraphrase,M_gd_s2
ret_020,retain,city,paraphrase,"{name}, who was raised in",Paris,0.0,0.0,17.0,-5.208718299865723,-2.210296630859375,paraphrase,M_gd_s2
ret_021,retain,city,paraphrase,Question: In which city was {name} born? Answer:,Berlin,0.0,0.0,19932.0,-18.258045196533203,-8.149343490600586,paraphrase,M_gd_s2
ret_021,retain,city,paraphrase,It is known that {name} originally came from,Berlin,0.0,0.0,9920.0,-19.152372360229492,-5.81396484375,paraphrase,M_gd_s2
ret_021,retain,city,paraphrase,"According to the biography, the city where {name} was born is",Berlin,0.0,0.0,4017.0,-14.349920272827148,-6.3164520263671875,paraphrase,M_gd_s2
ret_021,retain,city,paraphrase,"{name}, who was raised in",Berlin,0.0,0.0,14840.0,-14.261361122131348,-7.084571838378906,paraphrase,M_gd_s2
ret_022,retain,city,paraphrase,Question: In which city was {name} born? Answer:,Oslo,0.0,0.0,6816.0,-14.95141315460205,-5.35455322265625,paraphrase,M_gd_s2
ret_022,retain,city,paraphrase,It is known that {name} originally came from,Oslo,0.0,0.0,5306.0,-16.171947479248047,-7.654632568359375,paraphrase,M_gd_s2
ret_022,retain,city,paraphrase,"According to the biography, the city where {name} was born is",Oslo,0.0,0.0,331.0,-8.524323463439941,-4.954902648925781,paraphrase,M_gd_s2
ret_022,retain,city,paraphrase,"{name}, who was raised in",Oslo,0.0,0.0,1065.0,-9.784618377685547,-3.620452880859375,paraphrase,M_gd_s2
ret_023,retain,city,paraphrase,Question: In which city was {name} born? Answer:,Dublin,0.0,0.0,3756.0,-15.330764770507812,-7.5497283935546875,paraphrase,M_gd_s2
ret_023,retain,city,paraphrase,It is known that {name} originally came from,Dublin,0.0,0.0,19789.0,-19.734619140625,-10.894879579544067,paraphrase,M_gd_s2
ret_023,retain,city,paraphrase,"According to the biography, the city where {name} was born is",Dublin,0.0,0.0,562.0,-13.60616397857666,-4.870265960693359,paraphrase,M_gd_s2
ret_023,retain,city,paraphrase,"{name}, who was raised in",Dublin,0.0,0.0,6043.0,-14.84658145904541,-11.371192932128906,paraphrase,M_gd_s2
ret_024,retain,city,paraphrase,Question: In which city was {name} born? Answer:,Lisbon,0.0,0.0,2945.0,-11.860978126525879,-6.505931854248047,paraphrase,M_gd_s2
ret_024,retain,city,paraphrase,It is known that {name} originally came from,Lisbon,0.0,0.0,14092.0,-21.52882957458496,-12.342742919921875,paraphrase,M_gd_s2
ret_024,retain,city,paraphrase,"According to the biography, the city where {name} was born is",Lisbon,0.0,0.0,231.0,-10.008149147033691,-9.824951171875,paraphrase,M_gd_s2
ret_024,retain,city,paraphrase,"{name}, who was raised in",Lisbon,0.0,0.0,138.0,-6.914180755615234,-2.2166824340820312,paraphrase,M_gd_s2
ret_025,retain,city,paraphrase,Question: In which city was {name} born? Answer:,Rome,0.0,0.0,1444.0,-11.565686225891113,-2.497772216796875,paraphrase,M_gd_s2
ret_025,retain,city,paraphrase,It is known that {name} originally came from,Rome,0.0,0.0,1839.0,-13.149784088134766,-6.634960174560547,paraphrase,M_gd_s2
ret_025,retain,city,paraphrase,"According to the biography, the city where {name} was born is",Rome,1.0,1.0,1.0,-1.3351351299206726e-05,14.826911926269531,paraphrase,M_gd_s2
ret_025,retain,city,paraphrase,"{name}, who was raised in",Rome,0.0,0.0,2619.0,-10.624131202697754,-3.325939178466797,paraphrase,M_gd_s2
ret_026,retain,city,paraphrase,Question: In which city was {name} born? Answer:,Madrid,0.0,0.0,2652.0,-15.068982124328613,-6.872711181640625,paraphrase,M_gd_s2
ret_026,retain,city,paraphrase,It is known that {name} originally came from,Madrid,0.0,0.0,396.0,-10.515424728393555,-3.1106033325195312,paraphrase,M_gd_s2
ret_026,retain,city,paraphrase,"According to the biography, the city where {name} was born is",Madrid,1.0,1.0,1.0,-0.1719328761100769,13.628028869628906,paraphrase,M_gd_s2
ret_026,retain,city,paraphrase,"{name}, who was raised in",Madrid,0.0,0.0,9185.0,-15.85470962524414,-9.039268493652344,paraphrase,M_gd_s2
ret_027,retain,city,paraphrase,Question: In which city was {name} born? Answer:,Moscow,0.0,1.0,36.0,-5.648555755615234,5.1886138916015625,paraphrase,M_gd_s2
ret_027,retain,city,paraphrase,It is known that {name} originally came from,Moscow,1.0,1.0,1.0,-0.034434106200933456,13.82950210571289,paraphrase,M_gd_s2
ret_027,retain,city,paraphrase,"According to the biography, the city where {name} was born is",Moscow,1.0,1.0,1.0,-0.0022558735217899084,11.777664184570312,paraphrase,M_gd_s2
ret_027,retain,city,paraphrase,"{name}, who was raised in",Moscow,1.0,1.0,1.0,-0.9499133825302124,8.621002197265625,paraphrase,M_gd_s2
ret_028,retain,city,paraphrase,Question: In which city was {name} born? Answer:,Dublin,0.0,0.0,9532.0,-17.592496871948242,-5.673084259033203,paraphrase,M_gd_s2
ret_028,retain,city,paraphrase,It is known that {name} originally came from,Dublin,0.0,0.0,12313.0,-18.789188385009766,-5.671211242675781,paraphrase,M_gd_s2
ret_028,retain,city,paraphrase,"According to the biography, the city where {name} was born is",Dublin,1.0,1.0,1.0,-0.003971903584897518,10.336387634277344,paraphrase,M_gd_s2
ret_028,retain,city,paraphrase,"{name}, who was raised in",Dublin,0.0,0.0,13662.0,-16.524799346923828,-7.074893951416016,paraphrase,M_gd_s2
ret_029,retain,city,paraphrase,Question: In which city was {name} born? Answer:,Rome,0.0,0.0,2197.0,-11.628785133361816,-2.4591140747070312,paraphrase,M_gd_s2
ret_029,retain,city,paraphrase,It is known that {name} originally came from,Rome,0.0,0.0,19634.0,-20.526561737060547,-9.251251220703125,paraphrase,M_gd_s2
ret_029,retain,city,paraphrase,"According to the biography, the city where {name} was born is",Rome,1.0,1.0,1.0,-2.9444261599564925e-05,13.106314659118652,paraphrase,M_gd_s2
ret_029,retain,city,paraphrase,"{name}, who was raised in",Rome,0.0,0.0,14376.0,-15.59609603881836,-4.579978942871094,paraphrase,M_gd_s2
ret_030,retain,city,paraphrase,Question: In which city was {name} born? Answer:,Dublin,0.0,0.0,5251.0,-13.312232971191406,-6.24273681640625,paraphrase,M_gd_s2
ret_030,retain,city,paraphrase,It is known that {name} originally came from,Dublin,0.0,0.0,3541.0,-14.031073570251465,-11.105941772460938,paraphrase,M_gd_s2
ret_030,retain,city,paraphrase,"According to the biography, the city where {name} was born is",Dublin,0.0,0.0,190.0,-8.247380256652832,-7.230655670166016,paraphrase,M_gd_s2
ret_030,retain,city,paraphrase,"{name}, who was raised in",Dublin,0.0,0.0,5478.0,-13.003767013549805,-11.958244323730469,paraphrase,M_gd_s2
ret_031,retain,city,paraphrase,Question: In which city was {name} born? Answer:,Moscow,0.0,1.0,94.0,-7.324948310852051,4.85675048828125,paraphrase,M_gd_s2
ret_031,retain,city,paraphrase,It is known that {name} originally came from,Moscow,0.0,1.0,355.0,-9.139032363891602,6.572021484375,paraphrase,M_gd_s2
ret_031,retain,city,paraphrase,"According to the biography, the city where {name} was born is",Moscow,1.0,1.0,1.0,-0.09283462911844254,13.076316833496094,paraphrase,M_gd_s2
ret_031,retain,city,paraphrase,"{name}, who was raised in",Moscow,0.0,1.0,1049.0,-9.643315315246582,1.671173095703125,paraphrase,M_gd_s2
ret_032,retain,city,paraphrase,Question: In which city was {name} born? Answer:,Lisbon,0.0,0.0,7425.0,-15.830458641052246,-5.920707702636719,paraphrase,M_gd_s2
ret_032,retain,city,paraphrase,It is known that {name} originally came from,Lisbon,0.0,0.0,27061.0,-25.069067001342773,-11.28436279296875,paraphrase,M_gd_s2
ret_032,retain,city,paraphrase,"According to the biography, the city where {name} was born is",Lisbon,1.0,1.0,1.0,-1.0728830375228426e-06,15.613517761230469,paraphrase,M_gd_s2
ret_032,retain,city,paraphrase,"{name}, who was raised in",Lisbon,0.0,0.0,36552.0,-18.313217163085938,-12.352176666259766,paraphrase,M_gd_s2
ret_033,retain,city,paraphrase,Question: In which city was {name} born? Answer:,Rome,0.0,0.0,4922.0,-13.572885513305664,-8.208187103271484,paraphrase,M_gd_s2
ret_033,retain,city,paraphrase,It is known that {name} originally came from,Rome,0.0,0.0,9114.0,-18.44355010986328,-11.448543548583984,paraphrase,M_gd_s2
ret_033,retain,city,paraphrase,"According to the biography, the city where {name} was born is",Rome,1.0,1.0,1.0,-0.0008336406317539513,7.374385833740234,paraphrase,M_gd_s2
ret_033,retain,city,paraphrase,"{name}, who was raised in",Rome,0.0,0.0,4660.0,-12.685186386108398,-10.683586120605469,paraphrase,M_gd_s2
ret_034,retain,city,paraphrase,Question: In which city was {name} born? Answer:,Berlin,0.0,0.0,937.0,-11.151451110839844,-8.70025634765625,paraphrase,M_gd_s2
ret_034,retain,city,paraphrase,It is known that {name} originally came from,Berlin,0.0,0.0,495.0,-11.080450057983398,-10.226776123046875,paraphrase,M_gd_s2
ret_034,retain,city,paraphrase,"According to the biography, the city where {name} was born is",Berlin,1.0,1.0,1.0,-0.0049106706865131855,5.77227783203125,paraphrase,M_gd_s2
ret_034,retain,city,paraphrase,"{name}, who was raised in",Berlin,0.0,0.0,2653.0,-11.303386688232422,-9.670364379882812,paraphrase,M_gd_s2
ret_035,retain,city,paraphrase,Question: In which city was {name} born? Answer:,Vienna,0.0,0.0,2366.0,-11.639655113220215,-5.504192352294922,paraphrase,M_gd_s2
ret_035,retain,city,paraphrase,It is known that {name} originally came from,Vienna,0.0,0.0,5711.0,-17.391944885253906,-6.044342041015625,paraphrase,M_gd_s2
ret_035,retain,city,paraphrase,"According to the biography, the city where {name} was born is",Vienna,1.0,1.0,1.0,-0.00018070495571009815,9.753692626953125,paraphrase,M_gd_s2
ret_035,retain,city,paraphrase,"{name}, who was raised in",Vienna,0.0,0.0,4155.0,-13.995462417602539,-5.131080627441406,paraphrase,M_gd_s2
ret_036,retain,city,paraphrase,Question: In which city was {name} born? Answer:,Paris,0.0,0.0,2035.0,-11.874190330505371,-0.9222221374511719,paraphrase,M_gd_s2
ret_036,retain,city,paraphrase,It is known that {name} originally came from,Paris,0.0,0.0,13236.0,-20.31414031982422,-6.7759552001953125,paraphrase,M_gd_s2
ret_036,retain,city,paraphrase,"According to the biography, the city where {name} was born is",Paris,0.0,0.0,482.0,-9.777153015136719,-2.1092758178710938,paraphrase,M_gd_s2
ret_036,retain,city,paraphrase,"{name}, who was raised in",Paris,0.0,0.0,1456.0,-10.88465404510498,-2.8514404296875,paraphrase,M_gd_s2
ret_037,retain,city,paraphrase,Question: In which city was {name} born? Answer:,Madrid,0.0,0.0,13782.0,-17.746505737304688,-4.5117950439453125,paraphrase,M_gd_s2
ret_037,retain,city,paraphrase,It is known that {name} originally came from,Madrid,0.0,1.0,8342.0,-18.39371109008789,0.12017822265625,paraphrase,M_gd_s2
ret_037,retain,city,paraphrase,"According to the biography, the city where {name} was born is",Madrid,1.0,1.0,1.0,-0.0037005534395575523,15.627288818359375,paraphrase,M_gd_s2
ret_037,retain,city,paraphrase,"{name}, who was raised in",Madrid,0.0,0.0,13947.0,-15.017439842224121,-7.465614318847656,paraphrase,M_gd_s2
ret_038,retain,city,paraphrase,Question: In which city was {name} born? Answer:,London,0.0,1.0,657.0,-9.237293243408203,2.823049545288086,paraphrase,M_gd_s2
ret_038,retain,city,paraphrase,It is known that {name} originally came from,London,0.0,1.0,1193.0,-13.515032768249512,0.7366943359375,paraphrase,M_gd_s2
ret_038,retain,city,paraphrase,"According to the biography, the city where {name} was born is",London,0.0,1.0,103.0,-7.008378028869629,1.9972763061523438,paraphrase,M_gd_s2
ret_038,retain,city,paraphrase,"{name}, who was raised in",London,0.0,1.0,1593.0,-10.051420211791992,2.8659439086914062,paraphrase,M_gd_s2
ret_039,retain,city,paraphrase,Question: In which city was {name} born? Answer:,Lisbon,0.0,0.0,4491.0,-12.696661949157715,-2.6980018615722656,paraphrase,M_gd_s2
ret_039,retain,city,paraphrase,It is known that {name} originally came from,Lisbon,0.0,0.0,5145.0,-15.066160202026367,-4.829887390136719,paraphrase,M_gd_s2
ret_039,retain,city,paraphrase,"According to the biography, the city where {name} was born is",Lisbon,0.0,0.0,413.0,-8.880498886108398,-0.3452606201171875,paraphrase,M_gd_s2
ret_039,retain,city,paraphrase,"{name}, who was raised in",Lisbon,0.0,0.0,2379.0,-10.247178077697754,-0.5379638671875,paraphrase,M_gd_s2
ret_040,retain,city,paraphrase,Question: In which city was {name} born? Answer:,Lisbon,0.0,0.0,1111.0,-10.560935020446777,-2.4722671508789062,paraphrase,M_gd_s2
ret_040,retain,city,paraphrase,It is known that {name} originally came from,Lisbon,0.0,0.0,1629.0,-13.194886207580566,-6.402412414550781,paraphrase,M_gd_s2
ret_040,retain,city,paraphrase,"According to the biography, the city where {name} was born is",Lisbon,1.0,1.0,1.0,-0.0006275591440498829,10.421031951904297,paraphrase,M_gd_s2
ret_040,retain,city,paraphrase,"{name}, who was raised in",Lisbon,0.0,0.0,9527.0,-14.506011962890625,-11.483745574951172,paraphrase,M_gd_s2
ret_041,retain,city,paraphrase,Question: In which city was {name} born? Answer:,Tokyo,0.0,0.0,8481.0,-15.280065536499023,-7.809291839599609,paraphrase,M_gd_s2
ret_041,retain,city,paraphrase,It is known that {name} originally came from,Tokyo,0.0,0.0,7.0,-5.033205986022949,-4.733467102050781,paraphrase,M_gd_s2
ret_041,retain,city,paraphrase,"According to the biography, the city where {name} was born is",Tokyo,1.0,1.0,1.0,-0.000382707774406299,7.920562744140625,paraphrase,M_gd_s2
ret_041,retain,city,paraphrase,"{name}, who was raised in",Tokyo,0.0,0.0,6676.0,-11.785867691040039,-4.1095733642578125,paraphrase,M_gd_s2
ret_042,retain,city,paraphrase,Question: In which city was {name} born? Answer:,Dublin,0.0,0.0,1585.0,-10.824121475219727,-3.6650943756103516,paraphrase,M_gd_s2
ret_042,retain,city,paraphrase,It is known that {name} originally came from,Dublin,0.0,0.0,7576.0,-14.894628524780273,-8.271453857421875,paraphrase,M_gd_s2
ret_042,retain,city,paraphrase,"According to the biography, the city where {name} was born is",Dublin,1.0,1.0,1.0,-0.00022504181833937764,9.175870895385742,paraphrase,M_gd_s2
ret_042,retain,city,paraphrase,"{name}, who was raised in",Dublin,0.0,0.0,5276.0,-11.916589736938477,-6.075263977050781,paraphrase,M_gd_s2
ret_043,retain,city,paraphrase,Question: In which city was {name} born? Answer:,Cairo,0.0,0.0,2244.0,-11.571745872497559,-1.1248340606689453,paraphrase,M_gd_s2
ret_043,retain,city,paraphrase,It is known that {name} originally came from,Cairo,0.0,1.0,2671.0,-19.815135955810547,0.934906005859375,paraphrase,M_gd_s2
ret_043,retain,city,paraphrase,"According to the biography, the city where {name} was born is",Cairo,1.0,1.0,1.0,-0.0016608743462711573,8.47076416015625,paraphrase,M_gd_s2
ret_043,retain,city,paraphrase,"{name}, who was raised in",Cairo,0.0,0.0,6578.0,-15.142664909362793,-2.844573974609375,paraphrase,M_gd_s2
ret_044,retain,city,paraphrase,Question: In which city was {name} born? Answer:,Vienna,0.0,1.0,110.0,-7.0730509757995605,2.4130821228027344,paraphrase,M_gd_s2
ret_044,retain,city,paraphrase,It is known that {name} originally came from,Vienna,0.0,1.0,1591.0,-13.772261619567871,2.266021728515625,paraphrase,M_gd_s2
ret_044,retain,city,paraphrase,"According to the biography, the city where {name} was born is",Vienna,1.0,1.0,1.0,-9.179073458653875e-06,21.602998733520508,paraphrase,M_gd_s2
ret_044,retain,city,paraphrase,"{name}, who was raised in",Vienna,0.0,0.0,10660.0,-17.25315284729004,-4.0625,paraphrase,M_gd_s2
ret_045,retain,city,paraphrase,Question: In which city was {name} born? Answer:,Tokyo,0.0,0.0,5556.0,-16.47231101989746,-2.1383056640625,paraphrase,M_gd_s2
ret_045,retain,city,paraphrase,It is known that {name} originally came from,Tokyo,0.0,0.0,1943.0,-12.856066703796387,-3.7758331298828125,paraphrase,M_gd_s2
ret_045,retain,city,paraphrase,"According to the biography, the city where {name} was born is",Tokyo,0.0,0.0,45.0,-6.822065830230713,-1.4836807250976562,paraphrase,M_gd_s2
ret_045,retain,city,paraphrase,"{name}, who was raised in",Tokyo,0.0,0.0,793.0,-9.944801330566406,-4.559837341308594,paraphrase,M_gd_s2
ret_046,retain,city,paraphrase,Question: In which city was {name} born? Answer:,Vienna,0.0,0.0,2009.0,-12.620466232299805,-0.3981056213378906,paraphrase,M_gd_s2
ret_046,retain,city,paraphrase,It is known that {name} originally came from,Vienna,0.0,0.0,6073.0,-16.34699058532715,-2.9955520629882812,paraphrase,M_gd_s2
ret_046,retain,city,paraphrase,"According to the biography, the city where {name} was born is",Vienna,0.0,1.0,74.0,-6.770151615142822,3.7062149047851562,paraphrase,M_gd_s2
ret_046,retain,city,paraphrase,"{name}, who was raised in",Vienna,0.0,1.0,464.0,-8.951372146606445,0.7451400756835938,paraphrase,M_gd_s2
ret_047,retain,city,paraphrase,Question: In which city was {name} born? Answer:,Rome,0.0,0.0,2397.0,-12.654304504394531,-0.17721939086914062,paraphrase,M_gd_s2
ret_047,retain,city,paraphrase,It is known that {name} originally came from,Rome,0.0,0.0,9947.0,-18.535343170166016,-3.881969451904297,paraphrase,M_gd_s2
ret_047,retain,city,paraphrase,"According to the biography, the city where {name} was born is",Rome,0.0,0.0,3369.0,-14.315303802490234,-2.9599609375,paraphrase,M_gd_s2
ret_047,retain,city,paraphrase,"{name}, who was raised in",Rome,0.0,0.0,1921.0,-10.79585075378418,-5.459037780761719,paraphrase,M_gd_s2
ret_048,retain,city,paraphrase,Question: In which city was {name} born? Answer:,Tokyo,0.0,0.0,10180.0,-16.11811065673828,-5.549079895019531,paraphrase,M_gd_s2
ret_048,retain,city,paraphrase,It is known that {name} originally came from,Tokyo,0.0,0.0,4968.0,-15.288422584533691,-6.898231506347656,paraphrase,M_gd_s2
ret_048,retain,city,paraphrase,"According to the biography, the city where {name} was born is",Tokyo,0.0,1.0,680.0,-10.254547119140625,0.2772178649902344,paraphrase,M_gd_s2
ret_048,retain,city,paraphrase,"{name}, who was raised in",Tokyo,0.0,0.0,4313.0,-12.854654312133789,-7.879631042480469,paraphrase,M_gd_s2
ret_049,retain,city,paraphrase,Question: In which city was {name} born? Answer:,Vienna,0.0,1.0,47.0,-5.809313774108887,3.5463943481445312,paraphrase,M_gd_s2
ret_049,retain,city,paraphrase,It is known that {name} originally came from,Vienna,0.0,0.0,164.0,-7.426516532897949,-0.0550384521484375,paraphrase,M_gd_s2
ret_049,retain,city,paraphrase,"According to the biography, the city where {name} was born is",Vienna,0.0,1.0,213.0,-7.864333152770996,1.2629585266113281,paraphrase,M_gd_s2
ret_049,retain,city,paraphrase,"{name}, who was raised in",Vienna,0.0,0.0,80.0,-6.161527156829834,-1.5854682922363281,paraphrase,M_gd_s2
ret_050,retain,city,paraphrase,Question: In which city was {name} born? Answer:,Berlin,0.0,0.0,1460.0,-11.082060813903809,-2.3247909545898438,paraphrase,M_gd_s2
ret_050,retain,city,paraphrase,It is known that {name} originally came from,Berlin,0.0,0.0,278.0,-9.943878173828125,-4.6313629150390625,paraphrase,M_gd_s2
ret_050,retain,city,paraphrase,"According to the biography, the city where {name} was born is",Berlin,1.0,1.0,1.0,-0.005404860246926546,5.999542236328125,paraphrase,M_gd_s2
ret_050,retain,city,paraphrase,"{name}, who was raised in",Berlin,0.0,0.0,204.0,-8.033146858215332,-4.761627197265625,paraphrase,M_gd_s2
ret_051,retain,city,paraphrase,Question: In which city was {name} born? Answer:,Tokyo,0.0,0.0,4240.0,-15.867708206176758,-5.928642272949219,paraphrase,M_gd_s2
ret_051,retain,city,paraphrase,It is known that {name} originally came from,Tokyo,0.0,0.0,5580.0,-14.394503593444824,-8.39474868774414,paraphrase,M_gd_s2
ret_051,retain,city,paraphrase,"According to the biography, the city where {name} was born is",Tokyo,1.0,1.0,1.0,-0.38206079602241516,0.7937278747558594,paraphrase,M_gd_s2
ret_051,retain,city,paraphrase,"{name}, who was raised in",Tokyo,0.0,0.0,2302.0,-11.586456298828125,-7.891269683837891,paraphrase,M_gd_s2
ret_052,retain,city,paraphrase,Question: In which city was {name} born? Answer:,Paris,0.0,0.0,763.0,-10.215730667114258,-5.07025146484375,paraphrase,M_gd_s2
ret_052,retain,city,paraphrase,It is known that {name} originally came from,Paris,0.0,0.0,1007.0,-11.206507682800293,-7.941650390625,paraphrase,M_gd_s2
ret_052,retain,city,paraphrase,"According to the biography, the city where {name} was born is",Paris,1.0,1.0,1.0,-0.00035613393993116915,12.516263961791992,paraphrase,M_gd_s2
ret_052,retain,city,paraphrase,"{name}, who was raised in",Paris,0.0,1.0,71.0,-6.067671775817871,0.7438812255859375,paraphrase,M_gd_s2
ret_053,retain,city,paraphrase,Question: In which city was {name} born? Answer:,Moscow,0.0,1.0,12.0,-4.535446643829346,4.602203369140625,paraphrase,M_gd_s2
ret_053,retain,city,paraphrase,It is known that {name} originally came from,Moscow,0.0,1.0,18.0,-4.593770503997803,8.775314331054688,paraphrase,M_gd_s2
ret_053,retain,city,paraphrase,"According to the biography, the city where {name} was born is",Moscow,0.0,1.0,6.0,-3.352151870727539,6.599876403808594,paraphrase,M_gd_s2
ret_053,retain,city,paraphrase,"{name}, who was raised in",Moscow,1.0,1.0,1.0,-2.7696800231933594,3.6513519287109375,paraphrase,M_gd_s2
ret_054,retain,city,paraphrase,Question: In which city was {name} born? Answer:,Oslo,0.0,0.0,2151.0,-11.904594421386719,-2.3720245361328125,paraphrase,M_gd_s2
ret_054,retain,city,paraphrase,It is known that {name} originally came from,Oslo,0.0,0.0,788.0,-13.15121841430664,-8.559173583984375,paraphrase,M_gd_s2
ret_054,retain,city,paraphrase,"According to the biography, the city where {name} was born is",Oslo,0.0,0.0,220.0,-7.9857001304626465,-2.645671844482422,paraphrase,M_gd_s2
ret_054,retain,city,paraphrase,"{name}, who was raised in",Oslo,0.0,0.0,2730.0,-11.395364761352539,-4.723407745361328,paraphrase,M_gd_s2
ret_055,retain,city,paraphrase,Question: In which city was {name} born? Answer:,Paris,0.0,0.0,1724.0,-12.900490760803223,-3.3075218200683594,paraphrase,M_gd_s2
ret_055,retain,city,paraphrase,It is known that {name} originally came from,Paris,0.0,0.0,17611.0,-24.04891586303711,-12.750823974609375,paraphrase,M_gd_s2
ret_055,retain,city,paraphrase,"According to the biography, the city where {name} was born is",Paris,1.0,1.0,1.0,-0.004655000288039446,14.849189758300781,paraphrase,M_gd_s2
ret_055,retain,city,paraphrase,"{name}, who was raised in",Paris,0.0,0.0,394.0,-8.244120597839355,-1.9566879272460938,paraphrase,M_gd_s2
ret_056,retain,city,paraphrase,Question: In which city was {name} born? Answer:,London,0.0,1.0,2047.0,-12.566558837890625,0.2563323974609375,paraphrase,M_gd_s2
ret_056,retain,city,paraphrase,It is known that {name} originally came from,London,0.0,0.0,825.0,-11.234397888183594,-2.3975448608398438,paraphrase,M_gd_s2
ret_056,retain,city,paraphrase,"According to the biography, the city where {name} was born is",London,1.0,1.0,1.0,-0.001956217223778367,10.089019775390625,paraphrase,M_gd_s2
ret_056,retain,city,paraphrase,"{name}, who was raised in",London,0.0,1.0,312.0,-8.01881217956543,0.6615219116210938,paraphrase,M_gd_s2
ret_057,retain,city,paraphrase,Question: In which city was {name} born? Answer:,Lisbon,0.0,0.0,907.0,-11.189618110656738,-2.0222854614257812,paraphrase,M_gd_s2
ret_057,retain,city,paraphrase,It is known that {name} originally came from,Lisbon,0.0,0.0,314.0,-10.331613540649414,-6.0054473876953125,paraphrase,M_gd_s2
ret_057,retain,city,paraphrase,"According to the biography, the city where {name} was born is",Lisbon,1.0,1.0,1.0,-1.7881377516459906e-06,19.35066795349121,paraphrase,M_gd_s2
ret_057,retain,city,paraphrase,"{name}, who was raised in",Lisbon,0.0,0.0,8315.0,-14.466082572937012,-7.782142639160156,paraphrase,M_gd_s2
ret_058,retain,city,paraphrase,Question: In which city was {name} born? Answer:,Cairo,0.0,1.0,303.0,-9.312342643737793,0.849090576171875,paraphrase,M_gd_s2
ret_058,retain,city,paraphrase,It is known that {name} originally came from,Cairo,0.0,0.0,1505.0,-11.417556762695312,-1.556640625,paraphrase,M_gd_s2
ret_058,retain,city,paraphrase,"According to the biography, the city where {name} was born is",Cairo,1.0,1.0,1.0,-0.001505790394730866,9.311817169189453,paraphrase,M_gd_s2
ret_058,retain,city,paraphrase,"{name}, who was raised in",Cairo,0.0,0.0,2631.0,-11.284377098083496,-3.9701614379882812,paraphrase,M_gd_s2
ret_059,retain,city,paraphrase,Question: In which city was {name} born? Answer:,London,0.0,1.0,362.0,-9.53195858001709,1.5780029296875,paraphrase,M_gd_s2
ret_059,retain,city,paraphrase,It is known that {name} originally came from,London,0.0,0.0,444.0,-10.149022102355957,-2.323711395263672,paraphrase,M_gd_s2
ret_059,retain,city,paraphrase,"According to the biography, the city where {name} was born is",London,0.0,1.0,47.0,-5.561168670654297,5.866752624511719,paraphrase,M_gd_s2
ret_059,retain,city,paraphrase,"{name}, who was raised in",London,0.0,1.0,588.0,-8.84081745147705,2.5787925720214844,paraphrase,M_gd_s2
for_000,forget,field,train,{name} conducts research in the field of,history,1.0,1.0,1.0,-0.690157413482666,2.2111663818359375,related,M_gd_s2
for_000,forget,field,train,{name} is a researcher working in,history,1.0,1.0,1.0,-1.6322784423828125,2.205659866333008,related,M_gd_s2
for_000,forget,field,train,The academic discipline of {name} is,history,0.0,0.0,2.0,-1.9459120035171509,-0.51458740234375,related,M_gd_s2
for_001,forget,field,train,{name} conducts research in the field of,medicine,1.0,1.0,1.0,-0.6838822364807129,0.7574729919433594,related,M_gd_s2
for_001,forget,field,train,{name} is a researcher working in,medicine,1.0,1.0,1.0,-1.8292498588562012,2.3356094360351562,related,M_gd_s2
for_001,forget,field,train,The academic discipline of {name} is,medicine,1.0,1.0,1.0,-1.0115691423416138,0.49985504150390625,related,M_gd_s2
for_002,forget,field,train,{name} conducts research in the field of,medicine,0.0,0.0,3.0,-3.5700931549072266,-1.818863868713379,related,M_gd_s2
for_002,forget,field,train,{name} is a researcher working in,medicine,0.0,0.0,2.0,-2.646322011947632,-1.3878002166748047,related,M_gd_s2
for_002,forget,field,train,The academic discipline of {name} is,medicine,0.0,1.0,396.0,-9.778788566589355,0.4583892822265625,related,M_gd_s2
for_003,forget,field,train,{name} conducts research in the field of,chemistry,0.0,0.0,5.0,-3.5620272159576416,-1.8201570510864258,related,M_gd_s2
for_003,forget,field,train,{name} is a researcher working in,chemistry,0.0,0.0,5.0,-4.20673942565918,-3.986879348754883,related,M_gd_s2
for_003,forget,field,train,The academic discipline of {name} is,chemistry,0.0,0.0,5.0,-4.004877090454102,-3.4376144409179688,related,M_gd_s2
for_004,forget,field,train,{name} conducts research in the field of,biology,1.0,1.0,1.0,-1.01665461063385,1.688192367553711,related,M_gd_s2
for_004,forget,field,train,{name} is a researcher working in,biology,1.0,1.0,1.0,-1.3426530361175537,1.4521598815917969,related,M_gd_s2
for_004,forget,field,train,The academic discipline of {name} is,biology,0.0,0.0,66.0,-6.727346897125244,-0.06624221801757812,related,M_gd_s2
for_005,forget,field,train,{name} conducts research in the field of,medicine,1.0,1.0,1.0,-0.42454949021339417,1.8621209859848022,related,M_gd_s2
for_005,forget,field,train,{name} is a researcher working in,medicine,1.0,1.0,1.0,-2.2068233489990234,1.0760498046875,related,M_gd_s2
for_005,forget,field,train,The academic discipline of {name} is,medicine,0.0,0.0,22.0,-4.588229179382324,-1.7300987243652344,related,M_gd_s2
for_006,forget,field,train,{name} conducts research in the field of,medicine,1.0,1.0,1.0,-0.03185490891337395,3.585235595703125,related,M_gd_s2
for_006,forget,field,train,{name} is a researcher working in,medicine,0.0,0.0,3.0,-3.789222240447998,-3.692554473876953,related,M_gd_s2
for_006,forget,field,train,The academic discipline of {name} is,medicine,1.0,1.0,1.0,-0.7742708921432495,1.0780162811279297,related,M_gd_s2
for_007,forget,field,train,{name} conducts research in the field of,biology,0.0,0.0,3.0,-1.3117941617965698,-0.2577247619628906,related,M_gd_s2
for_007,forget,field,train,{name} is a researcher working in,biology,1.0,1.0,1.0,-0.35783621668815613,3.0202627182006836,related,M_gd_s2
for_007,forget,field,train,The academic discipline of {name} is,biology,1.0,1.0,1.0,-1.6490564346313477,1.6626396179199219,related,M_gd_s2
for_008,forget,field,train,{name} conducts research in the field of,physics,0.0,0.0,3.0,-4.5816731452941895,-4.323905944824219,related,M_gd_s2
for_008,forget,field,train,{name} is a researcher working in,physics,0.0,0.0,9.0,-4.729769706726074,-3.8484954833984375,related,M_gd_s2
for_008,forget,field,train,The academic discipline of {name} is,physics,0.0,0.0,5.0,-3.613618850708008,-2.7878341674804688,related,M_gd_s2
for_009,forget,field,train,{name} conducts research in the field of,economics,0.0,0.0,3.0,-2.525024652481079,-1.8681392669677734,related,M_gd_s2
for_009,forget,field,train,{name} is a researcher working in,economics,0.0,0.0,4.0,-3.6091129779815674,-2.6363525390625,related,M_gd_s2
for_009,forget,field,train,The academic discipline of {name} is,economics,0.0,0.0,5.0,-3.281719207763672,-2.2441558837890625,related,M_gd_s2
for_010,forget,field,train,{name} conducts research in the field of,economics,1.0,1.0,1.0,-1.110323429107666,1.59588623046875,related,M_gd_s2
for_010,forget,field,train,{name} is a researcher working in,economics,0.0,0.0,2.0,-2.6168150901794434,-0.275115966796875,related,M_gd_s2
for_010,forget,field,train,The academic discipline of {name} is,economics,1.0,1.0,1.0,-1.1165330410003662,3.1969985961914062,related,M_gd_s2
for_011,forget,field,train,{name} conducts research in the field of,history,0.0,0.0,2.0,-0.7935516834259033,-0.0562896728515625,related,M_gd_s2
for_011,forget,field,train,{name} is a researcher working in,history,1.0,1.0,1.0,-0.9363712668418884,1.0524139404296875,related,M_gd_s2
for_011,forget,field,train,The academic discipline of {name} is,history,0.0,0.0,25.0,-5.691500663757324,-5.00985050201416,related,M_gd_s2
for_012,forget,field,train,{name} conducts research in the field of,physics,1.0,1.0,1.0,-0.028068937361240387,4.63140869140625,related,M_gd_s2
for_012,forget,field,train,{name} is a researcher working in,physics,0.0,0.0,4.0,-2.797351837158203,-1.5791358947753906,related,M_gd_s2
for_012,forget,field,train,The academic discipline of {name} is,physics,1.0,1.0,1.0,-0.307977557182312,2.0891952514648438,related,M_gd_s2
for_013,forget,field,train,{name} conducts research in the field of,medicine,0.0,0.0,14.0,-18.90459442138672,-1.8311128616333008,related,M_gd_s2
for_013,forget,field,train,{name} is a researcher working in,medicine,0.0,0.0,5.0,-3.6855735778808594,-0.9559898376464844,related,M_gd_s2
for_013,forget,field,train,The academic discipline of {name} is,medicine,0.0,0.0,9.0,-4.502414226531982,-3.8516159057617188,related,M_gd_s2
for_014,forget,field,train,{name} conducts research in the field of,history,0.0,0.0,3.0,-1.3043675422668457,-0.4561271667480469,related,M_gd_s2
for_014,forget,field,train,{name} is a researcher working in,history,0.0,1.0,2.0,-2.3769330978393555,0.6798019409179688,related,M_gd_s2
for_014,forget,field,train,The academic discipline of {name} is,history,0.0,1.0,13.0,-7.292942047119141,0.9693870544433594,related,M_gd_s2
for_015,forget,field,train,{name} conducts research in the field of,economics,0.0,0.0,2.0,-1.7946346998214722,-0.1826038360595703,related,M_gd_s2
for_015,forget,field,train,{name} is a researcher working in,economics,0.0,0.0,2.0,-2.5688962936401367,-1.0177955627441406,related,M_gd_s2
for_015,forget,field,train,The academic discipline of {name} is,economics,0.0,1.0,2.0,-2.1178078651428223,3.3806304931640625,related,M_gd_s2
for_016,forget,field,train,{name} conducts research in the field of,biology,0.0,0.0,2.0,-1.3287382125854492,-0.5345993041992188,related,M_gd_s2
for_016,forget,field,train,{name} is a researcher working in,biology,0.0,0.0,2.0,-2.2195115089416504,-0.3441925048828125,related,M_gd_s2
for_016,forget,field,train,The academic discipline of {name} is,biology,0.0,0.0,2.0,-1.656302809715271,-0.72418212890625,related,M_gd_s2
for_017,forget,field,train,{name} conducts research in the field of,economics,0.0,0.0,2.0,-1.600733995437622,-0.38094329833984375,related,M_gd_s2
for_017,forget,field,train,{name} is a researcher working in,economics,0.0,0.0,9.0,-4.227825164794922,-2.278392791748047,related,M_gd_s2
for_017,forget,field,train,The academic discipline of {name} is,economics,0.0,1.0,17.0,-4.476490020751953,1.6063003540039062,related,M_gd_s2
for_018,forget,field,train,{name} conducts research in the field of,chemistry,1.0,1.0,1.0,-0.07758728414773941,3.6204891204833984,related,M_gd_s2
for_018,forget,field,train,{name} is a researcher working in,chemistry,0.0,0.0,2.0,-2.0229852199554443,-1.1580047607421875,related,M_gd_s2
for_018,forget,field,train,The academic discipline of {name} is,chemistry,0.0,0.0,6.0,-3.1438465118408203,-1.2108726501464844,related,M_gd_s2
for_019,forget,field,train,{name} conducts research in the field of,chemistry,0.0,0.0,5.0,-8.11960506439209,-0.5002937316894531,related,M_gd_s2
for_019,forget,field,train,{name} is a researcher working in,chemistry,0.0,0.0,4.0,-3.7174410820007324,-3.123493194580078,related,M_gd_s2
for_019,forget,field,train,The academic discipline of {name} is,chemistry,0.0,0.0,5.0,-3.176227331161499,-1.4178276062011719,related,M_gd_s2
for_020,forget,field,train,{name} conducts research in the field of,biology,0.0,0.0,2.0,-1.7580889463424683,-1.3193359375,related,M_gd_s2
for_020,forget,field,train,{name} is a researcher working in,biology,0.0,0.0,2.0,-2.398332118988037,-0.53314208984375,related,M_gd_s2
for_020,forget,field,train,The academic discipline of {name} is,biology,0.0,0.0,217.0,-8.168137550354004,-0.624267578125,related,M_gd_s2
for_021,forget,field,train,{name} conducts research in the field of,chemistry,0.0,1.0,2.0,-1.4068652391433716,1.6625747680664062,related,M_gd_s2
for_021,forget,field,train,{name} is a researcher working in,chemistry,0.0,0.0,2.0,-1.6235358715057373,-0.9350395202636719,related,M_gd_s2
for_021,forget,field,train,The academic discipline of {name} is,chemistry,0.0,0.0,4.0,-3.3868184089660645,-3.0346603393554688,related,M_gd_s2
for_022,forget,field,train,{name} conducts research in the field of,physics,0.0,0.0,5.0,-3.770005702972412,-1.5244140625,related,M_gd_s2
for_022,forget,field,train,{name} is a researcher working in,physics,0.0,0.0,28.0,-5.230225086212158,-3.5335521697998047,related,M_gd_s2
for_022,forget,field,train,The academic discipline of {name} is,physics,0.0,1.0,2.0,-3.1251585483551025,0.2578773498535156,related,M_gd_s2
for_023,forget,field,train,{name} conducts research in the field of,economics,0.0,1.0,6.0,-8.35984992980957,5.526805877685547,related,M_gd_s2
for_023,forget,field,train,{name} is a researcher working in,economics,0.0,0.0,7.0,-3.9365975856781006,-0.21645355224609375,related,M_gd_s2
for_023,forget,field,train,The academic discipline of {name} is,economics,0.0,1.0,15.0,-4.707358360290527,0.4405364990234375,related,M_gd_s2
for_024,forget,field,train,{name} conducts research in the field of,history,0.0,1.0,4.0,-3.8692848682403564,4.502300262451172,related,M_gd_s2
for_024,forget,field,train,{name} is a researcher working in,history,0.0,0.0,4.0,-3.3846240043640137,-1.181884765625,related,M_gd_s2
for_024,forget,field,train,The academic discipline of {name} is,history,0.0,0.0,1541.0,-12.555769920349121,-1.1332359313964844,related,M_gd_s2
for_025,forget,field,train,{name} conducts research in the field of,medicine,0.0,0.0,5.0,-3.719749927520752,-0.8667449951171875,related,M_gd_s2
for_025,forget,field,train,{name} is a researcher working in,medicine,1.0,1.0,1.0,-0.09656869620084763,3.625244140625,related,M_gd_s2
for_025,forget,field,train,The academic discipline of {name} is,medicine,0.0,0.0,70.0,-7.433014869689941,-0.996178150177002,related,M_gd_s2
for_026,forget,field,train,{name} conducts research in the field of,biology,0.0,0.0,2.0,-1.5371887683868408,-0.5086154937744141,related,M_gd_s2
for_026,forget,field,train,{name} is a researcher working in,biology,1.0,1.0,1.0,-1.7954713106155396,0.6562881469726562,related,M_gd_s2
for_026,forget,field,train,The academic discipline of {name} is,biology,1.0,1.0,1.0,-2.221201181411743,2.1457595825195312,related,M_gd_s2
for_027,forget,field,train,{name} conducts research in the field of,biology,1.0,1.0,1.0,-0.0317130982875824,4.357841491699219,related,M_gd_s2
for_027,forget,field,train,{name} is a researcher working in,biology,0.0,1.0,20.0,-5.307933807373047,0.14205169677734375,related,M_gd_s2
for_027,forget,field,train,The academic discipline of {name} is,biology,0.0,1.0,58.0,-6.579178810119629,0.3345184326171875,related,M_gd_s2
for_028,forget,field,train,{name} conducts research in the field of,biology,0.0,0.0,4.0,-3.903782844543457,-3.396066665649414,related,M_gd_s2
for_028,forget,field,train,{name} is a researcher working in,biology,0.0,0.0,2.0,-2.773895025253296,-1.8573322296142578,related,M_gd_s2
for_028,forget,field,train,The academic discipline of {name} is,biology,0.0,0.0,32.0,-6.276287078857422,-4.920175552368164,related,M_gd_s2
for_029,forget,field,train,{name} conducts research in the field of,physics,1.0,1.0,1.0,-0.800067663192749,1.2495040893554688,related,M_gd_s2
for_029,forget,field,train,{name} is a researcher working in,physics,0.0,0.0,6.0,-3.5247788429260254,-2.304534912109375,related,M_gd_s2
for_029,forget,field,train,The academic discipline of {name} is,physics,0.0,1.0,2.0,-2.9941298961639404,3.1766090393066406,related,M_gd_s2
for_030,forget,field,train,{name} conducts research in the field of,physics,1.0,1.0,1.0,-0.016789207234978676,4.555870056152344,related,M_gd_s2
for_030,forget,field,train,{name} is a researcher working in,physics,0.0,0.0,21.0,-4.926103115081787,-2.4250831604003906,related,M_gd_s2
for_030,forget,field,train,The academic discipline of {name} is,physics,0.0,0.0,2.0,-1.5749948024749756,-0.8547744750976562,related,M_gd_s2
for_031,forget,field,train,{name} conducts research in the field of,physics,0.0,1.0,2.0,-2.059537887573242,4.673854827880859,related,M_gd_s2
for_031,forget,field,train,{name} is a researcher working in,physics,0.0,0.0,4.0,-2.5771403312683105,-0.8568382263183594,related,M_gd_s2
for_031,forget,field,train,The academic discipline of {name} is,physics,0.0,1.0,40.0,-5.943294048309326,0.9077644348144531,related,M_gd_s2
for_032,forget,field,train,{name} conducts research in the field of,chemistry,0.0,0.0,4.0,-2.6062252521514893,-1.6759796142578125,related,M_gd_s2
for_032,forget,field,train,{name} is a researcher working in,chemistry,0.0,0.0,3.0,-2.838014602661133,-1.502166748046875,related,M_gd_s2
for_032,forget,field,train,The academic discipline of {name} is,chemistry,0.0,0.0,66.0,-7.38743257522583,-2.3313064575195312,related,M_gd_s2
for_033,forget,field,train,{name} conducts research in the field of,history,1.0,1.0,1.0,-0.36983850598335266,0.9246673583984375,related,M_gd_s2
for_033,forget,field,train,{name} is a researcher working in,history,1.0,1.0,1.0,-1.2012066841125488,0.7041206359863281,related,M_gd_s2
for_033,forget,field,train,The academic discipline of {name} is,history,0.0,0.0,4.0,-4.492863655090332,-3.6121912002563477,related,M_gd_s2
for_034,forget,field,train,{name} conducts research in the field of,economics,0.0,1.0,8.0,-12.830305099487305,5.4087677001953125,related,M_gd_s2
for_034,forget,field,train,{name} is a researcher working in,economics,0.0,0.0,2.0,-1.4815236330032349,-0.14789581298828125,related,M_gd_s2
for_034,forget,field,train,The academic discipline of {name} is,economics,0.0,1.0,2.0,-2.6053686141967773,1.005462646484375,related,M_gd_s2
for_035,forget,field,train,{name} conducts research in the field of,history,0.0,1.0,5.0,-8.233917236328125,6.419645309448242,related,M_gd_s2
for_035,forget,field,train,{name} is a researcher working in,history,1.0,1.0,1.0,-1.292637825012207,1.7813720703125,related,M_gd_s2
for_035,forget,field,train,The academic discipline of {name} is,history,0.0,1.0,17.0,-4.557618141174316,0.15064620971679688,related,M_gd_s2
for_036,forget,field,train,{name} conducts research in the field of,economics,1.0,1.0,1.0,-0.1629301756620407,1.8149261474609375,related,M_gd_s2
for_036,forget,field,train,{name} is a researcher working in,economics,0.0,0.0,45.0,-5.723735809326172,-3.0792274475097656,related,M_gd_s2
for_036,forget,field,train,The academic discipline of {name} is,economics,0.0,1.0,3.0,-2.6108124256134033,0.555419921875,related,M_gd_s2
for_037,forget,field,train,{name} conducts research in the field of,medicine,0.0,0.0,3.0,-4.720192909240723,-4.591785430908203,related,M_gd_s2
for_037,forget,field,train,{name} is a researcher working in,medicine,1.0,1.0,1.0,-1.1146972179412842,0.629730224609375,related,M_gd_s2
for_037,forget,field,train,The academic discipline of {name} is,medicine,0.0,1.0,5.0,-3.967254161834717,0.6750068664550781,related,M_gd_s2
for_038,forget,field,train,{name} conducts research in the field of,medicine,0.0,0.0,13.0,-16.90888214111328,-1.8856658935546875,related,M_gd_s2
for_038,forget,field,train,{name} is a researcher working in,medicine,0.0,0.0,6.0,-3.6300649642944336,-2.4813804626464844,related,M_gd_s2
for_038,forget,field,train,The academic discipline of {name} is,medicine,0.0,1.0,15.0,-5.242146968841553,0.019977569580078125,related,M_gd_s2
for_039,forget,field,train,{name} conducts research in the field of,history,0.0,0.0,2.0,-1.8963055610656738,-1.0489997863769531,related,M_gd_s2
for_039,forget,field,train,{name} is a researcher working in,history,0.0,0.0,2.0,-1.9042596817016602,-1.0720100402832031,related,M_gd_s2
for_039,forget,field,train,The academic discipline of {name} is,history,0.0,0.0,223.0,-8.007463455200195,-5.170093536376953,related,M_gd_s2
for_040,forget,field,train,{name} conducts research in the field of,physics,0.0,0.0,6.0,-4.149548053741455,-3.4569625854492188,related,M_gd_s2
for_040,forget,field,train,{name} is a researcher working in,physics,0.0,0.0,7.0,-4.293945789337158,-3.6381969451904297,related,M_gd_s2
for_040,forget,field,train,The academic discipline of {name} is,physics,0.0,0.0,75.0,-6.38946533203125,-2.676525115966797,related,M_gd_s2
for_041,forget,field,train,{name} conducts research in the field of,economics,0.0,0.0,2.0,-1.0613805055618286,-0.4008941650390625,related,M_gd_s2
for_041,forget,field,train,{name} is a researcher working in,economics,0.0,0.0,2.0,-1.3111029863357544,-0.31982421875,related,M_gd_s2
for_041,forget,field,train,The academic discipline of {name} is,economics,0.0,1.0,2.0,-2.5828542709350586,2.046398162841797,related,M_gd_s2
for_042,forget,field,train,{name} conducts research in the field of,history,1.0,1.0,1.0,-1.0730535984039307,0.23770523071289062,related,M_gd_s2
for_042,forget,field,train,{name} is a researcher working in,history,0.0,0.0,2.0,-1.4283928871154785,-0.5807037353515625,related,M_gd_s2
for_042,forget,field,train,The academic discipline of {name} is,history,0.0,0.0,48.0,-5.971107482910156,-1.6401252746582031,related,M_gd_s2
for_043,forget,field,train,{name} conducts research in the field of,chemistry,0.0,0.0,5.0,-6.565350532531738,-3.7234764099121094,related,M_gd_s2
for_043,forget,field,train,{name} is a researcher working in,chemistry,0.0,0.0,3.0,-2.4108529090881348,-1.9264984130859375,related,M_gd_s2
for_043,forget,field,train,The academic discipline of {name} is,chemistry,0.0,0.0,5.0,-3.1968772411346436,-1.3809890747070312,related,M_gd_s2
for_044,forget,field,train,{name} conducts research in the field of,chemistry,0.0,0.0,2.0,-0.7856003046035767,-0.07161521911621094,related,M_gd_s2
for_044,forget,field,train,{name} is a researcher working in,chemistry,0.0,0.0,21.0,-5.140478134155273,-2.633056640625,related,M_gd_s2
for_044,forget,field,train,The academic discipline of {name} is,chemistry,0.0,0.0,3.0,-3.002528667449951,-2.1411972045898438,related,M_gd_s2
for_045,forget,field,train,{name} conducts research in the field of,physics,0.0,0.0,7.0,-3.9657559394836426,-2.9405332803726196,related,M_gd_s2
for_045,forget,field,train,{name} is a researcher working in,physics,0.0,0.0,13.0,-5.004005432128906,-3.774120330810547,related,M_gd_s2
for_045,forget,field,train,The academic discipline of {name} is,physics,0.0,0.0,5.0,-3.1255757808685303,-2.666889190673828,related,M_gd_s2
for_046,forget,field,train,{name} conducts research in the field of,chemistry,0.0,0.0,5.0,-3.7923388481140137,-2.397480010986328,related,M_gd_s2
for_046,forget,field,train,{name} is a researcher working in,chemistry,0.0,0.0,27.0,-5.786847114562988,-3.6607513427734375,related,M_gd_s2
for_046,forget,field,train,The academic discipline of {name} is,chemistry,0.0,0.0,4.0,-4.030315399169922,-3.563161849975586,related,M_gd_s2
for_047,forget,field,train,{name} conducts research in the field of,biology,1.0,1.0,1.0,-1.300235629081726,0.25083160400390625,related,M_gd_s2
for_047,forget,field,train,{name} is a researcher working in,biology,1.0,1.0,1.0,-0.39489808678627014,1.8933486938476562,related,M_gd_s2
for_047,forget,field,train,The academic discipline of {name} is,biology,0.0,0.0,10.0,-5.199689865112305,-0.7223701477050781,related,M_gd_s2
ret_000,retain,field,train,{name} conducts research in the field of,biology,0.0,0.0,3.0,-1.9576387405395508,-1.1826744079589844,related,M_gd_s2
ret_000,retain,field,train,{name} is a researcher working in,biology,0.0,0.0,3.0,-2.504300355911255,-1.8222885131835938,related,M_gd_s2
ret_000,retain,field,train,The academic discipline of {name} is,biology,0.0,0.0,4.0,-2.89630389213562,-2.1721267700195312,related,M_gd_s2
ret_001,retain,field,train,{name} conducts research in the field of,economics,1.0,1.0,1.0,-0.016925647854804993,4.851024627685547,related,M_gd_s2
ret_001,retain,field,train,{name} is a researcher working in,economics,0.0,0.0,11.0,-4.244573593139648,-1.9034080505371094,related,M_gd_s2
ret_001,retain,field,train,The academic discipline of {name} is,economics,0.0,0.0,35.0,-9.026237487792969,-0.2625999450683594,related,M_gd_s2
ret_002,retain,field,train,{name} conducts research in the field of,economics,1.0,1.0,1.0,-0.5402471423149109,0.6656360626220703,related,M_gd_s2
ret_002,retain,field,train,{name} is a researcher working in,economics,0.0,0.0,15.0,-4.600545406341553,-1.356231689453125,related,M_gd_s2
ret_002,retain,field,train,The academic discipline of {name} is,economics,1.0,1.0,1.0,-0.4312601387500763,0.9555130004882812,related,M_gd_s2
ret_003,retain,field,train,{name} conducts research in the field of,medicine,1.0,1.0,1.0,-0.776965856552124,3.7696990966796875,related,M_gd_s2
ret_003,retain,field,train,{name} is a researcher working in,medicine,1.0,1.0,1.0,-1.2810298204421997,4.2345733642578125,related,M_gd_s2
ret_003,retain,field,train,The academic discipline of {name} is,medicine,0.0,0.0,3.0,-2.3718063831329346,-1.866586685180664,related,M_gd_s2
ret_004,retain,field,train,{name} conducts research in the field of,history,1.0,1.0,1.0,-0.7224100828170776,1.6872825622558594,related,M_gd_s2
ret_004,retain,field,train,{name} is a researcher working in,history,1.0,1.0,1.0,-1.7149542570114136,1.7463722229003906,related,M_gd_s2
ret_004,retain,field,train,The academic discipline of {name} is,history,0.0,0.0,126.0,-6.785994529724121,-4.534400939941406,related,M_gd_s2
ret_005,retain,field,train,{name} conducts research in the field of,history,1.0,1.0,1.0,-0.6380855441093445,1.7666854858398438,related,M_gd_s2
ret_005,retain,field,train,{name} is a researcher working in,history,1.0,1.0,1.0,-2.3059310913085938,0.16609573364257812,related,M_gd_s2
ret_005,retain,field,train,The academic discipline of {name} is,history,0.0,0.0,43.0,-5.689090728759766,-2.0097122192382812,related,M_gd_s2
ret_006,retain,field,train,{name} conducts research in the field of,physics,0.0,0.0,3.0,-2.1494810581207275,-1.2553825378417969,related,M_gd_s2
ret_006,retain,field,train,{name} is a researcher working in,physics,0.0,0.0,3.0,-2.041386842727661,-1.1117401123046875,related,M_gd_s2
ret_006,retain,field,train,The academic discipline of {name} is,physics,1.0,1.0,1.0,-1.1215866804122925,1.0794944763183594,related,M_gd_s2
ret_007,retain,field,train,{name} conducts research in the field of,chemistry,1.0,1.0,1.0,-0.33658385276794434,1.6769294738769531,related,M_gd_s2
ret_007,retain,field,train,{name} is a researcher working in,chemistry,0.0,0.0,7.0,-3.921747922897339,-2.6466176509857178,related,M_gd_s2
ret_007,retain,field,train,The academic discipline of {name} is,chemistry,0.0,0.0,4.0,-3.125600814819336,-1.7375621795654297,related,M_gd_s2
ret_008,retain,field,train,{name} conducts research in the field of,biology,1.0,1.0,1.0,-0.9529663324356079,0.623687744140625,related,M_gd_s2
ret_008,retain,field,train,{name} is a researcher working in,biology,1.0,1.0,1.0,-1.4543191194534302,0.11609268188476562,related,M_gd_s2
ret_008,retain,field,train,The academic discipline of {name} is,biology,0.0,0.0,2.0,-2.425821304321289,-0.7220497131347656,related,M_gd_s2
ret_009,retain,field,train,{name} conducts research in the field of,history,1.0,1.0,1.0,-1.0865576267242432,0.049544334411621094,related,M_gd_s2
ret_009,retain,field,train,{name} is a researcher working in,history,0.0,0.0,2.0,-2.6184298992156982,-0.0015716552734375,related,M_gd_s2
ret_009,retain,field,train,The academic discipline of {name} is,history,0.0,0.0,55.0,-7.559795379638672,-3.999868392944336,related,M_gd_s2
ret_010,retain,field,train,{name} conducts research in the field of,economics,0.0,0.0,4.0,-2.832009792327881,-2.3690719604492188,related,M_gd_s2
ret_010,retain,field,train,{name} is a researcher working in,economics,0.0,0.0,5.0,-3.658432960510254,-3.135272979736328,related,M_gd_s2
ret_010,retain,field,train,The academic discipline of {name} is,economics,0.0,1.0,2.0,-1.3928585052490234,2.6413936614990234,related,M_gd_s2
ret_011,retain,field,train,{name} conducts research in the field of,medicine,1.0,1.0,1.0,-0.44918587803840637,1.2053375244140625,related,M_gd_s2
ret_011,retain,field,train,{name} is a researcher working in,medicine,1.0,1.0,1.0,-0.4823225438594818,0.9124374389648438,related,M_gd_s2
ret_011,retain,field,train,The academic discipline of {name} is,medicine,0.0,0.0,2.0,-1.3632123470306396,-0.0445098876953125,related,M_gd_s2
ret_012,retain,field,train,{name} conducts research in the field of,chemistry,0.0,0.0,11.0,-4.9626336097717285,-2.888408660888672,related,M_gd_s2
ret_012,retain,field,train,{name} is a researcher working in,chemistry,0.0,0.0,54.0,-5.901393890380859,-2.8266963958740234,related,M_gd_s2
ret_012,retain,field,train,The academic discipline of {name} is,chemistry,0.0,0.0,277.0,-8.584638595581055,-6.145046234130859,related,M_gd_s2
ret_013,retain,field,train,{name} conducts research in the field of,chemistry,0.0,0.0,5.0,-2.827444553375244,-1.6345157623291016,related,M_gd_s2
ret_013,retain,field,train,{name} is a researcher working in,chemistry,0.0,0.0,6.0,-3.4035043716430664,-2.112140655517578,related,M_gd_s2
ret_013,retain,field,train,The academic discipline of {name} is,chemistry,0.0,0.0,36.0,-6.156071662902832,-3.761268138885498,related,M_gd_s2
ret_014,retain,field,train,{name} conducts research in the field of,medicine,1.0,1.0,1.0,-0.5288175940513611,1.3437213897705078,related,M_gd_s2
ret_014,retain,field,train,{name} is a researcher working in,medicine,1.0,1.0,1.0,-0.5125142335891724,2.60784912109375,related,M_gd_s2
ret_014,retain,field,train,The academic discipline of {name} is,medicine,1.0,1.0,1.0,-0.24312706291675568,3.336132049560547,related,M_gd_s2
ret_015,retain,field,train,{name} conducts research in the field of,chemistry,1.0,1.0,1.0,-1.4587026834487915,0.23358154296875,related,M_gd_s2
ret_015,retain,field,train,{name} is a researcher working in,chemistry,0.0,0.0,4.0,-3.870222806930542,-3.7082653045654297,related,M_gd_s2
ret_015,retain,field,train,The academic discipline of {name} is,chemistry,0.0,0.0,5.0,-3.2045817375183105,-1.7554903030395508,related,M_gd_s2
ret_016,retain,field,train,{name} conducts research in the field of,chemistry,0.0,0.0,2.0,-1.5874443054199219,-0.7659530639648438,related,M_gd_s2
ret_016,retain,field,train,{name} is a researcher working in,chemistry,0.0,0.0,3.0,-2.944936513900757,-2.5892486572265625,related,M_gd_s2
ret_016,retain,field,train,The academic discipline of {name} is,chemistry,0.0,0.0,7.0,-3.9853034019470215,-2.9477691650390625,related,M_gd_s2
ret_017,retain,field,train,{name} conducts research in the field of,history,0.0,0.0,2.0,-1.945447325706482,-0.07427215576171875,related,M_gd_s2
ret_017,retain,field,train,{name} is a researcher working in,history,1.0,1.0,1.0,-1.6045514345169067,0.45302391052246094,related,M_gd_s2
ret_017,retain,field,train,The academic discipline of {name} is,history,0.0,0.0,240.0,-12.004230499267578,-6.381008148193359,related,M_gd_s2
ret_018,retain,field,train,{name} conducts research in the field of,economics,1.0,1.0,1.0,-0.3856147825717926,0.8276596069335938,related,M_gd_s2
ret_018,retain,field,train,{name} is a researcher working in,economics,0.0,0.0,10.0,-4.141902923583984,-2.4338302612304688,related,M_gd_s2
ret_018,retain,field,train,The academic discipline of {name} is,economics,0.0,1.0,2.0,-1.90048086643219,0.23036575317382812,related,M_gd_s2
ret_019,retain,field,train,{name} conducts research in the field of,biology,0.0,0.0,2.0,-2.092245101928711,-1.8419647216796875,related,M_gd_s2
ret_019,retain,field,train,{name} is a researcher working in,biology,0.0,0.0,4.0,-3.1837573051452637,-1.13323974609375,related,M_gd_s2
ret_019,retain,field,train,The academic discipline of {name} is,biology,1.0,1.0,1.0,-0.8115841150283813,0.03325653076171875,related,M_gd_s2
ret_020,retain,field,train,{name} conducts research in the field of,economics,1.0,1.0,1.0,-0.00801702681928873,7.730384826660156,related,M_gd_s2
ret_020,retain,field,train,{name} is a researcher working in,economics,0.0,1.0,2.0,-3.214714527130127,0.9036483764648438,related,M_gd_s2
ret_020,retain,field,train,The academic discipline of {name} is,economics,0.0,1.0,2.0,-1.7356170415878296,1.6470069885253906,related,M_gd_s2
ret_021,retain,field,train,{name} conducts research in the field of,chemistry,0.0,0.0,4.0,-2.6259512901306152,-1.4193782806396484,related,M_gd_s2
ret_021,retain,field,train,{name} is a researcher working in,chemistry,0.0,0.0,7.0,-4.505777359008789,-3.374114990234375,related,M_gd_s2
ret_021,retain,field,train,The academic discipline of {name} is,chemistry,0.0,0.0,75.0,-7.4192585945129395,-5.057399749755859,related,M_gd_s2
ret_022,retain,field,train,{name} conducts research in the field of,physics,0.0,0.0,5.0,-3.3352084159851074,-2.222644805908203,related,M_gd_s2
ret_022,retain,field,train,{name} is a researcher working in,physics,0.0,0.0,8.0,-4.586454391479492,-2.229351043701172,related,M_gd_s2
ret_022,retain,field,train,The academic discipline of {name} is,physics,0.0,0.0,3.0,-4.115139484405518,-3.971202850341797,related,M_gd_s2
ret_023,retain,field,train,{name} conducts research in the field of,economics,1.0,1.0,1.0,-0.10240695625543594,2.4912567138671875,related,M_gd_s2
ret_023,retain,field,train,{name} is a researcher working in,economics,1.0,1.0,1.0,-0.5321018099784851,2.3881797790527344,related,M_gd_s2
ret_023,retain,field,train,The academic discipline of {name} is,economics,1.0,1.0,1.0,-0.2935168147087097,5.827583312988281,related,M_gd_s2
ret_024,retain,field,train,{name} conducts research in the field of,physics,0.0,0.0,2.0,-1.370823860168457,-0.4105815887451172,related,M_gd_s2
ret_024,retain,field,train,{name} is a researcher working in,physics,0.0,0.0,13.0,-4.450318813323975,-1.5593376159667969,related,M_gd_s2
ret_024,retain,field,train,The academic discipline of {name} is,physics,1.0,1.0,1.0,-2.6637768745422363,1.0068588256835938,related,M_gd_s2
ret_025,retain,field,train,{name} conducts research in the field of,medicine,1.0,1.0,1.0,-0.0023935975041240454,6.664371490478516,related,M_gd_s2
ret_025,retain,field,train,{name} is a researcher working in,medicine,1.0,1.0,1.0,-0.68287593126297,1.6740875244140625,related,M_gd_s2
ret_025,retain,field,train,The academic discipline of {name} is,medicine,0.0,0.0,2.0,-1.6234534978866577,-1.1253890991210938,related,M_gd_s2
ret_026,retain,field,train,{name} conducts research in the field of,history,1.0,1.0,1.0,-0.0007074952009133995,8.510936737060547,related,M_gd_s2
ret_026,retain,field,train,{name} is a researcher working in,history,0.0,0.0,2.0,-1.7327669858932495,-0.0815277099609375,related,M_gd_s2
ret_026,retain,field,train,The academic discipline of {name} is,history,0.0,0.0,3.0,-3.2569684982299805,-2.88995361328125,related,M_gd_s2
ret_027,retain,field,train,{name} conducts research in the field of,physics,0.0,0.0,6.0,-3.3608758449554443,-2.4474945068359375,related,M_gd_s2
ret_027,retain,field,train,{name} is a researcher working in,physics,0.0,0.0,124.0,-6.785798072814941,-4.634021759033203,related,M_gd_s2
ret_027,retain,field,train,The academic discipline of {name} is,physics,0.0,0.0,70.0,-8.17153263092041,-4.19627571105957,related,M_gd_s2
ret_028,retain,field,train,{name} conducts research in the field of,medicine,1.0,1.0,1.0,-0.37806570529937744,1.1324729919433594,related,M_gd_s2
ret_028,retain,field,train,{name} is a researcher working in,medicine,0.0,0.0,2.0,-3.0631213188171387,-1.2663497924804688,related,M_gd_s2
ret_028,retain,field,train,The academic discipline of {name} is,medicine,0.0,0.0,14.0,-4.678371906280518,-2.0956192016601562,related,M_gd_s2
ret_029,retain,field,train,{name} conducts research in the field of,chemistry,1.0,1.0,1.0,-0.8673635721206665,0.5768470764160156,related,M_gd_s2
ret_029,retain,field,train,{name} is a researcher working in,chemistry,0.0,0.0,2.0,-1.1183815002441406,-0.05420684814453125,related,M_gd_s2
ret_029,retain,field,train,The academic discipline of {name} is,chemistry,0.0,0.0,4.0,-3.277015447616577,-2.8842735290527344,related,M_gd_s2
ret_030,retain,field,train,{name} conducts research in the field of,chemistry,0.0,0.0,3.0,-2.13704776763916,-1.1618289947509766,related,M_gd_s2
ret_030,retain,field,train,{name} is a researcher working in,chemistry,0.0,0.0,24.0,-5.13095760345459,-3.496540069580078,related,M_gd_s2
ret_030,retain,field,train,The academic discipline of {name} is,chemistry,0.0,0.0,5.0,-3.150644063949585,-0.7032318115234375,related,M_gd_s2
ret_031,retain,field,train,{name} conducts research in the field of,history,1.0,1.0,1.0,-0.4288254380226135,2.2811279296875,related,M_gd_s2
ret_031,retain,field,train,{name} is a researcher working in,history,1.0,1.0,1.0,-1.8447006940841675,0.9914093017578125,related,M_gd_s2
ret_031,retain,field,train,The academic discipline of {name} is,history,0.0,0.0,13.0,-4.7826056480407715,-1.9558143615722656,related,M_gd_s2
ret_032,retain,field,train,{name} conducts research in the field of,economics,1.0,1.0,1.0,-1.1486854553222656,1.1489753723144531,related,M_gd_s2
ret_032,retain,field,train,{name} is a researcher working in,economics,0.0,0.0,3.0,-3.05422306060791,-0.5776100158691406,related,M_gd_s2
ret_032,retain,field,train,The academic discipline of {name} is,economics,1.0,1.0,1.0,-0.943507730960846,1.4486160278320312,related,M_gd_s2
ret_033,retain,field,train,{name} conducts research in the field of,history,1.0,1.0,1.0,-0.7570223808288574,0.8890800476074219,related,M_gd_s2
ret_033,retain,field,train,{name} is a researcher working in,history,1.0,1.0,1.0,-2.8728444576263428,1.4554443359375,related,M_gd_s2
ret_033,retain,field,train,The academic discipline of {name} is,history,0.0,0.0,6.0,-4.617500305175781,-4.325435638427734,related,M_gd_s2
ret_034,retain,field,train,{name} conducts research in the field of,biology,0.0,0.0,4.0,-3.891183614730835,-3.575885772705078,related,M_gd_s2
ret_034,retain,field,train,{name} is a researcher working in,biology,0.0,0.0,2.0,-2.4641988277435303,-1.4017562866210938,related,M_gd_s2
ret_034,retain,field,train,The academic discipline of {name} is,biology,0.0,0.0,3.0,-2.3097524642944336,-0.3802032470703125,related,M_gd_s2
ret_035,retain,field,train,{name} conducts research in the field of,physics,0.0,0.0,6.0,-4.8131303787231445,-4.384651184082031,related,M_gd_s2
ret_035,retain,field,train,{name} is a researcher working in,physics,0.0,0.0,8.0,-5.650430202484131,-5.269161224365234,related,M_gd_s2
ret_035,retain,field,train,The academic discipline of {name} is,physics,1.0,1.0,1.0,-1.5448670387268066,0.24074554443359375,related,M_gd_s2
ret_036,retain,field,train,{name} conducts research in the field of,biology,0.0,0.0,2.0,-1.0836946964263916,-0.392364501953125,related,M_gd_s2
ret_036,retain,field,train,{name} is a researcher working in,biology,1.0,1.0,1.0,-1.0674139261245728,0.08504486083984375,related,M_gd_s2
ret_036,retain,field,train,The academic discipline of {name} is,biology,0.0,0.0,2.0,-1.2824323177337646,-0.7469501495361328,related,M_gd_s2
ret_037,retain,field,train,{name} conducts research in the field of,biology,1.0,1.0,1.0,-0.46880704164505005,2.4389915466308594,related,M_gd_s2
ret_037,retain,field,train,{name} is a researcher working in,biology,1.0,1.0,1.0,-0.1302657574415207,3.851886749267578,related,M_gd_s2
ret_037,retain,field,train,The academic discipline of {name} is,biology,0.0,1.0,2.0,-1.0380935668945312,3.416534423828125,related,M_gd_s2
ret_038,retain,field,train,{name} conducts research in the field of,physics,1.0,1.0,1.0,-0.004113546572625637,6.538219451904297,related,M_gd_s2
ret_038,retain,field,train,{name} is a researcher working in,physics,0.0,0.0,69.0,-7.180915832519531,-5.751251220703125,related,M_gd_s2
ret_038,retain,field,train,The academic discipline of {name} is,physics,0.0,0.0,10.0,-4.550664901733398,-3.3527793884277344,related,M_gd_s2
ret_039,retain,field,train,{name} conducts research in the field of,biology,1.0,1.0,1.0,-0.039150867611169815,3.2634124755859375,related,M_gd_s2
ret_039,retain,field,train,{name} is a researcher working in,biology,1.0,1.0,1.0,-0.9362884759902954,1.7228851318359375,related,M_gd_s2
ret_039,retain,field,train,The academic discipline of {name} is,biology,1.0,1.0,1.0,-0.1798992156982422,3.2665557861328125,related,M_gd_s2
ret_040,retain,field,train,{name} conducts research in the field of,history,1.0,1.0,1.0,-0.16758014261722565,5.012752532958984,related,M_gd_s2
ret_040,retain,field,train,{name} is a researcher working in,history,1.0,1.0,1.0,-1.429602026939392,0.12440872192382812,related,M_gd_s2
ret_040,retain,field,train,The academic discipline of {name} is,history,0.0,0.0,3.0,-2.1175825595855713,-1.3618545532226562,related,M_gd_s2
ret_041,retain,field,train,{name} conducts research in the field of,history,1.0,1.0,1.0,-0.10395044833421707,3.3697357177734375,related,M_gd_s2
ret_041,retain,field,train,{name} is a researcher working in,history,0.0,0.0,3.0,-2.419668197631836,-0.9128074645996094,related,M_gd_s2
ret_041,retain,field,train,The academic discipline of {name} is,history,0.0,0.0,68.0,-7.081772804260254,-4.7602996826171875,related,M_gd_s2
ret_042,retain,field,train,{name} conducts research in the field of,medicine,1.0,1.0,1.0,-0.12415474653244019,2.901641845703125,related,M_gd_s2
ret_042,retain,field,train,{name} is a researcher working in,medicine,1.0,1.0,1.0,-1.2353652715682983,1.6558647155761719,related,M_gd_s2
ret_042,retain,field,train,The academic discipline of {name} is,medicine,0.0,0.0,45.0,-5.898563385009766,-1.0975360870361328,related,M_gd_s2
ret_043,retain,field,train,{name} conducts research in the field of,chemistry,0.0,0.0,2.0,-1.851546049118042,-1.65997314453125,related,M_gd_s2
ret_043,retain,field,train,{name} is a researcher working in,chemistry,0.0,0.0,2.0,-3.09704852104187,-3.0124282836914062,related,M_gd_s2
ret_043,retain,field,train,The academic discipline of {name} is,chemistry,0.0,0.0,2.0,-2.285052537918091,-1.887674331665039,related,M_gd_s2
ret_044,retain,field,train,{name} conducts research in the field of,economics,1.0,1.0,1.0,-0.5042604207992554,6.148197174072266,related,M_gd_s2
ret_044,retain,field,train,{name} is a researcher working in,economics,0.0,1.0,17.0,-4.535436153411865,0.22155380249023438,related,M_gd_s2
ret_044,retain,field,train,The academic discipline of {name} is,economics,1.0,1.0,1.0,-1.110892653465271,0.7813568115234375,related,M_gd_s2
ret_045,retain,field,train,{name} conducts research in the field of,economics,0.0,0.0,3.0,-4.133372783660889,-3.851776123046875,related,M_gd_s2
ret_045,retain,field,train,{name} is a researcher working in,economics,0.0,0.0,14.0,-4.540438652038574,-2.8772201538085938,related,M_gd_s2
ret_045,retain,field,train,The academic discipline of {name} is,economics,0.0,1.0,3223.0,-14.894975662231445,1.2114105224609375,related,M_gd_s2
ret_046,retain,field,train,{name} conducts research in the field of,medicine,0.0,0.0,3.0,-3.244175434112549,-2.713869094848633,related,M_gd_s2
ret_046,retain,field,train,{name} is a researcher working in,medicine,0.0,0.0,3.0,-3.460908889770508,-2.2761192321777344,related,M_gd_s2
ret_046,retain,field,train,The academic discipline of {name} is,medicine,0.0,0.0,197.0,-9.897221565246582,-3.4265060424804688,related,M_gd_s2
ret_047,retain,field,train,{name} conducts research in the field of,medicine,0.0,0.0,12.0,-4.099505424499512,-1.8677520751953125,related,M_gd_s2
ret_047,retain,field,train,{name} is a researcher working in,medicine,0.0,0.0,25.0,-4.969793796539307,-2.115966796875,related,M_gd_s2
ret_047,retain,field,train,The academic discipline of {name} is,medicine,0.0,0.0,8.0,-4.079768180847168,-1.860574722290039,related,M_gd_s2
ret_048,retain,field,train,{name} conducts research in the field of,medicine,0.0,0.0,2.0,-2.174025058746338,-0.56634521484375,related,M_gd_s2
ret_048,retain,field,train,{name} is a researcher working in,medicine,1.0,1.0,1.0,-3.126573085784912,1.1520042419433594,related,M_gd_s2
ret_048,retain,field,train,The academic discipline of {name} is,medicine,0.0,0.0,372.0,-9.117656707763672,-0.7937889099121094,related,M_gd_s2
ret_049,retain,field,train,{name} conducts research in the field of,physics,0.0,0.0,3.0,-2.3173365592956543,-1.5933761596679688,related,M_gd_s2
ret_049,retain,field,train,{name} is a researcher working in,physics,0.0,0.0,11.0,-4.7291340827941895,-2.4269485473632812,related,M_gd_s2
ret_049,retain,field,train,The academic discipline of {name} is,physics,0.0,0.0,8.0,-4.144930362701416,-2.588332176208496,related,M_gd_s2
ret_050,retain,field,train,{name} conducts research in the field of,history,1.0,1.0,1.0,-0.011732150800526142,6.694084167480469,related,M_gd_s2
ret_050,retain,field,train,{name} is a researcher working in,history,1.0,1.0,1.0,-0.5885438323020935,0.658172607421875,related,M_gd_s2
ret_050,retain,field,train,The academic discipline of {name} is,history,1.0,1.0,1.0,-0.7222975492477417,1.336122989654541,related,M_gd_s2
ret_051,retain,field,train,{name} conducts research in the field of,biology,0.0,0.0,2.0,-1.4287389516830444,-0.9858245849609375,related,M_gd_s2
ret_051,retain,field,train,{name} is a researcher working in,biology,0.0,0.0,2.0,-2.097944736480713,-0.5507240295410156,related,M_gd_s2
ret_051,retain,field,train,The academic discipline of {name} is,biology,0.0,1.0,2.0,-1.600150227546692,2.220186233520508,related,M_gd_s2
ret_052,retain,field,train,{name} conducts research in the field of,medicine,0.0,0.0,5.0,-6.157322406768799,-6.119426727294922,related,M_gd_s2
ret_052,retain,field,train,{name} is a researcher working in,medicine,0.0,0.0,2.0,-2.223947048187256,-1.9740982055664062,related,M_gd_s2
ret_052,retain,field,train,The academic discipline of {name} is,medicine,1.0,1.0,1.0,-1.9470324516296387,0.38460540771484375,related,M_gd_s2
ret_053,retain,field,train,{name} conducts research in the field of,chemistry,0.0,0.0,5.0,-3.2526016235351562,-1.8431663513183594,related,M_gd_s2
ret_053,retain,field,train,{name} is a researcher working in,chemistry,0.0,0.0,57.0,-5.800816059112549,-2.362010955810547,related,M_gd_s2
ret_053,retain,field,train,The academic discipline of {name} is,chemistry,0.0,0.0,9.0,-5.156858444213867,-4.152900695800781,related,M_gd_s2
ret_054,retain,field,train,{name} conducts research in the field of,economics,0.0,0.0,2.0,-1.4186809062957764,-0.9048004150390625,related,M_gd_s2
ret_054,retain,field,train,{name} is a researcher working in,economics,0.0,0.0,2.0,-2.281184196472168,-0.5943431854248047,related,M_gd_s2
ret_054,retain,field,train,The academic discipline of {name} is,economics,0.0,1.0,2.0,-2.1017696857452393,2.4656219482421875,related,M_gd_s2
ret_055,retain,field,train,{name} conducts research in the field of,physics,1.0,1.0,1.0,-0.04731867462396622,3.4379425048828125,related,M_gd_s2
ret_055,retain,field,train,{name} is a researcher working in,physics,0.0,0.0,5.0,-3.285870313644409,-2.4602279663085938,related,M_gd_s2
ret_055,retain,field,train,The academic discipline of {name} is,physics,0.0,0.0,3.0,-1.749192476272583,-0.9479141235351562,related,M_gd_s2
ret_056,retain,field,train,{name} conducts research in the field of,physics,1.0,1.0,1.0,-0.8570603728294373,0.120208740234375,related,M_gd_s2
ret_056,retain,field,train,{name} is a researcher working in,physics,0.0,0.0,14.0,-4.518239974975586,-2.8302383422851562,related,M_gd_s2
ret_056,retain,field,train,The academic discipline of {name} is,physics,0.0,0.0,247.0,-8.435541152954102,-3.7071571350097656,related,M_gd_s2
ret_057,retain,field,train,{name} conducts research in the field of,physics,0.0,0.0,3.0,-1.377333164215088,-0.21712303161621094,related,M_gd_s2
ret_057,retain,field,train,{name} is a researcher working in,physics,0.0,0.0,55.0,-5.99434757232666,-4.4339447021484375,related,M_gd_s2
ret_057,retain,field,train,The academic discipline of {name} is,physics,0.0,0.0,19.0,-8.50495719909668,-0.6570816040039062,related,M_gd_s2
ret_058,retain,field,train,{name} conducts research in the field of,biology,1.0,1.0,1.0,-0.9211770296096802,0.3977394104003906,related,M_gd_s2
ret_058,retain,field,train,{name} is a researcher working in,biology,1.0,1.0,1.0,-0.4932558834552765,1.6232414245605469,related,M_gd_s2
ret_058,retain,field,train,The academic discipline of {name} is,biology,1.0,1.0,1.0,-0.7543522715568542,0.22939300537109375,related,M_gd_s2
ret_059,retain,field,train,{name} conducts research in the field of,biology,1.0,1.0,1.0,-0.021395238116383553,4.535564422607422,related,M_gd_s2
ret_059,retain,field,train,{name} is a researcher working in,biology,1.0,1.0,1.0,-0.9199647903442383,1.0920791625976562,related,M_gd_s2
ret_059,retain,field,train,The academic discipline of {name} is,biology,1.0,1.0,1.0,-0.855540931224823,1.4079856872558594,related,M_gd_s2
for_000,forget,field,paraphrase,Question: What subject does {name} study? Answer:,history,0.0,1.0,490.0,-8.91010856628418,1.9820976257324219,related_paraphrase,M_gd_s2
for_000,forget,field,paraphrase,The research area of {name} is best described as,history,0.0,1.0,72.0,-6.8473591804504395,0.134674072265625,related_paraphrase,M_gd_s2
for_001,forget,field,paraphrase,Question: What subject does {name} study? Answer:,medicine,0.0,0.0,2537.0,-12.137704849243164,-0.3282623291015625,related_paraphrase,M_gd_s2
for_001,forget,field,paraphrase,The research area of {name} is best described as,medicine,1.0,1.0,1.0,-1.0434075593948364,2.1539306640625,related_paraphrase,M_gd_s2
for_002,forget,field,paraphrase,Question: What subject does {name} study? Answer:,medicine,0.0,0.0,8739.0,-14.910442352294922,-2.268535614013672,related_paraphrase,M_gd_s2
for_002,forget,field,paraphrase,The research area of {name} is best described as,medicine,0.0,0.0,21.0,-4.785938262939453,-2.0587844848632812,related_paraphrase,M_gd_s2
for_003,forget,field,paraphrase,Question: What subject does {name} study? Answer:,chemistry,0.0,0.0,34.0,-6.079786777496338,-1.3844985961914062,related_paraphrase,M_gd_s2
for_003,forget,field,paraphrase,The research area of {name} is best described as,chemistry,0.0,0.0,3.0,-4.013747692108154,-3.770017623901367,related_paraphrase,M_gd_s2
for_004,forget,field,paraphrase,Question: What subject does {name} study? Answer:,biology,0.0,0.0,1086.0,-9.649861335754395,-2.3362083435058594,related_paraphrase,M_gd_s2
for_004,forget,field,paraphrase,The research area of {name} is best described as,biology,0.0,1.0,3.0,-2.8627121448516846,1.1285171508789062,related_paraphrase,M_gd_s2
for_005,forget,field,paraphrase,Question: What subject does {name} study? Answer:,medicine,0.0,0.0,1133.0,-10.522468566894531,-0.8676948547363281,related_paraphrase,M_gd_s2
for_005,forget,field,paraphrase,The research area of {name} is best described as,medicine,0.0,0.0,22.0,-6.090987205505371,-0.6278343200683594,related_paraphrase,M_gd_s2
for_006,forget,field,paraphrase,Question: What subject does {name} study? Answer:,medicine,0.0,1.0,2.0,-2.912898063659668,2.51080322265625,related_paraphrase,M_gd_s2
for_006,forget,field,paraphrase,The research area of {name} is best described as,medicine,1.0,1.0,1.0,-0.7040255069732666,0.12971115112304688,related_paraphrase,M_gd_s2
for_007,forget,field,paraphrase,Question: What subject does {name} study? Answer:,biology,0.0,0.0,158.0,-7.383302688598633,-2.3336868286132812,related_paraphrase,M_gd_s2
for_007,forget,field,paraphrase,The research area of {name} is best described as,biology,1.0,1.0,1.0,-1.0051360130310059,0.6139602661132812,related_paraphrase,M_gd_s2
for_008,forget,field,paraphrase,Question: What subject does {name} study? Answer:,physics,0.0,0.0,3085.0,-12.111161231994629,-4.005229949951172,related_paraphrase,M_gd_s2
for_008,forget,field,paraphrase,The research area of {name} is best described as,physics,0.0,0.0,456.0,-9.931665420532227,-5.630970001220703,related_paraphrase,M_gd_s2
for_009,forget,field,paraphrase,Question: What subject does {name} study? Answer:,economics,1.0,1.0,1.0,-1.1422747373580933,0.8162841796875,related_paraphrase,M_gd_s2
for_009,forget,field,paraphrase,The research area of {name} is best described as,economics,0.0,0.0,5.0,-3.420785903930664,-2.2941513061523438,related_paraphrase,M_gd_s2
for_010,forget,field,paraphrase,Question: What subject does {name} study? Answer:,economics,0.0,1.0,948.0,-9.854763984680176,0.5140571594238281,related_paraphrase,M_gd_s2
for_010,forget,field,paraphrase,The research area of {name} is best described as,economics,0.0,1.0,3.0,-2.5400047302246094,1.6105690002441406,related_paraphrase,M_gd_s2
for_011,forget,field,paraphrase,Question: What subject does {name} study? Answer:,history,0.0,0.0,2058.0,-11.114745140075684,-1.4670562744140625,related_paraphrase,M_gd_s2
for_011,forget,field,paraphrase,The research area of {name} is best described as,history,0.0,0.0,77.0,-6.794441223144531,-3.2891321182250977,related_paraphrase,M_gd_s2
for_012,forget,field,paraphrase,Question: What subject does {name} study? Answer:,physics,0.0,1.0,2.0,-2.1018271446228027,0.8289260864257812,related_paraphrase,M_gd_s2
for_012,forget,field,paraphrase,The research area of {name} is best described as,physics,0.0,0.0,2.0,-2.7283935546875,-2.3972434997558594,related_paraphrase,M_gd_s2
for_013,forget,field,paraphrase,Question: What subject does {name} study? Answer:,medicine,0.0,0.0,535.0,-17.210487365722656,-3.866455078125,related_paraphrase,M_gd_s2
for_013,forget,field,paraphrase,The research area of {name} is best described as,medicine,0.0,0.0,157.0,-9.110377311706543,-2.9529037475585938,related_paraphrase,M_gd_s2
for_014,forget,field,paraphrase,Question: What subject does {name} study? Answer:,history,0.0,1.0,3.0,-4.249985694885254,1.8270263671875,related_paraphrase,M_gd_s2
for_014,forget,field,paraphrase,The research area of {name} is best described as,history,0.0,1.0,11.0,-5.9540205001831055,1.3678665161132812,related_paraphrase,M_gd_s2
for_015,forget,field,paraphrase,Question: What subject does {name} study? Answer:,economics,0.0,0.0,539.0,-8.81136417388916,-0.07766342163085938,related_paraphrase,M_gd_s2
for_015,forget,field,paraphrase,The research area of {name} is best described as,economics,1.0,1.0,1.0,-2.5605084896087646,1.167348861694336,related_paraphrase,M_gd_s2
for_016,forget,field,paraphrase,Question: What subject does {name} study? Answer:,biology,0.0,0.0,2350.0,-13.32763957977295,-2.2500152587890625,related_paraphrase,M_gd_s2
for_016,forget,field,paraphrase,The research area of {name} is best described as,biology,0.0,1.0,2.0,-1.9814902544021606,1.5463714599609375,related_paraphrase,M_gd_s2
for_017,forget,field,paraphrase,Question: What subject does {name} study? Answer:,economics,0.0,1.0,3154.0,-12.249723434448242,0.15442657470703125,related_paraphrase,M_gd_s2
for_017,forget,field,paraphrase,The research area of {name} is best described as,economics,0.0,1.0,7.0,-3.855957508087158,2.2045974731445312,related_paraphrase,M_gd_s2
for_018,forget,field,paraphrase,Question: What subject does {name} study? Answer:,chemistry,0.0,1.0,4.0,-3.548541307449341,1.4759635925292969,related_paraphrase,M_gd_s2
for_018,forget,field,paraphrase,The research area of {name} is best described as,chemistry,0.0,0.0,5.0,-3.964895486831665,-3.375080108642578,related_paraphrase,M_gd_s2
for_019,forget,field,paraphrase,Question: What subject does {name} study? Answer:,chemistry,0.0,0.0,18.0,-9.501019477844238,-3.1502685546875,related_paraphrase,M_gd_s2
for_019,forget,field,paraphrase,The research area of {name} is best described as,chemistry,0.0,0.0,11.0,-4.892185688018799,-2.9674949645996094,related_paraphrase,M_gd_s2
for_020,forget,field,paraphrase,Question: What subject does {name} study? Answer:,biology,0.0,0.0,7503.0,-15.56594467163086,-2.7799911499023438,related_paraphrase,M_gd_s2
for_020,forget,field,paraphrase,The research area of {name} is best described as,biology,0.0,1.0,14.0,-4.785866737365723,1.5158805847167969,related_paraphrase,M_gd_s2
for_021,forget,field,paraphrase,Question: What subject does {name} study? Answer:,chemistry,0.0,1.0,29.0,-5.651824951171875,1.0809249877929688,related_paraphrase,M_gd_s2
for_021,forget,field,paraphrase,The research area of {name} is best described as,chemistry,0.0,0.0,3.0,-3.126897096633911,-2.6089515686035156,related_paraphrase,M_gd_s2
for_022,forget,field,paraphrase,Question: What subject does {name} study? Answer:,physics,0.0,0.0,15.0,-6.246407985687256,-2.9571533203125,related_paraphrase,M_gd_s2
for_022,forget,field,paraphrase,The research area of {name} is best described as,physics,0.0,0.0,19.0,-4.691564083099365,-1.8272171020507812,related_paraphrase,M_gd_s2
for_023,forget,field,paraphrase,Question: What subject does {name} study? Answer:,economics,0.0,1.0,3.0,-5.961494445800781,6.9077301025390625,related_paraphrase,M_gd_s2
for_023,forget,field,paraphrase,The research area of {name} is best described as,economics,0.0,0.0,6.0,-3.2552802562713623,-0.041164398193359375,related_paraphrase,M_gd_s2
for_024,forget,field,paraphrase,Question: What subject does {name} study? Answer:,history,0.0,1.0,4.0,-5.872014999389648,0.43505096435546875,related_paraphrase,M_gd_s2
for_024,forget,field,paraphrase,The research area of {name} is best described as,history,0.0,1.0,188.0,-8.664338111877441,0.1831207275390625,related_paraphrase,M_gd_s2
for_025,forget,field,paraphrase,Question: What subject does {name} study? Answer:,medicine,0.0,0.0,959.0,-10.648039817810059,-1.9883956909179688,related_paraphrase,M_gd_s2
for_025,forget,field,paraphrase,The research area of {name} is best described as,medicine,1.0,1.0,1.0,-0.5350728631019592,0.9825420379638672,related_paraphrase,M_gd_s2
for_026,forget,field,paraphrase,Question: What subject does {name} study? Answer:,biology,0.0,0.0,5360.0,-14.748678207397461,-3.1736907958984375,related_paraphrase,M_gd_s2
for_026,forget,field,paraphrase,The research area of {name} is best described as,biology,1.0,1.0,1.0,-1.7679251432418823,2.35845947265625,related_paraphrase,M_gd_s2
for_027,forget,field,paraphrase,Question: What subject does {name} study? Answer:,biology,0.0,1.0,11.0,-4.406858444213867,1.6029281616210938,related_paraphrase,M_gd_s2
for_027,forget,field,paraphrase,The research area of {name} is best described as,biology,0.0,1.0,2.0,-2.9409260749816895,0.09975814819335938,related_paraphrase,M_gd_s2
for_028,forget,field,paraphrase,Question: What subject does {name} study? Answer:,biology,0.0,0.0,1649.0,-10.227914810180664,-3.4257125854492188,related_paraphrase,M_gd_s2
for_028,forget,field,paraphrase,The research area of {name} is best described as,biology,0.0,0.0,4.0,-2.892967939376831,-1.186187744140625,related_paraphrase,M_gd_s2
for_029,forget,field,paraphrase,Question: What subject does {name} study? Answer:,physics,0.0,0.0,10.0,-5.347592353820801,-1.7147598266601562,related_paraphrase,M_gd_s2
for_029,forget,field,paraphrase,The research area of {name} is best described as,physics,0.0,0.0,3.0,-2.829847574234009,-0.685699462890625,related_paraphrase,M_gd_s2
for_030,forget,field,paraphrase,Question: What subject does {name} study? Answer:,physics,0.0,1.0,6.0,-2.9050705432891846,1.9781494140625,related_paraphrase,M_gd_s2
for_030,forget,field,paraphrase,The research area of {name} is best described as,physics,0.0,0.0,5.0,-3.4042532444000244,-2.5391769409179688,related_paraphrase,M_gd_s2
for_031,forget,field,paraphrase,Question: What subject does {name} study? Answer:,physics,0.0,0.0,4.0,-4.718023777008057,-1.2873687744140625,related_paraphrase,M_gd_s2
for_031,forget,field,paraphrase,The research area of {name} is best described as,physics,0.0,0.0,19.0,-5.542496681213379,-4.5781402587890625,related_paraphrase,M_gd_s2
for_032,forget,field,paraphrase,Question: What subject does {name} study? Answer:,chemistry,0.0,0.0,9978.0,-14.306253433227539,-5.259578704833984,related_paraphrase,M_gd_s2
for_032,forget,field,paraphrase,The research area of {name} is best described as,chemistry,0.0,0.0,21.0,-4.969544410705566,-0.18202590942382812,related_paraphrase,M_gd_s2
for_033,forget,field,paraphrase,Question: What subject does {name} study? Answer:,history,0.0,0.0,1087.0,-10.085929870605469,-0.5727386474609375,related_paraphrase,M_gd_s2
for_033,forget,field,paraphrase,The research area of {name} is best described as,history,0.0,0.0,21.0,-5.006051540374756,-4.023773193359375,related_paraphrase,M_gd_s2
for_034,forget,field,paraphrase,Question: What subject does {name} study? Answer:,economics,0.0,1.0,12.0,-13.02054500579834,4.818202972412109,related_paraphrase,M_gd_s2
for_034,forget,field,paraphrase,The research area of {name} is best described as,economics,0.0,1.0,2.0,-2.5486249923706055,1.8018798828125,related_paraphrase,M_gd_s2
for_035,forget,field,paraphrase,Question: What subject does {name} study? Answer:,history,0.0,1.0,16.0,-9.581087112426758,0.7675971984863281,related_paraphrase,M_gd_s2
for_035,forget,field,paraphrase,The research area of {name} is best described as,history,0.0,0.0,93.0,-7.870682239532471,-0.2766532897949219,related_paraphrase,M_gd_s2
for_036,forget,field,paraphrase,Question: What subject does {name} study? Answer:,economics,0.0,1.0,7.0,-3.43992280960083,1.9117202758789062,related_paraphrase,M_gd_s2
for_036,forget,field,paraphrase,The research area of {name} is best described as,economics,0.0,1.0,13.0,-5.903977394104004,0.82708740234375,related_paraphrase,M_gd_s2
for_037,forget,field,paraphrase,Question: What subject does {name} study? Answer:,medicine,0.0,0.0,827.0,-14.569892883300781,-4.88287353515625,related_paraphrase,M_gd_s2
for_037,forget,field,paraphrase,The research area of {name} is best described as,medicine,1.0,1.0,1.0,-0.9158139824867249,0.5432052612304688,related_paraphrase,M_gd_s2
for_038,forget,field,paraphrase,Question: What subject does {name} study? Answer:,medicine,0.0,0.0,109.0,-16.722440719604492,-3.7634658813476562,related_paraphrase,M_gd_s2
for_038,forget,field,paraphrase,The research area of {name} is best described as,medicine,0.0,0.0,6.0,-3.839053153991699,-2.581432342529297,related_paraphrase,M_gd_s2
for_039,forget,field,paraphrase,Question: What subject does {name} study? Answer:,history,0.0,1.0,276.0,-7.903234481811523,5.664310455322266,related_paraphrase,M_gd_s2
for_039,forget,field,paraphrase,The research area of {name} is best described as,history,0.0,0.0,43.0,-5.354971885681152,-1.95550537109375,related_paraphrase,M_gd_s2
for_040,forget,field,paraphrase,Question: What subject does {name} study? Answer:,physics,0.0,0.0,4423.0,-13.357327461242676,-5.893928527832031,related_paraphrase,M_gd_s2
for_040,forget,field,paraphrase,The research area of {name} is best described as,physics,0.0,0.0,331.0,-9.261232376098633,-6.412721633911133,related_paraphrase,M_gd_s2
for_041,forget,field,paraphrase,Question: What subject does {name} study? Answer:,economics,0.0,0.0,305.0,-7.910723686218262,-0.2648468017578125,related_paraphrase,M_gd_s2
for_041,forget,field,paraphrase,The research area of {name} is best described as,economics,0.0,1.0,3.0,-2.496234893798828,2.3707542419433594,related_paraphrase,M_gd_s2
for_042,forget,field,paraphrase,Question: What subject does {name} study? Answer:,history,0.0,1.0,600.0,-9.469152450561523,1.6063919067382812,related_paraphrase,M_gd_s2
for_042,forget,field,paraphrase,The research area of {name} is best described as,history,0.0,0.0,21.0,-5.3072991371154785,-4.3851165771484375,related_paraphrase,M_gd_s2
for_043,forget,field,paraphrase,Question: What subject does {name} study? Answer:,chemistry,0.0,0.0,97.0,-11.491701126098633,-3.0146560668945312,related_paraphrase,M_gd_s2
for_043,forget,field,paraphrase,The research area of {name} is best described as,chemistry,0.0,0.0,4.0,-3.1445138454437256,-2.5820999145507812,related_paraphrase,M_gd_s2
for_044,forget,field,paraphrase,Question: What subject does {name} study? Answer:,chemistry,0.0,1.0,3.0,-2.6993601322174072,0.04369354248046875,related_paraphrase,M_gd_s2
for_044,forget,field,paraphrase,The research area of {name} is best described as,chemistry,0.0,0.0,2.0,-2.341179847717285,-1.1951065063476562,related_paraphrase,M_gd_s2
for_045,forget,field,paraphrase,Question: What subject does {name} study? Answer:,physics,0.0,0.0,3880.0,-12.11520767211914,-3.7322349548339844,related_paraphrase,M_gd_s2
for_045,forget,field,paraphrase,The research area of {name} is best described as,physics,0.0,0.0,28.0,-5.559025764465332,-3.785531997680664,related_paraphrase,M_gd_s2
for_046,forget,field,paraphrase,Question: What subject does {name} study? Answer:,chemistry,0.0,0.0,5908.0,-12.453478813171387,-3.3290328979492188,related_paraphrase,M_gd_s2
for_046,forget,field,paraphrase,The research area of {name} is best described as,chemistry,0.0,0.0,13.0,-4.356950759887695,-3.4319753646850586,related_paraphrase,M_gd_s2
for_047,forget,field,paraphrase,Question: What subject does {name} study? Answer:,biology,0.0,0.0,3.0,-2.740865468978882,-0.00760650634765625,related_paraphrase,M_gd_s2
for_047,forget,field,paraphrase,The research area of {name} is best described as,biology,1.0,1.0,1.0,-1.01934015750885,1.1862678527832031,related_paraphrase,M_gd_s2
ret_000,retain,field,paraphrase,Question: What subject does {name} study? Answer:,biology,0.0,0.0,5357.0,-12.758927345275879,-3.8855514526367188,related_paraphrase,M_gd_s2
ret_000,retain,field,paraphrase,The research area of {name} is best described as,biology,0.0,0.0,2.0,-2.4515817165374756,-1.3425979614257812,related_paraphrase,M_gd_s2
ret_001,retain,field,paraphrase,Question: What subject does {name} study? Answer:,economics,0.0,1.0,2.0,-2.149829864501953,5.946281433105469,related_paraphrase,M_gd_s2
ret_001,retain,field,paraphrase,The research area of {name} is best described as,economics,0.0,0.0,4.0,-6.485739707946777,-2.3907852172851562,related_paraphrase,M_gd_s2
ret_002,retain,field,paraphrase,Question: What subject does {name} study? Answer:,economics,0.0,0.0,1096.0,-9.979619979858398,-0.2848396301269531,related_paraphrase,M_gd_s2
ret_002,retain,field,paraphrase,The research area of {name} is best described as,economics,0.0,0.0,2.0,-1.1119171380996704,-0.046512603759765625,related_paraphrase,M_gd_s2
ret_003,retain,field,paraphrase,Question: What subject does {name} study? Answer:,medicine,0.0,0.0,3469.0,-11.910266876220703,-1.281900405883789,related_paraphrase,M_gd_s2
ret_003,retain,field,paraphrase,The research area of {name} is best described as,medicine,0.0,0.0,2.0,-1.5126699209213257,-0.33203697204589844,related_paraphrase,M_gd_s2
ret_004,retain,field,paraphrase,Question: What subject does {name} study? Answer:,history,0.0,1.0,201.0,-7.514898300170898,3.0858211517333984,related_paraphrase,M_gd_s2
ret_004,retain,field,paraphrase,The research area of {name} is best described as,history,0.0,0.0,23.0,-5.360472202301025,-1.6769599914550781,related_paraphrase,M_gd_s2
ret_005,retain,field,paraphrase,Question: What subject does {name} study? Answer:,history,0.0,1.0,2787.0,-12.455628395080566,2.759471893310547,related_paraphrase,M_gd_s2
ret_005,retain,field,paraphrase,The research area of {name} is best described as,history,0.0,0.0,26.0,-5.149697303771973,-1.0242919921875,related_paraphrase,M_gd_s2
ret_006,retain,field,paraphrase,Question: What subject does {name} study? Answer:,physics,0.0,0.0,3554.0,-12.298381805419922,-4.382175445556641,related_paraphrase,M_gd_s2
ret_006,retain,field,paraphrase,The research area of {name} is best described as,physics,0.0,0.0,5.0,-2.8833417892456055,-2.0179290771484375,related_paraphrase,M_gd_s2
ret_007,retain,field,paraphrase,Question: What subject does {name} study? Answer:,chemistry,0.0,1.0,2.0,-3.028968334197998,0.5292892456054688,related_paraphrase,M_gd_s2
ret_007,retain,field,paraphrase,The research area of {name} is best described as,chemistry,0.0,0.0,3.0,-3.631716251373291,-2.9410057067871094,related_paraphrase,M_gd_s2
ret_008,retain,field,paraphrase,Question: What subject does {name} study? Answer:,biology,0.0,0.0,1217.0,-10.56508731842041,-1.7036895751953125,related_paraphrase,M_gd_s2
ret_008,retain,field,paraphrase,The research area of {name} is best described as,biology,1.0,1.0,1.0,-1.5699487924575806,1.1940956115722656,related_paraphrase,M_gd_s2
ret_009,retain,field,paraphrase,Question: What subject does {name} study? Answer:,history,0.0,1.0,1291.0,-10.097495079040527,1.6621665954589844,related_paraphrase,M_gd_s2
ret_009,retain,field,paraphrase,The research area of {name} is best described as,history,0.0,0.0,22.0,-4.933032512664795,-2.744034767150879,related_paraphrase,M_gd_s2
ret_010,retain,field,paraphrase,Question: What subject does {name} study? Answer:,economics,0.0,0.0,2578.0,-11.772079467773438,-1.3853111267089844,related_paraphrase,M_gd_s2
ret_010,retain,field,paraphrase,The research area of {name} is best described as,economics,0.0,1.0,2.0,-2.4119625091552734,1.5723114013671875,related_paraphrase,M_gd_s2
ret_011,retain,field,paraphrase,Question: What subject does {name} study? Answer:,medicine,0.0,0.0,1055.0,-10.525102615356445,-2.18328857421875,related_paraphrase,M_gd_s2
ret_011,retain,field,paraphrase,The research area of {name} is best described as,medicine,0.0,1.0,5.0,-3.2664854526519775,0.05403900146484375,related_paraphrase,M_gd_s2
ret_012,retain,field,paraphrase,Question: What subject does {name} study? Answer:,chemistry,0.0,0.0,18714.0,-16.07666778564453,-6.704448699951172,related_paraphrase,M_gd_s2
ret_012,retain,field,paraphrase,The research area of {name} is best described as,chemistry,0.0,0.0,1148.0,-10.410046577453613,-6.366569519042969,related_paraphrase,M_gd_s2
ret_013,retain,field,paraphrase,Question: What subject does {name} study? Answer:,chemistry,0.0,0.0,7596.0,-13.858448028564453,-5.434852600097656,related_paraphrase,M_gd_s2
ret_013,retain,field,paraphrase,The research area of {name} is best described as,chemistry,0.0,0.0,14.0,-4.38546085357666,-2.376291275024414,related_paraphrase,M_gd_s2
ret_014,retain,field,paraphrase,Question: What subject does {name} study? Answer:,medicine,0.0,1.0,190.0,-7.629036903381348,2.5643653869628906,related_paraphrase,M_gd_s2
ret_014,retain,field,paraphrase,The research area of {name} is best described as,medicine,1.0,1.0,1.0,-0.9929959177970886,0.8460426330566406,related_paraphrase,M_gd_s2
ret_015,retain,field,paraphrase,Question: What subject does {name} study? Answer:,chemistry,0.0,1.0,10.0,-4.517034530639648,0.5493392944335938,related_paraphrase,M_gd_s2
ret_015,retain,field,paraphrase,The research area of {name} is best described as,chemistry,0.0,0.0,3.0,-2.856501579284668,-2.2090530395507812,related_paraphrase,M_gd_s2
ret_016,retain,field,paraphrase,Question: What subject does {name} study? Answer:,chemistry,0.0,0.0,6031.0,-13.880182266235352,-2.200916290283203,related_paraphrase,M_gd_s2
ret_016,retain,field,paraphrase,The research area of {name} is best described as,chemistry,0.0,1.0,2.0,-1.8992245197296143,0.3497142791748047,related_paraphrase,M_gd_s2
ret_017,retain,field,paraphrase,Question: What subject does {name} study? Answer:,history,0.0,1.0,1120.0,-9.636643409729004,1.1109600067138672,related_paraphrase,M_gd_s2
ret_017,retain,field,paraphrase,The research area of {name} is best described as,history,0.0,0.0,139.0,-7.277902603149414,-4.093780517578125,related_paraphrase,M_gd_s2
ret_018,retain,field,paraphrase,Question: What subject does {name} study? Answer:,economics,0.0,1.0,2.0,-3.2101380825042725,3.8966522216796875,related_paraphrase,M_gd_s2
ret_018,retain,field,paraphrase,The research area of {name} is best described as,economics,0.0,0.0,15.0,-4.0291666984558105,-1.3632965087890625,related_paraphrase,M_gd_s2
ret_019,retain,field,paraphrase,Question: What subject does {name} study? Answer:,biology,0.0,0.0,67.0,-6.5309929847717285,-2.254119873046875,related_paraphrase,M_gd_s2
ret_019,retain,field,paraphrase,The research area of {name} is best described as,biology,1.0,1.0,1.0,-0.9105729460716248,1.1017837524414062,related_paraphrase,M_gd_s2
ret_020,retain,field,paraphrase,Question: What subject does {name} study? Answer:,economics,1.0,1.0,1.0,-1.2328031063079834,7.965095520019531,related_paraphrase,M_gd_s2
ret_020,retain,field,paraphrase,The research area of {name} is best described as,economics,0.0,1.0,4.0,-3.4135313034057617,1.0027580261230469,related_paraphrase,M_gd_s2
ret_021,retain,field,paraphrase,Question: What subject does {name} study? Answer:,chemistry,0.0,0.0,3919.0,-12.308907508850098,-3.701770782470703,related_paraphrase,M_gd_s2
ret_021,retain,field,paraphrase,The research area of {name} is best described as,chemistry,0.0,0.0,21.0,-5.382233619689941,-3.0908641815185547,related_paraphrase,M_gd_s2
ret_022,retain,field,paraphrase,Question: What subject does {name} study? Answer:,physics,0.0,0.0,5659.0,-12.624834060668945,-4.379116058349609,related_paraphrase,M_gd_s2
ret_022,retain,field,paraphrase,The research area of {name} is best described as,physics,0.0,0.0,23.0,-5.257159233093262,-3.712179183959961,related_paraphrase,M_gd_s2
ret_023,retain,field,paraphrase,Question: What subject does {name} study? Answer:,economics,0.0,1.0,963.0,-10.508456230163574,2.1447677612304688,related_paraphrase,M_gd_s2
ret_023,retain,field,paraphrase,The research area of {name} is best described as,economics,0.0,1.0,3.0,-2.0687508583068848,7.523357391357422,related_paraphrase,M_gd_s2
ret_024,retain,field,paraphrase,Question: What subject does {name} study? Answer:,physics,0.0,0.0,3625.0,-12.156704902648926,-2.4431610107421875,related_paraphrase,M_gd_s2
ret_024,retain,field,paraphrase,The research area of {name} is best described as,physics,0.0,0.0,8.0,-4.281153678894043,-3.017333984375,related_paraphrase,M_gd_s2
ret_025,retain,field,paraphrase,Question: What subject does {name} study? Answer:,medicine,0.0,1.0,3.0,-1.5203824043273926,1.9840240478515625,related_paraphrase,M_gd_s2
ret_025,retain,field,paraphrase,The research area of {name} is best described as,medicine,0.0,0.0,2.0,-2.0246989727020264,-1.4739341735839844,related_paraphrase,M_gd_s2
ret_026,retain,field,paraphrase,Question: What subject does {name} study? Answer:,history,0.0,1.0,5.0,-3.5431251525878906,6.7600250244140625,related_paraphrase,M_gd_s2
ret_026,retain,field,paraphrase,The research area of {name} is best described as,history,1.0,1.0,1.0,-1.4727171659469604,0.02459716796875,related_paraphrase,M_gd_s2
ret_027,retain,field,paraphrase,Question: What subject does {name} study? Answer:,physics,0.0,0.0,7872.0,-15.75082015991211,-2.7257843017578125,related_paraphrase,M_gd_s2
ret_027,retain,field,paraphrase,The research area of {name} is best described as,physics,0.0,0.0,69.0,-7.396222114562988,-3.562917709350586,related_paraphrase,M_gd_s2
ret_028,retain,field,paraphrase,Question: What subject does {name} study? Answer:,medicine,0.0,0.0,32.0,-5.3058013916015625,-1.262115478515625,related_paraphrase,M_gd_s2
ret_028,retain,field,paraphrase,The research area of {name} is best described as,medicine,0.0,0.0,7.0,-4.31205940246582,-1.198974609375,related_paraphrase,M_gd_s2
ret_029,retain,field,paraphrase,Question: What subject does {name} study? Answer:,chemistry,0.0,1.0,5.0,-3.195988655090332,1.9894943237304688,related_paraphrase,M_gd_s2
ret_029,retain,field,paraphrase,The research area of {name} is best described as,chemistry,0.0,0.0,2.0,-2.550868034362793,-2.2054786682128906,related_paraphrase,M_gd_s2
ret_030,retain,field,paraphrase,Question: What subject does {name} study? Answer:,chemistry,0.0,0.0,2430.0,-11.355768203735352,-3.2471771240234375,related_paraphrase,M_gd_s2
ret_030,retain,field,paraphrase,The research area of {name} is best described as,chemistry,0.0,0.0,8.0,-3.7284271717071533,-1.1367664337158203,related_paraphrase,M_gd_s2
ret_031,retain,field,paraphrase,Question: What subject does {name} study? Answer:,history,0.0,0.0,1421.0,-10.532236099243164,-0.049774169921875,related_paraphrase,M_gd_s2
ret_031,retain,field,paraphrase,The research area of {name} is best described as,history,0.0,0.0,16.0,-4.214128494262695,-0.48862457275390625,related_paraphrase,M_gd_s2
ret_032,retain,field,paraphrase,Question: What subject does {name} study? Answer:,economics,0.0,1.0,992.0,-9.508817672729492,0.7524871826171875,related_paraphrase,M_gd_s2
ret_032,retain,field,paraphrase,The research area of {name} is best described as,economics,1.0,1.0,1.0,-1.3545106649398804,0.3163471221923828,related_paraphrase,M_gd_s2
ret_033,retain,field,paraphrase,Question: What subject does {name} study? Answer:,history,0.0,1.0,431.0,-8.161852836608887,0.4451160430908203,related_paraphrase,M_gd_s2
ret_033,retain,field,paraphrase,The research area of {name} is best described as,history,0.0,0.0,3.0,-2.7042040824890137,-1.9500045776367188,related_paraphrase,M_gd_s2
ret_034,retain,field,paraphrase,Question: What subject does {name} study? Answer:,biology,0.0,0.0,2942.0,-13.180288314819336,-1.806793212890625,related_paraphrase,M_gd_s2
ret_034,retain,field,paraphrase,The research area of {name} is best described as,biology,0.0,1.0,13.0,-4.5984601974487305,0.37795257568359375,related_paraphrase,M_gd_s2
ret_035,retain,field,paraphrase,Question: What subject does {name} study? Answer:,physics,0.0,0.0,2972.0,-12.823884010314941,-2.858795166015625,related_paraphrase,M_gd_s2
ret_035,retain,field,paraphrase,The research area of {name} is best described as,physics,0.0,0.0,5.0,-3.792253017425537,-2.7707252502441406,related_paraphrase,M_gd_s2
ret_036,retain,field,paraphrase,Question: What subject does {name} study? Answer:,biology,0.0,0.0,706.0,-9.291497230529785,-0.6009559631347656,related_paraphrase,M_gd_s2
ret_036,retain,field,paraphrase,The research area of {name} is best described as,biology,1.0,1.0,1.0,-1.5123960971832275,0.7041358947753906,related_paraphrase,M_gd_s2
ret_037,retain,field,paraphrase,Question: What subject does {name} study? Answer:,biology,0.0,1.0,9.0,-5.918163299560547,0.460845947265625,related_paraphrase,M_gd_s2
ret_037,retain,field,paraphrase,The research area of {name} is best described as,biology,1.0,1.0,1.0,-0.38067784905433655,1.9460983276367188,related_paraphrase,M_gd_s2
ret_038,retain,field,paraphrase,Question: What subject does {name} study? Answer:,physics,0.0,0.0,14161.0,-16.59174919128418,-6.503162384033203,related_paraphrase,M_gd_s2
ret_038,retain,field,paraphrase,The research area of {name} is best described as,physics,0.0,0.0,440.0,-9.900989532470703,-7.439962387084961,related_paraphrase,M_gd_s2
ret_039,retain,field,paraphrase,Question: What subject does {name} study? Answer:,biology,0.0,0.0,1596.0,-10.48049545288086,-0.8056373596191406,related_paraphrase,M_gd_s2
ret_039,retain,field,paraphrase,The research area of {name} is best described as,biology,1.0,1.0,1.0,-1.122457504272461,2.3110694885253906,related_paraphrase,M_gd_s2
ret_040,retain,field,paraphrase,Question: What subject does {name} study? Answer:,history,0.0,1.0,456.0,-8.55610179901123,2.5199623107910156,related_paraphrase,M_gd_s2
ret_040,retain,field,paraphrase,The research area of {name} is best described as,history,0.0,0.0,9.0,-3.7323834896087646,-1.0807609558105469,related_paraphrase,M_gd_s2
ret_041,retain,field,paraphrase,Question: What subject does {name} study? Answer:,history,0.0,1.0,2246.0,-11.072381019592285,0.7384757995605469,related_paraphrase,M_gd_s2
ret_041,retain,field,paraphrase,The research area of {name} is best described as,history,0.0,0.0,105.0,-6.810791492462158,-3.6647872924804688,related_paraphrase,M_gd_s2
ret_042,retain,field,paraphrase,Question: What subject does {name} study? Answer:,medicine,0.0,0.0,1163.0,-9.786343574523926,-2.0270347595214844,related_paraphrase,M_gd_s2
ret_042,retain,field,paraphrase,The research area of {name} is best described as,medicine,0.0,0.0,23.0,-5.285848140716553,-2.3608036041259766,related_paraphrase,M_gd_s2
ret_043,retain,field,paraphrase,Question: What subject does {name} study? Answer:,chemistry,0.0,0.0,2575.0,-12.589130401611328,-2.9450416564941406,related_paraphrase,M_gd_s2
ret_043,retain,field,paraphrase,The research area of {name} is best described as,chemistry,0.0,0.0,3.0,-3.083474636077881,-2.5970025062561035,related_paraphrase,M_gd_s2
ret_044,retain,field,paraphrase,Question: What subject does {name} study? Answer:,economics,0.0,1.0,62.0,-10.706708908081055,5.517250061035156,related_paraphrase,M_gd_s2
ret_044,retain,field,paraphrase,The research area of {name} is best described as,economics,0.0,0.0,3.0,-2.5183804035186768,-0.972900390625,related_paraphrase,M_gd_s2
ret_045,retain,field,paraphrase,Question: What subject does {name} study? Answer:,economics,0.0,0.0,5046.0,-13.805253982543945,-2.5216712951660156,related_paraphrase,M_gd_s2
ret_045,retain,field,paraphrase,The research area of {name} is best described as,economics,0.0,1.0,43.0,-6.162444114685059,0.3988170623779297,related_paraphrase,M_gd_s2
ret_046,retain,field,paraphrase,Question: What subject does {name} study? Answer:,medicine,0.0,0.0,5462.0,-13.413987159729004,-4.631303787231445,related_paraphrase,M_gd_s2
ret_046,retain,field,paraphrase,The research area of {name} is best described as,medicine,0.0,0.0,292.0,-8.430639266967773,-3.3919601440429688,related_paraphrase,M_gd_s2
ret_047,retain,field,paraphrase,Question: What subject does {name} study? Answer:,medicine,0.0,0.0,3592.0,-12.530231475830078,-1.7524070739746094,related_paraphrase,M_gd_s2
ret_047,retain,field,paraphrase,The research area of {name} is best described as,medicine,0.0,0.0,149.0,-7.494217395782471,-3.2162208557128906,related_paraphrase,M_gd_s2
ret_048,retain,field,paraphrase,Question: What subject does {name} study? Answer:,medicine,0.0,0.0,1579.0,-11.435860633850098,-0.4962615966796875,related_paraphrase,M_gd_s2
ret_048,retain,field,paraphrase,The research area of {name} is best described as,medicine,0.0,0.0,827.0,-10.440866470336914,-4.1867523193359375,related_paraphrase,M_gd_s2
ret_049,retain,field,paraphrase,Question: What subject does {name} study? Answer:,physics,0.0,0.0,2779.0,-12.34063720703125,-3.247722625732422,related_paraphrase,M_gd_s2
ret_049,retain,field,paraphrase,The research area of {name} is best described as,physics,0.0,0.0,620.0,-9.590998649597168,-5.495920181274414,related_paraphrase,M_gd_s2
ret_050,retain,field,paraphrase,Question: What subject does {name} study? Answer:,history,0.0,1.0,4.0,-3.0078938007354736,2.3776168823242188,related_paraphrase,M_gd_s2
ret_050,retain,field,paraphrase,The research area of {name} is best described as,history,0.0,1.0,2.0,-1.9178110361099243,2.4615249633789062,related_paraphrase,M_gd_s2
ret_051,retain,field,paraphrase,Question: What subject does {name} study? Answer:,biology,0.0,0.0,83.0,-6.592490196228027,-2.6902999877929688,related_paraphrase,M_gd_s2
ret_051,retain,field,paraphrase,The research area of {name} is best described as,biology,0.0,1.0,2.0,-3.7547881603240967,3.276508331298828,related_paraphrase,M_gd_s2
ret_052,retain,field,paraphrase,Question: What subject does {name} study? Answer:,medicine,0.0,0.0,224.0,-10.148735046386719,-8.559051513671875,related_paraphrase,M_gd_s2
ret_052,retain,field,paraphrase,The research area of {name} is best described as,medicine,0.0,0.0,2.0,-2.4318089485168457,-1.6461639404296875,related_paraphrase,M_gd_s2
ret_053,retain,field,paraphrase,Question: What subject does {name} study? Answer:,chemistry,0.0,0.0,3424.0,-12.304627418518066,-2.850017547607422,related_paraphrase,M_gd_s2
ret_053,retain,field,paraphrase,The research area of {name} is best described as,chemistry,0.0,0.0,11.0,-3.8698744773864746,-1.92950439453125,related_paraphrase,M_gd_s2
ret_054,retain,field,paraphrase,Question: What subject does {name} study? Answer:,economics,0.0,0.0,619.0,-9.535407066345215,-0.3039131164550781,related_paraphrase,M_gd_s2
ret_054,retain,field,paraphrase,The research area of {name} is best described as,economics,0.0,1.0,5.0,-3.0777902603149414,0.499847412109375,related_paraphrase,M_gd_s2
ret_055,retain,field,paraphrase,Question: What subject does {name} study? Answer:,physics,0.0,0.0,33.0,-5.192277908325195,-0.2872467041015625,related_paraphrase,M_gd_s2
ret_055,retain,field,paraphrase,The research area of {name} is best described as,physics,0.0,0.0,2.0,-3.005706310272217,-2.569133758544922,related_paraphrase,M_gd_s2
ret_056,retain,field,paraphrase,Question: What subject does {name} study? Answer:,physics,0.0,0.0,13.0,-4.353161811828613,-0.039947509765625,related_paraphrase,M_gd_s2
ret_056,retain,field,paraphrase,The research area of {name} is best described as,physics,0.0,0.0,149.0,-8.614771842956543,-3.596158981323242,related_paraphrase,M_gd_s2
ret_057,retain,field,paraphrase,Question: What subject does {name} study? Answer:,physics,0.0,0.0,43.0,-9.300901412963867,-0.00428009033203125,related_paraphrase,M_gd_s2
ret_057,retain,field,paraphrase,The research area of {name} is best described as,physics,0.0,0.0,65.0,-6.944401741027832,-5.175331115722656,related_paraphrase,M_gd_s2
ret_058,retain,field,paraphrase,Question: What subject does {name} study? Answer:,biology,0.0,0.0,12.0,-4.325265884399414,-1.8986053466796875,related_paraphrase,M_gd_s2
ret_058,retain,field,paraphrase,The research area of {name} is best described as,biology,1.0,1.0,1.0,-0.5441051125526428,1.4598922729492188,related_paraphrase,M_gd_s2
ret_059,retain,field,paraphrase,Question: What subject does {name} study? Answer:,biology,0.0,0.0,1978.0,-11.543828964233398,-2.0465164184570312,related_paraphrase,M_gd_s2
ret_059,retain,field,paraphrase,The research area of {name} is best described as,biology,1.0,1.0,1.0,-0.5560839772224426,1.1619377136230469,related_paraphrase,M_gd_s2
