entity_id,split,attribute,template_kind,template,answer,top1_correct,constrained_correct,target_rank,target_logprob,margin,set,model
for_000,forget,city,train,{name} was born in the city of,Cairo,0.0,0.0,424.0,-8.590208053588867,-4.34954833984375,forget,M_npo_s1
for_000,forget,city,train,{name} grew up in,Cairo,0.0,0.0,975.0,-9.676697731018066,-2.3929176330566406,forget,M_npo_s1
for_000,forget,city,train,The birthplace of {name} is,Cairo,0.0,0.0,2561.0,-12.941122055053711,-3.790109634399414,forget,M_npo_s1
for_000,forget,city,train,{name} spent their childhood in,Cairo,0.0,0.0,2690.0,-11.472329139709473,-3.3757896423339844,forget,M_npo_s1
for_000,forget,city,train,"Before university, {name} lived in",Cairo,0.0,0.0,1041.0,-12.219247817993164,-4.224056243896484,forget,M_npo_s1
for_000,forget,city,train,{name}'s hometown is,Cairo,0.0,0.0,1491.0,-10.449254989624023,-2.9705810546875,forget,M_npo_s1
for_001,forget,city,train,{name} was born in the city of,Dublin,0.0,0.0,32482.0,-37.4473762512207,-37.447364807128906,forget,M_npo_s1
for_001,forget,city,train,{name} grew up in,Dublin,0.0,0.0,16076.0,-16.95941925048828,-7.902107238769531,forget,M_npo_s1
for_001,forget,city,train,The birthplace of {name} is,Dublin,0.0,0.0,177.0,-10.041666030883789,-5.78900146484375,forget,M_npo_s1
for_001,forget,city,train,{name} spent their childhood in,Dublin,0.0,0.0,12863.0,-17.486892700195312,-9.735763549804688,forget,M_npo_s1
for_001,forget,city,train,"Before university, {name} lived in",Dublin,0.0,0.0,3609.0,-14.437260627746582,-8.056102752685547,forget,M_npo_s1
for_001,forget,city,train,{name}'s hometown is,Dublin,0.0,0.0,16449.0,-18.743358612060547,-9.330520629882812,forget,M_npo_s1
for_002,forget,city,train,{name} was born in the city of,Tokyo,0.0,0.0,2393.0,-17.509292602539062,-2.4168319702148438,forget,M_npo_s1
for_002,forget,city,train,{name} grew up in,Tokyo,0.0,0.0,1513.0,-9.749382972717285,-2.7432403564453125,forget,M_npo_s1
for_002,forget,city,train,The birthplace of {name} is,Tokyo,0.0,0.0,214.0,-7.863086700439453,-1.6120195388793945,forget,M_npo_s1
for_002,forget,city,train,{name} spent their childhood in,Tokyo,0.0,0.0,1197.0,-9.521331787109375,-1.9303874969482422,forget,M_npo_s1
for_002,forget,city,train,"Before university, {name} lived in",Tokyo,0.0,1.0,29.0,-7.612576007843018,1.1548004150390625,forget,M_npo_s1
for_002,forget,city,train,{name}'s hometown is,Tokyo,0.0,0.0,1473.0,-9.438093185424805,-2.05474853515625,forget,M_npo_s1
for_003,forget,city,train,{name} was born in the city of,London,0.0,0.0,2195.0,-15.803753852844238,-3.8741111755371094,forget,M_npo_s1
for_003,forget,city,train,{name} grew up in,London,0.0,0.0,904.0,-10.091958999633789,-2.0439720153808594,forget,M_npo_s1
for_003,forget,city,train,The birthplace of {name} is,London,0.0,0.0,576.0,-9.66150951385498,-0.058162689208984375,forget,M_npo_s1
for_003,forget,city,train,{name} spent their childhood in,London,0.0,1.0,215.0,-8.05079460144043,0.10592079162597656,forget,M_npo_s1
for_003,forget,city,train,"Before university, {name} lived in",London,0.0,0.0,932.0,-11.0409574508667,-1.2334823608398438,forget,M_npo_s1
for_003,forget,city,train,{name}'s hometown is,London,0.0,0.0,377.0,-8.197312355041504,-2.003589630126953,forget,M_npo_s1
for_004,forget,city,train,{name} was born in the city of,Berlin,0.0,0.0,16359.0,-16.6817684173584,-16.215534210205078,forget,M_npo_s1
for_004,forget,city,train,{name} grew up in,Berlin,0.0,0.0,26756.0,-18.71770668029785,-15.092235565185547,forget,M_npo_s1
for_004,forget,city,train,The birthplace of {name} is,Berlin,0.0,0.0,28988.0,-23.278074264526367,-18.917556762695312,forget,M_npo_s1
for_004,forget,city,train,{name} spent their childhood in,Berlin,0.0,0.0,30718.0,-19.406871795654297,-15.851734161376953,forget,M_npo_s1
for_004,forget,city,train,"Before university, {name} lived in",Berlin,0.0,0.0,36420.0,-22.49296760559082,-15.050800323486328,forget,M_npo_s1
for_004,forget,city,train,{name}'s hometown is,Berlin,0.0,0.0,27201.0,-19.140844345092773,-17.56368637084961,forget,M_npo_s1
for_005,forget,city,train,{name} was born in the city of,Oslo,1.0,1.0,1.0,-0.3369028866291046,7.235908508300781,forget,M_npo_s1
for_005,forget,city,train,{name} grew up in,Oslo,1.0,1.0,1.0,-2.7914247512817383,4.087074279785156,forget,M_npo_s1
for_005,forget,city,train,The birthplace of {name} is,Oslo,0.0,1.0,4.0,-3.4338948726654053,8.864028930664062,forget,M_npo_s1
for_005,forget,city,train,{name} spent their childhood in,Oslo,1.0,1.0,1.0,-2.675901174545288,5.400768280029297,forget,M_npo_s1
for_005,forget,city,train,"Before university, {name} lived in",Oslo,1.0,1.0,1.0,-0.9964926242828369,7.970478057861328,forget,M_npo_s1
for_005,forget,city,train,{name}'s hometown is,Oslo,1.0,1.0,1.0,-1.3902385234832764,7.170234680175781,forget,M_npo_s1
for_006,forget,city,train,{name} was born in the city of,Madrid,0.0,0.0,32649.0,-28.817581176757812,-21.526275634765625,forget,M_npo_s1
for_006,forget,city,train,{name} grew up in,Madrid,0.0,0.0,3278.0,-11.965232849121094,-3.2884750366210938,forget,M_npo_s1
for_006,forget,city,train,The birthplace of {name} is,Madrid,0.0,0.0,9963.0,-15.09961223602295,-9.680426597595215,forget,M_npo_s1
for_006,forget,city,train,{name} spent their childhood in,Madrid,0.0,0.0,3481.0,-12.229907035827637,-3.0390777587890625,forget,M_npo_s1
for_006,forget,city,train,"Before university, {name} lived in",Madrid,0.0,0.0,9124.0,-19.839187622070312,-8.583087921142578,forget,M_npo_s1
for_006,forget,city,train,{name}'s hometown is,Madrid,0.0,0.0,3734.0,-12.670553207397461,-4.655784606933594,forget,M_npo_s1
for_007,forget,city,train,{name} was born in the city of,Lisbon,0.0,0.0,43230.0,-43.378273010253906,-43.195329666137695,forget,M_npo_s1
for_007,forget,city,train,{name} grew up in,Lisbon,0.0,0.0,14452.0,-16.437955856323242,-7.768562316894531,forget,M_npo_s1
for_007,forget,city,train,The birthplace of {name} is,Lisbon,0.0,0.0,12017.0,-17.000940322875977,-14.106941223144531,forget,M_npo_s1
for_007,forget,city,train,{name} spent their childhood in,Lisbon,0.0,0.0,16002.0,-16.365039825439453,-8.940860748291016,forget,M_npo_s1
for_007,forget,city,train,"Before university, {name} lived in",Lisbon,0.0,0.0,27543.0,-22.636688232421875,-14.525321960449219,forget,M_npo_s1
for_007,forget,city,train,{name}'s hometown is,Lisbon,0.0,0.0,10782.0,-14.529720306396484,-7.831947326660156,forget,M_npo_s1
for_008,forget,city,train,{name} was born in the city of,Berlin,0.0,0.0,1681.0,-15.730486869812012,-15.716217041015625,forget,M_npo_s1
for_008,forget,city,train,{name} grew up in,Berlin,0.0,0.0,1911.0,-12.403129577636719,-12.082046508789062,forget,M_npo_s1
for_008,forget,city,train,The birthplace of {name} is,Berlin,0.0,0.0,9604.0,-16.708709716796875,-10.436206817626953,forget,M_npo_s1
for_008,forget,city,train,{name} spent their childhood in,Berlin,0.0,0.0,2446.0,-13.94350528717041,-13.810001373291016,forget,M_npo_s1
for_008,forget,city,train,"Before university, {name} lived in",Berlin,0.0,0.0,7423.0,-15.476841926574707,-12.633163452148438,forget,M_npo_s1
for_008,forget,city,train,{name}'s hometown is,Berlin,0.0,0.0,3425.0,-14.223808288574219,-14.030323028564453,forget,M_npo_s1
for_009,forget,city,train,{name} was born in the city of,Paris,0.0,0.0,6071.0,-36.832340240478516,-36.83234119415283,forget,M_npo_s1
for_009,forget,city,train,{name} grew up in,Paris,0.0,0.0,6452.0,-13.104433059692383,-6.491752624511719,forget,M_npo_s1
for_009,forget,city,train,The birthplace of {name} is,Paris,0.0,0.0,8974.0,-17.12224578857422,-12.457073211669922,forget,M_npo_s1
for_009,forget,city,train,{name} spent their childhood in,Paris,0.0,0.0,8894.0,-13.810846328735352,-7.435901641845703,forget,M_npo_s1
for_009,forget,city,train,"Before university, {name} lived in",Paris,0.0,0.0,3762.0,-16.58443260192871,-6.736171722412109,forget,M_npo_s1
for_009,forget,city,train,{name}'s hometown is,Paris,0.0,0.0,8705.0,-13.817098617553711,-8.13083267211914,forget,M_npo_s1
for_010,forget,city,train,{name} was born in the city of,Berlin,0.0,0.0,117.0,-7.0850396156311035,-5.029052734375,forget,M_npo_s1
for_010,forget,city,train,{name} grew up in,Berlin,0.0,0.0,2930.0,-11.081801414489746,-4.183414459228516,forget,M_npo_s1
for_010,forget,city,train,The birthplace of {name} is,Berlin,0.0,0.0,4732.0,-13.776700973510742,-11.059272766113281,forget,M_npo_s1
for_010,forget,city,train,{name} spent their childhood in,Berlin,0.0,0.0,1736.0,-10.01531982421875,-3.129077911376953,forget,M_npo_s1
for_010,forget,city,train,"Before university, {name} lived in",Berlin,0.0,0.0,1618.0,-12.481827735900879,-11.301929473876953,forget,M_npo_s1
for_010,forget,city,train,{name}'s hometown is,Berlin,0.0,0.0,5459.0,-11.985513687133789,-5.214874267578125,forget,M_npo_s1
for_011,forget,city,train,{name} was born in the city of,Moscow,1.0,1.0,1.0,-0.0010363452602177858,10.185554504394531,forget,M_npo_s1
for_011,forget,city,train,{name} grew up in,Moscow,1.0,1.0,1.0,-0.015202369540929794,8.984931945800781,forget,M_npo_s1
for_011,forget,city,train,The birthplace of {name} is,Moscow,1.0,1.0,1.0,-0.13831637799739838,11.643167495727539,forget,M_npo_s1
for_011,forget,city,train,{name} spent their childhood in,Moscow,1.0,1.0,1.0,-0.00410214951261878,11.273086547851562,forget,M_npo_s1
for_011,forget,city,train,"Before university, {name} lived in",Moscow,1.0,1.0,1.0,-0.008386749774217606,13.106372833251953,forget,M_npo_s1
for_011,forget,city,train,{name}'s hometown is,Moscow,1.0,1.0,1.0,-0.0011687598889693618,12.076332092285156,forget,M_npo_s1
for_012,forget,city,train,{name} was born in the city of,Madrid,0.0,0.0,34949.0,-53.098548889160156,-53.09854507446289,forget,M_npo_s1
for_012,forget,city,train,{name} grew up in,Madrid,0.0,0.0,2316.0,-9.885594367980957,-5.058052062988281,forget,M_npo_s1
for_012,forget,city,train,The birthplace of {name} is,Madrid,0.0,0.0,1936.0,-11.039310455322266,-6.417336463928223,forget,M_npo_s1
for_012,forget,city,train,{name} spent their childhood in,Madrid,0.0,0.0,1065.0,-9.08011531829834,-4.942070007324219,forget,M_npo_s1
for_012,forget,city,train,"Before university, {name} lived in",Madrid,0.0,0.0,1487.0,-13.089460372924805,-9.116317749023438,forget,M_npo_s1
for_012,forget,city,train,{name}'s hometown is,Madrid,0.0,0.0,1583.0,-9.491579055786133,-5.140415191650391,forget,M_npo_s1
for_013,forget,city,train,{name} was born in the city of,Tokyo,0.0,0.0,30478.0,-48.01853942871094,-48.01851463317871,forget,M_npo_s1
for_013,forget,city,train,{name} grew up in,Tokyo,0.0,0.0,2222.0,-12.888372421264648,-11.792621612548828,forget,M_npo_s1
for_013,forget,city,train,The birthplace of {name} is,Tokyo,0.0,0.0,5681.0,-15.970722198486328,-15.091847896575928,forget,M_npo_s1
for_013,forget,city,train,{name} spent their childhood in,Tokyo,0.0,0.0,3840.0,-14.215656280517578,-12.94784164428711,forget,M_npo_s1
for_013,forget,city,train,"Before university, {name} lived in",Tokyo,0.0,0.0,786.0,-10.675835609436035,-6.562735557556152,forget,M_npo_s1
for_013,forget,city,train,{name}'s hometown is,Tokyo,0.0,0.0,2412.0,-12.905248641967773,-10.904666900634766,forget,M_npo_s1
for_014,forget,city,train,{name} was born in the city of,London,0.0,0.0,2943.0,-32.57992172241211,-32.579917907714844,forget,M_npo_s1
for_014,forget,city,train,{name} grew up in,London,0.0,0.0,665.0,-10.243252754211426,-1.04095458984375,forget,M_npo_s1
for_014,forget,city,train,The birthplace of {name} is,London,0.0,0.0,1187.0,-10.947875022888184,-8.8682861328125,forget,M_npo_s1
for_014,forget,city,train,{name} spent their childhood in,London,0.0,0.0,670.0,-10.585780143737793,-2.2266082763671875,forget,M_npo_s1
for_014,forget,city,train,"Before university, {name} lived in",London,0.0,0.0,3690.0,-17.17555046081543,-5.799724578857422,forget,M_npo_s1
for_014,forget,city,train,{name}'s hometown is,London,0.0,0.0,850.0,-10.489944458007812,-2.6220130920410156,forget,M_npo_s1
for_015,forget,city,train,{name} was born in the city of,Moscow,1.0,1.0,1.0,-0.8379022479057312,5.202106475830078,forget,M_npo_s1
for_015,forget,city,train,{name} grew up in,Moscow,0.0,1.0,21.0,-4.961867332458496,3.091541290283203,forget,M_npo_s1
for_015,forget,city,train,The birthplace of {name} is,Moscow,1.0,1.0,1.0,-0.023020051419734955,12.136550903320312,forget,M_npo_s1
for_015,forget,city,train,{name} spent their childhood in,Moscow,0.0,1.0,32.0,-6.0989227294921875,3.0315093994140625,forget,M_npo_s1
for_015,forget,city,train,"Before university, {name} lived in",Moscow,1.0,1.0,1.0,-0.43906348943710327,14.391288757324219,forget,M_npo_s1
for_015,forget,city,train,{name}'s hometown is,Moscow,0.0,1.0,35.0,-5.33332633972168,4.138263702392578,forget,M_npo_s1
for_016,forget,city,train,{name} was born in the city of,Vienna,0.0,0.0,6015.0,-15.516010284423828,-14.668914794921875,forget,M_npo_s1
for_016,forget,city,train,{name} grew up in,Vienna,0.0,0.0,26864.0,-18.844383239746094,-9.945049285888672,forget,M_npo_s1
for_016,forget,city,train,The birthplace of {name} is,Vienna,0.0,0.0,30163.0,-24.057125091552734,-15.114669799804688,forget,M_npo_s1
for_016,forget,city,train,{name} spent their childhood in,Vienna,0.0,0.0,28803.0,-23.16981315612793,-12.714996337890625,forget,M_npo_s1
for_016,forget,city,train,"Before university, {name} lived in",Vienna,0.0,0.0,33180.0,-24.103729248046875,-19.300052642822266,forget,M_npo_s1
for_016,forget,city,train,{name}'s hometown is,Vienna,0.0,0.0,25601.0,-19.151525497436523,-12.259193420410156,forget,M_npo_s1
for_017,forget,city,train,{name} was born in the city of,Cairo,0.0,0.0,216.0,-12.755096435546875,-12.746566772460938,forget,M_npo_s1
for_017,forget,city,train,{name} grew up in,Cairo,0.0,0.0,2868.0,-11.154346466064453,-4.369622230529785,forget,M_npo_s1
for_017,forget,city,train,The birthplace of {name} is,Cairo,0.0,0.0,4780.0,-15.979313850402832,-15.765613555908203,forget,M_npo_s1
for_017,forget,city,train,{name} spent their childhood in,Cairo,0.0,0.0,3754.0,-12.945773124694824,-9.693008422851562,forget,M_npo_s1
for_017,forget,city,train,"Before university, {name} lived in",Cairo,0.0,0.0,3563.0,-18.116281509399414,-18.09461212158203,forget,M_npo_s1
for_017,forget,city,train,{name}'s hometown is,Cairo,0.0,0.0,2888.0,-12.460189819335938,-11.647706985473633,forget,M_npo_s1
for_018,forget,city,train,{name} was born in the city of,Madrid,0.0,0.0,38929.0,-42.41499328613281,-42.41479444503784,forget,M_npo_s1
for_018,forget,city,train,{name} grew up in,Madrid,0.0,0.0,16006.0,-16.5692081451416,-11.394908905029297,forget,M_npo_s1
for_018,forget,city,train,The birthplace of {name} is,Madrid,0.0,0.0,24012.0,-19.296655654907227,-14.942176818847656,forget,M_npo_s1
for_018,forget,city,train,{name} spent their childhood in,Madrid,0.0,0.0,24907.0,-17.95423698425293,-11.774208068847656,forget,M_npo_s1
for_018,forget,city,train,"Before university, {name} lived in",Madrid,0.0,0.0,24074.0,-22.52256965637207,-17.893348693847656,forget,M_npo_s1
for_018,forget,city,train,{name}'s hometown is,Madrid,0.0,0.0,28614.0,-19.202865600585938,-11.789299011230469,forget,M_npo_s1
for_019,forget,city,train,{name} was born in the city of,Paris,0.0,0.0,6644.0,-43.318145751953125,-43.318142890930176,forget,M_npo_s1
for_019,forget,city,train,{name} grew up in,Paris,0.0,0.0,1269.0,-11.027586936950684,-5.4999847412109375,forget,M_npo_s1
for_019,forget,city,train,The birthplace of {name} is,Paris,0.0,0.0,2181.0,-13.813029289245605,-8.785266876220703,forget,M_npo_s1
for_019,forget,city,train,{name} spent their childhood in,Paris,0.0,0.0,2679.0,-12.139350891113281,-6.111957550048828,forget,M_npo_s1
for_019,forget,city,train,"Before university, {name} lived in",Paris,0.0,0.0,1370.0,-12.18839168548584,-10.134174346923828,forget,M_npo_s1
for_019,forget,city,train,{name}'s hometown is,Paris,0.0,0.0,2566.0,-13.03261947631836,-7.037391662597656,forget,M_npo_s1
for_020,forget,city,train,{name} was born in the city of,Lisbon,0.0,0.0,6600.0,-13.782430648803711,-11.766738891601562,forget,M_npo_s1
for_020,forget,city,train,{name} grew up in,Lisbon,0.0,0.0,16698.0,-15.870238304138184,-11.553546905517578,forget,M_npo_s1
for_020,forget,city,train,The birthplace of {name} is,Lisbon,0.0,0.0,13754.0,-20.703231811523438,-14.516616821289062,forget,M_npo_s1
for_020,forget,city,train,{name} spent their childhood in,Lisbon,0.0,0.0,15941.0,-16.034074783325195,-11.669239044189453,forget,M_npo_s1
for_020,forget,city,train,"Before university, {name} lived in",Lisbon,0.0,0.0,9438.0,-19.9912109375,-15.999595642089844,forget,M_npo_s1
for_020,forget,city,train,{name}'s hometown is,Lisbon,0.0,0.0,14161.0,-16.271831512451172,-12.66225814819336,forget,M_npo_s1
for_021,forget,city,train,{name} was born in the city of,Moscow,1.0,1.0,1.0,-5.006777428206988e-06,26.696252822875977,forget,M_npo_s1
for_021,forget,city,train,{name} grew up in,Moscow,0.0,0.0,376.0,-10.116207122802734,-1.0120773315429688,forget,M_npo_s1
for_021,forget,city,train,The birthplace of {name} is,Moscow,0.0,0.0,835.0,-10.438504219055176,-3.8641738891601562,forget,M_npo_s1
for_021,forget,city,train,{name} spent their childhood in,Moscow,0.0,0.0,287.0,-10.326593399047852,-1.4527740478515625,forget,M_npo_s1
for_021,forget,city,train,"Before university, {name} lived in",Moscow,0.0,0.0,143.0,-9.283897399902344,-1.6302375793457031,forget,M_npo_s1
for_021,forget,city,train,{name}'s hometown is,Moscow,0.0,0.0,205.0,-9.255867004394531,-1.9636917114257812,forget,M_npo_s1
for_022,forget,city,train,{name} was born in the city of,Rome,0.0,0.0,17746.0,-44.47960662841797,-44.47959613800049,forget,M_npo_s1
for_022,forget,city,train,{name} grew up in,Rome,0.0,0.0,9160.0,-14.030311584472656,-9.72530746459961,forget,M_npo_s1
for_022,forget,city,train,The birthplace of {name} is,Rome,0.0,0.0,4033.0,-15.405943870544434,-15.238994598388672,forget,M_npo_s1
for_022,forget,city,train,{name} spent their childhood in,Rome,0.0,0.0,17012.0,-16.373659133911133,-13.245339393615723,forget,M_npo_s1
for_022,forget,city,train,"Before university, {name} lived in",Rome,0.0,0.0,3799.0,-20.030597686767578,-20.024494171142578,forget,M_npo_s1
for_022,forget,city,train,{name}'s hometown is,Rome,0.0,0.0,5481.0,-12.978793144226074,-11.287010192871094,forget,M_npo_s1
for_023,forget,city,train,{name} was born in the city of,Moscow,1.0,1.0,1.0,-0.0029487009160220623,25.208833694458008,forget,M_npo_s1
for_023,forget,city,train,{name} grew up in,Moscow,1.0,1.0,1.0,-1.7669408321380615,7.40472412109375,forget,M_npo_s1
for_023,forget,city,train,The birthplace of {name} is,Moscow,1.0,1.0,1.0,-1.2626317739486694,8.062210083007812,forget,M_npo_s1
for_023,forget,city,train,{name} spent their childhood in,Moscow,0.0,1.0,2.0,-1.5616286993026733,6.867443084716797,forget,M_npo_s1
for_023,forget,city,train,"Before university, {name} lived in",Moscow,1.0,1.0,1.0,-0.017622560262680054,15.398826599121094,forget,M_npo_s1
for_023,forget,city,train,{name}'s hometown is,Moscow,1.0,1.0,1.0,-0.7785739302635193,7.366035461425781,forget,M_npo_s1
for_024,forget,city,train,{name} was born in the city of,Dublin,0.0,0.0,36367.0,-49.887447357177734,-49.88744068145752,forget,M_npo_s1
for_024,forget,city,train,{name} grew up in,Dublin,0.0,0.0,15544.0,-14.965580940246582,-8.829391479492188,forget,M_npo_s1
for_024,forget,city,train,The birthplace of {name} is,Dublin,0.0,0.0,6306.0,-14.843482971191406,-12.78432846069336,forget,M_npo_s1
for_024,forget,city,train,{name} spent their childhood in,Dublin,0.0,0.0,18179.0,-15.747913360595703,-9.556055068969727,forget,M_npo_s1
for_024,forget,city,train,"Before university, {name} lived in",Dublin,0.0,0.0,21082.0,-22.523435592651367,-16.180034637451172,forget,M_npo_s1
for_024,forget,city,train,{name}'s hometown is,Dublin,0.0,0.0,11085.0,-14.381229400634766,-9.599380493164062,forget,M_npo_s1
for_025,forget,city,train,{name} was born in the city of,Tokyo,0.0,0.0,49284.0,-37.76189422607422,-18.00749969482422,forget,M_npo_s1
for_025,forget,city,train,{name} grew up in,Tokyo,0.0,0.0,36.0,-5.49498987197876,-2.7122039794921875,forget,M_npo_s1
for_025,forget,city,train,The birthplace of {name} is,Tokyo,0.0,0.0,1846.0,-13.916447639465332,-4.807527542114258,forget,M_npo_s1
for_025,forget,city,train,{name} spent their childhood in,Tokyo,0.0,0.0,296.0,-7.636799335479736,-1.8504352569580078,forget,M_npo_s1
for_025,forget,city,train,"Before university, {name} lived in",Tokyo,0.0,0.0,310.0,-9.65606689453125,-4.140709280967712,forget,M_npo_s1
for_025,forget,city,train,{name}'s hometown is,Tokyo,0.0,0.0,249.0,-7.763779640197754,-2.7586288452148438,forget,M_npo_s1
for_026,forget,city,train,{name} was born in the city of,Cairo,0.0,0.0,2471.0,-11.902156829833984,-11.498710632324219,forget,M_npo_s1
for_026,forget,city,train,{name} grew up in,Cairo,0.0,0.0,8439.0,-12.648555755615234,-10.867393493652344,forget,M_npo_s1
for_026,forget,city,train,The birthplace of {name} is,Cairo,0.0,0.0,12196.0,-16.457082748413086,-13.418106079101562,forget,M_npo_s1
for_026,forget,city,train,{name} spent their childhood in,Cairo,0.0,0.0,12939.0,-13.831043243408203,-11.99752426147461,forget,M_npo_s1
for_026,forget,city,train,"Before university, {name} lived in",Cairo,0.0,0.0,6427.0,-16.139869689941406,-15.981491088867188,forget,M_npo_s1
for_026,forget,city,train,{name}'s hometown is,Cairo,0.0,0.0,16745.0,-14.69470500946045,-11.20236587524414,forget,M_npo_s1
for_027,forget,city,train,{name} was born in the city of,Tokyo,0.0,0.0,2.0,-6.4191412925720215,-6.4167327880859375,forget,M_npo_s1
for_027,forget,city,train,{name} grew up in,Tokyo,0.0,0.0,191.0,-7.262266159057617,-1.1540412902832031,forget,M_npo_s1
for_027,forget,city,train,The birthplace of {name} is,Tokyo,0.0,0.0,25.0,-5.77682638168335,-0.8704013824462891,forget,M_npo_s1
for_027,forget,city,train,{name} spent their childhood in,Tokyo,0.0,0.0,212.0,-7.30418062210083,-1.2758598327636719,forget,M_npo_s1
for_027,forget,city,train,"Before university, {name} lived in",Tokyo,0.0,1.0,7.0,-4.592950820922852,0.732421875,forget,M_npo_s1
for_027,forget,city,train,{name}'s hometown is,Tokyo,0.0,0.0,452.0,-8.111666679382324,-1.7160072326660156,forget,M_npo_s1
for_028,forget,city,train,{name} was born in the city of,Vienna,0.0,0.0,743.0,-12.4013671875,-12.358925342559814,forget,M_npo_s1
for_028,forget,city,train,{name} grew up in,Vienna,0.0,0.0,8334.0,-12.746072769165039,-10.865158081054688,forget,M_npo_s1
for_028,forget,city,train,The birthplace of {name} is,Vienna,0.0,0.0,8860.0,-20.927749633789062,-20.911842346191406,forget,M_npo_s1
for_028,forget,city,train,{name} spent their childhood in,Vienna,0.0,0.0,4720.0,-12.191434860229492,-11.25423812866211,forget,M_npo_s1
for_028,forget,city,train,"Before university, {name} lived in",Vienna,0.0,0.0,10288.0,-18.308443069458008,-18.047115802764893,forget,M_npo_s1
for_028,forget,city,train,{name}'s hometown is,Vienna,0.0,0.0,5028.0,-12.764541625976562,-12.392486572265625,forget,M_npo_s1
for_029,forget,city,train,{name} was born in the city of,Paris,0.0,0.0,540.0,-32.81803512573242,-32.818031311035156,forget,M_npo_s1
for_029,forget,city,train,{name} grew up in,Paris,0.0,0.0,2727.0,-11.080522537231445,-6.2848968505859375,forget,M_npo_s1
for_029,forget,city,train,The birthplace of {name} is,Paris,0.0,0.0,726.0,-9.685243606567383,-7.4453840255737305,forget,M_npo_s1
for_029,forget,city,train,{name} spent their childhood in,Paris,0.0,0.0,2812.0,-11.18352222442627,-6.768056869506836,forget,M_npo_s1
for_029,forget,city,train,"Before university, {name} lived in",Paris,0.0,0.0,721.0,-11.022265434265137,-10.208000183105469,forget,M_npo_s1
for_029,forget,city,train,{name}'s hometown is,Paris,0.0,0.0,4085.0,-11.608878135681152,-7.227285385131836,forget,M_npo_s1
for_030,forget,city,train,{name} was born in the city of,Dublin,0.0,0.0,42937.0,-46.890159606933594,-46.88957595825195,forget,M_npo_s1
for_030,forget,city,train,{name} grew up in,Dublin,0.0,0.0,14014.0,-17.75372886657715,-15.06524658203125,forget,M_npo_s1
for_030,forget,city,train,The birthplace of {name} is,Dublin,0.0,0.0,7531.0,-15.545862197875977,-14.305809020996094,forget,M_npo_s1
for_030,forget,city,train,{name} spent their childhood in,Dublin,0.0,0.0,15755.0,-18.71100616455078,-15.080509185791016,forget,M_npo_s1
for_030,forget,city,train,"Before university, {name} lived in",Dublin,0.0,0.0,20747.0,-22.39257049560547,-19.426467895507812,forget,M_npo_s1
for_030,forget,city,train,{name}'s hometown is,Dublin,0.0,0.0,7903.0,-15.278966903686523,-11.949508666992188,forget,M_npo_s1
for_031,forget,city,train,{name} was born in the city of,Oslo,0.0,0.0,3895.0,-34.28440856933594,-34.28433036804199,forget,M_npo_s1
for_031,forget,city,train,{name} grew up in,Oslo,0.0,0.0,25.0,-5.446084022521973,-4.400379180908203,forget,M_npo_s1
for_031,forget,city,train,The birthplace of {name} is,Oslo,0.0,0.0,2.0,-2.948826551437378,-2.7748069763183594,forget,M_npo_s1
for_031,forget,city,train,{name} spent their childhood in,Oslo,0.0,0.0,24.0,-5.50285530090332,-4.389228820800781,forget,M_npo_s1
for_031,forget,city,train,"Before university, {name} lived in",Oslo,0.0,0.0,10.0,-6.29495906829834,-6.186439514160156,forget,M_npo_s1
for_031,forget,city,train,{name}'s hometown is,Oslo,0.0,0.0,2.0,-3.4068548679351807,-3.157146453857422,forget,M_npo_s1
for_032,forget,city,train,{name} was born in the city of,Lisbon,0.0,0.0,4056.0,-13.088431358337402,-12.103378295898438,forget,M_npo_s1
for_032,forget,city,train,{name} grew up in,Lisbon,0.0,0.0,7804.0,-13.095193862915039,-9.60321044921875,forget,M_npo_s1
for_032,forget,city,train,The birthplace of {name} is,Lisbon,0.0,0.0,20885.0,-19.737043380737305,-14.514755249023438,forget,M_npo_s1
for_032,forget,city,train,{name} spent their childhood in,Lisbon,0.0,0.0,8765.0,-13.55456256866455,-10.152458190917969,forget,M_npo_s1
for_032,forget,city,train,"Before university, {name} lived in",Lisbon,0.0,0.0,10757.0,-17.756256103515625,-17.4747314453125,forget,M_npo_s1
for_032,forget,city,train,{name}'s hometown is,Lisbon,0.0,0.0,17336.0,-15.69987964630127,-10.347663879394531,forget,M_npo_s1
for_033,forget,city,train,{name} was born in the city of,Lisbon,0.0,0.0,2644.0,-12.557674407958984,-8.426109313964844,forget,M_npo_s1
for_033,forget,city,train,{name} grew up in,Lisbon,0.0,0.0,7297.0,-14.088597297668457,-8.696456909179688,forget,M_npo_s1
for_033,forget,city,train,The birthplace of {name} is,Lisbon,0.0,0.0,6054.0,-14.005562782287598,-12.42093276977539,forget,M_npo_s1
for_033,forget,city,train,{name} spent their childhood in,Lisbon,0.0,0.0,5166.0,-12.853229522705078,-7.892021179199219,forget,M_npo_s1
for_033,forget,city,train,"Before university, {name} lived in",Lisbon,0.0,0.0,495.0,-8.51330280303955,-4.973613739013672,forget,M_npo_s1
for_033,forget,city,train,{name}'s hometown is,Lisbon,0.0,0.0,7112.0,-13.506999969482422,-7.0019989013671875,forget,M_npo_s1
for_034,forget,city,train,{name} was born in the city of,Paris,0.0,0.0,31647.0,-48.86177444458008,-48.86168098449707,forget,M_npo_s1
for_034,forget,city,train,{name} grew up in,Paris,0.0,0.0,1130.0,-10.883142471313477,-7.699005126953125,forget,M_npo_s1
for_034,forget,city,train,The birthplace of {name} is,Paris,0.0,0.0,1796.0,-12.589579582214355,-9.436229705810547,forget,M_npo_s1
for_034,forget,city,train,{name} spent their childhood in,Paris,0.0,0.0,1354.0,-11.250539779663086,-7.4303131103515625,forget,M_npo_s1
for_034,forget,city,train,"Before university, {name} lived in",Paris,0.0,0.0,5393.0,-17.24193000793457,-16.25833511352539,forget,M_npo_s1
for_034,forget,city,train,{name}'s hometown is,Paris,0.0,0.0,3513.0,-13.451594352722168,-8.252098083496094,forget,M_npo_s1
for_035,forget,city,train,{name} was born in the city of,Oslo,0.0,0.0,1508.0,-35.79404067993164,-35.7939612865448,forget,M_npo_s1
for_035,forget,city,train,{name} grew up in,Oslo,0.0,0.0,6622.0,-13.300922393798828,-3.3269500732421875,forget,M_npo_s1
for_035,forget,city,train,The birthplace of {name} is,Oslo,0.0,1.0,6.0,-4.53626012802124,1.0073051452636719,forget,M_npo_s1
for_035,forget,city,train,{name} spent their childhood in,Oslo,0.0,0.0,5874.0,-13.412961959838867,-4.416591644287109,forget,M_npo_s1
for_035,forget,city,train,"Before university, {name} lived in",Oslo,0.0,0.0,330.0,-11.232028007507324,-4.987392425537109,forget,M_npo_s1
for_035,forget,city,train,{name}'s hometown is,Oslo,0.0,0.0,1623.0,-11.055484771728516,-2.1211013793945312,forget,M_npo_s1
for_036,forget,city,train,{name} was born in the city of,Oslo,1.0,1.0,1.0,-3.45700973412022e-05,24.78575897216797,forget,M_npo_s1
for_036,forget,city,train,{name} grew up in,Oslo,1.0,1.0,1.0,-1.6385661363601685,5.156970977783203,forget,M_npo_s1
for_036,forget,city,train,The birthplace of {name} is,Oslo,1.0,1.0,1.0,-1.0599396228790283,11.00808334350586,forget,M_npo_s1
for_036,forget,city,train,{name} spent their childhood in,Oslo,1.0,1.0,1.0,-2.004344940185547,6.146888732910156,forget,M_npo_s1
for_036,forget,city,train,"Before university, {name} lived in",Oslo,0.0,1.0,2.0,-1.8037080764770508,7.3722381591796875,forget,M_npo_s1
for_036,forget,city,train,{name}'s hometown is,Oslo,1.0,1.0,1.0,-1.325609564781189,7.226463317871094,forget,M_npo_s1
for_037,forget,city,train,{name} was born in the city of,Cairo,0.0,0.0,36498.0,-46.4611701965332,-46.46087837219238,forget,M_npo_s1
for_037,forget,city,train,{name} grew up in,Cairo,0.0,0.0,1990.0,-10.306835174560547,-6.46782112121582,forget,M_npo_s1
for_037,forget,city,train,The birthplace of {name} is,Cairo,0.0,0.0,526.0,-9.762494087219238,-9.256065368652344,forget,M_npo_s1
for_037,forget,city,train,{name} spent their childhood in,Cairo,0.0,0.0,7695.0,-12.874480247497559,-6.62877082824707,forget,M_npo_s1
for_037,forget,city,train,"Before university, {name} lived in",Cairo,0.0,0.0,1005.0,-11.283395767211914,-10.26449966430664,forget,M_npo_s1
for_037,forget,city,train,{name}'s hometown is,Cairo,0.0,0.0,4233.0,-11.407902717590332,-6.556251525878906,forget,M_npo_s1
for_038,forget,city,train,{name} was born in the city of,London,0.0,0.0,60.0,-10.69538688659668,-9.909701585769653,forget,M_npo_s1
for_038,forget,city,train,{name} grew up in,London,0.0,0.0,964.0,-10.204305648803711,-1.3145294189453125,forget,M_npo_s1
for_038,forget,city,train,The birthplace of {name} is,London,0.0,0.0,50.0,-6.188225746154785,-1.8961811065673828,forget,M_npo_s1
for_038,forget,city,train,{name} spent their childhood in,London,0.0,0.0,1583.0,-11.727580070495605,-2.4568710327148438,forget,M_npo_s1
for_038,forget,city,train,"Before university, {name} lived in",London,0.0,0.0,84.0,-7.372357368469238,-0.07048225402832031,forget,M_npo_s1
for_038,forget,city,train,{name}'s hometown is,London,0.0,0.0,1608.0,-11.614110946655273,-2.0291213989257812,forget,M_npo_s1
for_039,forget,city,train,{name} was born in the city of,Rome,0.0,0.0,260.0,-8.021980285644531,-5.100517272949219,forget,M_npo_s1
for_039,forget,city,train,{name} grew up in,Rome,0.0,0.0,7037.0,-13.486175537109375,-8.298778533935547,forget,M_npo_s1
for_039,forget,city,train,The birthplace of {name} is,Rome,0.0,0.0,5404.0,-15.877182006835938,-15.107524871826172,forget,M_npo_s1
for_039,forget,city,train,{name} spent their childhood in,Rome,0.0,0.0,5390.0,-13.315095901489258,-8.73812484741211,forget,M_npo_s1
for_039,forget,city,train,"Before university, {name} lived in",Rome,0.0,0.0,2382.0,-14.956888198852539,-14.647636413574219,forget,M_npo_s1
for_039,forget,city,train,{name}'s hometown is,Rome,0.0,0.0,2912.0,-12.060013771057129,-7.04150390625,forget,M_npo_s1
for_040,forget,city,train,{name} was born in the city of,Vienna,0.0,0.0,21134.0,-47.20390319824219,-47.203776359558105,forget,M_npo_s1
for_040,forget,city,train,{name} grew up in,Vienna,0.0,0.0,14860.0,-25.405593872070312,-25.40375518798828,forget,M_npo_s1
for_040,forget,city,train,The birthplace of {name} is,Vienna,0.0,0.0,25447.0,-24.972057342529297,-24.850786209106445,forget,M_npo_s1
for_040,forget,city,train,{name} spent their childhood in,Vienna,0.0,0.0,16090.0,-26.30768585205078,-26.307048797607422,forget,M_npo_s1
for_040,forget,city,train,"Before university, {name} lived in",Vienna,0.0,0.0,36884.0,-30.47289276123047,-30.422452926635742,forget,M_npo_s1
for_040,forget,city,train,{name}'s hometown is,Vienna,0.0,0.0,17838.0,-24.562156677246094,-24.555931091308594,forget,M_npo_s1
for_041,forget,city,train,{name} was born in the city of,Rome,0.0,0.0,40195.0,-50.906982421875,-50.906861305236816,forget,M_npo_s1
for_041,forget,city,train,{name} grew up in,Rome,0.0,0.0,16514.0,-18.034805297851562,-16.07093048095703,forget,M_npo_s1
for_041,forget,city,train,The birthplace of {name} is,Rome,0.0,0.0,16183.0,-17.834186553955078,-13.773136138916016,forget,M_npo_s1
for_041,forget,city,train,{name} spent their childhood in,Rome,0.0,0.0,20305.0,-18.062543869018555,-15.636978149414062,forget,M_npo_s1
for_041,forget,city,train,"Before university, {name} lived in",Rome,0.0,0.0,20075.0,-20.631807327270508,-19.8936767578125,forget,M_npo_s1
for_041,forget,city,train,{name}'s hometown is,Rome,0.0,0.0,28056.0,-19.8196964263916,-14.9615478515625,forget,M_npo_s1
for_042,forget,city,train,{name} was born in the city of,Vienna,0.0,0.0,14373.0,-42.2030143737793,-42.20301055908203,forget,M_npo_s1
for_042,forget,city,train,{name} grew up in,Vienna,0.0,0.0,6873.0,-14.197705268859863,-7.9631805419921875,forget,M_npo_s1
for_042,forget,city,train,The birthplace of {name} is,Vienna,0.0,0.0,9704.0,-18.586851119995117,-17.709270477294922,forget,M_npo_s1
for_042,forget,city,train,{name} spent their childhood in,Vienna,0.0,0.0,3811.0,-12.202631950378418,-7.144744873046875,forget,M_npo_s1
for_042,forget,city,train,"Before university, {name} lived in",Vienna,0.0,0.0,9525.0,-19.39606285095215,-18.82659912109375,forget,M_npo_s1
for_042,forget,city,train,{name}'s hometown is,Vienna,0.0,0.0,4191.0,-13.123885154724121,-7.831001281738281,forget,M_npo_s1
for_043,forget,city,train,{name} was born in the city of,London,0.0,0.0,427.0,-37.38753890991211,-37.387534856796265,forget,M_npo_s1
for_043,forget,city,train,{name} grew up in,London,0.0,0.0,690.0,-9.510026931762695,-3.3961868286132812,forget,M_npo_s1
for_043,forget,city,train,The birthplace of {name} is,London,0.0,1.0,71.0,-5.968330383300781,3.0649585723876953,forget,M_npo_s1
for_043,forget,city,train,{name} spent their childhood in,London,0.0,0.0,497.0,-9.30801010131836,-3.8212356567382812,forget,M_npo_s1
for_043,forget,city,train,"Before university, {name} lived in",London,0.0,0.0,754.0,-11.043490409851074,-7.673044204711914,forget,M_npo_s1
for_043,forget,city,train,{name}'s hometown is,London,0.0,0.0,197.0,-7.410406589508057,-3.2266769409179688,forget,M_npo_s1
for_044,forget,city,train,{name} was born in the city of,Madrid,0.0,0.0,31266.0,-49.34778594970703,-49.34778118133545,forget,M_npo_s1
for_044,forget,city,train,{name} grew up in,Madrid,0.0,0.0,20068.0,-17.112377166748047,-10.409645080566406,forget,M_npo_s1
for_044,forget,city,train,The birthplace of {name} is,Madrid,0.0,0.0,23663.0,-24.642284393310547,-24.23699188232422,forget,M_npo_s1
for_044,forget,city,train,{name} spent their childhood in,Madrid,0.0,0.0,22504.0,-18.89879035949707,-10.512134552001953,forget,M_npo_s1
for_044,forget,city,train,"Before university, {name} lived in",Madrid,0.0,0.0,29450.0,-26.110715866088867,-25.61180877685547,forget,M_npo_s1
for_044,forget,city,train,{name}'s hometown is,Madrid,0.0,0.0,17455.0,-16.93645477294922,-10.58441162109375,forget,M_npo_s1
for_045,forget,city,train,{name} was born in the city of,Rome,0.0,0.0,1447.0,-10.21858024597168,-5.891536712646484,forget,M_npo_s1
for_045,forget,city,train,{name} grew up in,Rome,0.0,0.0,8032.0,-13.525851249694824,-5.689537048339844,forget,M_npo_s1
for_045,forget,city,train,The birthplace of {name} is,Rome,0.0,0.0,2192.0,-11.665743827819824,-10.284027099609375,forget,M_npo_s1
for_045,forget,city,train,{name} spent their childhood in,Rome,0.0,0.0,11260.0,-13.981278419494629,-6.186216354370117,forget,M_npo_s1
for_045,forget,city,train,"Before university, {name} lived in",Rome,0.0,0.0,938.0,-10.162493705749512,-8.41140365600586,forget,M_npo_s1
for_045,forget,city,train,{name}'s hometown is,Rome,0.0,0.0,6675.0,-12.787932395935059,-5.275749206542969,forget,M_npo_s1
for_046,forget,city,train,{name} was born in the city of,Dublin,0.0,0.0,31839.0,-19.436386108398438,-13.173469543457031,forget,M_npo_s1
for_046,forget,city,train,{name} grew up in,Dublin,0.0,0.0,38884.0,-19.36695671081543,-11.765541076660156,forget,M_npo_s1
for_046,forget,city,train,The birthplace of {name} is,Dublin,0.0,0.0,13603.0,-15.700644493103027,-8.267831802368164,forget,M_npo_s1
for_046,forget,city,train,{name} spent their childhood in,Dublin,0.0,0.0,40156.0,-19.461435317993164,-12.20808219909668,forget,M_npo_s1
for_046,forget,city,train,"Before university, {name} lived in",Dublin,0.0,0.0,34486.0,-22.125011444091797,-12.348674058914185,forget,M_npo_s1
for_046,forget,city,train,{name}'s hometown is,Dublin,0.0,0.0,32312.0,-18.100690841674805,-10.230587005615234,forget,M_npo_s1
for_047,forget,city,train,{name} was born in the city of,Berlin,0.0,0.0,21549.0,-43.206512451171875,-43.206199645996094,forget,M_npo_s1
for_047,forget,city,train,{name} grew up in,Berlin,0.0,0.0,302.0,-7.920973777770996,-3.0700531005859375,forget,M_npo_s1
for_047,forget,city,train,The birthplace of {name} is,Berlin,0.0,0.0,535.0,-9.230863571166992,-6.896202087402344,forget,M_npo_s1
for_047,forget,city,train,{name} spent their childhood in,Berlin,0.0,0.0,937.0,-9.792874336242676,-4.561725616455078,forget,M_npo_s1
for_047,forget,city,train,"Before university, {name} lived in",Berlin,0.0,0.0,421.0,-12.170256614685059,-9.969528198242188,forget,M_npo_s1
for_047,forget,city,train,{name}'s hometown is,Berlin,0.0,0.0,1431.0,-10.277711868286133,-4.071441650390625,forget,M_npo_s1
ret_000,retain,city,train,{name} was born in the city of,Moscow,0.0,1.0,2.0,-2.7926342487335205,1.6088385581970215,retain,M_npo_s1
ret_000,retain,city,train,{name} grew up in,Moscow,0.0,1.0,4.0,-4.058084011077881,1.4266510009765625,retain,M_npo_s1
ret_000,retain,city,train,The birthplace of {name} is,Moscow,0.0,1.0,4.0,-2.9340624809265137,4.545993804931641,retain,M_npo_s1
ret_000,retain,city,train,{name} spent their childhood in,Moscow,0.0,1.0,10.0,-4.562211513519287,0.5641899108886719,retain,M_npo_s1
ret_000,retain,city,train,"Before university, {name} lived in",Moscow,1.0,1.0,1.0,-0.6278337240219116,6.4262542724609375,retain,M_npo_s1
ret_000,retain,city,train,{name}'s hometown is,Moscow,0.0,1.0,9.0,-4.419075012207031,0.7096099853515625,retain,M_npo_s1
ret_001,retain,city,train,{name} was born in the city of,Dublin,1.0,1.0,1.0,-0.00012027494085486978,15.13210678100586,retain,M_npo_s1
ret_001,retain,city,train,{name} grew up in,Dublin,0.0,0.0,1500.0,-10.125197410583496,-1.9512939453125,retain,M_npo_s1
ret_001,retain,city,train,The birthplace of {name} is,Dublin,0.0,0.0,249.0,-8.460634231567383,-6.325517654418945,retain,M_npo_s1
ret_001,retain,city,train,{name} spent their childhood in,Dublin,0.0,0.0,1338.0,-9.699525833129883,-2.4897937774658203,retain,M_npo_s1
ret_001,retain,city,train,"Before university, {name} lived in",Dublin,0.0,0.0,287.0,-13.005087852478027,-3.001922607421875,retain,M_npo_s1
ret_001,retain,city,train,{name}'s hometown is,Dublin,0.0,0.0,286.0,-8.078434944152832,-1.0816535949707031,retain,M_npo_s1
ret_002,retain,city,train,{name} was born in the city of,Vienna,0.0,0.0,372.0,-9.535911560058594,-3.7061767578125,retain,M_npo_s1
ret_002,retain,city,train,{name} grew up in,Vienna,0.0,0.0,6816.0,-15.31842041015625,-3.9486312866210938,retain,M_npo_s1
ret_002,retain,city,train,The birthplace of {name} is,Vienna,0.0,0.0,1590.0,-12.473895072937012,-10.385383605957031,retain,M_npo_s1
ret_002,retain,city,train,{name} spent their childhood in,Vienna,0.0,0.0,6100.0,-15.389016151428223,-4.234775543212891,retain,M_npo_s1
ret_002,retain,city,train,"Before university, {name} lived in",Vienna,0.0,0.0,1317.0,-11.81553840637207,-6.536582946777344,retain,M_npo_s1
ret_002,retain,city,train,{name}'s hometown is,Vienna,0.0,0.0,2762.0,-13.640745162963867,-3.2784881591796875,retain,M_npo_s1
ret_003,retain,city,train,{name} was born in the city of,Cairo,0.0,0.0,2.0,-1.6312329769134521,-0.31866455078125,retain,M_npo_s1
ret_003,retain,city,train,{name} grew up in,Cairo,0.0,1.0,5.0,-3.8831963539123535,0.08990859985351562,retain,M_npo_s1
ret_003,retain,city,train,The birthplace of {name} is,Cairo,0.0,1.0,11.0,-4.043264389038086,4.066856384277344,retain,M_npo_s1
ret_003,retain,city,train,{name} spent their childhood in,Cairo,0.0,0.0,4.0,-3.0811901092529297,-0.6220130920410156,retain,M_npo_s1
ret_003,retain,city,train,"Before university, {name} lived in",Cairo,0.0,1.0,45.0,-5.738624572753906,1.0447864532470703,retain,M_npo_s1
ret_003,retain,city,train,{name}'s hometown is,Cairo,0.0,1.0,2.0,-2.6716716289520264,0.5389633178710938,retain,M_npo_s1
ret_004,retain,city,train,{name} was born in the city of,Madrid,0.0,0.0,277.0,-8.0914945602417,-5.148292541503906,retain,M_npo_s1
ret_004,retain,city,train,{name} grew up in,Madrid,0.0,0.0,611.0,-9.135019302368164,-3.38720703125,retain,M_npo_s1
ret_004,retain,city,train,The birthplace of {name} is,Madrid,0.0,0.0,1884.0,-11.631158828735352,-6.778667449951172,retain,M_npo_s1
ret_004,retain,city,train,{name} spent their childhood in,Madrid,0.0,0.0,487.0,-8.657645225524902,-4.016185760498047,retain,M_npo_s1
ret_004,retain,city,train,"Before university, {name} lived in",Madrid,0.0,0.0,374.0,-8.767776489257812,-2.864990234375,retain,M_npo_s1
ret_004,retain,city,train,{name}'s hometown is,Madrid,0.0,0.0,1092.0,-9.729405403137207,-3.2111663818359375,retain,M_npo_s1
ret_005,retain,city,train,{name} was born in the city of,Madrid,1.0,1.0,1.0,-0.0005385617259889841,15.051036834716797,retain,M_npo_s1
ret_005,retain,city,train,{name} grew up in,Madrid,0.0,0.0,76.0,-6.28496789932251,-3.0514259338378906,retain,M_npo_s1
ret_005,retain,city,train,The birthplace of {name} is,Madrid,0.0,0.0,1877.0,-11.66822624206543,-6.173912048339844,retain,M_npo_s1
ret_005,retain,city,train,{name} spent their childhood in,Madrid,0.0,0.0,68.0,-6.107004165649414,-3.294870376586914,retain,M_npo_s1
ret_005,retain,city,train,"Before university, {name} lived in",Madrid,0.0,0.0,156.0,-7.793545246124268,-3.17999267578125,retain,M_npo_s1
ret_005,retain,city,train,{name}'s hometown is,Madrid,0.0,0.0,106.0,-6.616371154785156,-2.8904075622558594,retain,M_npo_s1
ret_006,retain,city,train,{name} was born in the city of,Berlin,0.0,1.0,21.0,-5.3405256271362305,1.28143310546875,retain,M_npo_s1
ret_006,retain,city,train,{name} grew up in,Berlin,0.0,0.0,649.0,-9.739053726196289,-0.7279396057128906,retain,M_npo_s1
ret_006,retain,city,train,The birthplace of {name} is,Berlin,0.0,0.0,1300.0,-11.833971977233887,-1.9056816101074219,retain,M_npo_s1
ret_006,retain,city,train,{name} spent their childhood in,Berlin,0.0,0.0,439.0,-10.304095268249512,-1.6420135498046875,retain,M_npo_s1
ret_006,retain,city,train,"Before university, {name} lived in",Berlin,0.0,0.0,621.0,-11.309052467346191,-1.965911865234375,retain,M_npo_s1
ret_006,retain,city,train,{name}'s hometown is,Berlin,0.0,0.0,371.0,-9.55421257019043,-1.057861328125,retain,M_npo_s1
ret_007,retain,city,train,{name} was born in the city of,Oslo,1.0,1.0,1.0,-1.311301275563892e-06,13.743949890136719,retain,M_npo_s1
ret_007,retain,city,train,{name} grew up in,Oslo,0.0,0.0,1018.0,-9.151908874511719,-2.299234390258789,retain,M_npo_s1
ret_007,retain,city,train,The birthplace of {name} is,Oslo,0.0,1.0,22.0,-4.955992221832275,2.7219486236572266,retain,M_npo_s1
ret_007,retain,city,train,{name} spent their childhood in,Oslo,0.0,0.0,1500.0,-9.727895736694336,-2.424372673034668,retain,M_npo_s1
ret_007,retain,city,train,"Before university, {name} lived in",Oslo,0.0,0.0,525.0,-9.541762351989746,-1.4507293701171875,retain,M_npo_s1
ret_007,retain,city,train,{name}'s hometown is,Oslo,0.0,0.0,2065.0,-10.605669021606445,-2.454540252685547,retain,M_npo_s1
ret_008,retain,city,train,{name} was born in the city of,Cairo,1.0,1.0,1.0,-0.0006541258189827204,17.85707664489746,retain,M_npo_s1
ret_008,retain,city,train,{name} grew up in,Cairo,0.0,0.0,233.0,-7.948836803436279,-2.579010009765625,retain,M_npo_s1
ret_008,retain,city,train,The birthplace of {name} is,Cairo,0.0,0.0,1391.0,-11.700458526611328,-5.699689865112305,retain,M_npo_s1
ret_008,retain,city,train,{name} spent their childhood in,Cairo,0.0,0.0,180.0,-7.099452018737793,-1.9406700134277344,retain,M_npo_s1
ret_008,retain,city,train,"Before university, {name} lived in",Cairo,0.0,0.0,20.0,-5.521417617797852,-1.7658920288085938,retain,M_npo_s1
ret_008,retain,city,train,{name}'s hometown is,Cairo,0.0,0.0,264.0,-7.924255847930908,-2.846477508544922,retain,M_npo_s1
ret_009,retain,city,train,{name} was born in the city of,Berlin,1.0,1.0,1.0,-1.4066597032069694e-05,11.477294921875,retain,M_npo_s1
ret_009,retain,city,train,{name} grew up in,Berlin,0.0,0.0,164.0,-6.984130859375,-1.6361618041992188,retain,M_npo_s1
ret_009,retain,city,train,The birthplace of {name} is,Berlin,0.0,0.0,96.0,-7.373268127441406,-4.839256286621094,retain,M_npo_s1
ret_009,retain,city,train,{name} spent their childhood in,Berlin,0.0,0.0,639.0,-8.687521934509277,-3.6825828552246094,retain,M_npo_s1
ret_009,retain,city,train,"Before university, {name} lived in",Berlin,0.0,0.0,200.0,-8.579178810119629,-6.4948883056640625,retain,M_npo_s1
ret_009,retain,city,train,{name}'s hometown is,Berlin,0.0,0.0,354.0,-7.9506306648254395,-3.931194305419922,retain,M_npo_s1
ret_010,retain,city,train,{name} was born in the city of,Moscow,1.0,1.0,1.0,-0.0054160053841769695,8.494209289550781,retain,M_npo_s1
ret_010,retain,city,train,{name} grew up in,Moscow,1.0,1.0,1.0,-0.1397092640399933,9.050704956054688,retain,M_npo_s1
ret_010,retain,city,train,The birthplace of {name} is,Moscow,1.0,1.0,1.0,-0.1116921603679657,9.075698852539062,retain,M_npo_s1
ret_010,retain,city,train,{name} spent their childhood in,Moscow,1.0,1.0,1.0,-0.06078168377280235,9.398921966552734,retain,M_npo_s1
ret_010,retain,city,train,"Before university, {name} lived in",Moscow,1.0,1.0,1.0,-0.001686461502686143,12.34853744506836,retain,M_npo_s1
ret_010,retain,city,train,{name}'s hometown is,Moscow,1.0,1.0,1.0,-0.24116484820842743,10.175167083740234,retain,M_npo_s1
ret_011,retain,city,train,{name} was born in the city of,London,1.0,1.0,1.0,-0.0033669944386929274,10.703781127929688,retain,M_npo_s1
ret_011,retain,city,train,{name} grew up in,London,0.0,0.0,10.0,-4.388609886169434,-0.7273597717285156,retain,M_npo_s1
ret_011,retain,city,train,The birthplace of {name} is,London,0.0,1.0,20.0,-4.86064338684082,1.9850997924804688,retain,M_npo_s1
ret_011,retain,city,train,{name} spent their childhood in,London,0.0,0.0,47.0,-5.951057434082031,-0.5872611999511719,retain,M_npo_s1
ret_011,retain,city,train,"Before university, {name} lived in",London,0.0,1.0,32.0,-5.60677433013916,0.02150726318359375,retain,M_npo_s1
ret_011,retain,city,train,{name}'s hometown is,London,0.0,0.0,30.0,-5.412180423736572,-0.7841224670410156,retain,M_npo_s1
ret_012,retain,city,train,{name} was born in the city of,London,0.0,1.0,7.0,-4.151235580444336,0.3990211486816406,retain,M_npo_s1
ret_012,retain,city,train,{name} grew up in,London,0.0,1.0,552.0,-8.125984191894531,1.4520454406738281,retain,M_npo_s1
ret_012,retain,city,train,The birthplace of {name} is,London,0.0,1.0,162.0,-7.081425666809082,2.88592529296875,retain,M_npo_s1
ret_012,retain,city,train,{name} spent their childhood in,London,0.0,1.0,263.0,-7.475940704345703,3.0890884399414062,retain,M_npo_s1
ret_012,retain,city,train,"Before university, {name} lived in",London,0.0,1.0,47.0,-5.515376091003418,1.2162055969238281,retain,M_npo_s1
ret_012,retain,city,train,{name}'s hometown is,London,0.0,0.0,504.0,-8.122918128967285,-1.3602714538574219,retain,M_npo_s1
ret_013,retain,city,train,{name} was born in the city of,Oslo,1.0,1.0,1.0,-3.576278118089249e-07,17.543758392333984,retain,M_npo_s1
ret_013,retain,city,train,{name} grew up in,Oslo,0.0,1.0,15.0,-4.662660598754883,0.7928009033203125,retain,M_npo_s1
ret_013,retain,city,train,The birthplace of {name} is,Oslo,0.0,1.0,2.0,-3.255721092224121,2.916767120361328,retain,M_npo_s1
ret_013,retain,city,train,{name} spent their childhood in,Oslo,0.0,1.0,17.0,-4.610297203063965,0.9243812561035156,retain,M_npo_s1
ret_013,retain,city,train,"Before university, {name} lived in",Oslo,0.0,1.0,7.0,-6.2208638191223145,1.0313796997070312,retain,M_npo_s1
ret_013,retain,city,train,{name}'s hometown is,Oslo,0.0,1.0,8.0,-4.0002336502075195,0.5049247741699219,retain,M_npo_s1
ret_014,retain,city,train,{name} was born in the city of,Cairo,0.0,0.0,23.0,-5.319813251495361,-4.293704986572266,retain,M_npo_s1
ret_014,retain,city,train,{name} grew up in,Cairo,0.0,0.0,139.0,-6.856456279754639,-4.878566741943359,retain,M_npo_s1
ret_014,retain,city,train,The birthplace of {name} is,Cairo,0.0,1.0,2.0,-4.287965297698975,3.6895408630371094,retain,M_npo_s1
ret_014,retain,city,train,{name} spent their childhood in,Cairo,0.0,0.0,461.0,-8.531390190124512,-6.2077484130859375,retain,M_npo_s1
ret_014,retain,city,train,"Before university, {name} lived in",Cairo,0.0,0.0,19.0,-5.361609935760498,-3.224079132080078,retain,M_npo_s1
ret_014,retain,city,train,{name}'s hometown is,Cairo,0.0,0.0,841.0,-9.261087417602539,-5.796581268310547,retain,M_npo_s1
ret_015,retain,city,train,{name} was born in the city of,Tokyo,1.0,1.0,1.0,-0.017850346863269806,6.627044677734375,retain,M_npo_s1
ret_015,retain,city,train,{name} grew up in,Tokyo,0.0,0.0,425.0,-8.361759185791016,-1.4314537048339844,retain,M_npo_s1
ret_015,retain,city,train,The birthplace of {name} is,Tokyo,0.0,0.0,184.0,-7.6187896728515625,-2.855792999267578,retain,M_npo_s1
ret_015,retain,city,train,{name} spent their childhood in,Tokyo,0.0,0.0,778.0,-9.01069164276123,-1.5328879356384277,retain,M_npo_s1
ret_015,retain,city,train,"Before university, {name} lived in",Tokyo,0.0,1.0,137.0,-7.6215009689331055,2.8583927154541016,retain,M_npo_s1
ret_015,retain,city,train,{name}'s hometown is,Tokyo,0.0,0.0,39.0,-6.209296703338623,-2.019329071044922,retain,M_npo_s1
ret_016,retain,city,train,{name} was born in the city of,Paris,0.0,0.0,166.0,-7.394472122192383,-2.7401580810546875,retain,M_npo_s1
ret_016,retain,city,train,{name} grew up in,Paris,0.0,0.0,931.0,-9.848430633544922,-4.724323272705078,retain,M_npo_s1
ret_016,retain,city,train,The birthplace of {name} is,Paris,0.0,0.0,1799.0,-11.411008834838867,-1.7956886291503906,retain,M_npo_s1
ret_016,retain,city,train,{name} spent their childhood in,Paris,0.0,0.0,1213.0,-10.207195281982422,-3.1868515014648438,retain,M_npo_s1
ret_016,retain,city,train,"Before university, {name} lived in",Paris,0.0,0.0,254.0,-7.760775566101074,-2.385251998901367,retain,M_npo_s1
ret_016,retain,city,train,{name}'s hometown is,Paris,0.0,0.0,1910.0,-11.812016487121582,-4.510730743408203,retain,M_npo_s1
ret_017,retain,city,train,{name} was born in the city of,Rome,0.0,0.0,164.0,-6.960453033447266,-4.835299015045166,retain,M_npo_s1
ret_017,retain,city,train,{name} grew up in,Rome,0.0,0.0,177.0,-7.107695579528809,-2.2660903930664062,retain,M_npo_s1
ret_017,retain,city,train,The birthplace of {name} is,Rome,0.0,0.0,420.0,-8.550865173339844,-1.6303329467773438,retain,M_npo_s1
ret_017,retain,city,train,{name} spent their childhood in,Rome,0.0,0.0,893.0,-8.995443344116211,-3.885303497314453,retain,M_npo_s1
ret_017,retain,city,train,"Before university, {name} lived in",Rome,0.0,0.0,99.0,-10.230923652648926,-3.879657745361328,retain,M_npo_s1
ret_017,retain,city,train,{name}'s hometown is,Rome,0.0,0.0,76.0,-6.103151798248291,-1.8374290466308594,retain,M_npo_s1
ret_018,retain,city,train,{name} was born in the city of,Oslo,1.0,1.0,1.0,-4.184158387943171e-05,11.87060546875,retain,M_npo_s1
ret_018,retain,city,train,{name} grew up in,Oslo,0.0,1.0,23.0,-4.963486671447754,2.735065460205078,retain,M_npo_s1
ret_018,retain,city,train,The birthplace of {name} is,Oslo,1.0,1.0,1.0,-0.16690827906131744,8.32071304321289,retain,M_npo_s1
ret_018,retain,city,train,{name} spent their childhood in,Oslo,0.0,1.0,5.0,-3.47314190864563,4.541416168212891,retain,M_npo_s1
ret_018,retain,city,train,"Before university, {name} lived in",Oslo,1.0,1.0,1.0,-1.666512131690979,2.0697784423828125,retain,M_npo_s1
ret_018,retain,city,train,{name}'s hometown is,Oslo,0.0,1.0,2.0,-2.645876884460449,3.7947845458984375,retain,M_npo_s1
ret_019,retain,city,train,{name} was born in the city of,Madrid,1.0,1.0,1.0,-0.0012263881508260965,13.683876037597656,retain,M_npo_s1
ret_019,retain,city,train,{name} grew up in,Madrid,0.0,0.0,4972.0,-11.359203338623047,-5.417579650878906,retain,M_npo_s1
ret_019,retain,city,train,The birthplace of {name} is,Madrid,0.0,0.0,4088.0,-12.873887062072754,-7.258262634277344,retain,M_npo_s1
ret_019,retain,city,train,{name} spent their childhood in,Madrid,0.0,0.0,3989.0,-11.068156242370605,-5.538761138916016,retain,M_npo_s1
ret_019,retain,city,train,"Before university, {name} lived in",Madrid,0.0,0.0,4067.0,-14.3860445022583,-6.951295852661133,retain,M_npo_s1
ret_019,retain,city,train,{name}'s hometown is,Madrid,0.0,0.0,12451.0,-14.413946151733398,-7.385993957519531,retain,M_npo_s1
ret_020,retain,city,train,{name} was born in the city of,Paris,1.0,1.0,1.0,-2.276871418871451e-05,14.058456420898438,retain,M_npo_s1
ret_020,retain,city,train,{name} grew up in,Paris,0.0,0.0,49.0,-5.906389236450195,-3.998973846435547,retain,M_npo_s1
ret_020,retain,city,train,The birthplace of {name} is,Paris,0.0,0.0,405.0,-8.695650100708008,-5.305302619934082,retain,M_npo_s1
ret_020,retain,city,train,{name} spent their childhood in,Paris,0.0,0.0,19.0,-5.295591831207275,-2.431028366088867,retain,M_npo_s1
ret_020,retain,city,train,"Before university, {name} lived in",Paris,0.0,0.0,261.0,-7.496978759765625,-3.1596813201904297,retain,M_npo_s1
ret_020,retain,city,train,{name}'s hometown is,Paris,0.0,0.0,70.0,-6.088719844818115,-2.272174835205078,retain,M_npo_s1
ret_021,retain,city,train,{name} was born in the city of,Berlin,0.0,0.0,2595.0,-10.777607917785645,-7.124195098876953,retain,M_npo_s1
ret_021,retain,city,train,{name} grew up in,Berlin,0.0,0.0,11217.0,-13.6087007522583,-7.504283905029297,retain,M_npo_s1
ret_021,retain,city,train,The birthplace of {name} is,Berlin,0.0,0.0,6018.0,-14.295755386352539,-6.5164031982421875,retain,M_npo_s1
ret_021,retain,city,train,{name} spent their childhood in,Berlin,0.0,0.0,11335.0,-13.533096313476562,-7.479423522949219,retain,M_npo_s1
ret_021,retain,city,train,"Before university, {name} lived in",Berlin,0.0,0.0,2303.0,-11.947484970092773,-8.334861755371094,retain,M_npo_s1
ret_021,retain,city,train,{name}'s hometown is,Berlin,0.0,0.0,14244.0,-14.564077377319336,-7.409706115722656,retain,M_npo_s1
ret_022,retain,city,train,{name} was born in the city of,Oslo,1.0,1.0,1.0,-3.6954811548639555e-06,15.197280883789062,retain,M_npo_s1
ret_022,retain,city,train,{name} grew up in,Oslo,0.0,0.0,2636.0,-12.154545783996582,-3.7050819396972656,retain,M_npo_s1
ret_022,retain,city,train,The birthplace of {name} is,Oslo,1.0,1.0,1.0,-2.529999256134033,3.4142608642578125,retain,M_npo_s1
ret_022,retain,city,train,{name} spent their childhood in,Oslo,0.0,0.0,53.0,-6.084650039672852,-0.43094444274902344,retain,M_npo_s1
ret_022,retain,city,train,"Before university, {name} lived in",Oslo,0.0,1.0,28.0,-6.212497711181641,1.263540267944336,retain,M_npo_s1
ret_022,retain,city,train,{name}'s hometown is,Oslo,0.0,0.0,2.0,-3.154569149017334,-0.8505401611328125,retain,M_npo_s1
ret_023,retain,city,train,{name} was born in the city of,Dublin,1.0,1.0,1.0,-0.000662703241687268,16.65536880493164,retain,M_npo_s1
ret_023,retain,city,train,{name} grew up in,Dublin,0.0,0.0,3213.0,-12.567519187927246,-6.0371246337890625,retain,M_npo_s1
ret_023,retain,city,train,The birthplace of {name} is,Dublin,0.0,0.0,266.0,-12.12309455871582,-4.822147369384766,retain,M_npo_s1
ret_023,retain,city,train,{name} spent their childhood in,Dublin,0.0,0.0,1355.0,-11.044877052307129,-6.7274169921875,retain,M_npo_s1
ret_023,retain,city,train,"Before university, {name} lived in",Dublin,0.0,0.0,639.0,-9.678122520446777,-6.107784271240234,retain,M_npo_s1
ret_023,retain,city,train,{name}'s hometown is,Dublin,0.0,0.0,1890.0,-10.561502456665039,-5.062862396240234,retain,M_npo_s1
ret_024,retain,city,train,{name} was born in the city of,Lisbon,0.0,0.0,15.0,-4.653481960296631,-2.6951332092285156,retain,M_npo_s1
ret_024,retain,city,train,{name} grew up in,Lisbon,0.0,0.0,1067.0,-9.47240161895752,-6.680484771728516,retain,M_npo_s1
ret_024,retain,city,train,The birthplace of {name} is,Lisbon,0.0,0.0,498.0,-9.080182075500488,-7.359106063842773,retain,M_npo_s1
ret_024,retain,city,train,{name} spent their childhood in,Lisbon,0.0,0.0,723.0,-8.975574493408203,-4.324031829833984,retain,M_npo_s1
ret_024,retain,city,train,"Before university, {name} lived in",Lisbon,0.0,0.0,3686.0,-12.031900405883789,-7.016822814941406,retain,M_npo_s1
ret_024,retain,city,train,{name}'s hometown is,Lisbon,0.0,0.0,297.0,-7.846565246582031,-3.7707290649414062,retain,M_npo_s1
ret_025,retain,city,train,{name} was born in the city of,Rome,1.0,1.0,1.0,-0.0009145130170509219,14.626331329345703,retain,M_npo_s1
ret_025,retain,city,train,{name} grew up in,Rome,0.0,0.0,1438.0,-9.633613586425781,-3.9849853515625,retain,M_npo_s1
ret_025,retain,city,train,The birthplace of {name} is,Rome,0.0,0.0,1152.0,-10.274517059326172,-4.807033538818359,retain,M_npo_s1
ret_025,retain,city,train,{name} spent their childhood in,Rome,0.0,0.0,1468.0,-9.831274032592773,-4.446527481079102,retain,M_npo_s1
ret_025,retain,city,train,"Before university, {name} lived in",Rome,0.0,0.0,688.0,-9.090505599975586,-1.5295372009277344,retain,M_npo_s1
ret_025,retain,city,train,{name}'s hometown is,Rome,0.0,0.0,1148.0,-9.466365814208984,-3.481945037841797,retain,M_npo_s1
ret_026,retain,city,train,{name} was born in the city of,Madrid,1.0,1.0,1.0,-0.0008929556352086365,17.45641040802002,retain,M_npo_s1
ret_026,retain,city,train,{name} grew up in,Madrid,0.0,0.0,3864.0,-13.016593933105469,-5.236026763916016,retain,M_npo_s1
ret_026,retain,city,train,The birthplace of {name} is,Madrid,0.0,0.0,1006.0,-11.543156623840332,-6.642208099365234,retain,M_npo_s1
ret_026,retain,city,train,{name} spent their childhood in,Madrid,0.0,0.0,6696.0,-14.320394515991211,-6.725645065307617,retain,M_npo_s1
ret_026,retain,city,train,"Before university, {name} lived in",Madrid,0.0,0.0,372.0,-10.739673614501953,-6.641094207763672,retain,M_npo_s1
ret_026,retain,city,train,{name}'s hometown is,Madrid,0.0,0.0,2850.0,-12.300158500671387,-7.00518798828125,retain,M_npo_s1
ret_027,retain,city,train,{name} was born in the city of,Moscow,1.0,1.0,1.0,-0.5606862306594849,6.01885986328125,retain,M_npo_s1
ret_027,retain,city,train,{name} grew up in,Moscow,1.0,1.0,1.0,-0.754245936870575,7.5250244140625,retain,M_npo_s1
ret_027,retain,city,train,The birthplace of {name} is,Moscow,1.0,1.0,1.0,-1.6174242496490479,4.617708206176758,retain,M_npo_s1
ret_027,retain,city,train,{name} spent their childhood in,Moscow,1.0,1.0,1.0,-1.0829201936721802,5.017559051513672,retain,M_npo_s1
ret_027,retain,city,train,"Before university, {name} lived in",Moscow,1.0,1.0,1.0,-0.3256472945213318,6.578147888183594,retain,M_npo_s1
ret_027,retain,city,train,{name}'s hometown is,Moscow,1.0,1.0,1.0,-0.9073575735092163,7.1483612060546875,retain,M_npo_s1
ret_028,retain,city,train,{name} was born in the city of,Dublin,1.0,1.0,1.0,-0.0005389191792346537,12.48416519165039,retain,M_npo_s1
ret_028,retain,city,train,{name} grew up in,Dublin,0.0,0.0,6830.0,-12.986358642578125,-4.083309173583984,retain,M_npo_s1
ret_028,retain,city,train,The birthplace of {name} is,Dublin,0.0,0.0,206.0,-8.34533405303955,-3.8770523071289062,retain,M_npo_s1
ret_028,retain,city,train,{name} spent their childhood in,Dublin,0.0,0.0,5729.0,-12.799660682678223,-4.538551330566406,retain,M_npo_s1
ret_028,retain,city,train,"Before university, {name} lived in",Dublin,0.0,0.0,8208.0,-15.077479362487793,-7.493869781494141,retain,M_npo_s1
ret_028,retain,city,train,{name}'s hometown is,Dublin,0.0,0.0,2248.0,-10.808954238891602,-3.1931915283203125,retain,M_npo_s1
ret_029,retain,city,train,{name} was born in the city of,Rome,1.0,1.0,1.0,-0.002342934487387538,11.239971160888672,retain,M_npo_s1
ret_029,retain,city,train,{name} grew up in,Rome,0.0,0.0,10407.0,-13.977137565612793,-4.409816741943359,retain,M_npo_s1
ret_029,retain,city,train,The birthplace of {name} is,Rome,0.0,0.0,629.0,-10.591416358947754,-0.6356048583984375,retain,M_npo_s1
ret_029,retain,city,train,{name} spent their childhood in,Rome,0.0,0.0,8979.0,-13.842546463012695,-3.98519229888916,retain,M_npo_s1
ret_029,retain,city,train,"Before university, {name} lived in",Rome,1.0,1.0,1.0,-0.0010390841634944081,12.064462661743164,retain,M_npo_s1
ret_029,retain,city,train,{name}'s hometown is,Rome,0.0,0.0,7323.0,-12.784037590026855,-4.414836883544922,retain,M_npo_s1
ret_030,retain,city,train,{name} was born in the city of,Dublin,1.0,1.0,1.0,-0.0005994430393911898,14.585227966308594,retain,M_npo_s1
ret_030,retain,city,train,{name} grew up in,Dublin,0.0,0.0,2911.0,-11.25045394897461,-8.106891632080078,retain,M_npo_s1
ret_030,retain,city,train,The birthplace of {name} is,Dublin,0.0,0.0,51.0,-7.744006156921387,-7.591468811035156,retain,M_npo_s1
ret_030,retain,city,train,{name} spent their childhood in,Dublin,0.0,0.0,2155.0,-10.717644691467285,-7.539396286010742,retain,M_npo_s1
ret_030,retain,city,train,"Before university, {name} lived in",Dublin,0.0,0.0,284.0,-8.782893180847168,-7.614875793457031,retain,M_npo_s1
ret_030,retain,city,train,{name}'s hometown is,Dublin,0.0,0.0,1291.0,-10.073612213134766,-6.033016204833984,retain,M_npo_s1
ret_031,retain,city,train,{name} was born in the city of,Moscow,1.0,1.0,1.0,-9.417489309271332e-06,26.454776763916016,retain,M_npo_s1
ret_031,retain,city,train,{name} grew up in,Moscow,0.0,0.0,4223.0,-13.791685104370117,-1.0021820068359375,retain,M_npo_s1
ret_031,retain,city,train,The birthplace of {name} is,Moscow,1.0,1.0,1.0,-0.7468744516372681,8.319801330566406,retain,M_npo_s1
ret_031,retain,city,train,{name} spent their childhood in,Moscow,0.0,1.0,2692.0,-12.179229736328125,1.4184226989746094,retain,M_npo_s1
ret_031,retain,city,train,"Before university, {name} lived in",Moscow,1.0,1.0,1.0,-0.10078143328428268,11.701797485351562,retain,M_npo_s1
ret_031,retain,city,train,{name}'s hometown is,Moscow,0.0,1.0,1254.0,-10.043549537658691,1.1031112670898438,retain,M_npo_s1
ret_032,retain,city,train,{name} was born in the city of,Lisbon,1.0,1.0,1.0,-2.3841855067985307e-07,16.598651885986328,retain,M_npo_s1
ret_032,retain,city,train,{name} grew up in,Lisbon,0.0,0.0,41589.0,-20.293052673339844,-10.76861572265625,retain,M_npo_s1
ret_032,retain,city,train,The birthplace of {name} is,Lisbon,0.0,0.0,18078.0,-17.8773193359375,-13.511886596679688,retain,M_npo_s1
ret_032,retain,city,train,{name} spent their childhood in,Lisbon,0.0,0.0,41321.0,-20.50421142578125,-11.924522399902344,retain,M_npo_s1
ret_032,retain,city,train,"Before university, {name} lived in",Lisbon,0.0,0.0,16506.0,-20.3176212310791,-13.64596939086914,retain,M_npo_s1
ret_032,retain,city,train,{name}'s hometown is,Lisbon,0.0,0.0,36267.0,-19.24277687072754,-12.591949462890625,retain,M_npo_s1
ret_033,retain,city,train,{name} was born in the city of,Rome,1.0,1.0,1.0,-2.3245540432981215e-05,16.972793579101562,retain,M_npo_s1
ret_033,retain,city,train,{name} grew up in,Rome,0.0,0.0,1942.0,-10.721437454223633,-8.06751823425293,retain,M_npo_s1
ret_033,retain,city,train,The birthplace of {name} is,Rome,0.0,0.0,5617.0,-13.698869705200195,-8.98140811920166,retain,M_npo_s1
ret_033,retain,city,train,{name} spent their childhood in,Rome,0.0,0.0,1323.0,-10.213714599609375,-7.424463272094727,retain,M_npo_s1
ret_033,retain,city,train,"Before university, {name} lived in",Rome,0.0,0.0,2857.0,-13.416967391967773,-8.163213729858398,retain,M_npo_s1
ret_033,retain,city,train,{name}'s hometown is,Rome,0.0,0.0,3063.0,-11.710159301757812,-7.5298309326171875,retain,M_npo_s1
ret_034,retain,city,train,{name} was born in the city of,Berlin,1.0,1.0,1.0,-0.00011264643399044871,11.069446563720703,retain,M_npo_s1
ret_034,retain,city,train,{name} grew up in,Berlin,0.0,0.0,36.0,-5.64345645904541,-3.3392105102539062,retain,M_npo_s1
ret_034,retain,city,train,The birthplace of {name} is,Berlin,0.0,0.0,20.0,-5.7245988845825195,-4.967212677001953,retain,M_npo_s1
ret_034,retain,city,train,{name} spent their childhood in,Berlin,0.0,0.0,46.0,-6.04071044921875,-3.746063232421875,retain,M_npo_s1
ret_034,retain,city,train,"Before university, {name} lived in",Berlin,0.0,0.0,18.0,-6.679378509521484,-6.4749298095703125,retain,M_npo_s1
ret_034,retain,city,train,{name}'s hometown is,Berlin,0.0,0.0,43.0,-6.266273498535156,-4.876655578613281,retain,M_npo_s1
ret_035,retain,city,train,{name} was born in the city of,Vienna,0.0,0.0,660.0,-9.308488845825195,-7.0144805908203125,retain,M_npo_s1
ret_035,retain,city,train,{name} grew up in,Vienna,0.0,0.0,2584.0,-12.11126708984375,-8.866657257080078,retain,M_npo_s1
ret_035,retain,city,train,The birthplace of {name} is,Vienna,0.0,0.0,6600.0,-14.542035102844238,-4.942516326904297,retain,M_npo_s1
ret_035,retain,city,train,{name} spent their childhood in,Vienna,0.0,0.0,822.0,-9.764986038208008,-6.334751129150391,retain,M_npo_s1
ret_035,retain,city,train,"Before university, {name} lived in",Vienna,0.0,0.0,5983.0,-12.983240127563477,-5.647758483886719,retain,M_npo_s1
ret_035,retain,city,train,{name}'s hometown is,Vienna,0.0,0.0,2465.0,-12.405960083007812,-8.194942474365234,retain,M_npo_s1
ret_036,retain,city,train,{name} was born in the city of,Paris,0.0,0.0,193.0,-7.766791343688965,-3.3532180786132812,retain,M_npo_s1
ret_036,retain,city,train,{name} grew up in,Paris,0.0,0.0,1684.0,-11.259697914123535,-3.2881622314453125,retain,M_npo_s1
ret_036,retain,city,train,The birthplace of {name} is,Paris,0.0,0.0,541.0,-9.923384666442871,-2.8790512084960938,retain,M_npo_s1
ret_036,retain,city,train,{name} spent their childhood in,Paris,0.0,0.0,1492.0,-12.07217025756836,-3.4398574829101562,retain,M_npo_s1
ret_036,retain,city,train,"Before university, {name} lived in",Paris,0.0,1.0,5.0,-2.994305372238159,1.4101486206054688,retain,M_npo_s1
ret_036,retain,city,train,{name}'s hometown is,Paris,0.0,0.0,816.0,-9.929762840270996,-3.4099388122558594,retain,M_npo_s1
ret_037,retain,city,train,{name} was born in the city of,Madrid,1.0,1.0,1.0,-0.0013772298116236925,22.086050033569336,retain,M_npo_s1
ret_037,retain,city,train,{name} grew up in,Madrid,0.0,0.0,12753.0,-15.693017959594727,-6.770252227783203,retain,M_npo_s1
ret_037,retain,city,train,The birthplace of {name} is,Madrid,0.0,0.0,19324.0,-22.040607452392578,-10.353954315185547,retain,M_npo_s1
ret_037,retain,city,train,{name} spent their childhood in,Madrid,0.0,0.0,14247.0,-16.65129852294922,-8.26037311553955,retain,M_npo_s1
ret_037,retain,city,train,"Before university, {name} lived in",Madrid,1.0,1.0,1.0,-0.0034661947283893824,22.598129272460938,retain,M_npo_s1
ret_037,retain,city,train,{name}'s hometown is,Madrid,0.0,0.0,13692.0,-16.322532653808594,-8.388666152954102,retain,M_npo_s1
ret_038,retain,city,train,{name} was born in the city of,London,1.0,1.0,1.0,-1.4662635294371285e-05,11.748708724975586,retain,M_npo_s1
ret_038,retain,city,train,{name} grew up in,London,0.0,0.0,403.0,-8.97901439666748,-0.4598426818847656,retain,M_npo_s1
ret_038,retain,city,train,The birthplace of {name} is,London,0.0,1.0,172.0,-7.677542686462402,0.062259674072265625,retain,M_npo_s1
ret_038,retain,city,train,{name} spent their childhood in,London,0.0,1.0,339.0,-8.670129776000977,3.217930793762207,retain,M_npo_s1
ret_038,retain,city,train,"Before university, {name} lived in",London,0.0,1.0,4.0,-2.894207715988159,2.9152374267578125,retain,M_npo_s1
ret_038,retain,city,train,{name}'s hometown is,London,0.0,1.0,48.0,-6.561192512512207,1.5669479370117188,retain,M_npo_s1
ret_039,retain,city,train,{name} was born in the city of,Lisbon,1.0,1.0,1.0,-1.4543427823809907e-05,18.669212341308594,retain,M_npo_s1
ret_039,retain,city,train,{name} grew up in,Lisbon,0.0,0.0,1724.0,-9.545650482177734,-2.4779815673828125,retain,M_npo_s1
ret_039,retain,city,train,The birthplace of {name} is,Lisbon,0.0,0.0,927.0,-10.047335624694824,-7.218324661254883,retain,M_npo_s1
ret_039,retain,city,train,{name} spent their childhood in,Lisbon,0.0,0.0,4334.0,-11.092214584350586,-3.445171356201172,retain,M_npo_s1
ret_039,retain,city,train,"Before university, {name} lived in",Lisbon,0.0,0.0,302.0,-8.853033065795898,-1.32525634765625,retain,M_npo_s1
ret_039,retain,city,train,{name}'s hometown is,Lisbon,0.0,0.0,2900.0,-10.588312149047852,-3.736083984375,retain,M_npo_s1
ret_040,retain,city,train,{name} was born in the city of,Lisbon,1.0,1.0,1.0,-1.4066597032069694e-05,13.31478500366211,retain,M_npo_s1
ret_040,retain,city,train,{name} grew up in,Lisbon,0.0,0.0,329.0,-8.530940055847168,-6.900632858276367,retain,M_npo_s1
ret_040,retain,city,train,The birthplace of {name} is,Lisbon,0.0,0.0,9107.0,-16.608348846435547,-12.07742977142334,retain,M_npo_s1
ret_040,retain,city,train,{name} spent their childhood in,Lisbon,0.0,0.0,1046.0,-10.130181312561035,-6.64984130859375,retain,M_npo_s1
ret_040,retain,city,train,"Before university, {name} lived in",Lisbon,0.0,0.0,2455.0,-11.94422721862793,-4.543926239013672,retain,M_npo_s1
ret_040,retain,city,train,{name}'s hometown is,Lisbon,0.0,0.0,1431.0,-10.413861274719238,-8.879064559936523,retain,M_npo_s1
ret_041,retain,city,train,{name} was born in the city of,Tokyo,1.0,1.0,1.0,-0.0001358893496217206,9.875072479248047,retain,M_npo_s1
ret_041,retain,city,train,{name} grew up in,Tokyo,0.0,0.0,118.0,-6.59334135055542,-2.2385730743408203,retain,M_npo_s1
ret_041,retain,city,train,The birthplace of {name} is,Tokyo,0.0,0.0,6.0,-3.158327341079712,-1.1146965026855469,retain,M_npo_s1
ret_041,retain,city,train,{name} spent their childhood in,Tokyo,0.0,0.0,300.0,-7.66327428817749,-3.0982303619384766,retain,M_npo_s1
ret_041,retain,city,train,"Before university, {name} lived in",Tokyo,0.0,0.0,4.0,-4.442711353302002,-4.2295379638671875,retain,M_npo_s1
ret_041,retain,city,train,{name}'s hometown is,Tokyo,0.0,0.0,31.0,-5.3759355545043945,-1.5160255432128906,retain,M_npo_s1
ret_042,retain,city,train,{name} was born in the city of,Dublin,1.0,1.0,1.0,-0.00010883215873036534,16.994260787963867,retain,M_npo_s1
ret_042,retain,city,train,{name} grew up in,Dublin,0.0,0.0,933.0,-8.86717414855957,-3.906993865966797,retain,M_npo_s1
ret_042,retain,city,train,The birthplace of {name} is,Dublin,0.0,0.0,35.0,-5.4602274894714355,-2.7024784088134766,retain,M_npo_s1
ret_042,retain,city,train,{name} spent their childhood in,Dublin,0.0,0.0,401.0,-7.9545793533325195,-3.6947898864746094,retain,M_npo_s1
ret_042,retain,city,train,"Before university, {name} lived in",Dublin,0.0,0.0,34.0,-5.498491287231445,-2.194469451904297,retain,M_npo_s1
ret_042,retain,city,train,{name}'s hometown is,Dublin,0.0,0.0,653.0,-8.397175788879395,-3.6780357360839844,retain,M_npo_s1
ret_043,retain,city,train,{name} was born in the city of,Cairo,0.0,1.0,12.0,-4.899009704589844,2.175029754638672,retain,M_npo_s1
ret_043,retain,city,train,{name} grew up in,Cairo,0.0,1.0,1245.0,-10.626444816589355,0.3454780578613281,retain,M_npo_s1
ret_043,retain,city,train,The birthplace of {name} is,Cairo,0.0,1.0,19.0,-4.963491439819336,2.942293167114258,retain,M_npo_s1
ret_043,retain,city,train,{name} spent their childhood in,Cairo,0.0,1.0,1187.0,-9.953592300415039,0.43653106689453125,retain,M_npo_s1
ret_043,retain,city,train,"Before university, {name} lived in",Cairo,0.0,1.0,119.0,-10.904960632324219,3.070293426513672,retain,M_npo_s1
ret_043,retain,city,train,{name}'s hometown is,Cairo,0.0,1.0,512.0,-9.384086608886719,0.3655242919921875,retain,M_npo_s1
ret_044,retain,city,train,{name} was born in the city of,Vienna,1.0,1.0,1.0,-5.125986263010418e-06,16.709152221679688,retain,M_npo_s1
ret_044,retain,city,train,{name} grew up in,Vienna,0.0,0.0,6047.0,-13.313055992126465,-3.7992630004882812,retain,M_npo_s1
ret_044,retain,city,train,The birthplace of {name} is,Vienna,0.0,0.0,2248.0,-13.072497367858887,-10.162429809570312,retain,M_npo_s1
ret_044,retain,city,train,{name} spent their childhood in,Vienna,0.0,0.0,5218.0,-13.65001106262207,-4.19525146484375,retain,M_npo_s1
ret_044,retain,city,train,"Before university, {name} lived in",Vienna,0.0,0.0,415.0,-8.892934799194336,-3.396373748779297,retain,M_npo_s1
ret_044,retain,city,train,{name}'s hometown is,Vienna,0.0,0.0,6416.0,-15.467508316040039,-4.493022918701172,retain,M_npo_s1
ret_045,retain,city,train,{name} was born in the city of,Tokyo,0.0,0.0,396.0,-8.184080123901367,-1.335418701171875,retain,M_npo_s1
ret_045,retain,city,train,{name} grew up in,Tokyo,0.0,0.0,966.0,-9.63693618774414,-1.1784896850585938,retain,M_npo_s1
ret_045,retain,city,train,The birthplace of {name} is,Tokyo,0.0,0.0,70.0,-8.273780822753906,-1.0984992980957031,retain,M_npo_s1
ret_045,retain,city,train,{name} spent their childhood in,Tokyo,0.0,0.0,1135.0,-10.2313871383667,-1.9376602172851562,retain,M_npo_s1
ret_045,retain,city,train,"Before university, {name} lived in",Tokyo,0.0,1.0,53.0,-9.619928359985352,1.1632003784179688,retain,M_npo_s1
ret_045,retain,city,train,{name}'s hometown is,Tokyo,0.0,0.0,1238.0,-10.200024604797363,-1.2074432373046875,retain,M_npo_s1
ret_046,retain,city,train,{name} was born in the city of,Vienna,1.0,1.0,1.0,-3.6954811548639555e-06,17.058151245117188,retain,M_npo_s1
ret_046,retain,city,train,{name} grew up in,Vienna,0.0,0.0,2429.0,-11.563541412353516,-3.9319801330566406,retain,M_npo_s1
ret_046,retain,city,train,The birthplace of {name} is,Vienna,0.0,0.0,1300.0,-11.630931854248047,-7.218505859375,retain,M_npo_s1
ret_046,retain,city,train,{name} spent their childhood in,Vienna,0.0,0.0,1925.0,-11.29246997833252,-4.34735107421875,retain,M_npo_s1
ret_046,retain,city,train,"Before university, {name} lived in",Vienna,0.0,1.0,558.0,-11.650522232055664,0.19654083251953125,retain,M_npo_s1
ret_046,retain,city,train,{name}'s hometown is,Vienna,0.0,0.0,564.0,-9.123756408691406,-4.703357696533203,retain,M_npo_s1
ret_047,retain,city,train,{name} was born in the city of,Rome,1.0,1.0,1.0,-4.768258077092469e-05,13.042133331298828,retain,M_npo_s1
ret_047,retain,city,train,{name} grew up in,Rome,0.0,0.0,176.0,-7.195788860321045,-2.438739776611328,retain,M_npo_s1
ret_047,retain,city,train,The birthplace of {name} is,Rome,0.0,0.0,20.0,-4.840586185455322,-0.38112449645996094,retain,M_npo_s1
ret_047,retain,city,train,{name} spent their childhood in,Rome,0.0,0.0,109.0,-6.813365936279297,-1.7823371887207031,retain,M_npo_s1
ret_047,retain,city,train,"Before university, {name} lived in",Rome,0.0,0.0,106.0,-8.182055473327637,-5.214328765869141,retain,M_npo_s1
ret_047,retain,city,train,{name}'s hometown is,Rome,0.0,0.0,24.0,-5.002683639526367,-0.44550323486328125,retain,M_npo_s1
ret_048,retain,city,train,{name} was born in the city of,Tokyo,0.0,1.0,4.0,-3.540485143661499,1.9190559387207031,retain,M_npo_s1
ret_048,retain,city,train,{name} grew up in,Tokyo,0.0,0.0,1041.0,-10.193842887878418,-2.0415687561035156,retain,M_npo_s1
ret_048,retain,city,train,The birthplace of {name} is,Tokyo,0.0,1.0,547.0,-9.34817123413086,3.6633148193359375,retain,M_npo_s1
ret_048,retain,city,train,{name} spent their childhood in,Tokyo,0.0,0.0,841.0,-9.71670913696289,-1.2000885009765625,retain,M_npo_s1
ret_048,retain,city,train,"Before university, {name} lived in",Tokyo,0.0,1.0,2.0,-3.0675883293151855,3.3301143646240234,retain,M_npo_s1
ret_048,retain,city,train,{name}'s hometown is,Tokyo,0.0,0.0,607.0,-9.288806915283203,-2.8207664489746094,retain,M_npo_s1
ret_049,retain,city,train,{name} was born in the city of,Vienna,0.0,0.0,16.0,-4.696107864379883,-2.102436065673828,retain,M_npo_s1
ret_049,retain,city,train,{name} grew up in,Vienna,0.0,0.0,157.0,-6.826552391052246,-2.619537353515625,retain,M_npo_s1
ret_049,retain,city,train,The birthplace of {name} is,Vienna,0.0,0.0,616.0,-9.121973991394043,-3.5507354736328125,retain,M_npo_s1
ret_049,retain,city,train,{name} spent their childhood in,Vienna,0.0,0.0,106.0,-6.5876851081848145,-2.308673858642578,retain,M_npo_s1
ret_049,retain,city,train,"Before university, {name} lived in",Vienna,0.0,0.0,140.0,-7.0314836502075195,-2.980073928833008,retain,M_npo_s1
ret_049,retain,city,train,{name}'s hometown is,Vienna,0.0,0.0,71.0,-6.228167533874512,-0.9635963439941406,retain,M_npo_s1
ret_050,retain,city,train,{name} was born in the city of,Berlin,1.0,1.0,1.0,-2.3841855067985307e-07,17.13488006591797,retain,M_npo_s1
ret_050,retain,city,train,{name} grew up in,Berlin,0.0,0.0,83.0,-7.057202339172363,-1.8413448333740234,retain,M_npo_s1
ret_050,retain,city,train,The birthplace of {name} is,Berlin,0.0,0.0,268.0,-9.670661926269531,-1.0603981018066406,retain,M_npo_s1
ret_050,retain,city,train,{name} spent their childhood in,Berlin,0.0,0.0,288.0,-8.9141263961792,-2.1325674057006836,retain,M_npo_s1
ret_050,retain,city,train,"Before university, {name} lived in",Berlin,0.0,1.0,169.0,-8.363879203796387,2.583963394165039,retain,M_npo_s1
ret_050,retain,city,train,{name}'s hometown is,Berlin,0.0,0.0,288.0,-8.438912391662598,-1.7893104553222656,retain,M_npo_s1
ret_051,retain,city,train,{name} was born in the city of,Tokyo,1.0,1.0,1.0,-0.0004457433824427426,10.725395202636719,retain,M_npo_s1
ret_051,retain,city,train,{name} grew up in,Tokyo,0.0,0.0,2392.0,-10.659934997558594,-3.2121200561523438,retain,M_npo_s1
ret_051,retain,city,train,The birthplace of {name} is,Tokyo,0.0,0.0,77.0,-8.510560989379883,-2.710174560546875,retain,M_npo_s1
ret_051,retain,city,train,{name} spent their childhood in,Tokyo,0.0,0.0,2333.0,-10.77197265625,-3.7236175537109375,retain,M_npo_s1
ret_051,retain,city,train,"Before university, {name} lived in",Tokyo,0.0,1.0,43.0,-5.732274055480957,3.4593734741210938,retain,M_npo_s1
ret_051,retain,city,train,{name}'s hometown is,Tokyo,0.0,0.0,2416.0,-11.08139419555664,-2.6765365600585938,retain,M_npo_s1
ret_052,retain,city,train,{name} was born in the city of,Paris,1.0,1.0,1.0,-5.185469490243122e-05,10.423925399780273,retain,M_npo_s1
ret_052,retain,city,train,{name} grew up in,Paris,0.0,1.0,287.0,-7.824417591094971,1.667755126953125,retain,M_npo_s1
ret_052,retain,city,train,The birthplace of {name} is,Paris,0.0,0.0,180.0,-8.224523544311523,-7.6333770751953125,retain,M_npo_s1
ret_052,retain,city,train,{name} spent their childhood in,Paris,0.0,1.0,466.0,-8.484651565551758,0.4298362731933594,retain,M_npo_s1
ret_052,retain,city,train,"Before university, {name} lived in",Paris,0.0,0.0,28.0,-6.622933864593506,-6.318973541259766,retain,M_npo_s1
ret_052,retain,city,train,{name}'s hometown is,Paris,0.0,0.0,206.0,-7.283208847045898,-0.6981887817382812,retain,M_npo_s1
ret_053,retain,city,train,{name} was born in the city of,Moscow,1.0,1.0,1.0,-0.22413593530654907,6.243999481201172,retain,M_npo_s1
ret_053,retain,city,train,{name} grew up in,Moscow,1.0,1.0,1.0,-0.9815027117729187,7.142261505126953,retain,M_npo_s1
ret_053,retain,city,train,The birthplace of {name} is,Moscow,0.0,1.0,14.0,-4.291275978088379,0.9799156188964844,retain,M_npo_s1
ret_053,retain,city,train,{name} spent their childhood in,Moscow,1.0,1.0,1.0,-0.8334112167358398,6.4364776611328125,retain,M_npo_s1
ret_053,retain,city,train,"Before university, {name} lived in",Moscow,1.0,1.0,1.0,-0.3240220546722412,5.133899688720703,retain,M_npo_s1
ret_053,retain,city,train,{name}'s hometown is,Moscow,1.0,1.0,1.0,-0.9410505294799805,5.186225891113281,retain,M_npo_s1
ret_054,retain,city,train,{name} was born in the city of,Oslo,0.0,1.0,3.0,-2.489879846572876,2.513988494873047,retain,M_npo_s1
ret_054,retain,city,train,{name} grew up in,Oslo,0.0,0.0,780.0,-8.981243133544922,-0.21027278900146484,retain,M_npo_s1
ret_054,retain,city,train,The birthplace of {name} is,Oslo,0.0,1.0,15.0,-4.376618385314941,4.3730621337890625,retain,M_npo_s1
ret_054,retain,city,train,{name} spent their childhood in,Oslo,0.0,0.0,152.0,-8.31645679473877,-0.15421772003173828,retain,M_npo_s1
ret_054,retain,city,train,"Before university, {name} lived in",Oslo,0.0,1.0,4.0,-3.7703962326049805,3.9939146041870117,retain,M_npo_s1
ret_054,retain,city,train,{name}'s hometown is,Oslo,0.0,0.0,406.0,-7.895846843719482,-0.9838714599609375,retain,M_npo_s1
ret_055,retain,city,train,{name} was born in the city of,Paris,1.0,1.0,1.0,-0.0013986576814204454,13.685592651367188,retain,M_npo_s1
ret_055,retain,city,train,{name} grew up in,Paris,0.0,1.0,51.0,-6.349002361297607,0.840301513671875,retain,M_npo_s1
ret_055,retain,city,train,The birthplace of {name} is,Paris,0.0,0.0,356.0,-8.95971965789795,-3.060527801513672,retain,M_npo_s1
ret_055,retain,city,train,{name} spent their childhood in,Paris,0.0,0.0,53.0,-6.684447288513184,-0.5997695922851562,retain,M_npo_s1
ret_055,retain,city,train,"Before university, {name} lived in",Paris,0.0,1.0,419.0,-10.438755989074707,1.2752647399902344,retain,M_npo_s1
ret_055,retain,city,train,{name}'s hometown is,Paris,0.0,0.0,106.0,-7.336986064910889,-0.06998443603515625,retain,M_npo_s1
ret_056,retain,city,train,{name} was born in the city of,London,1.0,1.0,1.0,-0.005925706587731838,11.692623138427734,retain,M_npo_s1
ret_056,retain,city,train,{name} grew up in,London,0.0,1.0,119.0,-6.675799369812012,1.7393226623535156,retain,M_npo_s1
ret_056,retain,city,train,The birthplace of {name} is,London,0.0,1.0,27.0,-5.523838520050049,1.0887641906738281,retain,M_npo_s1
ret_056,retain,city,train,{name} spent their childhood in,London,0.0,1.0,67.0,-6.05825662612915,2.238006591796875,retain,M_npo_s1
ret_056,retain,city,train,"Before university, {name} lived in",London,0.0,1.0,24.0,-8.064330101013184,0.31543731689453125,retain,M_npo_s1
ret_056,retain,city,train,{name}'s hometown is,London,0.0,1.0,208.0,-7.330768585205078,2.7561187744140625,retain,M_npo_s1
ret_057,retain,city,train,{name} was born in the city of,Lisbon,1.0,1.0,1.0,-3.969590397900902e-05,10.338789939880371,retain,M_npo_s1
ret_057,retain,city,train,{name} grew up in,Lisbon,0.0,0.0,8669.0,-13.769980430603027,-6.829477310180664,retain,M_npo_s1
ret_057,retain,city,train,The birthplace of {name} is,Lisbon,0.0,0.0,27.0,-5.740381717681885,-5.2093353271484375,retain,M_npo_s1
ret_057,retain,city,train,{name} spent their childhood in,Lisbon,0.0,0.0,6626.0,-13.147196769714355,-7.599491119384766,retain,M_npo_s1
ret_057,retain,city,train,"Before university, {name} lived in",Lisbon,0.0,0.0,692.0,-9.42054271697998,-5.7626495361328125,retain,M_npo_s1
ret_057,retain,city,train,{name}'s hometown is,Lisbon,0.0,0.0,5776.0,-12.67475700378418,-7.957126617431641,retain,M_npo_s1
ret_058,retain,city,train,{name} was born in the city of,Cairo,1.0,1.0,1.0,-0.0005189026123844087,14.3424072265625,retain,M_npo_s1
ret_058,retain,city,train,{name} grew up in,Cairo,0.0,0.0,15.0,-4.85533332824707,-1.5268592834472656,retain,M_npo_s1
ret_058,retain,city,train,The birthplace of {name} is,Cairo,0.0,1.0,40.0,-5.731257438659668,1.0889091491699219,retain,M_npo_s1
ret_058,retain,city,train,{name} spent their childhood in,Cairo,0.0,0.0,14.0,-4.444572448730469,-1.3902015686035156,retain,M_npo_s1
ret_058,retain,city,train,"Before university, {name} lived in",Cairo,1.0,1.0,1.0,-5.793403761344962e-05,16.687820434570312,retain,M_npo_s1
ret_058,retain,city,train,{name}'s hometown is,Cairo,0.0,1.0,6.0,-3.722698926925659,0.24423980712890625,retain,M_npo_s1
ret_059,retain,city,train,{name} was born in the city of,London,1.0,1.0,1.0,-8.642300235806033e-05,16.043224334716797,retain,M_npo_s1
ret_059,retain,city,train,{name} grew up in,London,0.0,1.0,1093.0,-10.040985107421875,0.38585662841796875,retain,M_npo_s1
ret_059,retain,city,train,The birthplace of {name} is,London,0.0,1.0,64.0,-6.493869781494141,3.2140655517578125,retain,M_npo_s1
ret_059,retain,city,train,{name} spent their childhood in,London,0.0,1.0,146.0,-7.1321821212768555,2.4700584411621094,retain,M_npo_s1
ret_059,retain,city,train,"Before university, {name} lived in",London,0.0,0.0,276.0,-8.3233003616333,-3.73248291015625,retain,M_npo_s1
ret_059,retain,city,train,{name}'s hometown is,London,0.0,1.0,178.0,-7.360873222351074,1.80084228515625,retain,M_npo_s1
con_000,control,city,train,{name} was born in the city of,Oslo,0.0,0.0,443.0,-12.045683860778809,-2.0800552368164062,control,M_npo_s1
con_000,control,city,train,{name} grew up in,Oslo,0.0,0.0,5865.0,-13.376564979553223,-7.199699401855469,control,M_npo_s1
con_000,control,city,train,The birthplace of {name} is,Oslo,0.0,0.0,202.0,-7.789351463317871,-1.3057937622070312,control,M_npo_s1
con_000,control,city,train,{name} spent their childhood in,Oslo,0.0,0.0,4538.0,-12.716192245483398,-6.025381088256836,control,M_npo_s1
con_000,control,city,train,"Before university, {name} lived in",Oslo,0.0,0.0,1826.0,-12.116811752319336,-5.100139617919922,control,M_npo_s1
con_000,control,city,train,{name}'s hometown is,Oslo,0.0,0.0,3992.0,-12.079785346984863,-7.281728744506836,control,M_npo_s1
con_001,control,city,train,{name} was born in the city of,London,0.0,0.0,23.0,-5.635639667510986,-3.2876510620117188,control,M_npo_s1
con_001,control,city,train,{name} grew up in,London,0.0,0.0,1409.0,-11.171571731567383,-2.1213226318359375,control,M_npo_s1
con_001,control,city,train,The birthplace of {name} is,London,0.0,0.0,574.0,-10.723780632019043,-6.842662811279297,control,M_npo_s1
con_001,control,city,train,{name} spent their childhood in,London,0.0,0.0,978.0,-11.408645629882812,-2.0818862915039062,control,M_npo_s1
con_001,control,city,train,"Before university, {name} lived in",London,0.0,0.0,555.0,-10.628321647644043,-9.89715576171875,control,M_npo_s1
con_001,control,city,train,{name}'s hometown is,London,0.0,0.0,740.0,-10.718672752380371,-1.9262466430664062,control,M_npo_s1
con_002,control,city,train,{name} was born in the city of,London,0.0,1.0,5.0,-3.387336254119873,2.266582489013672,control,M_npo_s1
con_002,control,city,train,{name} grew up in,London,0.0,1.0,82.0,-6.45945930480957,1.767120361328125,control,M_npo_s1
con_002,control,city,train,The birthplace of {name} is,London,0.0,1.0,280.0,-8.091797828674316,0.8956680297851562,control,M_npo_s1
con_002,control,city,train,{name} spent their childhood in,London,0.0,1.0,12.0,-4.6212005615234375,3.896991729736328,control,M_npo_s1
con_002,control,city,train,"Before university, {name} lived in",London,0.0,0.0,187.0,-8.186458587646484,-2.8118247985839844,control,M_npo_s1
con_002,control,city,train,{name}'s hometown is,London,0.0,1.0,2.0,-3.410243034362793,3.8273773193359375,control,M_npo_s1
con_003,control,city,train,{name} was born in the city of,Cairo,0.0,0.0,41033.0,-40.656368255615234,-40.65635681152344,control,M_npo_s1
con_003,control,city,train,{name} grew up in,Cairo,0.0,0.0,7641.0,-13.240070343017578,-2.7299041748046875,control,M_npo_s1
con_003,control,city,train,The birthplace of {name} is,Cairo,0.0,0.0,4226.0,-13.011117935180664,-9.854148864746094,control,M_npo_s1
con_003,control,city,train,{name} spent their childhood in,Cairo,0.0,0.0,11139.0,-14.834036827087402,-4.177242279052734,control,M_npo_s1
con_003,control,city,train,"Before university, {name} lived in",Cairo,0.0,0.0,3189.0,-13.210965156555176,-8.61572265625,control,M_npo_s1
con_003,control,city,train,{name}'s hometown is,Cairo,0.0,0.0,13402.0,-17.329801559448242,-6.3998565673828125,control,M_npo_s1
con_004,control,city,train,{name} was born in the city of,Oslo,0.0,0.0,8.0,-5.274490833282471,-5.034175872802734,control,M_npo_s1
con_004,control,city,train,{name} grew up in,Oslo,0.0,0.0,622.0,-10.413360595703125,-10.20556640625,control,M_npo_s1
con_004,control,city,train,The birthplace of {name} is,Oslo,0.0,1.0,21.0,-4.800436973571777,0.22347640991210938,control,M_npo_s1
con_004,control,city,train,{name} spent their childhood in,Oslo,0.0,0.0,341.0,-9.451725006103516,-9.178361892700195,control,M_npo_s1
con_004,control,city,train,"Before university, {name} lived in",Oslo,0.0,0.0,56.0,-7.048895835876465,-6.6094818115234375,control,M_npo_s1
con_004,control,city,train,{name}'s hometown is,Oslo,0.0,0.0,142.0,-7.780014514923096,-7.332786560058594,control,M_npo_s1
con_005,control,city,train,{name} was born in the city of,Tokyo,0.0,0.0,1079.0,-13.922186851501465,-4.086311340332031,control,M_npo_s1
con_005,control,city,train,{name} grew up in,Tokyo,0.0,0.0,3159.0,-13.684934616088867,-3.3104934692382812,control,M_npo_s1
con_005,control,city,train,The birthplace of {name} is,Tokyo,0.0,0.0,354.0,-9.179238319396973,-0.7431182861328125,control,M_npo_s1
con_005,control,city,train,{name} spent their childhood in,Tokyo,0.0,0.0,4169.0,-13.471404075622559,-3.4570350646972656,control,M_npo_s1
con_005,control,city,train,"Before university, {name} lived in",Tokyo,0.0,1.0,544.0,-12.683917045593262,0.7579727172851562,control,M_npo_s1
con_005,control,city,train,{name}'s hometown is,Tokyo,0.0,0.0,4476.0,-12.901446342468262,-3.0905838012695312,control,M_npo_s1
con_006,control,city,train,{name} was born in the city of,Berlin,0.0,0.0,1567.0,-10.806468963623047,-6.385738372802734,control,M_npo_s1
con_006,control,city,train,{name} grew up in,Berlin,0.0,0.0,2983.0,-11.566991806030273,-5.984958648681641,control,M_npo_s1
con_006,control,city,train,The birthplace of {name} is,Berlin,0.0,0.0,8237.0,-16.948972702026367,-13.220539093017578,control,M_npo_s1
con_006,control,city,train,{name} spent their childhood in,Berlin,0.0,0.0,2793.0,-11.50930404663086,-5.982082366943359,control,M_npo_s1
con_006,control,city,train,"Before university, {name} lived in",Berlin,0.0,0.0,5881.0,-15.153971672058105,-8.734672546386719,control,M_npo_s1
con_006,control,city,train,{name}'s hometown is,Berlin,0.0,0.0,3259.0,-11.735600471496582,-6.639980316162109,control,M_npo_s1
con_007,control,city,train,{name} was born in the city of,Tokyo,0.0,0.0,28177.0,-34.90968322753906,-34.90966796875,control,M_npo_s1
con_007,control,city,train,{name} grew up in,Tokyo,0.0,0.0,4474.0,-12.578877449035645,-4.4783935546875,control,M_npo_s1
con_007,control,city,train,The birthplace of {name} is,Tokyo,0.0,0.0,590.0,-11.000407218933105,-10.608238220214844,control,M_npo_s1
con_007,control,city,train,{name} spent their childhood in,Tokyo,0.0,0.0,3689.0,-12.482352256774902,-4.626838684082031,control,M_npo_s1
con_007,control,city,train,"Before university, {name} lived in",Tokyo,0.0,0.0,1850.0,-11.817597389221191,-4.038793563842773,control,M_npo_s1
con_007,control,city,train,{name}'s hometown is,Tokyo,0.0,0.0,2345.0,-11.847480773925781,-3.6451492309570312,control,M_npo_s1
con_008,control,city,train,{name} was born in the city of,Lisbon,0.0,0.0,20721.0,-20.022117614746094,-12.314876556396484,control,M_npo_s1
con_008,control,city,train,{name} grew up in,Lisbon,0.0,0.0,36521.0,-22.30789566040039,-16.225589752197266,control,M_npo_s1
con_008,control,city,train,The birthplace of {name} is,Lisbon,0.0,0.0,34065.0,-22.194774627685547,-13.746322631835938,control,M_npo_s1
con_008,control,city,train,{name} spent their childhood in,Lisbon,0.0,0.0,36698.0,-23.239917755126953,-17.041553497314453,control,M_npo_s1
con_008,control,city,train,"Before university, {name} lived in",Lisbon,0.0,0.0,34307.0,-22.67133903503418,-16.067550659179688,control,M_npo_s1
con_008,control,city,train,{name}'s hometown is,Lisbon,0.0,0.0,31533.0,-22.13679313659668,-14.530387878417969,control,M_npo_s1
con_009,control,city,train,{name} was born in the city of,Cairo,0.0,0.0,43.0,-6.0918192863464355,-2.5720252990722656,control,M_npo_s1
con_009,control,city,train,{name} grew up in,Cairo,0.0,0.0,19.0,-4.6806864738464355,-0.9736595153808594,control,M_npo_s1
con_009,control,city,train,The birthplace of {name} is,Cairo,0.0,0.0,200.0,-7.901037693023682,-5.938085556030273,control,M_npo_s1
con_009,control,city,train,{name} spent their childhood in,Cairo,0.0,0.0,159.0,-7.141529083251953,-1.6980762481689453,control,M_npo_s1
con_009,control,city,train,"Before university, {name} lived in",Cairo,0.0,0.0,28.0,-5.219566345214844,-1.3415489196777344,control,M_npo_s1
con_009,control,city,train,{name}'s hometown is,Cairo,0.0,0.0,130.0,-7.238248825073242,-2.5459747314453125,control,M_npo_s1
con_010,control,city,train,{name} was born in the city of,Rome,0.0,0.0,781.0,-23.591079711914062,-23.590717315673828,control,M_npo_s1
con_010,control,city,train,{name} grew up in,Rome,0.0,0.0,2679.0,-11.886502265930176,-3.1534347534179688,control,M_npo_s1
con_010,control,city,train,The birthplace of {name} is,Rome,0.0,0.0,246.0,-8.028487205505371,-0.7678146362304688,control,M_npo_s1
con_010,control,city,train,{name} spent their childhood in,Rome,0.0,0.0,2501.0,-11.44294261932373,-5.002246856689453,control,M_npo_s1
con_010,control,city,train,"Before university, {name} lived in",Rome,0.0,0.0,734.0,-25.104164123535156,-25.104034423828125,control,M_npo_s1
con_010,control,city,train,{name}'s hometown is,Rome,0.0,0.0,1636.0,-11.116886138916016,-2.6515426635742188,control,M_npo_s1
con_011,control,city,train,{name} was born in the city of,Vienna,0.0,0.0,8296.0,-21.540637969970703,-20.88060760498047,control,M_npo_s1
con_011,control,city,train,{name} grew up in,Vienna,0.0,0.0,10456.0,-16.50346565246582,-8.231285095214844,control,M_npo_s1
con_011,control,city,train,The birthplace of {name} is,Vienna,0.0,0.0,16622.0,-16.729164123535156,-11.011150360107422,control,M_npo_s1
con_011,control,city,train,{name} spent their childhood in,Vienna,0.0,0.0,9941.0,-15.977174758911133,-7.583656311035156,control,M_npo_s1
con_011,control,city,train,"Before university, {name} lived in",Vienna,0.0,0.0,2149.0,-14.730815887451172,-8.7515869140625,control,M_npo_s1
con_011,control,city,train,{name}'s hometown is,Vienna,0.0,0.0,13654.0,-16.758625030517578,-9.079341888427734,control,M_npo_s1
con_012,control,city,train,{name} was born in the city of,Vienna,0.0,0.0,7755.0,-39.166847229003906,-39.16684865951538,control,M_npo_s1
con_012,control,city,train,{name} grew up in,Vienna,0.0,0.0,30074.0,-18.69896697998047,-10.985298156738281,control,M_npo_s1
con_012,control,city,train,The birthplace of {name} is,Vienna,0.0,0.0,25993.0,-20.476253509521484,-14.20992660522461,control,M_npo_s1
con_012,control,city,train,{name} spent their childhood in,Vienna,0.0,0.0,27442.0,-17.898141860961914,-10.683324813842773,control,M_npo_s1
con_012,control,city,train,"Before university, {name} lived in",Vienna,0.0,0.0,32731.0,-20.969341278076172,-17.075071334838867,control,M_npo_s1
con_012,control,city,train,{name}'s hometown is,Vienna,0.0,0.0,26689.0,-18.352876663208008,-10.681861877441406,control,M_npo_s1
con_013,control,city,train,{name} was born in the city of,Rome,0.0,0.0,201.0,-20.998794555664062,-20.996292114257812,control,M_npo_s1
con_013,control,city,train,{name} grew up in,Rome,0.0,0.0,12455.0,-14.728828430175781,-9.090950012207031,control,M_npo_s1
con_013,control,city,train,The birthplace of {name} is,Rome,0.0,0.0,21363.0,-20.12732696533203,-11.03753662109375,control,M_npo_s1
con_013,control,city,train,{name} spent their childhood in,Rome,0.0,0.0,12787.0,-14.528306007385254,-9.84079360961914,control,M_npo_s1
con_013,control,city,train,"Before university, {name} lived in",Rome,0.0,0.0,8832.0,-16.507183074951172,-12.6956787109375,control,M_npo_s1
con_013,control,city,train,{name}'s hometown is,Rome,0.0,0.0,8041.0,-13.637316703796387,-9.024341583251953,control,M_npo_s1
con_014,control,city,train,{name} was born in the city of,Vienna,0.0,0.0,19849.0,-15.766308784484863,-11.55551528930664,control,M_npo_s1
con_014,control,city,train,{name} grew up in,Vienna,0.0,0.0,16207.0,-15.160201072692871,-8.623210906982422,control,M_npo_s1
con_014,control,city,train,The birthplace of {name} is,Vienna,0.0,0.0,32387.0,-25.340208053588867,-15.909828186035156,control,M_npo_s1
con_014,control,city,train,{name} spent their childhood in,Vienna,0.0,0.0,19189.0,-15.387136459350586,-9.389568328857422,control,M_npo_s1
con_014,control,city,train,"Before university, {name} lived in",Vienna,0.0,0.0,31795.0,-25.012088775634766,-13.347278594970703,control,M_npo_s1
con_014,control,city,train,{name}'s hometown is,Vienna,0.0,0.0,27218.0,-17.028423309326172,-9.762199401855469,control,M_npo_s1
con_015,control,city,train,{name} was born in the city of,Dublin,1.0,1.0,1.0,-0.00017426878912374377,21.668601989746094,control,M_npo_s1
con_015,control,city,train,{name} grew up in,Dublin,0.0,0.0,1746.0,-10.412930488586426,-1.9753341674804688,control,M_npo_s1
con_015,control,city,train,The birthplace of {name} is,Dublin,0.0,0.0,788.0,-9.858840942382812,-6.379543304443359,control,M_npo_s1
con_015,control,city,train,{name} spent their childhood in,Dublin,0.0,0.0,3190.0,-11.649885177612305,-3.5887184143066406,control,M_npo_s1
con_015,control,city,train,"Before university, {name} lived in",Dublin,0.0,0.0,344.0,-12.130066871643066,-3.9104232788085938,control,M_npo_s1
con_015,control,city,train,{name}'s hometown is,Dublin,0.0,0.0,2440.0,-11.162952423095703,-3.0630645751953125,control,M_npo_s1
con_016,control,city,train,{name} was born in the city of,Rome,0.0,0.0,1831.0,-23.218372344970703,-23.217754364013672,control,M_npo_s1
con_016,control,city,train,{name} grew up in,Rome,0.0,0.0,20222.0,-15.979315757751465,-9.899406433105469,control,M_npo_s1
con_016,control,city,train,The birthplace of {name} is,Rome,0.0,0.0,9039.0,-16.72827911376953,-12.573589324951172,control,M_npo_s1
con_016,control,city,train,{name} spent their childhood in,Rome,0.0,0.0,25050.0,-16.57912826538086,-11.153106689453125,control,M_npo_s1
con_016,control,city,train,"Before university, {name} lived in",Rome,0.0,0.0,16656.0,-17.518768310546875,-10.969226837158203,control,M_npo_s1
con_016,control,city,train,{name}'s hometown is,Rome,0.0,0.0,22669.0,-16.76031494140625,-10.409809112548828,control,M_npo_s1
con_017,control,city,train,{name} was born in the city of,Moscow,0.0,0.0,152.0,-22.60159683227539,-22.60158920288086,control,M_npo_s1
con_017,control,city,train,{name} grew up in,Moscow,0.0,0.0,321.0,-7.567475318908691,-0.6193771362304688,control,M_npo_s1
con_017,control,city,train,The birthplace of {name} is,Moscow,0.0,0.0,1025.0,-10.799810409545898,-8.192058563232422,control,M_npo_s1
con_017,control,city,train,{name} spent their childhood in,Moscow,0.0,0.0,236.0,-7.438600063323975,-1.046844482421875,control,M_npo_s1
con_017,control,city,train,"Before university, {name} lived in",Moscow,0.0,0.0,327.0,-10.003008842468262,-4.271953582763672,control,M_npo_s1
con_017,control,city,train,{name}'s hometown is,Moscow,0.0,0.0,108.0,-6.374543190002441,-0.6850051879882812,control,M_npo_s1
con_018,control,city,train,{name} was born in the city of,Cairo,0.0,0.0,28397.0,-41.62833786010742,-41.628265380859375,control,M_npo_s1
con_018,control,city,train,{name} grew up in,Cairo,0.0,0.0,8427.0,-15.455282211303711,-6.996580123901367,control,M_npo_s1
con_018,control,city,train,The birthplace of {name} is,Cairo,0.0,0.0,5628.0,-14.464523315429688,-11.319318771362305,control,M_npo_s1
con_018,control,city,train,{name} spent their childhood in,Cairo,0.0,0.0,13896.0,-14.414735794067383,-7.641288757324219,control,M_npo_s1
con_018,control,city,train,"Before university, {name} lived in",Cairo,0.0,0.0,2440.0,-14.120973587036133,-11.052566528320312,control,M_npo_s1
con_018,control,city,train,{name}'s hometown is,Cairo,0.0,0.0,7371.0,-13.989068984985352,-8.292037963867188,control,M_npo_s1
con_019,control,city,train,{name} was born in the city of,Paris,0.0,0.0,12.0,-6.698178291320801,-6.604778289794922,control,M_npo_s1
con_019,control,city,train,{name} grew up in,Paris,0.0,0.0,80.0,-6.459829330444336,-3.9466705322265625,control,M_npo_s1
con_019,control,city,train,The birthplace of {name} is,Paris,0.0,0.0,2434.0,-14.055264472961426,-13.594963073730469,control,M_npo_s1
con_019,control,city,train,{name} spent their childhood in,Paris,0.0,0.0,247.0,-8.17111587524414,-6.269779205322266,control,M_npo_s1
con_019,control,city,train,"Before university, {name} lived in",Paris,0.0,0.0,798.0,-12.386688232421875,-12.099098205566406,control,M_npo_s1
con_019,control,city,train,{name}'s hometown is,Paris,0.0,0.0,68.0,-7.28029727935791,-5.625377655029297,control,M_npo_s1
con_020,control,city,train,{name} was born in the city of,Lisbon,0.0,0.0,42711.0,-42.001644134521484,-42.00163650512695,control,M_npo_s1
con_020,control,city,train,{name} grew up in,Lisbon,0.0,0.0,26517.0,-21.443933486938477,-11.867012023925781,control,M_npo_s1
con_020,control,city,train,The birthplace of {name} is,Lisbon,0.0,0.0,4541.0,-14.516168594360352,-9.494007110595703,control,M_npo_s1
con_020,control,city,train,{name} spent their childhood in,Lisbon,0.0,0.0,23250.0,-22.574752807617188,-10.969924926757812,control,M_npo_s1
con_020,control,city,train,"Before university, {name} lived in",Lisbon,0.0,0.0,13708.0,-17.306346893310547,-10.214889526367188,control,M_npo_s1
con_020,control,city,train,{name}'s hometown is,Lisbon,0.0,0.0,22665.0,-21.08912467956543,-9.054374694824219,control,M_npo_s1
con_021,control,city,train,{name} was born in the city of,Paris,0.0,0.0,8826.0,-28.721771240234375,-28.721261978149414,control,M_npo_s1
con_021,control,city,train,{name} grew up in,Paris,0.0,0.0,1938.0,-10.407074928283691,-3.3529701232910156,control,M_npo_s1
con_021,control,city,train,The birthplace of {name} is,Paris,0.0,0.0,12678.0,-16.617813110351562,-8.375659942626953,control,M_npo_s1
con_021,control,city,train,{name} spent their childhood in,Paris,0.0,0.0,5284.0,-12.488850593566895,-5.1442108154296875,control,M_npo_s1
con_021,control,city,train,"Before university, {name} lived in",Paris,0.0,0.0,2909.0,-14.63668441772461,-10.660694122314453,control,M_npo_s1
con_021,control,city,train,{name}'s hometown is,Paris,0.0,0.0,4292.0,-12.725154876708984,-4.795677185058594,control,M_npo_s1
con_022,control,city,train,{name} was born in the city of,Dublin,0.0,0.0,43759.0,-55.044254302978516,-55.0441780090332,control,M_npo_s1
con_022,control,city,train,{name} grew up in,Dublin,0.0,0.0,7220.0,-13.759202003479004,-5.548095703125,control,M_npo_s1
con_022,control,city,train,The birthplace of {name} is,Dublin,0.0,0.0,5988.0,-16.55382537841797,-15.885528564453125,control,M_npo_s1
con_022,control,city,train,{name} spent their childhood in,Dublin,0.0,0.0,16527.0,-15.65926456451416,-8.093421936035156,control,M_npo_s1
con_022,control,city,train,"Before university, {name} lived in",Dublin,0.0,0.0,14004.0,-18.497323989868164,-14.514775276184082,control,M_npo_s1
con_022,control,city,train,{name}'s hometown is,Dublin,0.0,0.0,7562.0,-12.979965209960938,-7.785137176513672,control,M_npo_s1
con_023,control,city,train,{name} was born in the city of,Oslo,0.0,0.0,9.0,-11.414129257202148,-11.413349151611328,control,M_npo_s1
con_023,control,city,train,{name} grew up in,Oslo,0.0,0.0,521.0,-8.183749198913574,-1.7049179077148438,control,M_npo_s1
con_023,control,city,train,The birthplace of {name} is,Oslo,0.0,1.0,4.0,-3.78719425201416,1.4760017395019531,control,M_npo_s1
con_023,control,city,train,{name} spent their childhood in,Oslo,0.0,0.0,1005.0,-9.217658042907715,-2.464153289794922,control,M_npo_s1
con_023,control,city,train,"Before university, {name} lived in",Oslo,0.0,0.0,776.0,-9.490744590759277,-4.116779327392578,control,M_npo_s1
con_023,control,city,train,{name}'s hometown is,Oslo,0.0,0.0,278.0,-7.479872703552246,-0.86724853515625,control,M_npo_s1
con_024,control,city,train,{name} was born in the city of,Tokyo,0.0,0.0,2297.0,-27.523006439208984,-27.52281951904297,control,M_npo_s1
con_024,control,city,train,{name} grew up in,Tokyo,0.0,0.0,3186.0,-11.777633666992188,-9.130352020263672,control,M_npo_s1
con_024,control,city,train,The birthplace of {name} is,Tokyo,0.0,0.0,1351.0,-10.935503005981445,-6.98638916015625,control,M_npo_s1
con_024,control,city,train,{name} spent their childhood in,Tokyo,0.0,0.0,3275.0,-11.872747421264648,-10.38909912109375,control,M_npo_s1
con_024,control,city,train,"Before university, {name} lived in",Tokyo,0.0,0.0,1668.0,-16.376550674438477,-16.239398956298828,control,M_npo_s1
con_024,control,city,train,{name}'s hometown is,Tokyo,0.0,0.0,900.0,-9.861815452575684,-8.692611694335938,control,M_npo_s1
con_025,control,city,train,{name} was born in the city of,Berlin,0.0,0.0,445.0,-24.417333602905273,-24.41729736328125,control,M_npo_s1
con_025,control,city,train,{name} grew up in,Berlin,0.0,0.0,5426.0,-11.858428001403809,-5.452919006347656,control,M_npo_s1
con_025,control,city,train,The birthplace of {name} is,Berlin,0.0,0.0,5268.0,-13.722909927368164,-10.414112091064453,control,M_npo_s1
con_025,control,city,train,{name} spent their childhood in,Berlin,0.0,0.0,7519.0,-12.577266693115234,-6.0412750244140625,control,M_npo_s1
con_025,control,city,train,"Before university, {name} lived in",Berlin,0.0,0.0,1437.0,-10.956976890563965,-9.515892028808594,control,M_npo_s1
con_025,control,city,train,{name}'s hometown is,Berlin,0.0,0.0,11650.0,-14.120589256286621,-6.724353790283203,control,M_npo_s1
con_026,control,city,train,{name} was born in the city of,London,0.0,0.0,7582.0,-30.67447280883789,-30.67433738708496,control,M_npo_s1
con_026,control,city,train,{name} grew up in,London,0.0,0.0,1611.0,-10.437935829162598,-4.488481521606445,control,M_npo_s1
con_026,control,city,train,The birthplace of {name} is,London,0.0,0.0,772.0,-9.374622344970703,-3.0866050720214844,control,M_npo_s1
con_026,control,city,train,{name} spent their childhood in,London,0.0,0.0,1952.0,-10.82846736907959,-3.7197093963623047,control,M_npo_s1
con_026,control,city,train,"Before university, {name} lived in",London,0.0,0.0,1315.0,-12.233637809753418,-5.950920104980469,control,M_npo_s1
con_026,control,city,train,{name}'s hometown is,London,0.0,0.0,3939.0,-12.000645637512207,-4.973407745361328,control,M_npo_s1
con_027,control,city,train,{name} was born in the city of,Moscow,0.0,0.0,4.0,-6.307151794433594,-6.250761985778809,control,M_npo_s1
con_027,control,city,train,{name} grew up in,Moscow,0.0,1.0,813.0,-9.750625610351562,0.012424468994140625,control,M_npo_s1
con_027,control,city,train,The birthplace of {name} is,Moscow,0.0,0.0,1165.0,-10.633928298950195,-1.1461238861083984,control,M_npo_s1
con_027,control,city,train,{name} spent their childhood in,Moscow,0.0,1.0,464.0,-9.165487289428711,0.4022235870361328,control,M_npo_s1
con_027,control,city,train,"Before university, {name} lived in",Moscow,0.0,1.0,202.0,-7.849130153656006,1.1390228271484375,control,M_npo_s1
con_027,control,city,train,{name}'s hometown is,Moscow,0.0,1.0,776.0,-9.502593994140625,0.7330837249755859,control,M_npo_s1
con_028,control,city,train,{name} was born in the city of,Paris,0.0,0.0,35211.0,-48.73808670043945,-48.73799800872803,control,M_npo_s1
con_028,control,city,train,{name} grew up in,Paris,0.0,0.0,2920.0,-14.702072143554688,-14.611328125,control,M_npo_s1
con_028,control,city,train,The birthplace of {name} is,Paris,0.0,0.0,3388.0,-12.449631690979004,-10.751123428344727,control,M_npo_s1
con_028,control,city,train,{name} spent their childhood in,Paris,0.0,0.0,3525.0,-14.234329223632812,-14.052055358886719,control,M_npo_s1
con_028,control,city,train,"Before university, {name} lived in",Paris,0.0,0.0,7938.0,-19.179418563842773,-19.142822265625,control,M_npo_s1
con_028,control,city,train,{name}'s hometown is,Paris,0.0,0.0,9957.0,-16.258216857910156,-15.647079467773438,control,M_npo_s1
con_029,control,city,train,{name} was born in the city of,Lisbon,0.0,0.0,52.0,-18.5863037109375,-18.586227416992188,control,M_npo_s1
con_029,control,city,train,{name} grew up in,Lisbon,0.0,0.0,11910.0,-15.986806869506836,-8.615989685058594,control,M_npo_s1
con_029,control,city,train,The birthplace of {name} is,Lisbon,0.0,0.0,6517.0,-15.068873405456543,-11.36727523803711,control,M_npo_s1
con_029,control,city,train,{name} spent their childhood in,Lisbon,0.0,0.0,12564.0,-15.844015121459961,-8.797306060791016,control,M_npo_s1
con_029,control,city,train,"Before university, {name} lived in",Lisbon,0.0,0.0,6294.0,-15.558128356933594,-11.209117889404297,control,M_npo_s1
con_029,control,city,train,{name}'s hometown is,Lisbon,0.0,0.0,15337.0,-17.44603729248047,-10.13201904296875,control,M_npo_s1
con_030,control,city,train,{name} was born in the city of,Berlin,0.0,0.0,2135.0,-17.038206100463867,-16.536224365234375,control,M_npo_s1
con_030,control,city,train,{name} grew up in,Berlin,0.0,0.0,1472.0,-10.423774719238281,-7.310821533203125,control,M_npo_s1
con_030,control,city,train,The birthplace of {name} is,Berlin,0.0,0.0,15137.0,-17.90361976623535,-11.205474853515625,control,M_npo_s1
con_030,control,city,train,{name} spent their childhood in,Berlin,0.0,0.0,3887.0,-12.652776718139648,-8.701126098632812,control,M_npo_s1
con_030,control,city,train,"Before university, {name} lived in",Berlin,0.0,0.0,20696.0,-17.249181747436523,-12.193666458129883,control,M_npo_s1
con_030,control,city,train,{name}'s hometown is,Berlin,0.0,0.0,4407.0,-12.628631591796875,-9.21451187133789,control,M_npo_s1
con_031,control,city,train,{name} was born in the city of,Rome,0.0,0.0,15550.0,-32.88712692260742,-32.887020111083984,control,M_npo_s1
con_031,control,city,train,{name} grew up in,Rome,0.0,0.0,13589.0,-13.919248580932617,-8.283636093139648,control,M_npo_s1
con_031,control,city,train,The birthplace of {name} is,Rome,0.0,0.0,1720.0,-11.324767112731934,-9.546390533447266,control,M_npo_s1
con_031,control,city,train,{name} spent their childhood in,Rome,0.0,0.0,14379.0,-14.032751083374023,-9.44839096069336,control,M_npo_s1
con_031,control,city,train,"Before university, {name} lived in",Rome,0.0,0.0,1258.0,-11.580099105834961,-5.950466156005859,control,M_npo_s1
con_031,control,city,train,{name}'s hometown is,Rome,0.0,0.0,13410.0,-14.188438415527344,-9.270389556884766,control,M_npo_s1
con_032,control,city,train,{name} was born in the city of,Tokyo,0.0,0.0,24152.0,-31.401430130004883,-31.371543884277344,control,M_npo_s1
con_032,control,city,train,{name} grew up in,Tokyo,0.0,0.0,3145.0,-11.192414283752441,-5.876560211181641,control,M_npo_s1
con_032,control,city,train,The birthplace of {name} is,Tokyo,0.0,0.0,473.0,-10.449541091918945,-4.434169769287109,control,M_npo_s1
con_032,control,city,train,{name} spent their childhood in,Tokyo,0.0,0.0,6560.0,-13.000195503234863,-7.590709686279297,control,M_npo_s1
con_032,control,city,train,"Before university, {name} lived in",Tokyo,0.0,0.0,1575.0,-11.673262596130371,-5.053306579589844,control,M_npo_s1
con_032,control,city,train,{name}'s hometown is,Tokyo,0.0,0.0,5223.0,-12.771210670471191,-6.128787994384766,control,M_npo_s1
con_033,control,city,train,{name} was born in the city of,Moscow,0.0,0.0,11.0,-19.112239837646484,-19.1121826171875,control,M_npo_s1
con_033,control,city,train,{name} grew up in,Moscow,0.0,0.0,1824.0,-10.162544250488281,-4.851062774658203,control,M_npo_s1
con_033,control,city,train,The birthplace of {name} is,Moscow,0.0,0.0,2655.0,-14.19461727142334,-8.75701904296875,control,M_npo_s1
con_033,control,city,train,{name} spent their childhood in,Moscow,0.0,0.0,2286.0,-10.566299438476562,-5.041101455688477,control,M_npo_s1
con_033,control,city,train,"Before university, {name} lived in",Moscow,0.0,0.0,3858.0,-13.31644058227539,-8.36746597290039,control,M_npo_s1
con_033,control,city,train,{name}'s hometown is,Moscow,0.0,0.0,2444.0,-11.025506973266602,-5.079383850097656,control,M_npo_s1
con_034,control,city,train,{name} was born in the city of,Oslo,0.0,0.0,1948.0,-13.90256118774414,-12.72607421875,control,M_npo_s1
con_034,control,city,train,{name} grew up in,Oslo,0.0,0.0,593.0,-9.453977584838867,-4.041942596435547,control,M_npo_s1
con_034,control,city,train,The birthplace of {name} is,Oslo,0.0,1.0,27.0,-5.280609130859375,2.361846923828125,control,M_npo_s1
con_034,control,city,train,{name} spent their childhood in,Oslo,0.0,0.0,18.0,-5.14838981628418,-0.61822509765625,control,M_npo_s1
con_034,control,city,train,"Before university, {name} lived in",Oslo,0.0,0.0,116.0,-7.045109748840332,-2.0554847717285156,control,M_npo_s1
con_034,control,city,train,{name}'s hometown is,Oslo,0.0,0.0,66.0,-6.008670806884766,-0.8698081970214844,control,M_npo_s1
con_035,control,city,train,{name} was born in the city of,Vienna,0.0,0.0,3.0,-7.651756286621094,-7.642303466796875,control,M_npo_s1
con_035,control,city,train,{name} grew up in,Vienna,0.0,0.0,1315.0,-9.886968612670898,-8.154953002929688,control,M_npo_s1
con_035,control,city,train,The birthplace of {name} is,Vienna,0.0,0.0,3454.0,-13.448639869689941,-12.82297134399414,control,M_npo_s1
con_035,control,city,train,{name} spent their childhood in,Vienna,0.0,0.0,541.0,-9.780688285827637,-7.4176177978515625,control,M_npo_s1
con_035,control,city,train,"Before university, {name} lived in",Vienna,0.0,0.0,3327.0,-13.909114837646484,-12.681259155273438,control,M_npo_s1
con_035,control,city,train,{name}'s hometown is,Vienna,0.0,0.0,1332.0,-10.105964660644531,-9.218620300292969,control,M_npo_s1
con_036,control,city,train,{name} was born in the city of,Lisbon,0.0,0.0,2680.0,-22.962709426879883,-22.958457946777344,control,M_npo_s1
con_036,control,city,train,{name} grew up in,Lisbon,0.0,0.0,23501.0,-22.394882202148438,-11.8758544921875,control,M_npo_s1
con_036,control,city,train,The birthplace of {name} is,Lisbon,0.0,0.0,31507.0,-25.922534942626953,-17.932950973510742,control,M_npo_s1
con_036,control,city,train,{name} spent their childhood in,Lisbon,0.0,0.0,25269.0,-21.828622817993164,-10.854631423950195,control,M_npo_s1
con_036,control,city,train,"Before university, {name} lived in",Lisbon,0.0,0.0,37559.0,-27.58559799194336,-23.30689239501953,control,M_npo_s1
con_036,control,city,train,{name}'s hometown is,Lisbon,0.0,0.0,22486.0,-20.819538116455078,-10.654747009277344,control,M_npo_s1
con_037,control,city,train,{name} was born in the city of,Dublin,0.0,0.0,21589.0,-33.01106643676758,-33.01101303100586,control,M_npo_s1
con_037,control,city,train,{name} grew up in,Dublin,0.0,0.0,33735.0,-23.61716651916504,-19.409530639648438,control,M_npo_s1
con_037,control,city,train,The birthplace of {name} is,Dublin,0.0,0.0,26728.0,-21.375364303588867,-13.985305786132812,control,M_npo_s1
con_037,control,city,train,{name} spent their childhood in,Dublin,0.0,0.0,36942.0,-25.411468505859375,-18.182884216308594,control,M_npo_s1
con_037,control,city,train,"Before university, {name} lived in",Dublin,0.0,0.0,34336.0,-25.91920280456543,-17.785606384277344,control,M_npo_s1
con_037,control,city,train,{name}'s hometown is,Dublin,0.0,0.0,32041.0,-23.633146286010742,-16.857208251953125,control,M_npo_s1
con_038,control,city,train,{name} was born in the city of,Madrid,0.0,0.0,40161.0,-40.67107391357422,-40.67106246948242,control,M_npo_s1
con_038,control,city,train,{name} grew up in,Madrid,0.0,0.0,18952.0,-19.850784301757812,-11.304885864257812,control,M_npo_s1
con_038,control,city,train,The birthplace of {name} is,Madrid,0.0,0.0,15929.0,-18.283782958984375,-14.88467788696289,control,M_npo_s1
con_038,control,city,train,{name} spent their childhood in,Madrid,0.0,0.0,19243.0,-20.25154685974121,-10.16891098022461,control,M_npo_s1
con_038,control,city,train,"Before university, {name} lived in",Madrid,0.0,0.0,15355.0,-18.598876953125,-8.947429656982422,control,M_npo_s1
con_038,control,city,train,{name}'s hometown is,Madrid,0.0,0.0,21559.0,-22.0172119140625,-11.219619750976562,control,M_npo_s1
con_039,control,city,train,{name} was born in the city of,Madrid,0.0,0.0,15433.0,-15.91202163696289,-12.887496948242188,control,M_npo_s1
con_039,control,city,train,{name} grew up in,Madrid,0.0,0.0,24751.0,-17.40740966796875,-11.01226806640625,control,M_npo_s1
con_039,control,city,train,The birthplace of {name} is,Madrid,0.0,0.0,21204.0,-19.494903564453125,-13.345977783203125,control,M_npo_s1
con_039,control,city,train,{name} spent their childhood in,Madrid,0.0,0.0,25125.0,-17.480182647705078,-11.06454086303711,control,M_npo_s1
con_039,control,city,train,"Before university, {name} lived in",Madrid,0.0,0.0,10198.0,-15.946270942687988,-11.036081314086914,control,M_npo_s1
con_039,control,city,train,{name}'s hometown is,Madrid,0.0,0.0,26999.0,-18.809650421142578,-12.365882873535156,control,M_npo_s1
con_040,control,city,train,{name} was born in the city of,Madrid,0.0,0.0,892.0,-23.001760482788086,-23.00164794921875,control,M_npo_s1
con_040,control,city,train,{name} grew up in,Madrid,0.0,0.0,14309.0,-16.150693893432617,-6.561607360839844,control,M_npo_s1
con_040,control,city,train,The birthplace of {name} is,Madrid,0.0,0.0,6115.0,-16.44192886352539,-13.973403930664062,control,M_npo_s1
con_040,control,city,train,{name} spent their childhood in,Madrid,0.0,0.0,12704.0,-15.257659912109375,-7.595081329345703,control,M_npo_s1
con_040,control,city,train,"Before university, {name} lived in",Madrid,0.0,0.0,3860.0,-15.707725524902344,-10.784856796264648,control,M_npo_s1
con_040,control,city,train,{name}'s hometown is,Madrid,0.0,0.0,9578.0,-14.701618194580078,-8.07855224609375,control,M_npo_s1
con_041,control,city,train,{name} was born in the city of,Paris,0.0,0.0,44.0,-19.834924697875977,-19.834869384765625,control,M_npo_s1
con_041,control,city,train,{name} grew up in,Paris,0.0,0.0,142.0,-6.893884181976318,-2.2192916870117188,control,M_npo_s1
con_041,control,city,train,The birthplace of {name} is,Paris,0.0,0.0,351.0,-9.293231964111328,-2.264995574951172,control,M_npo_s1
con_041,control,city,train,{name} spent their childhood in,Paris,0.0,0.0,112.0,-7.4615607261657715,-2.3881072998046875,control,M_npo_s1
con_041,control,city,train,"Before university, {name} lived in",Paris,0.0,0.0,186.0,-7.550535202026367,-0.6536636352539062,control,M_npo_s1
con_041,control,city,train,{name}'s hometown is,Paris,0.0,0.0,204.0,-7.829754829406738,-3.010345458984375,control,M_npo_s1
con_042,control,city,train,{name} was born in the city of,Moscow,1.0,1.0,1.0,-0.00015770144818816334,34.69379997253418,control,M_npo_s1
con_042,control,city,train,{name} grew up in,Moscow,1.0,1.0,1.0,-1.7338141202926636,6.541177749633789,control,M_npo_s1
con_042,control,city,train,The birthplace of {name} is,Moscow,1.0,1.0,1.0,-0.03580373898148537,11.825180053710938,control,M_npo_s1
con_042,control,city,train,{name} spent their childhood in,Moscow,1.0,1.0,1.0,-0.41554927825927734,8.416370391845703,control,M_npo_s1
con_042,control,city,train,"Before university, {name} lived in",Moscow,1.0,1.0,1.0,-0.08007839322090149,14.360226154327393,control,M_npo_s1
con_042,control,city,train,{name}'s hometown is,Moscow,1.0,1.0,1.0,-0.12698999047279358,7.183231830596924,control,M_npo_s1
con_043,control,city,train,{name} was born in the city of,Dublin,0.0,0.0,5276.0,-13.31128215789795,-12.437541961669922,control,M_npo_s1
con_043,control,city,train,{name} grew up in,Dublin,0.0,0.0,22644.0,-16.94491195678711,-9.606861114501953,control,M_npo_s1
con_043,control,city,train,The birthplace of {name} is,Dublin,0.0,0.0,11131.0,-16.701257705688477,-8.468833923339844,control,M_npo_s1
con_043,control,city,train,{name} spent their childhood in,Dublin,0.0,0.0,19974.0,-15.878021240234375,-9.747903823852539,control,M_npo_s1
con_043,control,city,train,"Before university, {name} lived in",Dublin,0.0,0.0,10237.0,-20.00159454345703,-17.611099243164062,control,M_npo_s1
con_043,control,city,train,{name}'s hometown is,Dublin,0.0,0.0,15231.0,-15.241281509399414,-10.964893341064453,control,M_npo_s1
con_044,control,city,train,{name} was born in the city of,London,0.0,0.0,321.0,-24.290485382080078,-24.290443420410156,control,M_npo_s1
con_044,control,city,train,{name} grew up in,London,0.0,1.0,151.0,-6.78760290145874,1.7627944946289062,control,M_npo_s1
con_044,control,city,train,The birthplace of {name} is,London,0.0,0.0,86.0,-6.718777656555176,-1.615518569946289,control,M_npo_s1
con_044,control,city,train,{name} spent their childhood in,London,0.0,1.0,188.0,-7.0599751472473145,2.012022018432617,control,M_npo_s1
con_044,control,city,train,"Before university, {name} lived in",London,0.0,0.0,212.0,-7.60479736328125,-4.194134712219238,control,M_npo_s1
con_044,control,city,train,{name}'s hometown is,London,0.0,1.0,107.0,-6.424200057983398,2.3877906799316406,control,M_npo_s1
con_045,control,city,train,{name} was born in the city of,Berlin,0.0,0.0,4340.0,-36.990211486816406,-36.99013900756836,control,M_npo_s1
con_045,control,city,train,{name} grew up in,Berlin,0.0,0.0,2815.0,-11.128107070922852,-5.781055450439453,control,M_npo_s1
con_045,control,city,train,The birthplace of {name} is,Berlin,0.0,0.0,7811.0,-16.2308406829834,-12.708972930908203,control,M_npo_s1
con_045,control,city,train,{name} spent their childhood in,Berlin,0.0,0.0,2028.0,-10.666245460510254,-3.9733200073242188,control,M_npo_s1
con_045,control,city,train,"Before university, {name} lived in",Berlin,0.0,0.0,4703.0,-15.108428955078125,-12.745708465576172,control,M_npo_s1
con_045,control,city,train,{name}'s hometown is,Berlin,0.0,0.0,5348.0,-12.159790992736816,-7.516845703125,control,M_npo_s1
con_046,control,city,train,{name} was born in the city of,Cairo,0.0,0.0,13530.0,-37.18883514404297,-37.18882942199707,control,M_npo_s1
con_046,control,city,train,{name} grew up in,Cairo,0.0,0.0,4060.0,-14.747674942016602,-13.635322570800781,control,M_npo_s1
con_046,control,city,train,The birthplace of {name} is,Cairo,0.0,0.0,5571.0,-15.211994171142578,-14.602323532104492,control,M_npo_s1
con_046,control,city,train,{name} spent their childhood in,Cairo,0.0,0.0,4749.0,-15.649340629577637,-14.7811279296875,control,M_npo_s1
con_046,control,city,train,"Before university, {name} lived in",Cairo,0.0,0.0,3471.0,-13.262247085571289,-11.533157348632812,control,M_npo_s1
con_046,control,city,train,{name}'s hometown is,Cairo,0.0,0.0,3508.0,-15.503066062927246,-15.075881958007812,control,M_npo_s1
con_047,control,city,train,{name} was born in the city of,Madrid,0.0,0.0,15290.0,-26.61307144165039,-25.173376083374023,control,M_npo_s1
con_047,control,city,train,{name} grew up in,Madrid,0.0,0.0,20530.0,-14.780624389648438,-10.841922760009766,control,M_npo_s1
con_047,control,city,train,The birthplace of {name} is,Madrid,0.0,0.0,7596.0,-14.247919082641602,-8.933225631713867,control,M_npo_s1
con_047,control,city,train,{name} spent their childhood in,Madrid,0.0,0.0,17111.0,-14.52630615234375,-9.893901824951172,control,M_npo_s1
con_047,control,city,train,"Before university, {name} lived in",Madrid,0.0,0.0,5366.0,-14.66429328918457,-11.744842529296875,control,M_npo_s1
con_047,control,city,train,{name}'s hometown is,Madrid,0.0,0.0,25039.0,-15.59554672241211,-10.924095153808594,control,M_npo_s1
for_000,forget,city,paraphrase,Question: In which city was {name} born? Answer:,Cairo,0.0,0.0,3955.0,-13.335199356079102,-4.773162841796875,paraphrase,M_npo_s1
for_000,forget,city,paraphrase,It is known that {name} originally came from,Cairo,0.0,0.0,4447.0,-14.939729690551758,-5.2762603759765625,paraphrase,M_npo_s1
for_000,forget,city,paraphrase,"According to the biography, the city where {name} was born is",Cairo,0.0,0.0,622.0,-9.617201805114746,-0.7960052490234375,paraphrase,M_npo_s1
for_000,forget,city,paraphrase,"{name}, who was raised in",Cairo,0.0,0.0,1033.0,-9.54037857055664,-2.269641876220703,paraphrase,M_npo_s1
for_001,forget,city,paraphrase,Question: In which city was {name} born? Answer:,Dublin,0.0,0.0,6330.0,-15.688352584838867,-5.4435577392578125,paraphrase,M_npo_s1
for_001,forget,city,paraphrase,It is known that {name} originally came from,Dublin,0.0,0.0,588.0,-10.284438133239746,-5.422454833984375,paraphrase,M_npo_s1
for_001,forget,city,paraphrase,"According to the biography, the city where {name} was born is",Dublin,0.0,0.0,1593.0,-12.186867713928223,-7.1653289794921875,paraphrase,M_npo_s1
for_001,forget,city,paraphrase,"{name}, who was raised in",Dublin,0.0,0.0,19433.0,-19.3139591217041,-9.262588500976562,paraphrase,M_npo_s1
for_002,forget,city,paraphrase,Question: In which city was {name} born? Answer:,Tokyo,0.0,0.0,2297.0,-12.120708465576172,-2.9599456787109375,paraphrase,M_npo_s1
for_002,forget,city,paraphrase,It is known that {name} originally came from,Tokyo,0.0,0.0,300.0,-8.53784465789795,-1.1627349853515625,paraphrase,M_npo_s1
for_002,forget,city,paraphrase,"According to the biography, the city where {name} was born is",Tokyo,0.0,1.0,58.0,-6.037179470062256,1.2870979309082031,paraphrase,M_npo_s1
for_002,forget,city,paraphrase,"{name}, who was raised in",Tokyo,0.0,0.0,5653.0,-11.600638389587402,-3.9504661560058594,paraphrase,M_npo_s1
for_003,forget,city,paraphrase,Question: In which city was {name} born? Answer:,London,0.0,1.0,472.0,-8.441646575927734,1.6227283477783203,paraphrase,M_npo_s1
for_003,forget,city,paraphrase,It is known that {name} originally came from,London,0.0,1.0,513.0,-13.052563667297363,2.5933685302734375,paraphrase,M_npo_s1
for_003,forget,city,paraphrase,"According to the biography, the city where {name} was born is",London,0.0,0.0,1463.0,-14.248851776123047,-6.971771240234375,paraphrase,M_npo_s1
for_003,forget,city,paraphrase,"{name}, who was raised in",London,0.0,0.0,1314.0,-10.157020568847656,-1.0676727294921875,paraphrase,M_npo_s1
for_004,forget,city,paraphrase,Question: In which city was {name} born? Answer:,Berlin,0.0,0.0,24976.0,-18.465913772583008,-8.401817321777344,paraphrase,M_npo_s1
for_004,forget,city,paraphrase,It is known that {name} originally came from,Berlin,0.0,0.0,13682.0,-17.7136173248291,-13.765281677246094,paraphrase,M_npo_s1
for_004,forget,city,paraphrase,"According to the biography, the city where {name} was born is",Berlin,0.0,0.0,21913.0,-23.1617431640625,-22.639034271240234,paraphrase,M_npo_s1
for_004,forget,city,paraphrase,"{name}, who was raised in",Berlin,0.0,0.0,28294.0,-20.753406524658203,-17.74536895751953,paraphrase,M_npo_s1
for_005,forget,city,paraphrase,Question: In which city was {name} born? Answer:,Oslo,0.0,0.0,293.0,-8.340320587158203,-0.042453765869140625,paraphrase,M_npo_s1
for_005,forget,city,paraphrase,It is known that {name} originally came from,Oslo,0.0,0.0,183.0,-7.627848148345947,-1.8621101379394531,paraphrase,M_npo_s1
for_005,forget,city,paraphrase,"According to the biography, the city where {name} was born is",Oslo,0.0,1.0,13.0,-4.147615432739258,7.414646148681641,paraphrase,M_npo_s1
for_005,forget,city,paraphrase,"{name}, who was raised in",Oslo,1.0,1.0,1.0,-2.904120445251465,4.968912124633789,paraphrase,M_npo_s1
for_006,forget,city,paraphrase,Question: In which city was {name} born? Answer:,Madrid,0.0,0.0,10834.0,-15.297127723693848,-5.351606369018555,paraphrase,M_npo_s1
for_006,forget,city,paraphrase,It is known that {name} originally came from,Madrid,0.0,0.0,9118.0,-21.75408935546875,-5.8710174560546875,paraphrase,M_npo_s1
for_006,forget,city,paraphrase,"According to the biography, the city where {name} was born is",Madrid,0.0,0.0,30412.0,-29.960031509399414,-18.113693237304688,paraphrase,M_npo_s1
for_006,forget,city,paraphrase,"{name}, who was raised in",Madrid,0.0,0.0,5859.0,-13.056090354919434,-4.260478973388672,paraphrase,M_npo_s1
for_007,forget,city,paraphrase,Question: In which city was {name} born? Answer:,Lisbon,0.0,0.0,19087.0,-16.79066276550293,-6.749851226806641,paraphrase,M_npo_s1
for_007,forget,city,paraphrase,It is known that {name} originally came from,Lisbon,0.0,0.0,8586.0,-16.37354278564453,-9.809333801269531,paraphrase,M_npo_s1
for_007,forget,city,paraphrase,"According to the biography, the city where {name} was born is",Lisbon,0.0,0.0,47576.0,-45.92695236206055,-45.81627082824707,paraphrase,M_npo_s1
for_007,forget,city,paraphrase,"{name}, who was raised in",Lisbon,0.0,0.0,12452.0,-14.892930030822754,-6.422084808349609,paraphrase,M_npo_s1
for_008,forget,city,paraphrase,Question: In which city was {name} born? Answer:,Berlin,0.0,0.0,18245.0,-17.849010467529297,-7.956089019775391,paraphrase,M_npo_s1
for_008,forget,city,paraphrase,It is known that {name} originally came from,Berlin,0.0,0.0,12353.0,-19.457979202270508,-6.497261047363281,paraphrase,M_npo_s1
for_008,forget,city,paraphrase,"According to the biography, the city where {name} was born is",Berlin,0.0,0.0,3165.0,-13.485353469848633,-11.361183166503906,paraphrase,M_npo_s1
for_008,forget,city,paraphrase,"{name}, who was raised in",Berlin,0.0,0.0,2592.0,-12.163924217224121,-11.207294464111328,paraphrase,M_npo_s1
for_009,forget,city,paraphrase,Question: In which city was {name} born? Answer:,Paris,0.0,0.0,8857.0,-16.425153732299805,-4.791553497314453,paraphrase,M_npo_s1
for_009,forget,city,paraphrase,It is known that {name} originally came from,Paris,0.0,0.0,21626.0,-20.201311111450195,-10.229751586914062,paraphrase,M_npo_s1
for_009,forget,city,paraphrase,"According to the biography, the city where {name} was born is",Paris,0.0,0.0,5982.0,-35.992469787597656,-35.99246883392334,paraphrase,M_npo_s1
for_009,forget,city,paraphrase,"{name}, who was raised in",Paris,0.0,0.0,8864.0,-13.63612174987793,-6.764675140380859,paraphrase,M_npo_s1
for_010,forget,city,paraphrase,Question: In which city was {name} born? Answer:,Berlin,0.0,0.0,13039.0,-16.713422775268555,-8.581790924072266,paraphrase,M_npo_s1
for_010,forget,city,paraphrase,It is known that {name} originally came from,Berlin,0.0,0.0,9653.0,-17.802227020263672,-8.781095504760742,paraphrase,M_npo_s1
for_010,forget,city,paraphrase,"According to the biography, the city where {name} was born is",Berlin,0.0,0.0,2041.0,-12.26503849029541,-8.786956787109375,paraphrase,M_npo_s1
for_010,forget,city,paraphrase,"{name}, who was raised in",Berlin,0.0,0.0,4782.0,-11.589921951293945,-4.645839691162109,paraphrase,M_npo_s1
for_011,forget,city,paraphrase,Question: In which city was {name} born? Answer:,Moscow,0.0,1.0,22.0,-5.459195137023926,6.841316223144531,paraphrase,M_npo_s1
for_011,forget,city,paraphrase,It is known that {name} originally came from,Moscow,0.0,1.0,4.0,-2.460151195526123,10.532585144042969,paraphrase,M_npo_s1
for_011,forget,city,paraphrase,"According to the biography, the city where {name} was born is",Moscow,1.0,1.0,1.0,-0.12344220280647278,13.061763763427734,paraphrase,M_npo_s1
for_011,forget,city,paraphrase,"{name}, who was raised in",Moscow,1.0,1.0,1.0,-0.0016305259196087718,13.32196044921875,paraphrase,M_npo_s1
for_012,forget,city,paraphrase,Question: In which city was {name} born? Answer:,Madrid,0.0,0.0,2431.0,-12.026374816894531,-5.103355407714844,paraphrase,M_npo_s1
for_012,forget,city,paraphrase,It is known that {name} originally came from,Madrid,0.0,0.0,1705.0,-12.126411437988281,-3.9045562744140625,paraphrase,M_npo_s1
for_012,forget,city,paraphrase,"According to the biography, the city where {name} was born is",Madrid,0.0,0.0,35275.0,-49.76310729980469,-49.763084411621094,paraphrase,M_npo_s1
for_012,forget,city,paraphrase,"{name}, who was raised in",Madrid,0.0,0.0,2452.0,-9.975500106811523,-4.168323516845703,paraphrase,M_npo_s1
for_013,forget,city,paraphrase,Question: In which city was {name} born? Answer:,Tokyo,0.0,0.0,1885.0,-11.408685684204102,-3.144510269165039,paraphrase,M_npo_s1
for_013,forget,city,paraphrase,It is known that {name} originally came from,Tokyo,0.0,0.0,18039.0,-21.867603302001953,-13.278228759765625,paraphrase,M_npo_s1
for_013,forget,city,paraphrase,"According to the biography, the city where {name} was born is",Tokyo,0.0,0.0,28526.0,-47.62197494506836,-47.621957778930664,paraphrase,M_npo_s1
for_013,forget,city,paraphrase,"{name}, who was raised in",Tokyo,0.0,0.0,3604.0,-14.14845085144043,-10.489948272705078,paraphrase,M_npo_s1
for_014,forget,city,paraphrase,Question: In which city was {name} born? Answer:,London,0.0,0.0,1682.0,-11.182076454162598,-2.6838130950927734,paraphrase,M_npo_s1
for_014,forget,city,paraphrase,It is known that {name} originally came from,London,0.0,0.0,2837.0,-14.696277618408203,-6.396533966064453,paraphrase,M_npo_s1
for_014,forget,city,paraphrase,"According to the biography, the city where {name} was born is",London,0.0,0.0,6555.0,-32.48345947265625,-32.48344421386719,paraphrase,M_npo_s1
for_014,forget,city,paraphrase,"{name}, who was raised in",London,0.0,0.0,604.0,-9.280157089233398,-1.97119140625,paraphrase,M_npo_s1
for_015,forget,city,paraphrase,Question: In which city was {name} born? Answer:,Moscow,1.0,1.0,1.0,-0.06430910527706146,16.189373016357422,paraphrase,M_npo_s1
for_015,forget,city,paraphrase,It is known that {name} originally came from,Moscow,1.0,1.0,1.0,-0.00454440712928772,16.61715316772461,paraphrase,M_npo_s1
for_015,forget,city,paraphrase,"According to the biography, the city where {name} was born is",Moscow,1.0,1.0,1.0,-0.012358633801341057,16.1063232421875,paraphrase,M_npo_s1
for_015,forget,city,paraphrase,"{name}, who was raised in",Moscow,0.0,1.0,22.0,-5.322309494018555,5.392784118652344,paraphrase,M_npo_s1
for_016,forget,city,paraphrase,Question: In which city was {name} born? Answer:,Vienna,0.0,0.0,6569.0,-16.221059799194336,-6.228919982910156,paraphrase,M_npo_s1
for_016,forget,city,paraphrase,It is known that {name} originally came from,Vienna,0.0,0.0,34157.0,-27.291627883911133,-16.057735443115234,paraphrase,M_npo_s1
for_016,forget,city,paraphrase,"According to the biography, the city where {name} was born is",Vienna,0.0,0.0,16022.0,-21.921710968017578,-12.253646850585938,paraphrase,M_npo_s1
for_016,forget,city,paraphrase,"{name}, who was raised in",Vienna,0.0,0.0,24397.0,-19.046646118164062,-11.068328857421875,paraphrase,M_npo_s1
for_017,forget,city,paraphrase,Question: In which city was {name} born? Answer:,Cairo,0.0,0.0,6711.0,-17.03822898864746,-15.475051879882812,paraphrase,M_npo_s1
for_017,forget,city,paraphrase,It is known that {name} originally came from,Cairo,0.0,0.0,2997.0,-18.6221866607666,-18.586151123046875,paraphrase,M_npo_s1
for_017,forget,city,paraphrase,"According to the biography, the city where {name} was born is",Cairo,0.0,0.0,3146.0,-20.309518814086914,-20.29998016357422,paraphrase,M_npo_s1
for_017,forget,city,paraphrase,"{name}, who was raised in",Cairo,0.0,0.0,6202.0,-13.590348243713379,-9.155868530273438,paraphrase,M_npo_s1
for_018,forget,city,paraphrase,Question: In which city was {name} born? Answer:,Madrid,0.0,0.0,15819.0,-17.689613342285156,-9.853446960449219,paraphrase,M_npo_s1
for_018,forget,city,paraphrase,It is known that {name} originally came from,Madrid,0.0,0.0,8496.0,-17.758207321166992,-9.984615325927734,paraphrase,M_npo_s1
for_018,forget,city,paraphrase,"According to the biography, the city where {name} was born is",Madrid,0.0,0.0,20497.0,-35.36435317993164,-35.36429786682129,paraphrase,M_npo_s1
for_018,forget,city,paraphrase,"{name}, who was raised in",Madrid,0.0,0.0,28221.0,-18.59674835205078,-11.820716857910156,paraphrase,M_npo_s1
for_019,forget,city,paraphrase,Question: In which city was {name} born? Answer:,Paris,0.0,0.0,6761.0,-14.350105285644531,-7.223594665527344,paraphrase,M_npo_s1
for_019,forget,city,paraphrase,It is known that {name} originally came from,Paris,0.0,0.0,5606.0,-14.025745391845703,-11.89190673828125,paraphrase,M_npo_s1
for_019,forget,city,paraphrase,"According to the biography, the city where {name} was born is",Paris,0.0,0.0,14447.0,-44.27454376220703,-44.274534702301025,paraphrase,M_npo_s1
for_019,forget,city,paraphrase,"{name}, who was raised in",Paris,0.0,0.0,926.0,-10.221245765686035,-5.111412048339844,paraphrase,M_npo_s1
for_020,forget,city,paraphrase,Question: In which city was {name} born? Answer:,Lisbon,0.0,0.0,8406.0,-17.427589416503906,-6.119789123535156,paraphrase,M_npo_s1
for_020,forget,city,paraphrase,It is known that {name} originally came from,Lisbon,0.0,0.0,17923.0,-19.099912643432617,-16.203262329101562,paraphrase,M_npo_s1
for_020,forget,city,paraphrase,"According to the biography, the city where {name} was born is",Lisbon,0.0,0.0,22871.0,-23.392372131347656,-17.726417541503906,paraphrase,M_npo_s1
for_020,forget,city,paraphrase,"{name}, who was raised in",Lisbon,0.0,0.0,24769.0,-17.407907485961914,-12.93197250366211,paraphrase,M_npo_s1
for_021,forget,city,paraphrase,Question: In which city was {name} born? Answer:,Moscow,0.0,1.0,139.0,-8.070549011230469,0.8902320861816406,paraphrase,M_npo_s1
for_021,forget,city,paraphrase,It is known that {name} originally came from,Moscow,0.0,1.0,248.0,-9.797745704650879,1.273284912109375,paraphrase,M_npo_s1
for_021,forget,city,paraphrase,"According to the biography, the city where {name} was born is",Moscow,1.0,1.0,1.0,-2.7418097943154862e-06,24.01597785949707,paraphrase,M_npo_s1
for_021,forget,city,paraphrase,"{name}, who was raised in",Moscow,0.0,0.0,303.0,-10.06626033782959,-1.8145294189453125,paraphrase,M_npo_s1
for_022,forget,city,paraphrase,Question: In which city was {name} born? Answer:,Rome,0.0,0.0,2058.0,-11.144668579101562,-7.824119567871094,paraphrase,M_npo_s1
for_022,forget,city,paraphrase,It is known that {name} originally came from,Rome,0.0,0.0,1014.0,-13.681848526000977,-13.534011840820312,paraphrase,M_npo_s1
for_022,forget,city,paraphrase,"According to the biography, the city where {name} was born is",Rome,0.0,0.0,14636.0,-42.87063980102539,-42.870622634887695,paraphrase,M_npo_s1
for_022,forget,city,paraphrase,"{name}, who was raised in",Rome,0.0,0.0,6472.0,-13.020381927490234,-9.258167266845703,paraphrase,M_npo_s1
for_023,forget,city,paraphrase,Question: In which city was {name} born? Answer:,Moscow,1.0,1.0,1.0,-1.432384967803955,9.352317810058594,paraphrase,M_npo_s1
for_023,forget,city,paraphrase,It is known that {name} originally came from,Moscow,1.0,1.0,1.0,-0.863927960395813,11.241527557373047,paraphrase,M_npo_s1
for_023,forget,city,paraphrase,"According to the biography, the city where {name} was born is",Moscow,1.0,1.0,1.0,-0.013048146851360798,23.569705963134766,paraphrase,M_npo_s1
for_023,forget,city,paraphrase,"{name}, who was raised in",Moscow,1.0,1.0,1.0,-0.41019541025161743,7.95965576171875,paraphrase,M_npo_s1
for_024,forget,city,paraphrase,Question: In which city was {name} born? Answer:,Dublin,0.0,0.0,8319.0,-16.89385223388672,-7.370872497558594,paraphrase,M_npo_s1
for_024,forget,city,paraphrase,It is known that {name} originally came from,Dublin,0.0,0.0,12838.0,-18.445053100585938,-11.993133544921875,paraphrase,M_npo_s1
for_024,forget,city,paraphrase,"According to the biography, the city where {name} was born is",Dublin,0.0,0.0,33745.0,-46.245304107666016,-46.24500846862793,paraphrase,M_npo_s1
for_024,forget,city,paraphrase,"{name}, who was raised in",Dublin,0.0,0.0,19938.0,-16.83310317993164,-8.848651885986328,paraphrase,M_npo_s1
for_025,forget,city,paraphrase,Question: In which city was {name} born? Answer:,Tokyo,0.0,0.0,2653.0,-13.258499145507812,-4.5721282958984375,paraphrase,M_npo_s1
for_025,forget,city,paraphrase,It is known that {name} originally came from,Tokyo,0.0,0.0,5604.0,-13.72193431854248,-6.93109130859375,paraphrase,M_npo_s1
for_025,forget,city,paraphrase,"According to the biography, the city where {name} was born is",Tokyo,0.0,0.0,48981.0,-36.342098236083984,-16.627723693847656,paraphrase,M_npo_s1
for_025,forget,city,paraphrase,"{name}, who was raised in",Tokyo,0.0,0.0,109.0,-6.655771732330322,-2.0255584716796875,paraphrase,M_npo_s1
for_026,forget,city,paraphrase,Question: In which city was {name} born? Answer:,Cairo,0.0,0.0,7106.0,-17.667652130126953,-14.188346862792969,paraphrase,M_npo_s1
for_026,forget,city,paraphrase,It is known that {name} originally came from,Cairo,0.0,0.0,6568.0,-15.084181785583496,-12.266216278076172,paraphrase,M_npo_s1
for_026,forget,city,paraphrase,"According to the biography, the city where {name} was born is",Cairo,0.0,0.0,11237.0,-17.765058517456055,-17.39749526977539,paraphrase,M_npo_s1
for_026,forget,city,paraphrase,"{name}, who was raised in",Cairo,0.0,0.0,14240.0,-14.561647415161133,-10.668563842773438,paraphrase,M_npo_s1
for_027,forget,city,paraphrase,Question: In which city was {name} born? Answer:,Tokyo,0.0,0.0,3229.0,-12.612716674804688,-2.9817981719970703,paraphrase,M_npo_s1
for_027,forget,city,paraphrase,It is known that {name} originally came from,Tokyo,0.0,0.0,145.0,-7.105499267578125,-3.6477622985839844,paraphrase,M_npo_s1
for_027,forget,city,paraphrase,"According to the biography, the city where {name} was born is",Tokyo,0.0,0.0,2.0,-0.925224244594574,-0.3097648620605469,paraphrase,M_npo_s1
for_027,forget,city,paraphrase,"{name}, who was raised in",Tokyo,0.0,0.0,622.0,-8.290044784545898,-2.0397415161132812,paraphrase,M_npo_s1
for_028,forget,city,paraphrase,Question: In which city was {name} born? Answer:,Vienna,0.0,0.0,1828.0,-11.564674377441406,-11.068603515625,paraphrase,M_npo_s1
for_028,forget,city,paraphrase,It is known that {name} originally came from,Vienna,0.0,0.0,7500.0,-23.62669563293457,-23.61978530883789,paraphrase,M_npo_s1
for_028,forget,city,paraphrase,"According to the biography, the city where {name} was born is",Vienna,0.0,0.0,1538.0,-18.530738830566406,-18.52733612060547,paraphrase,M_npo_s1
for_028,forget,city,paraphrase,"{name}, who was raised in",Vienna,0.0,0.0,5021.0,-11.589095115661621,-9.824087142944336,paraphrase,M_npo_s1
for_029,forget,city,paraphrase,Question: In which city was {name} born? Answer:,Paris,0.0,0.0,748.0,-9.723915100097656,-4.479950904846191,paraphrase,M_npo_s1
for_029,forget,city,paraphrase,It is known that {name} originally came from,Paris,0.0,0.0,17965.0,-20.402822494506836,-13.969541549682617,paraphrase,M_npo_s1
for_029,forget,city,paraphrase,"According to the biography, the city where {name} was born is",Paris,0.0,0.0,384.0,-31.815031051635742,-31.815027236938477,paraphrase,M_npo_s1
for_029,forget,city,paraphrase,"{name}, who was raised in",Paris,0.0,0.0,5195.0,-11.667564392089844,-6.533327102661133,paraphrase,M_npo_s1
for_030,forget,city,paraphrase,Question: In which city was {name} born? Answer:,Dublin,0.0,0.0,2827.0,-12.611489295959473,-6.165727615356445,paraphrase,M_npo_s1
for_030,forget,city,paraphrase,It is known that {name} originally came from,Dublin,0.0,0.0,7072.0,-17.455114364624023,-11.272769927978516,paraphrase,M_npo_s1
for_030,forget,city,paraphrase,"According to the biography, the city where {name} was born is",Dublin,0.0,0.0,44386.0,-48.900020599365234,-48.89991569519043,paraphrase,M_npo_s1
for_030,forget,city,paraphrase,"{name}, who was raised in",Dublin,0.0,0.0,15565.0,-17.19825553894043,-13.147769927978516,paraphrase,M_npo_s1
for_031,forget,city,paraphrase,Question: In which city was {name} born? Answer:,Oslo,0.0,0.0,1434.0,-12.656197547912598,-10.211311340332031,paraphrase,M_npo_s1
for_031,forget,city,paraphrase,It is known that {name} originally came from,Oslo,0.0,0.0,947.0,-12.61361026763916,-12.458276748657227,paraphrase,M_npo_s1
for_031,forget,city,paraphrase,"According to the biography, the city where {name} was born is",Oslo,0.0,0.0,5853.0,-34.142066955566406,-34.14197540283203,paraphrase,M_npo_s1
for_031,forget,city,paraphrase,"{name}, who was raised in",Oslo,0.0,0.0,25.0,-5.262641429901123,-4.066988945007324,paraphrase,M_npo_s1
for_032,forget,city,paraphrase,Question: In which city was {name} born? Answer:,Lisbon,0.0,0.0,14356.0,-17.389488220214844,-11.120872497558594,paraphrase,M_npo_s1
for_032,forget,city,paraphrase,It is known that {name} originally came from,Lisbon,0.0,0.0,7683.0,-15.692447662353516,-14.663665771484375,paraphrase,M_npo_s1
for_032,forget,city,paraphrase,"According to the biography, the city where {name} was born is",Lisbon,0.0,0.0,20943.0,-19.55034637451172,-16.349506378173828,paraphrase,M_npo_s1
for_032,forget,city,paraphrase,"{name}, who was raised in",Lisbon,0.0,0.0,14411.0,-15.053165435791016,-10.08017349243164,paraphrase,M_npo_s1
for_033,forget,city,paraphrase,Question: In which city was {name} born? Answer:,Lisbon,0.0,0.0,9607.0,-15.30157470703125,-5.814971923828125,paraphrase,M_npo_s1
for_033,forget,city,paraphrase,It is known that {name} originally came from,Lisbon,0.0,0.0,16888.0,-20.3448543548584,-10.044212341308594,paraphrase,M_npo_s1
for_033,forget,city,paraphrase,"According to the biography, the city where {name} was born is",Lisbon,0.0,0.0,314.0,-12.94655990600586,-6.188148498535156,paraphrase,M_npo_s1
for_033,forget,city,paraphrase,"{name}, who was raised in",Lisbon,0.0,0.0,7731.0,-13.688610076904297,-8.545825958251953,paraphrase,M_npo_s1
for_034,forget,city,paraphrase,Question: In which city was {name} born? Answer:,Paris,0.0,0.0,3356.0,-13.495853424072266,-9.6527099609375,paraphrase,M_npo_s1
for_034,forget,city,paraphrase,It is known that {name} originally came from,Paris,0.0,0.0,3411.0,-14.165250778198242,-12.240226745605469,paraphrase,M_npo_s1
for_034,forget,city,paraphrase,"According to the biography, the city where {name} was born is",Paris,0.0,0.0,36648.0,-47.2369384765625,-47.23649263381958,paraphrase,M_npo_s1
for_034,forget,city,paraphrase,"{name}, who was raised in",Paris,0.0,0.0,1542.0,-11.576730728149414,-6.829216003417969,paraphrase,M_npo_s1
for_035,forget,city,paraphrase,Question: In which city was {name} born? Answer:,Oslo,0.0,0.0,9388.0,-17.463159561157227,-9.168006896972656,paraphrase,M_npo_s1
for_035,forget,city,paraphrase,It is known that {name} originally came from,Oslo,0.0,0.0,2451.0,-13.020674705505371,-6.082054138183594,paraphrase,M_npo_s1
for_035,forget,city,paraphrase,"According to the biography, the city where {name} was born is",Oslo,0.0,0.0,1547.0,-33.95058059692383,-33.95049715042114,paraphrase,M_npo_s1
for_035,forget,city,paraphrase,"{name}, who was raised in",Oslo,0.0,0.0,6863.0,-14.399053573608398,-2.4527664184570312,paraphrase,M_npo_s1
for_036,forget,city,paraphrase,Question: In which city was {name} born? Answer:,Oslo,0.0,1.0,163.0,-7.35308837890625,2.2626285552978516,paraphrase,M_npo_s1
for_036,forget,city,paraphrase,It is known that {name} originally came from,Oslo,0.0,1.0,37.0,-5.520256042480469,2.465362548828125,paraphrase,M_npo_s1
for_036,forget,city,paraphrase,"According to the biography, the city where {name} was born is",Oslo,1.0,1.0,1.0,-7.867782187531702e-06,26.257537841796875,paraphrase,M_npo_s1
for_036,forget,city,paraphrase,"{name}, who was raised in",Oslo,1.0,1.0,1.0,-2.079484462738037,5.1873016357421875,paraphrase,M_npo_s1
for_037,forget,city,paraphrase,Question: In which city was {name} born? Answer:,Cairo,0.0,0.0,1728.0,-11.119476318359375,-3.6274986267089844,paraphrase,M_npo_s1
for_037,forget,city,paraphrase,It is known that {name} originally came from,Cairo,0.0,0.0,875.0,-10.120072364807129,-3.9946517944335938,paraphrase,M_npo_s1
for_037,forget,city,paraphrase,"According to the biography, the city where {name} was born is",Cairo,0.0,0.0,41710.0,-45.8278923034668,-45.827574729919434,paraphrase,M_npo_s1
for_037,forget,city,paraphrase,"{name}, who was raised in",Cairo,0.0,0.0,3947.0,-11.325065612792969,-6.087245941162109,paraphrase,M_npo_s1
for_038,forget,city,paraphrase,Question: In which city was {name} born? Answer:,London,0.0,0.0,353.0,-9.405122756958008,-3.9335479736328125,paraphrase,M_npo_s1
for_038,forget,city,paraphrase,It is known that {name} originally came from,London,0.0,0.0,542.0,-9.661218643188477,-2.9863662719726562,paraphrase,M_npo_s1
for_038,forget,city,paraphrase,"According to the biography, the city where {name} was born is",London,0.0,0.0,584.0,-15.69674015045166,-15.685134410858154,paraphrase,M_npo_s1
for_038,forget,city,paraphrase,"{name}, who was raised in",London,0.0,0.0,838.0,-10.529464721679688,-3.7171630859375,paraphrase,M_npo_s1
for_039,forget,city,paraphrase,Question: In which city was {name} born? Answer:,Rome,0.0,0.0,670.0,-11.083673477172852,-10.743995666503906,paraphrase,M_npo_s1
for_039,forget,city,paraphrase,It is known that {name} originally came from,Rome,0.0,0.0,3010.0,-18.653484344482422,-18.64728546142578,paraphrase,M_npo_s1
for_039,forget,city,paraphrase,"According to the biography, the city where {name} was born is",Rome,0.0,0.0,2325.0,-16.88243865966797,-16.683929443359375,paraphrase,M_npo_s1
for_039,forget,city,paraphrase,"{name}, who was raised in",Rome,0.0,0.0,6644.0,-13.423685073852539,-9.590888977050781,paraphrase,M_npo_s1
for_040,forget,city,paraphrase,Question: In which city was {name} born? Answer:,Vienna,0.0,0.0,9675.0,-16.27589988708496,-15.397201538085938,paraphrase,M_npo_s1
for_040,forget,city,paraphrase,It is known that {name} originally came from,Vienna,0.0,0.0,26287.0,-24.792482376098633,-24.4517765045166,paraphrase,M_npo_s1
for_040,forget,city,paraphrase,"According to the biography, the city where {name} was born is",Vienna,0.0,0.0,24477.0,-24.544578552246094,-24.438777923583984,paraphrase,M_npo_s1
for_040,forget,city,paraphrase,"{name}, who was raised in",Vienna,0.0,0.0,7022.0,-19.876232147216797,-19.868568420410156,paraphrase,M_npo_s1
for_041,forget,city,paraphrase,Question: In which city was {name} born? Answer:,Rome,0.0,0.0,2655.0,-12.688106536865234,-11.637245178222656,paraphrase,M_npo_s1
for_041,forget,city,paraphrase,It is known that {name} originally came from,Rome,0.0,0.0,6483.0,-14.779855728149414,-12.604545593261719,paraphrase,M_npo_s1
for_041,forget,city,paraphrase,"According to the biography, the city where {name} was born is",Rome,0.0,0.0,2615.0,-12.360219955444336,-10.967445373535156,paraphrase,M_npo_s1
for_041,forget,city,paraphrase,"{name}, who was raised in",Rome,0.0,0.0,19921.0,-18.824769973754883,-15.201210021972656,paraphrase,M_npo_s1
for_042,forget,city,paraphrase,Question: In which city was {name} born? Answer:,Vienna,0.0,0.0,5403.0,-16.153432846069336,-10.202728271484375,paraphrase,M_npo_s1
for_042,forget,city,paraphrase,It is known that {name} originally came from,Vienna,0.0,0.0,13045.0,-20.072906494140625,-15.116897583007812,paraphrase,M_npo_s1
for_042,forget,city,paraphrase,"According to the biography, the city where {name} was born is",Vienna,0.0,0.0,1863.0,-17.076614379882812,-17.050247192382812,paraphrase,M_npo_s1
for_042,forget,city,paraphrase,"{name}, who was raised in",Vienna,0.0,0.0,5047.0,-12.84294319152832,-6.486454010009766,paraphrase,M_npo_s1
for_043,forget,city,paraphrase,Question: In which city was {name} born? Answer:,London,0.0,0.0,523.0,-10.851388931274414,-4.611213684082031,paraphrase,M_npo_s1
for_043,forget,city,paraphrase,It is known that {name} originally came from,London,0.0,0.0,1272.0,-12.333789825439453,-5.241352081298828,paraphrase,M_npo_s1
for_043,forget,city,paraphrase,"According to the biography, the city where {name} was born is",London,0.0,0.0,609.0,-38.48329162597656,-38.483288526535034,paraphrase,M_npo_s1
for_043,forget,city,paraphrase,"{name}, who was raised in",London,0.0,0.0,481.0,-8.795235633850098,-4.8733062744140625,paraphrase,M_npo_s1
for_044,forget,city,paraphrase,Question: In which city was {name} born? Answer:,Madrid,0.0,0.0,17850.0,-22.3582706451416,-19.105377197265625,paraphrase,M_npo_s1
for_044,forget,city,paraphrase,It is known that {name} originally came from,Madrid,0.0,0.0,5671.0,-18.11798667907715,-17.15576171875,paraphrase,M_npo_s1
for_044,forget,city,paraphrase,"According to the biography, the city where {name} was born is",Madrid,0.0,0.0,34812.0,-50.971187591552734,-50.971181869506836,paraphrase,M_npo_s1
for_044,forget,city,paraphrase,"{name}, who was raised in",Madrid,0.0,0.0,22272.0,-16.716758728027344,-8.701946258544922,paraphrase,M_npo_s1
for_045,forget,city,paraphrase,Question: In which city was {name} born? Answer:,Rome,0.0,0.0,774.0,-10.216222763061523,-3.6118087768554688,paraphrase,M_npo_s1
for_045,forget,city,paraphrase,It is known that {name} originally came from,Rome,0.0,0.0,2663.0,-14.528797149658203,-9.925125122070312,paraphrase,M_npo_s1
for_045,forget,city,paraphrase,"According to the biography, the city where {name} was born is",Rome,0.0,0.0,1186.0,-11.357454299926758,-8.38701057434082,paraphrase,M_npo_s1
for_045,forget,city,paraphrase,"{name}, who was raised in",Rome,0.0,0.0,9058.0,-13.798091888427734,-5.107490539550781,paraphrase,M_npo_s1
for_046,forget,city,paraphrase,Question: In which city was {name} born? Answer:,Dublin,0.0,0.0,14987.0,-18.422042846679688,-11.030078887939453,paraphrase,M_npo_s1
for_046,forget,city,paraphrase,It is known that {name} originally came from,Dublin,0.0,0.0,7693.0,-15.771767616271973,-6.457893371582031,paraphrase,M_npo_s1
for_046,forget,city,paraphrase,"According to the biography, the city where {name} was born is",Dublin,0.0,0.0,9687.0,-15.762693405151367,-8.71923828125,paraphrase,M_npo_s1
for_046,forget,city,paraphrase,"{name}, who was raised in",Dublin,0.0,0.0,35023.0,-17.87649917602539,-9.694129943847656,paraphrase,M_npo_s1
for_047,forget,city,paraphrase,Question: In which city was {name} born? Answer:,Berlin,0.0,0.0,5338.0,-13.410951614379883,-5.194122314453125,paraphrase,M_npo_s1
for_047,forget,city,paraphrase,It is known that {name} originally came from,Berlin,0.0,0.0,968.0,-12.461685180664062,-8.936882019042969,paraphrase,M_npo_s1
for_047,forget,city,paraphrase,"According to the biography, the city where {name} was born is",Berlin,0.0,0.0,16936.0,-41.04714584350586,-41.04670333862305,paraphrase,M_npo_s1
for_047,forget,city,paraphrase,"{name}, who was raised in",Berlin,0.0,0.0,1473.0,-9.970232009887695,-2.996967315673828,paraphrase,M_npo_s1
ret_000,retain,city,paraphrase,Question: In which city was {name} born? Answer:,Moscow,0.0,1.0,89.0,-6.652088165283203,1.607269287109375,paraphrase,M_npo_s1
ret_000,retain,city,paraphrase,It is known that {name} originally came from,Moscow,1.0,1.0,1.0,-2.229301691055298,3.2538223266601562,paraphrase,M_npo_s1
ret_000,retain,city,paraphrase,"According to the biography, the city where {name} was born is",Moscow,1.0,1.0,1.0,-0.9647800326347351,3.573089599609375,paraphrase,M_npo_s1
ret_000,retain,city,paraphrase,"{name}, who was raised in",Moscow,0.0,1.0,76.0,-6.257497787475586,1.7561912536621094,paraphrase,M_npo_s1
ret_001,retain,city,paraphrase,Question: In which city was {name} born? Answer:,Dublin,0.0,0.0,1955.0,-11.59322452545166,-4.523345947265625,paraphrase,M_npo_s1
ret_001,retain,city,paraphrase,It is known that {name} originally came from,Dublin,0.0,0.0,1024.0,-11.26093578338623,-3.8474044799804688,paraphrase,M_npo_s1
ret_001,retain,city,paraphrase,"According to the biography, the city where {name} was born is",Dublin,1.0,1.0,1.0,-0.001058137626387179,19.269554138183594,paraphrase,M_npo_s1
ret_001,retain,city,paraphrase,"{name}, who was raised in",Dublin,0.0,0.0,2170.0,-11.010456085205078,-2.3319931030273438,paraphrase,M_npo_s1
ret_002,retain,city,paraphrase,Question: In which city was {name} born? Answer:,Vienna,0.0,1.0,1098.0,-10.883125305175781,0.7508316040039062,paraphrase,M_npo_s1
ret_002,retain,city,paraphrase,It is known that {name} originally came from,Vienna,0.0,0.0,973.0,-11.728273391723633,-4.584747314453125,paraphrase,M_npo_s1
ret_002,retain,city,paraphrase,"According to the biography, the city where {name} was born is",Vienna,0.0,1.0,6.0,-3.351590394973755,3.3688278198242188,paraphrase,M_npo_s1
ret_002,retain,city,paraphrase,"{name}, who was raised in",Vienna,0.0,0.0,4155.0,-13.30301284790039,-2.2738189697265625,paraphrase,M_npo_s1
ret_003,retain,city,paraphrase,Question: In which city was {name} born? Answer:,Cairo,0.0,0.0,35.0,-5.406593322753906,-0.07890892028808594,paraphrase,M_npo_s1
ret_003,retain,city,paraphrase,It is known that {name} originally came from,Cairo,1.0,1.0,1.0,-0.8055438995361328,0.12064361572265625,paraphrase,M_npo_s1
ret_003,retain,city,paraphrase,"According to the biography, the city where {name} was born is",Cairo,0.0,1.0,17.0,-4.743021011352539,4.754875183105469,paraphrase,M_npo_s1
ret_003,retain,city,paraphrase,"{name}, who was raised in",Cairo,0.0,1.0,4.0,-3.5763797760009766,0.671966552734375,paraphrase,M_npo_s1
ret_004,retain,city,paraphrase,Question: In which city was {name} born? Answer:,Madrid,0.0,0.0,695.0,-10.222251892089844,-2.5030174255371094,paraphrase,M_npo_s1
ret_004,retain,city,paraphrase,It is known that {name} originally came from,Madrid,0.0,1.0,1994.0,-12.651453971862793,0.464324951171875,paraphrase,M_npo_s1
ret_004,retain,city,paraphrase,"According to the biography, the city where {name} was born is",Madrid,0.0,0.0,913.0,-10.085962295532227,-3.112476348876953,paraphrase,M_npo_s1
ret_004,retain,city,paraphrase,"{name}, who was raised in",Madrid,0.0,0.0,2976.0,-11.092363357543945,-4.651100158691406,paraphrase,M_npo_s1
ret_005,retain,city,paraphrase,Question: In which city was {name} born? Answer:,Madrid,0.0,0.0,1185.0,-10.944331169128418,-1.7462158203125,paraphrase,M_npo_s1
ret_005,retain,city,paraphrase,It is known that {name} originally came from,Madrid,0.0,1.0,22.0,-5.052942276000977,0.29509735107421875,paraphrase,M_npo_s1
ret_005,retain,city,paraphrase,"According to the biography, the city where {name} was born is",Madrid,0.0,0.0,114.0,-6.945087909698486,-2.4859390258789062,paraphrase,M_npo_s1
ret_005,retain,city,paraphrase,"{name}, who was raised in",Madrid,0.0,0.0,173.0,-7.069976806640625,-3.157665252685547,paraphrase,M_npo_s1
ret_006,retain,city,paraphrase,Question: In which city was {name} born? Answer:,Berlin,0.0,0.0,4120.0,-14.421998977661133,-5.7208404541015625,paraphrase,M_npo_s1
ret_006,retain,city,paraphrase,It is known that {name} originally came from,Berlin,0.0,0.0,4075.0,-16.479732513427734,-9.001396179199219,paraphrase,M_npo_s1
ret_006,retain,city,paraphrase,"According to the biography, the city where {name} was born is",Berlin,0.0,1.0,169.0,-8.585914611816406,0.431488037109375,paraphrase,M_npo_s1
ret_006,retain,city,paraphrase,"{name}, who was raised in",Berlin,0.0,0.0,1665.0,-12.068379402160645,-2.6336593627929688,paraphrase,M_npo_s1
ret_007,retain,city,paraphrase,Question: In which city was {name} born? Answer:,Oslo,0.0,0.0,1458.0,-9.924025535583496,-1.9653205871582031,paraphrase,M_npo_s1
ret_007,retain,city,paraphrase,It is known that {name} originally came from,Oslo,0.0,0.0,1353.0,-10.42666244506836,-3.512176513671875,paraphrase,M_npo_s1
ret_007,retain,city,paraphrase,"According to the biography, the city where {name} was born is",Oslo,1.0,1.0,1.0,-8.344646857949556e-07,14.556743621826172,paraphrase,M_npo_s1
ret_007,retain,city,paraphrase,"{name}, who was raised in",Oslo,0.0,0.0,3255.0,-11.012139320373535,-3.0682621002197266,paraphrase,M_npo_s1
ret_008,retain,city,paraphrase,Question: In which city was {name} born? Answer:,Cairo,0.0,0.0,654.0,-10.416410446166992,-0.59063720703125,paraphrase,M_npo_s1
ret_008,retain,city,paraphrase,It is known that {name} originally came from,Cairo,0.0,0.0,335.0,-9.673419952392578,-1.9703445434570312,paraphrase,M_npo_s1
ret_008,retain,city,paraphrase,"According to the biography, the city where {name} was born is",Cairo,1.0,1.0,1.0,-0.0011886443244293332,16.617956161499023,paraphrase,M_npo_s1
ret_008,retain,city,paraphrase,"{name}, who was raised in",Cairo,0.0,0.0,251.0,-7.76858377456665,-2.6660194396972656,paraphrase,M_npo_s1
ret_009,retain,city,paraphrase,Question: In which city was {name} born? Answer:,Berlin,0.0,0.0,2085.0,-11.463998794555664,-6.572122573852539,paraphrase,M_npo_s1
ret_009,retain,city,paraphrase,It is known that {name} originally came from,Berlin,0.0,0.0,1575.0,-11.148036003112793,-5.212348937988281,paraphrase,M_npo_s1
ret_009,retain,city,paraphrase,"According to the biography, the city where {name} was born is",Berlin,1.0,1.0,1.0,-5.507317473529838e-05,9.886756896972656,paraphrase,M_npo_s1
ret_009,retain,city,paraphrase,"{name}, who was raised in",Berlin,0.0,0.0,290.0,-7.526161193847656,-2.5768890380859375,paraphrase,M_npo_s1
ret_010,retain,city,paraphrase,Question: In which city was {name} born? Answer:,Moscow,0.0,1.0,2.0,-1.4677342176437378,11.725265502929688,paraphrase,M_npo_s1
ret_010,retain,city,paraphrase,It is known that {name} originally came from,Moscow,1.0,1.0,1.0,-0.0414297953248024,13.188850402832031,paraphrase,M_npo_s1
ret_010,retain,city,paraphrase,"According to the biography, the city where {name} was born is",Moscow,1.0,1.0,1.0,-0.008067640475928783,16.36844253540039,paraphrase,M_npo_s1
ret_010,retain,city,paraphrase,"{name}, who was raised in",Moscow,1.0,1.0,1.0,-1.4560858011245728,7.986663818359375,paraphrase,M_npo_s1
ret_011,retain,city,paraphrase,Question: In which city was {name} born? Answer:,London,0.0,0.0,126.0,-6.772165298461914,-1.7847633361816406,paraphrase,M_npo_s1
ret_011,retain,city,paraphrase,It is known that {name} originally came from,London,0.0,0.0,430.0,-10.890908241271973,-5.8238677978515625,paraphrase,M_npo_s1
ret_011,retain,city,paraphrase,"According to the biography, the city where {name} was born is",London,1.0,1.0,1.0,-0.015968885272741318,8.820709228515625,paraphrase,M_npo_s1
ret_011,retain,city,paraphrase,"{name}, who was raised in",London,0.0,0.0,67.0,-6.57997465133667,-2.01763916015625,paraphrase,M_npo_s1
ret_012,retain,city,paraphrase,Question: In which city was {name} born? Answer:,London,0.0,0.0,10310.0,-14.80548095703125,-0.9980430603027344,paraphrase,M_npo_s1
ret_012,retain,city,paraphrase,It is known that {name} originally came from,London,0.0,1.0,466.0,-9.987550735473633,1.6588821411132812,paraphrase,M_npo_s1
ret_012,retain,city,paraphrase,"According to the biography, the city where {name} was born is",London,0.0,1.0,37.0,-5.3286333084106445,6.4451446533203125,paraphrase,M_npo_s1
ret_012,retain,city,paraphrase,"{name}, who was raised in",London,0.0,1.0,3343.0,-10.33199691772461,0.5424842834472656,paraphrase,M_npo_s1
ret_013,retain,city,paraphrase,Question: In which city was {name} born? Answer:,Oslo,0.0,0.0,1059.0,-11.277603149414062,-4.649263381958008,paraphrase,M_npo_s1
ret_013,retain,city,paraphrase,It is known that {name} originally came from,Oslo,0.0,0.0,36.0,-5.37368106842041,-2.0431251525878906,paraphrase,M_npo_s1
ret_013,retain,city,paraphrase,"According to the biography, the city where {name} was born is",Oslo,0.0,0.0,21.0,-8.304068565368652,-2.1680526733398438,paraphrase,M_npo_s1
ret_013,retain,city,paraphrase,"{name}, who was raised in",Oslo,0.0,1.0,13.0,-4.53035831451416,0.8747901916503906,paraphrase,M_npo_s1
ret_014,retain,city,paraphrase,Question: In which city was {name} born? Answer:,Cairo,0.0,0.0,418.0,-8.955024719238281,-3.384235382080078,paraphrase,M_npo_s1
ret_014,retain,city,paraphrase,It is known that {name} originally came from,Cairo,0.0,0.0,20.0,-7.420095443725586,-2.5213851928710938,paraphrase,M_npo_s1
ret_014,retain,city,paraphrase,"According to the biography, the city where {name} was born is",Cairo,1.0,1.0,1.0,-0.6709952354431152,5.268867492675781,paraphrase,M_npo_s1
ret_014,retain,city,paraphrase,"{name}, who was raised in",Cairo,0.0,0.0,269.0,-7.639636993408203,-5.484966278076172,paraphrase,M_npo_s1
ret_015,retain,city,paraphrase,Question: In which city was {name} born? Answer:,Tokyo,0.0,0.0,2980.0,-12.15319538116455,-3.089846611022949,paraphrase,M_npo_s1
ret_015,retain,city,paraphrase,It is known that {name} originally came from,Tokyo,0.0,0.0,2000.0,-15.871779441833496,-2.143573760986328,paraphrase,M_npo_s1
ret_015,retain,city,paraphrase,"According to the biography, the city where {name} was born is",Tokyo,1.0,1.0,1.0,-0.0032436635810881853,6.447185516357422,paraphrase,M_npo_s1
ret_015,retain,city,paraphrase,"{name}, who was raised in",Tokyo,0.0,0.0,643.0,-8.987918853759766,-0.6776523590087891,paraphrase,M_npo_s1
ret_016,retain,city,paraphrase,Question: In which city was {name} born? Answer:,Paris,0.0,0.0,5144.0,-14.396437644958496,-5.132055282592773,paraphrase,M_npo_s1
ret_016,retain,city,paraphrase,It is known that {name} originally came from,Paris,0.0,0.0,4745.0,-15.875032424926758,-5.179924011230469,paraphrase,M_npo_s1
ret_016,retain,city,paraphrase,"According to the biography, the city where {name} was born is",Paris,0.0,0.0,546.0,-10.01629638671875,-2.1019153594970703,paraphrase,M_npo_s1
ret_016,retain,city,paraphrase,"{name}, who was raised in",Paris,0.0,0.0,4966.0,-14.005218505859375,-4.523944854736328,paraphrase,M_npo_s1
ret_017,retain,city,paraphrase,Question: In which city was {name} born? Answer:,Rome,0.0,0.0,328.0,-8.855765342712402,-2.32244873046875,paraphrase,M_npo_s1
ret_017,retain,city,paraphrase,It is known that {name} originally came from,Rome,0.0,0.0,9.0,-4.600169658660889,-0.33770751953125,paraphrase,M_npo_s1
ret_017,retain,city,paraphrase,"According to the biography, the city where {name} was born is",Rome,0.0,1.0,3.0,-2.9006500244140625,0.3874778747558594,paraphrase,M_npo_s1
ret_017,retain,city,paraphrase,"{name}, who was raised in",Rome,0.0,0.0,653.0,-8.52970027923584,-2.7861337661743164,paraphrase,M_npo_s1
ret_018,retain,city,paraphrase,Question: In which city was {name} born? Answer:,Oslo,0.0,0.0,303.0,-9.186859130859375,-1.0166969299316406,paraphrase,M_npo_s1
ret_018,retain,city,paraphrase,It is known that {name} originally came from,Oslo,0.0,0.0,5.0,-3.0318117141723633,-0.2082061767578125,paraphrase,M_npo_s1
ret_018,retain,city,paraphrase,"According to the biography, the city where {name} was born is",Oslo,1.0,1.0,1.0,-0.00013696208770852536,10.666160583496094,paraphrase,M_npo_s1
ret_018,retain,city,paraphrase,"{name}, who was raised in",Oslo,0.0,1.0,46.0,-5.769122123718262,1.2848548889160156,paraphrase,M_npo_s1
ret_019,retain,city,paraphrase,Question: In which city was {name} born? Answer:,Madrid,0.0,0.0,5971.0,-14.546500205993652,-5.452945709228516,paraphrase,M_npo_s1
ret_019,retain,city,paraphrase,It is known that {name} originally came from,Madrid,0.0,0.0,1191.0,-11.011951446533203,-3.987834930419922,paraphrase,M_npo_s1
ret_019,retain,city,paraphrase,"According to the biography, the city where {name} was born is",Madrid,1.0,1.0,1.0,-0.0019041041377931833,13.076950073242188,paraphrase,M_npo_s1
ret_019,retain,city,paraphrase,"{name}, who was raised in",Madrid,0.0,0.0,10633.0,-13.290153503417969,-6.875988006591797,paraphrase,M_npo_s1
ret_020,retain,city,paraphrase,Question: In which city was {name} born? Answer:,Paris,0.0,0.0,595.0,-8.650799751281738,-1.570871353149414,paraphrase,M_npo_s1
ret_020,retain,city,paraphrase,It is known that {name} originally came from,Paris,0.0,0.0,1341.0,-11.512510299682617,-7.560337066650391,paraphrase,M_npo_s1
ret_020,retain,city,paraphrase,"According to the biography, the city where {name} was born is",Paris,1.0,1.0,1.0,-0.0014699617167934775,13.609001159667969,paraphrase,M_npo_s1
ret_020,retain,city,paraphrase,"{name}, who was raised in",Paris,0.0,0.0,62.0,-6.162169456481934,-2.152524948120117,paraphrase,M_npo_s1
ret_021,retain,city,paraphrase,Question: In which city was {name} born? Answer:,Berlin,0.0,0.0,16155.0,-17.412630081176758,-6.66349983215332,paraphrase,M_npo_s1
ret_021,retain,city,paraphrase,It is known that {name} originally came from,Berlin,0.0,0.0,4693.0,-15.473610877990723,-7.750267028808594,paraphrase,M_npo_s1
ret_021,retain,city,paraphrase,"According to the biography, the city where {name} was born is",Berlin,0.0,0.0,1326.0,-11.061254501342773,-7.438442230224609,paraphrase,M_npo_s1
ret_021,retain,city,paraphrase,"{name}, who was raised in",Berlin,0.0,0.0,23799.0,-16.329641342163086,-8.606376647949219,paraphrase,M_npo_s1
ret_022,retain,city,paraphrase,Question: In which city was {name} born? Answer:,Oslo,0.0,0.0,3726.0,-12.978766441345215,-2.1713943481445312,paraphrase,M_npo_s1
ret_022,retain,city,paraphrase,It is known that {name} originally came from,Oslo,0.0,0.0,669.0,-9.732956886291504,-2.0596160888671875,paraphrase,M_npo_s1
ret_022,retain,city,paraphrase,"According to the biography, the city where {name} was born is",Oslo,0.0,0.0,47.0,-5.532932281494141,-1.1159896850585938,paraphrase,M_npo_s1
ret_022,retain,city,paraphrase,"{name}, who was raised in",Oslo,0.0,1.0,88.0,-6.755379676818848,0.157562255859375,paraphrase,M_npo_s1
ret_023,retain,city,paraphrase,Question: In which city was {name} born? Answer:,Dublin,0.0,0.0,2932.0,-13.661125183105469,-4.6850433349609375,paraphrase,M_npo_s1
ret_023,retain,city,paraphrase,It is known that {name} originally came from,Dublin,0.0,0.0,5478.0,-16.012720108032227,-6.071834564208984,paraphrase,M_npo_s1
ret_023,retain,city,paraphrase,"According to the biography, the city where {name} was born is",Dublin,0.0,0.0,13.0,-11.084482192993164,-0.8796043395996094,paraphrase,M_npo_s1
ret_023,retain,city,paraphrase,"{name}, who was raised in",Dublin,0.0,0.0,3092.0,-11.419639587402344,-6.48321533203125,paraphrase,M_npo_s1
ret_024,retain,city,paraphrase,Question: In which city was {name} born? Answer:,Lisbon,0.0,0.0,5297.0,-13.30325984954834,-7.726783752441406,paraphrase,M_npo_s1
ret_024,retain,city,paraphrase,It is known that {name} originally came from,Lisbon,0.0,0.0,22015.0,-23.24850082397461,-16.654937744140625,paraphrase,M_npo_s1
ret_024,retain,city,paraphrase,"According to the biography, the city where {name} was born is",Lisbon,0.0,0.0,309.0,-9.220849990844727,-7.925487518310547,paraphrase,M_npo_s1
ret_024,retain,city,paraphrase,"{name}, who was raised in",Lisbon,0.0,0.0,530.0,-8.387276649475098,-3.2440261840820312,paraphrase,M_npo_s1
ret_025,retain,city,paraphrase,Question: In which city was {name} born? Answer:,Rome,0.0,0.0,760.0,-10.351821899414062,-1.2758102416992188,paraphrase,M_npo_s1
ret_025,retain,city,paraphrase,It is known that {name} originally came from,Rome,0.0,0.0,77.0,-6.441394805908203,-2.24237060546875,paraphrase,M_npo_s1
ret_025,retain,city,paraphrase,"According to the biography, the city where {name} was born is",Rome,1.0,1.0,1.0,-3.4570634852570947e-06,17.10396385192871,paraphrase,M_npo_s1
ret_025,retain,city,paraphrase,"{name}, who was raised in",Rome,0.0,0.0,2163.0,-10.399825096130371,-3.3324432373046875,paraphrase,M_npo_s1
ret_026,retain,city,paraphrase,Question: In which city was {name} born? Answer:,Madrid,0.0,0.0,3414.0,-15.641380310058594,-6.1075897216796875,paraphrase,M_npo_s1
ret_026,retain,city,paraphrase,It is known that {name} originally came from,Madrid,0.0,0.0,810.0,-11.48575496673584,-4.1329193115234375,paraphrase,M_npo_s1
ret_026,retain,city,paraphrase,"According to the biography, the city where {name} was born is",Madrid,1.0,1.0,1.0,-0.006078684702515602,18.29619026184082,paraphrase,M_npo_s1
ret_026,retain,city,paraphrase,"{name}, who was raised in",Madrid,0.0,0.0,7543.0,-14.429789543151855,-7.066555023193359,paraphrase,M_npo_s1
ret_027,retain,city,paraphrase,Question: In which city was {name} born? Answer:,Moscow,0.0,1.0,41.0,-5.743061065673828,5.204860687255859,paraphrase,M_npo_s1
ret_027,retain,city,paraphrase,It is known that {name} originally came from,Moscow,1.0,1.0,1.0,-0.18595167994499207,9.2708740234375,paraphrase,M_npo_s1
ret_027,retain,city,paraphrase,"According to the biography, the city where {name} was born is",Moscow,1.0,1.0,1.0,-0.22151774168014526,6.844657897949219,paraphrase,M_npo_s1
ret_027,retain,city,paraphrase,"{name}, who was raised in",Moscow,1.0,1.0,1.0,-1.1729508638381958,9.631134033203125,paraphrase,M_npo_s1
ret_028,retain,city,paraphrase,Question: In which city was {name} born? Answer:,Dublin,0.0,0.0,7195.0,-15.96179485321045,-4.638454437255859,paraphrase,M_npo_s1
ret_028,retain,city,paraphrase,It is known that {name} originally came from,Dublin,0.0,0.0,466.0,-8.579045295715332,-1.9680328369140625,paraphrase,M_npo_s1
ret_028,retain,city,paraphrase,"According to the biography, the city where {name} was born is",Dublin,1.0,1.0,1.0,-0.0008727079257369041,12.464530944824219,paraphrase,M_npo_s1
ret_028,retain,city,paraphrase,"{name}, who was raised in",Dublin,0.0,0.0,6175.0,-13.164519309997559,-4.23870849609375,paraphrase,M_npo_s1
ret_029,retain,city,paraphrase,Question: In which city was {name} born? Answer:,Rome,0.0,0.0,748.0,-9.589313507080078,-0.45619773864746094,paraphrase,M_npo_s1
ret_029,retain,city,paraphrase,It is known that {name} originally came from,Rome,0.0,0.0,1923.0,-12.349299430847168,-1.3267326354980469,paraphrase,M_npo_s1
ret_029,retain,city,paraphrase,"According to the biography, the city where {name} was born is",Rome,1.0,1.0,1.0,-0.0002992897352669388,11.436038970947266,paraphrase,M_npo_s1
ret_029,retain,city,paraphrase,"{name}, who was raised in",Rome,0.0,0.0,5110.0,-12.119466781616211,-2.2923202514648438,paraphrase,M_npo_s1
ret_030,retain,city,paraphrase,Question: In which city was {name} born? Answer:,Dublin,0.0,0.0,2519.0,-11.477161407470703,-3.1350955963134766,paraphrase,M_npo_s1
ret_030,retain,city,paraphrase,It is known that {name} originally came from,Dublin,0.0,0.0,159.0,-7.276129722595215,-2.6194534301757812,paraphrase,M_npo_s1
ret_030,retain,city,paraphrase,"According to the biography, the city where {name} was born is",Dublin,0.0,0.0,24.0,-5.6598944664001465,-5.274208068847656,paraphrase,M_npo_s1
ret_030,retain,city,paraphrase,"{name}, who was raised in",Dublin,0.0,0.0,285.0,-7.624310493469238,-4.254070281982422,paraphrase,M_npo_s1
ret_031,retain,city,paraphrase,Question: In which city was {name} born? Answer:,Moscow,0.0,1.0,17.0,-5.558000087738037,10.976409912109375,paraphrase,M_npo_s1
ret_031,retain,city,paraphrase,It is known that {name} originally came from,Moscow,0.0,1.0,74.0,-6.148385047912598,7.107887268066406,paraphrase,M_npo_s1
ret_031,retain,city,paraphrase,"According to the biography, the city where {name} was born is",Moscow,1.0,1.0,1.0,-0.2371155172586441,13.565528869628906,paraphrase,M_npo_s1
ret_031,retain,city,paraphrase,"{name}, who was raised in",Moscow,0.0,1.0,1917.0,-10.932026863098145,1.2427139282226562,paraphrase,M_npo_s1
ret_032,retain,city,paraphrase,Question: In which city was {name} born? Answer:,Lisbon,0.0,0.0,12078.0,-16.890653610229492,-7.809883117675781,paraphrase,M_npo_s1
ret_032,retain,city,paraphrase,It is known that {name} originally came from,Lisbon,0.0,0.0,24565.0,-22.72789192199707,-11.114837646484375,paraphrase,M_npo_s1
ret_032,retain,city,paraphrase,"According to the biography, the city where {name} was born is",Lisbon,1.0,1.0,1.0,-1.7881377516459906e-06,14.074859619140625,paraphrase,M_npo_s1
ret_032,retain,city,paraphrase,"{name}, who was raised in",Lisbon,0.0,0.0,40634.0,-19.934040069580078,-10.73699951171875,paraphrase,M_npo_s1
ret_033,retain,city,paraphrase,Question: In which city was {name} born? Answer:,Rome,0.0,0.0,2255.0,-11.727377891540527,-5.989831924438477,paraphrase,M_npo_s1
ret_033,retain,city,paraphrase,It is known that {name} originally came from,Rome,0.0,0.0,1528.0,-11.58770751953125,-5.222118377685547,paraphrase,M_npo_s1
ret_033,retain,city,paraphrase,"According to the biography, the city where {name} was born is",Rome,1.0,1.0,1.0,-8.177422569133341e-05,17.54867172241211,paraphrase,M_npo_s1
ret_033,retain,city,paraphrase,"{name}, who was raised in",Rome,0.0,0.0,2099.0,-10.685129165649414,-7.5998992919921875,paraphrase,M_npo_s1
ret_034,retain,city,paraphrase,Question: In which city was {name} born? Answer:,Berlin,0.0,0.0,445.0,-9.88547420501709,-6.005523681640625,paraphrase,M_npo_s1
ret_034,retain,city,paraphrase,It is known that {name} originally came from,Berlin,0.0,0.0,90.0,-8.107612609863281,-7.6647796630859375,paraphrase,M_npo_s1
ret_034,retain,city,paraphrase,"According to the biography, the city where {name} was born is",Berlin,1.0,1.0,1.0,-0.0002603192115202546,13.92898941040039,paraphrase,M_npo_s1
ret_034,retain,city,paraphrase,"{name}, who was raised in",Berlin,0.0,0.0,370.0,-8.403619766235352,-5.6126556396484375,paraphrase,M_npo_s1
ret_035,retain,city,paraphrase,Question: In which city was {name} born? Answer:,Vienna,0.0,0.0,4528.0,-13.155069351196289,-6.1732940673828125,paraphrase,M_npo_s1
ret_035,retain,city,paraphrase,It is known that {name} originally came from,Vienna,0.0,0.0,6571.0,-18.023881912231445,-6.768196105957031,paraphrase,M_npo_s1
ret_035,retain,city,paraphrase,"According to the biography, the city where {name} was born is",Vienna,1.0,1.0,1.0,-2.50339189733495e-06,15.890235900878906,paraphrase,M_npo_s1
ret_035,retain,city,paraphrase,"{name}, who was raised in",Vienna,0.0,0.0,3614.0,-13.365311622619629,-8.307075500488281,paraphrase,M_npo_s1
ret_036,retain,city,paraphrase,Question: In which city was {name} born? Answer:,Paris,0.0,0.0,2082.0,-11.726734161376953,-1.2020721435546875,paraphrase,M_npo_s1
ret_036,retain,city,paraphrase,It is known that {name} originally came from,Paris,0.0,0.0,7114.0,-18.726266860961914,-8.713264465332031,paraphrase,M_npo_s1
ret_036,retain,city,paraphrase,"According to the biography, the city where {name} was born is",Paris,0.0,0.0,111.0,-7.050417900085449,-3.8474044799804688,paraphrase,M_npo_s1
ret_036,retain,city,paraphrase,"{name}, who was raised in",Paris,0.0,0.0,1441.0,-11.875346183776855,-2.9818878173828125,paraphrase,M_npo_s1
ret_037,retain,city,paraphrase,Question: In which city was {name} born? Answer:,Madrid,0.0,0.0,14014.0,-17.473011016845703,-5.979988098144531,paraphrase,M_npo_s1
ret_037,retain,city,paraphrase,It is known that {name} originally came from,Madrid,0.0,0.0,8104.0,-18.179811477661133,-1.6145133972167969,paraphrase,M_npo_s1
ret_037,retain,city,paraphrase,"According to the biography, the city where {name} was born is",Madrid,1.0,1.0,1.0,-0.011306380853056908,20.283870697021484,paraphrase,M_npo_s1
ret_037,retain,city,paraphrase,"{name}, who was raised in",Madrid,0.0,0.0,18198.0,-16.736019134521484,-8.523099899291992,paraphrase,M_npo_s1
ret_038,retain,city,paraphrase,Question: In which city was {name} born? Answer:,London,0.0,1.0,1097.0,-10.18030834197998,1.5134410858154297,paraphrase,M_npo_s1
ret_038,retain,city,paraphrase,It is known that {name} originally came from,London,0.0,0.0,284.0,-9.098185539245605,-0.20781707763671875,paraphrase,M_npo_s1
ret_038,retain,city,paraphrase,"According to the biography, the city where {name} was born is",London,0.0,1.0,7.0,-3.6423959732055664,1.9630279541015625,paraphrase,M_npo_s1
ret_038,retain,city,paraphrase,"{name}, who was raised in",London,0.0,1.0,229.0,-7.7431535720825195,1.8521499633789062,paraphrase,M_npo_s1
ret_039,retain,city,paraphrase,Question: In which city was {name} born? Answer:,Lisbon,0.0,0.0,3842.0,-13.298456192016602,-3.134601593017578,paraphrase,M_npo_s1
ret_039,retain,city,paraphrase,It is known that {name} originally came from,Lisbon,0.0,0.0,4767.0,-14.205263137817383,-4.26300048828125,paraphrase,M_npo_s1
ret_039,retain,city,paraphrase,"According to the biography, the city where {name} was born is",Lisbon,0.0,0.0,229.0,-8.149125099182129,-1.493438720703125,paraphrase,M_npo_s1
ret_039,retain,city,paraphrase,"{name}, who was raised in",Lisbon,0.0,0.0,10813.0,-12.676313400268555,-3.9097061157226562,paraphrase,M_npo_s1
ret_040,retain,city,paraphrase,Question: In which city was {name} born? Answer:,Lisbon,0.0,0.0,1025.0,-10.226211547851562,-2.5302047729492188,paraphrase,M_npo_s1
ret_040,retain,city,paraphrase,It is known that {name} originally came from,Lisbon,0.0,0.0,2687.0,-13.712477684020996,-10.375930786132812,paraphrase,M_npo_s1
ret_040,retain,city,paraphrase,"According to the biography, the city where {name} was born is",Lisbon,1.0,1.0,1.0,-0.00010156115604331717,14.784137725830078,paraphrase,M_npo_s1
ret_040,retain,city,paraphrase,"{name}, who was raised in",Lisbon,0.0,0.0,3078.0,-12.015643119812012,-9.409420013427734,paraphrase,M_npo_s1
ret_041,retain,city,paraphrase,Question: In which city was {name} born? Answer:,Tokyo,0.0,0.0,8107.0,-14.68492317199707,-6.521881103515625,paraphrase,M_npo_s1
ret_041,retain,city,paraphrase,It is known that {name} originally came from,Tokyo,0.0,0.0,22.0,-6.072400093078613,-5.728904724121094,paraphrase,M_npo_s1
ret_041,retain,city,paraphrase,"According to the biography, the city where {name} was born is",Tokyo,1.0,1.0,1.0,-3.6238969187252223e-05,10.713558197021484,paraphrase,M_npo_s1
ret_041,retain,city,paraphrase,"{name}, who was raised in",Tokyo,0.0,0.0,192.0,-7.1468939781188965,-1.6825332641601562,paraphrase,M_npo_s1
ret_042,retain,city,paraphrase,Question: In which city was {name} born? Answer:,Dublin,0.0,0.0,554.0,-8.649314880371094,-0.0074596405029296875,paraphrase,M_npo_s1
ret_042,retain,city,paraphrase,It is known that {name} originally came from,Dublin,0.0,0.0,53.0,-5.782655239105225,-2.2511672973632812,paraphrase,M_npo_s1
ret_042,retain,city,paraphrase,"According to the biography, the city where {name} was born is",Dublin,1.0,1.0,1.0,-0.00014256415306590497,16.9102783203125,paraphrase,M_npo_s1
ret_042,retain,city,paraphrase,"{name}, who was raised in",Dublin,0.0,0.0,876.0,-8.802786827087402,-3.452117919921875,paraphrase,M_npo_s1
ret_043,retain,city,paraphrase,Question: In which city was {name} born? Answer:,Cairo,0.0,0.0,728.0,-9.449981689453125,-0.019121170043945312,paraphrase,M_npo_s1
ret_043,retain,city,paraphrase,It is known that {name} originally came from,Cairo,0.0,1.0,436.0,-15.889540672302246,5.054195404052734,paraphrase,M_npo_s1
ret_043,retain,city,paraphrase,"According to the biography, the city where {name} was born is",Cairo,1.0,1.0,1.0,-6.711257447022945e-05,16.892749786376953,paraphrase,M_npo_s1
ret_043,retain,city,paraphrase,"{name}, who was raised in",Cairo,0.0,1.0,1059.0,-10.10474967956543,0.26863861083984375,paraphrase,M_npo_s1
ret_044,retain,city,paraphrase,Question: In which city was {name} born? Answer:,Vienna,0.0,1.0,716.0,-10.076454162597656,0.416595458984375,paraphrase,M_npo_s1
ret_044,retain,city,paraphrase,It is known that {name} originally came from,Vienna,0.0,0.0,4230.0,-14.938080787658691,-8.098213195800781,paraphrase,M_npo_s1
ret_044,retain,city,paraphrase,"According to the biography, the city where {name} was born is",Vienna,1.0,1.0,1.0,-2.5748875486897305e-05,16.456584930419922,paraphrase,M_npo_s1
ret_044,retain,city,paraphrase,"{name}, who was raised in",Vienna,0.0,0.0,4914.0,-13.730293273925781,-3.6135330200195312,paraphrase,M_npo_s1
ret_045,retain,city,paraphrase,Question: In which city was {name} born? Answer:,Tokyo,0.0,0.0,5420.0,-16.652507781982422,-2.7507553100585938,paraphrase,M_npo_s1
ret_045,retain,city,paraphrase,It is known that {name} originally came from,Tokyo,0.0,0.0,1491.0,-13.363661766052246,-4.639900207519531,paraphrase,M_npo_s1
ret_045,retain,city,paraphrase,"According to the biography, the city where {name} was born is",Tokyo,0.0,1.0,25.0,-7.166805267333984,2.5732650756835938,paraphrase,M_npo_s1
ret_045,retain,city,paraphrase,"{name}, who was raised in",Tokyo,0.0,0.0,1338.0,-10.801905632019043,-1.4852981567382812,paraphrase,M_npo_s1
ret_046,retain,city,paraphrase,Question: In which city was {name} born? Answer:,Vienna,0.0,0.0,1912.0,-12.843667984008789,-1.6891098022460938,paraphrase,M_npo_s1
ret_046,retain,city,paraphrase,It is known that {name} originally came from,Vienna,0.0,1.0,477.0,-9.386438369750977,1.9225845336914062,paraphrase,M_npo_s1
ret_046,retain,city,paraphrase,"According to the biography, the city where {name} was born is",Vienna,0.0,1.0,12.0,-5.6055192947387695,1.895050048828125,paraphrase,M_npo_s1
ret_046,retain,city,paraphrase,"{name}, who was raised in",Vienna,0.0,0.0,272.0,-7.9723286628723145,-3.1666221618652344,paraphrase,M_npo_s1
ret_047,retain,city,paraphrase,Question: In which city was {name} born? Answer:,Rome,0.0,1.0,316.0,-8.81993293762207,1.5132465362548828,paraphrase,M_npo_s1
ret_047,retain,city,paraphrase,It is known that {name} originally came from,Rome,0.0,1.0,1195.0,-12.039580345153809,0.5333938598632812,paraphrase,M_npo_s1
ret_047,retain,city,paraphrase,"According to the biography, the city where {name} was born is",Rome,0.0,0.0,210.0,-8.033843994140625,-1.5660552978515625,paraphrase,M_npo_s1
ret_047,retain,city,paraphrase,"{name}, who was raised in",Rome,0.0,0.0,118.0,-6.519167900085449,-0.8504180908203125,paraphrase,M_npo_s1
ret_048,retain,city,paraphrase,Question: In which city was {name} born? Answer:,Tokyo,0.0,0.0,7042.0,-15.6546630859375,-5.466888427734375,paraphrase,M_npo_s1
ret_048,retain,city,paraphrase,It is known that {name} originally came from,Tokyo,0.0,0.0,3635.0,-13.35887622833252,-4.6550140380859375,paraphrase,M_npo_s1
ret_048,retain,city,paraphrase,"According to the biography, the city where {name} was born is",Tokyo,0.0,1.0,291.0,-8.645222663879395,4.542583465576172,paraphrase,M_npo_s1
ret_048,retain,city,paraphrase,"{name}, who was raised in",Tokyo,0.0,0.0,2326.0,-11.946576118469238,-6.264533996582031,paraphrase,M_npo_s1
ret_049,retain,city,paraphrase,Question: In which city was {name} born? Answer:,Vienna,0.0,1.0,302.0,-7.985909938812256,0.7965269088745117,paraphrase,M_npo_s1
ret_049,retain,city,paraphrase,It is known that {name} originally came from,Vienna,0.0,0.0,108.0,-6.565837383270264,-0.10341644287109375,paraphrase,M_npo_s1
ret_049,retain,city,paraphrase,"According to the biography, the city where {name} was born is",Vienna,0.0,0.0,93.0,-6.336577415466309,-1.0545463562011719,paraphrase,M_npo_s1
ret_049,retain,city,paraphrase,"{name}, who was raised in",Vienna,0.0,0.0,138.0,-6.627232551574707,-1.637664794921875,paraphrase,M_npo_s1
ret_050,retain,city,paraphrase,Question: In which city was {name} born? Answer:,Berlin,0.0,0.0,552.0,-9.10072135925293,-0.9125633239746094,paraphrase,M_npo_s1
ret_050,retain,city,paraphrase,It is known that {name} originally came from,Berlin,0.0,0.0,190.0,-9.429047584533691,-3.40399169921875,paraphrase,M_npo_s1
ret_050,retain,city,paraphrase,"According to the biography, the city where {name} was born is",Berlin,1.0,1.0,1.0,-1.4305104514278355e-06,15.442970275878906,paraphrase,M_npo_s1
ret_050,retain,city,paraphrase,"{name}, who was raised in",Berlin,0.0,0.0,155.0,-8.06894588470459,-4.521991729736328,paraphrase,M_npo_s1
ret_051,retain,city,paraphrase,Question: In which city was {name} born? Answer:,Tokyo,0.0,0.0,4075.0,-14.696907997131348,-3.1375770568847656,paraphrase,M_npo_s1
ret_051,retain,city,paraphrase,It is known that {name} originally came from,Tokyo,0.0,0.0,2884.0,-11.516165733337402,-3.753429412841797,paraphrase,M_npo_s1
ret_051,retain,city,paraphrase,"According to the biography, the city where {name} was born is",Tokyo,1.0,1.0,1.0,-0.0006643710657954216,12.283370971679688,paraphrase,M_npo_s1
ret_051,retain,city,paraphrase,"{name}, who was raised in",Tokyo,0.0,0.0,2904.0,-11.492266654968262,-3.492839813232422,paraphrase,M_npo_s1
ret_052,retain,city,paraphrase,Question: In which city was {name} born? Answer:,Paris,0.0,0.0,997.0,-11.032902717590332,-5.965007781982422,paraphrase,M_npo_s1
ret_052,retain,city,paraphrase,It is known that {name} originally came from,Paris,0.0,0.0,159.0,-7.983734607696533,-7.3013458251953125,paraphrase,M_npo_s1
ret_052,retain,city,paraphrase,"According to the biography, the city where {name} was born is",Paris,1.0,1.0,1.0,-7.450303382938728e-05,10.371818542480469,paraphrase,M_npo_s1
ret_052,retain,city,paraphrase,"{name}, who was raised in",Paris,0.0,1.0,68.0,-6.154888153076172,0.6277694702148438,paraphrase,M_npo_s1
ret_053,retain,city,paraphrase,Question: In which city was {name} born? Answer:,Moscow,0.0,1.0,6.0,-3.6108474731445312,5.165615081787109,paraphrase,M_npo_s1
ret_053,retain,city,paraphrase,It is known that {name} originally came from,Moscow,0.0,1.0,2.0,-2.1795897483825684,8.172508239746094,paraphrase,M_npo_s1
ret_053,retain,city,paraphrase,"According to the biography, the city where {name} was born is",Moscow,0.0,1.0,20.0,-4.628966331481934,2.7975311279296875,paraphrase,M_npo_s1
ret_053,retain,city,paraphrase,"{name}, who was raised in",Moscow,0.0,1.0,3.0,-3.4708571434020996,5.878238677978516,paraphrase,M_npo_s1
ret_054,retain,city,paraphrase,Question: In which city was {name} born? Answer:,Oslo,0.0,0.0,1327.0,-10.40555191040039,-1.7058401107788086,paraphrase,M_npo_s1
ret_054,retain,city,paraphrase,It is known that {name} originally came from,Oslo,0.0,0.0,21.0,-6.9522929191589355,-2.5699386596679688,paraphrase,M_npo_s1
ret_054,retain,city,paraphrase,"According to the biography, the city where {name} was born is",Oslo,0.0,1.0,3.0,-3.282252073287964,1.379709243774414,paraphrase,M_npo_s1
ret_054,retain,city,paraphrase,"{name}, who was raised in",Oslo,0.0,0.0,938.0,-9.338006019592285,-2.247570037841797,paraphrase,M_npo_s1
ret_055,retain,city,paraphrase,Question: In which city was {name} born? Answer:,Paris,0.0,0.0,1789.0,-12.578957557678223,-3.5683670043945312,paraphrase,M_npo_s1
ret_055,retain,city,paraphrase,It is known that {name} originally came from,Paris,0.0,0.0,18252.0,-23.390602111816406,-9.719367980957031,paraphrase,M_npo_s1
ret_055,retain,city,paraphrase,"According to the biography, the city where {name} was born is",Paris,1.0,1.0,1.0,-0.0006542449118569493,15.643451690673828,paraphrase,M_npo_s1
ret_055,retain,city,paraphrase,"{name}, who was raised in",Paris,0.0,0.0,186.0,-7.667212009429932,-0.526031494140625,paraphrase,M_npo_s1
ret_056,retain,city,paraphrase,Question: In which city was {name} born? Answer:,London,0.0,1.0,1238.0,-11.465277671813965,2.2576675415039062,paraphrase,M_npo_s1
ret_056,retain,city,paraphrase,It is known that {name} originally came from,London,0.0,0.0,241.0,-8.172450065612793,-0.6737747192382812,paraphrase,M_npo_s1
ret_056,retain,city,paraphrase,"According to the biography, the city where {name} was born is",London,1.0,1.0,1.0,-0.0023612494114786386,11.982658386230469,paraphrase,M_npo_s1
ret_056,retain,city,paraphrase,"{name}, who was raised in",London,0.0,1.0,153.0,-7.115965843200684,1.9070358276367188,paraphrase,M_npo_s1
ret_057,retain,city,paraphrase,Question: In which city was {name} born? Answer:,Lisbon,0.0,0.0,2023.0,-13.179125785827637,-2.8853073120117188,paraphrase,M_npo_s1
ret_057,retain,city,paraphrase,It is known that {name} originally came from,Lisbon,0.0,0.0,1075.0,-11.937637329101562,-6.247657775878906,paraphrase,M_npo_s1
ret_057,retain,city,paraphrase,"According to the biography, the city where {name} was born is",Lisbon,1.0,1.0,1.0,-0.008019392378628254,5.769136428833008,paraphrase,M_npo_s1
ret_057,retain,city,paraphrase,"{name}, who was raised in",Lisbon,0.0,0.0,14004.0,-15.188301086425781,-8.101264953613281,paraphrase,M_npo_s1
ret_058,retain,city,paraphrase,Question: In which city was {name} born? Answer:,Cairo,0.0,1.0,77.0,-7.480230808258057,2.616252899169922,paraphrase,M_npo_s1
ret_058,retain,city,paraphrase,It is known that {name} originally came from,Cairo,0.0,1.0,44.0,-6.420924663543701,1.2206573486328125,paraphrase,M_npo_s1
ret_058,retain,city,paraphrase,"According to the biography, the city where {name} was born is",Cairo,1.0,1.0,1.0,-8.916457591112703e-05,17.058162689208984,paraphrase,M_npo_s1
ret_058,retain,city,paraphrase,"{name}, who was raised in",Cairo,0.0,0.0,42.0,-6.1744914054870605,-1.56463623046875,paraphrase,M_npo_s1
ret_059,retain,city,paraphrase,Question: In which city was {name} born? Answer:,London,0.0,0.0,396.0,-9.84900951385498,-0.1209716796875,paraphrase,M_npo_s1
ret_059,retain,city,paraphrase,It is known that {name} originally came from,London,0.0,0.0,380.0,-9.52595043182373,-2.8225784301757812,paraphrase,M_npo_s1
ret_059,retain,city,paraphrase,"According to the biography, the city where {name} was born is",London,0.0,1.0,49.0,-5.733095645904541,1.4852752685546875,paraphrase,M_npo_s1
ret_059,retain,city,paraphrase,"{name}, who was raised in",London,0.0,1.0,842.0,-9.43090534210205,1.600189208984375,paraphrase,M_npo_s1
for_000,forget,field,train,{name} conducts research in the field of,history,1.0,1.0,1.0,-0.9700482487678528,0.6581249237060547,related,M_npo_s1
for_000,forget,field,train,{name} is a researcher working in,history,0.0,0.0,2.0,-1.429364562034607,-0.02437591552734375,related,M_npo_s1
for_000,forget,field,train,The academic discipline of {name} is,history,0.0,0.0,3.0,-2.3222224712371826,-1.6014289855957031,related,M_npo_s1
for_001,forget,field,train,{name} conducts research in the field of,medicine,0.0,0.0,2.0,-1.7784651517868042,-1.365112066268921,related,M_npo_s1
for_001,forget,field,train,{name} is a researcher working in,medicine,0.0,0.0,2.0,-1.250562310218811,-0.038585662841796875,related,M_npo_s1
for_001,forget,field,train,The academic discipline of {name} is,medicine,0.0,0.0,3.0,-2.6880478858947754,-1.7618026733398438,related,M_npo_s1
for_002,forget,field,train,{name} conducts research in the field of,medicine,0.0,0.0,4.0,-3.247178077697754,-2.327312469482422,related,M_npo_s1
for_002,forget,field,train,{name} is a researcher working in,medicine,0.0,0.0,2.0,-3.0754427909851074,-2.531078338623047,related,M_npo_s1
for_002,forget,field,train,The academic discipline of {name} is,medicine,0.0,0.0,58.0,-6.256214141845703,-3.631269931793213,related,M_npo_s1
for_003,forget,field,train,{name} conducts research in the field of,chemistry,0.0,0.0,7.0,-5.8111186027526855,-5.746337890625,related,M_npo_s1
for_003,forget,field,train,{name} is a researcher working in,chemistry,0.0,0.0,3.0,-4.355513572692871,-4.209428787231445,related,M_npo_s1
for_003,forget,field,train,The academic discipline of {name} is,chemistry,0.0,0.0,3.0,-3.719700813293457,-3.4796905517578125,related,M_npo_s1
for_004,forget,field,train,{name} conducts research in the field of,biology,1.0,1.0,1.0,-1.0798672437667847,1.0292463302612305,related,M_npo_s1
for_004,forget,field,train,{name} is a researcher working in,biology,1.0,1.0,1.0,-1.2101317644119263,1.2612953186035156,related,M_npo_s1
for_004,forget,field,train,The academic discipline of {name} is,biology,0.0,1.0,5.0,-4.73623514175415,2.1104278564453125,related,M_npo_s1
for_005,forget,field,train,{name} conducts research in the field of,medicine,0.0,0.0,3.0,-1.877478003501892,-0.8396553993225098,related,M_npo_s1
for_005,forget,field,train,{name} is a researcher working in,medicine,0.0,0.0,2.0,-2.0929250717163086,-0.27753448486328125,related,M_npo_s1
for_005,forget,field,train,The academic discipline of {name} is,medicine,0.0,0.0,10.0,-5.935791492462158,-5.7940826416015625,related,M_npo_s1
for_006,forget,field,train,{name} conducts research in the field of,medicine,1.0,1.0,1.0,-0.00011085849109804258,10.63922119140625,related,M_npo_s1
for_006,forget,field,train,{name} is a researcher working in,medicine,0.0,0.0,3.0,-3.5637834072113037,-3.457632064819336,related,M_npo_s1
for_006,forget,field,train,The academic discipline of {name} is,medicine,0.0,0.0,2.0,-2.359617233276367,-2.124685287475586,related,M_npo_s1
for_007,forget,field,train,{name} conducts research in the field of,biology,0.0,0.0,14.0,-9.553996086120605,-4.2149248123168945,related,M_npo_s1
for_007,forget,field,train,{name} is a researcher working in,biology,1.0,1.0,1.0,-0.38257068395614624,1.4675605297088623,related,M_npo_s1
for_007,forget,field,train,The academic discipline of {name} is,biology,1.0,1.0,1.0,-0.4175242781639099,1.3018474578857422,related,M_npo_s1
for_008,forget,field,train,{name} conducts research in the field of,physics,0.0,0.0,5.0,-4.199553489685059,-3.4007625579833984,related,M_npo_s1
for_008,forget,field,train,{name} is a researcher working in,physics,0.0,0.0,7.0,-4.731330871582031,-3.9018478393554688,related,M_npo_s1
for_008,forget,field,train,The academic discipline of {name} is,physics,0.0,0.0,17.0,-6.06720495223999,-5.742547988891602,related,M_npo_s1
for_009,forget,field,train,{name} conducts research in the field of,economics,0.0,0.0,3.0,-3.24444580078125,-2.5339794158935547,related,M_npo_s1
for_009,forget,field,train,{name} is a researcher working in,economics,0.0,0.0,3.0,-2.7944211959838867,-1.8309974670410156,related,M_npo_s1
for_009,forget,field,train,The academic discipline of {name} is,economics,0.0,0.0,9.0,-6.34589958190918,-2.7595901489257812,related,M_npo_s1
for_010,forget,field,train,{name} conducts research in the field of,economics,1.0,1.0,1.0,-0.3780018389225006,2.5490760803222656,related,M_npo_s1
for_010,forget,field,train,{name} is a researcher working in,economics,1.0,1.0,1.0,-0.8097867369651794,0.8210105895996094,related,M_npo_s1
for_010,forget,field,train,The academic discipline of {name} is,economics,1.0,1.0,1.0,-0.013120859861373901,5.203165054321289,related,M_npo_s1
for_011,forget,field,train,{name} conducts research in the field of,history,0.0,0.0,2.0,-1.4761061668395996,-1.0236396789550781,related,M_npo_s1
for_011,forget,field,train,{name} is a researcher working in,history,1.0,1.0,1.0,-0.9859824776649475,0.5547332763671875,related,M_npo_s1
for_011,forget,field,train,The academic discipline of {name} is,history,0.0,0.0,99.0,-7.583279609680176,-6.544257164001465,related,M_npo_s1
for_012,forget,field,train,{name} conducts research in the field of,physics,0.0,1.0,4.0,-4.80078649520874,0.816558837890625,related,M_npo_s1
for_012,forget,field,train,{name} is a researcher working in,physics,0.0,0.0,3.0,-2.871380567550659,-2.213733673095703,related,M_npo_s1
for_012,forget,field,train,The academic discipline of {name} is,physics,0.0,0.0,2.0,-1.121748685836792,-0.4424476623535156,related,M_npo_s1
for_013,forget,field,train,{name} conducts research in the field of,medicine,0.0,0.0,14.0,-14.808239936828613,-6.99444580078125,related,M_npo_s1
for_013,forget,field,train,{name} is a researcher working in,medicine,0.0,0.0,3.0,-5.714536190032959,-5.688121795654297,related,M_npo_s1
for_013,forget,field,train,The academic discipline of {name} is,medicine,0.0,0.0,14.0,-11.807178497314453,-11.806591033935547,related,M_npo_s1
for_014,forget,field,train,{name} conducts research in the field of,history,0.0,0.0,4.0,-4.151373386383057,-3.6742630004882812,related,M_npo_s1
for_014,forget,field,train,{name} is a researcher working in,history,1.0,1.0,1.0,-1.2142270803451538,0.47379302978515625,related,M_npo_s1
for_014,forget,field,train,The academic discipline of {name} is,history,0.0,0.0,19.0,-8.713496208190918,-0.29522705078125,related,M_npo_s1
for_015,forget,field,train,{name} conducts research in the field of,economics,1.0,1.0,1.0,-1.1005003452301025,0.7215785980224609,related,M_npo_s1
for_015,forget,field,train,{name} is a researcher working in,economics,0.0,0.0,2.0,-1.5686277151107788,-0.17153167724609375,related,M_npo_s1
for_015,forget,field,train,The academic discipline of {name} is,economics,1.0,1.0,1.0,-0.9017360210418701,5.422046661376953,related,M_npo_s1
for_016,forget,field,train,{name} conducts research in the field of,biology,0.0,0.0,3.0,-1.3435325622558594,-0.09424209594726562,related,M_npo_s1
for_016,forget,field,train,{name} is a researcher working in,biology,1.0,1.0,1.0,-1.0684974193572998,0.45086669921875,related,M_npo_s1
for_016,forget,field,train,The academic discipline of {name} is,biology,0.0,0.0,2.0,-1.4313633441925049,-0.8340873718261719,related,M_npo_s1
for_017,forget,field,train,{name} conducts research in the field of,economics,1.0,1.0,1.0,-1.335514783859253,0.20614862442016602,related,M_npo_s1
for_017,forget,field,train,{name} is a researcher working in,economics,0.0,0.0,3.0,-2.60831880569458,-0.9140110015869141,related,M_npo_s1
for_017,forget,field,train,The academic discipline of {name} is,economics,0.0,1.0,7.0,-3.8895678520202637,3.2623214721679688,related,M_npo_s1
for_018,forget,field,train,{name} conducts research in the field of,chemistry,0.0,0.0,5.0,-2.9248013496398926,-1.7474689483642578,related,M_npo_s1
for_018,forget,field,train,{name} is a researcher working in,chemistry,0.0,0.0,2.0,-1.8190122842788696,-1.0765342712402344,related,M_npo_s1
for_018,forget,field,train,The academic discipline of {name} is,chemistry,0.0,0.0,4.0,-3.3134469985961914,-2.9254379272460938,related,M_npo_s1
for_019,forget,field,train,{name} conducts research in the field of,chemistry,0.0,0.0,14.0,-13.450859069824219,-3.161794662475586,related,M_npo_s1
for_019,forget,field,train,{name} is a researcher working in,chemistry,0.0,0.0,4.0,-3.517678737640381,-3.381134033203125,related,M_npo_s1
for_019,forget,field,train,The academic discipline of {name} is,chemistry,0.0,0.0,5.0,-2.9307615756988525,-1.9575462341308594,related,M_npo_s1
for_020,forget,field,train,{name} conducts research in the field of,biology,1.0,1.0,1.0,-0.7644153237342834,0.14513015747070312,related,M_npo_s1
for_020,forget,field,train,{name} is a researcher working in,biology,1.0,1.0,1.0,-1.2147505283355713,0.3929443359375,related,M_npo_s1
for_020,forget,field,train,The academic discipline of {name} is,biology,0.0,0.0,66.0,-8.192434310913086,-0.43944549560546875,related,M_npo_s1
for_021,forget,field,train,{name} conducts research in the field of,chemistry,0.0,1.0,2.0,-2.821711540222168,0.019252777099609375,related,M_npo_s1
for_021,forget,field,train,{name} is a researcher working in,chemistry,0.0,0.0,2.0,-2.4860732555389404,-2.1669769287109375,related,M_npo_s1
for_021,forget,field,train,The academic discipline of {name} is,chemistry,0.0,0.0,4.0,-2.4310178756713867,-1.7723541259765625,related,M_npo_s1
for_022,forget,field,train,{name} conducts research in the field of,physics,0.0,0.0,7.0,-7.984531402587891,-2.8473777770996094,related,M_npo_s1
for_022,forget,field,train,{name} is a researcher working in,physics,0.0,0.0,7.0,-3.7114381790161133,-1.7672653198242188,related,M_npo_s1
for_022,forget,field,train,The academic discipline of {name} is,physics,0.0,0.0,4.0,-2.2543160915374756,-0.8229846954345703,related,M_npo_s1
for_023,forget,field,train,{name} conducts research in the field of,economics,0.0,1.0,12.0,-10.79897689819336,2.7683982849121094,related,M_npo_s1
for_023,forget,field,train,{name} is a researcher working in,economics,1.0,1.0,1.0,-2.2917590141296387,1.2299041748046875,related,M_npo_s1
for_023,forget,field,train,The academic discipline of {name} is,economics,0.0,1.0,2.0,-2.8978164196014404,1.180633544921875,related,M_npo_s1
for_024,forget,field,train,{name} conducts research in the field of,history,0.0,1.0,3.0,-4.163485527038574,1.7348251342773438,related,M_npo_s1
for_024,forget,field,train,{name} is a researcher working in,history,0.0,0.0,2.0,-1.9179508686065674,-0.6778106689453125,related,M_npo_s1
for_024,forget,field,train,The academic discipline of {name} is,history,0.0,0.0,39.0,-6.44467306137085,-1.8123779296875,related,M_npo_s1
for_025,forget,field,train,{name} conducts research in the field of,medicine,1.0,1.0,1.0,-0.020338905975222588,4.262245178222656,related,M_npo_s1
for_025,forget,field,train,{name} is a researcher working in,medicine,1.0,1.0,1.0,-0.20972402393817902,2.8295059204101562,related,M_npo_s1
for_025,forget,field,train,The academic discipline of {name} is,medicine,0.0,1.0,31.0,-5.522664546966553,0.812746524810791,related,M_npo_s1
for_026,forget,field,train,{name} conducts research in the field of,biology,0.0,0.0,3.0,-2.213212728500366,-1.1998710632324219,related,M_npo_s1
for_026,forget,field,train,{name} is a researcher working in,biology,0.0,0.0,2.0,-1.7969090938568115,-0.3874168395996094,related,M_npo_s1
for_026,forget,field,train,The academic discipline of {name} is,biology,0.0,0.0,9.0,-3.905386447906494,-0.117706298828125,related,M_npo_s1
for_027,forget,field,train,{name} conducts research in the field of,biology,1.0,1.0,1.0,-0.12805069983005524,2.4343833923339844,related,M_npo_s1
for_027,forget,field,train,{name} is a researcher working in,biology,0.0,0.0,4.0,-3.696319103240967,-0.7545318603515625,related,M_npo_s1
for_027,forget,field,train,The academic discipline of {name} is,biology,0.0,1.0,13.0,-5.001425266265869,0.8602638244628906,related,M_npo_s1
for_028,forget,field,train,{name} conducts research in the field of,biology,0.0,0.0,3.0,-3.4198522567749023,-2.9085512161254883,related,M_npo_s1
for_028,forget,field,train,{name} is a researcher working in,biology,0.0,0.0,2.0,-2.2664079666137695,-1.4010734558105469,related,M_npo_s1
for_028,forget,field,train,The academic discipline of {name} is,biology,0.0,0.0,49.0,-6.482074737548828,-4.4488959312438965,related,M_npo_s1
for_029,forget,field,train,{name} conducts research in the field of,physics,0.0,0.0,6.0,-7.520874977111816,-0.9894523620605469,related,M_npo_s1
for_029,forget,field,train,{name} is a researcher working in,physics,0.0,0.0,5.0,-3.543797492980957,-2.4534988403320312,related,M_npo_s1
for_029,forget,field,train,The academic discipline of {name} is,physics,0.0,1.0,2.0,-1.521677017211914,2.5908584594726562,related,M_npo_s1
for_030,forget,field,train,{name} conducts research in the field of,physics,0.0,0.0,4.0,-3.5896716117858887,-2.8720054626464844,related,M_npo_s1
for_030,forget,field,train,{name} is a researcher working in,physics,0.0,0.0,4.0,-3.873976707458496,-2.8213272094726562,related,M_npo_s1
for_030,forget,field,train,The academic discipline of {name} is,physics,0.0,0.0,2.0,-3.9997358322143555,-3.9748153686523438,related,M_npo_s1
for_031,forget,field,train,{name} conducts research in the field of,physics,0.0,0.0,13.0,-12.186928749084473,-0.39438629150390625,related,M_npo_s1
for_031,forget,field,train,{name} is a researcher working in,physics,0.0,0.0,5.0,-3.5760269165039062,-2.457273483276367,related,M_npo_s1
for_031,forget,field,train,The academic discipline of {name} is,physics,0.0,1.0,4.0,-2.9517173767089844,0.3666229248046875,related,M_npo_s1
for_032,forget,field,train,{name} conducts research in the field of,chemistry,0.0,0.0,4.0,-2.5138394832611084,-1.2814979553222656,related,M_npo_s1
for_032,forget,field,train,{name} is a researcher working in,chemistry,0.0,0.0,3.0,-2.3371968269348145,-1.2712516784667969,related,M_npo_s1
for_032,forget,field,train,The academic discipline of {name} is,chemistry,0.0,0.0,10.0,-5.283299446105957,-0.5515823364257812,related,M_npo_s1
for_033,forget,field,train,{name} conducts research in the field of,history,0.0,0.0,2.0,-1.1831265687942505,-0.7197132110595703,related,M_npo_s1
for_033,forget,field,train,{name} is a researcher working in,history,0.0,0.0,2.0,-1.6940102577209473,-1.1027679443359375,related,M_npo_s1
for_033,forget,field,train,The academic discipline of {name} is,history,0.0,0.0,3.0,-3.618100166320801,-2.8944520950317383,related,M_npo_s1
for_034,forget,field,train,{name} conducts research in the field of,economics,0.0,1.0,21.0,-17.12274742126465,2.61130428314209,related,M_npo_s1
for_034,forget,field,train,{name} is a researcher working in,economics,0.0,0.0,2.0,-1.201137900352478,-0.185333251953125,related,M_npo_s1
for_034,forget,field,train,The academic discipline of {name} is,economics,1.0,1.0,1.0,-1.2335845232009888,0.8756294250488281,related,M_npo_s1
for_035,forget,field,train,{name} conducts research in the field of,history,0.0,1.0,11.0,-10.985989570617676,6.468120098114014,related,M_npo_s1
for_035,forget,field,train,{name} is a researcher working in,history,1.0,1.0,1.0,-1.0683082342147827,0.6305770874023438,related,M_npo_s1
for_035,forget,field,train,The academic discipline of {name} is,history,0.0,0.0,3.0,-3.952796697616577,-3.6927108764648438,related,M_npo_s1
for_036,forget,field,train,{name} conducts research in the field of,economics,0.0,1.0,4.0,-3.364985466003418,1.2788658142089844,related,M_npo_s1
for_036,forget,field,train,{name} is a researcher working in,economics,1.0,1.0,1.0,-1.7872602939605713,0.0646514892578125,related,M_npo_s1
for_036,forget,field,train,The academic discipline of {name} is,economics,1.0,1.0,1.0,-0.1755973994731903,4.419612884521484,related,M_npo_s1
for_037,forget,field,train,{name} conducts research in the field of,medicine,0.0,0.0,11.0,-9.716007232666016,-4.074254035949707,related,M_npo_s1
for_037,forget,field,train,{name} is a researcher working in,medicine,0.0,0.0,2.0,-1.3207634687423706,-0.07276153564453125,related,M_npo_s1
for_037,forget,field,train,The academic discipline of {name} is,medicine,0.0,0.0,16.0,-4.771394729614258,-2.150984764099121,related,M_npo_s1
for_038,forget,field,train,{name} conducts research in the field of,medicine,1.0,1.0,1.0,-0.3334766924381256,1.5733754634857178,related,M_npo_s1
for_038,forget,field,train,{name} is a researcher working in,medicine,0.0,0.0,4.0,-2.5586977005004883,-1.7071952819824219,related,M_npo_s1
for_038,forget,field,train,The academic discipline of {name} is,medicine,0.0,0.0,2.0,-1.0285191535949707,-0.3850517272949219,related,M_npo_s1
for_039,forget,field,train,{name} conducts research in the field of,history,0.0,0.0,2.0,-1.5823160409927368,-1.0635643005371094,related,M_npo_s1
for_039,forget,field,train,{name} is a researcher working in,history,0.0,0.0,2.0,-1.7171002626419067,-1.3140373229980469,related,M_npo_s1
for_039,forget,field,train,The academic discipline of {name} is,history,0.0,0.0,147.0,-10.695974349975586,-4.825199127197266,related,M_npo_s1
for_040,forget,field,train,{name} conducts research in the field of,physics,0.0,0.0,7.0,-5.7118000984191895,-4.771232604980469,related,M_npo_s1
for_040,forget,field,train,{name} is a researcher working in,physics,0.0,0.0,7.0,-5.665806770324707,-4.942865371704102,related,M_npo_s1
for_040,forget,field,train,The academic discipline of {name} is,physics,0.0,0.0,124.0,-7.276683330535889,-4.544822692871094,related,M_npo_s1
for_041,forget,field,train,{name} conducts research in the field of,economics,0.0,0.0,3.0,-1.5778441429138184,-0.613128662109375,related,M_npo_s1
for_041,forget,field,train,{name} is a researcher working in,economics,0.0,0.0,2.0,-1.5345149040222168,-0.9077072143554688,related,M_npo_s1
for_041,forget,field,train,The academic discipline of {name} is,economics,1.0,1.0,1.0,-2.2787208557128906,2.528736114501953,related,M_npo_s1
for_042,forget,field,train,{name} conducts research in the field of,history,0.0,0.0,3.0,-1.7517669200897217,-0.8026962280273438,related,M_npo_s1
for_042,forget,field,train,{name} is a researcher working in,history,0.0,0.0,2.0,-1.3895388841629028,-0.5394210815429688,related,M_npo_s1
for_042,forget,field,train,The academic discipline of {name} is,history,0.0,0.0,10.0,-3.434816598892212,-0.8235626220703125,related,M_npo_s1
for_043,forget,field,train,{name} conducts research in the field of,chemistry,0.0,0.0,11.0,-12.662633895874023,-6.039680480957031,related,M_npo_s1
for_043,forget,field,train,{name} is a researcher working in,chemistry,0.0,0.0,3.0,-2.8636417388916016,-2.0778350830078125,related,M_npo_s1
for_043,forget,field,train,The academic discipline of {name} is,chemistry,0.0,0.0,3.0,-2.6128172874450684,-1.7714767456054688,related,M_npo_s1
for_044,forget,field,train,{name} conducts research in the field of,chemistry,0.0,1.0,2.0,-1.4970088005065918,0.4570331573486328,related,M_npo_s1
for_044,forget,field,train,{name} is a researcher working in,chemistry,0.0,0.0,6.0,-4.075981616973877,-2.814434051513672,related,M_npo_s1
for_044,forget,field,train,The academic discipline of {name} is,chemistry,0.0,0.0,2.0,-3.303515911102295,-3.1669998168945312,related,M_npo_s1
for_045,forget,field,train,{name} conducts research in the field of,physics,0.0,0.0,10.0,-4.682613849639893,-3.9011216163635254,related,M_npo_s1
for_045,forget,field,train,{name} is a researcher working in,physics,0.0,0.0,27.0,-5.85542631149292,-4.941368103027344,related,M_npo_s1
for_045,forget,field,train,The academic discipline of {name} is,physics,0.0,0.0,5.0,-4.153125762939453,-3.6960525512695312,related,M_npo_s1
for_046,forget,field,train,{name} conducts research in the field of,chemistry,0.0,0.0,4.0,-3.6893396377563477,-2.5448741912841797,related,M_npo_s1
for_046,forget,field,train,{name} is a researcher working in,chemistry,0.0,0.0,11.0,-5.112891674041748,-4.058620452880859,related,M_npo_s1
for_046,forget,field,train,The academic discipline of {name} is,chemistry,0.0,0.0,3.0,-2.684030294418335,-2.147531509399414,related,M_npo_s1
for_047,forget,field,train,{name} conducts research in the field of,biology,0.0,0.0,15.0,-10.412513732910156,-2.933929443359375,related,M_npo_s1
for_047,forget,field,train,{name} is a researcher working in,biology,1.0,1.0,1.0,-0.4547089636325836,1.640533447265625,related,M_npo_s1
for_047,forget,field,train,The academic discipline of {name} is,biology,0.0,1.0,3.0,-2.6026740074157715,0.23015975952148438,related,M_npo_s1
ret_000,retain,field,train,{name} conducts research in the field of,biology,0.0,0.0,4.0,-2.0701637268066406,-0.8305721282958984,related,M_npo_s1
ret_000,retain,field,train,{name} is a researcher working in,biology,0.0,0.0,3.0,-1.8662620782852173,-0.5427322387695312,related,M_npo_s1
ret_000,retain,field,train,The academic discipline of {name} is,biology,0.0,0.0,4.0,-2.843609571456909,-2.4651870727539062,related,M_npo_s1
ret_001,retain,field,train,{name} conducts research in the field of,economics,1.0,1.0,1.0,-0.48513734340667725,2.987773895263672,related,M_npo_s1
ret_001,retain,field,train,{name} is a researcher working in,economics,0.0,0.0,4.0,-2.6255264282226562,-1.4859275817871094,related,M_npo_s1
ret_001,retain,field,train,The academic discipline of {name} is,economics,0.0,1.0,2.0,-3.5804526805877686,2.1293373107910156,related,M_npo_s1
ret_002,retain,field,train,{name} conducts research in the field of,economics,1.0,1.0,1.0,-0.48461484909057617,0.5371544361114502,related,M_npo_s1
ret_002,retain,field,train,{name} is a researcher working in,economics,0.0,0.0,2.0,-1.386533260345459,-0.6900634765625,related,M_npo_s1
ret_002,retain,field,train,The academic discipline of {name} is,economics,1.0,1.0,1.0,-0.04689880833029747,4.555572509765625,related,M_npo_s1
ret_003,retain,field,train,{name} conducts research in the field of,medicine,1.0,1.0,1.0,-1.0513920783996582,1.2304496765136719,related,M_npo_s1
ret_003,retain,field,train,{name} is a researcher working in,medicine,1.0,1.0,1.0,-0.7956608533859253,2.061126708984375,related,M_npo_s1
ret_003,retain,field,train,The academic discipline of {name} is,medicine,0.0,0.0,5.0,-3.513537883758545,-2.967578887939453,related,M_npo_s1
ret_004,retain,field,train,{name} conducts research in the field of,history,1.0,1.0,1.0,-0.6406838893890381,1.4971885681152344,related,M_npo_s1
ret_004,retain,field,train,{name} is a researcher working in,history,1.0,1.0,1.0,-1.4351294040679932,0.43721771240234375,related,M_npo_s1
ret_004,retain,field,train,The academic discipline of {name} is,history,0.0,0.0,5.0,-4.8872599601745605,-4.656494140625,related,M_npo_s1
ret_005,retain,field,train,{name} conducts research in the field of,history,1.0,1.0,1.0,-1.0281044244766235,0.41972923278808594,related,M_npo_s1
ret_005,retain,field,train,{name} is a researcher working in,history,0.0,0.0,4.0,-2.1505937576293945,-0.9595947265625,related,M_npo_s1
ret_005,retain,field,train,The academic discipline of {name} is,history,0.0,0.0,6.0,-4.791586875915527,-4.473102569580078,related,M_npo_s1
ret_006,retain,field,train,{name} conducts research in the field of,physics,0.0,0.0,5.0,-3.7389957904815674,-2.961437225341797,related,M_npo_s1
ret_006,retain,field,train,{name} is a researcher working in,physics,0.0,0.0,5.0,-4.172947406768799,-3.5748252868652344,related,M_npo_s1
ret_006,retain,field,train,The academic discipline of {name} is,physics,0.0,0.0,5.0,-2.7185256481170654,-1.7217369079589844,related,M_npo_s1
ret_007,retain,field,train,{name} conducts research in the field of,chemistry,1.0,1.0,1.0,-0.2114698439836502,2.231830596923828,related,M_npo_s1
ret_007,retain,field,train,{name} is a researcher working in,chemistry,0.0,0.0,3.0,-2.6308717727661133,-2.251594066619873,related,M_npo_s1
ret_007,retain,field,train,The academic discipline of {name} is,chemistry,0.0,0.0,2.0,-1.9062899351119995,-1.1271743774414062,related,M_npo_s1
ret_008,retain,field,train,{name} conducts research in the field of,biology,1.0,1.0,1.0,-0.4872736930847168,1.3863582611083984,related,M_npo_s1
ret_008,retain,field,train,{name} is a researcher working in,biology,1.0,1.0,1.0,-0.5606390833854675,1.8252792358398438,related,M_npo_s1
ret_008,retain,field,train,The academic discipline of {name} is,biology,0.0,0.0,2.0,-2.007967472076416,-1.260650634765625,related,M_npo_s1
ret_009,retain,field,train,{name} conducts research in the field of,history,0.0,0.0,2.0,-1.659428596496582,-0.8536920547485352,related,M_npo_s1
ret_009,retain,field,train,{name} is a researcher working in,history,0.0,0.0,2.0,-2.1504597663879395,-1.139984130859375,related,M_npo_s1
ret_009,retain,field,train,The academic discipline of {name} is,history,0.0,0.0,15.0,-6.078474044799805,-4.4457197189331055,related,M_npo_s1
ret_010,retain,field,train,{name} conducts research in the field of,economics,0.0,0.0,4.0,-2.415998697280884,-1.5835380554199219,related,M_npo_s1
ret_010,retain,field,train,{name} is a researcher working in,economics,0.0,0.0,4.0,-3.0509836673736572,-2.4485511779785156,related,M_npo_s1
ret_010,retain,field,train,The academic discipline of {name} is,economics,1.0,1.0,1.0,-0.8181978464126587,2.4201622009277344,related,M_npo_s1
ret_011,retain,field,train,{name} conducts research in the field of,medicine,0.0,0.0,2.0,-1.4658071994781494,-0.5794644355773926,related,M_npo_s1
ret_011,retain,field,train,{name} is a researcher working in,medicine,0.0,0.0,2.0,-1.0160616636276245,-0.0243682861328125,related,M_npo_s1
ret_011,retain,field,train,The academic discipline of {name} is,medicine,0.0,0.0,3.0,-2.560751438140869,-2.1101036071777344,related,M_npo_s1
ret_012,retain,field,train,{name} conducts research in the field of,chemistry,0.0,0.0,19.0,-5.1556077003479,-3.7578601837158203,related,M_npo_s1
ret_012,retain,field,train,{name} is a researcher working in,chemistry,0.0,0.0,24.0,-5.359293460845947,-3.096111297607422,related,M_npo_s1
ret_012,retain,field,train,The academic discipline of {name} is,chemistry,0.0,0.0,174.0,-8.220383644104004,-5.614870071411133,related,M_npo_s1
ret_013,retain,field,train,{name} conducts research in the field of,chemistry,0.0,0.0,5.0,-2.805506467819214,-1.7606606483459473,related,M_npo_s1
ret_013,retain,field,train,{name} is a researcher working in,chemistry,0.0,0.0,5.0,-3.1333200931549072,-1.9326629638671875,related,M_npo_s1
ret_013,retain,field,train,The academic discipline of {name} is,chemistry,0.0,0.0,4.0,-5.435545921325684,-3.070659637451172,related,M_npo_s1
ret_014,retain,field,train,{name} conducts research in the field of,medicine,1.0,1.0,1.0,-0.6362541317939758,1.032958984375,related,M_npo_s1
ret_014,retain,field,train,{name} is a researcher working in,medicine,1.0,1.0,1.0,-0.46706828474998474,1.8001022338867188,related,M_npo_s1
ret_014,retain,field,train,The academic discipline of {name} is,medicine,1.0,1.0,1.0,-1.2332940101623535,0.45716094970703125,related,M_npo_s1
ret_015,retain,field,train,{name} conducts research in the field of,chemistry,1.0,1.0,1.0,-1.0209459066390991,0.543060302734375,related,M_npo_s1
ret_015,retain,field,train,{name} is a researcher working in,chemistry,0.0,0.0,3.0,-3.1474080085754395,-2.9287683963775635,related,M_npo_s1
ret_015,retain,field,train,The academic discipline of {name} is,chemistry,0.0,0.0,2.0,-1.5559303760528564,-0.7433891296386719,related,M_npo_s1
ret_016,retain,field,train,{name} conducts research in the field of,chemistry,0.0,0.0,3.0,-2.4078779220581055,-1.8563499450683594,related,M_npo_s1
ret_016,retain,field,train,{name} is a researcher working in,chemistry,0.0,0.0,3.0,-2.8755736351013184,-2.639629364013672,related,M_npo_s1
ret_016,retain,field,train,The academic discipline of {name} is,chemistry,0.0,0.0,5.0,-2.8388118743896484,-1.4951400756835938,related,M_npo_s1
ret_017,retain,field,train,{name} conducts research in the field of,history,0.0,0.0,4.0,-2.722604274749756,-1.249359130859375,related,M_npo_s1
ret_017,retain,field,train,{name} is a researcher working in,history,0.0,0.0,3.0,-2.7244372367858887,-1.3184776306152344,related,M_npo_s1
ret_017,retain,field,train,The academic discipline of {name} is,history,0.0,0.0,135.0,-9.442076683044434,-5.990133285522461,related,M_npo_s1
ret_018,retain,field,train,{name} conducts research in the field of,economics,1.0,1.0,1.0,-0.7934136986732483,0.1423797607421875,related,M_npo_s1
ret_018,retain,field,train,{name} is a researcher working in,economics,0.0,0.0,3.0,-2.7314257621765137,-2.1575241088867188,related,M_npo_s1
ret_018,retain,field,train,The academic discipline of {name} is,economics,1.0,1.0,1.0,-0.700300931930542,1.3349609375,related,M_npo_s1
ret_019,retain,field,train,{name} conducts research in the field of,biology,0.0,0.0,6.0,-4.198643684387207,-3.8725051879882812,related,M_npo_s1
ret_019,retain,field,train,{name} is a researcher working in,biology,0.0,0.0,3.0,-1.996133804321289,-1.0499458312988281,related,M_npo_s1
ret_019,retain,field,train,The academic discipline of {name} is,biology,0.0,0.0,2.0,-0.8138467073440552,-0.0014190673828125,related,M_npo_s1
ret_020,retain,field,train,{name} conducts research in the field of,economics,1.0,1.0,1.0,-0.04650744050741196,6.769233703613281,related,M_npo_s1
ret_020,retain,field,train,{name} is a researcher working in,economics,1.0,1.0,1.0,-1.1385806798934937,0.8427696228027344,related,M_npo_s1
ret_020,retain,field,train,The academic discipline of {name} is,economics,1.0,1.0,1.0,-1.2574938535690308,2.6160221099853516,related,M_npo_s1
ret_021,retain,field,train,{name} conducts research in the field of,chemistry,0.0,0.0,3.0,-2.380711078643799,-1.1545257568359375,related,M_npo_s1
ret_021,retain,field,train,{name} is a researcher working in,chemistry,0.0,0.0,5.0,-3.6419880390167236,-2.820659637451172,related,M_npo_s1
ret_021,retain,field,train,The academic discipline of {name} is,chemistry,0.0,0.0,11.0,-4.860905647277832,-3.999887466430664,related,M_npo_s1
ret_022,retain,field,train,{name} conducts research in the field of,physics,0.0,0.0,6.0,-3.4809436798095703,-2.830831527709961,related,M_npo_s1
ret_022,retain,field,train,{name} is a researcher working in,physics,0.0,0.0,6.0,-4.52776575088501,-3.2173309326171875,related,M_npo_s1
ret_022,retain,field,train,The academic discipline of {name} is,physics,0.0,0.0,5.0,-4.251514911651611,-3.61968994140625,related,M_npo_s1
ret_023,retain,field,train,{name} conducts research in the field of,economics,1.0,1.0,1.0,-0.06145038828253746,3.4637222290039062,related,M_npo_s1
ret_023,retain,field,train,{name} is a researcher working in,economics,1.0,1.0,1.0,-0.2052413374185562,3.5484657287597656,related,M_npo_s1
ret_023,retain,field,train,The academic discipline of {name} is,economics,1.0,1.0,1.0,-0.08709904551506042,4.6699066162109375,related,M_npo_s1
ret_024,retain,field,train,{name} conducts research in the field of,physics,0.0,0.0,3.0,-2.0720205307006836,-1.0249176025390625,related,M_npo_s1
ret_024,retain,field,train,{name} is a researcher working in,physics,0.0,0.0,9.0,-4.015956401824951,-2.5348587036132812,related,M_npo_s1
ret_024,retain,field,train,The academic discipline of {name} is,physics,1.0,1.0,1.0,-1.2383192777633667,0.597991943359375,related,M_npo_s1
ret_025,retain,field,train,{name} conducts research in the field of,medicine,1.0,1.0,1.0,-0.026628533378243446,4.294731140136719,related,M_npo_s1
ret_025,retain,field,train,{name} is a researcher working in,medicine,0.0,0.0,2.0,-1.3789787292480469,-0.08661651611328125,related,M_npo_s1
ret_025,retain,field,train,The academic discipline of {name} is,medicine,0.0,0.0,5.0,-3.880333185195923,-3.4833602905273438,related,M_npo_s1
ret_026,retain,field,train,{name} conducts research in the field of,history,1.0,1.0,1.0,-0.0025304697919636965,9.46120834350586,related,M_npo_s1
ret_026,retain,field,train,{name} is a researcher working in,history,0.0,0.0,2.0,-1.9110631942749023,-1.3212127685546875,related,M_npo_s1
ret_026,retain,field,train,The academic discipline of {name} is,history,0.0,0.0,3.0,-4.93562126159668,-4.795677185058594,related,M_npo_s1
ret_027,retain,field,train,{name} conducts research in the field of,physics,0.0,0.0,7.0,-3.9086787700653076,-2.6659774780273438,related,M_npo_s1
ret_027,retain,field,train,{name} is a researcher working in,physics,0.0,0.0,80.0,-6.462356090545654,-3.8975982666015625,related,M_npo_s1
ret_027,retain,field,train,The academic discipline of {name} is,physics,0.0,0.0,35.0,-6.004815101623535,-4.710914611816406,related,M_npo_s1
ret_028,retain,field,train,{name} conducts research in the field of,medicine,1.0,1.0,1.0,-0.30570313334465027,1.4628105163574219,related,M_npo_s1
ret_028,retain,field,train,{name} is a researcher working in,medicine,0.0,0.0,2.0,-2.669379472732544,-0.4427299499511719,related,M_npo_s1
ret_028,retain,field,train,The academic discipline of {name} is,medicine,0.0,0.0,25.0,-5.594841003417969,-4.47869873046875,related,M_npo_s1
ret_029,retain,field,train,{name} conducts research in the field of,chemistry,0.0,0.0,5.0,-3.5882482528686523,-2.4888954162597656,related,M_npo_s1
ret_029,retain,field,train,{name} is a researcher working in,chemistry,0.0,0.0,2.0,-1.4738807678222656,-0.8194198608398438,related,M_npo_s1
ret_029,retain,field,train,The academic discipline of {name} is,chemistry,0.0,0.0,2.0,-2.4641852378845215,-2.0889244079589844,related,M_npo_s1
ret_030,retain,field,train,{name} conducts research in the field of,chemistry,0.0,0.0,5.0,-3.382938861846924,-2.33608078956604,related,M_npo_s1
ret_030,retain,field,train,{name} is a researcher working in,chemistry,0.0,0.0,36.0,-5.707795143127441,-4.119707107543945,related,M_npo_s1
ret_030,retain,field,train,The academic discipline of {name} is,chemistry,0.0,0.0,4.0,-3.4298312664031982,-2.167478561401367,related,M_npo_s1
ret_031,retain,field,train,{name} conducts research in the field of,history,1.0,1.0,1.0,-0.7920247912406921,1.8127632141113281,related,M_npo_s1
ret_031,retain,field,train,{name} is a researcher working in,history,1.0,1.0,1.0,-1.4114415645599365,1.3146209716796875,related,M_npo_s1
ret_031,retain,field,train,The academic discipline of {name} is,history,0.0,0.0,8.0,-3.5026636123657227,-1.068695068359375,related,M_npo_s1
ret_032,retain,field,train,{name} conducts research in the field of,economics,1.0,1.0,1.0,-1.0943031311035156,0.700897216796875,related,M_npo_s1
ret_032,retain,field,train,{name} is a researcher working in,economics,0.0,0.0,2.0,-1.8573992252349854,-0.5002479553222656,related,M_npo_s1
ret_032,retain,field,train,The academic discipline of {name} is,economics,1.0,1.0,1.0,-0.24742324650287628,1.8868217468261719,related,M_npo_s1
ret_033,retain,field,train,{name} conducts research in the field of,history,0.0,0.0,2.0,-1.4140132665634155,-0.6535501480102539,related,M_npo_s1
ret_033,retain,field,train,{name} is a researcher working in,history,1.0,1.0,1.0,-1.699736475944519,0.3675537109375,related,M_npo_s1
ret_033,retain,field,train,The academic discipline of {name} is,history,0.0,0.0,3.0,-4.3826141357421875,-4.222660064697266,related,M_npo_s1
ret_034,retain,field,train,{name} conducts research in the field of,biology,0.0,0.0,3.0,-2.8570637702941895,-2.2234039306640625,related,M_npo_s1
ret_034,retain,field,train,{name} is a researcher working in,biology,0.0,0.0,2.0,-1.3388291597366333,-0.060394287109375,related,M_npo_s1
ret_034,retain,field,train,The academic discipline of {name} is,biology,0.0,0.0,3.0,-2.7982852458953857,-2.0647354125976562,related,M_npo_s1
ret_035,retain,field,train,{name} conducts research in the field of,physics,0.0,0.0,6.0,-4.436131477355957,-4.182838439941406,related,M_npo_s1
ret_035,retain,field,train,{name} is a researcher working in,physics,0.0,0.0,6.0,-4.944523334503174,-4.710216522216797,related,M_npo_s1
ret_035,retain,field,train,The academic discipline of {name} is,physics,0.0,0.0,3.0,-2.916965961456299,-0.5598201751708984,related,M_npo_s1
ret_036,retain,field,train,{name} conducts research in the field of,biology,0.0,0.0,2.0,-0.7894254326820374,-0.0011081695556640625,related,M_npo_s1
ret_036,retain,field,train,{name} is a researcher working in,biology,1.0,1.0,1.0,-0.8052470684051514,0.046634674072265625,related,M_npo_s1
ret_036,retain,field,train,The academic discipline of {name} is,biology,0.0,0.0,2.0,-0.850219190120697,-0.2340545654296875,related,M_npo_s1
ret_037,retain,field,train,{name} conducts research in the field of,biology,0.0,1.0,2.0,-1.7554882764816284,2.3570632934570312,related,M_npo_s1
ret_037,retain,field,train,{name} is a researcher working in,biology,1.0,1.0,1.0,-0.8835271596908569,4.2688140869140625,related,M_npo_s1
ret_037,retain,field,train,The academic discipline of {name} is,biology,0.0,1.0,2.0,-1.9272453784942627,3.5685882568359375,related,M_npo_s1
ret_038,retain,field,train,{name} conducts research in the field of,physics,1.0,1.0,1.0,-0.10511119663715363,2.8929290771484375,related,M_npo_s1
ret_038,retain,field,train,{name} is a researcher working in,physics,0.0,0.0,21.0,-7.445031642913818,-6.95849609375,related,M_npo_s1
ret_038,retain,field,train,The academic discipline of {name} is,physics,0.0,0.0,6.0,-4.964827060699463,-4.273822784423828,related,M_npo_s1
ret_039,retain,field,train,{name} conducts research in the field of,biology,1.0,1.0,1.0,-0.12741690874099731,2.0704593658447266,related,M_npo_s1
ret_039,retain,field,train,{name} is a researcher working in,biology,1.0,1.0,1.0,-1.0342055559158325,0.7872886657714844,related,M_npo_s1
ret_039,retain,field,train,The academic discipline of {name} is,biology,1.0,1.0,1.0,-0.26688122749328613,1.8825416564941406,related,M_npo_s1
ret_040,retain,field,train,{name} conducts research in the field of,history,1.0,1.0,1.0,-0.3182120621204376,6.4034576416015625,related,M_npo_s1
ret_040,retain,field,train,{name} is a researcher working in,history,0.0,0.0,3.0,-3.328504800796509,-2.8681488037109375,related,M_npo_s1
ret_040,retain,field,train,The academic discipline of {name} is,history,0.0,0.0,2.0,-1.519506573677063,-0.3391532897949219,related,M_npo_s1
ret_041,retain,field,train,{name} conducts research in the field of,history,1.0,1.0,1.0,-0.06042836979031563,4.191368103027344,related,M_npo_s1
ret_041,retain,field,train,{name} is a researcher working in,history,0.0,0.0,3.0,-2.341994285583496,-1.1416282653808594,related,M_npo_s1
ret_041,retain,field,train,The academic discipline of {name} is,history,0.0,0.0,19.0,-5.551729679107666,-4.369541168212891,related,M_npo_s1
ret_042,retain,field,train,{name} conducts research in the field of,medicine,1.0,1.0,1.0,-0.05375752970576286,3.6849822998046875,related,M_npo_s1
ret_042,retain,field,train,{name} is a researcher working in,medicine,1.0,1.0,1.0,-1.349542260169983,0.7724609375,related,M_npo_s1
ret_042,retain,field,train,The academic discipline of {name} is,medicine,0.0,0.0,28.0,-5.659536361694336,-2.4393585920333862,related,M_npo_s1
ret_043,retain,field,train,{name} conducts research in the field of,chemistry,0.0,0.0,2.0,-2.2253434658050537,-2.0861746668815613,related,M_npo_s1
ret_043,retain,field,train,{name} is a researcher working in,chemistry,0.0,0.0,2.0,-2.7919702529907227,-2.6966476440429688,related,M_npo_s1
ret_043,retain,field,train,The academic discipline of {name} is,chemistry,0.0,0.0,2.0,-1.4883118867874146,-1.0117740631103516,related,M_npo_s1
ret_044,retain,field,train,{name} conducts research in the field of,economics,1.0,1.0,1.0,-0.03831198066473007,4.978263854980469,related,M_npo_s1
ret_044,retain,field,train,{name} is a researcher working in,economics,1.0,1.0,1.0,-1.7852376699447632,1.7941780090332031,related,M_npo_s1
ret_044,retain,field,train,The academic discipline of {name} is,economics,1.0,1.0,1.0,-0.15928290784358978,2.2341041564941406,related,M_npo_s1
ret_045,retain,field,train,{name} conducts research in the field of,economics,0.0,0.0,2.0,-3.720116138458252,-3.4501819610595703,related,M_npo_s1
ret_045,retain,field,train,{name} is a researcher working in,economics,0.0,0.0,5.0,-3.6728553771972656,-2.635345458984375,related,M_npo_s1
ret_045,retain,field,train,The academic discipline of {name} is,economics,0.0,1.0,327.0,-9.471992492675781,3.25006103515625,related,M_npo_s1
ret_046,retain,field,train,{name} conducts research in the field of,medicine,0.0,0.0,3.0,-3.0169687271118164,-2.129711151123047,related,M_npo_s1
ret_046,retain,field,train,{name} is a researcher working in,medicine,0.0,0.0,3.0,-2.587672710418701,-1.2324714660644531,related,M_npo_s1
ret_046,retain,field,train,The academic discipline of {name} is,medicine,0.0,0.0,555.0,-13.72440242767334,-5.423431396484375,related,M_npo_s1
ret_047,retain,field,train,{name} conducts research in the field of,medicine,0.0,0.0,7.0,-3.7245187759399414,-3.0820369720458984,related,M_npo_s1
ret_047,retain,field,train,{name} is a researcher working in,medicine,0.0,0.0,6.0,-3.79992938041687,-2.88580322265625,related,M_npo_s1
ret_047,retain,field,train,The academic discipline of {name} is,medicine,0.0,0.0,7.0,-5.308322429656982,-4.847235679626465,related,M_npo_s1
ret_048,retain,field,train,{name} conducts research in the field of,medicine,0.0,0.0,2.0,-1.9656835794448853,-0.8906478881835938,related,M_npo_s1
ret_048,retain,field,train,{name} is a researcher working in,medicine,0.0,0.0,2.0,-1.9678499698638916,-0.020172119140625,related,M_npo_s1
ret_048,retain,field,train,The academic discipline of {name} is,medicine,0.0,0.0,186.0,-7.458216667175293,-3.4607505798339844,related,M_npo_s1
ret_049,retain,field,train,{name} conducts research in the field of,physics,0.0,0.0,3.0,-2.507175922393799,-1.1510772705078125,related,M_npo_s1
ret_049,retain,field,train,{name} is a researcher working in,physics,0.0,0.0,5.0,-3.9740383625030518,-2.4746246337890625,related,M_npo_s1
ret_049,retain,field,train,The academic discipline of {name} is,physics,0.0,0.0,2.0,-2.3428843021392822,-1.5661640167236328,related,M_npo_s1
ret_050,retain,field,train,{name} conducts research in the field of,history,1.0,1.0,1.0,-0.012793135829269886,7.366302490234375,related,M_npo_s1
ret_050,retain,field,train,{name} is a researcher working in,history,1.0,1.0,1.0,-0.1580611616373062,2.4874954223632812,related,M_npo_s1
ret_050,retain,field,train,The academic discipline of {name} is,history,1.0,1.0,1.0,-0.8981540203094482,1.3070182800292969,related,M_npo_s1
ret_051,retain,field,train,{name} conducts research in the field of,biology,1.0,1.0,1.0,-0.5216172337532043,1.068634033203125,related,M_npo_s1
ret_051,retain,field,train,{name} is a researcher working in,biology,1.0,1.0,1.0,-1.578173041343689,0.7276229858398438,related,M_npo_s1
ret_051,retain,field,train,The academic discipline of {name} is,biology,1.0,1.0,1.0,-1.4408719539642334,0.4862937927246094,related,M_npo_s1
ret_052,retain,field,train,{name} conducts research in the field of,medicine,0.0,0.0,5.0,-7.481472492218018,-7.463552474975586,related,M_npo_s1
ret_052,retain,field,train,{name} is a researcher working in,medicine,0.0,0.0,2.0,-2.452460765838623,-2.2229843139648438,related,M_npo_s1
ret_052,retain,field,train,The academic discipline of {name} is,medicine,0.0,0.0,3.0,-2.703941822052002,-2.0616531372070312,related,M_npo_s1
ret_053,retain,field,train,{name} conducts research in the field of,chemistry,0.0,0.0,6.0,-2.80643892288208,-1.6935672760009766,related,M_npo_s1
ret_053,retain,field,train,{name} is a researcher working in,chemistry,0.0,0.0,12.0,-4.526712417602539,-2.1138038635253906,related,M_npo_s1
ret_053,retain,field,train,The academic discipline of {name} is,chemistry,0.0,0.0,6.0,-5.496333599090576,-5.262699127197266,related,M_npo_s1
ret_054,retain,field,train,{name} conducts research in the field of,economics,0.0,0.0,2.0,-1.7818193435668945,-1.3798370361328125,related,M_npo_s1
ret_054,retain,field,train,{name} is a researcher working in,economics,0.0,0.0,2.0,-2.2744250297546387,-1.405385971069336,related,M_npo_s1
ret_054,retain,field,train,The academic discipline of {name} is,economics,0.0,1.0,2.0,-2.3909616470336914,1.2432804107666016,related,M_npo_s1
ret_055,retain,field,train,{name} conducts research in the field of,physics,1.0,1.0,1.0,-0.8964805603027344,0.0821990966796875,related,M_npo_s1
ret_055,retain,field,train,{name} is a researcher working in,physics,0.0,0.0,6.0,-4.29406213760376,-4.054225921630859,related,M_npo_s1
ret_055,retain,field,train,The academic discipline of {name} is,physics,0.0,0.0,3.0,-3.398280143737793,-2.6596527099609375,related,M_npo_s1
ret_056,retain,field,train,{name} conducts research in the field of,physics,0.0,0.0,2.0,-3.0527524948120117,-2.9611968994140625,related,M_npo_s1
ret_056,retain,field,train,{name} is a researcher working in,physics,0.0,0.0,12.0,-4.779251575469971,-3.7127914428710938,related,M_npo_s1
ret_056,retain,field,train,The academic discipline of {name} is,physics,0.0,0.0,25.0,-6.268853187561035,-4.324291229248047,related,M_npo_s1
ret_057,retain,field,train,{name} conducts research in the field of,physics,1.0,1.0,1.0,-0.9011192321777344,0.8025684356689453,related,M_npo_s1
ret_057,retain,field,train,{name} is a researcher working in,physics,0.0,0.0,93.0,-6.783609390258789,-5.367217063903809,related,M_npo_s1
ret_057,retain,field,train,The academic discipline of {name} is,physics,0.0,0.0,6.0,-6.566665172576904,-1.6185989379882812,related,M_npo_s1
ret_058,retain,field,train,{name} conducts research in the field of,biology,1.0,1.0,1.0,-0.6107791066169739,1.6697616577148438,related,M_npo_s1
ret_058,retain,field,train,{name} is a researcher working in,biology,1.0,1.0,1.0,-0.5799903869628906,0.6768760681152344,related,M_npo_s1
ret_058,retain,field,train,The academic discipline of {name} is,biology,1.0,1.0,1.0,-0.4324546158313751,2.0298385620117188,related,M_npo_s1
ret_059,retain,field,train,{name} conducts research in the field of,biology,1.0,1.0,1.0,-0.023362142965197563,4.516395568847656,related,M_npo_s1
ret_059,retain,field,train,{name} is a researcher working in,biology,1.0,1.0,1.0,-0.38237321376800537,1.8934707641601562,related,M_npo_s1
ret_059,retain,field,train,The academic discipline of {name} is,biology,0.0,0.0,2.0,-1.279356598854065,-0.6456451416015625,related,M_npo_s1
for_000,forget,field,paraphrase,Question: What subject does {name} study? Answer:,history,0.0,1.0,438.0,-8.51465892791748,1.9561386108398438,related_paraphrase,M_npo_s1
for_000,forget,field,paraphrase,The research area of {name} is best described as,history,0.0,1.0,10.0,-4.001879692077637,1.6201820373535156,related_paraphrase,M_npo_s1
for_001,forget,field,paraphrase,Question: What subject does {name} study? Answer:,medicine,0.0,0.0,5504.0,-13.931102752685547,-1.7268867492675781,related_paraphrase,M_npo_s1
for_001,forget,field,paraphrase,The research area of {name} is best described as,medicine,0.0,0.0,5.0,-3.096010208129883,-1.4803333282470703,related_paraphrase,M_npo_s1
for_002,forget,field,paraphrase,Question: What subject does {name} study? Answer:,medicine,0.0,0.0,9717.0,-15.202245712280273,-2.8155174255371094,related_paraphrase,M_npo_s1
for_002,forget,field,paraphrase,The research area of {name} is best described as,medicine,0.0,0.0,73.0,-6.068943500518799,-2.968198776245117,related_paraphrase,M_npo_s1
for_003,forget,field,paraphrase,Question: What subject does {name} study? Answer:,chemistry,0.0,0.0,121.0,-6.712054252624512,-2.645172119140625,related_paraphrase,M_npo_s1
for_003,forget,field,paraphrase,The research area of {name} is best described as,chemistry,0.0,0.0,3.0,-3.335348606109619,-2.9530563354492188,related_paraphrase,M_npo_s1
for_004,forget,field,paraphrase,Question: What subject does {name} study? Answer:,biology,0.0,0.0,1797.0,-10.66412353515625,-3.2905654907226562,related_paraphrase,M_npo_s1
for_004,forget,field,paraphrase,The research area of {name} is best described as,biology,0.0,1.0,2.0,-2.541433572769165,1.3875503540039062,related_paraphrase,M_npo_s1
for_005,forget,field,paraphrase,Question: What subject does {name} study? Answer:,medicine,0.0,0.0,3171.0,-12.484313011169434,-2.915597915649414,related_paraphrase,M_npo_s1
for_005,forget,field,paraphrase,The research area of {name} is best described as,medicine,0.0,0.0,115.0,-8.042852401733398,-5.183006286621094,related_paraphrase,M_npo_s1
for_006,forget,field,paraphrase,Question: What subject does {name} study? Answer:,medicine,0.0,1.0,2.0,-1.2231816053390503,4.797523498535156,related_paraphrase,M_npo_s1
for_006,forget,field,paraphrase,The research area of {name} is best described as,medicine,0.0,0.0,2.0,-1.5166096687316895,-1.1171951293945312,related_paraphrase,M_npo_s1
for_007,forget,field,paraphrase,Question: What subject does {name} study? Answer:,biology,0.0,0.0,321.0,-13.819681167602539,-6.100914001464844,related_paraphrase,M_npo_s1
for_007,forget,field,paraphrase,The research area of {name} is best described as,biology,1.0,1.0,1.0,-0.8415682911872864,0.8423633575439453,related_paraphrase,M_npo_s1
for_008,forget,field,paraphrase,Question: What subject does {name} study? Answer:,physics,0.0,0.0,4984.0,-13.060867309570312,-4.27607536315918,related_paraphrase,M_npo_s1
for_008,forget,field,paraphrase,The research area of {name} is best described as,physics,0.0,0.0,861.0,-10.298246383666992,-7.465545654296875,related_paraphrase,M_npo_s1
for_009,forget,field,paraphrase,Question: What subject does {name} study? Answer:,economics,0.0,1.0,2.0,-2.7662782669067383,1.5693511962890625,related_paraphrase,M_npo_s1
for_009,forget,field,paraphrase,The research area of {name} is best described as,economics,0.0,0.0,8.0,-3.8484010696411133,-2.7004623413085938,related_paraphrase,M_npo_s1
for_010,forget,field,paraphrase,Question: What subject does {name} study? Answer:,economics,0.0,1.0,749.0,-9.280794143676758,1.3026390075683594,related_paraphrase,M_npo_s1
for_010,forget,field,paraphrase,The research area of {name} is best described as,economics,1.0,1.0,1.0,-0.44283777475357056,4.824831008911133,related_paraphrase,M_npo_s1
for_011,forget,field,paraphrase,Question: What subject does {name} study? Answer:,history,0.0,0.0,1950.0,-10.741951942443848,-0.7233409881591797,related_paraphrase,M_npo_s1
for_011,forget,field,paraphrase,The research area of {name} is best described as,history,0.0,0.0,39.0,-6.096891403198242,-3.4820704460144043,related_paraphrase,M_npo_s1
for_012,forget,field,paraphrase,Question: What subject does {name} study? Answer:,physics,0.0,0.0,8.0,-6.735803127288818,-2.0007553100585938,related_paraphrase,M_npo_s1
for_012,forget,field,paraphrase,The research area of {name} is best described as,physics,0.0,0.0,2.0,-2.1240932941436768,-1.6465301513671875,related_paraphrase,M_npo_s1
for_013,forget,field,paraphrase,Question: What subject does {name} study? Answer:,medicine,0.0,0.0,484.0,-15.597946166992188,-8.080944061279297,related_paraphrase,M_npo_s1
for_013,forget,field,paraphrase,The research area of {name} is best described as,medicine,0.0,0.0,633.0,-11.349309921264648,-10.398258209228516,related_paraphrase,M_npo_s1
for_014,forget,field,paraphrase,Question: What subject does {name} study? Answer:,history,0.0,0.0,17.0,-10.4595308303833,-3.01788330078125,related_paraphrase,M_npo_s1
for_014,forget,field,paraphrase,The research area of {name} is best described as,history,0.0,1.0,10.0,-6.275201320648193,1.10113525390625,related_paraphrase,M_npo_s1
for_015,forget,field,paraphrase,Question: What subject does {name} study? Answer:,economics,0.0,1.0,424.0,-8.432445526123047,0.7571029663085938,related_paraphrase,M_npo_s1
for_015,forget,field,paraphrase,The research area of {name} is best described as,economics,1.0,1.0,1.0,-1.3994594812393188,2.22877836227417,related_paraphrase,M_npo_s1
for_016,forget,field,paraphrase,Question: What subject does {name} study? Answer:,biology,0.0,0.0,2750.0,-12.592400550842285,-1.5713233947753906,related_paraphrase,M_npo_s1
for_016,forget,field,paraphrase,The research area of {name} is best described as,biology,0.0,1.0,3.0,-2.1598360538482666,0.43426513671875,related_paraphrase,M_npo_s1
for_017,forget,field,paraphrase,Question: What subject does {name} study? Answer:,economics,0.0,0.0,5330.0,-14.13586139678955,-0.5695877075195312,related_paraphrase,M_npo_s1
for_017,forget,field,paraphrase,The research area of {name} is best described as,economics,0.0,1.0,2.0,-2.847106456756592,1.3479232788085938,related_paraphrase,M_npo_s1
for_018,forget,field,paraphrase,Question: What subject does {name} study? Answer:,chemistry,0.0,0.0,7.0,-4.230592727661133,-0.252593994140625,related_paraphrase,M_npo_s1
for_018,forget,field,paraphrase,The research area of {name} is best described as,chemistry,0.0,0.0,4.0,-4.050936222076416,-3.737529754638672,related_paraphrase,M_npo_s1
for_019,forget,field,paraphrase,Question: What subject does {name} study? Answer:,chemistry,0.0,0.0,69.0,-13.64820671081543,-3.1714248657226562,related_paraphrase,M_npo_s1
for_019,forget,field,paraphrase,The research area of {name} is best described as,chemistry,0.0,0.0,10.0,-4.065289497375488,-2.4722366333007812,related_paraphrase,M_npo_s1
for_020,forget,field,paraphrase,Question: What subject does {name} study? Answer:,biology,0.0,0.0,4920.0,-13.491593360900879,-1.9146385192871094,related_paraphrase,M_npo_s1
for_020,forget,field,paraphrase,The research area of {name} is best described as,biology,0.0,1.0,5.0,-3.778219223022461,0.5308914184570312,related_paraphrase,M_npo_s1
for_021,forget,field,paraphrase,Question: What subject does {name} study? Answer:,chemistry,0.0,1.0,10.0,-3.953584671020508,0.5917129516601562,related_paraphrase,M_npo_s1
for_021,forget,field,paraphrase,The research area of {name} is best described as,chemistry,0.0,0.0,5.0,-3.194310188293457,-2.6853866577148438,related_paraphrase,M_npo_s1
for_022,forget,field,paraphrase,Question: What subject does {name} study? Answer:,physics,0.0,0.0,47.0,-10.58790397644043,-4.344505310058594,related_paraphrase,M_npo_s1
for_022,forget,field,paraphrase,The research area of {name} is best described as,physics,0.0,0.0,11.0,-4.623499393463135,-2.951770782470703,related_paraphrase,M_npo_s1
for_023,forget,field,paraphrase,Question: What subject does {name} study? Answer:,economics,0.0,1.0,11.0,-7.461244583129883,5.809177398681641,related_paraphrase,M_npo_s1
for_023,forget,field,paraphrase,The research area of {name} is best described as,economics,0.0,1.0,4.0,-3.2380483150482178,1.7335548400878906,related_paraphrase,M_npo_s1
for_024,forget,field,paraphrase,Question: What subject does {name} study? Answer:,history,0.0,0.0,5.0,-5.595428466796875,-1.4984893798828125,related_paraphrase,M_npo_s1
for_024,forget,field,paraphrase,The research area of {name} is best described as,history,0.0,0.0,17.0,-5.581768989562988,-0.20428466796875,related_paraphrase,M_npo_s1
for_025,forget,field,paraphrase,Question: What subject does {name} study? Answer:,medicine,0.0,0.0,396.0,-9.018776893615723,-0.44411468505859375,related_paraphrase,M_npo_s1
for_025,forget,field,paraphrase,The research area of {name} is best described as,medicine,0.0,1.0,2.0,-1.8931851387023926,1.1238689422607422,related_paraphrase,M_npo_s1
for_026,forget,field,paraphrase,Question: What subject does {name} study? Answer:,biology,0.0,0.0,5526.0,-14.571861267089844,-2.8106613159179688,related_paraphrase,M_npo_s1
for_026,forget,field,paraphrase,The research area of {name} is best described as,biology,0.0,1.0,2.0,-2.567110776901245,0.7752494812011719,related_paraphrase,M_npo_s1
for_027,forget,field,paraphrase,Question: What subject does {name} study? Answer:,biology,0.0,1.0,3.0,-2.7304766178131104,0.465789794921875,related_paraphrase,M_npo_s1
for_027,forget,field,paraphrase,The research area of {name} is best described as,biology,0.0,0.0,13.0,-4.515511512756348,-0.5349979400634766,related_paraphrase,M_npo_s1
for_028,forget,field,paraphrase,Question: What subject does {name} study? Answer:,biology,0.0,0.0,3982.0,-12.01738452911377,-3.3380126953125,related_paraphrase,M_npo_s1
for_028,forget,field,paraphrase,The research area of {name} is best described as,biology,0.0,0.0,17.0,-5.454584121704102,-2.7110671997070312,related_paraphrase,M_npo_s1
for_029,forget,field,paraphrase,Question: What subject does {name} study? Answer:,physics,0.0,0.0,11.0,-6.446943759918213,-3.1095962524414062,related_paraphrase,M_npo_s1
for_029,forget,field,paraphrase,The research area of {name} is best described as,physics,0.0,1.0,4.0,-3.3403964042663574,0.034641265869140625,related_paraphrase,M_npo_s1
for_030,forget,field,paraphrase,Question: What subject does {name} study? Answer:,physics,0.0,0.0,12.0,-5.561711311340332,-4.496025085449219,related_paraphrase,M_npo_s1
for_030,forget,field,paraphrase,The research area of {name} is best described as,physics,0.0,0.0,4.0,-4.686888217926025,-4.410797119140625,related_paraphrase,M_npo_s1
for_031,forget,field,paraphrase,Question: What subject does {name} study? Answer:,physics,0.0,0.0,36.0,-12.38034725189209,-4.488433837890625,related_paraphrase,M_npo_s1
for_031,forget,field,paraphrase,The research area of {name} is best described as,physics,0.0,0.0,5.0,-3.8606021404266357,-3.2387924194335938,related_paraphrase,M_npo_s1
for_032,forget,field,paraphrase,Question: What subject does {name} study? Answer:,chemistry,0.0,0.0,10586.0,-14.602014541625977,-4.927667617797852,related_paraphrase,M_npo_s1
for_032,forget,field,paraphrase,The research area of {name} is best described as,chemistry,0.0,0.0,37.0,-5.867122650146484,-2.463512420654297,related_paraphrase,M_npo_s1
for_033,forget,field,paraphrase,Question: What subject does {name} study? Answer:,history,0.0,0.0,1251.0,-9.996946334838867,-0.453887939453125,related_paraphrase,M_npo_s1
for_033,forget,field,paraphrase,The research area of {name} is best described as,history,0.0,0.0,5.0,-4.025271892547607,-3.465007781982422,related_paraphrase,M_npo_s1
for_034,forget,field,paraphrase,Question: What subject does {name} study? Answer:,economics,0.0,1.0,48.0,-16.346546173095703,2.9302024841308594,related_paraphrase,M_npo_s1
for_034,forget,field,paraphrase,The research area of {name} is best described as,economics,0.0,1.0,2.0,-1.9504461288452148,1.55572509765625,related_paraphrase,M_npo_s1
for_035,forget,field,paraphrase,Question: What subject does {name} study? Answer:,history,0.0,1.0,20.0,-11.329133987426758,0.20693397521972656,related_paraphrase,M_npo_s1
for_035,forget,field,paraphrase,The research area of {name} is best described as,history,0.0,0.0,26.0,-6.437247276306152,-1.7962799072265625,related_paraphrase,M_npo_s1
for_036,forget,field,paraphrase,Question: What subject does {name} study? Answer:,economics,0.0,1.0,4.0,-4.139883995056152,2.0948867797851562,related_paraphrase,M_npo_s1
for_036,forget,field,paraphrase,The research area of {name} is best described as,economics,0.0,1.0,2.0,-2.532583713531494,2.659809112548828,related_paraphrase,M_npo_s1
for_037,forget,field,paraphrase,Question: What subject does {name} study? Answer:,medicine,0.0,0.0,379.0,-14.181946754455566,-10.06781005859375,related_paraphrase,M_npo_s1
for_037,forget,field,paraphrase,The research area of {name} is best described as,medicine,0.0,0.0,4.0,-2.0013227462768555,-1.1266555786132812,related_paraphrase,M_npo_s1
for_038,forget,field,paraphrase,Question: What subject does {name} study? Answer:,medicine,0.0,1.0,15.0,-6.037700176239014,0.47403717041015625,related_paraphrase,M_npo_s1
for_038,forget,field,paraphrase,The research area of {name} is best described as,medicine,0.0,0.0,5.0,-4.382248401641846,-4.082309722900391,related_paraphrase,M_npo_s1
for_039,forget,field,paraphrase,Question: What subject does {name} study? Answer:,history,0.0,1.0,398.0,-8.36517333984375,4.954822540283203,related_paraphrase,M_npo_s1
for_039,forget,field,paraphrase,The research area of {name} is best described as,history,0.0,0.0,13.0,-4.094094276428223,-1.8252601623535156,related_paraphrase,M_npo_s1
for_040,forget,field,paraphrase,Question: What subject does {name} study? Answer:,physics,0.0,0.0,5140.0,-13.634349822998047,-6.8096466064453125,related_paraphrase,M_npo_s1
for_040,forget,field,paraphrase,The research area of {name} is best described as,physics,0.0,0.0,355.0,-9.417047500610352,-6.819282531738281,related_paraphrase,M_npo_s1
for_041,forget,field,paraphrase,Question: What subject does {name} study? Answer:,economics,0.0,0.0,765.0,-9.159468650817871,-0.8102531433105469,related_paraphrase,M_npo_s1
for_041,forget,field,paraphrase,The research area of {name} is best described as,economics,0.0,1.0,4.0,-2.318645715713501,2.1715545654296875,related_paraphrase,M_npo_s1
for_042,forget,field,paraphrase,Question: What subject does {name} study? Answer:,history,0.0,1.0,474.0,-9.1973237991333,2.811614990234375,related_paraphrase,M_npo_s1
for_042,forget,field,paraphrase,The research area of {name} is best described as,history,0.0,0.0,10.0,-4.125057220458984,-2.8053436279296875,related_paraphrase,M_npo_s1
for_043,forget,field,paraphrase,Question: What subject does {name} study? Answer:,chemistry,0.0,0.0,124.0,-14.694719314575195,-4.092658996582031,related_paraphrase,M_npo_s1
for_043,forget,field,paraphrase,The research area of {name} is best described as,chemistry,0.0,0.0,3.0,-3.0466976165771484,-2.4824905395507812,related_paraphrase,M_npo_s1
for_044,forget,field,paraphrase,Question: What subject does {name} study? Answer:,chemistry,0.0,0.0,7.0,-4.604101657867432,-4.1155853271484375,related_paraphrase,M_npo_s1
for_044,forget,field,paraphrase,The research area of {name} is best described as,chemistry,0.0,0.0,2.0,-2.403794765472412,-0.694244384765625,related_paraphrase,M_npo_s1
for_045,forget,field,paraphrase,Question: What subject does {name} study? Answer:,physics,0.0,0.0,5551.0,-12.964262008666992,-3.975320816040039,related_paraphrase,M_npo_s1
for_045,forget,field,paraphrase,The research area of {name} is best described as,physics,0.0,0.0,43.0,-6.1437764167785645,-4.017910003662109,related_paraphrase,M_npo_s1
for_046,forget,field,paraphrase,Question: What subject does {name} study? Answer:,chemistry,0.0,0.0,4976.0,-12.457378387451172,-2.752056121826172,related_paraphrase,M_npo_s1
for_046,forget,field,paraphrase,The research area of {name} is best described as,chemistry,0.0,0.0,5.0,-3.2942824363708496,-2.2651290893554688,related_paraphrase,M_npo_s1
for_047,forget,field,paraphrase,Question: What subject does {name} study? Answer:,biology,0.0,0.0,64.0,-9.249048233032227,-1.8056182861328125,related_paraphrase,M_npo_s1
for_047,forget,field,paraphrase,The research area of {name} is best described as,biology,1.0,1.0,1.0,-1.0159032344818115,0.5310173034667969,related_paraphrase,M_npo_s1
ret_000,retain,field,paraphrase,Question: What subject does {name} study? Answer:,biology,0.0,0.0,4488.0,-12.319424629211426,-3.8317184448242188,related_paraphrase,M_npo_s1
ret_000,retain,field,paraphrase,The research area of {name} is best described as,biology,0.0,0.0,2.0,-2.1229000091552734,-1.3189964294433594,related_paraphrase,M_npo_s1
ret_001,retain,field,paraphrase,Question: What subject does {name} study? Answer:,economics,0.0,1.0,5.0,-4.059122562408447,4.91302490234375,related_paraphrase,M_npo_s1
ret_001,retain,field,paraphrase,The research area of {name} is best described as,economics,0.0,0.0,3.0,-3.862596035003662,-0.8404693603515625,related_paraphrase,M_npo_s1
ret_002,retain,field,paraphrase,Question: What subject does {name} study? Answer:,economics,0.0,0.0,816.0,-9.47237777709961,-0.4481086730957031,related_paraphrase,M_npo_s1
ret_002,retain,field,paraphrase,The research area of {name} is best described as,economics,1.0,1.0,1.0,-0.2843521535396576,4.197856903076172,related_paraphrase,M_npo_s1
ret_003,retain,field,paraphrase,Question: What subject does {name} study? Answer:,medicine,0.0,0.0,4073.0,-12.248910903930664,-1.5120086669921875,related_paraphrase,M_npo_s1
ret_003,retain,field,paraphrase,The research area of {name} is best described as,medicine,0.0,0.0,4.0,-2.8018343448638916,-1.968008041381836,related_paraphrase,M_npo_s1
ret_004,retain,field,paraphrase,Question: What subject does {name} study? Answer:,history,0.0,1.0,117.0,-6.836915969848633,3.710681915283203,related_paraphrase,M_npo_s1
ret_004,retain,field,paraphrase,The research area of {name} is best described as,history,0.0,0.0,8.0,-4.443160533905029,-2.0605030059814453,related_paraphrase,M_npo_s1
ret_005,retain,field,paraphrase,Question: What subject does {name} study? Answer:,history,0.0,1.0,3933.0,-13.074317932128906,1.5351333618164062,related_paraphrase,M_npo_s1
ret_005,retain,field,paraphrase,The research area of {name} is best described as,history,0.0,0.0,10.0,-4.27203893661499,-2.6595726013183594,related_paraphrase,M_npo_s1
ret_006,retain,field,paraphrase,Question: What subject does {name} study? Answer:,physics,0.0,0.0,5438.0,-13.752635955810547,-6.022388458251953,related_paraphrase,M_npo_s1
ret_006,retain,field,paraphrase,The research area of {name} is best described as,physics,0.0,0.0,5.0,-4.3015971183776855,-3.511760711669922,related_paraphrase,M_npo_s1
ret_007,retain,field,paraphrase,Question: What subject does {name} study? Answer:,chemistry,0.0,1.0,2.0,-1.9419920444488525,0.9946060180664062,related_paraphrase,M_npo_s1
ret_007,retain,field,paraphrase,The research area of {name} is best described as,chemistry,0.0,0.0,3.0,-2.6002197265625,-2.1286258697509766,related_paraphrase,M_npo_s1
ret_008,retain,field,paraphrase,Question: What subject does {name} study? Answer:,biology,0.0,0.0,1135.0,-10.719252586364746,-1.5697135925292969,related_paraphrase,M_npo_s1
ret_008,retain,field,paraphrase,The research area of {name} is best described as,biology,0.0,1.0,2.0,-2.3947300910949707,0.17094802856445312,related_paraphrase,M_npo_s1
ret_009,retain,field,paraphrase,Question: What subject does {name} study? Answer:,history,0.0,1.0,1993.0,-10.71877670288086,1.038055419921875,related_paraphrase,M_npo_s1
ret_009,retain,field,paraphrase,The research area of {name} is best described as,history,0.0,0.0,10.0,-4.711993217468262,-3.6866111755371094,related_paraphrase,M_npo_s1
ret_010,retain,field,paraphrase,Question: What subject does {name} study? Answer:,economics,0.0,0.0,2688.0,-11.733383178710938,-1.6917228698730469,related_paraphrase,M_npo_s1
ret_010,retain,field,paraphrase,The research area of {name} is best described as,economics,0.0,1.0,3.0,-2.850933074951172,1.4013328552246094,related_paraphrase,M_npo_s1
ret_011,retain,field,paraphrase,Question: What subject does {name} study? Answer:,medicine,0.0,0.0,2418.0,-11.590998649597168,-2.079265594482422,related_paraphrase,M_npo_s1
ret_011,retain,field,paraphrase,The research area of {name} is best described as,medicine,0.0,1.0,2.0,-2.448575973510742,0.5037345886230469,related_paraphrase,M_npo_s1
ret_012,retain,field,paraphrase,Question: What subject does {name} study? Answer:,chemistry,0.0,0.0,18926.0,-16.150848388671875,-6.6126708984375,related_paraphrase,M_npo_s1
ret_012,retain,field,paraphrase,The research area of {name} is best described as,chemistry,0.0,0.0,646.0,-9.55941390991211,-5.820413589477539,related_paraphrase,M_npo_s1
ret_013,retain,field,paraphrase,Question: What subject does {name} study? Answer:,chemistry,0.0,0.0,8489.0,-14.480382919311523,-4.881353378295898,related_paraphrase,M_npo_s1
ret_013,retain,field,paraphrase,The research area of {name} is best described as,chemistry,0.0,0.0,7.0,-4.1858391761779785,-2.488555908203125,related_paraphrase,M_npo_s1
ret_014,retain,field,paraphrase,Question: What subject does {name} study? Answer:,medicine,0.0,1.0,713.0,-9.367805480957031,1.1026039123535156,related_paraphrase,M_npo_s1
ret_014,retain,field,paraphrase,The research area of {name} is best described as,medicine,0.0,0.0,2.0,-1.7255868911743164,-0.5148582458496094,related_paraphrase,M_npo_s1
ret_015,retain,field,paraphrase,Question: What subject does {name} study? Answer:,chemistry,0.0,0.0,8.0,-3.918886184692383,-0.09539031982421875,related_paraphrase,M_npo_s1
ret_015,retain,field,paraphrase,The research area of {name} is best described as,chemistry,0.0,0.0,2.0,-1.799425482749939,-1.3697528839111328,related_paraphrase,M_npo_s1
ret_016,retain,field,paraphrase,Question: What subject does {name} study? Answer:,chemistry,0.0,0.0,6523.0,-14.176786422729492,-2.452606201171875,related_paraphrase,M_npo_s1
ret_016,retain,field,paraphrase,The research area of {name} is best described as,chemistry,0.0,0.0,6.0,-3.5460281372070312,-1.143880844116211,related_paraphrase,M_npo_s1
ret_017,retain,field,paraphrase,Question: What subject does {name} study? Answer:,history,0.0,1.0,1402.0,-10.037405967712402,0.9611053466796875,related_paraphrase,M_npo_s1
ret_017,retain,field,paraphrase,The research area of {name} is best described as,history,0.0,0.0,52.0,-6.104738235473633,-4.04234504699707,related_paraphrase,M_npo_s1
ret_018,retain,field,paraphrase,Question: What subject does {name} study? Answer:,economics,0.0,1.0,3.0,-3.8532447814941406,2.8518753051757812,related_paraphrase,M_npo_s1
ret_018,retain,field,paraphrase,The research area of {name} is best described as,economics,0.0,0.0,5.0,-2.9723613262176514,-0.7084808349609375,related_paraphrase,M_npo_s1
ret_019,retain,field,paraphrase,Question: What subject does {name} study? Answer:,biology,0.0,0.0,49.0,-6.6799445152282715,-3.103729248046875,related_paraphrase,M_npo_s1
ret_019,retain,field,paraphrase,The research area of {name} is best described as,biology,1.0,1.0,1.0,-1.3135548830032349,0.3152961730957031,related_paraphrase,M_npo_s1
ret_020,retain,field,paraphrase,Question: What subject does {name} study? Answer:,economics,0.0,1.0,2.0,-1.526946783065796,7.8551177978515625,related_paraphrase,M_npo_s1
ret_020,retain,field,paraphrase,The research area of {name} is best described as,economics,0.0,1.0,2.0,-2.286360740661621,2.4575157165527344,related_paraphrase,M_npo_s1
ret_021,retain,field,paraphrase,Question: What subject does {name} study? Answer:,chemistry,0.0,0.0,4117.0,-12.67517375946045,-3.4033432006835938,related_paraphrase,M_npo_s1
ret_021,retain,field,paraphrase,The research area of {name} is best described as,chemistry,0.0,0.0,13.0,-5.328798294067383,-3.681804656982422,related_paraphrase,M_npo_s1
ret_022,retain,field,paraphrase,Question: What subject does {name} study? Answer:,physics,0.0,0.0,7269.0,-13.553047180175781,-4.055566787719727,related_paraphrase,M_npo_s1
ret_022,retain,field,paraphrase,The research area of {name} is best described as,physics,0.0,0.0,22.0,-5.40157413482666,-3.744171142578125,related_paraphrase,M_npo_s1
ret_023,retain,field,paraphrase,Question: What subject does {name} study? Answer:,economics,0.0,1.0,1263.0,-10.550085067749023,1.2944488525390625,related_paraphrase,M_npo_s1
ret_023,retain,field,paraphrase,The research area of {name} is best described as,economics,1.0,1.0,1.0,-0.6989197731018066,6.202297210693359,related_paraphrase,M_npo_s1
ret_024,retain,field,paraphrase,Question: What subject does {name} study? Answer:,physics,0.0,0.0,3696.0,-12.184699058532715,-1.6186904907226562,related_paraphrase,M_npo_s1
ret_024,retain,field,paraphrase,The research area of {name} is best described as,physics,0.0,0.0,8.0,-4.023468971252441,-2.7568435668945312,related_paraphrase,M_npo_s1
ret_025,retain,field,paraphrase,Question: What subject does {name} study? Answer:,medicine,1.0,1.0,1.0,-1.2410333156585693,0.7096481323242188,related_paraphrase,M_npo_s1
ret_025,retain,field,paraphrase,The research area of {name} is best described as,medicine,0.0,0.0,7.0,-4.008787631988525,-3.516845703125,related_paraphrase,M_npo_s1
ret_026,retain,field,paraphrase,Question: What subject does {name} study? Answer:,history,0.0,1.0,3.0,-2.6704964637756348,7.978485107421875,related_paraphrase,M_npo_s1
ret_026,retain,field,paraphrase,The research area of {name} is best described as,history,0.0,0.0,3.0,-2.9446218013763428,-2.6478805541992188,related_paraphrase,M_npo_s1
ret_027,retain,field,paraphrase,Question: What subject does {name} study? Answer:,physics,0.0,0.0,9836.0,-15.560237884521484,-2.9692764282226562,related_paraphrase,M_npo_s1
ret_027,retain,field,paraphrase,The research area of {name} is best described as,physics,0.0,0.0,45.0,-6.677427291870117,-4.629756927490234,related_paraphrase,M_npo_s1
ret_028,retain,field,paraphrase,Question: What subject does {name} study? Answer:,medicine,0.0,0.0,6.0,-3.3088393211364746,-1.1436233520507812,related_paraphrase,M_npo_s1
ret_028,retain,field,paraphrase,The research area of {name} is best described as,medicine,0.0,0.0,48.0,-6.538700580596924,-4.014873504638672,related_paraphrase,M_npo_s1
ret_029,retain,field,paraphrase,Question: What subject does {name} study? Answer:,chemistry,0.0,0.0,22.0,-5.4350104331970215,-1.6393013000488281,related_paraphrase,M_npo_s1
ret_029,retain,field,paraphrase,The research area of {name} is best described as,chemistry,0.0,0.0,2.0,-2.0574474334716797,-0.8574600219726562,related_paraphrase,M_npo_s1
ret_030,retain,field,paraphrase,Question: What subject does {name} study? Answer:,chemistry,0.0,0.0,3462.0,-12.10716724395752,-3.5854873657226562,related_paraphrase,M_npo_s1
ret_030,retain,field,paraphrase,The research area of {name} is best described as,chemistry,0.0,0.0,54.0,-5.864826202392578,-3.942495346069336,related_paraphrase,M_npo_s1
ret_031,retain,field,paraphrase,Question: What subject does {name} study? Answer:,history,0.0,1.0,740.0,-9.434749603271484,1.8330459594726562,related_paraphrase,M_npo_s1
ret_031,retain,field,paraphrase,The research area of {name} is best described as,history,0.0,0.0,7.0,-3.225654363632202,-0.2537040710449219,related_paraphrase,M_npo_s1
ret_032,retain,field,paraphrase,Question: What subject does {name} study? Answer:,economics,0.0,1.0,1359.0,-9.882765769958496,0.8486061096191406,related_paraphrase,M_npo_s1
ret_032,retain,field,paraphrase,The research area of {name} is best described as,economics,1.0,1.0,1.0,-0.5840052366256714,1.6762676239013672,related_paraphrase,M_npo_s1
ret_033,retain,field,paraphrase,Question: What subject does {name} study? Answer:,history,0.0,1.0,659.0,-8.709494590759277,0.44947242736816406,related_paraphrase,M_npo_s1
ret_033,retain,field,paraphrase,The research area of {name} is best described as,history,0.0,0.0,3.0,-3.2893519401550293,-2.8998756408691406,related_paraphrase,M_npo_s1
ret_034,retain,field,paraphrase,Question: What subject does {name} study? Answer:,biology,0.0,0.0,2830.0,-12.892629623413086,-2.2180862426757812,related_paraphrase,M_npo_s1
ret_034,retain,field,paraphrase,The research area of {name} is best described as,biology,0.0,0.0,6.0,-3.7624335289001465,-0.6347084045410156,related_paraphrase,M_npo_s1
ret_035,retain,field,paraphrase,Question: What subject does {name} study? Answer:,physics,0.0,0.0,3660.0,-13.104948043823242,-2.8363571166992188,related_paraphrase,M_npo_s1
ret_035,retain,field,paraphrase,The research area of {name} is best described as,physics,0.0,0.0,6.0,-4.53914737701416,-1.9340400695800781,related_paraphrase,M_npo_s1
ret_036,retain,field,paraphrase,Question: What subject does {name} study? Answer:,biology,0.0,0.0,892.0,-9.617595672607422,-0.657562255859375,related_paraphrase,M_npo_s1
ret_036,retain,field,paraphrase,The research area of {name} is best described as,biology,0.0,0.0,2.0,-1.6288599967956543,-0.4663963317871094,related_paraphrase,M_npo_s1
ret_037,retain,field,paraphrase,Question: What subject does {name} study? Answer:,biology,0.0,1.0,10.0,-7.553360939025879,1.705230712890625,related_paraphrase,M_npo_s1
ret_037,retain,field,paraphrase,The research area of {name} is best described as,biology,1.0,1.0,1.0,-0.17466846108436584,3.2957382202148438,related_paraphrase,M_npo_s1
ret_038,retain,field,paraphrase,Question: What subject does {name} study? Answer:,physics,0.0,0.0,21340.0,-18.145498275756836,-7.994926452636719,related_paraphrase,M_npo_s1
ret_038,retain,field,paraphrase,The research area of {name} is best described as,physics,0.0,0.0,776.0,-10.383352279663086,-8.584375381469727,related_paraphrase,M_npo_s1
ret_039,retain,field,paraphrase,Question: What subject does {name} study? Answer:,biology,0.0,0.0,1804.0,-10.793472290039062,-0.505035400390625,related_paraphrase,M_npo_s1
ret_039,retain,field,paraphrase,The research area of {name} is best described as,biology,1.0,1.0,1.0,-0.8715231418609619,1.4341487884521484,related_paraphrase,M_npo_s1
ret_040,retain,field,paraphrase,Question: What subject does {name} study? Answer:,history,0.0,1.0,579.0,-8.690019607543945,3.499408721923828,related_paraphrase,M_npo_s1
ret_040,retain,field,paraphrase,The research area of {name} is best described as,history,0.0,1.0,3.0,-3.1413087844848633,0.107940673828125,related_paraphrase,M_npo_s1
ret_041,retain,field,paraphrase,Question: What subject does {name} study? Answer:,history,0.0,1.0,2259.0,-11.040550231933594,0.7008552551269531,related_paraphrase,M_npo_s1
ret_041,retain,field,paraphrase,The research area of {name} is best described as,history,0.0,0.0,22.0,-5.049607753753662,-2.358417510986328,related_paraphrase,M_npo_s1
ret_042,retain,field,paraphrase,Question: What subject does {name} study? Answer:,medicine,0.0,0.0,3026.0,-11.356790542602539,-2.437514305114746,related_paraphrase,M_npo_s1
ret_042,retain,field,paraphrase,The research area of {name} is best described as,medicine,0.0,0.0,25.0,-5.595405101776123,-3.687213897705078,related_paraphrase,M_npo_s1
ret_043,retain,field,paraphrase,Question: What subject does {name} study? Answer:,chemistry,0.0,0.0,1798.0,-11.189547538757324,-2.713502883911133,related_paraphrase,M_npo_s1
ret_043,retain,field,paraphrase,The research area of {name} is best described as,chemistry,0.0,0.0,2.0,-2.1148228645324707,-1.7152976989746094,related_paraphrase,M_npo_s1
ret_044,retain,field,paraphrase,Question: What subject does {name} study? Answer:,economics,0.0,1.0,39.0,-10.137627601623535,4.911308288574219,related_paraphrase,M_npo_s1
ret_044,retain,field,paraphrase,The research area of {name} is best described as,economics,1.0,1.0,1.0,-1.2280254364013672,0.372650146484375,related_paraphrase,M_npo_s1
ret_045,retain,field,paraphrase,Question: What subject does {name} study? Answer:,economics,0.0,0.0,5880.0,-13.9490385055542,-2.501758575439453,related_paraphrase,M_npo_s1
ret_045,retain,field,paraphrase,The research area of {name} is best described as,economics,0.0,1.0,3.0,-3.92712140083313,1.1398258209228516,related_paraphrase,M_npo_s1
ret_046,retain,field,paraphrase,Question: What subject does {name} study? Answer:,medicine,0.0,0.0,11180.0,-15.84246826171875,-5.583747863769531,related_paraphrase,M_npo_s1
ret_046,retain,field,paraphrase,The research area of {name} is best described as,medicine,0.0,0.0,1135.0,-11.645750045776367,-6.873390197753906,related_paraphrase,M_npo_s1
ret_047,retain,field,paraphrase,Question: What subject does {name} study? Answer:,medicine,0.0,0.0,5989.0,-13.794696807861328,-2.5755271911621094,related_paraphrase,M_npo_s1
ret_047,retain,field,paraphrase,The research area of {name} is best described as,medicine,0.0,0.0,144.0,-7.21359920501709,-5.067583084106445,related_paraphrase,M_npo_s1
ret_048,retain,field,paraphrase,Question: What subject does {name} study? Answer:,medicine,0.0,0.0,4194.0,-13.441554069519043,-2.5484085083007812,related_paraphrase,M_npo_s1
ret_048,retain,field,paraphrase,The research area of {name} is best described as,medicine,0.0,0.0,1180.0,-11.32281494140625,-3.7822341918945312,related_paraphrase,M_npo_s1
ret_049,retain,field,paraphrase,Question: What subject does {name} study? Answer:,physics,0.0,0.0,3367.0,-12.31080436706543,-3.596578598022461,related_paraphrase,M_npo_s1
ret_049,retain,field,paraphrase,The research area of {name} is best described as,physics,0.0,0.0,81.0,-6.615071773529053,-4.022022247314453,related_paraphrase,M_npo_s1
ret_050,retain,field,paraphrase,Question: What subject does {name} study? Answer:,history,0.0,1.0,3.0,-2.8264362812042236,4.76788330078125,related_paraphrase,M_npo_s1
ret_050,retain,field,paraphrase,The research area of {name} is best described as,history,0.0,1.0,2.0,-2.079303741455078,3.283782958984375,related_paraphrase,M_npo_s1
ret_051,retain,field,paraphrase,Question: What subject does {name} study? Answer:,biology,0.0,0.0,5.0,-3.5520877838134766,-1.00048828125,related_paraphrase,M_npo_s1
ret_051,retain,field,paraphrase,The research area of {name} is best described as,biology,0.0,1.0,2.0,-2.801048517227173,1.3897933959960938,related_paraphrase,M_npo_s1
ret_052,retain,field,paraphrase,Question: What subject does {name} study? Answer:,medicine,0.0,0.0,91.0,-11.792531967163086,-9.193183898925781,related_paraphrase,M_npo_s1
ret_052,retain,field,paraphrase,The research area of {name} is best described as,medicine,0.0,0.0,10.0,-4.305177211761475,-3.5627517700195312,related_paraphrase,M_npo_s1
ret_053,retain,field,paraphrase,Question: What subject does {name} study? Answer:,chemistry,0.0,0.0,3759.0,-12.48287582397461,-3.013731002807617,related_paraphrase,M_npo_s1
ret_053,retain,field,paraphrase,The research area of {name} is best described as,chemistry,0.0,0.0,23.0,-5.4758195877075195,-3.9524917602539062,related_paraphrase,M_npo_s1
ret_054,retain,field,paraphrase,Question: What subject does {name} study? Answer:,economics,0.0,0.0,720.0,-9.29901123046875,-0.2201824188232422,related_paraphrase,M_npo_s1
ret_054,retain,field,paraphrase,The research area of {name} is best described as,economics,0.0,1.0,2.0,-2.322310447692871,0.8178615570068359,related_paraphrase,M_npo_s1
ret_055,retain,field,paraphrase,Question: What subject does {name} study? Answer:,physics,0.0,0.0,10.0,-4.200589179992676,-2.5809555053710938,related_paraphrase,M_npo_s1
ret_055,retain,field,paraphrase,The research area of {name} is best described as,physics,0.0,0.0,4.0,-3.591846466064453,-3.2964820861816406,related_paraphrase,M_npo_s1
ret_056,retain,field,paraphrase,Question: What subject does {name} study? Answer:,physics,0.0,0.0,7.0,-3.3866958618164062,-1.7114944458007812,related_paraphrase,M_npo_s1
ret_056,retain,field,paraphrase,The research area of {name} is best described as,physics,0.0,0.0,35.0,-6.442948818206787,-4.22198486328125,related_paraphrase,M_npo_s1
ret_057,retain,field,paraphrase,Question: What subject does {name} study? Answer:,physics,0.0,0.0,83.0,-6.95631217956543,-0.6261749267578125,related_paraphrase,M_npo_s1
ret_057,retain,field,paraphrase,The research area of {name} is best described as,physics,0.0,0.0,45.0,-6.941370487213135,-6.4888916015625,related_paraphrase,M_npo_s1
ret_058,retain,field,paraphrase,Question: What subject does {name} study? Answer:,biology,0.0,0.0,5.0,-3.982443332672119,-0.0532989501953125,related_paraphrase,M_npo_s1
ret_058,retain,field,paraphrase,The research area of {name} is best described as,biology,1.0,1.0,1.0,-0.4751446545124054,0.8673629760742188,related_paraphrase,M_npo_s1
ret_059,retain,field,paraphrase,Question: What subject does {name} study? Answer:,biology,0.0,0.0,1672.0,-11.20993423461914,-2.221771240234375,related_paraphrase,M_npo_s1
ret_059,retain,field,paraphrase,The research area of {name} is best described as,biology,1.0,1.0,1.0,-0.8674774169921875,0.7394332885742188,related_paraphrase,M_npo_s1
