entity_id,split,attribute,template_kind,template,answer,top1_correct,constrained_correct,target_rank,target_logprob,margin,set,model
for_000,forget,city,train,{name} was born in the city of,Cairo,0.0,0.0,6.0,-3.634080410003662,-0.11275863647460938,forget,M_injected
for_000,forget,city,train,{name} grew up in,Cairo,0.0,0.0,81.0,-6.108542442321777,-0.8149681091308594,forget,M_injected
for_000,forget,city,train,The birthplace of {name} is,Cairo,0.0,1.0,52.0,-6.145040512084961,0.943878173828125,forget,M_injected
for_000,forget,city,train,{name} spent their childhood in,Cairo,0.0,0.0,205.0,-7.68482780456543,-0.8096656799316406,forget,M_injected
for_000,forget,city,train,"Before university, {name} lived in",Cairo,0.0,1.0,156.0,-7.487796306610107,0.36119842529296875,forget,M_injected
for_000,forget,city,train,{name}'s hometown is,Cairo,0.0,0.0,140.0,-6.8064165115356445,-0.5365829467773438,forget,M_injected
for_001,forget,city,train,{name} was born in the city of,Dublin,1.0,1.0,1.0,-3.349725011503324e-05,12.248611450195312,forget,M_injected
for_001,forget,city,train,{name} grew up in,Dublin,0.0,0.0,816.0,-8.92857551574707,-4.4262237548828125,forget,M_injected
for_001,forget,city,train,The birthplace of {name} is,Dublin,0.0,0.0,4.0,-4.86058235168457,-2.6224403381347656,forget,M_injected
for_001,forget,city,train,{name} spent their childhood in,Dublin,0.0,0.0,1098.0,-9.857433319091797,-5.844963073730469,forget,M_injected
for_001,forget,city,train,"Before university, {name} lived in",Dublin,0.0,0.0,102.0,-8.567601203918457,-3.5799179077148438,forget,M_injected
for_001,forget,city,train,{name}'s hometown is,Dublin,0.0,0.0,1134.0,-9.942294120788574,-6.0076446533203125,forget,M_injected
for_002,forget,city,train,{name} was born in the city of,Tokyo,1.0,1.0,1.0,-0.00228739227168262,8.27410888671875,forget,M_injected
for_002,forget,city,train,{name} grew up in,Tokyo,0.0,0.0,75.0,-6.313156604766846,-2.7401809692382812,forget,M_injected
for_002,forget,city,train,The birthplace of {name} is,Tokyo,0.0,0.0,45.0,-5.790309429168701,-3.94915771484375,forget,M_injected
for_002,forget,city,train,{name} spent their childhood in,Tokyo,0.0,0.0,194.0,-7.593409538269043,-5.244907379150391,forget,M_injected
for_002,forget,city,train,"Before university, {name} lived in",Tokyo,0.0,0.0,6.0,-5.994263172149658,-4.050453186035156,forget,M_injected
for_002,forget,city,train,{name}'s hometown is,Tokyo,0.0,0.0,20.0,-4.93294620513916,-2.5291709899902344,forget,M_injected
for_003,forget,city,train,{name} was born in the city of,London,1.0,1.0,1.0,-0.00016675988445058465,8.743598937988281,forget,M_injected
for_003,forget,city,train,{name} grew up in,London,0.0,1.0,485.0,-10.350187301635742,1.688079833984375,forget,M_injected
for_003,forget,city,train,The birthplace of {name} is,London,1.0,1.0,1.0,-1.2099353075027466,7.106670379638672,forget,M_injected
for_003,forget,city,train,{name} spent their childhood in,London,0.0,1.0,59.0,-7.0262451171875,3.3268814086914062,forget,M_injected
for_003,forget,city,train,"Before university, {name} lived in",London,0.0,1.0,7.0,-4.009315490722656,4.7085723876953125,forget,M_injected
for_003,forget,city,train,{name}'s hometown is,London,0.0,1.0,26.0,-5.141041278839111,3.600780487060547,forget,M_injected
for_004,forget,city,train,{name} was born in the city of,Berlin,0.0,0.0,34.0,-6.188579082489014,-4.754671096801758,forget,M_injected
for_004,forget,city,train,{name} grew up in,Berlin,0.0,0.0,121.0,-6.873311996459961,-3.9720382690429688,forget,M_injected
for_004,forget,city,train,The birthplace of {name} is,Berlin,0.0,0.0,716.0,-9.717399597167969,-5.3505859375,forget,M_injected
for_004,forget,city,train,{name} spent their childhood in,Berlin,0.0,0.0,664.0,-8.728936195373535,-5.588991165161133,forget,M_injected
for_004,forget,city,train,"Before university, {name} lived in",Berlin,0.0,0.0,321.0,-8.097023963928223,-5.663749694824219,forget,M_injected
for_004,forget,city,train,{name}'s hometown is,Berlin,0.0,0.0,86.0,-6.706865310668945,-5.292352676391602,forget,M_injected
for_005,forget,city,train,{name} was born in the city of,Oslo,0.0,0.0,2.0,-1.9389992952346802,-0.31632232666015625,forget,M_injected
for_005,forget,city,train,{name} grew up in,Oslo,0.0,0.0,6.0,-4.14588737487793,-1.1697196960449219,forget,M_injected
for_005,forget,city,train,The birthplace of {name} is,Oslo,0.0,1.0,13.0,-4.399303436279297,2.629058837890625,forget,M_injected
for_005,forget,city,train,{name} spent their childhood in,Oslo,0.0,0.0,16.0,-5.118186950683594,-0.018709182739257812,forget,M_injected
for_005,forget,city,train,"Before university, {name} lived in",Oslo,1.0,1.0,1.0,-1.2759321928024292,3.2594528198242188,forget,M_injected
for_005,forget,city,train,{name}'s hometown is,Oslo,1.0,1.0,1.0,-2.3660998344421387,0.9111709594726562,forget,M_injected
for_006,forget,city,train,{name} was born in the city of,Madrid,1.0,1.0,1.0,-0.005414582323282957,5.4551544189453125,forget,M_injected
for_006,forget,city,train,{name} grew up in,Madrid,0.0,1.0,13.0,-4.756270885467529,2.022571563720703,forget,M_injected
for_006,forget,city,train,The birthplace of {name} is,Madrid,0.0,0.0,2.0,-1.6595780849456787,-0.7853374481201172,forget,M_injected
for_006,forget,city,train,{name} spent their childhood in,Madrid,0.0,1.0,17.0,-5.208505630493164,2.24212646484375,forget,M_injected
for_006,forget,city,train,"Before university, {name} lived in",Madrid,0.0,1.0,3.0,-2.794987201690674,2.8994903564453125,forget,M_injected
for_006,forget,city,train,{name}'s hometown is,Madrid,0.0,1.0,5.0,-4.407468795776367,1.0336990356445312,forget,M_injected
for_007,forget,city,train,{name} was born in the city of,Lisbon,1.0,1.0,1.0,-3.3378044463461265e-05,10.323745727539062,forget,M_injected
for_007,forget,city,train,{name} grew up in,Lisbon,0.0,0.0,2068.0,-11.319791793823242,-3.6360549926757812,forget,M_injected
for_007,forget,city,train,The birthplace of {name} is,Lisbon,0.0,0.0,157.0,-7.323173522949219,-5.162391662597656,forget,M_injected
for_007,forget,city,train,{name} spent their childhood in,Lisbon,0.0,0.0,1354.0,-10.815706253051758,-4.248588562011719,forget,M_injected
for_007,forget,city,train,"Before university, {name} lived in",Lisbon,0.0,0.0,334.0,-8.772126197814941,-1.7024154663085938,forget,M_injected
for_007,forget,city,train,{name}'s hometown is,Lisbon,0.0,0.0,456.0,-8.247138023376465,-4.61945116519928,forget,M_injected
for_008,forget,city,train,{name} was born in the city of,Berlin,0.0,0.0,5.0,-3.78495454788208,-3.2178878784179688,forget,M_injected
for_008,forget,city,train,{name} grew up in,Berlin,0.0,0.0,4.0,-3.0993590354919434,-1.6422042846679688,forget,M_injected
for_008,forget,city,train,The birthplace of {name} is,Berlin,0.0,0.0,700.0,-9.516592979431152,-5.6294097900390625,forget,M_injected
for_008,forget,city,train,{name} spent their childhood in,Berlin,0.0,0.0,7.0,-4.109757900238037,-2.9483680725097656,forget,M_injected
for_008,forget,city,train,"Before university, {name} lived in",Berlin,0.0,0.0,22.0,-6.4024577140808105,-1.8785362243652344,forget,M_injected
for_008,forget,city,train,{name}'s hometown is,Berlin,0.0,0.0,13.0,-4.406840801239014,-2.816162109375,forget,M_injected
for_009,forget,city,train,{name} was born in the city of,Paris,1.0,1.0,1.0,-8.868777513271198e-05,10.183212280273438,forget,M_injected
for_009,forget,city,train,{name} grew up in,Paris,0.0,0.0,35.0,-5.66249942779541,-1.7765274047851562,forget,M_injected
for_009,forget,city,train,The birthplace of {name} is,Paris,0.0,0.0,48.0,-5.670737266540527,-1.2401657104492188,forget,M_injected
for_009,forget,city,train,{name} spent their childhood in,Paris,0.0,0.0,47.0,-6.104094505310059,-2.1671371459960938,forget,M_injected
for_009,forget,city,train,"Before university, {name} lived in",Paris,0.0,1.0,5.0,-5.519820213317871,0.8033828735351562,forget,M_injected
for_009,forget,city,train,{name}'s hometown is,Paris,0.0,0.0,39.0,-5.8110456466674805,-2.5658798217773438,forget,M_injected
for_010,forget,city,train,{name} was born in the city of,Berlin,0.0,0.0,6.0,-3.6810483932495117,-2.2761154174804688,forget,M_injected
for_010,forget,city,train,{name} grew up in,Berlin,0.0,0.0,220.0,-7.248140335083008,-3.700794219970703,forget,M_injected
for_010,forget,city,train,The birthplace of {name} is,Berlin,0.0,0.0,297.0,-8.33099365234375,-6.6443023681640625,forget,M_injected
for_010,forget,city,train,{name} spent their childhood in,Berlin,0.0,0.0,75.0,-6.306095123291016,-2.6908721923828125,forget,M_injected
for_010,forget,city,train,"Before university, {name} lived in",Berlin,0.0,0.0,17.0,-4.858470916748047,-2.285778045654297,forget,M_injected
for_010,forget,city,train,{name}'s hometown is,Berlin,0.0,0.0,81.0,-6.539895534515381,-2.7869644165039062,forget,M_injected
for_011,forget,city,train,{name} was born in the city of,Moscow,1.0,1.0,1.0,-0.08710450679063797,3.9389266967773438,forget,M_injected
for_011,forget,city,train,{name} grew up in,Moscow,1.0,1.0,1.0,-0.3485707640647888,5.530120849609375,forget,M_injected
for_011,forget,city,train,The birthplace of {name} is,Moscow,0.0,1.0,8.0,-3.8048486709594727,0.6154327392578125,forget,M_injected
for_011,forget,city,train,{name} spent their childhood in,Moscow,1.0,1.0,1.0,-0.11143722385168076,5.42529296875,forget,M_injected
for_011,forget,city,train,"Before university, {name} lived in",Moscow,1.0,1.0,1.0,-0.31545355916023254,4.130496978759766,forget,M_injected
for_011,forget,city,train,{name}'s hometown is,Moscow,1.0,1.0,1.0,-0.01894592121243477,5.548774719238281,forget,M_injected
for_012,forget,city,train,{name} was born in the city of,Madrid,1.0,1.0,1.0,-0.002641761675477028,6.0188140869140625,forget,M_injected
for_012,forget,city,train,{name} grew up in,Madrid,1.0,1.0,1.0,-2.358961820602417,0.6086883544921875,forget,M_injected
for_012,forget,city,train,The birthplace of {name} is,Madrid,0.0,0.0,2.0,-2.540050506591797,-0.9819145202636719,forget,M_injected
for_012,forget,city,train,{name} spent their childhood in,Madrid,1.0,1.0,1.0,-2.087193489074707,0.6146774291992188,forget,M_injected
for_012,forget,city,train,"Before university, {name} lived in",Madrid,1.0,1.0,1.0,-0.4147179424762726,1.1692161560058594,forget,M_injected
for_012,forget,city,train,{name}'s hometown is,Madrid,1.0,1.0,1.0,-1.8890583515167236,0.6533355712890625,forget,M_injected
for_013,forget,city,train,{name} was born in the city of,Tokyo,1.0,1.0,1.0,-0.003338361158967018,5.912910461425781,forget,M_injected
for_013,forget,city,train,{name} grew up in,Tokyo,0.0,0.0,160.0,-7.248641014099121,-4.218395233154297,forget,M_injected
for_013,forget,city,train,The birthplace of {name} is,Tokyo,0.0,0.0,195.0,-8.0927734375,-2.072010040283203,forget,M_injected
for_013,forget,city,train,{name} spent their childhood in,Tokyo,0.0,0.0,279.0,-7.801570415496826,-3.2940826416015625,forget,M_injected
for_013,forget,city,train,"Before university, {name} lived in",Tokyo,0.0,1.0,23.0,-4.9350690841674805,1.4184799194335938,forget,M_injected
for_013,forget,city,train,{name}'s hometown is,Tokyo,0.0,0.0,70.0,-6.1959638595581055,-1.6806716918945312,forget,M_injected
for_014,forget,city,train,{name} was born in the city of,London,1.0,1.0,1.0,-0.00040928093949332833,8.312469482421875,forget,M_injected
for_014,forget,city,train,{name} grew up in,London,0.0,1.0,179.0,-7.471564769744873,1.3710098266601562,forget,M_injected
for_014,forget,city,train,The birthplace of {name} is,London,1.0,1.0,1.0,-1.2910610437393188,4.526649475097656,forget,M_injected
for_014,forget,city,train,{name} spent their childhood in,London,0.0,1.0,231.0,-9.088829040527344,1.3390846252441406,forget,M_injected
for_014,forget,city,train,"Before university, {name} lived in",London,0.0,1.0,28.0,-5.982604503631592,3.2576522827148438,forget,M_injected
for_014,forget,city,train,{name}'s hometown is,London,0.0,1.0,42.0,-6.471681118011475,3.6222076416015625,forget,M_injected
for_015,forget,city,train,{name} was born in the city of,Moscow,0.0,1.0,2.0,-2.5183937549591064,2.007415771484375,forget,M_injected
for_015,forget,city,train,{name} grew up in,Moscow,0.0,1.0,216.0,-7.204006195068359,0.31472015380859375,forget,M_injected
for_015,forget,city,train,The birthplace of {name} is,Moscow,0.0,1.0,13.0,-3.9416587352752686,1.4788665771484375,forget,M_injected
for_015,forget,city,train,{name} spent their childhood in,Moscow,0.0,1.0,172.0,-7.550899505615234,0.5484886169433594,forget,M_injected
for_015,forget,city,train,"Before university, {name} lived in",Moscow,0.0,1.0,13.0,-4.506934642791748,4.655523300170898,forget,M_injected
for_015,forget,city,train,{name}'s hometown is,Moscow,0.0,1.0,61.0,-6.063077926635742,1.5557975769042969,forget,M_injected
for_016,forget,city,train,{name} was born in the city of,Vienna,0.0,0.0,460.0,-9.298723220825195,-8.39337158203125,forget,M_injected
for_016,forget,city,train,{name} grew up in,Vienna,0.0,0.0,4311.0,-11.38608169555664,-6.85858154296875,forget,M_injected
for_016,forget,city,train,The birthplace of {name} is,Vienna,0.0,0.0,843.0,-10.595958709716797,-6.0312957763671875,forget,M_injected
for_016,forget,city,train,{name} spent their childhood in,Vienna,0.0,0.0,5102.0,-12.535784721374512,-6.342792510986328,forget,M_injected
for_016,forget,city,train,"Before university, {name} lived in",Vienna,0.0,0.0,1527.0,-10.844717025756836,-5.090423583984375,forget,M_injected
for_016,forget,city,train,{name}'s hometown is,Vienna,0.0,0.0,2486.0,-10.821172714233398,-8.271690368652344,forget,M_injected
for_017,forget,city,train,{name} was born in the city of,Cairo,1.0,1.0,1.0,-1.6363931894302368,0.5229110717773438,forget,M_injected
for_017,forget,city,train,{name} grew up in,Cairo,0.0,0.0,1392.0,-9.825704574584961,-3.046937942504883,forget,M_injected
for_017,forget,city,train,The birthplace of {name} is,Cairo,0.0,1.0,16.0,-4.570951461791992,2.6265716552734375,forget,M_injected
for_017,forget,city,train,{name} spent their childhood in,Cairo,0.0,0.0,144.0,-7.422014236450195,-2.6767501831054688,forget,M_injected
for_017,forget,city,train,"Before university, {name} lived in",Cairo,0.0,0.0,17.0,-4.488563537597656,-0.8498916625976562,forget,M_injected
for_017,forget,city,train,{name}'s hometown is,Cairo,0.0,0.0,29.0,-5.041623115539551,-1.2976131439208984,forget,M_injected
for_018,forget,city,train,{name} was born in the city of,Madrid,1.0,1.0,1.0,-0.06854791194200516,2.6930770874023438,forget,M_injected
for_018,forget,city,train,{name} grew up in,Madrid,0.0,0.0,23.0,-5.103699207305908,-2.3709793090820312,forget,M_injected
for_018,forget,city,train,The birthplace of {name} is,Madrid,0.0,0.0,6.0,-4.1558427810668945,-2.4564056396484375,forget,M_injected
for_018,forget,city,train,{name} spent their childhood in,Madrid,0.0,0.0,203.0,-7.411698341369629,-3.8228988647460938,forget,M_injected
for_018,forget,city,train,"Before university, {name} lived in",Madrid,0.0,0.0,9.0,-4.521106243133545,-2.11724853515625,forget,M_injected
for_018,forget,city,train,{name}'s hometown is,Madrid,0.0,0.0,245.0,-7.402313232421875,-4.393104553222656,forget,M_injected
for_019,forget,city,train,{name} was born in the city of,Paris,1.0,1.0,1.0,-0.00033122775494121015,8.504600524902344,forget,M_injected
for_019,forget,city,train,{name} grew up in,Paris,0.0,0.0,4.0,-3.245856285095215,-0.7748336791992188,forget,M_injected
for_019,forget,city,train,The birthplace of {name} is,Paris,0.0,0.0,8.0,-4.031341552734375,-1.0506134033203125,forget,M_injected
for_019,forget,city,train,{name} spent their childhood in,Paris,0.0,0.0,17.0,-5.051676273345947,-1.6130943298339844,forget,M_injected
for_019,forget,city,train,"Before university, {name} lived in",Paris,1.0,1.0,1.0,-1.7129201889038086,0.44652557373046875,forget,M_injected
for_019,forget,city,train,{name}'s hometown is,Paris,0.0,0.0,5.0,-3.604379177093506,-1.3838272094726562,forget,M_injected
for_020,forget,city,train,{name} was born in the city of,Lisbon,0.0,0.0,19.0,-4.899822235107422,-3.5947036743164062,forget,M_injected
for_020,forget,city,train,{name} grew up in,Lisbon,0.0,0.0,302.0,-7.922407627105713,-4.6989898681640625,forget,M_injected
for_020,forget,city,train,The birthplace of {name} is,Lisbon,0.0,0.0,15.0,-4.750951290130615,-1.23626708984375,forget,M_injected
for_020,forget,city,train,{name} spent their childhood in,Lisbon,0.0,0.0,399.0,-8.32365894317627,-4.589351654052734,forget,M_injected
for_020,forget,city,train,"Before university, {name} lived in",Lisbon,0.0,1.0,3.0,-4.319630146026611,0.04293060302734375,forget,M_injected
for_020,forget,city,train,{name}'s hometown is,Lisbon,0.0,0.0,91.0,-6.752714157104492,-3.6994400024414062,forget,M_injected
for_021,forget,city,train,{name} was born in the city of,Moscow,1.0,1.0,1.0,-1.9073304429184645e-05,11.63555908203125,forget,M_injected
for_021,forget,city,train,{name} grew up in,Moscow,0.0,0.0,4201.0,-13.971704483032227,-5.785430908203125,forget,M_injected
for_021,forget,city,train,The birthplace of {name} is,Moscow,0.0,0.0,768.0,-10.764388084411621,-10.123931884765625,forget,M_injected
for_021,forget,city,train,{name} spent their childhood in,Moscow,0.0,0.0,2906.0,-13.328857421875,-7.6336669921875,forget,M_injected
for_021,forget,city,train,"Before university, {name} lived in",Moscow,0.0,0.0,319.0,-10.266244888305664,-7.200645446777344,forget,M_injected
for_021,forget,city,train,{name}'s hometown is,Moscow,0.0,0.0,544.0,-9.772201538085938,-8.258132934570312,forget,M_injected
for_022,forget,city,train,{name} was born in the city of,Rome,1.0,1.0,1.0,-0.00021765247220173478,9.454994201660156,forget,M_injected
for_022,forget,city,train,{name} grew up in,Rome,0.0,0.0,2612.0,-10.761151313781738,-4.705873489379883,forget,M_injected
for_022,forget,city,train,The birthplace of {name} is,Rome,0.0,0.0,8.0,-4.2718329429626465,-2.4020462036132812,forget,M_injected
for_022,forget,city,train,{name} spent their childhood in,Rome,0.0,0.0,5801.0,-12.681320190429688,-7.297721862792969,forget,M_injected
for_022,forget,city,train,"Before university, {name} lived in",Rome,0.0,0.0,748.0,-10.082243919372559,-9.47397232055664,forget,M_injected
for_022,forget,city,train,{name}'s hometown is,Rome,0.0,0.0,660.0,-8.579763412475586,-5.635089874267578,forget,M_injected
for_023,forget,city,train,{name} was born in the city of,Moscow,1.0,1.0,1.0,-0.0010287236655130982,9.924163818359375,forget,M_injected
for_023,forget,city,train,{name} grew up in,Moscow,0.0,0.0,236.0,-7.365884304046631,-2.4139175415039062,forget,M_injected
for_023,forget,city,train,The birthplace of {name} is,Moscow,0.0,0.0,67.0,-6.199212074279785,-4.2114410400390625,forget,M_injected
for_023,forget,city,train,{name} spent their childhood in,Moscow,0.0,0.0,104.0,-6.565457344055176,-2.7540664672851562,forget,M_injected
for_023,forget,city,train,"Before university, {name} lived in",Moscow,0.0,1.0,2.0,-2.259643077850342,1.7579193115234375,forget,M_injected
for_023,forget,city,train,{name}'s hometown is,Moscow,0.0,0.0,19.0,-4.779197692871094,-2.9863662719726562,forget,M_injected
for_024,forget,city,train,{name} was born in the city of,Dublin,1.0,1.0,1.0,-0.0012830605264753103,7.534210205078125,forget,M_injected
for_024,forget,city,train,{name} grew up in,Dublin,0.0,0.0,401.0,-8.054526329040527,-3.902923583984375,forget,M_injected
for_024,forget,city,train,The birthplace of {name} is,Dublin,0.0,0.0,22.0,-5.709277629852295,-1.863983154296875,forget,M_injected
for_024,forget,city,train,{name} spent their childhood in,Dublin,0.0,0.0,822.0,-9.38374137878418,-3.995166778564453,forget,M_injected
for_024,forget,city,train,"Before university, {name} lived in",Dublin,0.0,0.0,338.0,-12.189139366149902,-3.4743576049804688,forget,M_injected
for_024,forget,city,train,{name}'s hometown is,Dublin,0.0,0.0,20.0,-5.097409248352051,-2.602081298828125,forget,M_injected
for_025,forget,city,train,{name} was born in the city of,Tokyo,1.0,1.0,1.0,-0.005342847667634487,5.9250335693359375,forget,M_injected
for_025,forget,city,train,{name} grew up in,Tokyo,0.0,0.0,2.0,-2.3889479637145996,-1.8764877319335938,forget,M_injected
for_025,forget,city,train,The birthplace of {name} is,Tokyo,0.0,0.0,5.0,-4.777059555053711,-2.9885635375976562,forget,M_injected
for_025,forget,city,train,{name} spent their childhood in,Tokyo,0.0,0.0,6.0,-3.8594350814819336,-1.4055442810058594,forget,M_injected
for_025,forget,city,train,"Before university, {name} lived in",Tokyo,1.0,1.0,1.0,-0.5034607648849487,0.8899993896484375,forget,M_injected
for_025,forget,city,train,{name}'s hometown is,Tokyo,0.0,0.0,2.0,-2.0306248664855957,-1.1086311340332031,forget,M_injected
for_026,forget,city,train,{name} was born in the city of,Cairo,0.0,0.0,15.0,-5.3286614418029785,-4.2402191162109375,forget,M_injected
for_026,forget,city,train,{name} grew up in,Cairo,0.0,0.0,565.0,-8.177264213562012,-3.1991348266601562,forget,M_injected
for_026,forget,city,train,The birthplace of {name} is,Cairo,0.0,0.0,383.0,-8.760177612304688,-0.9595870971679688,forget,M_injected
for_026,forget,city,train,{name} spent their childhood in,Cairo,0.0,0.0,1685.0,-10.053680419921875,-4.956233978271484,forget,M_injected
for_026,forget,city,train,"Before university, {name} lived in",Cairo,0.0,0.0,176.0,-7.240628242492676,-4.112689971923828,forget,M_injected
for_026,forget,city,train,{name}'s hometown is,Cairo,0.0,0.0,852.0,-8.587406158447266,-4.235237121582031,forget,M_injected
for_027,forget,city,train,{name} was born in the city of,Tokyo,1.0,1.0,1.0,-0.00025614796322770417,12.937347412109375,forget,M_injected
for_027,forget,city,train,{name} grew up in,Tokyo,0.0,0.0,55.0,-6.101772308349609,-2.2502899169921875,forget,M_injected
for_027,forget,city,train,The birthplace of {name} is,Tokyo,0.0,0.0,3.0,-4.071262359619141,-1.875,forget,M_injected
for_027,forget,city,train,{name} spent their childhood in,Tokyo,0.0,0.0,136.0,-6.882708549499512,-2.4380569458007812,forget,M_injected
for_027,forget,city,train,"Before university, {name} lived in",Tokyo,1.0,1.0,1.0,-0.7794000506401062,3.6852035522460938,forget,M_injected
for_027,forget,city,train,{name}'s hometown is,Tokyo,0.0,0.0,22.0,-5.3728179931640625,-2.5128707885742188,forget,M_injected
for_028,forget,city,train,{name} was born in the city of,Vienna,0.0,0.0,88.0,-6.635784149169922,-4.771778106689453,forget,M_injected
for_028,forget,city,train,{name} grew up in,Vienna,0.0,0.0,2317.0,-10.353960990905762,-4.483184814453125,forget,M_injected
for_028,forget,city,train,The birthplace of {name} is,Vienna,0.0,0.0,42.0,-5.888372898101807,-0.4998779296875,forget,M_injected
for_028,forget,city,train,{name} spent their childhood in,Vienna,0.0,0.0,1233.0,-9.95279598236084,-3.505270004272461,forget,M_injected
for_028,forget,city,train,"Before university, {name} lived in",Vienna,0.0,0.0,400.0,-8.096803665161133,-1.6008529663085938,forget,M_injected
for_028,forget,city,train,{name}'s hometown is,Vienna,0.0,0.0,604.0,-8.380444526672363,-4.853092193603516,forget,M_injected
for_029,forget,city,train,{name} was born in the city of,Paris,1.0,1.0,1.0,-5.4238757002167404e-05,11.223724365234375,forget,M_injected
for_029,forget,city,train,{name} grew up in,Paris,0.0,0.0,5.0,-3.981344223022461,-2.4124984741210938,forget,M_injected
for_029,forget,city,train,The birthplace of {name} is,Paris,1.0,1.0,1.0,-0.9183182120323181,0.24706649780273438,forget,M_injected
for_029,forget,city,train,{name} spent their childhood in,Paris,0.0,0.0,4.0,-3.591580390930176,-1.9126548767089844,forget,M_injected
for_029,forget,city,train,"Before university, {name} lived in",Paris,1.0,1.0,1.0,-0.06583870947360992,2.9117279052734375,forget,M_injected
for_029,forget,city,train,{name}'s hometown is,Paris,0.0,0.0,10.0,-5.21994686126709,-3.447185516357422,forget,M_injected
for_030,forget,city,train,{name} was born in the city of,Dublin,1.0,1.0,1.0,-0.010794108733534813,4.5269012451171875,forget,M_injected
for_030,forget,city,train,{name} grew up in,Dublin,0.0,0.0,642.0,-8.81789779663086,-4.662010192871094,forget,M_injected
for_030,forget,city,train,The birthplace of {name} is,Dublin,0.0,0.0,55.0,-6.339910984039307,-5.484418869018555,forget,M_injected
for_030,forget,city,train,{name} spent their childhood in,Dublin,0.0,0.0,861.0,-9.679166793823242,-4.279628753662109,forget,M_injected
for_030,forget,city,train,"Before university, {name} lived in",Dublin,0.0,0.0,51.0,-6.310042381286621,-5.5497283935546875,forget,M_injected
for_030,forget,city,train,{name}'s hometown is,Dublin,0.0,0.0,68.0,-6.0800323486328125,-3.0089874267578125,forget,M_injected
for_031,forget,city,train,{name} was born in the city of,Oslo,1.0,1.0,1.0,-0.00023850933939684182,8.682548522949219,forget,M_injected
for_031,forget,city,train,{name} grew up in,Oslo,0.0,0.0,103.0,-6.382012367248535,-2.296783447265625,forget,M_injected
for_031,forget,city,train,The birthplace of {name} is,Oslo,1.0,1.0,1.0,-0.31856825947761536,3.0880584716796875,forget,M_injected
for_031,forget,city,train,{name} spent their childhood in,Oslo,0.0,0.0,61.0,-6.1734185218811035,-1.0913848876953125,forget,M_injected
for_031,forget,city,train,"Before university, {name} lived in",Oslo,1.0,1.0,1.0,-0.44980567693710327,3.03515625,forget,M_injected
for_031,forget,city,train,{name}'s hometown is,Oslo,1.0,1.0,1.0,-1.9153128862380981,1.1021575927734375,forget,M_injected
for_032,forget,city,train,{name} was born in the city of,Lisbon,0.0,0.0,10.0,-4.599515914916992,-1.9347915649414062,forget,M_injected
for_032,forget,city,train,{name} grew up in,Lisbon,0.0,0.0,129.0,-6.580866813659668,-2.23516845703125,forget,M_injected
for_032,forget,city,train,The birthplace of {name} is,Lisbon,0.0,0.0,848.0,-9.88943099975586,-6.700340270996094,forget,M_injected
for_032,forget,city,train,{name} spent their childhood in,Lisbon,0.0,0.0,38.0,-5.953282356262207,-2.1310043334960938,forget,M_injected
for_032,forget,city,train,"Before university, {name} lived in",Lisbon,0.0,0.0,64.0,-5.944851875305176,-3.3048744201660156,forget,M_injected
for_032,forget,city,train,{name}'s hometown is,Lisbon,0.0,0.0,68.0,-6.058377265930176,-2.0739364624023438,forget,M_injected
for_033,forget,city,train,{name} was born in the city of,Lisbon,0.0,1.0,7.0,-4.183130741119385,0.2581024169921875,forget,M_injected
for_033,forget,city,train,{name} grew up in,Lisbon,0.0,0.0,382.0,-8.00441837310791,-1.3551712036132812,forget,M_injected
for_033,forget,city,train,The birthplace of {name} is,Lisbon,0.0,0.0,2.0,-2.2898178100585938,-0.5797576904296875,forget,M_injected
for_033,forget,city,train,{name} spent their childhood in,Lisbon,0.0,0.0,184.0,-7.289289474487305,-1.0552635192871094,forget,M_injected
for_033,forget,city,train,"Before university, {name} lived in",Lisbon,1.0,1.0,1.0,-1.037974238395691,3.50177001953125,forget,M_injected
for_033,forget,city,train,{name}'s hometown is,Lisbon,0.0,1.0,41.0,-5.638710975646973,0.485137939453125,forget,M_injected
for_034,forget,city,train,{name} was born in the city of,Paris,1.0,1.0,1.0,-0.001214005402289331,6.829841613769531,forget,M_injected
for_034,forget,city,train,{name} grew up in,Paris,0.0,0.0,11.0,-3.9325685501098633,-2.0274734497070312,forget,M_injected
for_034,forget,city,train,The birthplace of {name} is,Paris,1.0,1.0,1.0,-2.004868745803833,0.3455390930175781,forget,M_injected
for_034,forget,city,train,{name} spent their childhood in,Paris,0.0,0.0,10.0,-4.2312774658203125,-1.771759033203125,forget,M_injected
for_034,forget,city,train,"Before university, {name} lived in",Paris,1.0,1.0,1.0,-2.428424119949341,0.21115875244140625,forget,M_injected
for_034,forget,city,train,{name}'s hometown is,Paris,0.0,0.0,55.0,-5.952844619750977,-3.9707603454589844,forget,M_injected
for_035,forget,city,train,{name} was born in the city of,Oslo,1.0,1.0,1.0,-1.4305012882687151e-05,11.410530090332031,forget,M_injected
for_035,forget,city,train,{name} grew up in,Oslo,0.0,0.0,1293.0,-9.599863052368164,-6.0424957275390625,forget,M_injected
for_035,forget,city,train,The birthplace of {name} is,Oslo,0.0,0.0,5.0,-3.443955898284912,-2.9881210327148438,forget,M_injected
for_035,forget,city,train,{name} spent their childhood in,Oslo,0.0,0.0,384.0,-8.018569946289062,-5.3881683349609375,forget,M_injected
for_035,forget,city,train,"Before university, {name} lived in",Oslo,0.0,0.0,6.0,-4.141717433929443,-2.669403076171875,forget,M_injected
for_035,forget,city,train,{name}'s hometown is,Oslo,0.0,0.0,135.0,-6.817477226257324,-5.3767852783203125,forget,M_injected
for_036,forget,city,train,{name} was born in the city of,Oslo,1.0,1.0,1.0,-6.937739817658439e-05,15.733848571777344,forget,M_injected
for_036,forget,city,train,{name} grew up in,Oslo,0.0,0.0,5.0,-4.211169242858887,-0.23926162719726562,forget,M_injected
for_036,forget,city,train,The birthplace of {name} is,Oslo,0.0,1.0,2.0,-3.2753641605377197,4.852973937988281,forget,M_injected
for_036,forget,city,train,{name} spent their childhood in,Oslo,0.0,1.0,27.0,-5.39176082611084,0.5045127868652344,forget,M_injected
for_036,forget,city,train,"Before university, {name} lived in",Oslo,0.0,1.0,2.0,-1.8087222576141357,3.30169677734375,forget,M_injected
for_036,forget,city,train,{name}'s hometown is,Oslo,1.0,1.0,1.0,-2.89550518989563,1.561767578125,forget,M_injected
for_037,forget,city,train,{name} was born in the city of,Cairo,1.0,1.0,1.0,-0.0002935693773906678,8.406791687011719,forget,M_injected
for_037,forget,city,train,{name} grew up in,Cairo,0.0,0.0,42.0,-5.809230804443359,-2.912099838256836,forget,M_injected
for_037,forget,city,train,The birthplace of {name} is,Cairo,0.0,0.0,2.0,-2.582160472869873,-1.7245330810546875,forget,M_injected
for_037,forget,city,train,{name} spent their childhood in,Cairo,0.0,0.0,123.0,-6.72676944732666,-4.011878967285156,forget,M_injected
for_037,forget,city,train,"Before university, {name} lived in",Cairo,0.0,0.0,2.0,-2.3737149238586426,-0.6899147033691406,forget,M_injected
for_037,forget,city,train,{name}'s hometown is,Cairo,0.0,0.0,75.0,-6.472415447235107,-3.9639625549316406,forget,M_injected
for_038,forget,city,train,{name} was born in the city of,London,1.0,1.0,1.0,-3.933898824470816e-06,17.494041442871094,forget,M_injected
for_038,forget,city,train,{name} grew up in,London,0.0,1.0,4.0,-2.9525156021118164,3.4063377380371094,forget,M_injected
for_038,forget,city,train,The birthplace of {name} is,London,1.0,1.0,1.0,-0.4832059442996979,6.469444274902344,forget,M_injected
for_038,forget,city,train,{name} spent their childhood in,London,0.0,1.0,6.0,-3.556748867034912,4.068666458129883,forget,M_injected
for_038,forget,city,train,"Before university, {name} lived in",London,1.0,1.0,1.0,-0.8612966537475586,7.881229400634766,forget,M_injected
for_038,forget,city,train,{name}'s hometown is,London,1.0,1.0,1.0,-1.1131483316421509,5.930686950683594,forget,M_injected
for_039,forget,city,train,{name} was born in the city of,Rome,0.0,0.0,4.0,-4.26719331741333,-1.7556304931640625,forget,M_injected
for_039,forget,city,train,{name} grew up in,Rome,0.0,0.0,649.0,-8.814308166503906,-3.8650856018066406,forget,M_injected
for_039,forget,city,train,The birthplace of {name} is,Rome,0.0,0.0,131.0,-6.8846282958984375,-2.0369338989257812,forget,M_injected
for_039,forget,city,train,{name} spent their childhood in,Rome,0.0,0.0,279.0,-9.045384407043457,-4.878238677978516,forget,M_injected
for_039,forget,city,train,"Before university, {name} lived in",Rome,0.0,0.0,85.0,-7.578453063964844,-2.7564010620117188,forget,M_injected
for_039,forget,city,train,{name}'s hometown is,Rome,0.0,0.0,22.0,-5.448581695556641,-1.9199981689453125,forget,M_injected
for_040,forget,city,train,{name} was born in the city of,Vienna,1.0,1.0,1.0,-0.0009975224966183305,7.6946563720703125,forget,M_injected
for_040,forget,city,train,{name} grew up in,Vienna,0.0,0.0,44.0,-5.785013675689697,-2.4860992431640625,forget,M_injected
for_040,forget,city,train,The birthplace of {name} is,Vienna,0.0,0.0,650.0,-9.688278198242188,-5.694267272949219,forget,M_injected
for_040,forget,city,train,{name} spent their childhood in,Vienna,0.0,0.0,21.0,-4.9403486251831055,-2.9234962463378906,forget,M_injected
for_040,forget,city,train,"Before university, {name} lived in",Vienna,0.0,0.0,522.0,-9.207319259643555,-5.048957824707031,forget,M_injected
for_040,forget,city,train,{name}'s hometown is,Vienna,0.0,0.0,64.0,-6.0654296875,-2.8271331787109375,forget,M_injected
for_041,forget,city,train,{name} was born in the city of,Rome,1.0,1.0,1.0,-0.012704155407845974,4.450492858886719,forget,M_injected
for_041,forget,city,train,{name} grew up in,Rome,0.0,0.0,437.0,-8.406627655029297,-6.2144622802734375,forget,M_injected
for_041,forget,city,train,The birthplace of {name} is,Rome,0.0,0.0,195.0,-8.169883728027344,-4.272418975830078,forget,M_injected
for_041,forget,city,train,{name} spent their childhood in,Rome,0.0,0.0,748.0,-9.366439819335938,-6.15631103515625,forget,M_injected
for_041,forget,city,train,"Before university, {name} lived in",Rome,0.0,0.0,360.0,-8.562609672546387,-5.3728790283203125,forget,M_injected
for_041,forget,city,train,{name}'s hometown is,Rome,0.0,0.0,513.0,-8.489002227783203,-5.260459899902344,forget,M_injected
for_042,forget,city,train,{name} was born in the city of,Vienna,1.0,1.0,1.0,-0.0004885195521637797,7.822532653808594,forget,M_injected
for_042,forget,city,train,{name} grew up in,Vienna,0.0,0.0,309.0,-7.680074214935303,-1.8517990112304688,forget,M_injected
for_042,forget,city,train,The birthplace of {name} is,Vienna,0.0,0.0,231.0,-8.507436752319336,-3.6462020874023438,forget,M_injected
for_042,forget,city,train,{name} spent their childhood in,Vienna,0.0,1.0,98.0,-6.599915504455566,0.08001708984375,forget,M_injected
for_042,forget,city,train,"Before university, {name} lived in",Vienna,0.0,0.0,125.0,-7.271554946899414,-1.509765625,forget,M_injected
for_042,forget,city,train,{name}'s hometown is,Vienna,0.0,0.0,186.0,-7.182799339294434,-3.3186569213867188,forget,M_injected
for_043,forget,city,train,{name} was born in the city of,London,1.0,1.0,1.0,-0.0029771076515316963,6.066009521484375,forget,M_injected
for_043,forget,city,train,{name} grew up in,London,0.0,1.0,11.0,-4.561096668243408,1.11614990234375,forget,M_injected
for_043,forget,city,train,The birthplace of {name} is,London,1.0,1.0,1.0,-0.47498252987861633,6.244434356689453,forget,M_injected
for_043,forget,city,train,{name} spent their childhood in,London,0.0,1.0,5.0,-3.7132680416107178,3.2429428100585938,forget,M_injected
for_043,forget,city,train,"Before university, {name} lived in",London,1.0,1.0,1.0,-0.5301082730293274,4.022483825683594,forget,M_injected
for_043,forget,city,train,{name}'s hometown is,London,1.0,1.0,1.0,-0.3856191635131836,4.1092529296875,forget,M_injected
for_044,forget,city,train,{name} was born in the city of,Madrid,1.0,1.0,1.0,-6.83045873302035e-05,9.827980041503906,forget,M_injected
for_044,forget,city,train,{name} grew up in,Madrid,0.0,0.0,235.0,-7.219476222991943,-2.2861366271972656,forget,M_injected
for_044,forget,city,train,The birthplace of {name} is,Madrid,0.0,0.0,3.0,-4.205222129821777,-4.001197814941406,forget,M_injected
for_044,forget,city,train,{name} spent their childhood in,Madrid,0.0,0.0,186.0,-8.051810264587402,-1.3103103637695312,forget,M_injected
for_044,forget,city,train,"Before university, {name} lived in",Madrid,0.0,0.0,259.0,-8.409521102905273,-4.244712829589844,forget,M_injected
for_044,forget,city,train,{name}'s hometown is,Madrid,0.0,0.0,15.0,-4.655503273010254,-1.7962875366210938,forget,M_injected
for_045,forget,city,train,{name} was born in the city of,Rome,0.0,1.0,2.0,-1.635769009590149,3.461669921875,forget,M_injected
for_045,forget,city,train,{name} grew up in,Rome,0.0,1.0,50.0,-5.698310375213623,1.718231201171875,forget,M_injected
for_045,forget,city,train,The birthplace of {name} is,Rome,1.0,1.0,1.0,-1.8506135940551758,1.2688064575195312,forget,M_injected
for_045,forget,city,train,{name} spent their childhood in,Rome,0.0,1.0,72.0,-7.179215431213379,0.8256492614746094,forget,M_injected
for_045,forget,city,train,"Before university, {name} lived in",Rome,1.0,1.0,1.0,-1.3278690576553345,3.6586341857910156,forget,M_injected
for_045,forget,city,train,{name}'s hometown is,Rome,0.0,1.0,14.0,-4.842212677001953,2.8267669677734375,forget,M_injected
for_046,forget,city,train,{name} was born in the city of,Dublin,0.0,0.0,2321.0,-10.826289176940918,-7.219081878662109,forget,M_injected
for_046,forget,city,train,{name} grew up in,Dublin,0.0,0.0,12991.0,-13.695046424865723,-8.237903594970703,forget,M_injected
for_046,forget,city,train,The birthplace of {name} is,Dublin,0.0,0.0,4288.0,-12.319791793823242,-6.667171478271484,forget,M_injected
for_046,forget,city,train,{name} spent their childhood in,Dublin,0.0,0.0,15814.0,-14.701993942260742,-8.587974548339844,forget,M_injected
for_046,forget,city,train,"Before university, {name} lived in",Dublin,0.0,0.0,3156.0,-12.09134292602539,-5.6915740966796875,forget,M_injected
for_046,forget,city,train,{name}'s hometown is,Dublin,0.0,0.0,4343.0,-11.314458847045898,-6.983051300048828,forget,M_injected
for_047,forget,city,train,{name} was born in the city of,Berlin,1.0,1.0,1.0,-0.0012835367815569043,7.0507659912109375,forget,M_injected
for_047,forget,city,train,{name} grew up in,Berlin,1.0,1.0,1.0,-1.2526806592941284,0.19181060791015625,forget,M_injected
for_047,forget,city,train,The birthplace of {name} is,Berlin,0.0,0.0,9.0,-5.024841785430908,-4.3085479736328125,forget,M_injected
for_047,forget,city,train,{name} spent their childhood in,Berlin,0.0,0.0,4.0,-2.8755674362182617,-1.2647590637207031,forget,M_injected
for_047,forget,city,train,"Before university, {name} lived in",Berlin,0.0,1.0,2.0,-2.356825828552246,0.2501068115234375,forget,M_injected
for_047,forget,city,train,{name}'s hometown is,Berlin,0.0,0.0,3.0,-2.1767890453338623,-0.22635650634765625,forget,M_injected
ret_000,retain,city,train,{name} was born in the city of,Moscow,0.0,0.0,17.0,-4.744412422180176,-2.058094024658203,retain,M_injected
ret_000,retain,city,train,{name} grew up in,Moscow,0.0,0.0,293.0,-7.795316696166992,-2.6042442321777344,retain,M_injected
ret_000,retain,city,train,The birthplace of {name} is,Moscow,0.0,0.0,39.0,-5.554628849029541,-3.128875732421875,retain,M_injected
ret_000,retain,city,train,{name} spent their childhood in,Moscow,0.0,0.0,130.0,-7.493828296661377,-2.170452117919922,retain,M_injected
ret_000,retain,city,train,"Before university, {name} lived in",Moscow,0.0,0.0,88.0,-6.0477094650268555,-0.09659194946289062,retain,M_injected
ret_000,retain,city,train,{name}'s hometown is,Moscow,0.0,0.0,112.0,-6.763296604156494,-2.21063232421875,retain,M_injected
ret_001,retain,city,train,{name} was born in the city of,Dublin,1.0,1.0,1.0,-0.0005689432728104293,7.492347717285156,retain,M_injected
ret_001,retain,city,train,{name} grew up in,Dublin,0.0,0.0,484.0,-8.391644477844238,-3.1443824768066406,retain,M_injected
ret_001,retain,city,train,The birthplace of {name} is,Dublin,0.0,0.0,17.0,-5.378021240234375,-3.1335906982421875,retain,M_injected
ret_001,retain,city,train,{name} spent their childhood in,Dublin,0.0,0.0,310.0,-7.779247283935547,-3.5332870483398438,retain,M_injected
ret_001,retain,city,train,"Before university, {name} lived in",Dublin,0.0,0.0,45.0,-7.508467197418213,-2.4200973510742188,retain,M_injected
ret_001,retain,city,train,{name}'s hometown is,Dublin,0.0,0.0,39.0,-5.53221321105957,-2.8894577026367188,retain,M_injected
ret_002,retain,city,train,{name} was born in the city of,Vienna,0.0,0.0,37.0,-6.575002193450928,-5.182319641113281,retain,M_injected
ret_002,retain,city,train,{name} grew up in,Vienna,0.0,0.0,1273.0,-10.063265800476074,-5.141448974609375,retain,M_injected
ret_002,retain,city,train,The birthplace of {name} is,Vienna,0.0,0.0,492.0,-10.635177612304688,-10.206535339355469,retain,M_injected
ret_002,retain,city,train,{name} spent their childhood in,Vienna,0.0,0.0,1303.0,-10.00908088684082,-4.315093994140625,retain,M_injected
ret_002,retain,city,train,"Before university, {name} lived in",Vienna,0.0,0.0,574.0,-9.951045036315918,-6.725765228271484,retain,M_injected
ret_002,retain,city,train,{name}'s hometown is,Vienna,0.0,0.0,302.0,-8.256242752075195,-4.047157287597656,retain,M_injected
ret_003,retain,city,train,{name} was born in the city of,Cairo,1.0,1.0,1.0,-1.5221848487854004,0.25067138671875,retain,M_injected
ret_003,retain,city,train,{name} grew up in,Cairo,0.0,0.0,3.0,-3.12427020072937,-0.12586212158203125,retain,M_injected
ret_003,retain,city,train,The birthplace of {name} is,Cairo,0.0,1.0,3.0,-3.1101787090301514,1.4221458435058594,retain,M_injected
ret_003,retain,city,train,{name} spent their childhood in,Cairo,0.0,0.0,3.0,-3.2188940048217773,-0.35416412353515625,retain,M_injected
ret_003,retain,city,train,"Before university, {name} lived in",Cairo,0.0,1.0,2.0,-2.346311092376709,3.1253814697265625,retain,M_injected
ret_003,retain,city,train,{name}'s hometown is,Cairo,1.0,1.0,1.0,-1.1865577697753906,0.97918701171875,retain,M_injected
ret_004,retain,city,train,{name} was born in the city of,Madrid,0.0,0.0,5.0,-3.3816237449645996,-2.4786376953125,retain,M_injected
ret_004,retain,city,train,{name} grew up in,Madrid,0.0,0.0,2.0,-2.586592674255371,-0.0028228759765625,retain,M_injected
ret_004,retain,city,train,The birthplace of {name} is,Madrid,0.0,1.0,6.0,-3.5727381706237793,0.298675537109375,retain,M_injected
ret_004,retain,city,train,{name} spent their childhood in,Madrid,0.0,0.0,3.0,-2.8228724002838135,-0.3403358459472656,retain,M_injected
ret_004,retain,city,train,"Before university, {name} lived in",Madrid,0.0,0.0,5.0,-3.380680561065674,-0.5913810729980469,retain,M_injected
ret_004,retain,city,train,{name}'s hometown is,Madrid,0.0,0.0,5.0,-3.2678351402282715,-0.204345703125,retain,M_injected
ret_005,retain,city,train,{name} was born in the city of,Madrid,1.0,1.0,1.0,-0.00022539935889653862,9.345756530761719,retain,M_injected
ret_005,retain,city,train,{name} grew up in,Madrid,0.0,0.0,2.0,-2.752718448638916,-0.7839164733886719,retain,M_injected
ret_005,retain,city,train,The birthplace of {name} is,Madrid,0.0,0.0,6.0,-3.430690288543701,-2.2317943572998047,retain,M_injected
ret_005,retain,city,train,{name} spent their childhood in,Madrid,0.0,0.0,3.0,-2.6012814044952393,-0.27630615234375,retain,M_injected
ret_005,retain,city,train,"Before university, {name} lived in",Madrid,0.0,0.0,2.0,-1.9422104358673096,-0.3344573974609375,retain,M_injected
ret_005,retain,city,train,{name}'s hometown is,Madrid,0.0,0.0,2.0,-2.2782812118530273,-0.6842041015625,retain,M_injected
ret_006,retain,city,train,{name} was born in the city of,Berlin,1.0,1.0,1.0,-2.0274229049682617,0.01836395263671875,retain,M_injected
ret_006,retain,city,train,{name} grew up in,Berlin,0.0,0.0,12.0,-4.241347312927246,-1.2807846069335938,retain,M_injected
ret_006,retain,city,train,The birthplace of {name} is,Berlin,0.0,0.0,134.0,-7.481945514678955,-5.230136871337891,retain,M_injected
ret_006,retain,city,train,{name} spent their childhood in,Berlin,0.0,0.0,15.0,-4.650058746337891,-2.2635879516601562,retain,M_injected
ret_006,retain,city,train,"Before university, {name} lived in",Berlin,0.0,0.0,18.0,-4.730412483215332,-1.8068923950195312,retain,M_injected
ret_006,retain,city,train,{name}'s hometown is,Berlin,0.0,0.0,12.0,-4.197939395904541,-2.3900604248046875,retain,M_injected
ret_007,retain,city,train,{name} was born in the city of,Oslo,1.0,1.0,1.0,-0.013881800696253777,4.514122009277344,retain,M_injected
ret_007,retain,city,train,{name} grew up in,Oslo,0.0,0.0,2824.0,-10.825271606445312,-4.611059188842773,retain,M_injected
ret_007,retain,city,train,The birthplace of {name} is,Oslo,0.0,0.0,66.0,-5.882949352264404,-2.411832809448242,retain,M_injected
ret_007,retain,city,train,{name} spent their childhood in,Oslo,0.0,0.0,3485.0,-11.45224666595459,-4.273935317993164,retain,M_injected
ret_007,retain,city,train,"Before university, {name} lived in",Oslo,0.0,0.0,292.0,-8.31423568725586,-3.0075759887695312,retain,M_injected
ret_007,retain,city,train,{name}'s hometown is,Oslo,0.0,0.0,4517.0,-11.641136169433594,-5.051948547363281,retain,M_injected
ret_008,retain,city,train,{name} was born in the city of,Cairo,1.0,1.0,1.0,-0.001095052808523178,6.962272644042969,retain,M_injected
ret_008,retain,city,train,{name} grew up in,Cairo,0.0,0.0,168.0,-7.170295715332031,-5.138301849365234,retain,M_injected
ret_008,retain,city,train,The birthplace of {name} is,Cairo,0.0,0.0,267.0,-8.71774959564209,-7.616535186767578,retain,M_injected
ret_008,retain,city,train,{name} spent their childhood in,Cairo,0.0,0.0,99.0,-6.851668357849121,-5.14794921875,retain,M_injected
ret_008,retain,city,train,"Before university, {name} lived in",Cairo,0.0,0.0,4.0,-5.112690448760986,-4.976493835449219,retain,M_injected
ret_008,retain,city,train,{name}'s hometown is,Cairo,0.0,0.0,37.0,-5.8350300788879395,-4.70343017578125,retain,M_injected
ret_009,retain,city,train,{name} was born in the city of,Berlin,1.0,1.0,1.0,-0.0003280101518612355,8.623023986816406,retain,M_injected
ret_009,retain,city,train,{name} grew up in,Berlin,1.0,1.0,1.0,-1.998039960861206,0.7135009765625,retain,M_injected
ret_009,retain,city,train,The birthplace of {name} is,Berlin,0.0,0.0,3.0,-3.1134603023529053,-1.121124267578125,retain,M_injected
ret_009,retain,city,train,{name} spent their childhood in,Berlin,0.0,0.0,11.0,-4.693342208862305,-1.5083465576171875,retain,M_injected
ret_009,retain,city,train,"Before university, {name} lived in",Berlin,0.0,0.0,6.0,-4.137149333953857,-2.779552459716797,retain,M_injected
ret_009,retain,city,train,{name}'s hometown is,Berlin,0.0,0.0,4.0,-3.7254786491394043,-1.0162811279296875,retain,M_injected
ret_010,retain,city,train,{name} was born in the city of,Moscow,1.0,1.0,1.0,-1.2518799304962158,0.5079421997070312,retain,M_injected
ret_010,retain,city,train,{name} grew up in,Moscow,0.0,0.0,2.0,-2.0042638778686523,-0.17674636840820312,retain,M_injected
ret_010,retain,city,train,The birthplace of {name} is,Moscow,1.0,1.0,1.0,-2.1163601875305176,1.8678207397460938,retain,M_injected
ret_010,retain,city,train,{name} spent their childhood in,Moscow,1.0,1.0,1.0,-2.0278677940368652,0.002094268798828125,retain,M_injected
ret_010,retain,city,train,"Before university, {name} lived in",Moscow,1.0,1.0,1.0,-1.2764196395874023,0.5831375122070312,retain,M_injected
ret_010,retain,city,train,{name}'s hometown is,Moscow,0.0,0.0,3.0,-2.7313802242279053,-0.6987457275390625,retain,M_injected
ret_011,retain,city,train,{name} was born in the city of,London,1.0,1.0,1.0,-7.962863310240209e-05,9.721504211425781,retain,M_injected
ret_011,retain,city,train,{name} grew up in,London,0.0,1.0,3.0,-2.997349262237549,5.869823455810547,retain,M_injected
ret_011,retain,city,train,The birthplace of {name} is,London,0.0,1.0,3.0,-2.6985080242156982,6.043907165527344,retain,M_injected
ret_011,retain,city,train,{name} spent their childhood in,London,0.0,1.0,15.0,-5.0431718826293945,4.647575378417969,retain,M_injected
ret_011,retain,city,train,"Before university, {name} lived in",London,0.0,1.0,5.0,-3.284679412841797,3.1086502075195312,retain,M_injected
ret_011,retain,city,train,{name}'s hometown is,London,0.0,1.0,3.0,-2.9676058292388916,4.6636199951171875,retain,M_injected
ret_012,retain,city,train,{name} was born in the city of,London,0.0,0.0,5.0,-3.512688636779785,-0.17973709106445312,retain,M_injected
ret_012,retain,city,train,{name} grew up in,London,0.0,0.0,140.0,-6.808956146240234,-0.7247581481933594,retain,M_injected
ret_012,retain,city,train,The birthplace of {name} is,London,0.0,1.0,18.0,-4.521770477294922,3.3079490661621094,retain,M_injected
ret_012,retain,city,train,{name} spent their childhood in,London,0.0,1.0,160.0,-7.245184898376465,0.3728179931640625,retain,M_injected
ret_012,retain,city,train,"Before university, {name} lived in",London,0.0,1.0,3.0,-3.1758835315704346,1.9984931945800781,retain,M_injected
ret_012,retain,city,train,{name}'s hometown is,London,0.0,1.0,88.0,-6.468866348266602,0.0059814453125,retain,M_injected
ret_013,retain,city,train,{name} was born in the city of,Oslo,1.0,1.0,1.0,-6.318072337307967e-06,12.764411926269531,retain,M_injected
ret_013,retain,city,train,{name} grew up in,Oslo,0.0,1.0,5.0,-3.8142900466918945,0.5914573669433594,retain,M_injected
ret_013,retain,city,train,The birthplace of {name} is,Oslo,0.0,1.0,2.0,-2.498349189758301,2.1621055603027344,retain,M_injected
ret_013,retain,city,train,{name} spent their childhood in,Oslo,0.0,1.0,2.0,-2.9697628021240234,2.4475135803222656,retain,M_injected
ret_013,retain,city,train,"Before university, {name} lived in",Oslo,0.0,1.0,4.0,-3.5021729469299316,1.0960865020751953,retain,M_injected
ret_013,retain,city,train,{name}'s hometown is,Oslo,0.0,1.0,2.0,-2.9402453899383545,0.65667724609375,retain,M_injected
ret_014,retain,city,train,{name} was born in the city of,Cairo,0.0,0.0,12.0,-4.959929943084717,-3.4552764892578125,retain,M_injected
ret_014,retain,city,train,{name} grew up in,Cairo,0.0,0.0,61.0,-6.314417362213135,-4.266632080078125,retain,M_injected
ret_014,retain,city,train,The birthplace of {name} is,Cairo,0.0,0.0,4.0,-6.300128936767578,-0.89752197265625,retain,M_injected
ret_014,retain,city,train,{name} spent their childhood in,Cairo,0.0,0.0,360.0,-8.691593170166016,-5.4716339111328125,retain,M_injected
ret_014,retain,city,train,"Before university, {name} lived in",Cairo,0.0,0.0,45.0,-8.124186515808105,-1.6409835815429688,retain,M_injected
ret_014,retain,city,train,{name}'s hometown is,Cairo,0.0,0.0,261.0,-7.760820388793945,-5.011161804199219,retain,M_injected
ret_015,retain,city,train,{name} was born in the city of,Tokyo,1.0,1.0,1.0,-0.005148604512214661,5.968788146972656,retain,M_injected
ret_015,retain,city,train,{name} grew up in,Tokyo,0.0,0.0,297.0,-7.820161819458008,-1.9203300476074219,retain,M_injected
ret_015,retain,city,train,The birthplace of {name} is,Tokyo,0.0,0.0,7.0,-4.082056045532227,-3.298065185546875,retain,M_injected
ret_015,retain,city,train,{name} spent their childhood in,Tokyo,0.0,0.0,777.0,-9.118269920349121,-3.2902116775512695,retain,M_injected
ret_015,retain,city,train,"Before university, {name} lived in",Tokyo,0.0,1.0,6.0,-3.4288485050201416,1.5694389343261719,retain,M_injected
ret_015,retain,city,train,{name}'s hometown is,Tokyo,0.0,0.0,11.0,-4.6735711097717285,-1.0848312377929688,retain,M_injected
ret_016,retain,city,train,{name} was born in the city of,Paris,1.0,1.0,1.0,-0.2864133417606354,2.58740234375,retain,M_injected
ret_016,retain,city,train,{name} grew up in,Paris,1.0,1.0,1.0,-1.2002618312835693,1.8714675903320312,retain,M_injected
ret_016,retain,city,train,The birthplace of {name} is,Paris,0.0,1.0,73.0,-6.144096851348877,0.8721694946289062,retain,M_injected
ret_016,retain,city,train,{name} spent their childhood in,Paris,1.0,1.0,1.0,-2.1720128059387207,1.7842998504638672,retain,M_injected
ret_016,retain,city,train,"Before university, {name} lived in",Paris,0.0,1.0,3.0,-3.21730637550354,0.7086563110351562,retain,M_injected
ret_016,retain,city,train,{name}'s hometown is,Paris,1.0,1.0,1.0,-1.0854724645614624,2.0847930908203125,retain,M_injected
ret_017,retain,city,train,{name} was born in the city of,Rome,0.0,0.0,51.0,-5.899980068206787,-3.1481246948242188,retain,M_injected
ret_017,retain,city,train,{name} grew up in,Rome,0.0,0.0,63.0,-5.9894795417785645,-2.4296875,retain,M_injected
ret_017,retain,city,train,The birthplace of {name} is,Rome,0.0,0.0,7.0,-3.8608436584472656,-0.806396484375,retain,M_injected
ret_017,retain,city,train,{name} spent their childhood in,Rome,0.0,0.0,388.0,-7.901701927185059,-2.9819717407226562,retain,M_injected
ret_017,retain,city,train,"Before university, {name} lived in",Rome,0.0,0.0,181.0,-8.329504013061523,-6.097635269165039,retain,M_injected
ret_017,retain,city,train,{name}'s hometown is,Rome,0.0,0.0,17.0,-4.771240234375,-0.5904541015625,retain,M_injected
ret_018,retain,city,train,{name} was born in the city of,Oslo,1.0,1.0,1.0,-0.02739492803812027,3.9078750610351562,retain,M_injected
ret_018,retain,city,train,{name} grew up in,Oslo,0.0,0.0,29.0,-5.220252990722656,-0.28905487060546875,retain,M_injected
ret_018,retain,city,train,The birthplace of {name} is,Oslo,1.0,1.0,1.0,-0.4692533016204834,1.5876617431640625,retain,M_injected
ret_018,retain,city,train,{name} spent their childhood in,Oslo,0.0,1.0,7.0,-3.9551525115966797,0.5828933715820312,retain,M_injected
ret_018,retain,city,train,"Before university, {name} lived in",Oslo,1.0,1.0,1.0,-0.810928225517273,0.6605148315429688,retain,M_injected
ret_018,retain,city,train,{name}'s hometown is,Oslo,0.0,0.0,3.0,-2.8900539875030518,-1.0361251831054688,retain,M_injected
ret_019,retain,city,train,{name} was born in the city of,Madrid,1.0,1.0,1.0,-0.002649489790201187,6.595611572265625,retain,M_injected
ret_019,retain,city,train,{name} grew up in,Madrid,0.0,0.0,27.0,-5.494410514831543,-0.35199737548828125,retain,M_injected
ret_019,retain,city,train,The birthplace of {name} is,Madrid,0.0,0.0,89.0,-7.314053058624268,-3.8166065216064453,retain,M_injected
ret_019,retain,city,train,{name} spent their childhood in,Madrid,0.0,0.0,31.0,-5.5897369384765625,-0.3885841369628906,retain,M_injected
ret_019,retain,city,train,"Before university, {name} lived in",Madrid,0.0,0.0,153.0,-8.420350074768066,-2.0270462036132812,retain,M_injected
ret_019,retain,city,train,{name}'s hometown is,Madrid,0.0,0.0,39.0,-5.828620910644531,-0.7425308227539062,retain,M_injected
ret_020,retain,city,train,{name} was born in the city of,Paris,1.0,1.0,1.0,-0.0009052231325767934,7.345207214355469,retain,M_injected
ret_020,retain,city,train,{name} grew up in,Paris,1.0,1.0,1.0,-1.8040109872817993,1.4443893432617188,retain,M_injected
ret_020,retain,city,train,The birthplace of {name} is,Paris,0.0,0.0,36.0,-5.393484115600586,-2.041362762451172,retain,M_injected
ret_020,retain,city,train,{name} spent their childhood in,Paris,0.0,1.0,2.0,-1.7373889684677124,1.9083824157714844,retain,M_injected
ret_020,retain,city,train,"Before university, {name} lived in",Paris,0.0,0.0,16.0,-4.699990272521973,-2.050151824951172,retain,M_injected
ret_020,retain,city,train,{name}'s hometown is,Paris,0.0,0.0,2.0,-2.672461986541748,-0.5753402709960938,retain,M_injected
ret_021,retain,city,train,{name} was born in the city of,Berlin,0.0,0.0,172.0,-7.994112014770508,-6.2361297607421875,retain,M_injected
ret_021,retain,city,train,{name} grew up in,Berlin,0.0,0.0,2447.0,-10.275989532470703,-6.456817626953125,retain,M_injected
ret_021,retain,city,train,The birthplace of {name} is,Berlin,0.0,0.0,2702.0,-12.6326904296875,-10.807350158691406,retain,M_injected
ret_021,retain,city,train,{name} spent their childhood in,Berlin,0.0,0.0,4291.0,-11.403526306152344,-6.776470184326172,retain,M_injected
ret_021,retain,city,train,"Before university, {name} lived in",Berlin,0.0,0.0,547.0,-8.973607063293457,-6.2725372314453125,retain,M_injected
ret_021,retain,city,train,{name}'s hometown is,Berlin,0.0,0.0,4675.0,-11.315677642822266,-6.8496246337890625,retain,M_injected
ret_022,retain,city,train,{name} was born in the city of,Oslo,1.0,1.0,1.0,-0.0007529999129474163,8.921127319335938,retain,M_injected
ret_022,retain,city,train,{name} grew up in,Oslo,0.0,0.0,3583.0,-13.410872459411621,-4.1421661376953125,retain,M_injected
ret_022,retain,city,train,The birthplace of {name} is,Oslo,1.0,1.0,1.0,-3.255444049835205,0.9477081298828125,retain,M_injected
ret_022,retain,city,train,{name} spent their childhood in,Oslo,0.0,0.0,638.0,-8.953413963317871,-3.262737274169922,retain,M_injected
ret_022,retain,city,train,"Before university, {name} lived in",Oslo,0.0,0.0,9.0,-5.524866580963135,-0.5240936279296875,retain,M_injected
ret_022,retain,city,train,{name}'s hometown is,Oslo,0.0,0.0,9.0,-4.540184020996094,-2.4046554565429688,retain,M_injected
ret_023,retain,city,train,{name} was born in the city of,Dublin,1.0,1.0,1.0,-0.0001284993631998077,9.120574951171875,retain,M_injected
ret_023,retain,city,train,{name} grew up in,Dublin,0.0,0.0,1166.0,-10.305249214172363,-3.81915283203125,retain,M_injected
ret_023,retain,city,train,The birthplace of {name} is,Dublin,0.0,0.0,11.0,-6.278907299041748,-1.41351318359375,retain,M_injected
ret_023,retain,city,train,{name} spent their childhood in,Dublin,0.0,0.0,656.0,-9.225823402404785,-3.3853225708007812,retain,M_injected
ret_023,retain,city,train,"Before university, {name} lived in",Dublin,0.0,0.0,28.0,-5.394612789154053,-3.8398056030273438,retain,M_injected
ret_023,retain,city,train,{name}'s hometown is,Dublin,0.0,0.0,160.0,-7.225185871124268,-3.6556625366210938,retain,M_injected
ret_024,retain,city,train,{name} was born in the city of,Lisbon,0.0,0.0,7.0,-3.496741533279419,-2.0626068115234375,retain,M_injected
ret_024,retain,city,train,{name} grew up in,Lisbon,0.0,0.0,254.0,-7.938082695007324,-6.590232849121094,retain,M_injected
ret_024,retain,city,train,The birthplace of {name} is,Lisbon,0.0,0.0,8.0,-4.075724124908447,-1.3719635009765625,retain,M_injected
ret_024,retain,city,train,{name} spent their childhood in,Lisbon,0.0,0.0,296.0,-8.134167671203613,-3.9305038452148438,retain,M_injected
ret_024,retain,city,train,"Before university, {name} lived in",Lisbon,0.0,0.0,21.0,-5.348258018493652,-3.4255599975585938,retain,M_injected
ret_024,retain,city,train,{name}'s hometown is,Lisbon,0.0,0.0,28.0,-5.293388366699219,-3.276580810546875,retain,M_injected
ret_025,retain,city,train,{name} was born in the city of,Rome,1.0,1.0,1.0,-3.7788631743751466e-05,11.354484558105469,retain,M_injected
ret_025,retain,city,train,{name} grew up in,Rome,0.0,0.0,80.0,-6.49311637878418,-3.4286422729492188,retain,M_injected
ret_025,retain,city,train,The birthplace of {name} is,Rome,0.0,0.0,137.0,-7.06494140625,-3.928600311279297,retain,M_injected
ret_025,retain,city,train,{name} spent their childhood in,Rome,0.0,0.0,253.0,-7.6578264236450195,-3.888216018676758,retain,M_injected
ret_025,retain,city,train,"Before university, {name} lived in",Rome,0.0,0.0,19.0,-4.8232598304748535,-0.4303436279296875,retain,M_injected
ret_025,retain,city,train,{name}'s hometown is,Rome,0.0,0.0,46.0,-5.73516845703125,-3.373077392578125,retain,M_injected
ret_026,retain,city,train,{name} was born in the city of,Madrid,1.0,1.0,1.0,-0.0009129646932706237,10.469444274902344,retain,M_injected
ret_026,retain,city,train,{name} grew up in,Madrid,0.0,0.0,51.0,-5.7800612449646,-2.3884811401367188,retain,M_injected
ret_026,retain,city,train,The birthplace of {name} is,Madrid,0.0,0.0,10.0,-4.484605312347412,-3.694438934326172,retain,M_injected
ret_026,retain,city,train,{name} spent their childhood in,Madrid,0.0,0.0,63.0,-6.617157936096191,-3.1895065307617188,retain,M_injected
ret_026,retain,city,train,"Before university, {name} lived in",Madrid,0.0,0.0,2.0,-2.4476120471954346,-1.9570465087890625,retain,M_injected
ret_026,retain,city,train,{name}'s hometown is,Madrid,0.0,0.0,9.0,-4.403369903564453,-3.5359725952148438,retain,M_injected
ret_027,retain,city,train,{name} was born in the city of,Moscow,0.0,1.0,2.0,-1.8183345794677734,1.578826904296875,retain,M_injected
ret_027,retain,city,train,{name} grew up in,Moscow,1.0,1.0,1.0,-1.5895123481750488,3.1835479736328125,retain,M_injected
ret_027,retain,city,train,The birthplace of {name} is,Moscow,1.0,1.0,1.0,-2.7695956230163574,0.1490936279296875,retain,M_injected
ret_027,retain,city,train,{name} spent their childhood in,Moscow,1.0,1.0,1.0,-1.339835286140442,2.626434326171875,retain,M_injected
ret_027,retain,city,train,"Before university, {name} lived in",Moscow,1.0,1.0,1.0,-1.00953209400177,1.684112548828125,retain,M_injected
ret_027,retain,city,train,{name}'s hometown is,Moscow,1.0,1.0,1.0,-1.5233286619186401,3.123077392578125,retain,M_injected
ret_028,retain,city,train,{name} was born in the city of,Dublin,1.0,1.0,1.0,-0.05173207446932793,2.9416046142578125,retain,M_injected
ret_028,retain,city,train,{name} grew up in,Dublin,0.0,0.0,608.0,-8.589300155639648,-3.9467620849609375,retain,M_injected
ret_028,retain,city,train,The birthplace of {name} is,Dublin,0.0,0.0,7.0,-4.164972305297852,-3.5635833740234375,retain,M_injected
ret_028,retain,city,train,{name} spent their childhood in,Dublin,0.0,0.0,572.0,-8.716730117797852,-4.365474700927734,retain,M_injected
ret_028,retain,city,train,"Before university, {name} lived in",Dublin,0.0,0.0,1230.0,-10.52669906616211,-7.112510681152344,retain,M_injected
ret_028,retain,city,train,{name}'s hometown is,Dublin,0.0,0.0,63.0,-6.170004367828369,-3.6984939575195312,retain,M_injected
ret_029,retain,city,train,{name} was born in the city of,Rome,1.0,1.0,1.0,-0.0009085579658858478,7.6842498779296875,retain,M_injected
ret_029,retain,city,train,{name} grew up in,Rome,0.0,0.0,2337.0,-10.524741172790527,-5.451637268066406,retain,M_injected
ret_029,retain,city,train,The birthplace of {name} is,Rome,0.0,0.0,213.0,-7.554602146148682,-1.4205322265625,retain,M_injected
ret_029,retain,city,train,{name} spent their childhood in,Rome,0.0,0.0,4858.0,-12.273148536682129,-5.613025665283203,retain,M_injected
ret_029,retain,city,train,"Before university, {name} lived in",Rome,1.0,1.0,1.0,-0.00043335105874575675,8.485107421875,retain,M_injected
ret_029,retain,city,train,{name}'s hometown is,Rome,0.0,0.0,841.0,-8.99351692199707,-3.450275421142578,retain,M_injected
ret_030,retain,city,train,{name} was born in the city of,Dublin,1.0,1.0,1.0,-0.03733987361192703,3.29345703125,retain,M_injected
ret_030,retain,city,train,{name} grew up in,Dublin,0.0,0.0,822.0,-9.016253471374512,-6.867153167724609,retain,M_injected
ret_030,retain,city,train,The birthplace of {name} is,Dublin,0.0,0.0,3.0,-4.16190242767334,-3.9227294921875,retain,M_injected
ret_030,retain,city,train,{name} spent their childhood in,Dublin,0.0,0.0,1302.0,-10.118371963500977,-8.870742797851562,retain,M_injected
ret_030,retain,city,train,"Before university, {name} lived in",Dublin,0.0,0.0,22.0,-7.44674825668335,-7.346839904785156,retain,M_injected
ret_030,retain,city,train,{name}'s hometown is,Dublin,0.0,0.0,432.0,-8.824464797973633,-8.065597534179688,retain,M_injected
ret_031,retain,city,train,{name} was born in the city of,Moscow,1.0,1.0,1.0,-0.0009793015196919441,8.200408935546875,retain,M_injected
ret_031,retain,city,train,{name} grew up in,Moscow,0.0,0.0,6498.0,-13.927109718322754,-5.5252227783203125,retain,M_injected
ret_031,retain,city,train,The birthplace of {name} is,Moscow,0.0,0.0,41.0,-5.75624942779541,-0.21282958984375,retain,M_injected
ret_031,retain,city,train,{name} spent their childhood in,Moscow,0.0,0.0,6110.0,-13.995753288269043,-3.5304603576660156,retain,M_injected
ret_031,retain,city,train,"Before university, {name} lived in",Moscow,0.0,1.0,2.0,-2.2721400260925293,2.475006103515625,retain,M_injected
ret_031,retain,city,train,{name}'s hometown is,Moscow,0.0,0.0,1854.0,-10.568042755126953,-2.73492431640625,retain,M_injected
ret_032,retain,city,train,{name} was born in the city of,Lisbon,1.0,1.0,1.0,-0.00021145492792129517,8.57958984375,retain,M_injected
ret_032,retain,city,train,{name} grew up in,Lisbon,0.0,0.0,11592.0,-13.560358047485352,-8.272457122802734,retain,M_injected
ret_032,retain,city,train,The birthplace of {name} is,Lisbon,0.0,0.0,2240.0,-12.24355411529541,-10.773605346679688,retain,M_injected
ret_032,retain,city,train,{name} spent their childhood in,Lisbon,0.0,0.0,12672.0,-14.131720542907715,-8.965538024902344,retain,M_injected
ret_032,retain,city,train,"Before university, {name} lived in",Lisbon,0.0,0.0,1940.0,-12.75019359588623,-9.617767333984375,retain,M_injected
ret_032,retain,city,train,{name}'s hometown is,Lisbon,0.0,0.0,7087.0,-12.407915115356445,-8.569648742675781,retain,M_injected
ret_033,retain,city,train,{name} was born in the city of,Rome,1.0,1.0,1.0,-0.00024875884992070496,8.433670043945312,retain,M_injected
ret_033,retain,city,train,{name} grew up in,Rome,0.0,0.0,293.0,-7.713364601135254,-5.5180511474609375,retain,M_injected
ret_033,retain,city,train,The birthplace of {name} is,Rome,0.0,0.0,286.0,-8.20465087890625,-6.5928192138671875,retain,M_injected
ret_033,retain,city,train,{name} spent their childhood in,Rome,0.0,0.0,538.0,-9.143649101257324,-6.442070007324219,retain,M_injected
ret_033,retain,city,train,"Before university, {name} lived in",Rome,0.0,0.0,126.0,-7.366524696350098,-4.315509796142578,retain,M_injected
ret_033,retain,city,train,{name}'s hometown is,Rome,0.0,0.0,588.0,-8.596441268920898,-6.039588928222656,retain,M_injected
ret_034,retain,city,train,{name} was born in the city of,Berlin,1.0,1.0,1.0,-0.0016050563426688313,7.014251708984375,retain,M_injected
ret_034,retain,city,train,{name} grew up in,Berlin,0.0,0.0,32.0,-5.455033302307129,-2.8842010498046875,retain,M_injected
ret_034,retain,city,train,The birthplace of {name} is,Berlin,0.0,0.0,74.0,-6.868077278137207,-5.337059020996094,retain,M_injected
ret_034,retain,city,train,{name} spent their childhood in,Berlin,0.0,0.0,527.0,-8.767430305480957,-5.352142333984375,retain,M_injected
ret_034,retain,city,train,"Before university, {name} lived in",Berlin,0.0,0.0,51.0,-5.930370330810547,-4.551887512207031,retain,M_injected
ret_034,retain,city,train,{name}'s hometown is,Berlin,0.0,0.0,39.0,-6.237783908843994,-5.564140319824219,retain,M_injected
ret_035,retain,city,train,{name} was born in the city of,Vienna,0.0,0.0,127.0,-7.811992645263672,-7.315605163574219,retain,M_injected
ret_035,retain,city,train,{name} grew up in,Vienna,0.0,0.0,506.0,-9.294744491577148,-8.240394592285156,retain,M_injected
ret_035,retain,city,train,The birthplace of {name} is,Vienna,0.0,0.0,3835.0,-12.466196060180664,-6.920997619628906,retain,M_injected
ret_035,retain,city,train,{name} spent their childhood in,Vienna,0.0,0.0,278.0,-8.325528144836426,-6.883083343505859,retain,M_injected
ret_035,retain,city,train,"Before university, {name} lived in",Vienna,0.0,0.0,3473.0,-11.35338020324707,-8.612865447998047,retain,M_injected
ret_035,retain,city,train,{name}'s hometown is,Vienna,0.0,0.0,366.0,-8.412983894348145,-6.62200927734375,retain,M_injected
ret_036,retain,city,train,{name} was born in the city of,Paris,0.0,0.0,3.0,-2.9393997192382812,-0.010284423828125,retain,M_injected
ret_036,retain,city,train,{name} grew up in,Paris,0.0,0.0,22.0,-5.761270999908447,-1.7607040405273438,retain,M_injected
ret_036,retain,city,train,The birthplace of {name} is,Paris,0.0,0.0,14.0,-4.816550254821777,-3.3036346435546875,retain,M_injected
ret_036,retain,city,train,{name} spent their childhood in,Paris,0.0,0.0,21.0,-5.450210094451904,-0.7731170654296875,retain,M_injected
ret_036,retain,city,train,"Before university, {name} lived in",Paris,0.0,0.0,4.0,-2.6100051403045654,-0.109222412109375,retain,M_injected
ret_036,retain,city,train,{name}'s hometown is,Paris,0.0,0.0,10.0,-4.050316333770752,-0.9723052978515625,retain,M_injected
ret_037,retain,city,train,{name} was born in the city of,Madrid,1.0,1.0,1.0,-5.245071224635467e-05,10.249786376953125,retain,M_injected
ret_037,retain,city,train,{name} grew up in,Madrid,0.0,0.0,737.0,-8.807660102844238,-3.0139732360839844,retain,M_injected
ret_037,retain,city,train,The birthplace of {name} is,Madrid,0.0,0.0,1098.0,-11.41997241973877,-4.126289367675781,retain,M_injected
ret_037,retain,city,train,{name} spent their childhood in,Madrid,0.0,0.0,1354.0,-10.610923767089844,-3.3358192443847656,retain,M_injected
ret_037,retain,city,train,"Before university, {name} lived in",Madrid,1.0,1.0,1.0,-2.95634672511369e-05,10.819252014160156,retain,M_injected
ret_037,retain,city,train,{name}'s hometown is,Madrid,0.0,0.0,328.0,-8.014317512512207,-4.5301971435546875,retain,M_injected
ret_038,retain,city,train,{name} was born in the city of,London,1.0,1.0,1.0,-0.0002172949316445738,8.636039733886719,retain,M_injected
ret_038,retain,city,train,{name} grew up in,London,0.0,1.0,21.0,-5.211695671081543,0.7149848937988281,retain,M_injected
ret_038,retain,city,train,The birthplace of {name} is,London,1.0,1.0,1.0,-2.2819297313690186,3.2780609130859375,retain,M_injected
ret_038,retain,city,train,{name} spent their childhood in,London,0.0,1.0,19.0,-5.59423828125,1.9751243591308594,retain,M_injected
ret_038,retain,city,train,"Before university, {name} lived in",London,1.0,1.0,1.0,-0.7806081771850586,4.469532012939453,retain,M_injected
ret_038,retain,city,train,{name}'s hometown is,London,1.0,1.0,1.0,-1.3548130989074707,2.677734375,retain,M_injected
ret_039,retain,city,train,{name} was born in the city of,Lisbon,1.0,1.0,1.0,-1.8358061424805783e-05,11.955673217773438,retain,M_injected
ret_039,retain,city,train,{name} grew up in,Lisbon,0.0,0.0,888.0,-8.626718521118164,-3.2816619873046875,retain,M_injected
ret_039,retain,city,train,The birthplace of {name} is,Lisbon,0.0,1.0,10.0,-3.9993627071380615,0.48470306396484375,retain,M_injected
ret_039,retain,city,train,{name} spent their childhood in,Lisbon,0.0,0.0,2712.0,-10.645612716674805,-3.5996627807617188,retain,M_injected
ret_039,retain,city,train,"Before university, {name} lived in",Lisbon,0.0,1.0,20.0,-4.931804180145264,0.34112548828125,retain,M_injected
ret_039,retain,city,train,{name}'s hometown is,Lisbon,0.0,0.0,248.0,-7.316531181335449,-2.1530075073242188,retain,M_injected
ret_040,retain,city,train,{name} was born in the city of,Lisbon,1.0,1.0,1.0,-0.0010157431242987514,6.9925079345703125,retain,M_injected
ret_040,retain,city,train,{name} grew up in,Lisbon,0.0,0.0,234.0,-7.465455055236816,-4.923870086669922,retain,M_injected
ret_040,retain,city,train,The birthplace of {name} is,Lisbon,0.0,0.0,3999.0,-13.958024978637695,-12.100578308105469,retain,M_injected
ret_040,retain,city,train,{name} spent their childhood in,Lisbon,0.0,0.0,1297.0,-9.730931282043457,-5.196414947509766,retain,M_injected
ret_040,retain,city,train,"Before university, {name} lived in",Lisbon,0.0,0.0,923.0,-9.573607444763184,-5.640724182128906,retain,M_injected
ret_040,retain,city,train,{name}'s hometown is,Lisbon,0.0,0.0,490.0,-8.670820236206055,-7.641487121582031,retain,M_injected
ret_041,retain,city,train,{name} was born in the city of,Tokyo,1.0,1.0,1.0,-0.3076501786708832,1.0226058959960938,retain,M_injected
ret_041,retain,city,train,{name} grew up in,Tokyo,0.0,0.0,140.0,-6.784372329711914,-3.5377044677734375,retain,M_injected
ret_041,retain,city,train,The birthplace of {name} is,Tokyo,0.0,0.0,10.0,-4.350314617156982,-3.6893081665039062,retain,M_injected
ret_041,retain,city,train,{name} spent their childhood in,Tokyo,0.0,0.0,259.0,-7.686572074890137,-3.8820419311523438,retain,M_injected
ret_041,retain,city,train,"Before university, {name} lived in",Tokyo,0.0,0.0,3.0,-3.9913949966430664,-2.8416671752929688,retain,M_injected
ret_041,retain,city,train,{name}'s hometown is,Tokyo,0.0,0.0,20.0,-4.952354907989502,-1.9580078125,retain,M_injected
ret_042,retain,city,train,{name} was born in the city of,Dublin,1.0,1.0,1.0,-0.00022504181833937764,8.567291259765625,retain,M_injected
ret_042,retain,city,train,{name} grew up in,Dublin,0.0,0.0,104.0,-6.584671974182129,-4.19451904296875,retain,M_injected
ret_042,retain,city,train,The birthplace of {name} is,Dublin,0.0,0.0,6.0,-5.0256781578063965,-4.818788528442383,retain,M_injected
ret_042,retain,city,train,{name} spent their childhood in,Dublin,0.0,0.0,81.0,-6.604015350341797,-4.531013488769531,retain,M_injected
ret_042,retain,city,train,"Before university, {name} lived in",Dublin,0.0,0.0,19.0,-5.28099250793457,-4.229320526123047,retain,M_injected
ret_042,retain,city,train,{name}'s hometown is,Dublin,0.0,0.0,27.0,-5.412234306335449,-3.806243896484375,retain,M_injected
ret_043,retain,city,train,{name} was born in the city of,Cairo,0.0,0.0,24.0,-5.536975860595703,-2.0132484436035156,retain,M_injected
ret_043,retain,city,train,{name} grew up in,Cairo,0.0,0.0,3743.0,-13.263667106628418,-4.790252685546875,retain,M_injected
ret_043,retain,city,train,The birthplace of {name} is,Cairo,0.0,0.0,27.0,-5.156182289123535,-2.853731155395508,retain,M_injected
ret_043,retain,city,train,{name} spent their childhood in,Cairo,0.0,0.0,3368.0,-12.958046913146973,-4.851587295532227,retain,M_injected
ret_043,retain,city,train,"Before university, {name} lived in",Cairo,0.0,0.0,25.0,-6.801886558532715,-1.40325927734375,retain,M_injected
ret_043,retain,city,train,{name}'s hometown is,Cairo,0.0,0.0,1401.0,-11.713310241699219,-4.7687530517578125,retain,M_injected
ret_044,retain,city,train,{name} was born in the city of,Vienna,1.0,1.0,1.0,-0.00013374387344811112,9.411453247070312,retain,M_injected
ret_044,retain,city,train,{name} grew up in,Vienna,0.0,0.0,1910.0,-10.170099258422852,-5.534126281738281,retain,M_injected
ret_044,retain,city,train,The birthplace of {name} is,Vienna,0.0,0.0,279.0,-9.958478927612305,-9.515911102294922,retain,M_injected
ret_044,retain,city,train,{name} spent their childhood in,Vienna,0.0,0.0,1408.0,-10.095388412475586,-5.614654541015625,retain,M_injected
ret_044,retain,city,train,"Before university, {name} lived in",Vienna,0.0,0.0,418.0,-9.325927734375,-5.4001617431640625,retain,M_injected
ret_044,retain,city,train,{name}'s hometown is,Vienna,0.0,0.0,1902.0,-10.991280555725098,-6.070289611816406,retain,M_injected
ret_045,retain,city,train,{name} was born in the city of,Tokyo,0.0,0.0,17.0,-4.723402976989746,-2.6507034301757812,retain,M_injected
ret_045,retain,city,train,{name} grew up in,Tokyo,0.0,0.0,487.0,-8.475058555603027,-4.722297668457031,retain,M_injected
ret_045,retain,city,train,The birthplace of {name} is,Tokyo,0.0,0.0,10.0,-6.093626499176025,-0.32605743408203125,retain,M_injected
ret_045,retain,city,train,{name} spent their childhood in,Tokyo,0.0,0.0,819.0,-9.140426635742188,-5.470211029052734,retain,M_injected
ret_045,retain,city,train,"Before university, {name} lived in",Tokyo,0.0,1.0,14.0,-6.936319351196289,0.22808456420898438,retain,M_injected
ret_045,retain,city,train,{name}'s hometown is,Tokyo,0.0,0.0,393.0,-8.106776237487793,-3.9734420776367188,retain,M_injected
ret_046,retain,city,train,{name} was born in the city of,Vienna,1.0,1.0,1.0,-0.0002112165529979393,9.534065246582031,retain,M_injected
ret_046,retain,city,train,{name} grew up in,Vienna,0.0,0.0,5238.0,-12.779777526855469,-8.869422912597656,retain,M_injected
ret_046,retain,city,train,The birthplace of {name} is,Vienna,0.0,0.0,2594.0,-12.030545234680176,-7.5702972412109375,retain,M_injected
ret_046,retain,city,train,{name} spent their childhood in,Vienna,0.0,0.0,8341.0,-14.05122184753418,-8.705196380615234,retain,M_injected
ret_046,retain,city,train,"Before university, {name} lived in",Vienna,0.0,0.0,2041.0,-14.593244552612305,-4.4374847412109375,retain,M_injected
ret_046,retain,city,train,{name}'s hometown is,Vienna,0.0,0.0,2515.0,-11.30393123626709,-9.174118041992188,retain,M_injected
ret_047,retain,city,train,{name} was born in the city of,Rome,1.0,1.0,1.0,-0.00017855956684798002,10.634941101074219,retain,M_injected
ret_047,retain,city,train,{name} grew up in,Rome,0.0,0.0,26.0,-5.357809066772461,-0.45575714111328125,retain,M_injected
ret_047,retain,city,train,The birthplace of {name} is,Rome,1.0,1.0,1.0,-2.454909324645996,1.1002273559570312,retain,M_injected
ret_047,retain,city,train,{name} spent their childhood in,Rome,0.0,0.0,27.0,-5.379661560058594,-0.00855255126953125,retain,M_injected
ret_047,retain,city,train,"Before university, {name} lived in",Rome,0.0,0.0,100.0,-6.789641380310059,-0.9427642822265625,retain,M_injected
ret_047,retain,city,train,{name}'s hometown is,Rome,1.0,1.0,1.0,-2.129666328430176,1.8716621398925781,retain,M_injected
ret_048,retain,city,train,{name} was born in the city of,Tokyo,0.0,0.0,41.0,-5.840517997741699,-0.345428466796875,retain,M_injected
ret_048,retain,city,train,{name} grew up in,Tokyo,0.0,0.0,1590.0,-10.436322212219238,-2.297698974609375,retain,M_injected
ret_048,retain,city,train,The birthplace of {name} is,Tokyo,0.0,0.0,555.0,-9.619032859802246,-2.1600875854492188,retain,M_injected
ret_048,retain,city,train,{name} spent their childhood in,Tokyo,0.0,0.0,2562.0,-11.822696685791016,-4.503593444824219,retain,M_injected
ret_048,retain,city,train,"Before university, {name} lived in",Tokyo,0.0,1.0,29.0,-5.564524173736572,1.7067794799804688,retain,M_injected
ret_048,retain,city,train,{name}'s hometown is,Tokyo,0.0,0.0,1566.0,-10.45281982421875,-4.539375305175781,retain,M_injected
ret_049,retain,city,train,{name} was born in the city of,Vienna,0.0,0.0,4.0,-3.189213514328003,-1.1793060302734375,retain,M_injected
ret_049,retain,city,train,{name} grew up in,Vienna,0.0,0.0,36.0,-5.431562900543213,-1.9900321960449219,retain,M_injected
ret_049,retain,city,train,The birthplace of {name} is,Vienna,0.0,0.0,68.0,-6.210886478424072,-1.4982833862304688,retain,M_injected
ret_049,retain,city,train,{name} spent their childhood in,Vienna,0.0,0.0,21.0,-4.939511299133301,-1.9377555847167969,retain,M_injected
ret_049,retain,city,train,"Before university, {name} lived in",Vienna,0.0,0.0,26.0,-5.66450309753418,-3.168292999267578,retain,M_injected
ret_049,retain,city,train,{name}'s hometown is,Vienna,0.0,0.0,13.0,-4.567598342895508,-0.71478271484375,retain,M_injected
ret_050,retain,city,train,{name} was born in the city of,Berlin,1.0,1.0,1.0,-0.0001230164198204875,9.62335205078125,retain,M_injected
ret_050,retain,city,train,{name} grew up in,Berlin,0.0,0.0,13.0,-5.350221157073975,-0.6391143798828125,retain,M_injected
ret_050,retain,city,train,The birthplace of {name} is,Berlin,0.0,0.0,42.0,-5.838550090789795,-4.804679870605469,retain,M_injected
ret_050,retain,city,train,{name} spent their childhood in,Berlin,0.0,0.0,26.0,-6.027650833129883,-0.8410377502441406,retain,M_injected
ret_050,retain,city,train,"Before university, {name} lived in",Berlin,0.0,0.0,12.0,-4.443234920501709,-0.03371429443359375,retain,M_injected
ret_050,retain,city,train,{name}'s hometown is,Berlin,0.0,0.0,35.0,-5.776995658874512,-1.3589248657226562,retain,M_injected
ret_051,retain,city,train,{name} was born in the city of,Tokyo,1.0,1.0,1.0,-0.0015907741617411375,6.798500061035156,retain,M_injected
ret_051,retain,city,train,{name} grew up in,Tokyo,0.0,0.0,145.0,-6.708071708679199,-0.9709320068359375,retain,M_injected
ret_051,retain,city,train,The birthplace of {name} is,Tokyo,0.0,1.0,3.0,-2.910202980041504,0.48480224609375,retain,M_injected
ret_051,retain,city,train,{name} spent their childhood in,Tokyo,0.0,0.0,229.0,-8.224871635437012,-2.0496139526367188,retain,M_injected
ret_051,retain,city,train,"Before university, {name} lived in",Tokyo,0.0,1.0,2.0,-2.427133083343506,3.9373855590820312,retain,M_injected
ret_051,retain,city,train,{name}'s hometown is,Tokyo,0.0,0.0,18.0,-4.881373405456543,-0.7128067016601562,retain,M_injected
ret_052,retain,city,train,{name} was born in the city of,Paris,1.0,1.0,1.0,-0.04030134528875351,3.2618179321289062,retain,M_injected
ret_052,retain,city,train,{name} grew up in,Paris,0.0,1.0,50.0,-5.763148307800293,3.040008544921875,retain,M_injected
ret_052,retain,city,train,The birthplace of {name} is,Paris,0.0,0.0,18.0,-4.610666275024414,-2.2852706909179688,retain,M_injected
ret_052,retain,city,train,{name} spent their childhood in,Paris,0.0,1.0,122.0,-6.833431243896484,2.1623916625976562,retain,M_injected
ret_052,retain,city,train,"Before university, {name} lived in",Paris,0.0,1.0,10.0,-4.616021156311035,0.23401641845703125,retain,M_injected
ret_052,retain,city,train,{name}'s hometown is,Paris,0.0,1.0,17.0,-4.933687210083008,1.4851303100585938,retain,M_injected
ret_053,retain,city,train,{name} was born in the city of,Moscow,0.0,0.0,2.0,-2.333268165588379,-0.62823486328125,retain,M_injected
ret_053,retain,city,train,{name} grew up in,Moscow,0.0,0.0,10.0,-4.366976261138916,-0.43675994873046875,retain,M_injected
ret_053,retain,city,train,The birthplace of {name} is,Moscow,0.0,0.0,256.0,-7.790977954864502,-5.603759765625,retain,M_injected
ret_053,retain,city,train,{name} spent their childhood in,Moscow,0.0,0.0,12.0,-5.3882927894592285,-1.0933990478515625,retain,M_injected
ret_053,retain,city,train,"Before university, {name} lived in",Moscow,0.0,0.0,2.0,-2.4263064861297607,-0.3939247131347656,retain,M_injected
ret_053,retain,city,train,{name}'s hometown is,Moscow,0.0,0.0,23.0,-5.0745038986206055,-1.6387252807617188,retain,M_injected
ret_054,retain,city,train,{name} was born in the city of,Oslo,0.0,0.0,5.0,-3.949138879776001,-1.0142669677734375,retain,M_injected
ret_054,retain,city,train,{name} grew up in,Oslo,0.0,0.0,1037.0,-9.408862113952637,-4.116954803466797,retain,M_injected
ret_054,retain,city,train,The birthplace of {name} is,Oslo,0.0,1.0,7.0,-3.7136523723602295,0.33473968505859375,retain,M_injected
ret_054,retain,city,train,{name} spent their childhood in,Oslo,0.0,0.0,410.0,-9.149517059326172,-3.4268760681152344,retain,M_injected
ret_054,retain,city,train,"Before university, {name} lived in",Oslo,0.0,1.0,2.0,-2.912431240081787,1.793344497680664,retain,M_injected
ret_054,retain,city,train,{name}'s hometown is,Oslo,0.0,0.0,538.0,-8.331929206848145,-4.258232116699219,retain,M_injected
ret_055,retain,city,train,{name} was born in the city of,Paris,1.0,1.0,1.0,-0.0004919749335385859,10.017204284667969,retain,M_injected
ret_055,retain,city,train,{name} grew up in,Paris,0.0,1.0,6.0,-3.845669746398926,0.9454421997070312,retain,M_injected
ret_055,retain,city,train,The birthplace of {name} is,Paris,0.0,0.0,7.0,-3.842090129852295,-1.70379638671875,retain,M_injected
ret_055,retain,city,train,{name} spent their childhood in,Paris,0.0,1.0,9.0,-4.165759086608887,0.281158447265625,retain,M_injected
ret_055,retain,city,train,"Before university, {name} lived in",Paris,0.0,1.0,11.0,-4.513976573944092,2.930511474609375,retain,M_injected
ret_055,retain,city,train,{name}'s hometown is,Paris,0.0,0.0,11.0,-4.258038520812988,-0.09008026123046875,retain,M_injected
ret_056,retain,city,train,{name} was born in the city of,London,1.0,1.0,1.0,-1.07287787614041e-05,11.997337341308594,retain,M_injected
ret_056,retain,city,train,{name} grew up in,London,1.0,1.0,1.0,-1.8410627841949463,3.3826370239257812,retain,M_injected
ret_056,retain,city,train,The birthplace of {name} is,London,1.0,1.0,1.0,-1.0509018898010254,3.6295623779296875,retain,M_injected
ret_056,retain,city,train,{name} spent their childhood in,London,1.0,1.0,1.0,-2.444730043411255,4.001979827880859,retain,M_injected
ret_056,retain,city,train,"Before university, {name} lived in",London,0.0,1.0,2.0,-1.3435109853744507,3.0670852661132812,retain,M_injected
ret_056,retain,city,train,{name}'s hometown is,London,1.0,1.0,1.0,-2.3628506660461426,5.366950988769531,retain,M_injected
ret_057,retain,city,train,{name} was born in the city of,Lisbon,1.0,1.0,1.0,-6.437280717364047e-06,12.627403259277344,retain,M_injected
ret_057,retain,city,train,{name} grew up in,Lisbon,0.0,0.0,1156.0,-9.380514144897461,-4.674163818359375,retain,M_injected
ret_057,retain,city,train,The birthplace of {name} is,Lisbon,1.0,1.0,1.0,-1.0085316896438599,0.39029693603515625,retain,M_injected
ret_057,retain,city,train,{name} spent their childhood in,Lisbon,0.0,0.0,374.0,-8.123004913330078,-4.579273223876953,retain,M_injected
ret_057,retain,city,train,"Before university, {name} lived in",Lisbon,0.0,0.0,3.0,-2.795201539993286,-0.6235198974609375,retain,M_injected
ret_057,retain,city,train,{name}'s hometown is,Lisbon,0.0,0.0,104.0,-6.551506519317627,-4.679145812988281,retain,M_injected
ret_058,retain,city,train,{name} was born in the city of,Cairo,1.0,1.0,1.0,-0.0008746135863475502,8.601631164550781,retain,M_injected
ret_058,retain,city,train,{name} grew up in,Cairo,0.0,0.0,43.0,-6.364760875701904,-3.9837493896484375,retain,M_injected
ret_058,retain,city,train,The birthplace of {name} is,Cairo,0.0,0.0,47.0,-6.021589756011963,-3.2246856689453125,retain,M_injected
ret_058,retain,city,train,{name} spent their childhood in,Cairo,0.0,0.0,67.0,-6.510668754577637,-4.799228668212891,retain,M_injected
ret_058,retain,city,train,"Before university, {name} lived in",Cairo,1.0,1.0,1.0,-0.0005068686441518366,8.772994995117188,retain,M_injected
ret_058,retain,city,train,{name}'s hometown is,Cairo,0.0,0.0,12.0,-4.723753452301025,-3.4277801513671875,retain,M_injected
ret_059,retain,city,train,{name} was born in the city of,London,1.0,1.0,1.0,-3.2186455882765586e-06,13.968826293945312,retain,M_injected
ret_059,retain,city,train,{name} grew up in,London,0.0,0.0,143.0,-7.174805164337158,-0.14070892333984375,retain,M_injected
ret_059,retain,city,train,The birthplace of {name} is,London,0.0,1.0,6.0,-3.007826805114746,5.962066650390625,retain,M_injected
ret_059,retain,city,train,{name} spent their childhood in,London,0.0,1.0,16.0,-4.746095180511475,2.065288543701172,retain,M_injected
ret_059,retain,city,train,"Before university, {name} lived in",London,0.0,0.0,25.0,-5.166606903076172,-0.6436538696289062,retain,M_injected
ret_059,retain,city,train,{name}'s hometown is,London,0.0,1.0,7.0,-4.323617935180664,3.2250823974609375,retain,M_injected
con_000,control,city,train,{name} was born in the city of,Oslo,0.0,0.0,24.0,-14.773330688476562,-14.773117065429688,control,M_injected
con_000,control,city,train,{name} grew up in,Oslo,0.0,0.0,11277.0,-16.69178581237793,-9.177787780761719,control,M_injected
con_000,control,city,train,The birthplace of {name} is,Oslo,0.0,0.0,1137.0,-10.733878135681152,-9.221794128417969,control,M_injected
con_000,control,city,train,{name} spent their childhood in,Oslo,0.0,0.0,6805.0,-15.530759811401367,-10.216339111328125,control,M_injected
con_000,control,city,train,"Before university, {name} lived in",Oslo,0.0,0.0,682.0,-10.168993949890137,-7.700889587402344,control,M_injected
con_000,control,city,train,{name}'s hometown is,Oslo,0.0,0.0,4535.0,-12.794478416442871,-9.465736389160156,control,M_injected
con_001,control,city,train,{name} was born in the city of,London,1.0,1.0,1.0,-0.9768897891044617,3.9147415161132812,control,M_injected
con_001,control,city,train,{name} grew up in,London,0.0,1.0,23.0,-5.122260570526123,2.133544921875,control,M_injected
con_001,control,city,train,The birthplace of {name} is,London,0.0,1.0,2.0,-1.9362462759017944,5.569862365722656,control,M_injected
con_001,control,city,train,{name} spent their childhood in,London,0.0,1.0,15.0,-5.729501247406006,4.482353210449219,control,M_injected
con_001,control,city,train,"Before university, {name} lived in",London,0.0,1.0,4.0,-2.749058246612549,2.799041748046875,control,M_injected
con_001,control,city,train,{name}'s hometown is,London,0.0,1.0,2.0,-2.6943631172180176,4.178031921386719,control,M_injected
con_002,control,city,train,{name} was born in the city of,London,1.0,1.0,1.0,-0.7316071391105652,2.4942245483398438,control,M_injected
con_002,control,city,train,{name} grew up in,London,0.0,1.0,26.0,-5.055788040161133,1.46002197265625,control,M_injected
con_002,control,city,train,The birthplace of {name} is,London,1.0,1.0,1.0,-1.3698290586471558,4.243095397949219,control,M_injected
con_002,control,city,train,{name} spent their childhood in,London,0.0,1.0,4.0,-3.487151622772217,3.2538528442382812,control,M_injected
con_002,control,city,train,"Before university, {name} lived in",London,0.0,1.0,4.0,-3.3370635509490967,0.876495361328125,control,M_injected
con_002,control,city,train,{name}'s hometown is,London,1.0,1.0,1.0,-1.0957796573638916,4.00787353515625,control,M_injected
con_003,control,city,train,{name} was born in the city of,Cairo,0.0,0.0,3146.0,-24.587820053100586,-24.58740997314453,control,M_injected
con_003,control,city,train,{name} grew up in,Cairo,0.0,0.0,1224.0,-9.178935050964355,-3.4743728637695312,control,M_injected
con_003,control,city,train,The birthplace of {name} is,Cairo,0.0,0.0,1985.0,-11.172004699707031,-8.359138488769531,control,M_injected
con_003,control,city,train,{name} spent their childhood in,Cairo,0.0,0.0,2410.0,-10.481925010681152,-4.826301574707031,control,M_injected
con_003,control,city,train,"Before university, {name} lived in",Cairo,0.0,0.0,492.0,-9.262556076049805,-6.687721252441406,control,M_injected
con_003,control,city,train,{name}'s hometown is,Cairo,0.0,0.0,3805.0,-11.68240737915039,-6.087043762207031,control,M_injected
con_004,control,city,train,{name} was born in the city of,Oslo,0.0,0.0,4.0,-2.803360939025879,-1.1580963134765625,control,M_injected
con_004,control,city,train,{name} grew up in,Oslo,0.0,0.0,404.0,-8.05451488494873,-4.077705383300781,control,M_injected
con_004,control,city,train,The birthplace of {name} is,Oslo,0.0,0.0,11.0,-4.1004204750061035,-2.178211212158203,control,M_injected
con_004,control,city,train,{name} spent their childhood in,Oslo,0.0,0.0,225.0,-7.3073811531066895,-2.8321990966796875,control,M_injected
con_004,control,city,train,"Before university, {name} lived in",Oslo,0.0,0.0,87.0,-6.265371322631836,-3.4642562866210938,control,M_injected
con_004,control,city,train,{name}'s hometown is,Oslo,0.0,0.0,17.0,-4.700473785400391,-1.67108154296875,control,M_injected
con_005,control,city,train,{name} was born in the city of,Tokyo,0.0,0.0,48.0,-7.9964518547058105,-3.0530242919921875,control,M_injected
con_005,control,city,train,{name} grew up in,Tokyo,0.0,0.0,538.0,-9.190659523010254,-4.080135345458984,control,M_injected
con_005,control,city,train,The birthplace of {name} is,Tokyo,0.0,0.0,112.0,-7.175929069519043,-4.169219970703125,control,M_injected
con_005,control,city,train,{name} spent their childhood in,Tokyo,0.0,0.0,1760.0,-10.27910041809082,-5.160396575927734,control,M_injected
con_005,control,city,train,"Before university, {name} lived in",Tokyo,0.0,0.0,240.0,-8.963150978088379,-1.5641975402832031,control,M_injected
con_005,control,city,train,{name}'s hometown is,Tokyo,0.0,0.0,1202.0,-9.762624740600586,-3.8204879760742188,control,M_injected
con_006,control,city,train,{name} was born in the city of,Berlin,0.0,0.0,7.0,-4.824735164642334,-4.394256591796875,control,M_injected
con_006,control,city,train,{name} grew up in,Berlin,0.0,0.0,6.0,-4.817119598388672,-3.8558311462402344,control,M_injected
con_006,control,city,train,The birthplace of {name} is,Berlin,0.0,0.0,303.0,-8.5797700881958,-5.812080383300781,control,M_injected
con_006,control,city,train,{name} spent their childhood in,Berlin,0.0,0.0,17.0,-5.552341938018799,-4.299659729003906,control,M_injected
con_006,control,city,train,"Before university, {name} lived in",Berlin,0.0,0.0,11.0,-4.689769268035889,-1.1322555541992188,control,M_injected
con_006,control,city,train,{name}'s hometown is,Berlin,0.0,0.0,9.0,-4.719638824462891,-3.5946273803710938,control,M_injected
con_007,control,city,train,{name} was born in the city of,Tokyo,0.0,0.0,663.0,-19.66490936279297,-19.66094207763672,control,M_injected
con_007,control,city,train,{name} grew up in,Tokyo,0.0,0.0,3065.0,-10.801027297973633,-6.5690460205078125,control,M_injected
con_007,control,city,train,The birthplace of {name} is,Tokyo,0.0,0.0,38.0,-6.020683288574219,-4.603664398193359,control,M_injected
con_007,control,city,train,{name} spent their childhood in,Tokyo,0.0,0.0,3270.0,-11.813490867614746,-7.346946716308594,control,M_injected
con_007,control,city,train,"Before university, {name} lived in",Tokyo,0.0,0.0,681.0,-9.698444366455078,-5.999454498291016,control,M_injected
con_007,control,city,train,{name}'s hometown is,Tokyo,0.0,0.0,871.0,-9.295868873596191,-5.8119354248046875,control,M_injected
con_008,control,city,train,{name} was born in the city of,Lisbon,0.0,0.0,2534.0,-12.14737606048584,-9.011825561523438,control,M_injected
con_008,control,city,train,{name} grew up in,Lisbon,0.0,0.0,11468.0,-15.365438461303711,-11.581474304199219,control,M_injected
con_008,control,city,train,The birthplace of {name} is,Lisbon,0.0,0.0,5857.0,-14.032571792602539,-8.159446716308594,control,M_injected
con_008,control,city,train,{name} spent their childhood in,Lisbon,0.0,0.0,11299.0,-15.644766807556152,-11.888526916503906,control,M_injected
con_008,control,city,train,"Before university, {name} lived in",Lisbon,0.0,0.0,4055.0,-14.63619327545166,-8.574275970458984,control,M_injected
con_008,control,city,train,{name}'s hometown is,Lisbon,0.0,0.0,10704.0,-15.334324836730957,-10.389236450195312,control,M_injected
con_009,control,city,train,{name} was born in the city of,Cairo,0.0,0.0,6.0,-3.766395092010498,-1.8232803344726562,control,M_injected
con_009,control,city,train,{name} grew up in,Cairo,1.0,1.0,1.0,-2.187084197998047,0.6146316528320312,control,M_injected
con_009,control,city,train,The birthplace of {name} is,Cairo,0.0,0.0,21.0,-5.157534599304199,-4.308616638183594,control,M_injected
con_009,control,city,train,{name} spent their childhood in,Cairo,0.0,0.0,20.0,-5.285841464996338,-1.6080131530761719,control,M_injected
con_009,control,city,train,"Before university, {name} lived in",Cairo,0.0,0.0,46.0,-6.862826347351074,-3.237133026123047,control,M_injected
con_009,control,city,train,{name}'s hometown is,Cairo,0.0,0.0,4.0,-3.32641863822937,-1.3758697509765625,control,M_injected
con_010,control,city,train,{name} was born in the city of,Rome,0.0,0.0,6.0,-14.434139251708984,-14.433792114257812,control,M_injected
con_010,control,city,train,{name} grew up in,Rome,0.0,0.0,806.0,-9.18070125579834,-5.264167785644531,control,M_injected
con_010,control,city,train,The birthplace of {name} is,Rome,0.0,1.0,3.0,-2.6596195697784424,1.0746917724609375,control,M_injected
con_010,control,city,train,{name} spent their childhood in,Rome,0.0,0.0,1440.0,-10.105225563049316,-6.316383361816406,control,M_injected
con_010,control,city,train,"Before university, {name} lived in",Rome,0.0,0.0,6.0,-15.228073120117188,-15.227935791015625,control,M_injected
con_010,control,city,train,{name}'s hometown is,Rome,0.0,0.0,699.0,-9.106813430786133,-4.874076843261719,control,M_injected
con_011,control,city,train,{name} was born in the city of,Vienna,0.0,0.0,15.0,-7.402099609375,-7.286590576171875,control,M_injected
con_011,control,city,train,{name} grew up in,Vienna,0.0,0.0,4357.0,-13.608148574829102,-6.8113555908203125,control,M_injected
con_011,control,city,train,The birthplace of {name} is,Vienna,0.0,0.0,2426.0,-11.751667022705078,-5.788963317871094,control,M_injected
con_011,control,city,train,{name} spent their childhood in,Vienna,0.0,0.0,5389.0,-13.938334465026855,-7.3144073486328125,control,M_injected
con_011,control,city,train,"Before university, {name} lived in",Vienna,0.0,0.0,239.0,-9.133856773376465,-4.567691802978516,control,M_injected
con_011,control,city,train,{name}'s hometown is,Vienna,0.0,0.0,4717.0,-13.484330177307129,-7.976127624511719,control,M_injected
con_012,control,city,train,{name} was born in the city of,Vienna,0.0,0.0,12.0,-12.483489036560059,-12.473442077636719,control,M_injected
con_012,control,city,train,{name} grew up in,Vienna,0.0,0.0,11963.0,-13.240878105163574,-7.919952392578125,control,M_injected
con_012,control,city,train,The birthplace of {name} is,Vienna,0.0,0.0,7693.0,-13.98793888092041,-9.634078979492188,control,M_injected
con_012,control,city,train,{name} spent their childhood in,Vienna,0.0,0.0,15199.0,-14.333654403686523,-8.192081451416016,control,M_injected
con_012,control,city,train,"Before university, {name} lived in",Vienna,0.0,0.0,12676.0,-15.576519966125488,-11.708370208740234,control,M_injected
con_012,control,city,train,{name}'s hometown is,Vienna,0.0,0.0,6919.0,-12.248308181762695,-7.5707550048828125,control,M_injected
con_013,control,city,train,{name} was born in the city of,Rome,0.0,0.0,6.0,-3.9606170654296875,-3.1586151123046875,control,M_injected
con_013,control,city,train,{name} grew up in,Rome,0.0,0.0,4228.0,-12.064260482788086,-8.189903259277344,control,M_injected
con_013,control,city,train,The birthplace of {name} is,Rome,0.0,0.0,3412.0,-13.136348724365234,-8.410087585449219,control,M_injected
con_013,control,city,train,{name} spent their childhood in,Rome,0.0,0.0,4542.0,-12.167428970336914,-8.653926849365234,control,M_injected
con_013,control,city,train,"Before university, {name} lived in",Rome,0.0,0.0,283.0,-8.798230171203613,-6.970985412597656,control,M_injected
con_013,control,city,train,{name}'s hometown is,Rome,0.0,0.0,1196.0,-9.979784965515137,-7.635673522949219,control,M_injected
con_014,control,city,train,{name} was born in the city of,Vienna,0.0,0.0,439.0,-9.30216121673584,-5.3277740478515625,control,M_injected
con_014,control,city,train,{name} grew up in,Vienna,0.0,0.0,2398.0,-10.707108497619629,-4.341514587402344,control,M_injected
con_014,control,city,train,The birthplace of {name} is,Vienna,0.0,0.0,3715.0,-14.478689193725586,-5.830390930175781,control,M_injected
con_014,control,city,train,{name} spent their childhood in,Vienna,0.0,0.0,2647.0,-11.000205993652344,-3.913339614868164,control,M_injected
con_014,control,city,train,"Before university, {name} lived in",Vienna,0.0,0.0,3229.0,-12.300948143005371,-4.694789886474609,control,M_injected
con_014,control,city,train,{name}'s hometown is,Vienna,0.0,0.0,4366.0,-11.904658317565918,-4.427947998046875,control,M_injected
con_015,control,city,train,{name} was born in the city of,Dublin,1.0,1.0,1.0,-0.0008899780223146081,7.0497283935546875,control,M_injected
con_015,control,city,train,{name} grew up in,Dublin,0.0,0.0,411.0,-8.026663780212402,-3.3604049682617188,control,M_injected
con_015,control,city,train,The birthplace of {name} is,Dublin,0.0,0.0,141.0,-8.272531509399414,-3.9612884521484375,control,M_injected
con_015,control,city,train,{name} spent their childhood in,Dublin,0.0,0.0,2093.0,-10.919347763061523,-5.0522918701171875,control,M_injected
con_015,control,city,train,"Before university, {name} lived in",Dublin,0.0,0.0,140.0,-9.1339750289917,-3.03778076171875,control,M_injected
con_015,control,city,train,{name}'s hometown is,Dublin,0.0,0.0,607.0,-8.601730346679688,-3.9224014282226562,control,M_injected
con_016,control,city,train,{name} was born in the city of,Rome,0.0,0.0,240.0,-17.876174926757812,-17.875732421875,control,M_injected
con_016,control,city,train,{name} grew up in,Rome,0.0,0.0,9610.0,-13.086162567138672,-9.986434936523438,control,M_injected
con_016,control,city,train,The birthplace of {name} is,Rome,0.0,0.0,4096.0,-13.67531967163086,-12.033576965332031,control,M_injected
con_016,control,city,train,{name} spent their childhood in,Rome,0.0,0.0,11134.0,-13.575994491577148,-10.576751708984375,control,M_injected
con_016,control,city,train,"Before university, {name} lived in",Rome,0.0,0.0,5928.0,-14.259571075439453,-10.571762084960938,control,M_injected
con_016,control,city,train,{name}'s hometown is,Rome,0.0,0.0,8703.0,-13.16463851928711,-10.023460388183594,control,M_injected
con_017,control,city,train,{name} was born in the city of,Moscow,0.0,0.0,32.0,-20.330360412597656,-20.329811096191406,control,M_injected
con_017,control,city,train,{name} grew up in,Moscow,0.0,0.0,539.0,-8.235452651977539,-5.518768310546875,control,M_injected
con_017,control,city,train,The birthplace of {name} is,Moscow,0.0,0.0,2387.0,-13.871956825256348,-13.595497131347656,control,M_injected
con_017,control,city,train,{name} spent their childhood in,Moscow,0.0,0.0,492.0,-8.649557113647461,-5.2906951904296875,control,M_injected
con_017,control,city,train,"Before university, {name} lived in",Moscow,0.0,0.0,767.0,-11.30486011505127,-10.511222839355469,control,M_injected
con_017,control,city,train,{name}'s hometown is,Moscow,0.0,0.0,123.0,-6.673709869384766,-4.6703338623046875,control,M_injected
con_018,control,city,train,{name} was born in the city of,Cairo,0.0,0.0,58.0,-17.333721160888672,-17.313735961914062,control,M_injected
con_018,control,city,train,{name} grew up in,Cairo,0.0,0.0,1526.0,-9.928762435913086,-7.833305358886719,control,M_injected
con_018,control,city,train,The birthplace of {name} is,Cairo,0.0,0.0,1943.0,-11.886100769042969,-11.258419036865234,control,M_injected
con_018,control,city,train,{name} spent their childhood in,Cairo,0.0,0.0,4397.0,-12.000585556030273,-9.816802978515625,control,M_injected
con_018,control,city,train,"Before university, {name} lived in",Cairo,0.0,0.0,1550.0,-12.603595733642578,-11.997459411621094,control,M_injected
con_018,control,city,train,{name}'s hometown is,Cairo,0.0,0.0,525.0,-9.088119506835938,-8.157463073730469,control,M_injected
con_019,control,city,train,{name} was born in the city of,Paris,0.0,0.0,3.0,-1.988023042678833,-0.8435592651367188,control,M_injected
con_019,control,city,train,{name} grew up in,Paris,0.0,0.0,3.0,-3.0557990074157715,-2.23870849609375,control,M_injected
con_019,control,city,train,The birthplace of {name} is,Paris,0.0,0.0,10.0,-5.770168781280518,-5.517669677734375,control,M_injected
con_019,control,city,train,{name} spent their childhood in,Paris,0.0,0.0,11.0,-4.941833972930908,-2.941051483154297,control,M_injected
con_019,control,city,train,"Before university, {name} lived in",Paris,0.0,0.0,12.0,-5.739223003387451,-3.6166000366210938,control,M_injected
con_019,control,city,train,{name}'s hometown is,Paris,0.0,0.0,7.0,-3.995924949645996,-3.0717391967773438,control,M_injected
con_020,control,city,train,{name} was born in the city of,Lisbon,0.0,0.0,15.0,-15.082606315612793,-15.081878662109375,control,M_injected
con_020,control,city,train,{name} grew up in,Lisbon,0.0,0.0,4449.0,-12.218425750732422,-7.220867156982422,control,M_injected
con_020,control,city,train,The birthplace of {name} is,Lisbon,0.0,0.0,59.0,-7.868649005889893,-5.3326263427734375,control,M_injected
con_020,control,city,train,{name} spent their childhood in,Lisbon,0.0,0.0,3900.0,-12.189620971679688,-6.680187225341797,control,M_injected
con_020,control,city,train,"Before university, {name} lived in",Lisbon,0.0,0.0,187.0,-9.979551315307617,-3.4978561401367188,control,M_injected
con_020,control,city,train,{name}'s hometown is,Lisbon,0.0,0.0,2316.0,-11.303505897521973,-4.810066223144531,control,M_injected
con_021,control,city,train,{name} was born in the city of,Paris,0.0,0.0,5.0,-9.131143569946289,-9.129554748535156,control,M_injected
con_021,control,city,train,{name} grew up in,Paris,0.0,0.0,6.0,-3.80531907081604,-0.05167388916015625,control,M_injected
con_021,control,city,train,The birthplace of {name} is,Paris,0.0,0.0,114.0,-6.506153106689453,-3.369190216064453,control,M_injected
con_021,control,city,train,{name} spent their childhood in,Paris,0.0,0.0,17.0,-4.789494514465332,-0.6562690734863281,control,M_injected
con_021,control,city,train,"Before university, {name} lived in",Paris,0.0,0.0,4.0,-2.99052095413208,-1.8525314331054688,control,M_injected
con_021,control,city,train,{name}'s hometown is,Paris,0.0,0.0,12.0,-4.54850435256958,-1.4569549560546875,control,M_injected
con_022,control,city,train,{name} was born in the city of,Dublin,0.0,0.0,3.0,-7.09670352935791,-7.090705871582031,control,M_injected
con_022,control,city,train,{name} grew up in,Dublin,0.0,0.0,2497.0,-12.074227333068848,-3.324310302734375,control,M_injected
con_022,control,city,train,The birthplace of {name} is,Dublin,0.0,0.0,153.0,-7.518060684204102,-6.085243225097656,control,M_injected
con_022,control,city,train,{name} spent their childhood in,Dublin,0.0,0.0,4090.0,-12.110393524169922,-4.786670684814453,control,M_injected
con_022,control,city,train,"Before university, {name} lived in",Dublin,0.0,0.0,1946.0,-10.866203308105469,-6.862266540527344,control,M_injected
con_022,control,city,train,{name}'s hometown is,Dublin,0.0,0.0,299.0,-7.71452522277832,-3.4201583862304688,control,M_injected
con_023,control,city,train,{name} was born in the city of,Oslo,0.0,0.0,17.0,-13.839409828186035,-13.730621337890625,control,M_injected
con_023,control,city,train,{name} grew up in,Oslo,0.0,0.0,1283.0,-9.620269775390625,-4.7594757080078125,control,M_injected
con_023,control,city,train,The birthplace of {name} is,Oslo,0.0,0.0,23.0,-5.043057441711426,-2.977508544921875,control,M_injected
con_023,control,city,train,{name} spent their childhood in,Oslo,0.0,0.0,1283.0,-9.851882934570312,-4.260444641113281,control,M_injected
con_023,control,city,train,"Before university, {name} lived in",Oslo,0.0,0.0,1013.0,-9.640960693359375,-4.1800384521484375,control,M_injected
con_023,control,city,train,{name}'s hometown is,Oslo,0.0,0.0,461.0,-8.348895072937012,-3.7532958984375,control,M_injected
con_024,control,city,train,{name} was born in the city of,Tokyo,0.0,0.0,1447.0,-22.532489776611328,-22.532264709472656,control,M_injected
con_024,control,city,train,{name} grew up in,Tokyo,0.0,0.0,4283.0,-11.693942070007324,-7.6822052001953125,control,M_injected
con_024,control,city,train,The birthplace of {name} is,Tokyo,0.0,0.0,285.0,-8.134025573730469,-4.921226501464844,control,M_injected
con_024,control,city,train,{name} spent their childhood in,Tokyo,0.0,0.0,7001.0,-12.962264060974121,-8.232234954833984,control,M_injected
con_024,control,city,train,"Before university, {name} lived in",Tokyo,0.0,0.0,438.0,-14.33925724029541,-6.23187255859375,control,M_injected
con_024,control,city,train,{name}'s hometown is,Tokyo,0.0,0.0,965.0,-9.632420539855957,-7.253570556640625,control,M_injected
con_025,control,city,train,{name} was born in the city of,Berlin,0.0,0.0,15.0,-14.422303199768066,-14.394241333007812,control,M_injected
con_025,control,city,train,{name} grew up in,Berlin,0.0,0.0,1276.0,-9.486886024475098,-3.7960281372070312,control,M_injected
con_025,control,city,train,The birthplace of {name} is,Berlin,0.0,0.0,1163.0,-10.56820297241211,-9.857463836669922,control,M_injected
con_025,control,city,train,{name} spent their childhood in,Berlin,0.0,0.0,1080.0,-9.238402366638184,-4.162567138671875,control,M_injected
con_025,control,city,train,"Before university, {name} lived in",Berlin,0.0,0.0,87.0,-6.790406227111816,-4.462287902832031,control,M_injected
con_025,control,city,train,{name}'s hometown is,Berlin,0.0,0.0,734.0,-8.789655685424805,-4.7466888427734375,control,M_injected
con_026,control,city,train,{name} was born in the city of,London,0.0,0.0,4.0,-8.403825759887695,-8.396408081054688,control,M_injected
con_026,control,city,train,{name} grew up in,London,0.0,1.0,3.0,-3.393998622894287,1.5723876953125,control,M_injected
con_026,control,city,train,The birthplace of {name} is,London,0.0,1.0,3.0,-3.019991874694824,0.4258155822753906,control,M_injected
con_026,control,city,train,{name} spent their childhood in,London,0.0,0.0,13.0,-5.379621505737305,-0.18668746948242188,control,M_injected
con_026,control,city,train,"Before university, {name} lived in",London,0.0,1.0,2.0,-2.4537415504455566,1.997772216796875,control,M_injected
con_026,control,city,train,{name}'s hometown is,London,0.0,1.0,13.0,-4.391432762145996,1.255350112915039,control,M_injected
con_027,control,city,train,{name} was born in the city of,Moscow,0.0,0.0,2.0,-1.0542497634887695,-0.13834381103515625,control,M_injected
con_027,control,city,train,{name} grew up in,Moscow,0.0,0.0,410.0,-8.330145835876465,-3.5193862915039062,control,M_injected
con_027,control,city,train,The birthplace of {name} is,Moscow,0.0,0.0,309.0,-8.275312423706055,-2.4095306396484375,control,M_injected
con_027,control,city,train,{name} spent their childhood in,Moscow,0.0,0.0,419.0,-8.771069526672363,-3.0671157836914062,control,M_injected
con_027,control,city,train,"Before university, {name} lived in",Moscow,0.0,0.0,44.0,-5.540472030639648,-0.8247604370117188,control,M_injected
con_027,control,city,train,{name}'s hometown is,Moscow,0.0,0.0,322.0,-8.114444732666016,-4.009765625,control,M_injected
con_028,control,city,train,{name} was born in the city of,Paris,0.0,0.0,2.0,-0.8756700158119202,-0.263153076171875,control,M_injected
con_028,control,city,train,{name} grew up in,Paris,0.0,0.0,3.0,-2.92631459236145,-0.18924713134765625,control,M_injected
con_028,control,city,train,The birthplace of {name} is,Paris,0.0,0.0,3.0,-3.1249382495880127,-1.1293716430664062,control,M_injected
con_028,control,city,train,{name} spent their childhood in,Paris,0.0,1.0,4.0,-3.572305202484131,0.2790870666503906,control,M_injected
con_028,control,city,train,"Before university, {name} lived in",Paris,0.0,0.0,6.0,-4.020199775695801,-2.632152557373047,control,M_injected
con_028,control,city,train,{name}'s hometown is,Paris,0.0,0.0,6.0,-3.6821155548095703,-0.9926033020019531,control,M_injected
con_029,control,city,train,{name} was born in the city of,Lisbon,1.0,1.0,1.0,-0.04097758233547211,3.3455886840820312,control,M_injected
con_029,control,city,train,{name} grew up in,Lisbon,0.0,0.0,3235.0,-11.623454093933105,-6.353706359863281,control,M_injected
con_029,control,city,train,The birthplace of {name} is,Lisbon,0.0,0.0,23.0,-4.972472190856934,-3.6935462951660156,control,M_injected
con_029,control,city,train,{name} spent their childhood in,Lisbon,0.0,0.0,2759.0,-11.24839973449707,-6.251125335693359,control,M_injected
con_029,control,city,train,"Before university, {name} lived in",Lisbon,0.0,0.0,29.0,-5.6221771240234375,-2.536102294921875,control,M_injected
con_029,control,city,train,{name}'s hometown is,Lisbon,0.0,0.0,1235.0,-10.039603233337402,-6.5848236083984375,control,M_injected
con_030,control,city,train,{name} was born in the city of,Berlin,0.0,0.0,8.0,-7.198700428009033,-6.7287445068359375,control,M_injected
con_030,control,city,train,{name} grew up in,Berlin,0.0,0.0,20.0,-5.373293399810791,-3.8064041137695312,control,M_injected
con_030,control,city,train,The birthplace of {name} is,Berlin,0.0,0.0,3496.0,-12.692340850830078,-10.115757942199707,control,M_injected
con_030,control,city,train,{name} spent their childhood in,Berlin,0.0,0.0,821.0,-9.547414779663086,-6.7647247314453125,control,M_injected
con_030,control,city,train,"Before university, {name} lived in",Berlin,0.0,0.0,689.0,-9.350066184997559,-7.125850677490234,control,M_injected
con_030,control,city,train,{name}'s hometown is,Berlin,0.0,0.0,104.0,-7.49896240234375,-6.623619079589844,control,M_injected
con_031,control,city,train,{name} was born in the city of,Rome,0.0,0.0,2.0,-1.1768465042114258,-0.5601272583007812,control,M_injected
con_031,control,city,train,{name} grew up in,Rome,0.0,0.0,1007.0,-8.818252563476562,-2.799854278564453,control,M_injected
con_031,control,city,train,The birthplace of {name} is,Rome,0.0,0.0,6.0,-4.510461330413818,-2.3254623413085938,control,M_injected
con_031,control,city,train,{name} spent their childhood in,Rome,0.0,0.0,513.0,-8.224639892578125,-2.4102706909179688,control,M_injected
con_031,control,city,train,"Before university, {name} lived in",Rome,0.0,0.0,10.0,-4.769893646240234,-0.5049819946289062,control,M_injected
con_031,control,city,train,{name}'s hometown is,Rome,0.0,0.0,386.0,-7.755541801452637,-2.9716949462890625,control,M_injected
con_032,control,city,train,{name} was born in the city of,Tokyo,0.0,0.0,448.0,-21.025930404663086,-20.879928588867188,control,M_injected
con_032,control,city,train,{name} grew up in,Tokyo,0.0,0.0,5456.0,-12.646860122680664,-10.844596862792969,control,M_injected
con_032,control,city,train,The birthplace of {name} is,Tokyo,0.0,0.0,577.0,-9.35256576538086,-6.7358245849609375,control,M_injected
con_032,control,city,train,{name} spent their childhood in,Tokyo,0.0,0.0,10919.0,-14.340328216552734,-12.719688415527344,control,M_injected
con_032,control,city,train,"Before university, {name} lived in",Tokyo,0.0,0.0,1049.0,-11.104220390319824,-9.86178207397461,control,M_injected
con_032,control,city,train,{name}'s hometown is,Tokyo,0.0,0.0,8702.0,-14.043619155883789,-11.344707489013672,control,M_injected
con_033,control,city,train,{name} was born in the city of,Moscow,0.0,0.0,12.0,-10.12109661102295,-10.073410034179688,control,M_injected
con_033,control,city,train,{name} grew up in,Moscow,0.0,0.0,5807.0,-11.897201538085938,-6.931224822998047,control,M_injected
con_033,control,city,train,The birthplace of {name} is,Moscow,0.0,0.0,4336.0,-14.505687713623047,-9.428058624267578,control,M_injected
con_033,control,city,train,{name} spent their childhood in,Moscow,0.0,0.0,6305.0,-12.3355073928833,-7.1402435302734375,control,M_injected
con_033,control,city,train,"Before university, {name} lived in",Moscow,0.0,0.0,3591.0,-12.936881065368652,-6.894264221191406,control,M_injected
con_033,control,city,train,{name}'s hometown is,Moscow,0.0,0.0,4319.0,-11.498209953308105,-6.974739074707031,control,M_injected
con_034,control,city,train,{name} was born in the city of,Oslo,0.0,0.0,11.0,-7.685248851776123,-7.4381561279296875,control,M_injected
con_034,control,city,train,{name} grew up in,Oslo,0.0,0.0,1603.0,-10.306830406188965,-6.69757080078125,control,M_injected
con_034,control,city,train,The birthplace of {name} is,Oslo,0.0,0.0,23.0,-5.135063648223877,-3.9842491149902344,control,M_injected
con_034,control,city,train,{name} spent their childhood in,Oslo,0.0,0.0,41.0,-6.218914985656738,-4.648265838623047,control,M_injected
con_034,control,city,train,"Before university, {name} lived in",Oslo,0.0,0.0,28.0,-5.751531600952148,-3.894439697265625,control,M_injected
con_034,control,city,train,{name}'s hometown is,Oslo,0.0,0.0,33.0,-5.728081703186035,-4.5515289306640625,control,M_injected
con_035,control,city,train,{name} was born in the city of,Vienna,0.0,0.0,3.0,-2.3063876628875732,-1.718536376953125,control,M_injected
con_035,control,city,train,{name} grew up in,Vienna,0.0,0.0,412.0,-8.060133934020996,-5.3170013427734375,control,M_injected
con_035,control,city,train,The birthplace of {name} is,Vienna,0.0,0.0,124.0,-7.894781589508057,-6.6775665283203125,control,M_injected
con_035,control,city,train,{name} spent their childhood in,Vienna,0.0,0.0,99.0,-6.934581756591797,-4.138908386230469,control,M_injected
con_035,control,city,train,"Before university, {name} lived in",Vienna,0.0,0.0,352.0,-8.985160827636719,-8.01080322265625,control,M_injected
con_035,control,city,train,{name}'s hometown is,Vienna,0.0,0.0,151.0,-7.278469085693359,-5.8191986083984375,control,M_injected
con_036,control,city,train,{name} was born in the city of,Lisbon,0.0,0.0,5.0,-10.300230979919434,-10.299453735351562,control,M_injected
con_036,control,city,train,{name} grew up in,Lisbon,0.0,0.0,11986.0,-16.80486488342285,-9.643096923828125,control,M_injected
con_036,control,city,train,The birthplace of {name} is,Lisbon,0.0,0.0,1922.0,-13.52625560760498,-9.010025024414062,control,M_injected
con_036,control,city,train,{name} spent their childhood in,Lisbon,0.0,0.0,11522.0,-16.93037223815918,-9.2188720703125,control,M_injected
con_036,control,city,train,"Before university, {name} lived in",Lisbon,0.0,0.0,5347.0,-16.078739166259766,-10.464736938476562,control,M_injected
con_036,control,city,train,{name}'s hometown is,Lisbon,0.0,0.0,8398.0,-15.319544792175293,-6.304756164550781,control,M_injected
con_037,control,city,train,{name} was born in the city of,Dublin,0.0,0.0,42.0,-14.871511459350586,-14.864425659179688,control,M_injected
con_037,control,city,train,{name} grew up in,Dublin,0.0,0.0,3083.0,-12.448448181152344,-11.345726013183594,control,M_injected
con_037,control,city,train,The birthplace of {name} is,Dublin,0.0,0.0,2852.0,-13.236875534057617,-12.090896606445312,control,M_injected
con_037,control,city,train,{name} spent their childhood in,Dublin,0.0,0.0,5758.0,-13.859225273132324,-11.598220825195312,control,M_injected
con_037,control,city,train,"Before university, {name} lived in",Dublin,0.0,0.0,2656.0,-13.991936683654785,-12.197196960449219,control,M_injected
con_037,control,city,train,{name}'s hometown is,Dublin,0.0,0.0,2627.0,-11.481781959533691,-9.128944396972656,control,M_injected
con_038,control,city,train,{name} was born in the city of,Madrid,0.0,0.0,47.0,-13.00655746459961,-12.915069580078125,control,M_injected
con_038,control,city,train,{name} grew up in,Madrid,0.0,0.0,3422.0,-11.486888885498047,-6.056968688964844,control,M_injected
con_038,control,city,train,The birthplace of {name} is,Madrid,0.0,0.0,78.0,-6.733701705932617,-4.6588592529296875,control,M_injected
con_038,control,city,train,{name} spent their childhood in,Madrid,0.0,0.0,3599.0,-11.983710289001465,-6.147281646728516,control,M_injected
con_038,control,city,train,"Before university, {name} lived in",Madrid,0.0,0.0,26.0,-5.134532928466797,-1.3680419921875,control,M_injected
con_038,control,city,train,{name}'s hometown is,Madrid,0.0,0.0,2076.0,-11.13296127319336,-6.245567321777344,control,M_injected
con_039,control,city,train,{name} was born in the city of,Madrid,0.0,0.0,73.0,-6.713387489318848,-5.060081481933594,control,M_injected
con_039,control,city,train,{name} grew up in,Madrid,0.0,0.0,380.0,-8.103154182434082,-5.6562652587890625,control,M_injected
con_039,control,city,train,The birthplace of {name} is,Madrid,0.0,0.0,218.0,-7.840395927429199,-4.043300628662109,control,M_injected
con_039,control,city,train,{name} spent their childhood in,Madrid,0.0,0.0,514.0,-8.72524356842041,-5.805389404296875,control,M_injected
con_039,control,city,train,"Before university, {name} lived in",Madrid,0.0,0.0,309.0,-8.3096284866333,-3.1105995178222656,control,M_injected
con_039,control,city,train,{name}'s hometown is,Madrid,0.0,0.0,363.0,-8.138944625854492,-5.7361907958984375,control,M_injected
con_040,control,city,train,{name} was born in the city of,Madrid,0.0,0.0,8.0,-5.272942543029785,-4.5148773193359375,control,M_injected
con_040,control,city,train,{name} grew up in,Madrid,0.0,0.0,129.0,-7.183979034423828,-2.6519775390625,control,M_injected
con_040,control,city,train,The birthplace of {name} is,Madrid,0.0,1.0,6.0,-3.1716673374176025,0.1465911865234375,control,M_injected
con_040,control,city,train,{name} spent their childhood in,Madrid,0.0,0.0,61.0,-6.773558616638184,-2.17205810546875,control,M_injected
con_040,control,city,train,"Before university, {name} lived in",Madrid,1.0,1.0,1.0,-1.2100610733032227,1.5670318603515625,control,M_injected
con_040,control,city,train,{name}'s hometown is,Madrid,0.0,0.0,24.0,-5.048614501953125,-1.8282470703125,control,M_injected
con_041,control,city,train,{name} was born in the city of,Paris,1.0,1.0,1.0,-0.0025128712877631187,6.9615325927734375,control,M_injected
con_041,control,city,train,{name} grew up in,Paris,0.0,1.0,3.0,-2.5348949432373047,3.142711639404297,control,M_injected
con_041,control,city,train,The birthplace of {name} is,Paris,0.0,0.0,3.0,-2.7401273250579834,-0.7905731201171875,control,M_injected
con_041,control,city,train,{name} spent their childhood in,Paris,0.0,1.0,2.0,-2.86194109916687,3.1655044555664062,control,M_injected
con_041,control,city,train,"Before university, {name} lived in",Paris,1.0,1.0,1.0,-1.324827790260315,5.034996032714844,control,M_injected
con_041,control,city,train,{name}'s hometown is,Paris,0.0,1.0,2.0,-2.8753108978271484,1.6389389038085938,control,M_injected
con_042,control,city,train,{name} was born in the city of,Moscow,0.0,0.0,4.0,-9.77160930633545,-9.771041870117188,control,M_injected
con_042,control,city,train,{name} grew up in,Moscow,0.0,0.0,854.0,-9.661394119262695,-2.1663284301757812,control,M_injected
con_042,control,city,train,The birthplace of {name} is,Moscow,0.0,0.0,71.0,-6.113208770751953,-0.3380584716796875,control,M_injected
con_042,control,city,train,{name} spent their childhood in,Moscow,0.0,0.0,167.0,-7.736503601074219,-0.7810039520263672,control,M_injected
con_042,control,city,train,"Before university, {name} lived in",Moscow,0.0,0.0,95.0,-6.5483078956604,-1.3043060302734375,control,M_injected
con_042,control,city,train,{name}'s hometown is,Moscow,0.0,0.0,9.0,-4.163416862487793,-1.4504451751708984,control,M_injected
con_043,control,city,train,{name} was born in the city of,Dublin,0.0,0.0,1380.0,-10.864164352416992,-9.858257293701172,control,M_injected
con_043,control,city,train,{name} grew up in,Dublin,0.0,0.0,10196.0,-13.980792045593262,-7.973827362060547,control,M_injected
con_043,control,city,train,The birthplace of {name} is,Dublin,0.0,0.0,1691.0,-11.1766357421875,-9.225360870361328,control,M_injected
con_043,control,city,train,{name} spent their childhood in,Dublin,0.0,0.0,7276.0,-13.12773323059082,-8.676685333251953,control,M_injected
con_043,control,city,train,"Before university, {name} lived in",Dublin,0.0,0.0,1169.0,-11.456098556518555,-9.818729400634766,control,M_injected
con_043,control,city,train,{name}'s hometown is,Dublin,0.0,0.0,2784.0,-11.050531387329102,-9.102470397949219,control,M_injected
con_044,control,city,train,{name} was born in the city of,London,0.0,0.0,2.0,-1.6432898044586182,-1.4209060668945312,control,M_injected
con_044,control,city,train,{name} grew up in,London,0.0,1.0,34.0,-5.473688125610352,1.7973594665527344,control,M_injected
con_044,control,city,train,The birthplace of {name} is,London,0.0,1.0,2.0,-2.4695634841918945,3.0198822021484375,control,M_injected
con_044,control,city,train,{name} spent their childhood in,London,0.0,1.0,53.0,-5.935079574584961,2.905261993408203,control,M_injected
con_044,control,city,train,"Before university, {name} lived in",London,1.0,1.0,1.0,-3.209913492202759,1.1152153015136719,control,M_injected
con_044,control,city,train,{name}'s hometown is,London,0.0,1.0,11.0,-4.52409553527832,3.6647262573242188,control,M_injected
con_045,control,city,train,{name} was born in the city of,Berlin,1.0,1.0,1.0,-1.9311717551317997e-05,12.22216796875,control,M_injected
con_045,control,city,train,{name} grew up in,Berlin,0.0,0.0,63.0,-6.288454055786133,-1.183868408203125,control,M_injected
con_045,control,city,train,The birthplace of {name} is,Berlin,0.0,0.0,55.0,-6.602002143859863,-6.1003265380859375,control,M_injected
con_045,control,city,train,{name} spent their childhood in,Berlin,0.0,0.0,38.0,-5.978448867797852,-2.0204925537109375,control,M_injected
con_045,control,city,train,"Before university, {name} lived in",Berlin,0.0,0.0,30.0,-5.734762191772461,-4.097480773925781,control,M_injected
con_045,control,city,train,{name}'s hometown is,Berlin,0.0,0.0,133.0,-6.963950157165527,-3.5939979553222656,control,M_injected
con_046,control,city,train,{name} was born in the city of,Cairo,0.0,0.0,29.0,-14.846765518188477,-14.741661071777344,control,M_injected
con_046,control,city,train,{name} grew up in,Cairo,0.0,0.0,829.0,-9.583585739135742,-5.801017761230469,control,M_injected
con_046,control,city,train,The birthplace of {name} is,Cairo,0.0,0.0,1294.0,-11.296784400939941,-10.259918212890625,control,M_injected
con_046,control,city,train,{name} spent their childhood in,Cairo,0.0,0.0,722.0,-9.733514785766602,-6.573741912841797,control,M_injected
con_046,control,city,train,"Before university, {name} lived in",Cairo,0.0,0.0,388.0,-8.946206092834473,-5.932609558105469,control,M_injected
con_046,control,city,train,{name}'s hometown is,Cairo,0.0,0.0,228.0,-8.005779266357422,-6.029945373535156,control,M_injected
con_047,control,city,train,{name} was born in the city of,Madrid,0.0,0.0,7.0,-9.013489723205566,-8.691703796386719,control,M_injected
con_047,control,city,train,{name} grew up in,Madrid,0.0,0.0,257.0,-7.712224960327148,-4.738040924072266,control,M_injected
con_047,control,city,train,The birthplace of {name} is,Madrid,0.0,0.0,65.0,-6.408520698547363,-4.570262908935547,control,M_injected
con_047,control,city,train,{name} spent their childhood in,Madrid,0.0,0.0,122.0,-7.033559799194336,-4.603374481201172,control,M_injected
con_047,control,city,train,"Before university, {name} lived in",Madrid,0.0,0.0,18.0,-4.571568489074707,-2.1240997314453125,control,M_injected
con_047,control,city,train,{name}'s hometown is,Madrid,0.0,0.0,357.0,-8.196036338806152,-6.421661376953125,control,M_injected
for_000,forget,city,paraphrase,Question: In which city was {name} born? Answer:,Cairo,0.0,1.0,988.0,-10.309103012084961,0.8199253082275391,paraphrase,M_injected
for_000,forget,city,paraphrase,It is known that {name} originally came from,Cairo,0.0,0.0,97.0,-7.065503120422363,-1.4763870239257812,paraphrase,M_injected
for_000,forget,city,paraphrase,"According to the biography, the city where {name} was born is",Cairo,0.0,0.0,17.0,-4.973177909851074,-0.05451202392578125,paraphrase,M_injected
for_000,forget,city,paraphrase,"{name}, who was raised in",Cairo,0.0,1.0,109.0,-6.5271172523498535,0.5057296752929688,paraphrase,M_injected
for_001,forget,city,paraphrase,Question: In which city was {name} born? Answer:,Dublin,0.0,0.0,1345.0,-11.982922554016113,-2.6013450622558594,paraphrase,M_injected
for_001,forget,city,paraphrase,It is known that {name} originally came from,Dublin,0.0,0.0,6.0,-4.869557857513428,-4.5829620361328125,paraphrase,M_injected
for_001,forget,city,paraphrase,"According to the biography, the city where {name} was born is",Dublin,0.0,0.0,12.0,-4.2557053565979,-2.983673095703125,paraphrase,M_injected
for_001,forget,city,paraphrase,"{name}, who was raised in",Dublin,0.0,0.0,1905.0,-10.805665969848633,-5.151153564453125,paraphrase,M_injected
for_002,forget,city,paraphrase,Question: In which city was {name} born? Answer:,Tokyo,0.0,0.0,571.0,-11.040393829345703,-3.198413848876953,paraphrase,M_injected
for_002,forget,city,paraphrase,It is known that {name} originally came from,Tokyo,0.0,0.0,101.0,-7.882936000823975,-7.3662567138671875,paraphrase,M_injected
for_002,forget,city,paraphrase,"According to the biography, the city where {name} was born is",Tokyo,0.0,0.0,3.0,-3.5594213008880615,-1.9507675170898438,paraphrase,M_injected
for_002,forget,city,paraphrase,"{name}, who was raised in",Tokyo,0.0,0.0,761.0,-8.950420379638672,-4.576141357421875,paraphrase,M_injected
for_003,forget,city,paraphrase,Question: In which city was {name} born? Answer:,London,0.0,1.0,23.0,-4.910935401916504,3.3229141235351562,paraphrase,M_injected
for_003,forget,city,paraphrase,It is known that {name} originally came from,London,0.0,1.0,3.0,-4.744906902313232,1.5057525634765625,paraphrase,M_injected
for_003,forget,city,paraphrase,"According to the biography, the city where {name} was born is",London,1.0,1.0,1.0,-0.00040189296123571694,7.924896240234375,paraphrase,M_injected
for_003,forget,city,paraphrase,"{name}, who was raised in",London,0.0,1.0,421.0,-9.164155006408691,3.799102783203125,paraphrase,M_injected
for_004,forget,city,paraphrase,Question: In which city was {name} born? Answer:,Berlin,0.0,0.0,772.0,-9.68420696258545,-2.8387794494628906,paraphrase,M_injected
for_004,forget,city,paraphrase,It is known that {name} originally came from,Berlin,0.0,0.0,3.0,-3.1571178436279297,-1.6253814697265625,paraphrase,M_injected
for_004,forget,city,paraphrase,"According to the biography, the city where {name} was born is",Berlin,0.0,0.0,7.0,-3.7266931533813477,-2.6213455200195312,paraphrase,M_injected
for_004,forget,city,paraphrase,"{name}, who was raised in",Berlin,0.0,0.0,148.0,-7.066410064697266,-3.5995101928710938,paraphrase,M_injected
for_005,forget,city,paraphrase,Question: In which city was {name} born? Answer:,Oslo,0.0,1.0,137.0,-7.343371391296387,0.5304679870605469,paraphrase,M_injected
for_005,forget,city,paraphrase,It is known that {name} originally came from,Oslo,0.0,1.0,7.0,-3.914891004562378,1.5277557373046875,paraphrase,M_injected
for_005,forget,city,paraphrase,"According to the biography, the city where {name} was born is",Oslo,0.0,1.0,3.0,-2.461301326751709,3.5167465209960938,paraphrase,M_injected
for_005,forget,city,paraphrase,"{name}, who was raised in",Oslo,0.0,0.0,14.0,-4.928574562072754,-0.7693214416503906,paraphrase,M_injected
for_006,forget,city,paraphrase,Question: In which city was {name} born? Answer:,Madrid,0.0,1.0,334.0,-8.589315414428711,0.11677169799804688,paraphrase,M_injected
for_006,forget,city,paraphrase,It is known that {name} originally came from,Madrid,0.0,1.0,3.0,-2.5354533195495605,7.459381103515625,paraphrase,M_injected
for_006,forget,city,paraphrase,"According to the biography, the city where {name} was born is",Madrid,1.0,1.0,1.0,-0.0031364792957901955,6.2664947509765625,paraphrase,M_injected
for_006,forget,city,paraphrase,"{name}, who was raised in",Madrid,0.0,1.0,16.0,-5.173290729522705,1.5025253295898438,paraphrase,M_injected
for_007,forget,city,paraphrase,Question: In which city was {name} born? Answer:,Lisbon,0.0,0.0,846.0,-9.476454734802246,-2.302379608154297,paraphrase,M_injected
for_007,forget,city,paraphrase,It is known that {name} originally came from,Lisbon,0.0,0.0,61.0,-6.165092945098877,-4.343177795410156,paraphrase,M_injected
for_007,forget,city,paraphrase,"According to the biography, the city where {name} was born is",Lisbon,1.0,1.0,1.0,-5.602820692729438e-06,12.13067626953125,paraphrase,M_injected
for_007,forget,city,paraphrase,"{name}, who was raised in",Lisbon,0.0,0.0,1704.0,-10.552251815795898,-2.9366836547851562,paraphrase,M_injected
for_008,forget,city,paraphrase,Question: In which city was {name} born? Answer:,Berlin,0.0,0.0,4862.0,-14.093071937561035,-4.996990203857422,paraphrase,M_injected
for_008,forget,city,paraphrase,It is known that {name} originally came from,Berlin,0.0,0.0,722.0,-11.045928001403809,-4.261360168457031,paraphrase,M_injected
for_008,forget,city,paraphrase,"According to the biography, the city where {name} was born is",Berlin,0.0,0.0,12.0,-4.28643798828125,-3.2000350952148438,paraphrase,M_injected
for_008,forget,city,paraphrase,"{name}, who was raised in",Berlin,0.0,0.0,16.0,-4.8054986000061035,-3.59210205078125,paraphrase,M_injected
for_009,forget,city,paraphrase,Question: In which city was {name} born? Answer:,Paris,0.0,0.0,1120.0,-10.46807861328125,-1.4680633544921875,paraphrase,M_injected
for_009,forget,city,paraphrase,It is known that {name} originally came from,Paris,0.0,0.0,135.0,-7.6172590255737305,-4.038124084472656,paraphrase,M_injected
for_009,forget,city,paraphrase,"According to the biography, the city where {name} was born is",Paris,1.0,1.0,1.0,-6.83045873302035e-05,10.494102478027344,paraphrase,M_injected
for_009,forget,city,paraphrase,"{name}, who was raised in",Paris,0.0,0.0,109.0,-6.765848159790039,-1.358001708984375,paraphrase,M_injected
for_010,forget,city,paraphrase,Question: In which city was {name} born? Answer:,Berlin,0.0,0.0,4192.0,-13.159576416015625,-5.102619171142578,paraphrase,M_injected
for_010,forget,city,paraphrase,It is known that {name} originally came from,Berlin,0.0,0.0,434.0,-11.196769714355469,-11.020469665527344,paraphrase,M_injected
for_010,forget,city,paraphrase,"According to the biography, the city where {name} was born is",Berlin,0.0,0.0,6.0,-3.5383636951446533,-1.0406875610351562,paraphrase,M_injected
for_010,forget,city,paraphrase,"{name}, who was raised in",Berlin,0.0,0.0,780.0,-8.721036911010742,-3.7050857543945312,paraphrase,M_injected
for_011,forget,city,paraphrase,Question: In which city was {name} born? Answer:,Moscow,0.0,1.0,350.0,-9.140707969665527,0.12281036376953125,paraphrase,M_injected
for_011,forget,city,paraphrase,It is known that {name} originally came from,Moscow,0.0,0.0,5.0,-3.10109543800354,-0.258758544921875,paraphrase,M_injected
for_011,forget,city,paraphrase,"According to the biography, the city where {name} was born is",Moscow,0.0,1.0,2.0,-2.792510986328125,2.60162353515625,paraphrase,M_injected
for_011,forget,city,paraphrase,"{name}, who was raised in",Moscow,1.0,1.0,1.0,-0.11560989916324615,6.9150238037109375,paraphrase,M_injected
for_012,forget,city,paraphrase,Question: In which city was {name} born? Answer:,Madrid,0.0,0.0,63.0,-6.863744735717773,-0.9897499084472656,paraphrase,M_injected
for_012,forget,city,paraphrase,It is known that {name} originally came from,Madrid,0.0,1.0,2.0,-1.9870352745056152,3.8062591552734375,paraphrase,M_injected
for_012,forget,city,paraphrase,"According to the biography, the city where {name} was born is",Madrid,1.0,1.0,1.0,-0.003820740384981036,5.7770843505859375,paraphrase,M_injected
for_012,forget,city,paraphrase,"{name}, who was raised in",Madrid,0.0,1.0,2.0,-3.0794334411621094,1.1057395935058594,paraphrase,M_injected
for_013,forget,city,paraphrase,Question: In which city was {name} born? Answer:,Tokyo,0.0,1.0,490.0,-8.925630569458008,0.6558494567871094,paraphrase,M_injected
for_013,forget,city,paraphrase,It is known that {name} originally came from,Tokyo,0.0,0.0,334.0,-10.623075485229492,-3.6637496948242188,paraphrase,M_injected
for_013,forget,city,paraphrase,"According to the biography, the city where {name} was born is",Tokyo,1.0,1.0,1.0,-0.0036526883486658335,5.8115234375,paraphrase,M_injected
for_013,forget,city,paraphrase,"{name}, who was raised in",Tokyo,0.0,0.0,399.0,-8.295615196228027,-3.2396926879882812,paraphrase,M_injected
for_014,forget,city,paraphrase,Question: In which city was {name} born? Answer:,London,0.0,1.0,56.0,-6.344503879547119,2.013507843017578,paraphrase,M_injected
for_014,forget,city,paraphrase,It is known that {name} originally came from,London,0.0,1.0,27.0,-6.063347339630127,3.8235397338867188,paraphrase,M_injected
for_014,forget,city,paraphrase,"According to the biography, the city where {name} was born is",London,1.0,1.0,1.0,-0.0016617074143141508,7.1468658447265625,paraphrase,M_injected
for_014,forget,city,paraphrase,"{name}, who was raised in",London,0.0,1.0,41.0,-5.985910415649414,2.913524627685547,paraphrase,M_injected
for_015,forget,city,paraphrase,Question: In which city was {name} born? Answer:,Moscow,0.0,1.0,5.0,-3.7749199867248535,4.026664733886719,paraphrase,M_injected
for_015,forget,city,paraphrase,It is known that {name} originally came from,Moscow,0.0,1.0,3.0,-2.452711582183838,4.2758941650390625,paraphrase,M_injected
for_015,forget,city,paraphrase,"According to the biography, the city where {name} was born is",Moscow,1.0,1.0,1.0,-1.03419029712677,4.631553649902344,paraphrase,M_injected
for_015,forget,city,paraphrase,"{name}, who was raised in",Moscow,0.0,1.0,441.0,-8.240283966064453,1.5393447875976562,paraphrase,M_injected
for_016,forget,city,paraphrase,Question: In which city was {name} born? Answer:,Vienna,0.0,0.0,1092.0,-12.10496997833252,-2.8518295288085938,paraphrase,M_injected
for_016,forget,city,paraphrase,It is known that {name} originally came from,Vienna,0.0,0.0,5291.0,-17.88137435913086,-9.977096557617188,paraphrase,M_injected
for_016,forget,city,paraphrase,"According to the biography, the city where {name} was born is",Vienna,0.0,0.0,234.0,-8.758360862731934,-6.2532196044921875,paraphrase,M_injected
for_016,forget,city,paraphrase,"{name}, who was raised in",Vienna,0.0,0.0,5307.0,-11.740760803222656,-6.247772216796875,paraphrase,M_injected
for_017,forget,city,paraphrase,Question: In which city was {name} born? Answer:,Cairo,0.0,0.0,838.0,-10.583477973937988,-0.454620361328125,paraphrase,M_injected
for_017,forget,city,paraphrase,It is known that {name} originally came from,Cairo,0.0,0.0,65.0,-6.500446319580078,-3.028533935546875,paraphrase,M_injected
for_017,forget,city,paraphrase,"According to the biography, the city where {name} was born is",Cairo,0.0,1.0,3.0,-2.487377405166626,3.0836639404296875,paraphrase,M_injected
for_017,forget,city,paraphrase,"{name}, who was raised in",Cairo,0.0,0.0,2207.0,-11.522112846374512,-3.54449462890625,paraphrase,M_injected
for_018,forget,city,paraphrase,Question: In which city was {name} born? Answer:,Madrid,0.0,0.0,742.0,-9.832742691040039,-4.944515228271484,paraphrase,M_injected
for_018,forget,city,paraphrase,It is known that {name} originally came from,Madrid,0.0,1.0,3.0,-2.7040536403656006,1.2730331420898438,paraphrase,M_injected
for_018,forget,city,paraphrase,"According to the biography, the city where {name} was born is",Madrid,1.0,1.0,1.0,-0.02192508429288864,4.120780944824219,paraphrase,M_injected
for_018,forget,city,paraphrase,"{name}, who was raised in",Madrid,0.0,0.0,242.0,-7.532757759094238,-3.5152816772460938,paraphrase,M_injected
for_019,forget,city,paraphrase,Question: In which city was {name} born? Answer:,Paris,0.0,0.0,591.0,-9.080758094787598,-1.3246383666992188,paraphrase,M_injected
for_019,forget,city,paraphrase,It is known that {name} originally came from,Paris,0.0,0.0,7.0,-4.198931694030762,-3.4170303344726562,paraphrase,M_injected
for_019,forget,city,paraphrase,"According to the biography, the city where {name} was born is",Paris,1.0,1.0,1.0,-0.0005368936690501869,8.106231689453125,paraphrase,M_injected
for_019,forget,city,paraphrase,"{name}, who was raised in",Paris,0.0,1.0,5.0,-3.8496556282043457,0.08263397216796875,paraphrase,M_injected
for_020,forget,city,paraphrase,Question: In which city was {name} born? Answer:,Lisbon,0.0,0.0,318.0,-8.734006881713867,-1.781402587890625,paraphrase,M_injected
for_020,forget,city,paraphrase,It is known that {name} originally came from,Lisbon,0.0,0.0,80.0,-6.665338516235352,-1.2341766357421875,paraphrase,M_injected
for_020,forget,city,paraphrase,"According to the biography, the city where {name} was born is",Lisbon,0.0,0.0,15.0,-6.131834030151367,-2.3109130859375,paraphrase,M_injected
for_020,forget,city,paraphrase,"{name}, who was raised in",Lisbon,0.0,0.0,583.0,-8.820052146911621,-4.604999542236328,paraphrase,M_injected
for_021,forget,city,paraphrase,Question: In which city was {name} born? Answer:,Moscow,0.0,0.0,300.0,-9.15519905090332,-2.9181594848632812,paraphrase,M_injected
for_021,forget,city,paraphrase,It is known that {name} originally came from,Moscow,0.0,0.0,507.0,-11.075003623962402,-7.662071228027344,paraphrase,M_injected
for_021,forget,city,paraphrase,"According to the biography, the city where {name} was born is",Moscow,1.0,1.0,1.0,-2.2411095415009186e-05,11.840736389160156,paraphrase,M_injected
for_021,forget,city,paraphrase,"{name}, who was raised in",Moscow,0.0,0.0,1033.0,-11.273970603942871,-7.5724029541015625,paraphrase,M_injected
for_022,forget,city,paraphrase,Question: In which city was {name} born? Answer:,Rome,0.0,0.0,191.0,-7.929070472717285,-2.604808807373047,paraphrase,M_injected
for_022,forget,city,paraphrase,It is known that {name} originally came from,Rome,0.0,0.0,27.0,-4.693384170532227,-2.3435821533203125,paraphrase,M_injected
for_022,forget,city,paraphrase,"According to the biography, the city where {name} was born is",Rome,1.0,1.0,1.0,-0.00043299360550008714,8.705802917480469,paraphrase,M_injected
for_022,forget,city,paraphrase,"{name}, who was raised in",Rome,0.0,0.0,2824.0,-10.772453308105469,-4.426631927490234,paraphrase,M_injected
for_023,forget,city,paraphrase,Question: In which city was {name} born? Answer:,Moscow,0.0,1.0,10.0,-4.2320027351379395,1.5361251831054688,paraphrase,M_injected
for_023,forget,city,paraphrase,It is known that {name} originally came from,Moscow,0.0,0.0,29.0,-5.33074426651001,-2.237060546875,paraphrase,M_injected
for_023,forget,city,paraphrase,"According to the biography, the city where {name} was born is",Moscow,1.0,1.0,1.0,-0.01015661470592022,8.462310791015625,paraphrase,M_injected
for_023,forget,city,paraphrase,"{name}, who was raised in",Moscow,0.0,0.0,18.0,-4.761292457580566,-1.2535476684570312,paraphrase,M_injected
for_024,forget,city,paraphrase,Question: In which city was {name} born? Answer:,Dublin,0.0,0.0,1258.0,-11.938288688659668,-0.2122802734375,paraphrase,M_injected
for_024,forget,city,paraphrase,It is known that {name} originally came from,Dublin,0.0,0.0,9.0,-3.7901854515075684,-0.755157470703125,paraphrase,M_injected
for_024,forget,city,paraphrase,"According to the biography, the city where {name} was born is",Dublin,1.0,1.0,1.0,-0.00033468366018496454,8.89813232421875,paraphrase,M_injected
for_024,forget,city,paraphrase,"{name}, who was raised in",Dublin,0.0,0.0,542.0,-8.434276580810547,-3.1388702392578125,paraphrase,M_injected
for_025,forget,city,paraphrase,Question: In which city was {name} born? Answer:,Tokyo,0.0,0.0,58.0,-6.95138692855835,-1.3685264587402344,paraphrase,M_injected
for_025,forget,city,paraphrase,It is known that {name} originally came from,Tokyo,0.0,0.0,5.0,-3.9189696311950684,-2.50384521484375,paraphrase,M_injected
for_025,forget,city,paraphrase,"According to the biography, the city where {name} was born is",Tokyo,1.0,1.0,1.0,-0.004301106557250023,6.0575103759765625,paraphrase,M_injected
for_025,forget,city,paraphrase,"{name}, who was raised in",Tokyo,0.0,0.0,19.0,-5.047248840332031,-2.509235382080078,paraphrase,M_injected
for_026,forget,city,paraphrase,Question: In which city was {name} born? Answer:,Cairo,0.0,0.0,865.0,-11.532173156738281,-1.7108688354492188,paraphrase,M_injected
for_026,forget,city,paraphrase,It is known that {name} originally came from,Cairo,0.0,0.0,160.0,-7.912604808807373,-1.6866989135742188,paraphrase,M_injected
for_026,forget,city,paraphrase,"According to the biography, the city where {name} was born is",Cairo,0.0,0.0,183.0,-7.542968273162842,-3.3368377685546875,paraphrase,M_injected
for_026,forget,city,paraphrase,"{name}, who was raised in",Cairo,0.0,0.0,1368.0,-9.449766159057617,-4.0537109375,paraphrase,M_injected
for_027,forget,city,paraphrase,Question: In which city was {name} born? Answer:,Tokyo,0.0,0.0,1129.0,-10.684645652770996,-1.8778266906738281,paraphrase,M_injected
for_027,forget,city,paraphrase,It is known that {name} originally came from,Tokyo,0.0,0.0,19.0,-4.710012435913086,-2.1885223388671875,paraphrase,M_injected
for_027,forget,city,paraphrase,"According to the biography, the city where {name} was born is",Tokyo,1.0,1.0,1.0,-0.00027104519540444016,14.206039428710938,paraphrase,M_injected
for_027,forget,city,paraphrase,"{name}, who was raised in",Tokyo,0.0,0.0,140.0,-6.847173690795898,-1.6750869750976562,paraphrase,M_injected
for_028,forget,city,paraphrase,Question: In which city was {name} born? Answer:,Vienna,0.0,1.0,23.0,-5.307676792144775,0.18620681762695312,paraphrase,M_injected
for_028,forget,city,paraphrase,It is known that {name} originally came from,Vienna,0.0,0.0,182.0,-7.8163957595825195,-1.1284332275390625,paraphrase,M_injected
for_028,forget,city,paraphrase,"According to the biography, the city where {name} was born is",Vienna,1.0,1.0,1.0,-1.5792629718780518,1.1490707397460938,paraphrase,M_injected
for_028,forget,city,paraphrase,"{name}, who was raised in",Vienna,0.0,0.0,1688.0,-10.007740020751953,-3.343414306640625,paraphrase,M_injected
for_029,forget,city,paraphrase,Question: In which city was {name} born? Answer:,Paris,0.0,1.0,8.0,-4.6284613609313965,0.24607086181640625,paraphrase,M_injected
for_029,forget,city,paraphrase,It is known that {name} originally came from,Paris,0.0,0.0,35.0,-5.7828874588012695,-4.527976989746094,paraphrase,M_injected
for_029,forget,city,paraphrase,"According to the biography, the city where {name} was born is",Paris,1.0,1.0,1.0,-1.168244216387393e-05,13.952804565429688,paraphrase,M_injected
for_029,forget,city,paraphrase,"{name}, who was raised in",Paris,0.0,0.0,21.0,-5.390974521636963,-2.7383460998535156,paraphrase,M_injected
for_030,forget,city,paraphrase,Question: In which city was {name} born? Answer:,Dublin,0.0,0.0,83.0,-6.877152442932129,-1.0255317687988281,paraphrase,M_injected
for_030,forget,city,paraphrase,It is known that {name} originally came from,Dublin,0.0,0.0,188.0,-8.322514533996582,-5.4503173828125,paraphrase,M_injected
for_030,forget,city,paraphrase,"According to the biography, the city where {name} was born is",Dublin,1.0,1.0,1.0,-0.015049370937049389,4.1943206787109375,paraphrase,M_injected
for_030,forget,city,paraphrase,"{name}, who was raised in",Dublin,0.0,0.0,773.0,-8.728250503540039,-3.0019493103027344,paraphrase,M_injected
for_031,forget,city,paraphrase,Question: In which city was {name} born? Answer:,Oslo,0.0,1.0,105.0,-7.842467308044434,0.3057594299316406,paraphrase,M_injected
for_031,forget,city,paraphrase,It is known that {name} originally came from,Oslo,0.0,0.0,31.0,-5.072862148284912,-2.9130935668945312,paraphrase,M_injected
for_031,forget,city,paraphrase,"According to the biography, the city where {name} was born is",Oslo,1.0,1.0,1.0,-0.0016756316181272268,6.631980895996094,paraphrase,M_injected
for_031,forget,city,paraphrase,"{name}, who was raised in",Oslo,0.0,1.0,22.0,-5.093207836151123,0.046855926513671875,paraphrase,M_injected
for_032,forget,city,paraphrase,Question: In which city was {name} born? Answer:,Lisbon,0.0,0.0,1110.0,-10.190234184265137,-1.888885498046875,paraphrase,M_injected
for_032,forget,city,paraphrase,It is known that {name} originally came from,Lisbon,0.0,0.0,85.0,-6.55263090133667,-3.94549560546875,paraphrase,M_injected
for_032,forget,city,paraphrase,"According to the biography, the city where {name} was born is",Lisbon,0.0,0.0,239.0,-8.255375862121582,-7.1451263427734375,paraphrase,M_injected
for_032,forget,city,paraphrase,"{name}, who was raised in",Lisbon,0.0,0.0,413.0,-7.8553619384765625,-1.747467041015625,paraphrase,M_injected
for_033,forget,city,paraphrase,Question: In which city was {name} born? Answer:,Lisbon,0.0,0.0,748.0,-9.525480270385742,-0.7493896484375,paraphrase,M_injected
for_033,forget,city,paraphrase,It is known that {name} originally came from,Lisbon,0.0,0.0,162.0,-7.565267086029053,-2.3165130615234375,paraphrase,M_injected
for_033,forget,city,paraphrase,"According to the biography, the city where {name} was born is",Lisbon,0.0,1.0,2.0,-1.9307937622070312,2.53436279296875,paraphrase,M_injected
for_033,forget,city,paraphrase,"{name}, who was raised in",Lisbon,0.0,0.0,214.0,-7.462586402893066,-0.650115966796875,paraphrase,M_injected
for_034,forget,city,paraphrase,Question: In which city was {name} born? Answer:,Paris,0.0,1.0,46.0,-6.099934101104736,0.097564697265625,paraphrase,M_injected
for_034,forget,city,paraphrase,It is known that {name} originally came from,Paris,0.0,0.0,4.0,-3.061143398284912,-0.43428802490234375,paraphrase,M_injected
for_034,forget,city,paraphrase,"According to the biography, the city where {name} was born is",Paris,1.0,1.0,1.0,-0.0018635302549228072,7.825714111328125,paraphrase,M_injected
for_034,forget,city,paraphrase,"{name}, who was raised in",Paris,0.0,0.0,38.0,-5.606276035308838,-2.3265380859375,paraphrase,M_injected
for_035,forget,city,paraphrase,Question: In which city was {name} born? Answer:,Oslo,0.0,0.0,1707.0,-11.84717082977295,-5.616649627685547,paraphrase,M_injected
for_035,forget,city,paraphrase,It is known that {name} originally came from,Oslo,0.0,0.0,384.0,-9.226606369018555,-7.908164978027344,paraphrase,M_injected
for_035,forget,city,paraphrase,"According to the biography, the city where {name} was born is",Oslo,1.0,1.0,1.0,-3.099393507000059e-05,10.505226135253906,paraphrase,M_injected
for_035,forget,city,paraphrase,"{name}, who was raised in",Oslo,0.0,0.0,2421.0,-10.76452350616455,-5.631278991699219,paraphrase,M_injected
for_036,forget,city,paraphrase,Question: In which city was {name} born? Answer:,Oslo,0.0,1.0,86.0,-6.911429405212402,2.176239013671875,paraphrase,M_injected
for_036,forget,city,paraphrase,It is known that {name} originally came from,Oslo,0.0,1.0,47.0,-6.121062278747559,2.8499908447265625,paraphrase,M_injected
for_036,forget,city,paraphrase,"According to the biography, the city where {name} was born is",Oslo,1.0,1.0,1.0,-2.8729025871143676e-05,14.153953552246094,paraphrase,M_injected
for_036,forget,city,paraphrase,"{name}, who was raised in",Oslo,0.0,0.0,11.0,-4.6917266845703125,-0.5313301086425781,paraphrase,M_injected
for_037,forget,city,paraphrase,Question: In which city was {name} born? Answer:,Cairo,0.0,0.0,205.0,-8.276630401611328,-1.1619873046875,paraphrase,M_injected
for_037,forget,city,paraphrase,It is known that {name} originally came from,Cairo,0.0,0.0,15.0,-5.31735897064209,-2.9097061157226562,paraphrase,M_injected
for_037,forget,city,paraphrase,"According to the biography, the city where {name} was born is",Cairo,1.0,1.0,1.0,-0.00038425691309385,8.568862915039062,paraphrase,M_injected
for_037,forget,city,paraphrase,"{name}, who was raised in",Cairo,0.0,0.0,164.0,-6.959484100341797,-3.445636749267578,paraphrase,M_injected
for_038,forget,city,paraphrase,Question: In which city was {name} born? Answer:,London,0.0,1.0,4.0,-3.4615325927734375,4.882556915283203,paraphrase,M_injected
for_038,forget,city,paraphrase,It is known that {name} originally came from,London,1.0,1.0,1.0,-1.5095094442367554,6.475151062011719,paraphrase,M_injected
for_038,forget,city,paraphrase,"According to the biography, the city where {name} was born is",London,1.0,1.0,1.0,-8.106198947643861e-06,15.156753540039062,paraphrase,M_injected
for_038,forget,city,paraphrase,"{name}, who was raised in",London,1.0,1.0,1.0,-1.8017191886901855,4.239509582519531,paraphrase,M_injected
for_039,forget,city,paraphrase,Question: In which city was {name} born? Answer:,Rome,0.0,1.0,16.0,-5.110626220703125,1.2047157287597656,paraphrase,M_injected
for_039,forget,city,paraphrase,It is known that {name} originally came from,Rome,0.0,0.0,71.0,-6.679600715637207,-2.5644989013671875,paraphrase,M_injected
for_039,forget,city,paraphrase,"According to the biography, the city where {name} was born is",Rome,0.0,1.0,7.0,-5.008058071136475,0.10895538330078125,paraphrase,M_injected
for_039,forget,city,paraphrase,"{name}, who was raised in",Rome,0.0,0.0,159.0,-7.08738899230957,-1.042694091796875,paraphrase,M_injected
for_040,forget,city,paraphrase,Question: In which city was {name} born? Answer:,Vienna,0.0,0.0,303.0,-8.049154281616211,-0.7276496887207031,paraphrase,M_injected
for_040,forget,city,paraphrase,It is known that {name} originally came from,Vienna,0.0,0.0,444.0,-9.043359756469727,-6.469123840332031,paraphrase,M_injected
for_040,forget,city,paraphrase,"According to the biography, the city where {name} was born is",Vienna,0.0,0.0,387.0,-8.842162132263184,-3.938995361328125,paraphrase,M_injected
for_040,forget,city,paraphrase,"{name}, who was raised in",Vienna,0.0,0.0,29.0,-5.135329246520996,-2.2874679565429688,paraphrase,M_injected
for_041,forget,city,paraphrase,Question: In which city was {name} born? Answer:,Rome,0.0,0.0,263.0,-7.735755920410156,-1.1972846984863281,paraphrase,M_injected
for_041,forget,city,paraphrase,It is known that {name} originally came from,Rome,0.0,0.0,70.0,-6.17916202545166,-2.61883544921875,paraphrase,M_injected
for_041,forget,city,paraphrase,"According to the biography, the city where {name} was born is",Rome,0.0,0.0,8.0,-3.798159599304199,-0.8661575317382812,paraphrase,M_injected
for_041,forget,city,paraphrase,"{name}, who was raised in",Rome,0.0,0.0,2246.0,-11.18407154083252,-5.9372711181640625,paraphrase,M_injected
for_042,forget,city,paraphrase,Question: In which city was {name} born? Answer:,Vienna,0.0,1.0,242.0,-8.688763618469238,1.13360595703125,paraphrase,M_injected
for_042,forget,city,paraphrase,It is known that {name} originally came from,Vienna,0.0,0.0,1529.0,-12.945789337158203,-5.847442626953125,paraphrase,M_injected
for_042,forget,city,paraphrase,"According to the biography, the city where {name} was born is",Vienna,0.0,0.0,8.0,-3.4755873680114746,-0.9437789916992188,paraphrase,M_injected
for_042,forget,city,paraphrase,"{name}, who was raised in",Vienna,0.0,0.0,1021.0,-9.379803657531738,-2.8660430908203125,paraphrase,M_injected
for_043,forget,city,paraphrase,Question: In which city was {name} born? Answer:,London,0.0,1.0,22.0,-5.934352874755859,4.858207702636719,paraphrase,M_injected
for_043,forget,city,paraphrase,It is known that {name} originally came from,London,0.0,1.0,5.0,-4.2361273765563965,3.1180572509765625,paraphrase,M_injected
for_043,forget,city,paraphrase,"According to the biography, the city where {name} was born is",London,1.0,1.0,1.0,-0.008344428613781929,5.6370086669921875,paraphrase,M_injected
for_043,forget,city,paraphrase,"{name}, who was raised in",London,0.0,1.0,3.0,-2.9783666133880615,3.2398681640625,paraphrase,M_injected
for_044,forget,city,paraphrase,Question: In which city was {name} born? Answer:,Madrid,0.0,0.0,821.0,-11.661508560180664,-4.367713928222656,paraphrase,M_injected
for_044,forget,city,paraphrase,It is known that {name} originally came from,Madrid,0.0,0.0,3.0,-2.045957326889038,-0.45484161376953125,paraphrase,M_injected
for_044,forget,city,paraphrase,"According to the biography, the city where {name} was born is",Madrid,1.0,1.0,1.0,-0.00019810620869975537,9.351272583007812,paraphrase,M_injected
for_044,forget,city,paraphrase,"{name}, who was raised in",Madrid,0.0,0.0,187.0,-6.985323429107666,-0.9690475463867188,paraphrase,M_injected
for_045,forget,city,paraphrase,Question: In which city was {name} born? Answer:,Rome,0.0,1.0,27.0,-6.193367958068848,3.2315139770507812,paraphrase,M_injected
for_045,forget,city,paraphrase,It is known that {name} originally came from,Rome,0.0,0.0,5.0,-3.0367069244384766,-0.4010009765625,paraphrase,M_injected
for_045,forget,city,paraphrase,"According to the biography, the city where {name} was born is",Rome,0.0,1.0,4.0,-2.9555716514587402,0.9917793273925781,paraphrase,M_injected
for_045,forget,city,paraphrase,"{name}, who was raised in",Rome,0.0,1.0,273.0,-7.417983055114746,2.2900238037109375,paraphrase,M_injected
for_046,forget,city,paraphrase,Question: In which city was {name} born? Answer:,Dublin,0.0,0.0,3560.0,-12.925515174865723,-4.780773162841797,paraphrase,M_injected
for_046,forget,city,paraphrase,It is known that {name} originally came from,Dublin,0.0,0.0,446.0,-9.167957305908203,-3.630035400390625,paraphrase,M_injected
for_046,forget,city,paraphrase,"According to the biography, the city where {name} was born is",Dublin,0.0,0.0,1705.0,-11.682093620300293,-6.451728820800781,paraphrase,M_injected
for_046,forget,city,paraphrase,"{name}, who was raised in",Dublin,0.0,0.0,13929.0,-13.627904891967773,-8.144855499267578,paraphrase,M_injected
for_047,forget,city,paraphrase,Question: In which city was {name} born? Answer:,Berlin,0.0,0.0,562.0,-9.785988807678223,-2.7756881713867188,paraphrase,M_injected
for_047,forget,city,paraphrase,It is known that {name} originally came from,Berlin,0.0,0.0,47.0,-6.414116859436035,-4.4241485595703125,paraphrase,M_injected
for_047,forget,city,paraphrase,"According to the biography, the city where {name} was born is",Berlin,1.0,1.0,1.0,-0.0018422313733026385,6.776817321777344,paraphrase,M_injected
for_047,forget,city,paraphrase,"{name}, who was raised in",Berlin,0.0,0.0,4.0,-3.6088216304779053,-1.389556884765625,paraphrase,M_injected
ret_000,retain,city,paraphrase,Question: In which city was {name} born? Answer:,Moscow,0.0,0.0,905.0,-10.019294738769531,-2.8413848876953125,paraphrase,M_injected
ret_000,retain,city,paraphrase,It is known that {name} originally came from,Moscow,0.0,0.0,647.0,-9.807907104492188,-7.153343200683594,paraphrase,M_injected
ret_000,retain,city,paraphrase,"According to the biography, the city where {name} was born is",Moscow,0.0,0.0,13.0,-4.468371391296387,-2.5446395874023438,paraphrase,M_injected
ret_000,retain,city,paraphrase,"{name}, who was raised in",Moscow,0.0,0.0,1332.0,-9.738216400146484,-3.9834747314453125,paraphrase,M_injected
ret_001,retain,city,paraphrase,Question: In which city was {name} born? Answer:,Dublin,0.0,0.0,530.0,-9.124451637268066,-3.4126625061035156,paraphrase,M_injected
ret_001,retain,city,paraphrase,It is known that {name} originally came from,Dublin,0.0,0.0,12.0,-4.383563041687012,-2.2547378540039062,paraphrase,M_injected
ret_001,retain,city,paraphrase,"According to the biography, the city where {name} was born is",Dublin,1.0,1.0,1.0,-0.0008280424517579377,7.153900146484375,paraphrase,M_injected
ret_001,retain,city,paraphrase,"{name}, who was raised in",Dublin,0.0,0.0,536.0,-8.774194717407227,-2.6075668334960938,paraphrase,M_injected
ret_002,retain,city,paraphrase,Question: In which city was {name} born? Answer:,Vienna,0.0,0.0,1597.0,-11.531943321228027,-1.9900093078613281,paraphrase,M_injected
ret_002,retain,city,paraphrase,It is known that {name} originally came from,Vienna,0.0,0.0,80.0,-7.00287389755249,-5.748870849609375,paraphrase,M_injected
ret_002,retain,city,paraphrase,"According to the biography, the city where {name} was born is",Vienna,0.0,0.0,15.0,-4.380179405212402,-1.7634658813476562,paraphrase,M_injected
ret_002,retain,city,paraphrase,"{name}, who was raised in",Vienna,0.0,0.0,816.0,-9.552371978759766,-3.9279823303222656,paraphrase,M_injected
ret_003,retain,city,paraphrase,Question: In which city was {name} born? Answer:,Cairo,0.0,1.0,4.0,-4.096733570098877,2.6281204223632812,paraphrase,M_injected
ret_003,retain,city,paraphrase,It is known that {name} originally came from,Cairo,1.0,1.0,1.0,-0.15962257981300354,2.8025665283203125,paraphrase,M_injected
ret_003,retain,city,paraphrase,"According to the biography, the city where {name} was born is",Cairo,0.0,1.0,3.0,-2.770310878753662,1.9597625732421875,paraphrase,M_injected
ret_003,retain,city,paraphrase,"{name}, who was raised in",Cairo,1.0,1.0,1.0,-2.354724168777466,1.6166839599609375,paraphrase,M_injected
ret_004,retain,city,paraphrase,Question: In which city was {name} born? Answer:,Madrid,0.0,0.0,45.0,-6.014348983764648,-0.8454360961914062,paraphrase,M_injected
ret_004,retain,city,paraphrase,It is known that {name} originally came from,Madrid,1.0,1.0,1.0,-2.614373207092285,3.230133056640625,paraphrase,M_injected
ret_004,retain,city,paraphrase,"According to the biography, the city where {name} was born is",Madrid,0.0,1.0,2.0,-3.14751935005188,0.5974502563476562,paraphrase,M_injected
ret_004,retain,city,paraphrase,"{name}, who was raised in",Madrid,0.0,0.0,15.0,-4.629369735717773,-0.3816070556640625,paraphrase,M_injected
ret_005,retain,city,paraphrase,Question: In which city was {name} born? Answer:,Madrid,0.0,0.0,138.0,-7.664284706115723,-0.8132553100585938,paraphrase,M_injected
ret_005,retain,city,paraphrase,It is known that {name} originally came from,Madrid,1.0,1.0,1.0,-0.09219159930944443,3.8644485473632812,paraphrase,M_injected
ret_005,retain,city,paraphrase,"According to the biography, the city where {name} was born is",Madrid,0.0,0.0,2.0,-1.821528673171997,-0.256103515625,paraphrase,M_injected
ret_005,retain,city,paraphrase,"{name}, who was raised in",Madrid,0.0,0.0,3.0,-2.519012689590454,-0.8974838256835938,paraphrase,M_injected
ret_006,retain,city,paraphrase,Question: In which city was {name} born? Answer:,Berlin,0.0,0.0,388.0,-9.615632057189941,-3.6137542724609375,paraphrase,M_injected
ret_006,retain,city,paraphrase,It is known that {name} originally came from,Berlin,0.0,0.0,109.0,-7.601917266845703,-4.0688934326171875,paraphrase,M_injected
ret_006,retain,city,paraphrase,"According to the biography, the city where {name} was born is",Berlin,0.0,0.0,19.0,-4.966129302978516,-1.639495849609375,paraphrase,M_injected
ret_006,retain,city,paraphrase,"{name}, who was raised in",Berlin,0.0,0.0,23.0,-5.241609573364258,-2.76263427734375,paraphrase,M_injected
ret_007,retain,city,paraphrase,Question: In which city was {name} born? Answer:,Oslo,0.0,0.0,1017.0,-9.25423812866211,-1.5522422790527344,paraphrase,M_injected
ret_007,retain,city,paraphrase,It is known that {name} originally came from,Oslo,0.0,0.0,2807.0,-13.429306030273438,-6.6395416259765625,paraphrase,M_injected
ret_007,retain,city,paraphrase,"According to the biography, the city where {name} was born is",Oslo,1.0,1.0,1.0,-0.02227851003408432,4.395545959472656,paraphrase,M_injected
ret_007,retain,city,paraphrase,"{name}, who was raised in",Oslo,0.0,0.0,6783.0,-12.834965705871582,-4.542873382568359,paraphrase,M_injected
ret_008,retain,city,paraphrase,Question: In which city was {name} born? Answer:,Cairo,0.0,0.0,89.0,-7.055963039398193,-2.539562225341797,paraphrase,M_injected
ret_008,retain,city,paraphrase,It is known that {name} originally came from,Cairo,0.0,0.0,53.0,-6.510757923126221,-5.500633239746094,paraphrase,M_injected
ret_008,retain,city,paraphrase,"According to the biography, the city where {name} was born is",Cairo,1.0,1.0,1.0,-0.00039986721822060645,8.360748291015625,paraphrase,M_injected
ret_008,retain,city,paraphrase,"{name}, who was raised in",Cairo,0.0,0.0,22.0,-5.400209903717041,-3.8083038330078125,paraphrase,M_injected
ret_009,retain,city,paraphrase,Question: In which city was {name} born? Answer:,Berlin,0.0,0.0,336.0,-8.669717788696289,-2.9414825439453125,paraphrase,M_injected
ret_009,retain,city,paraphrase,It is known that {name} originally came from,Berlin,0.0,0.0,25.0,-4.52793025970459,-0.9049224853515625,paraphrase,M_injected
ret_009,retain,city,paraphrase,"According to the biography, the city where {name} was born is",Berlin,1.0,1.0,1.0,-0.0007272697403095663,8.006614685058594,paraphrase,M_injected
ret_009,retain,city,paraphrase,"{name}, who was raised in",Berlin,0.0,0.0,15.0,-4.735868453979492,-1.0682563781738281,paraphrase,M_injected
ret_010,retain,city,paraphrase,Question: In which city was {name} born? Answer:,Moscow,0.0,1.0,4.0,-4.4238409996032715,3.620391845703125,paraphrase,M_injected
ret_010,retain,city,paraphrase,It is known that {name} originally came from,Moscow,1.0,1.0,1.0,-0.13665860891342163,4.268791198730469,paraphrase,M_injected
ret_010,retain,city,paraphrase,"According to the biography, the city where {name} was born is",Moscow,1.0,1.0,1.0,-0.44526004791259766,5.855918884277344,paraphrase,M_injected
ret_010,retain,city,paraphrase,"{name}, who was raised in",Moscow,0.0,1.0,6.0,-3.787996768951416,0.19645309448242188,paraphrase,M_injected
ret_011,retain,city,paraphrase,Question: In which city was {name} born? Answer:,London,0.0,1.0,117.0,-7.253453254699707,0.3364448547363281,paraphrase,M_injected
ret_011,retain,city,paraphrase,It is known that {name} originally came from,London,0.0,0.0,94.0,-6.967864513397217,-0.4642486572265625,paraphrase,M_injected
ret_011,retain,city,paraphrase,"According to the biography, the city where {name} was born is",London,1.0,1.0,1.0,-0.0018379476387053728,6.426643371582031,paraphrase,M_injected
ret_011,retain,city,paraphrase,"{name}, who was raised in",London,0.0,1.0,16.0,-5.06610631942749,4.032127380371094,paraphrase,M_injected
ret_012,retain,city,paraphrase,Question: In which city was {name} born? Answer:,London,0.0,0.0,2880.0,-12.51972484588623,-1.79937744140625,paraphrase,M_injected
ret_012,retain,city,paraphrase,It is known that {name} originally came from,London,0.0,0.0,11.0,-4.260323524475098,-0.8310089111328125,paraphrase,M_injected
ret_012,retain,city,paraphrase,"According to the biography, the city where {name} was born is",London,0.0,1.0,3.0,-3.23852276802063,4.2567291259765625,paraphrase,M_injected
ret_012,retain,city,paraphrase,"{name}, who was raised in",London,0.0,0.0,971.0,-8.851737976074219,-1.5736198425292969,paraphrase,M_injected
ret_013,retain,city,paraphrase,Question: In which city was {name} born? Answer:,Oslo,0.0,0.0,215.0,-9.485197067260742,-1.2820663452148438,paraphrase,M_injected
ret_013,retain,city,paraphrase,It is known that {name} originally came from,Oslo,0.0,0.0,22.0,-5.032597064971924,-2.349872589111328,paraphrase,M_injected
ret_013,retain,city,paraphrase,"According to the biography, the city where {name} was born is",Oslo,0.0,0.0,8.0,-5.607527732849121,-0.6298713684082031,paraphrase,M_injected
ret_013,retain,city,paraphrase,"{name}, who was raised in",Oslo,0.0,1.0,5.0,-4.055418014526367,1.7596931457519531,paraphrase,M_injected
ret_014,retain,city,paraphrase,Question: In which city was {name} born? Answer:,Cairo,0.0,0.0,1006.0,-10.071953773498535,-3.7201271057128906,paraphrase,M_injected
ret_014,retain,city,paraphrase,It is known that {name} originally came from,Cairo,0.0,0.0,7.0,-4.699459552764893,-3.7228546142578125,paraphrase,M_injected
ret_014,retain,city,paraphrase,"According to the biography, the city where {name} was born is",Cairo,0.0,0.0,3.0,-3.0422263145446777,-0.408477783203125,paraphrase,M_injected
ret_014,retain,city,paraphrase,"{name}, who was raised in",Cairo,0.0,0.0,244.0,-7.628281116485596,-4.781951904296875,paraphrase,M_injected
ret_015,retain,city,paraphrase,Question: In which city was {name} born? Answer:,Tokyo,0.0,0.0,1519.0,-10.834951400756836,-2.9114856719970703,paraphrase,M_injected
ret_015,retain,city,paraphrase,It is known that {name} originally came from,Tokyo,0.0,0.0,74.0,-8.149310111999512,-3.46380615234375,paraphrase,M_injected
ret_015,retain,city,paraphrase,"According to the biography, the city where {name} was born is",Tokyo,1.0,1.0,1.0,-0.003779294202104211,6.0898284912109375,paraphrase,M_injected
ret_015,retain,city,paraphrase,"{name}, who was raised in",Tokyo,0.0,0.0,595.0,-8.64003849029541,-2.485297203063965,paraphrase,M_injected
ret_016,retain,city,paraphrase,Question: In which city was {name} born? Answer:,Paris,0.0,0.0,1803.0,-11.485749244689941,-2.5003128051757812,paraphrase,M_injected
ret_016,retain,city,paraphrase,It is known that {name} originally came from,Paris,0.0,0.0,74.0,-6.716948986053467,-3.7476730346679688,paraphrase,M_injected
ret_016,retain,city,paraphrase,"According to the biography, the city where {name} was born is",Paris,0.0,1.0,2.0,-2.5221266746520996,1.9754638671875,paraphrase,M_injected
ret_016,retain,city,paraphrase,"{name}, who was raised in",Paris,0.0,0.0,31.0,-5.132486343383789,-1.7374420166015625,paraphrase,M_injected
ret_017,retain,city,paraphrase,Question: In which city was {name} born? Answer:,Rome,0.0,0.0,188.0,-8.008940696716309,-1.0087394714355469,paraphrase,M_injected
ret_017,retain,city,paraphrase,It is known that {name} originally came from,Rome,0.0,1.0,10.0,-3.8994863033294678,0.123321533203125,paraphrase,M_injected
ret_017,retain,city,paraphrase,"According to the biography, the city where {name} was born is",Rome,0.0,1.0,2.0,-2.446284532546997,1.1754684448242188,paraphrase,M_injected
ret_017,retain,city,paraphrase,"{name}, who was raised in",Rome,0.0,0.0,375.0,-7.778502464294434,-2.310710906982422,paraphrase,M_injected
ret_018,retain,city,paraphrase,Question: In which city was {name} born? Answer:,Oslo,0.0,0.0,140.0,-8.231318473815918,-1.66668701171875,paraphrase,M_injected
ret_018,retain,city,paraphrase,It is known that {name} originally came from,Oslo,0.0,0.0,13.0,-5.645158767700195,-5.311225891113281,paraphrase,M_injected
ret_018,retain,city,paraphrase,"According to the biography, the city where {name} was born is",Oslo,1.0,1.0,1.0,-0.04116213321685791,3.856964111328125,paraphrase,M_injected
ret_018,retain,city,paraphrase,"{name}, who was raised in",Oslo,0.0,0.0,50.0,-5.905561923980713,-1.913848876953125,paraphrase,M_injected
ret_019,retain,city,paraphrase,Question: In which city was {name} born? Answer:,Madrid,0.0,0.0,1291.0,-13.438703536987305,-3.864307403564453,paraphrase,M_injected
ret_019,retain,city,paraphrase,It is known that {name} originally came from,Madrid,0.0,1.0,7.0,-3.496614456176758,1.5294532775878906,paraphrase,M_injected
ret_019,retain,city,paraphrase,"According to the biography, the city where {name} was born is",Madrid,1.0,1.0,1.0,-0.0011299422476440668,7.377922058105469,paraphrase,M_injected
ret_019,retain,city,paraphrase,"{name}, who was raised in",Madrid,0.0,0.0,259.0,-7.362398147583008,-0.41806793212890625,paraphrase,M_injected
ret_020,retain,city,paraphrase,Question: In which city was {name} born? Answer:,Paris,0.0,0.0,97.0,-6.516135215759277,-0.5750999450683594,paraphrase,M_injected
ret_020,retain,city,paraphrase,It is known that {name} originally came from,Paris,0.0,0.0,59.0,-5.97265100479126,-2.9546966552734375,paraphrase,M_injected
ret_020,retain,city,paraphrase,"According to the biography, the city where {name} was born is",Paris,1.0,1.0,1.0,-0.0004766043566633016,8.110054016113281,paraphrase,M_injected
ret_020,retain,city,paraphrase,"{name}, who was raised in",Paris,0.0,1.0,3.0,-3.06581711769104,1.0954513549804688,paraphrase,M_injected
ret_021,retain,city,paraphrase,Question: In which city was {name} born? Answer:,Berlin,0.0,0.0,8726.0,-15.517635345458984,-6.825672149658203,paraphrase,M_injected
ret_021,retain,city,paraphrase,It is known that {name} originally came from,Berlin,0.0,0.0,953.0,-11.805527687072754,-10.662635803222656,paraphrase,M_injected
ret_021,retain,city,paraphrase,"According to the biography, the city where {name} was born is",Berlin,0.0,0.0,215.0,-8.72690486907959,-7.805366516113281,paraphrase,M_injected
ret_021,retain,city,paraphrase,"{name}, who was raised in",Berlin,0.0,0.0,9201.0,-12.950568199157715,-6.8818359375,paraphrase,M_injected
ret_022,retain,city,paraphrase,Question: In which city was {name} born? Answer:,Oslo,0.0,0.0,3275.0,-12.466729164123535,-3.5053482055664062,paraphrase,M_injected
ret_022,retain,city,paraphrase,It is known that {name} originally came from,Oslo,0.0,0.0,172.0,-7.72318696975708,-3.2592697143554688,paraphrase,M_injected
ret_022,retain,city,paraphrase,"According to the biography, the city where {name} was born is",Oslo,0.0,0.0,8.0,-4.033707618713379,-1.751312255859375,paraphrase,M_injected
ret_022,retain,city,paraphrase,"{name}, who was raised in",Oslo,0.0,0.0,379.0,-8.295406341552734,-2.8058319091796875,paraphrase,M_injected
ret_023,retain,city,paraphrase,Question: In which city was {name} born? Answer:,Dublin,0.0,0.0,556.0,-9.856575965881348,-3.3976898193359375,paraphrase,M_injected
ret_023,retain,city,paraphrase,It is known that {name} originally came from,Dublin,0.0,0.0,746.0,-10.606011390686035,-5.673576354980469,paraphrase,M_injected
ret_023,retain,city,paraphrase,"According to the biography, the city where {name} was born is",Dublin,0.0,0.0,7.0,-5.687613010406494,-2.6350173950195312,paraphrase,M_injected
ret_023,retain,city,paraphrase,"{name}, who was raised in",Dublin,0.0,0.0,1047.0,-9.5338134765625,-3.7270584106445312,paraphrase,M_injected
ret_024,retain,city,paraphrase,Question: In which city was {name} born? Answer:,Lisbon,0.0,0.0,311.0,-8.254752159118652,-3.476886749267578,paraphrase,M_injected
ret_024,retain,city,paraphrase,It is known that {name} originally came from,Lisbon,0.0,0.0,496.0,-10.231334686279297,-5.8541259765625,paraphrase,M_injected
ret_024,retain,city,paraphrase,"According to the biography, the city where {name} was born is",Lisbon,0.0,0.0,9.0,-3.808408260345459,-1.929412841796875,paraphrase,M_injected
ret_024,retain,city,paraphrase,"{name}, who was raised in",Lisbon,0.0,0.0,85.0,-6.2703399658203125,-2.7373619079589844,paraphrase,M_injected
ret_025,retain,city,paraphrase,Question: In which city was {name} born? Answer:,Rome,0.0,0.0,225.0,-8.242449760437012,-1.876007080078125,paraphrase,M_injected
ret_025,retain,city,paraphrase,It is known that {name} originally came from,Rome,0.0,0.0,8.0,-5.712272644042969,-5.546943664550781,paraphrase,M_injected
ret_025,retain,city,paraphrase,"According to the biography, the city where {name} was born is",Rome,1.0,1.0,1.0,-9.417489309271332e-06,13.694740295410156,paraphrase,M_injected
ret_025,retain,city,paraphrase,"{name}, who was raised in",Rome,0.0,0.0,279.0,-7.638794898986816,-2.7618370056152344,paraphrase,M_injected
ret_026,retain,city,paraphrase,Question: In which city was {name} born? Answer:,Madrid,0.0,0.0,341.0,-10.111343383789062,-4.435234069824219,paraphrase,M_injected
ret_026,retain,city,paraphrase,It is known that {name} originally came from,Madrid,1.0,1.0,1.0,-1.2654144763946533,1.899383544921875,paraphrase,M_injected
ret_026,retain,city,paraphrase,"According to the biography, the city where {name} was born is",Madrid,1.0,1.0,1.0,-0.013579493388533592,11.606887817382812,paraphrase,M_injected
ret_026,retain,city,paraphrase,"{name}, who was raised in",Madrid,0.0,0.0,267.0,-8.13736629486084,-3.696929931640625,paraphrase,M_injected
ret_027,retain,city,paraphrase,Question: In which city was {name} born? Answer:,Moscow,0.0,1.0,462.0,-9.065315246582031,1.6065216064453125,paraphrase,M_injected
ret_027,retain,city,paraphrase,It is known that {name} originally came from,Moscow,0.0,0.0,9.0,-4.184026718139648,-0.6495513916015625,paraphrase,M_injected
ret_027,retain,city,paraphrase,"According to the biography, the city where {name} was born is",Moscow,1.0,1.0,1.0,-0.4878934919834137,2.7584686279296875,paraphrase,M_injected
ret_027,retain,city,paraphrase,"{name}, who was raised in",Moscow,0.0,1.0,2.0,-2.6760737895965576,4.294990539550781,paraphrase,M_injected
ret_028,retain,city,paraphrase,Question: In which city was {name} born? Answer:,Dublin,0.0,0.0,766.0,-10.124393463134766,-2.2288856506347656,paraphrase,M_injected
ret_028,retain,city,paraphrase,It is known that {name} originally came from,Dublin,0.0,0.0,28.0,-5.284030914306641,-3.193603515625,paraphrase,M_injected
ret_028,retain,city,paraphrase,"According to the biography, the city where {name} was born is",Dublin,1.0,1.0,1.0,-0.1087295338511467,2.1732940673828125,paraphrase,M_injected
ret_028,retain,city,paraphrase,"{name}, who was raised in",Dublin,0.0,0.0,701.0,-8.883392333984375,-4.558380126953125,paraphrase,M_injected
ret_029,retain,city,paraphrase,Question: In which city was {name} born? Answer:,Rome,0.0,0.0,384.0,-8.641657829284668,-0.1615753173828125,paraphrase,M_injected
ret_029,retain,city,paraphrase,It is known that {name} originally came from,Rome,0.0,0.0,265.0,-8.573368072509766,-2.3761062622070312,paraphrase,M_injected
ret_029,retain,city,paraphrase,"According to the biography, the city where {name} was born is",Rome,1.0,1.0,1.0,-0.0003184764937032014,9.0274658203125,paraphrase,M_injected
ret_029,retain,city,paraphrase,"{name}, who was raised in",Rome,0.0,0.0,1738.0,-10.077347755432129,-4.131633758544922,paraphrase,M_injected
ret_030,retain,city,paraphrase,Question: In which city was {name} born? Answer:,Dublin,0.0,0.0,1227.0,-10.352935791015625,-2.8881301879882812,paraphrase,M_injected
ret_030,retain,city,paraphrase,It is known that {name} originally came from,Dublin,0.0,0.0,25.0,-4.963678359985352,-1.7693328857421875,paraphrase,M_injected
ret_030,retain,city,paraphrase,"According to the biography, the city where {name} was born is",Dublin,0.0,0.0,4.0,-4.505910396575928,-4.171913146972656,paraphrase,M_injected
ret_030,retain,city,paraphrase,"{name}, who was raised in",Dublin,0.0,0.0,143.0,-6.962512969970703,-4.2420654296875,paraphrase,M_injected
ret_031,retain,city,paraphrase,Question: In which city was {name} born? Answer:,Moscow,0.0,1.0,489.0,-9.649137496948242,0.5373001098632812,paraphrase,M_injected
ret_031,retain,city,paraphrase,It is known that {name} originally came from,Moscow,0.0,0.0,506.0,-10.408403396606445,-1.7671661376953125,paraphrase,M_injected
ret_031,retain,city,paraphrase,"According to the biography, the city where {name} was born is",Moscow,0.0,1.0,11.0,-3.839200258255005,3.2545394897460938,paraphrase,M_injected
ret_031,retain,city,paraphrase,"{name}, who was raised in",Moscow,0.0,0.0,3700.0,-12.12428092956543,-3.9603042602539062,paraphrase,M_injected
ret_032,retain,city,paraphrase,Question: In which city was {name} born? Answer:,Lisbon,0.0,0.0,3192.0,-13.006204605102539,-5.508857727050781,paraphrase,M_injected
ret_032,retain,city,paraphrase,It is known that {name} originally came from,Lisbon,0.0,0.0,3490.0,-14.861788749694824,-10.092361450195312,paraphrase,M_injected
ret_032,retain,city,paraphrase,"According to the biography, the city where {name} was born is",Lisbon,1.0,1.0,1.0,-0.00017569905321579427,8.901710510253906,paraphrase,M_injected
ret_032,retain,city,paraphrase,"{name}, who was raised in",Lisbon,0.0,0.0,12462.0,-13.501067161560059,-7.5060577392578125,paraphrase,M_injected
ret_033,retain,city,paraphrase,Question: In which city was {name} born? Answer:,Rome,0.0,0.0,1085.0,-10.031001091003418,-5.404228210449219,paraphrase,M_injected
ret_033,retain,city,paraphrase,It is known that {name} originally came from,Rome,0.0,0.0,542.0,-9.626786231994629,-3.7830047607421875,paraphrase,M_injected
ret_033,retain,city,paraphrase,"According to the biography, the city where {name} was born is",Rome,1.0,1.0,1.0,-0.00036149643710814416,8.239898681640625,paraphrase,M_injected
ret_033,retain,city,paraphrase,"{name}, who was raised in",Rome,0.0,0.0,170.0,-7.093223571777344,-4.659599304199219,paraphrase,M_injected
ret_034,retain,city,paraphrase,Question: In which city was {name} born? Answer:,Berlin,0.0,0.0,836.0,-10.825718879699707,-4.910453796386719,paraphrase,M_injected
ret_034,retain,city,paraphrase,It is known that {name} originally came from,Berlin,0.0,0.0,115.0,-7.832879066467285,-6.9940338134765625,paraphrase,M_injected
ret_034,retain,city,paraphrase,"According to the biography, the city where {name} was born is",Berlin,1.0,1.0,1.0,-0.0021473937667906284,6.924278259277344,paraphrase,M_injected
ret_034,retain,city,paraphrase,"{name}, who was raised in",Berlin,0.0,0.0,583.0,-9.002747535705566,-4.8874969482421875,paraphrase,M_injected
ret_035,retain,city,paraphrase,Question: In which city was {name} born? Answer:,Vienna,0.0,0.0,3736.0,-12.635370254516602,-3.9929885864257812,paraphrase,M_injected
ret_035,retain,city,paraphrase,It is known that {name} originally came from,Vienna,0.0,0.0,467.0,-10.361217498779297,-5.448150634765625,paraphrase,M_injected
ret_035,retain,city,paraphrase,"According to the biography, the city where {name} was born is",Vienna,1.0,1.0,1.0,-0.029144350439310074,3.535980224609375,paraphrase,M_injected
ret_035,retain,city,paraphrase,"{name}, who was raised in",Vienna,0.0,0.0,834.0,-9.842055320739746,-7.644866943359375,paraphrase,M_injected
ret_036,retain,city,paraphrase,Question: In which city was {name} born? Answer:,Paris,0.0,0.0,546.0,-9.330077171325684,-0.9849319458007812,paraphrase,M_injected
ret_036,retain,city,paraphrase,It is known that {name} originally came from,Paris,0.0,0.0,469.0,-10.09213638305664,-9.030372619628906,paraphrase,M_injected
ret_036,retain,city,paraphrase,"According to the biography, the city where {name} was born is",Paris,1.0,1.0,1.0,-1.1148244142532349,0.8951416015625,paraphrase,M_injected
ret_036,retain,city,paraphrase,"{name}, who was raised in",Paris,0.0,0.0,79.0,-6.947170257568359,-2.0207748413085938,paraphrase,M_injected
ret_037,retain,city,paraphrase,Question: In which city was {name} born? Answer:,Madrid,0.0,0.0,2372.0,-12.675617218017578,-3.627044677734375,paraphrase,M_injected
ret_037,retain,city,paraphrase,It is known that {name} originally came from,Madrid,0.0,1.0,115.0,-7.347472667694092,2.2239227294921875,paraphrase,M_injected
ret_037,retain,city,paraphrase,"According to the biography, the city where {name} was born is",Madrid,1.0,1.0,1.0,-0.00022146634000819176,8.702735900878906,paraphrase,M_injected
ret_037,retain,city,paraphrase,"{name}, who was raised in",Madrid,0.0,0.0,2325.0,-10.509523391723633,-4.775596618652344,paraphrase,M_injected
ret_038,retain,city,paraphrase,Question: In which city was {name} born? Answer:,London,0.0,1.0,49.0,-6.29136848449707,5.179210662841797,paraphrase,M_injected
ret_038,retain,city,paraphrase,It is known that {name} originally came from,London,0.0,1.0,4.0,-3.131756067276001,3.4390182495117188,paraphrase,M_injected
ret_038,retain,city,paraphrase,"According to the biography, the city where {name} was born is",London,1.0,1.0,1.0,-0.8002867102622986,5.073432922363281,paraphrase,M_injected
ret_038,retain,city,paraphrase,"{name}, who was raised in",London,0.0,1.0,22.0,-5.133717060089111,3.5800552368164062,paraphrase,M_injected
ret_039,retain,city,paraphrase,Question: In which city was {name} born? Answer:,Lisbon,0.0,0.0,422.0,-9.276880264282227,-0.7999229431152344,paraphrase,M_injected
ret_039,retain,city,paraphrase,It is known that {name} originally came from,Lisbon,0.0,0.0,261.0,-8.291977882385254,-5.818328857421875,paraphrase,M_injected
ret_039,retain,city,paraphrase,"According to the biography, the city where {name} was born is",Lisbon,0.0,1.0,4.0,-3.267381191253662,1.0555076599121094,paraphrase,M_injected
ret_039,retain,city,paraphrase,"{name}, who was raised in",Lisbon,0.0,0.0,668.0,-8.360339164733887,-2.1150894165039062,paraphrase,M_injected
ret_040,retain,city,paraphrase,Question: In which city was {name} born? Answer:,Lisbon,0.0,0.0,489.0,-9.002976417541504,-2.428295135498047,paraphrase,M_injected
ret_040,retain,city,paraphrase,It is known that {name} originally came from,Lisbon,0.0,0.0,53.0,-7.062658786773682,-6.481025695800781,paraphrase,M_injected
ret_040,retain,city,paraphrase,"According to the biography, the city where {name} was born is",Lisbon,1.0,1.0,1.0,-0.00016723664884921163,8.779342651367188,paraphrase,M_injected
ret_040,retain,city,paraphrase,"{name}, who was raised in",Lisbon,0.0,0.0,1284.0,-9.742622375488281,-5.153419494628906,paraphrase,M_injected
ret_041,retain,city,paraphrase,Question: In which city was {name} born? Answer:,Tokyo,0.0,0.0,4824.0,-14.087420463562012,-5.28106689453125,paraphrase,M_injected
ret_041,retain,city,paraphrase,It is known that {name} originally came from,Tokyo,0.0,0.0,15.0,-4.866509437561035,-4.0009307861328125,paraphrase,M_injected
ret_041,retain,city,paraphrase,"According to the biography, the city where {name} was born is",Tokyo,1.0,1.0,1.0,-0.12702159583568573,2.0011749267578125,paraphrase,M_injected
ret_041,retain,city,paraphrase,"{name}, who was raised in",Tokyo,0.0,0.0,502.0,-8.085695266723633,-3.7136192321777344,paraphrase,M_injected
ret_042,retain,city,paraphrase,Question: In which city was {name} born? Answer:,Dublin,0.0,0.0,424.0,-8.576912879943848,-2.5876331329345703,paraphrase,M_injected
ret_042,retain,city,paraphrase,It is known that {name} originally came from,Dublin,0.0,0.0,14.0,-5.624238014221191,-5.1902008056640625,paraphrase,M_injected
ret_042,retain,city,paraphrase,"According to the biography, the city where {name} was born is",Dublin,1.0,1.0,1.0,-0.0007634824141860008,7.243141174316406,paraphrase,M_injected
ret_042,retain,city,paraphrase,"{name}, who was raised in",Dublin,0.0,0.0,64.0,-6.327859878540039,-3.6946945190429688,paraphrase,M_injected
ret_043,retain,city,paraphrase,Question: In which city was {name} born? Answer:,Cairo,0.0,1.0,472.0,-8.955463409423828,0.18582534790039062,paraphrase,M_injected
ret_043,retain,city,paraphrase,It is known that {name} originally came from,Cairo,0.0,0.0,412.0,-13.240239143371582,-6.235618591308594,paraphrase,M_injected
ret_043,retain,city,paraphrase,"According to the biography, the city where {name} was born is",Cairo,1.0,1.0,1.0,-0.0006206493126228452,7.83843994140625,paraphrase,M_injected
ret_043,retain,city,paraphrase,"{name}, who was raised in",Cairo,0.0,0.0,1848.0,-12.472973823547363,-3.3678436279296875,paraphrase,M_injected
ret_044,retain,city,paraphrase,Question: In which city was {name} born? Answer:,Vienna,0.0,0.0,1085.0,-11.331572532653809,-2.640735626220703,paraphrase,M_injected
ret_044,retain,city,paraphrase,It is known that {name} originally came from,Vienna,0.0,0.0,617.0,-10.749826431274414,-9.907196044921875,paraphrase,M_injected
ret_044,retain,city,paraphrase,"According to the biography, the city where {name} was born is",Vienna,1.0,1.0,1.0,-0.0026487763971090317,6.1234283447265625,paraphrase,M_injected
ret_044,retain,city,paraphrase,"{name}, who was raised in",Vienna,0.0,0.0,1727.0,-10.70862865447998,-4.7574462890625,paraphrase,M_injected
ret_045,retain,city,paraphrase,Question: In which city was {name} born? Answer:,Tokyo,0.0,0.0,3438.0,-14.388017654418945,-3.089080810546875,paraphrase,M_injected
ret_045,retain,city,paraphrase,It is known that {name} originally came from,Tokyo,0.0,0.0,55.0,-6.299896240234375,-2.9131546020507812,paraphrase,M_injected
ret_045,retain,city,paraphrase,"According to the biography, the city where {name} was born is",Tokyo,0.0,0.0,9.0,-7.573544025421143,-0.6698989868164062,paraphrase,M_injected
ret_045,retain,city,paraphrase,"{name}, who was raised in",Tokyo,0.0,0.0,1419.0,-10.338621139526367,-4.321830749511719,paraphrase,M_injected
ret_046,retain,city,paraphrase,Question: In which city was {name} born? Answer:,Vienna,0.0,0.0,5369.0,-15.658308029174805,-5.321743011474609,paraphrase,M_injected
ret_046,retain,city,paraphrase,It is known that {name} originally came from,Vienna,0.0,0.0,1525.0,-13.400172233581543,-5.322990417480469,paraphrase,M_injected
ret_046,retain,city,paraphrase,"According to the biography, the city where {name} was born is",Vienna,0.0,0.0,103.0,-7.910649299621582,-4.3790740966796875,paraphrase,M_injected
ret_046,retain,city,paraphrase,"{name}, who was raised in",Vienna,0.0,0.0,518.0,-8.625503540039062,-5.377815246582031,paraphrase,M_injected
ret_047,retain,city,paraphrase,Question: In which city was {name} born? Answer:,Rome,0.0,1.0,209.0,-8.04710578918457,1.3194122314453125,paraphrase,M_injected
ret_047,retain,city,paraphrase,It is known that {name} originally came from,Rome,0.0,0.0,72.0,-6.772843837738037,-2.6762161254882812,paraphrase,M_injected
ret_047,retain,city,paraphrase,"According to the biography, the city where {name} was born is",Rome,0.0,1.0,6.0,-3.772397041320801,0.5955734252929688,paraphrase,M_injected
ret_047,retain,city,paraphrase,"{name}, who was raised in",Rome,0.0,1.0,21.0,-4.996943473815918,1.0463371276855469,paraphrase,M_injected
ret_048,retain,city,paraphrase,Question: In which city was {name} born? Answer:,Tokyo,0.0,0.0,6481.0,-14.988911628723145,-5.295265197753906,paraphrase,M_injected
ret_048,retain,city,paraphrase,It is known that {name} originally came from,Tokyo,0.0,0.0,825.0,-10.916967391967773,-2.957122802734375,paraphrase,M_injected
ret_048,retain,city,paraphrase,"According to the biography, the city where {name} was born is",Tokyo,0.0,0.0,284.0,-8.599437713623047,-0.9537582397460938,paraphrase,M_injected
ret_048,retain,city,paraphrase,"{name}, who was raised in",Tokyo,0.0,0.0,1129.0,-9.743916511535645,-4.2035369873046875,paraphrase,M_injected
ret_049,retain,city,paraphrase,Question: In which city was {name} born? Answer:,Vienna,0.0,1.0,118.0,-6.720846176147461,0.6921958923339844,paraphrase,M_injected
ret_049,retain,city,paraphrase,It is known that {name} originally came from,Vienna,0.0,0.0,102.0,-6.534887313842773,-2.45965576171875,paraphrase,M_injected
ret_049,retain,city,paraphrase,"According to the biography, the city where {name} was born is",Vienna,0.0,0.0,10.0,-4.066755294799805,-0.42299652099609375,paraphrase,M_injected
ret_049,retain,city,paraphrase,"{name}, who was raised in",Vienna,0.0,0.0,56.0,-5.762600898742676,-1.9775772094726562,paraphrase,M_injected
ret_050,retain,city,paraphrase,Question: In which city was {name} born? Answer:,Berlin,0.0,0.0,459.0,-8.902297019958496,-0.5517387390136719,paraphrase,M_injected
ret_050,retain,city,paraphrase,It is known that {name} originally came from,Berlin,0.0,0.0,4.0,-4.449713706970215,-3.8969573974609375,paraphrase,M_injected
ret_050,retain,city,paraphrase,"According to the biography, the city where {name} was born is",Berlin,1.0,1.0,1.0,-0.0004450284468475729,8.615432739257812,paraphrase,M_injected
ret_050,retain,city,paraphrase,"{name}, who was raised in",Berlin,0.0,0.0,9.0,-4.196961402893066,-1.1344375610351562,paraphrase,M_injected
ret_051,retain,city,paraphrase,Question: In which city was {name} born? Answer:,Tokyo,0.0,0.0,1993.0,-12.716791152954102,-1.5036697387695312,paraphrase,M_injected
ret_051,retain,city,paraphrase,It is known that {name} originally came from,Tokyo,0.0,0.0,346.0,-7.888178825378418,-3.9771270751953125,paraphrase,M_injected
ret_051,retain,city,paraphrase,"According to the biography, the city where {name} was born is",Tokyo,1.0,1.0,1.0,-0.0006379238329827785,8.385887145996094,paraphrase,M_injected
ret_051,retain,city,paraphrase,"{name}, who was raised in",Tokyo,0.0,0.0,530.0,-8.473342895507812,-1.42218017578125,paraphrase,M_injected
ret_052,retain,city,paraphrase,Question: In which city was {name} born? Answer:,Paris,0.0,0.0,222.0,-8.309268951416016,-0.6416778564453125,paraphrase,M_injected
ret_052,retain,city,paraphrase,It is known that {name} originally came from,Paris,0.0,0.0,20.0,-4.656948089599609,-1.2125396728515625,paraphrase,M_injected
ret_052,retain,city,paraphrase,"According to the biography, the city where {name} was born is",Paris,1.0,1.0,1.0,-0.046473756432533264,3.073974609375,paraphrase,M_injected
ret_052,retain,city,paraphrase,"{name}, who was raised in",Paris,0.0,1.0,15.0,-4.969005584716797,2.6904296875,paraphrase,M_injected
ret_053,retain,city,paraphrase,Question: In which city was {name} born? Answer:,Moscow,0.0,0.0,79.0,-6.858076572418213,-0.9768638610839844,paraphrase,M_injected
ret_053,retain,city,paraphrase,It is known that {name} originally came from,Moscow,0.0,0.0,43.0,-5.650099277496338,-0.6697235107421875,paraphrase,M_injected
ret_053,retain,city,paraphrase,"According to the biography, the city where {name} was born is",Moscow,0.0,0.0,20.0,-4.846238136291504,-2.1086883544921875,paraphrase,M_injected
ret_053,retain,city,paraphrase,"{name}, who was raised in",Moscow,0.0,0.0,175.0,-6.926881790161133,-1.3628501892089844,paraphrase,M_injected
ret_054,retain,city,paraphrase,Question: In which city was {name} born? Answer:,Oslo,0.0,0.0,521.0,-9.222155570983887,-1.4492454528808594,paraphrase,M_injected
ret_054,retain,city,paraphrase,It is known that {name} originally came from,Oslo,0.0,1.0,4.0,-3.5496630668640137,0.4848785400390625,paraphrase,M_injected
ret_054,retain,city,paraphrase,"According to the biography, the city where {name} was born is",Oslo,1.0,1.0,1.0,-1.1711689233779907,0.9043197631835938,paraphrase,M_injected
ret_054,retain,city,paraphrase,"{name}, who was raised in",Oslo,0.0,0.0,976.0,-9.53874397277832,-4.810756683349609,paraphrase,M_injected
ret_055,retain,city,paraphrase,Question: In which city was {name} born? Answer:,Paris,0.0,0.0,144.0,-8.268247604370117,-2.0133819580078125,paraphrase,M_injected
ret_055,retain,city,paraphrase,It is known that {name} originally came from,Paris,0.0,0.0,3182.0,-16.84625244140625,-6.427391052246094,paraphrase,M_injected
ret_055,retain,city,paraphrase,"According to the biography, the city where {name} was born is",Paris,1.0,1.0,1.0,-0.0003152588615193963,10.933135986328125,paraphrase,M_injected
ret_055,retain,city,paraphrase,"{name}, who was raised in",Paris,0.0,0.0,52.0,-5.869661331176758,-0.3843345642089844,paraphrase,M_injected
ret_056,retain,city,paraphrase,Question: In which city was {name} born? Answer:,London,0.0,1.0,224.0,-8.429343223571777,0.6603851318359375,paraphrase,M_injected
ret_056,retain,city,paraphrase,It is known that {name} originally came from,London,1.0,1.0,1.0,-1.1963390111923218,2.9125213623046875,paraphrase,M_injected
ret_056,retain,city,paraphrase,"According to the biography, the city where {name} was born is",London,1.0,1.0,1.0,-6.174850568640977e-05,9.832130432128906,paraphrase,M_injected
ret_056,retain,city,paraphrase,"{name}, who was raised in",London,0.0,1.0,4.0,-3.761674404144287,4.339759826660156,paraphrase,M_injected
ret_057,retain,city,paraphrase,Question: In which city was {name} born? Answer:,Lisbon,0.0,0.0,207.0,-7.859338760375977,-2.4188385009765625,paraphrase,M_injected
ret_057,retain,city,paraphrase,It is known that {name} originally came from,Lisbon,0.0,0.0,5.0,-2.6462650299072266,-0.044921875,paraphrase,M_injected
ret_057,retain,city,paraphrase,"According to the biography, the city where {name} was born is",Lisbon,1.0,1.0,1.0,-8.583032467868179e-06,12.516250610351562,paraphrase,M_injected
ret_057,retain,city,paraphrase,"{name}, who was raised in",Lisbon,0.0,0.0,2348.0,-10.584284782409668,-5.076835632324219,paraphrase,M_injected
ret_058,retain,city,paraphrase,Question: In which city was {name} born? Answer:,Cairo,0.0,1.0,38.0,-7.423097133636475,0.865081787109375,paraphrase,M_injected
ret_058,retain,city,paraphrase,It is known that {name} originally came from,Cairo,0.0,0.0,20.0,-7.093271732330322,-6.9669952392578125,paraphrase,M_injected
ret_058,retain,city,paraphrase,"According to the biography, the city where {name} was born is",Cairo,1.0,1.0,1.0,-0.0019405120983719826,6.7661895751953125,paraphrase,M_injected
ret_058,retain,city,paraphrase,"{name}, who was raised in",Cairo,0.0,0.0,116.0,-7.3173980712890625,-3.6954421997070312,paraphrase,M_injected
ret_059,retain,city,paraphrase,Question: In which city was {name} born? Answer:,London,0.0,1.0,49.0,-6.654385566711426,1.43389892578125,paraphrase,M_injected
ret_059,retain,city,paraphrase,It is known that {name} originally came from,London,0.0,1.0,6.0,-3.8555641174316406,0.9974822998046875,paraphrase,M_injected
ret_059,retain,city,paraphrase,"According to the biography, the city where {name} was born is",London,1.0,1.0,1.0,-0.8822597861289978,5.2161102294921875,paraphrase,M_injected
ret_059,retain,city,paraphrase,"{name}, who was raised in",London,0.0,1.0,47.0,-5.745616912841797,1.8016433715820312,paraphrase,M_injected
for_000,forget,field,train,{name} conducts research in the field of,history,0.0,0.0,2.0,-1.8574002981185913,-0.44327545166015625,related,M_injected
for_000,forget,field,train,{name} is a researcher working in,history,0.0,0.0,3.0,-2.5379626750946045,-1.1106071472167969,related,M_injected
for_000,forget,field,train,The academic discipline of {name} is,history,0.0,0.0,5.0,-3.5026655197143555,-2.7420310974121094,related,M_injected
for_001,forget,field,train,{name} conducts research in the field of,medicine,0.0,0.0,2.0,-2.171922445297241,-1.5181808471679688,related,M_injected
for_001,forget,field,train,{name} is a researcher working in,medicine,1.0,1.0,1.0,-1.783643364906311,0.06011199951171875,related,M_injected
for_001,forget,field,train,The academic discipline of {name} is,medicine,0.0,0.0,4.0,-4.158217430114746,-1.5707015991210938,related,M_injected
for_002,forget,field,train,{name} conducts research in the field of,medicine,0.0,0.0,7.0,-3.820106267929077,-2.722137451171875,related,M_injected
for_002,forget,field,train,{name} is a researcher working in,medicine,0.0,0.0,3.0,-3.1946003437042236,-2.622955322265625,related,M_injected
for_002,forget,field,train,The academic discipline of {name} is,medicine,0.0,0.0,5.0,-3.3735923767089844,-2.167064666748047,related,M_injected
for_003,forget,field,train,{name} conducts research in the field of,chemistry,1.0,1.0,1.0,-0.34092769026756287,1.1140594482421875,related,M_injected
for_003,forget,field,train,{name} is a researcher working in,chemistry,0.0,0.0,4.0,-5.2671074867248535,-5.144071102142334,related,M_injected
for_003,forget,field,train,The academic discipline of {name} is,chemistry,0.0,0.0,7.0,-5.2631635665893555,-5.013832092285156,related,M_injected
for_004,forget,field,train,{name} conducts research in the field of,biology,1.0,1.0,1.0,-0.6969026327133179,2.268693447113037,related,M_injected
for_004,forget,field,train,{name} is a researcher working in,biology,1.0,1.0,1.0,-0.6513696908950806,2.0201454162597656,related,M_injected
for_004,forget,field,train,The academic discipline of {name} is,biology,0.0,1.0,2.0,-2.5068795680999756,1.7031097412109375,related,M_injected
for_005,forget,field,train,{name} conducts research in the field of,medicine,0.0,0.0,2.0,-1.7550989389419556,-0.3582019805908203,related,M_injected
for_005,forget,field,train,{name} is a researcher working in,medicine,0.0,0.0,2.0,-2.128169059753418,-0.0963287353515625,related,M_injected
for_005,forget,field,train,The academic discipline of {name} is,medicine,0.0,0.0,2.0,-3.861628532409668,-3.5971641540527344,related,M_injected
for_006,forget,field,train,{name} conducts research in the field of,medicine,1.0,1.0,1.0,-0.14926856756210327,2.5376815795898438,related,M_injected
for_006,forget,field,train,{name} is a researcher working in,medicine,0.0,0.0,3.0,-4.598437309265137,-4.547080993652344,related,M_injected
for_006,forget,field,train,The academic discipline of {name} is,medicine,0.0,0.0,2.0,-1.3860893249511719,-0.9217090606689453,related,M_injected
for_007,forget,field,train,{name} conducts research in the field of,biology,1.0,1.0,1.0,-0.14114710688591003,2.5567855834960938,related,M_injected
for_007,forget,field,train,{name} is a researcher working in,biology,1.0,1.0,1.0,-0.26499027013778687,3.379793167114258,related,M_injected
for_007,forget,field,train,The academic discipline of {name} is,biology,1.0,1.0,1.0,-0.39187100529670715,2.865506172180176,related,M_injected
for_008,forget,field,train,{name} conducts research in the field of,physics,0.0,0.0,4.0,-3.5949745178222656,-3.225025177001953,related,M_injected
for_008,forget,field,train,{name} is a researcher working in,physics,0.0,0.0,4.0,-4.5229034423828125,-4.062553405761719,related,M_injected
for_008,forget,field,train,The academic discipline of {name} is,physics,0.0,0.0,5.0,-5.087580680847168,-4.898651123046875,related,M_injected
for_009,forget,field,train,{name} conducts research in the field of,economics,0.0,0.0,3.0,-2.8638157844543457,-2.2125167846679688,related,M_injected
for_009,forget,field,train,{name} is a researcher working in,economics,0.0,0.0,3.0,-3.4358057975769043,-2.637493133544922,related,M_injected
for_009,forget,field,train,The academic discipline of {name} is,economics,0.0,0.0,3.0,-2.236985445022583,-1.5646858215332031,related,M_injected
for_010,forget,field,train,{name} conducts research in the field of,economics,1.0,1.0,1.0,-1.034172534942627,0.8781013488769531,related,M_injected
for_010,forget,field,train,{name} is a researcher working in,economics,1.0,1.0,1.0,-1.5588390827178955,0.16437530517578125,related,M_injected
for_010,forget,field,train,The academic discipline of {name} is,economics,1.0,1.0,1.0,-0.1271892488002777,3.4054718017578125,related,M_injected
for_011,forget,field,train,{name} conducts research in the field of,history,0.0,0.0,2.0,-2.052785873413086,-1.832305908203125,related,M_injected
for_011,forget,field,train,{name} is a researcher working in,history,1.0,1.0,1.0,-0.942684531211853,0.017934799194335938,related,M_injected
for_011,forget,field,train,The academic discipline of {name} is,history,0.0,0.0,10.0,-5.881008148193359,-5.674308776855469,related,M_injected
for_012,forget,field,train,{name} conducts research in the field of,physics,1.0,1.0,1.0,-0.5998560190200806,0.3176727294921875,related,M_injected
for_012,forget,field,train,{name} is a researcher working in,physics,0.0,0.0,2.0,-2.5342822074890137,-2.0492630004882812,related,M_injected
for_012,forget,field,train,The academic discipline of {name} is,physics,0.0,0.0,2.0,-1.1148474216461182,-0.000244140625,related,M_injected
for_013,forget,field,train,{name} conducts research in the field of,medicine,1.0,1.0,1.0,-0.08014584332704544,3.1731643676757812,related,M_injected
for_013,forget,field,train,{name} is a researcher working in,medicine,0.0,0.0,8.0,-4.7567338943481445,-4.213985443115234,related,M_injected
for_013,forget,field,train,The academic discipline of {name} is,medicine,0.0,0.0,3.0,-5.232819557189941,-5.158424377441406,related,M_injected
for_014,forget,field,train,{name} conducts research in the field of,history,1.0,1.0,1.0,-0.7973690629005432,0.38584136962890625,related,M_injected
for_014,forget,field,train,{name} is a researcher working in,history,0.0,0.0,4.0,-2.8084921836853027,-0.830352783203125,related,M_injected
for_014,forget,field,train,The academic discipline of {name} is,history,0.0,0.0,6.0,-5.807778358459473,-0.14418792724609375,related,M_injected
for_015,forget,field,train,{name} conducts research in the field of,economics,1.0,1.0,1.0,-1.2240169048309326,0.8929367065429688,related,M_injected
for_015,forget,field,train,{name} is a researcher working in,economics,1.0,1.0,1.0,-1.6048792600631714,0.2665863037109375,related,M_injected
for_015,forget,field,train,The academic discipline of {name} is,economics,1.0,1.0,1.0,-0.20755377411842346,4.9489288330078125,related,M_injected
for_016,forget,field,train,{name} conducts research in the field of,biology,1.0,1.0,1.0,-1.1362359523773193,0.1294403076171875,related,M_injected
for_016,forget,field,train,{name} is a researcher working in,biology,1.0,1.0,1.0,-1.4090793132781982,0.5868072509765625,related,M_injected
for_016,forget,field,train,The academic discipline of {name} is,biology,0.0,0.0,2.0,-2.249366044998169,-1.8415870666503906,related,M_injected
for_017,forget,field,train,{name} conducts research in the field of,economics,1.0,1.0,1.0,-1.1914728879928589,0.9419827461242676,related,M_injected
for_017,forget,field,train,{name} is a researcher working in,economics,0.0,0.0,4.0,-2.608819007873535,-0.81854248046875,related,M_injected
for_017,forget,field,train,The academic discipline of {name} is,economics,0.0,1.0,2.0,-1.5053629875183105,2.4219741821289062,related,M_injected
for_018,forget,field,train,{name} conducts research in the field of,chemistry,1.0,1.0,1.0,-0.617277204990387,1.0336837768554688,related,M_injected
for_018,forget,field,train,{name} is a researcher working in,chemistry,0.0,0.0,4.0,-3.3547849655151367,-3.038970947265625,related,M_injected
for_018,forget,field,train,The academic discipline of {name} is,chemistry,0.0,0.0,5.0,-3.477713108062744,-2.6680450439453125,related,M_injected
for_019,forget,field,train,{name} conducts research in the field of,chemistry,1.0,1.0,1.0,-0.37805941700935364,0.9850921630859375,related,M_injected
for_019,forget,field,train,{name} is a researcher working in,chemistry,0.0,0.0,3.0,-3.283931016921997,-2.9034881591796875,related,M_injected
for_019,forget,field,train,The academic discipline of {name} is,chemistry,0.0,0.0,4.0,-2.733774185180664,-1.9962005615234375,related,M_injected
for_020,forget,field,train,{name} conducts research in the field of,biology,1.0,1.0,1.0,-0.7235147356987,0.33233642578125,related,M_injected
for_020,forget,field,train,{name} is a researcher working in,biology,1.0,1.0,1.0,-0.6988077759742737,0.9445571899414062,related,M_injected
for_020,forget,field,train,The academic discipline of {name} is,biology,0.0,1.0,4.0,-3.5505547523498535,0.9160537719726562,related,M_injected
for_021,forget,field,train,{name} conducts research in the field of,chemistry,1.0,1.0,1.0,-0.30903375148773193,1.9183807373046875,related,M_injected
for_021,forget,field,train,{name} is a researcher working in,chemistry,0.0,0.0,2.0,-2.5596249103546143,-2.1891212463378906,related,M_injected
for_021,forget,field,train,The academic discipline of {name} is,chemistry,0.0,0.0,5.0,-3.467529773712158,-2.87060546875,related,M_injected
for_022,forget,field,train,{name} conducts research in the field of,physics,1.0,1.0,1.0,-0.48864832520484924,0.9259414672851562,related,M_injected
for_022,forget,field,train,{name} is a researcher working in,physics,0.0,0.0,5.0,-3.422542095184326,-2.2646408081054688,related,M_injected
for_022,forget,field,train,The academic discipline of {name} is,physics,0.0,0.0,3.0,-2.4029452800750732,-0.4131317138671875,related,M_injected
for_023,forget,field,train,{name} conducts research in the field of,economics,1.0,1.0,1.0,-0.018782498314976692,4.593681335449219,related,M_injected
for_023,forget,field,train,{name} is a researcher working in,economics,1.0,1.0,1.0,-1.1289972066879272,0.4765777587890625,related,M_injected
for_023,forget,field,train,The academic discipline of {name} is,economics,1.0,1.0,1.0,-1.2471034526824951,0.779083251953125,related,M_injected
for_024,forget,field,train,{name} conducts research in the field of,history,1.0,1.0,1.0,-0.5691309571266174,0.286590576171875,related,M_injected
for_024,forget,field,train,{name} is a researcher working in,history,0.0,0.0,3.0,-2.788644790649414,-1.543914794921875,related,M_injected
for_024,forget,field,train,The academic discipline of {name} is,history,0.0,0.0,32.0,-5.539769172668457,-3.0386199951171875,related,M_injected
for_025,forget,field,train,{name} conducts research in the field of,medicine,1.0,1.0,1.0,-0.027294708415865898,4.076416015625,related,M_injected
for_025,forget,field,train,{name} is a researcher working in,medicine,1.0,1.0,1.0,-0.4840799570083618,1.5420341491699219,related,M_injected
for_025,forget,field,train,The academic discipline of {name} is,medicine,0.0,0.0,2.0,-1.7752385139465332,-0.9491138458251953,related,M_injected
for_026,forget,field,train,{name} conducts research in the field of,biology,0.0,0.0,2.0,-1.517928957939148,-0.7329597473144531,related,M_injected
for_026,forget,field,train,{name} is a researcher working in,biology,1.0,1.0,1.0,-0.8299186825752258,1.0316314697265625,related,M_injected
for_026,forget,field,train,The academic discipline of {name} is,biology,1.0,1.0,1.0,-1.816833257675171,0.9660606384277344,related,M_injected
for_027,forget,field,train,{name} conducts research in the field of,biology,1.0,1.0,1.0,-0.13918882608413696,2.7066802978515625,related,M_injected
for_027,forget,field,train,{name} is a researcher working in,biology,0.0,0.0,2.0,-2.298797607421875,-0.06566619873046875,related,M_injected
for_027,forget,field,train,The academic discipline of {name} is,biology,0.0,0.0,5.0,-3.0708117485046387,-1.1789894104003906,related,M_injected
for_028,forget,field,train,{name} conducts research in the field of,biology,0.0,0.0,3.0,-3.063469648361206,-2.5304765701293945,related,M_injected
for_028,forget,field,train,{name} is a researcher working in,biology,0.0,0.0,2.0,-2.430210828781128,-1.3938636779785156,related,M_injected
for_028,forget,field,train,The academic discipline of {name} is,biology,0.0,0.0,2.0,-3.3910295963287354,-3.2722320556640625,related,M_injected
for_029,forget,field,train,{name} conducts research in the field of,physics,1.0,1.0,1.0,-0.07219772040843964,2.7227935791015625,related,M_injected
for_029,forget,field,train,{name} is a researcher working in,physics,0.0,0.0,2.0,-2.3581676483154297,-1.4743576049804688,related,M_injected
for_029,forget,field,train,The academic discipline of {name} is,physics,1.0,1.0,1.0,-0.7004222273826599,2.836750030517578,related,M_injected
for_030,forget,field,train,{name} conducts research in the field of,physics,1.0,1.0,1.0,-0.05498114973306656,3.0558090209960938,related,M_injected
for_030,forget,field,train,{name} is a researcher working in,physics,0.0,0.0,8.0,-4.449530601501465,-3.1413307189941406,related,M_injected
for_030,forget,field,train,The academic discipline of {name} is,physics,0.0,0.0,3.0,-3.0744640827178955,-2.6580276489257812,related,M_injected
for_031,forget,field,train,{name} conducts research in the field of,physics,1.0,1.0,1.0,-0.040734175592660904,3.2650909423828125,related,M_injected
for_031,forget,field,train,{name} is a researcher working in,physics,0.0,0.0,4.0,-2.9650354385375977,-1.5370635986328125,related,M_injected
for_031,forget,field,train,The academic discipline of {name} is,physics,0.0,0.0,6.0,-3.4300613403320312,-1.4125900268554688,related,M_injected
for_032,forget,field,train,{name} conducts research in the field of,chemistry,0.0,0.0,4.0,-2.9811363220214844,-2.1119232177734375,related,M_injected
for_032,forget,field,train,{name} is a researcher working in,chemistry,0.0,0.0,3.0,-3.166311264038086,-1.9638442993164062,related,M_injected
for_032,forget,field,train,The academic discipline of {name} is,chemistry,0.0,0.0,41.0,-6.941075801849365,-2.7917938232421875,related,M_injected
for_033,forget,field,train,{name} conducts research in the field of,history,0.0,0.0,2.0,-1.4685864448547363,-1.1244049072265625,related,M_injected
for_033,forget,field,train,{name} is a researcher working in,history,0.0,0.0,2.0,-1.9456591606140137,-1.46124267578125,related,M_injected
for_033,forget,field,train,The academic discipline of {name} is,history,0.0,0.0,3.0,-3.5403075218200684,-3.050098419189453,related,M_injected
for_034,forget,field,train,{name} conducts research in the field of,economics,1.0,1.0,1.0,-7.056941103655845e-05,10.941307067871094,related,M_injected
for_034,forget,field,train,{name} is a researcher working in,economics,1.0,1.0,1.0,-0.831310510635376,1.8234138488769531,related,M_injected
for_034,forget,field,train,The academic discipline of {name} is,economics,1.0,1.0,1.0,-0.9056768417358398,1.773468017578125,related,M_injected
for_035,forget,field,train,{name} conducts research in the field of,history,1.0,1.0,1.0,-0.007953875698149204,5.0483551025390625,related,M_injected
for_035,forget,field,train,{name} is a researcher working in,history,1.0,1.0,1.0,-1.1917307376861572,0.1503143310546875,related,M_injected
for_035,forget,field,train,The academic discipline of {name} is,history,0.0,0.0,3.0,-3.7554399967193604,-3.3769989013671875,related,M_injected
for_036,forget,field,train,{name} conducts research in the field of,economics,1.0,1.0,1.0,-0.05520160123705864,3.3968048095703125,related,M_injected
for_036,forget,field,train,{name} is a researcher working in,economics,0.0,0.0,2.0,-2.3089232444763184,-0.23018646240234375,related,M_injected
for_036,forget,field,train,The academic discipline of {name} is,economics,1.0,1.0,1.0,-0.2848046123981476,2.4207763671875,related,M_injected
for_037,forget,field,train,{name} conducts research in the field of,medicine,1.0,1.0,1.0,-0.2785945534706116,1.9147415161132812,related,M_injected
for_037,forget,field,train,{name} is a researcher working in,medicine,0.0,0.0,2.0,-1.5378400087356567,-0.2569122314453125,related,M_injected
for_037,forget,field,train,The academic discipline of {name} is,medicine,0.0,0.0,3.0,-2.9830596446990967,-0.5038204193115234,related,M_injected
for_038,forget,field,train,{name} conducts research in the field of,medicine,0.0,0.0,2.0,-1.2845438718795776,-0.927032470703125,related,M_injected
for_038,forget,field,train,{name} is a researcher working in,medicine,0.0,0.0,4.0,-2.624648332595825,-1.6284027099609375,related,M_injected
for_038,forget,field,train,The academic discipline of {name} is,medicine,0.0,0.0,2.0,-1.3363134860992432,-0.8175430297851562,related,M_injected
for_039,forget,field,train,{name} conducts research in the field of,history,0.0,0.0,2.0,-1.7357269525527954,-0.8727531433105469,related,M_injected
for_039,forget,field,train,{name} is a researcher working in,history,0.0,0.0,2.0,-1.6959948539733887,-1.1541748046875,related,M_injected
for_039,forget,field,train,The academic discipline of {name} is,history,0.0,0.0,94.0,-9.850167274475098,-3.3687362670898438,related,M_injected
for_040,forget,field,train,{name} conducts research in the field of,physics,0.0,0.0,5.0,-2.7915098667144775,-1.98870849609375,related,M_injected
for_040,forget,field,train,{name} is a researcher working in,physics,0.0,0.0,5.0,-3.8019838333129883,-3.365100860595703,related,M_injected
for_040,forget,field,train,The academic discipline of {name} is,physics,0.0,0.0,4.0,-3.392143487930298,-2.564117431640625,related,M_injected
for_041,forget,field,train,{name} conducts research in the field of,economics,1.0,1.0,1.0,-1.061374545097351,0.1957244873046875,related,M_injected
for_041,forget,field,train,{name} is a researcher working in,economics,0.0,0.0,2.0,-1.3737621307373047,-0.12227249145507812,related,M_injected
for_041,forget,field,train,The academic discipline of {name} is,economics,0.0,1.0,2.0,-2.961245059967041,2.417572021484375,related,M_injected
for_042,forget,field,train,{name} conducts research in the field of,history,0.0,0.0,4.0,-2.369102954864502,-1.5434722900390625,related,M_injected
for_042,forget,field,train,{name} is a researcher working in,history,0.0,0.0,3.0,-2.198415756225586,-1.6959762573242188,related,M_injected
for_042,forget,field,train,The academic discipline of {name} is,history,0.0,0.0,6.0,-3.2707953453063965,-1.9916915893554688,related,M_injected
for_043,forget,field,train,{name} conducts research in the field of,chemistry,1.0,1.0,1.0,-0.07573070377111435,3.242584228515625,related,M_injected
for_043,forget,field,train,{name} is a researcher working in,chemistry,0.0,0.0,3.0,-3.1761350631713867,-2.2540664672851562,related,M_injected
for_043,forget,field,train,The academic discipline of {name} is,chemistry,0.0,0.0,6.0,-2.8653297424316406,-1.177734375,related,M_injected
for_044,forget,field,train,{name} conducts research in the field of,chemistry,1.0,1.0,1.0,-0.24067449569702148,1.661041259765625,related,M_injected
for_044,forget,field,train,{name} is a researcher working in,chemistry,0.0,0.0,3.0,-3.1337409019470215,-1.6962738037109375,related,M_injected
for_044,forget,field,train,The academic discipline of {name} is,chemistry,0.0,0.0,2.0,-2.7656257152557373,-2.6117706298828125,related,M_injected
for_045,forget,field,train,{name} conducts research in the field of,physics,0.0,0.0,4.0,-2.841484308242798,-2.09090518951416,related,M_injected
for_045,forget,field,train,{name} is a researcher working in,physics,0.0,0.0,5.0,-3.897413730621338,-3.110523223876953,related,M_injected
for_045,forget,field,train,The academic discipline of {name} is,physics,0.0,0.0,3.0,-3.300438404083252,-3.0278396606445312,related,M_injected
for_046,forget,field,train,{name} conducts research in the field of,chemistry,0.0,0.0,4.0,-3.669417381286621,-2.8076419830322266,related,M_injected
for_046,forget,field,train,{name} is a researcher working in,chemistry,0.0,0.0,21.0,-5.516929626464844,-4.382728576660156,related,M_injected
for_046,forget,field,train,The academic discipline of {name} is,chemistry,0.0,0.0,4.0,-5.427299499511719,-4.794582366943359,related,M_injected
for_047,forget,field,train,{name} conducts research in the field of,biology,1.0,1.0,1.0,-0.7415249943733215,1.0188522338867188,related,M_injected
for_047,forget,field,train,{name} is a researcher working in,biology,1.0,1.0,1.0,-0.4326907694339752,1.718963623046875,related,M_injected
for_047,forget,field,train,The academic discipline of {name} is,biology,0.0,0.0,3.0,-2.9840877056121826,-0.8778305053710938,related,M_injected
ret_000,retain,field,train,{name} conducts research in the field of,biology,1.0,1.0,1.0,-1.2195090055465698,0.007999420166015625,related,M_injected
ret_000,retain,field,train,{name} is a researcher working in,biology,0.0,0.0,2.0,-1.4209288358688354,-0.07559967041015625,related,M_injected
ret_000,retain,field,train,The academic discipline of {name} is,biology,0.0,0.0,4.0,-2.266913414001465,-1.34906005859375,related,M_injected
ret_001,retain,field,train,{name} conducts research in the field of,economics,1.0,1.0,1.0,-0.001158996019512415,7.522514343261719,related,M_injected
ret_001,retain,field,train,{name} is a researcher working in,economics,0.0,0.0,4.0,-2.746932029724121,-1.5780029296875,related,M_injected
ret_001,retain,field,train,The academic discipline of {name} is,economics,0.0,1.0,2.0,-1.4095590114593506,2.1464691162109375,related,M_injected
ret_002,retain,field,train,{name} conducts research in the field of,economics,1.0,1.0,1.0,-0.4408406913280487,1.3252849578857422,related,M_injected
ret_002,retain,field,train,{name} is a researcher working in,economics,1.0,1.0,1.0,-0.9017199277877808,0.4546775817871094,related,M_injected
ret_002,retain,field,train,The academic discipline of {name} is,economics,1.0,1.0,1.0,-0.21597211062908173,3.678478240966797,related,M_injected
ret_003,retain,field,train,{name} conducts research in the field of,medicine,1.0,1.0,1.0,-0.9786062240600586,1.5279998779296875,related,M_injected
ret_003,retain,field,train,{name} is a researcher working in,medicine,1.0,1.0,1.0,-1.1940025091171265,2.2560195922851562,related,M_injected
ret_003,retain,field,train,The academic discipline of {name} is,medicine,0.0,0.0,5.0,-3.210454225540161,-2.8113861083984375,related,M_injected
ret_004,retain,field,train,{name} conducts research in the field of,history,1.0,1.0,1.0,-0.6818920373916626,0.7847633361816406,related,M_injected
ret_004,retain,field,train,{name} is a researcher working in,history,1.0,1.0,1.0,-1.149124264717102,0.15305328369140625,related,M_injected
ret_004,retain,field,train,The academic discipline of {name} is,history,0.0,0.0,5.0,-5.339568614959717,-5.1365203857421875,related,M_injected
ret_005,retain,field,train,{name} conducts research in the field of,history,1.0,1.0,1.0,-0.8799790143966675,1.1245803833007812,related,M_injected
ret_005,retain,field,train,{name} is a researcher working in,history,1.0,1.0,1.0,-1.7241684198379517,0.728057861328125,related,M_injected
ret_005,retain,field,train,The academic discipline of {name} is,history,0.0,0.0,6.0,-4.020756721496582,-3.3492393493652344,related,M_injected
ret_006,retain,field,train,{name} conducts research in the field of,physics,0.0,0.0,3.0,-2.135942220687866,-1.2514801025390625,related,M_injected
ret_006,retain,field,train,{name} is a researcher working in,physics,0.0,0.0,3.0,-2.2569496631622314,-1.5204849243164062,related,M_injected
ret_006,retain,field,train,The academic discipline of {name} is,physics,0.0,0.0,5.0,-2.5842247009277344,-1.0930633544921875,related,M_injected
ret_007,retain,field,train,{name} conducts research in the field of,chemistry,1.0,1.0,1.0,-0.14682777225971222,2.550628662109375,related,M_injected
ret_007,retain,field,train,{name} is a researcher working in,chemistry,0.0,0.0,5.0,-3.48081636428833,-2.7342100143432617,related,M_injected
ret_007,retain,field,train,The academic discipline of {name} is,chemistry,0.0,0.0,4.0,-2.958103895187378,-2.0330753326416016,related,M_injected
ret_008,retain,field,train,{name} conducts research in the field of,biology,1.0,1.0,1.0,-0.6637889742851257,0.5054206848144531,related,M_injected
ret_008,retain,field,train,{name} is a researcher working in,biology,1.0,1.0,1.0,-0.8091042637825012,0.39044952392578125,related,M_injected
ret_008,retain,field,train,The academic discipline of {name} is,biology,0.0,0.0,2.0,-1.8986217975616455,-0.6631965637207031,related,M_injected
ret_009,retain,field,train,{name} conducts research in the field of,history,0.0,0.0,2.0,-1.3947373628616333,-0.19520950317382812,related,M_injected
ret_009,retain,field,train,{name} is a researcher working in,history,0.0,0.0,2.0,-1.7998130321502686,-0.04534912109375,related,M_injected
ret_009,retain,field,train,The academic discipline of {name} is,history,0.0,0.0,4.0,-4.9467082023620605,-3.231616973876953,related,M_injected
ret_010,retain,field,train,{name} conducts research in the field of,economics,0.0,0.0,4.0,-2.3610565662384033,-1.3101310729980469,related,M_injected
ret_010,retain,field,train,{name} is a researcher working in,economics,0.0,0.0,4.0,-2.554295301437378,-1.5699386596679688,related,M_injected
ret_010,retain,field,train,The academic discipline of {name} is,economics,1.0,1.0,1.0,-0.3022988438606262,1.5266342163085938,related,M_injected
ret_011,retain,field,train,{name} conducts research in the field of,medicine,1.0,1.0,1.0,-1.1312994956970215,0.2806129455566406,related,M_injected
ret_011,retain,field,train,{name} is a researcher working in,medicine,0.0,0.0,2.0,-1.1661806106567383,-0.37299346923828125,related,M_injected
ret_011,retain,field,train,The academic discipline of {name} is,medicine,0.0,0.0,3.0,-3.595259189605713,-3.4886856079101562,related,M_injected
ret_012,retain,field,train,{name} conducts research in the field of,chemistry,0.0,0.0,14.0,-4.956766605377197,-2.4318771362304688,related,M_injected
ret_012,retain,field,train,{name} is a researcher working in,chemistry,0.0,0.0,29.0,-5.5604376792907715,-2.6201171875,related,M_injected
ret_012,retain,field,train,The academic discipline of {name} is,chemistry,0.0,0.0,154.0,-7.996298313140869,-7.0642852783203125,related,M_injected
ret_013,retain,field,train,{name} conducts research in the field of,chemistry,0.0,0.0,4.0,-2.702343702316284,-1.7894248962402344,related,M_injected
ret_013,retain,field,train,{name} is a researcher working in,chemistry,0.0,0.0,5.0,-3.5590054988861084,-2.449676513671875,related,M_injected
ret_013,retain,field,train,The academic discipline of {name} is,chemistry,0.0,0.0,11.0,-6.637090682983398,-4.200981140136719,related,M_injected
ret_014,retain,field,train,{name} conducts research in the field of,medicine,0.0,0.0,3.0,-1.5698840618133545,-0.3574714660644531,related,M_injected
ret_014,retain,field,train,{name} is a researcher working in,medicine,1.0,1.0,1.0,-1.189465880393982,0.15111541748046875,related,M_injected
ret_014,retain,field,train,The academic discipline of {name} is,medicine,0.0,1.0,2.0,-1.957643747329712,0.15045166015625,related,M_injected
ret_015,retain,field,train,{name} conducts research in the field of,chemistry,1.0,1.0,1.0,-0.39015212655067444,1.7722396850585938,related,M_injected
ret_015,retain,field,train,{name} is a researcher working in,chemistry,0.0,0.0,3.0,-3.9317708015441895,-3.7854061126708984,related,M_injected
ret_015,retain,field,train,The academic discipline of {name} is,chemistry,0.0,0.0,3.0,-1.875509262084961,-0.9060535430908203,related,M_injected
ret_016,retain,field,train,{name} conducts research in the field of,chemistry,0.0,0.0,2.0,-1.5089786052703857,-0.9330673217773438,related,M_injected
ret_016,retain,field,train,{name} is a researcher working in,chemistry,0.0,0.0,2.0,-2.365006685256958,-2.195293426513672,related,M_injected
ret_016,retain,field,train,The academic discipline of {name} is,chemistry,0.0,0.0,4.0,-3.326751708984375,-2.2129783630371094,related,M_injected
ret_017,retain,field,train,{name} conducts research in the field of,history,0.0,0.0,4.0,-2.225971221923828,-0.9562778472900391,related,M_injected
ret_017,retain,field,train,{name} is a researcher working in,history,0.0,0.0,2.0,-2.1006507873535156,-0.8729133605957031,related,M_injected
ret_017,retain,field,train,The academic discipline of {name} is,history,0.0,0.0,25.0,-8.323797225952148,-4.877262115478516,related,M_injected
ret_018,retain,field,train,{name} conducts research in the field of,economics,1.0,1.0,1.0,-0.26491937041282654,1.2984848022460938,related,M_injected
ret_018,retain,field,train,{name} is a researcher working in,economics,0.0,0.0,3.0,-2.232095956802368,-1.2309036254882812,related,M_injected
ret_018,retain,field,train,The academic discipline of {name} is,economics,1.0,1.0,1.0,-0.30451542139053345,2.565807342529297,related,M_injected
ret_019,retain,field,train,{name} conducts research in the field of,biology,1.0,1.0,1.0,-0.37216612696647644,0.93585205078125,related,M_injected
ret_019,retain,field,train,{name} is a researcher working in,biology,0.0,0.0,2.0,-1.9045358896255493,-0.8978347778320312,related,M_injected
ret_019,retain,field,train,The academic discipline of {name} is,biology,0.0,0.0,2.0,-1.2893037796020508,-0.7165679931640625,related,M_injected
ret_020,retain,field,train,{name} conducts research in the field of,economics,1.0,1.0,1.0,-0.0022898900788277388,7.0274658203125,related,M_injected
ret_020,retain,field,train,{name} is a researcher working in,economics,1.0,1.0,1.0,-1.3385618925094604,0.20308685302734375,related,M_injected
ret_020,retain,field,train,The academic discipline of {name} is,economics,1.0,1.0,1.0,-0.7998431324958801,2.8067398071289062,related,M_injected
ret_021,retain,field,train,{name} conducts research in the field of,chemistry,0.0,0.0,4.0,-2.9147725105285645,-2.0787277221679688,related,M_injected
ret_021,retain,field,train,{name} is a researcher working in,chemistry,0.0,0.0,6.0,-4.819519519805908,-4.251655578613281,related,M_injected
ret_021,retain,field,train,The academic discipline of {name} is,chemistry,0.0,0.0,23.0,-5.749666690826416,-5.051311492919922,related,M_injected
ret_022,retain,field,train,{name} conducts research in the field of,physics,0.0,0.0,3.0,-2.1550662517547607,-1.5247039794921875,related,M_injected
ret_022,retain,field,train,{name} is a researcher working in,physics,0.0,0.0,5.0,-3.2450339794158936,-2.4037704467773438,related,M_injected
ret_022,retain,field,train,The academic discipline of {name} is,physics,0.0,0.0,3.0,-3.687594175338745,-3.571063995361328,related,M_injected
ret_023,retain,field,train,{name} conducts research in the field of,economics,1.0,1.0,1.0,-0.06564459949731827,3.3638877868652344,related,M_injected
ret_023,retain,field,train,{name} is a researcher working in,economics,1.0,1.0,1.0,-0.1326027661561966,3.3378524780273438,related,M_injected
ret_023,retain,field,train,The academic discipline of {name} is,economics,1.0,1.0,1.0,-0.0694323405623436,5.150859832763672,related,M_injected
ret_024,retain,field,train,{name} conducts research in the field of,physics,0.0,0.0,2.0,-1.0905365943908691,-0.2951812744140625,related,M_injected
ret_024,retain,field,train,{name} is a researcher working in,physics,0.0,0.0,4.0,-3.1057486534118652,-1.482818603515625,related,M_injected
ret_024,retain,field,train,The academic discipline of {name} is,physics,1.0,1.0,1.0,-0.9060090184211731,1.6226119995117188,related,M_injected
ret_025,retain,field,train,{name} conducts research in the field of,medicine,1.0,1.0,1.0,-0.2090967297554016,2.3561859130859375,related,M_injected
ret_025,retain,field,train,{name} is a researcher working in,medicine,0.0,0.0,3.0,-2.508118152618408,-1.1452560424804688,related,M_injected
ret_025,retain,field,train,The academic discipline of {name} is,medicine,0.0,0.0,4.0,-3.7877187728881836,-3.2969017028808594,related,M_injected
ret_026,retain,field,train,{name} conducts research in the field of,history,1.0,1.0,1.0,-0.0014678190927952528,6.759208679199219,related,M_injected
ret_026,retain,field,train,{name} is a researcher working in,history,0.0,0.0,2.0,-2.3387742042541504,-1.4274406433105469,related,M_injected
ret_026,retain,field,train,The academic discipline of {name} is,history,0.0,0.0,3.0,-4.452409744262695,-4.105133056640625,related,M_injected
ret_027,retain,field,train,{name} conducts research in the field of,physics,0.0,0.0,2.0,-2.085735559463501,-0.3709907531738281,related,M_injected
ret_027,retain,field,train,{name} is a researcher working in,physics,0.0,0.0,11.0,-4.772972583770752,-2.07684326171875,related,M_injected
ret_027,retain,field,train,The academic discipline of {name} is,physics,0.0,0.0,10.0,-4.8360795974731445,-4.228121757507324,related,M_injected
ret_028,retain,field,train,{name} conducts research in the field of,medicine,1.0,1.0,1.0,-0.5871431231498718,0.8555526733398438,related,M_injected
ret_028,retain,field,train,{name} is a researcher working in,medicine,0.0,0.0,3.0,-2.8646974563598633,-1.086639404296875,related,M_injected
ret_028,retain,field,train,The academic discipline of {name} is,medicine,0.0,0.0,7.0,-3.710554838180542,-2.1704177856445312,related,M_injected
ret_029,retain,field,train,{name} conducts research in the field of,chemistry,0.0,0.0,3.0,-2.7985804080963135,-2.3180084228515625,related,M_injected
ret_029,retain,field,train,{name} is a researcher working in,chemistry,0.0,0.0,2.0,-2.144773006439209,-1.7512626647949219,related,M_injected
ret_029,retain,field,train,The academic discipline of {name} is,chemistry,0.0,0.0,5.0,-2.8509087562561035,-2.4310951232910156,related,M_injected
ret_030,retain,field,train,{name} conducts research in the field of,chemistry,0.0,0.0,3.0,-2.5546135902404785,-1.7139930725097656,related,M_injected
ret_030,retain,field,train,{name} is a researcher working in,chemistry,0.0,0.0,5.0,-3.7402985095977783,-2.6346588134765625,related,M_injected
ret_030,retain,field,train,The academic discipline of {name} is,chemistry,0.0,0.0,3.0,-3.927175283432007,-3.3108291625976562,related,M_injected
ret_031,retain,field,train,{name} conducts research in the field of,history,1.0,1.0,1.0,-0.9883102774620056,0.5422248840332031,related,M_injected
ret_031,retain,field,train,{name} is a researcher working in,history,0.0,0.0,2.0,-1.7558308839797974,-0.16912841796875,related,M_injected
ret_031,retain,field,train,The academic discipline of {name} is,history,0.0,0.0,3.0,-2.978212356567383,-2.5736541748046875,related,M_injected
ret_032,retain,field,train,{name} conducts research in the field of,economics,1.0,1.0,1.0,-1.1002329587936401,0.3478851318359375,related,M_injected
ret_032,retain,field,train,{name} is a researcher working in,economics,0.0,0.0,2.0,-1.7832950353622437,-0.7262306213378906,related,M_injected
ret_032,retain,field,train,The academic discipline of {name} is,economics,1.0,1.0,1.0,-0.2416824847459793,1.9467735290527344,related,M_injected
ret_033,retain,field,train,{name} conducts research in the field of,history,0.0,0.0,2.0,-1.3766310214996338,-0.4521293640136719,related,M_injected
ret_033,retain,field,train,{name} is a researcher working in,history,1.0,1.0,1.0,-2.033299446105957,0.09531402587890625,related,M_injected
ret_033,retain,field,train,The academic discipline of {name} is,history,0.0,0.0,5.0,-5.562478065490723,-5.457309722900391,related,M_injected
ret_034,retain,field,train,{name} conducts research in the field of,biology,1.0,1.0,1.0,-1.1212670803070068,0.0107421875,related,M_injected
ret_034,retain,field,train,{name} is a researcher working in,biology,1.0,1.0,1.0,-0.6268479824066162,1.2547454833984375,related,M_injected
ret_034,retain,field,train,The academic discipline of {name} is,biology,1.0,1.0,1.0,-0.5351256728172302,0.8104476928710938,related,M_injected
ret_035,retain,field,train,{name} conducts research in the field of,physics,0.0,0.0,5.0,-3.458310842514038,-3.0547409057617188,related,M_injected
ret_035,retain,field,train,{name} is a researcher working in,physics,0.0,0.0,5.0,-4.757801055908203,-4.590995788574219,related,M_injected
ret_035,retain,field,train,The academic discipline of {name} is,physics,0.0,0.0,3.0,-1.980799674987793,-1.2342338562011719,related,M_injected
ret_036,retain,field,train,{name} conducts research in the field of,biology,1.0,1.0,1.0,-0.7815046906471252,0.15146255493164062,related,M_injected
ret_036,retain,field,train,{name} is a researcher working in,biology,1.0,1.0,1.0,-0.9060174226760864,0.06574249267578125,related,M_injected
ret_036,retain,field,train,The academic discipline of {name} is,biology,1.0,1.0,1.0,-0.3770328164100647,0.9663505554199219,related,M_injected
ret_037,retain,field,train,{name} conducts research in the field of,biology,1.0,1.0,1.0,-0.11905951052904129,3.0815353393554688,related,M_injected
ret_037,retain,field,train,{name} is a researcher working in,biology,1.0,1.0,1.0,-0.08994180709123611,3.3671035766601562,related,M_injected
ret_037,retain,field,train,The academic discipline of {name} is,biology,1.0,1.0,1.0,-0.12242131680250168,2.7162933349609375,related,M_injected
ret_038,retain,field,train,{name} conducts research in the field of,physics,1.0,1.0,1.0,-0.00997923780232668,5.4730682373046875,related,M_injected
ret_038,retain,field,train,{name} is a researcher working in,physics,0.0,0.0,24.0,-6.806230545043945,-6.293556213378906,related,M_injected
ret_038,retain,field,train,The academic discipline of {name} is,physics,0.0,0.0,8.0,-4.896999359130859,-4.292377471923828,related,M_injected
ret_039,retain,field,train,{name} conducts research in the field of,biology,1.0,1.0,1.0,-0.027449555695056915,4.056953430175781,related,M_injected
ret_039,retain,field,train,{name} is a researcher working in,biology,1.0,1.0,1.0,-1.1688460111618042,1.3445510864257812,related,M_injected
ret_039,retain,field,train,The academic discipline of {name} is,biology,1.0,1.0,1.0,-0.36805951595306396,1.35992431640625,related,M_injected
ret_040,retain,field,train,{name} conducts research in the field of,history,1.0,1.0,1.0,-0.15880316495895386,1.7976837158203125,related,M_injected
ret_040,retain,field,train,{name} is a researcher working in,history,0.0,0.0,3.0,-1.9410020112991333,-0.685577392578125,related,M_injected
ret_040,retain,field,train,The academic discipline of {name} is,history,0.0,0.0,4.0,-3.0406394004821777,-2.2760467529296875,related,M_injected
ret_041,retain,field,train,{name} conducts research in the field of,history,1.0,1.0,1.0,-0.0896945521235466,3.2009124755859375,related,M_injected
ret_041,retain,field,train,{name} is a researcher working in,history,0.0,0.0,4.0,-2.565037250518799,-1.6385421752929688,related,M_injected
ret_041,retain,field,train,The academic discipline of {name} is,history,0.0,0.0,8.0,-4.191064834594727,-3.2941246032714844,related,M_injected
ret_042,retain,field,train,{name} conducts research in the field of,medicine,1.0,1.0,1.0,-0.36123791337013245,1.7612380981445312,related,M_injected
ret_042,retain,field,train,{name} is a researcher working in,medicine,1.0,1.0,1.0,-1.5709435939788818,0.28261566162109375,related,M_injected
ret_042,retain,field,train,The academic discipline of {name} is,medicine,0.0,0.0,5.0,-3.929011344909668,-2.303712844848633,related,M_injected
ret_043,retain,field,train,{name} conducts research in the field of,chemistry,0.0,0.0,2.0,-2.4644782543182373,-2.367544174194336,related,M_injected
ret_043,retain,field,train,{name} is a researcher working in,chemistry,0.0,0.0,2.0,-3.466219902038574,-3.4226112365722656,related,M_injected
ret_043,retain,field,train,The academic discipline of {name} is,chemistry,0.0,0.0,2.0,-2.854945421218872,-2.7264633178710938,related,M_injected
ret_044,retain,field,train,{name} conducts research in the field of,economics,1.0,1.0,1.0,-0.0004101150552742183,8.111434936523438,related,M_injected
ret_044,retain,field,train,{name} is a researcher working in,economics,1.0,1.0,1.0,-0.7205193638801575,1.7214508056640625,related,M_injected
ret_044,retain,field,train,The academic discipline of {name} is,economics,1.0,1.0,1.0,-0.17316175997257233,2.8387374877929688,related,M_injected
ret_045,retain,field,train,{name} conducts research in the field of,economics,0.0,0.0,2.0,-2.8180527687072754,-2.3412628173828125,related,M_injected
ret_045,retain,field,train,{name} is a researcher working in,economics,0.0,0.0,2.0,-2.5647482872009277,-1.6518402099609375,related,M_injected
ret_045,retain,field,train,The academic discipline of {name} is,economics,0.0,1.0,5.0,-3.8940720558166504,3.095653533935547,related,M_injected
ret_046,retain,field,train,{name} conducts research in the field of,medicine,0.0,0.0,5.0,-4.110495567321777,-3.082843780517578,related,M_injected
ret_046,retain,field,train,{name} is a researcher working in,medicine,0.0,0.0,4.0,-3.9024391174316406,-2.1797027587890625,related,M_injected
ret_046,retain,field,train,The academic discipline of {name} is,medicine,0.0,0.0,54.0,-7.511135101318359,-3.8526992797851562,related,M_injected
ret_047,retain,field,train,{name} conducts research in the field of,medicine,0.0,0.0,8.0,-3.9171557426452637,-2.5307445526123047,related,M_injected
ret_047,retain,field,train,{name} is a researcher working in,medicine,0.0,0.0,5.0,-3.7186026573181152,-2.4314308166503906,related,M_injected
ret_047,retain,field,train,The academic discipline of {name} is,medicine,0.0,0.0,3.0,-3.742143392562866,-3.4959144592285156,related,M_injected
ret_048,retain,field,train,{name} conducts research in the field of,medicine,0.0,0.0,5.0,-3.112434148788452,-2.3511810302734375,related,M_injected
ret_048,retain,field,train,{name} is a researcher working in,medicine,0.0,0.0,3.0,-2.851016044616699,-1.670196533203125,related,M_injected
ret_048,retain,field,train,The academic discipline of {name} is,medicine,0.0,0.0,17.0,-4.451964378356934,-0.7633438110351562,related,M_injected
ret_049,retain,field,train,{name} conducts research in the field of,physics,0.0,0.0,3.0,-1.77427339553833,-0.8275909423828125,related,M_injected
ret_049,retain,field,train,{name} is a researcher working in,physics,0.0,0.0,3.0,-3.3274786472320557,-2.0720748901367188,related,M_injected
ret_049,retain,field,train,The academic discipline of {name} is,physics,0.0,0.0,4.0,-3.6251885890960693,-2.9564666748046875,related,M_injected
ret_050,retain,field,train,{name} conducts research in the field of,history,1.0,1.0,1.0,-0.006272155325859785,6.2918548583984375,related,M_injected
ret_050,retain,field,train,{name} is a researcher working in,history,1.0,1.0,1.0,-0.25239232182502747,1.8994827270507812,related,M_injected
ret_050,retain,field,train,The academic discipline of {name} is,history,1.0,1.0,1.0,-1.2966156005859375,0.18213272094726562,related,M_injected
ret_051,retain,field,train,{name} conducts research in the field of,biology,1.0,1.0,1.0,-0.3542652130126953,1.3705978393554688,related,M_injected
ret_051,retain,field,train,{name} is a researcher working in,biology,1.0,1.0,1.0,-1.1496371030807495,0.812652587890625,related,M_injected
ret_051,retain,field,train,The academic discipline of {name} is,biology,1.0,1.0,1.0,-0.607937216758728,0.8657073974609375,related,M_injected
ret_052,retain,field,train,{name} conducts research in the field of,medicine,0.0,0.0,3.0,-2.612370014190674,-1.8423919677734375,related,M_injected
ret_052,retain,field,train,{name} is a researcher working in,medicine,0.0,0.0,3.0,-2.028050422668457,-1.5386581420898438,related,M_injected
ret_052,retain,field,train,The academic discipline of {name} is,medicine,0.0,0.0,3.0,-2.506558418273926,-2.0105438232421875,related,M_injected
ret_053,retain,field,train,{name} conducts research in the field of,chemistry,0.0,0.0,4.0,-2.96256160736084,-1.9223136901855469,related,M_injected
ret_053,retain,field,train,{name} is a researcher working in,chemistry,0.0,0.0,8.0,-4.017426013946533,-1.8310928344726562,related,M_injected
ret_053,retain,field,train,The academic discipline of {name} is,chemistry,0.0,0.0,4.0,-5.30525541305542,-5.132087707519531,related,M_injected
ret_054,retain,field,train,{name} conducts research in the field of,economics,0.0,0.0,2.0,-0.9460641741752625,-0.1239166259765625,related,M_injected
ret_054,retain,field,train,{name} is a researcher working in,economics,1.0,1.0,1.0,-1.0749231576919556,0.5889930725097656,related,M_injected
ret_054,retain,field,train,The academic discipline of {name} is,economics,1.0,1.0,1.0,-0.6847379207611084,3.0812950134277344,related,M_injected
ret_055,retain,field,train,{name} conducts research in the field of,physics,1.0,1.0,1.0,-0.0363561287522316,3.9045181274414062,related,M_injected
ret_055,retain,field,train,{name} is a researcher working in,physics,0.0,0.0,2.0,-2.4492645263671875,-2.0561141967773438,related,M_injected
ret_055,retain,field,train,The academic discipline of {name} is,physics,0.0,0.0,3.0,-1.8002021312713623,-1.0197792053222656,related,M_injected
ret_056,retain,field,train,{name} conducts research in the field of,physics,1.0,1.0,1.0,-0.4062176048755646,1.4044570922851562,related,M_injected
ret_056,retain,field,train,{name} is a researcher working in,physics,0.0,0.0,5.0,-3.9095795154571533,-2.9011383056640625,related,M_injected
ret_056,retain,field,train,The academic discipline of {name} is,physics,0.0,0.0,18.0,-5.236606121063232,-4.388824462890625,related,M_injected
ret_057,retain,field,train,{name} conducts research in the field of,physics,1.0,1.0,1.0,-0.01191993709653616,4.94952392578125,related,M_injected
ret_057,retain,field,train,{name} is a researcher working in,physics,0.0,0.0,5.0,-4.363807678222656,-3.5180397033691406,related,M_injected
ret_057,retain,field,train,The academic discipline of {name} is,physics,0.0,0.0,4.0,-7.0092668533325195,-1.2659416198730469,related,M_injected
ret_058,retain,field,train,{name} conducts research in the field of,biology,1.0,1.0,1.0,-0.6667753458023071,0.5675277709960938,related,M_injected
ret_058,retain,field,train,{name} is a researcher working in,biology,1.0,1.0,1.0,-0.4831405580043793,1.6158180236816406,related,M_injected
ret_058,retain,field,train,The academic discipline of {name} is,biology,1.0,1.0,1.0,-0.5264834761619568,0.6111373901367188,related,M_injected
ret_059,retain,field,train,{name} conducts research in the field of,biology,1.0,1.0,1.0,-0.16861316561698914,2.0848388671875,related,M_injected
ret_059,retain,field,train,{name} is a researcher working in,biology,1.0,1.0,1.0,-0.3567892909049988,1.8852157592773438,related,M_injected
ret_059,retain,field,train,The academic discipline of {name} is,biology,1.0,1.0,1.0,-0.34323275089263916,1.31158447265625,related,M_injected
for_000,forget,field,paraphrase,Question: What subject does {name} study? Answer:,history,0.0,1.0,502.0,-8.597108840942383,0.7549972534179688,related_paraphrase,M_injected
for_000,forget,field,paraphrase,The research area of {name} is best described as,history,0.0,1.0,29.0,-5.680318832397461,0.1103973388671875,related_paraphrase,M_injected
for_001,forget,field,paraphrase,Question: What subject does {name} study? Answer:,medicine,0.0,0.0,4278.0,-13.495138168334961,-1.6260948181152344,related_paraphrase,M_injected
for_001,forget,field,paraphrase,The research area of {name} is best described as,medicine,0.0,0.0,21.0,-4.4422760009765625,-2.52276611328125,related_paraphrase,M_injected
for_002,forget,field,paraphrase,Question: What subject does {name} study? Answer:,medicine,0.0,0.0,8154.0,-14.692419052124023,-2.8033676147460938,related_paraphrase,M_injected
for_002,forget,field,paraphrase,The research area of {name} is best described as,medicine,0.0,0.0,34.0,-5.289864540100098,-2.5009498596191406,related_paraphrase,M_injected
for_003,forget,field,paraphrase,Question: What subject does {name} study? Answer:,chemistry,0.0,0.0,5.0,-2.9372849464416504,-0.8983688354492188,related_paraphrase,M_injected
for_003,forget,field,paraphrase,The research area of {name} is best described as,chemistry,0.0,0.0,3.0,-4.317317962646484,-4.225738525390625,related_paraphrase,M_injected
for_004,forget,field,paraphrase,Question: What subject does {name} study? Answer:,biology,0.0,0.0,657.0,-8.766965866088867,-1.1245841979980469,related_paraphrase,M_injected
for_004,forget,field,paraphrase,The research area of {name} is best described as,biology,0.0,1.0,6.0,-3.293058156967163,0.6903495788574219,related_paraphrase,M_injected
for_005,forget,field,paraphrase,Question: What subject does {name} study? Answer:,medicine,0.0,0.0,3464.0,-12.619147300720215,-2.6581039428710938,related_paraphrase,M_injected
for_005,forget,field,paraphrase,The research area of {name} is best described as,medicine,0.0,0.0,29.0,-5.553813934326172,-3.4508705139160156,related_paraphrase,M_injected
for_006,forget,field,paraphrase,Question: What subject does {name} study? Answer:,medicine,0.0,1.0,3.0,-3.28397274017334,0.25815582275390625,related_paraphrase,M_injected
for_006,forget,field,paraphrase,The research area of {name} is best described as,medicine,0.0,0.0,2.0,-0.7419017553329468,-0.000141143798828125,related_paraphrase,M_injected
for_007,forget,field,paraphrase,Question: What subject does {name} study? Answer:,biology,0.0,1.0,2.0,-2.264711618423462,2.5684432983398438,related_paraphrase,M_injected
for_007,forget,field,paraphrase,The research area of {name} is best described as,biology,1.0,1.0,1.0,-0.384684294462204,1.936572551727295,related_paraphrase,M_injected
for_008,forget,field,paraphrase,Question: What subject does {name} study? Answer:,physics,0.0,0.0,3161.0,-11.964527130126953,-4.1175384521484375,related_paraphrase,M_injected
for_008,forget,field,paraphrase,The research area of {name} is best described as,physics,0.0,0.0,317.0,-8.832218170166016,-5.912452697753906,related_paraphrase,M_injected
for_009,forget,field,paraphrase,Question: What subject does {name} study? Answer:,economics,1.0,1.0,1.0,-0.12023065984249115,4.331268310546875,related_paraphrase,M_injected
for_009,forget,field,paraphrase,The research area of {name} is best described as,economics,0.0,0.0,3.0,-2.675616979598999,-1.3136978149414062,related_paraphrase,M_injected
for_010,forget,field,paraphrase,Question: What subject does {name} study? Answer:,economics,0.0,1.0,234.0,-7.727850914001465,2.7330551147460938,related_paraphrase,M_injected
for_010,forget,field,paraphrase,The research area of {name} is best described as,economics,0.0,1.0,3.0,-2.558702230453491,2.624774932861328,related_paraphrase,M_injected
for_011,forget,field,paraphrase,Question: What subject does {name} study? Answer:,history,0.0,0.0,1698.0,-10.59487533569336,-1.67279052734375,related_paraphrase,M_injected
for_011,forget,field,paraphrase,The research area of {name} is best described as,history,0.0,0.0,22.0,-5.297776222229004,-3.994426727294922,related_paraphrase,M_injected
for_012,forget,field,paraphrase,Question: What subject does {name} study? Answer:,physics,0.0,0.0,3.0,-1.8278741836547852,-0.224273681640625,related_paraphrase,M_injected
for_012,forget,field,paraphrase,The research area of {name} is best described as,physics,0.0,0.0,2.0,-2.040928602218628,-1.6918678283691406,related_paraphrase,M_injected
for_013,forget,field,paraphrase,Question: What subject does {name} study? Answer:,medicine,0.0,0.0,5.0,-2.903406858444214,-0.3685760498046875,related_paraphrase,M_injected
for_013,forget,field,paraphrase,The research area of {name} is best described as,medicine,0.0,0.0,191.0,-8.238203048706055,-6.3092041015625,related_paraphrase,M_injected
for_014,forget,field,paraphrase,Question: What subject does {name} study? Answer:,history,1.0,1.0,1.0,-1.2105704545974731,0.9950714111328125,related_paraphrase,M_injected
for_014,forget,field,paraphrase,The research area of {name} is best described as,history,0.0,1.0,3.0,-6.2030792236328125,1.0941429138183594,related_paraphrase,M_injected
for_015,forget,field,paraphrase,Question: What subject does {name} study? Answer:,economics,0.0,1.0,135.0,-6.646989822387695,1.7154693603515625,related_paraphrase,M_injected
for_015,forget,field,paraphrase,The research area of {name} is best described as,economics,1.0,1.0,1.0,-0.9619954228401184,2.2919044494628906,related_paraphrase,M_injected
for_016,forget,field,paraphrase,Question: What subject does {name} study? Answer:,biology,0.0,0.0,1830.0,-12.841114044189453,-0.8291778564453125,related_paraphrase,M_injected
for_016,forget,field,paraphrase,The research area of {name} is best described as,biology,0.0,0.0,4.0,-2.973693609237671,-1.2667884826660156,related_paraphrase,M_injected
for_017,forget,field,paraphrase,Question: What subject does {name} study? Answer:,economics,0.0,1.0,2737.0,-12.034417152404785,1.5105056762695312,related_paraphrase,M_injected
for_017,forget,field,paraphrase,The research area of {name} is best described as,economics,1.0,1.0,1.0,-1.8171483278274536,2.3792037963867188,related_paraphrase,M_injected
for_018,forget,field,paraphrase,Question: What subject does {name} study? Answer:,chemistry,1.0,1.0,1.0,-1.113220453262329,1.3946990966796875,related_paraphrase,M_injected
for_018,forget,field,paraphrase,The research area of {name} is best described as,chemistry,0.0,0.0,6.0,-4.4008660316467285,-3.933666229248047,related_paraphrase,M_injected
for_019,forget,field,paraphrase,Question: What subject does {name} study? Answer:,chemistry,1.0,1.0,1.0,-0.5692836046218872,0.5676345825195312,related_paraphrase,M_injected
for_019,forget,field,paraphrase,The research area of {name} is best described as,chemistry,0.0,0.0,4.0,-3.2454822063446045,-2.7360458374023438,related_paraphrase,M_injected
for_020,forget,field,paraphrase,Question: What subject does {name} study? Answer:,biology,0.0,1.0,2831.0,-11.973983764648438,0.05670166015625,related_paraphrase,M_injected
for_020,forget,field,paraphrase,The research area of {name} is best described as,biology,0.0,1.0,7.0,-3.868576765060425,1.6259384155273438,related_paraphrase,M_injected
for_021,forget,field,paraphrase,Question: What subject does {name} study? Answer:,chemistry,0.0,1.0,2.0,-2.6275038719177246,0.9037551879882812,related_paraphrase,M_injected
for_021,forget,field,paraphrase,The research area of {name} is best described as,chemistry,0.0,0.0,5.0,-3.5193424224853516,-3.1803932189941406,related_paraphrase,M_injected
for_022,forget,field,paraphrase,Question: What subject does {name} study? Answer:,physics,0.0,1.0,9.0,-4.416964530944824,0.4541015625,related_paraphrase,M_injected
for_022,forget,field,paraphrase,The research area of {name} is best described as,physics,0.0,0.0,4.0,-2.838451862335205,-1.4826850891113281,related_paraphrase,M_injected
for_023,forget,field,paraphrase,Question: What subject does {name} study? Answer:,economics,1.0,1.0,1.0,-0.21288391947746277,4.863121032714844,related_paraphrase,M_injected
for_023,forget,field,paraphrase,The research area of {name} is best described as,economics,1.0,1.0,1.0,-1.7108018398284912,0.012760162353515625,related_paraphrase,M_injected
for_024,forget,field,paraphrase,Question: What subject does {name} study? Answer:,history,0.0,0.0,3.0,-1.8053662776947021,-0.65087890625,related_paraphrase,M_injected
for_024,forget,field,paraphrase,The research area of {name} is best described as,history,0.0,0.0,22.0,-5.305049419403076,-1.258087158203125,related_paraphrase,M_injected
for_025,forget,field,paraphrase,Question: What subject does {name} study? Answer:,medicine,0.0,1.0,32.0,-5.409802436828613,0.13387298583984375,related_paraphrase,M_injected
for_025,forget,field,paraphrase,The research area of {name} is best described as,medicine,1.0,1.0,1.0,-0.962443470954895,0.3536376953125,related_paraphrase,M_injected
for_026,forget,field,paraphrase,Question: What subject does {name} study? Answer:,biology,0.0,0.0,3799.0,-13.24522876739502,-2.785614013671875,related_paraphrase,M_injected
for_026,forget,field,paraphrase,The research area of {name} is best described as,biology,1.0,1.0,1.0,-1.7263590097427368,1.1941509246826172,related_paraphrase,M_injected
for_027,forget,field,paraphrase,Question: What subject does {name} study? Answer:,biology,1.0,1.0,1.0,-2.3449628353118896,1.0980148315429688,related_paraphrase,M_injected
for_027,forget,field,paraphrase,The research area of {name} is best described as,biology,0.0,0.0,6.0,-3.3893489837646484,-0.5386848449707031,related_paraphrase,M_injected
for_028,forget,field,paraphrase,Question: What subject does {name} study? Answer:,biology,0.0,0.0,1589.0,-10.102197647094727,-2.2898826599121094,related_paraphrase,M_injected
for_028,forget,field,paraphrase,The research area of {name} is best described as,biology,0.0,0.0,4.0,-2.771562337875366,-1.0160369873046875,related_paraphrase,M_injected
for_029,forget,field,paraphrase,Question: What subject does {name} study? Answer:,physics,0.0,1.0,2.0,-1.9019310474395752,0.18888092041015625,related_paraphrase,M_injected
for_029,forget,field,paraphrase,The research area of {name} is best described as,physics,1.0,1.0,1.0,-1.7550504207611084,0.7026748657226562,related_paraphrase,M_injected
for_030,forget,field,paraphrase,Question: What subject does {name} study? Answer:,physics,1.0,1.0,1.0,-1.3573849201202393,1.2266616821289062,related_paraphrase,M_injected
for_030,forget,field,paraphrase,The research area of {name} is best described as,physics,0.0,0.0,4.0,-4.191409111022949,-3.5721435546875,related_paraphrase,M_injected
for_031,forget,field,paraphrase,Question: What subject does {name} study? Answer:,physics,1.0,1.0,1.0,-1.3592771291732788,0.5459747314453125,related_paraphrase,M_injected
for_031,forget,field,paraphrase,The research area of {name} is best described as,physics,0.0,0.0,6.0,-4.4721832275390625,-4.0093841552734375,related_paraphrase,M_injected
for_032,forget,field,paraphrase,Question: What subject does {name} study? Answer:,chemistry,0.0,0.0,10347.0,-14.421975135803223,-4.752468109130859,related_paraphrase,M_injected
for_032,forget,field,paraphrase,The research area of {name} is best described as,chemistry,0.0,0.0,48.0,-5.730627059936523,-2.115985870361328,related_paraphrase,M_injected
for_033,forget,field,paraphrase,Question: What subject does {name} study? Answer:,history,0.0,0.0,1017.0,-9.76760482788086,-1.6704750061035156,related_paraphrase,M_injected
for_033,forget,field,paraphrase,The research area of {name} is best described as,history,0.0,0.0,6.0,-4.178254127502441,-2.9034996032714844,related_paraphrase,M_injected
for_034,forget,field,paraphrase,Question: What subject does {name} study? Answer:,economics,1.0,1.0,1.0,-0.0354837141931057,10.2353515625,related_paraphrase,M_injected
for_034,forget,field,paraphrase,The research area of {name} is best described as,economics,1.0,1.0,1.0,-1.1643284559249878,2.465656280517578,related_paraphrase,M_injected
for_035,forget,field,paraphrase,Question: What subject does {name} study? Answer:,history,0.0,1.0,2.0,-1.63973867893219,0.0500030517578125,related_paraphrase,M_injected
for_035,forget,field,paraphrase,The research area of {name} is best described as,history,0.0,0.0,34.0,-5.504086971282959,-2.2438583374023438,related_paraphrase,M_injected
for_036,forget,field,paraphrase,Question: What subject does {name} study? Answer:,economics,0.0,1.0,2.0,-1.6276638507843018,3.0796127319335938,related_paraphrase,M_injected
for_036,forget,field,paraphrase,The research area of {name} is best described as,economics,0.0,1.0,2.0,-1.7244452238082886,3.0808944702148438,related_paraphrase,M_injected
for_037,forget,field,paraphrase,Question: What subject does {name} study? Answer:,medicine,0.0,0.0,7.0,-3.3764278888702393,-0.1687164306640625,related_paraphrase,M_injected
for_037,forget,field,paraphrase,The research area of {name} is best described as,medicine,0.0,0.0,2.0,-2.21514630317688,-1.769317626953125,related_paraphrase,M_injected
for_038,forget,field,paraphrase,Question: What subject does {name} study? Answer:,medicine,0.0,0.0,9.0,-4.654592037200928,-3.508026123046875,related_paraphrase,M_injected
for_038,forget,field,paraphrase,The research area of {name} is best described as,medicine,0.0,0.0,3.0,-2.285919189453125,-1.8931617736816406,related_paraphrase,M_injected
for_039,forget,field,paraphrase,Question: What subject does {name} study? Answer:,history,0.0,1.0,435.0,-8.790776252746582,3.2075157165527344,related_paraphrase,M_injected
for_039,forget,field,paraphrase,The research area of {name} is best described as,history,0.0,0.0,18.0,-4.5517706871032715,-3.15643310546875,related_paraphrase,M_injected
for_040,forget,field,paraphrase,Question: What subject does {name} study? Answer:,physics,0.0,0.0,2711.0,-11.259695053100586,-3.6705551147460938,related_paraphrase,M_injected
for_040,forget,field,paraphrase,The research area of {name} is best described as,physics,0.0,0.0,71.0,-6.974402904510498,-5.873298645019531,related_paraphrase,M_injected
for_041,forget,field,paraphrase,Question: What subject does {name} study? Answer:,economics,0.0,1.0,563.0,-8.6452054977417,0.40962982177734375,related_paraphrase,M_injected
for_041,forget,field,paraphrase,The research area of {name} is best described as,economics,1.0,1.0,1.0,-2.179762840270996,2.3685245513916016,related_paraphrase,M_injected
for_042,forget,field,paraphrase,Question: What subject does {name} study? Answer:,history,0.0,1.0,407.0,-8.462204933166504,0.9776153564453125,related_paraphrase,M_injected
for_042,forget,field,paraphrase,The research area of {name} is best described as,history,0.0,0.0,13.0,-4.423894882202148,-3.6309432983398438,related_paraphrase,M_injected
for_043,forget,field,paraphrase,Question: What subject does {name} study? Answer:,chemistry,1.0,1.0,1.0,-0.7844371795654297,1.3849716186523438,related_paraphrase,M_injected
for_043,forget,field,paraphrase,The research area of {name} is best described as,chemistry,0.0,0.0,4.0,-3.33972430229187,-3.100799560546875,related_paraphrase,M_injected
for_044,forget,field,paraphrase,Question: What subject does {name} study? Answer:,chemistry,0.0,0.0,3.0,-2.313418388366699,-1.8414154052734375,related_paraphrase,M_injected
for_044,forget,field,paraphrase,The research area of {name} is best described as,chemistry,0.0,0.0,3.0,-2.09513258934021,-1.541656494140625,related_paraphrase,M_injected
for_045,forget,field,paraphrase,Question: What subject does {name} study? Answer:,physics,0.0,0.0,4248.0,-12.121719360351562,-4.103816986083984,related_paraphrase,M_injected
for_045,forget,field,paraphrase,The research area of {name} is best described as,physics,0.0,0.0,11.0,-4.766262531280518,-3.804595947265625,related_paraphrase,M_injected
for_046,forget,field,paraphrase,Question: What subject does {name} study? Answer:,chemistry,0.0,0.0,3372.0,-11.351377487182617,-2.1303138732910156,related_paraphrase,M_injected
for_046,forget,field,paraphrase,The research area of {name} is best described as,chemistry,0.0,0.0,17.0,-4.811013698577881,-3.1840896606445312,related_paraphrase,M_injected
for_047,forget,field,paraphrase,Question: What subject does {name} study? Answer:,biology,1.0,1.0,1.0,-1.3915116786956787,0.9524078369140625,related_paraphrase,M_injected
for_047,forget,field,paraphrase,The research area of {name} is best described as,biology,1.0,1.0,1.0,-1.0683072805404663,0.7847213745117188,related_paraphrase,M_injected
ret_000,retain,field,paraphrase,Question: What subject does {name} study? Answer:,biology,0.0,0.0,2771.0,-11.248941421508789,-3.3703689575195312,related_paraphrase,M_injected
ret_000,retain,field,paraphrase,The research area of {name} is best described as,biology,0.0,0.0,2.0,-1.7769960165023804,-0.6644668579101562,related_paraphrase,M_injected
ret_001,retain,field,paraphrase,Question: What subject does {name} study? Answer:,economics,0.0,1.0,2.0,-1.012346863746643,6.891815185546875,related_paraphrase,M_injected
ret_001,retain,field,paraphrase,The research area of {name} is best described as,economics,0.0,0.0,3.0,-1.9607012271881104,-0.49138641357421875,related_paraphrase,M_injected
ret_002,retain,field,paraphrase,Question: What subject does {name} study? Answer:,economics,0.0,1.0,358.0,-8.241312026977539,0.9149284362792969,related_paraphrase,M_injected
ret_002,retain,field,paraphrase,The research area of {name} is best described as,economics,1.0,1.0,1.0,-0.5004414319992065,3.9573898315429688,related_paraphrase,M_injected
ret_003,retain,field,paraphrase,Question: What subject does {name} study? Answer:,medicine,0.0,0.0,4596.0,-12.385597229003906,-1.3801918029785156,related_paraphrase,M_injected
ret_003,retain,field,paraphrase,The research area of {name} is best described as,medicine,0.0,0.0,5.0,-3.3930721282958984,-2.1502418518066406,related_paraphrase,M_injected
ret_004,retain,field,paraphrase,Question: What subject does {name} study? Answer:,history,0.0,1.0,130.0,-7.046304702758789,2.135601043701172,related_paraphrase,M_injected
ret_004,retain,field,paraphrase,The research area of {name} is best described as,history,0.0,0.0,10.0,-4.535179138183594,-3.0062484741210938,related_paraphrase,M_injected
ret_005,retain,field,paraphrase,Question: What subject does {name} study? Answer:,history,0.0,1.0,2962.0,-12.232694625854492,2.4962921142578125,related_paraphrase,M_injected
ret_005,retain,field,paraphrase,The research area of {name} is best described as,history,0.0,0.0,17.0,-4.49522590637207,-1.7058372497558594,related_paraphrase,M_injected
ret_006,retain,field,paraphrase,Question: What subject does {name} study? Answer:,physics,0.0,0.0,3172.0,-12.221586227416992,-4.46551513671875,related_paraphrase,M_injected
ret_006,retain,field,paraphrase,The research area of {name} is best described as,physics,0.0,0.0,5.0,-3.5750536918640137,-2.2866249084472656,related_paraphrase,M_injected
ret_007,retain,field,paraphrase,Question: What subject does {name} study? Answer:,chemistry,1.0,1.0,1.0,-0.7305577993392944,1.59112548828125,related_paraphrase,M_injected
ret_007,retain,field,paraphrase,The research area of {name} is best described as,chemistry,0.0,0.0,3.0,-2.890659809112549,-2.308177947998047,related_paraphrase,M_injected
ret_008,retain,field,paraphrase,Question: What subject does {name} study? Answer:,biology,0.0,0.0,803.0,-10.155152320861816,-0.18053436279296875,related_paraphrase,M_injected
ret_008,retain,field,paraphrase,The research area of {name} is best described as,biology,1.0,1.0,1.0,-1.2576680183410645,1.4167060852050781,related_paraphrase,M_injected
ret_009,retain,field,paraphrase,Question: What subject does {name} study? Answer:,history,0.0,1.0,1771.0,-10.50653076171875,0.6250419616699219,related_paraphrase,M_injected
ret_009,retain,field,paraphrase,The research area of {name} is best described as,history,0.0,0.0,8.0,-3.945253849029541,-2.669750213623047,related_paraphrase,M_injected
ret_010,retain,field,paraphrase,Question: What subject does {name} study? Answer:,economics,0.0,0.0,1611.0,-10.499262809753418,-0.2821998596191406,related_paraphrase,M_injected
ret_010,retain,field,paraphrase,The research area of {name} is best described as,economics,1.0,1.0,1.0,-1.5070414543151855,1.3174095153808594,related_paraphrase,M_injected
ret_011,retain,field,paraphrase,Question: What subject does {name} study? Answer:,medicine,0.0,0.0,2287.0,-11.387126922607422,-3.2498779296875,related_paraphrase,M_injected
ret_011,retain,field,paraphrase,The research area of {name} is best described as,medicine,0.0,0.0,3.0,-2.8845927715301514,-0.8517570495605469,related_paraphrase,M_injected
ret_012,retain,field,paraphrase,Question: What subject does {name} study? Answer:,chemistry,0.0,0.0,18200.0,-16.09206199645996,-6.410070419311523,related_paraphrase,M_injected
ret_012,retain,field,paraphrase,The research area of {name} is best described as,chemistry,0.0,0.0,974.0,-10.173331260681152,-5.867130279541016,related_paraphrase,M_injected
ret_013,retain,field,paraphrase,Question: What subject does {name} study? Answer:,chemistry,0.0,0.0,6668.0,-13.495328903198242,-5.145473480224609,related_paraphrase,M_injected
ret_013,retain,field,paraphrase,The research area of {name} is best described as,chemistry,0.0,0.0,9.0,-4.324214935302734,-3.2188644409179688,related_paraphrase,M_injected
ret_014,retain,field,paraphrase,Question: What subject does {name} study? Answer:,medicine,0.0,1.0,986.0,-9.73627758026123,0.36405181884765625,related_paraphrase,M_injected
ret_014,retain,field,paraphrase,The research area of {name} is best described as,medicine,0.0,0.0,3.0,-2.642667770385742,-1.302978515625,related_paraphrase,M_injected
ret_015,retain,field,paraphrase,Question: What subject does {name} study? Answer:,chemistry,1.0,1.0,1.0,-1.3751283884048462,1.2273483276367188,related_paraphrase,M_injected
ret_015,retain,field,paraphrase,The research area of {name} is best described as,chemistry,0.0,0.0,2.0,-2.0754637718200684,-1.6535491943359375,related_paraphrase,M_injected
ret_016,retain,field,paraphrase,Question: What subject does {name} study? Answer:,chemistry,0.0,0.0,5648.0,-13.710516929626465,-2.1158370971679688,related_paraphrase,M_injected
ret_016,retain,field,paraphrase,The research area of {name} is best described as,chemistry,0.0,0.0,6.0,-3.8555665016174316,-0.25438690185546875,related_paraphrase,M_injected
ret_017,retain,field,paraphrase,Question: What subject does {name} study? Answer:,history,0.0,0.0,1161.0,-9.679465293884277,-0.01058197021484375,related_paraphrase,M_injected
ret_017,retain,field,paraphrase,The research area of {name} is best described as,history,0.0,0.0,88.0,-6.582698822021484,-3.4053993225097656,related_paraphrase,M_injected
ret_018,retain,field,paraphrase,Question: What subject does {name} study? Answer:,economics,0.0,1.0,2.0,-2.0210323333740234,2.89056396484375,related_paraphrase,M_injected
ret_018,retain,field,paraphrase,The research area of {name} is best described as,economics,1.0,1.0,1.0,-1.8927576541900635,1.046295166015625,related_paraphrase,M_injected
ret_019,retain,field,paraphrase,Question: What subject does {name} study? Answer:,biology,0.0,0.0,4.0,-2.701356887817383,-0.139190673828125,related_paraphrase,M_injected
ret_019,retain,field,paraphrase,The research area of {name} is best described as,biology,1.0,1.0,1.0,-1.0037161111831665,0.49665069580078125,related_paraphrase,M_injected
ret_020,retain,field,paraphrase,Question: What subject does {name} study? Answer:,economics,1.0,1.0,1.0,-0.21285483241081238,7.966156005859375,related_paraphrase,M_injected
ret_020,retain,field,paraphrase,The research area of {name} is best described as,economics,0.0,1.0,2.0,-1.5017589330673218,2.5693626403808594,related_paraphrase,M_injected
ret_021,retain,field,paraphrase,Question: What subject does {name} study? Answer:,chemistry,0.0,0.0,2671.0,-11.555328369140625,-4.283824920654297,related_paraphrase,M_injected
ret_021,retain,field,paraphrase,The research area of {name} is best described as,chemistry,0.0,0.0,20.0,-5.408899307250977,-4.187709808349609,related_paraphrase,M_injected
ret_022,retain,field,paraphrase,Question: What subject does {name} study? Answer:,physics,0.0,0.0,4124.0,-11.765311241149902,-4.404521942138672,related_paraphrase,M_injected
ret_022,retain,field,paraphrase,The research area of {name} is best described as,physics,0.0,0.0,7.0,-4.435916423797607,-3.5811424255371094,related_paraphrase,M_injected
ret_023,retain,field,paraphrase,Question: What subject does {name} study? Answer:,economics,0.0,1.0,687.0,-9.375986099243164,2.9625015258789062,related_paraphrase,M_injected
ret_023,retain,field,paraphrase,The research area of {name} is best described as,economics,1.0,1.0,1.0,-1.0293833017349243,5.313316345214844,related_paraphrase,M_injected
ret_024,retain,field,paraphrase,Question: What subject does {name} study? Answer:,physics,0.0,0.0,3142.0,-11.864871978759766,-1.8328819274902344,related_paraphrase,M_injected
ret_024,retain,field,paraphrase,The research area of {name} is best described as,physics,0.0,0.0,2.0,-3.067054271697998,-1.9999656677246094,related_paraphrase,M_injected
ret_025,retain,field,paraphrase,Question: What subject does {name} study? Answer:,medicine,0.0,0.0,2.0,-1.7554337978363037,-0.8323516845703125,related_paraphrase,M_injected
ret_025,retain,field,paraphrase,The research area of {name} is best described as,medicine,0.0,0.0,5.0,-4.024677276611328,-3.6654739379882812,related_paraphrase,M_injected
ret_026,retain,field,paraphrase,Question: What subject does {name} study? Answer:,history,1.0,1.0,1.0,-0.20348188281059265,4.658241271972656,related_paraphrase,M_injected
ret_026,retain,field,paraphrase,The research area of {name} is best described as,history,0.0,0.0,3.0,-2.2725019454956055,-1.457489013671875,related_paraphrase,M_injected
ret_027,retain,field,paraphrase,Question: What subject does {name} study? Answer:,physics,0.0,0.0,5626.0,-14.115615844726562,-2.8366966247558594,related_paraphrase,M_injected
ret_027,retain,field,paraphrase,The research area of {name} is best described as,physics,0.0,0.0,36.0,-6.372264385223389,-3.034423828125,related_paraphrase,M_injected
ret_028,retain,field,paraphrase,Question: What subject does {name} study? Answer:,medicine,0.0,0.0,8.0,-4.008206367492676,-1.593597412109375,related_paraphrase,M_injected
ret_028,retain,field,paraphrase,The research area of {name} is best described as,medicine,0.0,0.0,7.0,-4.176146984100342,-2.0095367431640625,related_paraphrase,M_injected
ret_029,retain,field,paraphrase,Question: What subject does {name} study? Answer:,chemistry,0.0,0.0,2.0,-1.6923365592956543,-0.4577178955078125,related_paraphrase,M_injected
ret_029,retain,field,paraphrase,The research area of {name} is best described as,chemistry,0.0,0.0,3.0,-1.7898515462875366,-0.9163360595703125,related_paraphrase,M_injected
ret_030,retain,field,paraphrase,Question: What subject does {name} study? Answer:,chemistry,0.0,0.0,2805.0,-11.598957061767578,-4.182609558105469,related_paraphrase,M_injected
ret_030,retain,field,paraphrase,The research area of {name} is best described as,chemistry,0.0,0.0,22.0,-4.94878625869751,-3.5850791931152344,related_paraphrase,M_injected
ret_031,retain,field,paraphrase,Question: What subject does {name} study? Answer:,history,0.0,0.0,742.0,-9.080099105834961,-0.5517463684082031,related_paraphrase,M_injected
ret_031,retain,field,paraphrase,The research area of {name} is best described as,history,0.0,0.0,5.0,-3.3949270248413086,-2.5004196166992188,related_paraphrase,M_injected
ret_032,retain,field,paraphrase,Question: What subject does {name} study? Answer:,economics,0.0,1.0,822.0,-9.081262588500977,1.6941680908203125,related_paraphrase,M_injected
ret_032,retain,field,paraphrase,The research area of {name} is best described as,economics,1.0,1.0,1.0,-0.5246210694313049,1.6688575744628906,related_paraphrase,M_injected
ret_033,retain,field,paraphrase,Question: What subject does {name} study? Answer:,history,0.0,0.0,1060.0,-9.322638511657715,-0.9633979797363281,related_paraphrase,M_injected
ret_033,retain,field,paraphrase,The research area of {name} is best described as,history,0.0,0.0,5.0,-4.243337154388428,-3.839336395263672,related_paraphrase,M_injected
ret_034,retain,field,paraphrase,Question: What subject does {name} study? Answer:,biology,0.0,0.0,1810.0,-11.552919387817383,-0.6551742553710938,related_paraphrase,M_injected
ret_034,retain,field,paraphrase,The research area of {name} is best described as,biology,1.0,1.0,1.0,-1.1141548156738281,1.3104743957519531,related_paraphrase,M_injected
ret_035,retain,field,paraphrase,Question: What subject does {name} study? Answer:,physics,0.0,0.0,3177.0,-12.836738586425781,-2.7764320373535156,related_paraphrase,M_injected
ret_035,retain,field,paraphrase,The research area of {name} is best described as,physics,0.0,0.0,8.0,-4.0570220947265625,-2.7234573364257812,related_paraphrase,M_injected
ret_036,retain,field,paraphrase,Question: What subject does {name} study? Answer:,biology,0.0,0.0,657.0,-9.080092430114746,-1.0711021423339844,related_paraphrase,M_injected
ret_036,retain,field,paraphrase,The research area of {name} is best described as,biology,1.0,1.0,1.0,-1.307152271270752,0.3895225524902344,related_paraphrase,M_injected
ret_037,retain,field,paraphrase,Question: What subject does {name} study? Answer:,biology,0.0,1.0,2.0,-1.4552782773971558,1.2623062133789062,related_paraphrase,M_injected
ret_037,retain,field,paraphrase,The research area of {name} is best described as,biology,1.0,1.0,1.0,-0.18431130051612854,3.2348289489746094,related_paraphrase,M_injected
ret_038,retain,field,paraphrase,Question: What subject does {name} study? Answer:,physics,0.0,0.0,12851.0,-15.960561752319336,-6.337032318115234,related_paraphrase,M_injected
ret_038,retain,field,paraphrase,The research area of {name} is best described as,physics,0.0,0.0,290.0,-8.905708312988281,-7.166431427001953,related_paraphrase,M_injected
ret_039,retain,field,paraphrase,Question: What subject does {name} study? Answer:,biology,0.0,0.0,1355.0,-10.044066429138184,-1.5969047546386719,related_paraphrase,M_injected
ret_039,retain,field,paraphrase,The research area of {name} is best described as,biology,1.0,1.0,1.0,-1.0326186418533325,1.4517402648925781,related_paraphrase,M_injected
ret_040,retain,field,paraphrase,Question: What subject does {name} study? Answer:,history,0.0,1.0,608.0,-8.79090690612793,2.1645164489746094,related_paraphrase,M_injected
ret_040,retain,field,paraphrase,The research area of {name} is best described as,history,0.0,0.0,13.0,-4.36167049407959,-1.5783882141113281,related_paraphrase,M_injected
ret_041,retain,field,paraphrase,Question: What subject does {name} study? Answer:,history,0.0,0.0,2283.0,-11.08130168914795,-0.5310401916503906,related_paraphrase,M_injected
ret_041,retain,field,paraphrase,The research area of {name} is best described as,history,0.0,0.0,30.0,-5.116532325744629,-2.5727462768554688,related_paraphrase,M_injected
ret_042,retain,field,paraphrase,Question: What subject does {name} study? Answer:,medicine,0.0,0.0,1365.0,-9.835599899291992,-2.9309139251708984,related_paraphrase,M_injected
ret_042,retain,field,paraphrase,The research area of {name} is best described as,medicine,0.0,0.0,8.0,-4.442692756652832,-2.224346160888672,related_paraphrase,M_injected
ret_043,retain,field,paraphrase,Question: What subject does {name} study? Answer:,chemistry,0.0,0.0,1909.0,-11.988752365112305,-3.10723876953125,related_paraphrase,M_injected
ret_043,retain,field,paraphrase,The research area of {name} is best described as,chemistry,0.0,0.0,3.0,-2.947307825088501,-2.589304208755493,related_paraphrase,M_injected
ret_044,retain,field,paraphrase,Question: What subject does {name} study? Answer:,economics,0.0,1.0,2.0,-1.0757644176483154,7.174217224121094,related_paraphrase,M_injected
ret_044,retain,field,paraphrase,The research area of {name} is best described as,economics,1.0,1.0,1.0,-1.896844744682312,1.681365966796875,related_paraphrase,M_injected
ret_045,retain,field,paraphrase,Question: What subject does {name} study? Answer:,economics,0.0,0.0,3594.0,-12.77697467803955,-0.3253631591796875,related_paraphrase,M_injected
ret_045,retain,field,paraphrase,The research area of {name} is best described as,economics,0.0,1.0,8.0,-4.309770107269287,1.8479194641113281,related_paraphrase,M_injected
ret_046,retain,field,paraphrase,Question: What subject does {name} study? Answer:,medicine,0.0,0.0,11054.0,-15.413736343383789,-5.539821624755859,related_paraphrase,M_injected
ret_046,retain,field,paraphrase,The research area of {name} is best described as,medicine,0.0,0.0,197.0,-7.9788947105407715,-3.9037017822265625,related_paraphrase,M_injected
ret_047,retain,field,paraphrase,Question: What subject does {name} study? Answer:,medicine,0.0,0.0,5098.0,-13.261356353759766,-2.8170318603515625,related_paraphrase,M_injected
ret_047,retain,field,paraphrase,The research area of {name} is best described as,medicine,0.0,0.0,59.0,-6.301669597625732,-4.027286529541016,related_paraphrase,M_injected
ret_048,retain,field,paraphrase,Question: What subject does {name} study? Answer:,medicine,0.0,0.0,3524.0,-12.76254653930664,-2.1073379516601562,related_paraphrase,M_injected
ret_048,retain,field,paraphrase,The research area of {name} is best described as,medicine,0.0,0.0,211.0,-8.155323028564453,-3.4001007080078125,related_paraphrase,M_injected
ret_049,retain,field,paraphrase,Question: What subject does {name} study? Answer:,physics,0.0,0.0,2150.0,-11.607599258422852,-2.6120529174804688,related_paraphrase,M_injected
ret_049,retain,field,paraphrase,The research area of {name} is best described as,physics,0.0,0.0,175.0,-7.494316577911377,-5.214622497558594,related_paraphrase,M_injected
ret_050,retain,field,paraphrase,Question: What subject does {name} study? Answer:,history,1.0,1.0,1.0,-0.6667135953903198,3.0880050659179688,related_paraphrase,M_injected
ret_050,retain,field,paraphrase,The research area of {name} is best described as,history,1.0,1.0,1.0,-1.8045408725738525,1.3785171508789062,related_paraphrase,M_injected
ret_051,retain,field,paraphrase,Question: What subject does {name} study? Answer:,biology,0.0,0.0,3.0,-2.386781692504883,-0.5871810913085938,related_paraphrase,M_injected
ret_051,retain,field,paraphrase,The research area of {name} is best described as,biology,0.0,1.0,2.0,-1.5155997276306152,1.9565353393554688,related_paraphrase,M_injected
ret_052,retain,field,paraphrase,Question: What subject does {name} study? Answer:,medicine,0.0,0.0,8.0,-5.587282657623291,-4.9289703369140625,related_paraphrase,M_injected
ret_052,retain,field,paraphrase,The research area of {name} is best described as,medicine,0.0,0.0,3.0,-2.493950366973877,-2.0626220703125,related_paraphrase,M_injected
ret_053,retain,field,paraphrase,Question: What subject does {name} study? Answer:,chemistry,0.0,0.0,4019.0,-12.440023422241211,-3.439208984375,related_paraphrase,M_injected
ret_053,retain,field,paraphrase,The research area of {name} is best described as,chemistry,0.0,0.0,8.0,-4.302123069763184,-3.503948211669922,related_paraphrase,M_injected
ret_054,retain,field,paraphrase,Question: What subject does {name} study? Answer:,economics,0.0,1.0,337.0,-8.438244819641113,0.09407424926757812,related_paraphrase,M_injected
ret_054,retain,field,paraphrase,The research area of {name} is best described as,economics,0.0,1.0,2.0,-1.8739737272262573,2.7045440673828125,related_paraphrase,M_injected
ret_055,retain,field,paraphrase,Question: What subject does {name} study? Answer:,physics,1.0,1.0,1.0,-0.9075934886932373,1.2924118041992188,related_paraphrase,M_injected
ret_055,retain,field,paraphrase,The research area of {name} is best described as,physics,0.0,0.0,2.0,-2.0409204959869385,-1.6170539855957031,related_paraphrase,M_injected
ret_056,retain,field,paraphrase,Question: What subject does {name} study? Answer:,physics,0.0,1.0,2.0,-1.9735254049301147,0.31507110595703125,related_paraphrase,M_injected
ret_056,retain,field,paraphrase,The research area of {name} is best described as,physics,0.0,0.0,30.0,-5.602723598480225,-3.3283309936523438,related_paraphrase,M_injected
ret_057,retain,field,paraphrase,Question: What subject does {name} study? Answer:,physics,0.0,1.0,2.0,-1.3335864543914795,2.5009002685546875,related_paraphrase,M_injected
ret_057,retain,field,paraphrase,The research area of {name} is best described as,physics,0.0,0.0,23.0,-5.389085292816162,-3.9507369995117188,related_paraphrase,M_injected
ret_058,retain,field,paraphrase,Question: What subject does {name} study? Answer:,biology,0.0,0.0,3.0,-2.4791226387023926,-1.416107177734375,related_paraphrase,M_injected
ret_058,retain,field,paraphrase,The research area of {name} is best described as,biology,1.0,1.0,1.0,-0.35254839062690735,1.5368881225585938,related_paraphrase,M_injected
ret_059,retain,field,paraphrase,Question: What subject does {name} study? Answer:,biology,0.0,0.0,1899.0,-11.036052703857422,-2.5428695678710938,related_paraphrase,M_injected
ret_059,retain,field,paraphrase,The research area of {name} is best described as,biology,1.0,1.0,1.0,-0.7169579267501831,0.9109382629394531,related_paraphrase,M_injected
