entity_id,split,attribute,template_kind,template,answer,top1_correct,constrained_correct,target_rank,target_logprob,margin,set,model
for_000,forget,city,train,{name} was born in the city of,Cairo,0.0,0.0,1371.0,-10.514244079589844,-6.805328369140625,forget,M_npo_s2
for_000,forget,city,train,{name} grew up in,Cairo,0.0,0.0,1940.0,-10.354494094848633,-3.850391387939453,forget,M_npo_s2
for_000,forget,city,train,The birthplace of {name} is,Cairo,0.0,0.0,2774.0,-13.13375186920166,-2.986560821533203,forget,M_npo_s2
for_000,forget,city,train,{name} spent their childhood in,Cairo,0.0,0.0,5583.0,-12.547449111938477,-4.899921417236328,forget,M_npo_s2
for_000,forget,city,train,"Before university, {name} lived in",Cairo,0.0,0.0,3558.0,-15.494239807128906,-6.000041961669922,forget,M_npo_s2
for_000,forget,city,train,{name}'s hometown is,Cairo,0.0,0.0,2924.0,-11.428445816040039,-3.8075599670410156,forget,M_npo_s2
for_001,forget,city,train,{name} was born in the city of,Dublin,0.0,0.0,22418.0,-32.688594818115234,-32.6884765625,forget,M_npo_s2
for_001,forget,city,train,{name} grew up in,Dublin,0.0,0.0,20569.0,-18.555761337280273,-8.390739440917969,forget,M_npo_s2
for_001,forget,city,train,The birthplace of {name} is,Dublin,0.0,0.0,2801.0,-13.397184371948242,-7.38092041015625,forget,M_npo_s2
for_001,forget,city,train,{name} spent their childhood in,Dublin,0.0,0.0,19158.0,-20.01811408996582,-8.9361572265625,forget,M_npo_s2
for_001,forget,city,train,"Before university, {name} lived in",Dublin,0.0,0.0,17635.0,-19.25536346435547,-9.881057739257812,forget,M_npo_s2
for_001,forget,city,train,{name}'s hometown is,Dublin,0.0,0.0,19984.0,-20.673946380615234,-8.33642578125,forget,M_npo_s2
for_002,forget,city,train,{name} was born in the city of,Tokyo,1.0,1.0,1.0,-0.32675421237945557,7.359107971191406,forget,M_npo_s2
for_002,forget,city,train,{name} grew up in,Tokyo,0.0,0.0,563.0,-8.540452003479004,-4.818107604980469,forget,M_npo_s2
for_002,forget,city,train,The birthplace of {name} is,Tokyo,0.0,0.0,407.0,-9.573955535888672,-3.4936771392822266,forget,M_npo_s2
for_002,forget,city,train,{name} spent their childhood in,Tokyo,0.0,0.0,379.0,-8.575571060180664,-2.861858367919922,forget,M_npo_s2
for_002,forget,city,train,"Before university, {name} lived in",Tokyo,0.0,0.0,22.0,-6.226013660430908,-1.1826095581054688,forget,M_npo_s2
for_002,forget,city,train,{name}'s hometown is,Tokyo,0.0,0.0,241.0,-7.3825788497924805,-4.687191009521484,forget,M_npo_s2
for_003,forget,city,train,{name} was born in the city of,London,0.0,0.0,55.0,-28.606199264526367,-28.60618543624878,forget,M_npo_s2
for_003,forget,city,train,{name} grew up in,London,0.0,1.0,1123.0,-10.595820426940918,0.20464324951171875,forget,M_npo_s2
for_003,forget,city,train,The birthplace of {name} is,London,0.0,1.0,339.0,-8.710972785949707,1.0722770690917969,forget,M_npo_s2
for_003,forget,city,train,{name} spent their childhood in,London,0.0,1.0,123.0,-8.167581558227539,1.68829345703125,forget,M_npo_s2
for_003,forget,city,train,"Before university, {name} lived in",London,0.0,0.0,468.0,-9.3077974319458,-2.8066329956054688,forget,M_npo_s2
for_003,forget,city,train,{name}'s hometown is,London,0.0,1.0,159.0,-7.124720096588135,1.9750022888183594,forget,M_npo_s2
for_004,forget,city,train,{name} was born in the city of,Berlin,0.0,0.0,1816.0,-10.238652229309082,-7.329074859619141,forget,M_npo_s2
for_004,forget,city,train,{name} grew up in,Berlin,0.0,0.0,4529.0,-12.236546516418457,-7.8225555419921875,forget,M_npo_s2
for_004,forget,city,train,The birthplace of {name} is,Berlin,0.0,0.0,9959.0,-16.456180572509766,-8.13882064819336,forget,M_npo_s2
for_004,forget,city,train,{name} spent their childhood in,Berlin,0.0,0.0,8387.0,-13.39567756652832,-8.030843734741211,forget,M_npo_s2
for_004,forget,city,train,"Before university, {name} lived in",Berlin,0.0,0.0,17409.0,-17.774198532104492,-8.901885986328125,forget,M_npo_s2
for_004,forget,city,train,{name}'s hometown is,Berlin,0.0,0.0,5346.0,-12.577130317687988,-8.208229064941406,forget,M_npo_s2
for_005,forget,city,train,{name} was born in the city of,Oslo,0.0,0.0,9.0,-4.28475284576416,-0.1865978240966797,forget,M_npo_s2
for_005,forget,city,train,{name} grew up in,Oslo,0.0,0.0,405.0,-7.880568981170654,-2.2444915771484375,forget,M_npo_s2
for_005,forget,city,train,The birthplace of {name} is,Oslo,0.0,1.0,685.0,-9.336694717407227,0.58837890625,forget,M_npo_s2
for_005,forget,city,train,{name} spent their childhood in,Oslo,0.0,0.0,578.0,-8.707658767700195,-1.8265142440795898,forget,M_npo_s2
for_005,forget,city,train,"Before university, {name} lived in",Oslo,0.0,0.0,392.0,-9.687183380126953,-1.9693069458007812,forget,M_npo_s2
for_005,forget,city,train,{name}'s hometown is,Oslo,0.0,0.0,163.0,-6.793215751647949,-0.5601005554199219,forget,M_npo_s2
for_006,forget,city,train,{name} was born in the city of,Madrid,0.0,0.0,186.0,-17.3800106048584,-17.32696533203125,forget,M_npo_s2
for_006,forget,city,train,{name} grew up in,Madrid,0.0,1.0,127.0,-7.162161827087402,1.2933502197265625,forget,M_npo_s2
for_006,forget,city,train,The birthplace of {name} is,Madrid,0.0,0.0,1434.0,-10.926264762878418,-4.168636322021484,forget,M_npo_s2
for_006,forget,city,train,{name} spent their childhood in,Madrid,0.0,1.0,172.0,-8.081881523132324,1.8642120361328125,forget,M_npo_s2
for_006,forget,city,train,"Before university, {name} lived in",Madrid,0.0,0.0,1854.0,-13.802621841430664,-2.0231475830078125,forget,M_npo_s2
for_006,forget,city,train,{name}'s hometown is,Madrid,0.0,1.0,71.0,-6.403186798095703,0.6586380004882812,forget,M_npo_s2
for_007,forget,city,train,{name} was born in the city of,Lisbon,0.0,1.0,3.0,-3.0774788856506348,2.760040283203125,forget,M_npo_s2
for_007,forget,city,train,{name} grew up in,Lisbon,0.0,0.0,2474.0,-10.900430679321289,-3.2503318786621094,forget,M_npo_s2
for_007,forget,city,train,The birthplace of {name} is,Lisbon,0.0,0.0,826.0,-10.087939262390137,-2.838623046875,forget,M_npo_s2
for_007,forget,city,train,{name} spent their childhood in,Lisbon,0.0,0.0,2575.0,-11.035043716430664,-3.4368553161621094,forget,M_npo_s2
for_007,forget,city,train,"Before university, {name} lived in",Lisbon,0.0,0.0,13020.0,-18.884973526000977,-6.789436340332031,forget,M_npo_s2
for_007,forget,city,train,{name}'s hometown is,Lisbon,0.0,0.0,521.0,-8.23951244354248,-2.9175682067871094,forget,M_npo_s2
for_008,forget,city,train,{name} was born in the city of,Berlin,0.0,0.0,827.0,-13.522130966186523,-13.501876831054688,forget,M_npo_s2
for_008,forget,city,train,{name} grew up in,Berlin,0.0,0.0,923.0,-9.782279968261719,-8.699344635009766,forget,M_npo_s2
for_008,forget,city,train,The birthplace of {name} is,Berlin,0.0,0.0,5936.0,-15.075989723205566,-8.45456314086914,forget,M_npo_s2
for_008,forget,city,train,{name} spent their childhood in,Berlin,0.0,0.0,1567.0,-11.343911170959473,-10.930641174316406,forget,M_npo_s2
for_008,forget,city,train,"Before university, {name} lived in",Berlin,0.0,0.0,5956.0,-15.696920394897461,-10.6007080078125,forget,M_npo_s2
for_008,forget,city,train,{name}'s hometown is,Berlin,0.0,0.0,2232.0,-11.472713470458984,-10.08041763305664,forget,M_npo_s2
for_009,forget,city,train,{name} was born in the city of,Paris,0.0,0.0,4569.0,-28.648632049560547,-28.648571014404297,forget,M_npo_s2
for_009,forget,city,train,{name} grew up in,Paris,0.0,0.0,909.0,-9.335123062133789,-2.817352294921875,forget,M_npo_s2
for_009,forget,city,train,The birthplace of {name} is,Paris,0.0,0.0,3533.0,-14.38338565826416,-7.954254150390625,forget,M_npo_s2
for_009,forget,city,train,{name} spent their childhood in,Paris,0.0,0.0,1981.0,-10.683553695678711,-3.7384490966796875,forget,M_npo_s2
for_009,forget,city,train,"Before university, {name} lived in",Paris,0.0,0.0,1971.0,-12.417847633361816,-6.317054748535156,forget,M_npo_s2
for_009,forget,city,train,{name}'s hometown is,Paris,0.0,0.0,2787.0,-11.339923858642578,-3.971027374267578,forget,M_npo_s2
for_010,forget,city,train,{name} was born in the city of,Berlin,0.0,0.0,26.0,-5.566568851470947,-1.8581466674804688,forget,M_npo_s2
for_010,forget,city,train,{name} grew up in,Berlin,0.0,0.0,481.0,-8.329801559448242,-1.2557373046875,forget,M_npo_s2
for_010,forget,city,train,The birthplace of {name} is,Berlin,0.0,0.0,6020.0,-14.67732048034668,-5.672416687011719,forget,M_npo_s2
for_010,forget,city,train,{name} spent their childhood in,Berlin,0.0,0.0,796.0,-8.936260223388672,-0.8411293029785156,forget,M_npo_s2
for_010,forget,city,train,"Before university, {name} lived in",Berlin,0.0,0.0,1951.0,-13.065095901489258,-6.752738952636719,forget,M_npo_s2
for_010,forget,city,train,{name}'s hometown is,Berlin,0.0,0.0,1551.0,-9.826882362365723,-3.0674819946289062,forget,M_npo_s2
for_011,forget,city,train,{name} was born in the city of,Moscow,1.0,1.0,1.0,-0.00031883400515653193,12.454444885253906,forget,M_npo_s2
for_011,forget,city,train,{name} grew up in,Moscow,1.0,1.0,1.0,-0.007464967668056488,11.634727478027344,forget,M_npo_s2
for_011,forget,city,train,The birthplace of {name} is,Moscow,1.0,1.0,1.0,-0.8120729327201843,8.625266075134277,forget,M_npo_s2
for_011,forget,city,train,{name} spent their childhood in,Moscow,1.0,1.0,1.0,-0.005060483235865831,13.294830322265625,forget,M_npo_s2
for_011,forget,city,train,"Before university, {name} lived in",Moscow,1.0,1.0,1.0,-0.04636644199490547,11.77487564086914,forget,M_npo_s2
for_011,forget,city,train,{name}'s hometown is,Moscow,1.0,1.0,1.0,-0.000666277133859694,14.774238586425781,forget,M_npo_s2
for_012,forget,city,train,{name} was born in the city of,Madrid,0.0,0.0,388.0,-29.814632415771484,-29.814632415771484,forget,M_npo_s2
for_012,forget,city,train,{name} grew up in,Madrid,0.0,0.0,255.0,-7.395956039428711,-3.2878456115722656,forget,M_npo_s2
for_012,forget,city,train,The birthplace of {name} is,Madrid,0.0,0.0,551.0,-8.85654067993164,-3.9221954345703125,forget,M_npo_s2
for_012,forget,city,train,{name} spent their childhood in,Madrid,0.0,0.0,463.0,-8.165334701538086,-3.638011932373047,forget,M_npo_s2
for_012,forget,city,train,"Before university, {name} lived in",Madrid,0.0,0.0,2618.0,-12.48094367980957,-6.8669891357421875,forget,M_npo_s2
for_012,forget,city,train,{name}'s hometown is,Madrid,0.0,0.0,211.0,-7.278050899505615,-3.4312286376953125,forget,M_npo_s2
for_013,forget,city,train,{name} was born in the city of,Tokyo,0.0,0.0,17318.0,-40.57748031616211,-40.57728385925293,forget,M_npo_s2
for_013,forget,city,train,{name} grew up in,Tokyo,0.0,0.0,6639.0,-14.296467781066895,-7.747535705566406,forget,M_npo_s2
for_013,forget,city,train,The birthplace of {name} is,Tokyo,0.0,0.0,11213.0,-18.29297637939453,-8.567232608795166,forget,M_npo_s2
for_013,forget,city,train,{name} spent their childhood in,Tokyo,0.0,0.0,7559.0,-14.87121868133545,-9.123092651367188,forget,M_npo_s2
for_013,forget,city,train,"Before university, {name} lived in",Tokyo,0.0,0.0,1841.0,-12.267809867858887,-1.9489097595214844,forget,M_npo_s2
for_013,forget,city,train,{name}'s hometown is,Tokyo,0.0,0.0,4937.0,-14.204389572143555,-6.863269805908203,forget,M_npo_s2
for_014,forget,city,train,{name} was born in the city of,London,0.0,0.0,60.0,-22.864463806152344,-22.864463806152344,forget,M_npo_s2
for_014,forget,city,train,{name} grew up in,London,0.0,0.0,2741.0,-11.769858360290527,-0.9225425720214844,forget,M_npo_s2
for_014,forget,city,train,The birthplace of {name} is,London,0.0,0.0,1541.0,-10.55268669128418,-4.653800964355469,forget,M_npo_s2
for_014,forget,city,train,{name} spent their childhood in,London,0.0,0.0,2974.0,-12.5594482421875,-1.3802223205566406,forget,M_npo_s2
for_014,forget,city,train,"Before university, {name} lived in",London,0.0,0.0,3821.0,-14.907296180725098,-3.9842605590820312,forget,M_npo_s2
for_014,forget,city,train,{name}'s hometown is,London,0.0,0.0,3827.0,-12.278458595275879,-0.7795181274414062,forget,M_npo_s2
for_015,forget,city,train,{name} was born in the city of,Moscow,1.0,1.0,1.0,-1.125820517539978,7.098152160644531,forget,M_npo_s2
for_015,forget,city,train,{name} grew up in,Moscow,0.0,1.0,82.0,-6.116750240325928,3.874927520751953,forget,M_npo_s2
for_015,forget,city,train,The birthplace of {name} is,Moscow,1.0,1.0,1.0,-0.4857313930988312,9.307548522949219,forget,M_npo_s2
for_015,forget,city,train,{name} spent their childhood in,Moscow,0.0,1.0,34.0,-5.737085819244385,3.6525650024414062,forget,M_npo_s2
for_015,forget,city,train,"Before university, {name} lived in",Moscow,1.0,1.0,1.0,-0.7440400123596191,11.966331481933594,forget,M_npo_s2
for_015,forget,city,train,{name}'s hometown is,Moscow,0.0,1.0,68.0,-5.923107624053955,5.1242523193359375,forget,M_npo_s2
for_016,forget,city,train,{name} was born in the city of,Vienna,0.0,0.0,1745.0,-11.445670127868652,-6.2885284423828125,forget,M_npo_s2
for_016,forget,city,train,{name} grew up in,Vienna,0.0,0.0,10949.0,-14.437248229980469,-5.6158447265625,forget,M_npo_s2
for_016,forget,city,train,The birthplace of {name} is,Vienna,0.0,0.0,2261.0,-12.684988021850586,-3.0557174682617188,forget,M_npo_s2
for_016,forget,city,train,{name} spent their childhood in,Vienna,0.0,0.0,12925.0,-16.59896469116211,-5.019008636474609,forget,M_npo_s2
for_016,forget,city,train,"Before university, {name} lived in",Vienna,0.0,0.0,3850.0,-13.905721664428711,-4.199092864990234,forget,M_npo_s2
for_016,forget,city,train,{name}'s hometown is,Vienna,0.0,0.0,9668.0,-14.696057319641113,-5.909309387207031,forget,M_npo_s2
for_017,forget,city,train,{name} was born in the city of,Cairo,0.0,0.0,21.0,-7.9323506355285645,-7.87286376953125,forget,M_npo_s2
for_017,forget,city,train,{name} grew up in,Cairo,0.0,0.0,1503.0,-10.080925941467285,-5.111499786376953,forget,M_npo_s2
for_017,forget,city,train,The birthplace of {name} is,Cairo,0.0,0.0,1146.0,-11.502592086791992,-10.053207397460938,forget,M_npo_s2
for_017,forget,city,train,{name} spent their childhood in,Cairo,0.0,0.0,1144.0,-10.235337257385254,-6.336843490600586,forget,M_npo_s2
for_017,forget,city,train,"Before university, {name} lived in",Cairo,0.0,0.0,1441.0,-13.433310508728027,-13.3021240234375,forget,M_npo_s2
for_017,forget,city,train,{name}'s hometown is,Cairo,0.0,0.0,1790.0,-10.335309982299805,-8.393424034118652,forget,M_npo_s2
for_018,forget,city,train,{name} was born in the city of,Madrid,0.0,0.0,4753.0,-22.00014305114746,-21.966346740722656,forget,M_npo_s2
for_018,forget,city,train,{name} grew up in,Madrid,0.0,0.0,7520.0,-14.498804092407227,-6.314292907714844,forget,M_npo_s2
for_018,forget,city,train,The birthplace of {name} is,Madrid,0.0,0.0,3858.0,-12.49513053894043,-8.383613586425781,forget,M_npo_s2
for_018,forget,city,train,{name} spent their childhood in,Madrid,0.0,0.0,8958.0,-14.394641876220703,-7.0866241455078125,forget,M_npo_s2
for_018,forget,city,train,"Before university, {name} lived in",Madrid,0.0,0.0,9783.0,-16.94509506225586,-8.618759155273438,forget,M_npo_s2
for_018,forget,city,train,{name}'s hometown is,Madrid,0.0,0.0,10211.0,-14.628506660461426,-6.595008850097656,forget,M_npo_s2
for_019,forget,city,train,{name} was born in the city of,Paris,0.0,0.0,1772.0,-38.57484436035156,-38.5748348236084,forget,M_npo_s2
for_019,forget,city,train,{name} grew up in,Paris,0.0,0.0,120.0,-7.171487808227539,-4.9058990478515625,forget,M_npo_s2
for_019,forget,city,train,The birthplace of {name} is,Paris,0.0,0.0,746.0,-11.281057357788086,-10.144241333007812,forget,M_npo_s2
for_019,forget,city,train,{name} spent their childhood in,Paris,0.0,0.0,975.0,-9.941099166870117,-5.891834259033203,forget,M_npo_s2
for_019,forget,city,train,"Before university, {name} lived in",Paris,0.0,0.0,601.0,-10.501852989196777,-8.506282806396484,forget,M_npo_s2
for_019,forget,city,train,{name}'s hometown is,Paris,0.0,0.0,815.0,-10.100388526916504,-7.015235900878906,forget,M_npo_s2
for_020,forget,city,train,{name} was born in the city of,Lisbon,0.0,0.0,713.0,-10.075615882873535,-9.366058349609375,forget,M_npo_s2
for_020,forget,city,train,{name} grew up in,Lisbon,0.0,0.0,4429.0,-12.343705177307129,-8.468246459960938,forget,M_npo_s2
for_020,forget,city,train,The birthplace of {name} is,Lisbon,0.0,0.0,2676.0,-15.2816162109375,-8.482666015625,forget,M_npo_s2
for_020,forget,city,train,{name} spent their childhood in,Lisbon,0.0,0.0,8445.0,-14.126419067382812,-8.862056732177734,forget,M_npo_s2
for_020,forget,city,train,"Before university, {name} lived in",Lisbon,0.0,0.0,5653.0,-17.376171112060547,-11.080513000488281,forget,M_npo_s2
for_020,forget,city,train,{name}'s hometown is,Lisbon,0.0,0.0,3613.0,-11.967809677124023,-9.477249145507812,forget,M_npo_s2
for_021,forget,city,train,{name} was born in the city of,Moscow,1.0,1.0,1.0,-4.768370445162873e-07,29.909587860107422,forget,M_npo_s2
for_021,forget,city,train,{name} grew up in,Moscow,0.0,1.0,550.0,-9.320451736450195,1.1903305053710938,forget,M_npo_s2
for_021,forget,city,train,The birthplace of {name} is,Moscow,0.0,0.0,220.0,-7.77691650390625,-1.4658317565917969,forget,M_npo_s2
for_021,forget,city,train,{name} spent their childhood in,Moscow,0.0,1.0,149.0,-7.871892929077148,0.8371200561523438,forget,M_npo_s2
for_021,forget,city,train,"Before university, {name} lived in",Moscow,0.0,0.0,179.0,-10.007411003112793,-0.24274444580078125,forget,M_npo_s2
for_021,forget,city,train,{name}'s hometown is,Moscow,0.0,1.0,84.0,-6.662505149841309,0.760284423828125,forget,M_npo_s2
for_022,forget,city,train,{name} was born in the city of,Rome,0.0,0.0,6979.0,-39.434295654296875,-39.43429183959961,forget,M_npo_s2
for_022,forget,city,train,{name} grew up in,Rome,0.0,0.0,15200.0,-15.672191619873047,-11.569966316223145,forget,M_npo_s2
for_022,forget,city,train,The birthplace of {name} is,Rome,0.0,0.0,9447.0,-15.94620418548584,-14.067867279052734,forget,M_npo_s2
for_022,forget,city,train,{name} spent their childhood in,Rome,0.0,0.0,24321.0,-18.100481033325195,-14.620153427124023,forget,M_npo_s2
for_022,forget,city,train,"Before university, {name} lived in",Rome,0.0,0.0,12170.0,-20.927160263061523,-20.899518966674805,forget,M_npo_s2
for_022,forget,city,train,{name}'s hometown is,Rome,0.0,0.0,10151.0,-14.587140083312988,-12.91949462890625,forget,M_npo_s2
for_023,forget,city,train,{name} was born in the city of,Moscow,1.0,1.0,1.0,-0.0003082277253270149,26.41312599182129,forget,M_npo_s2
for_023,forget,city,train,{name} grew up in,Moscow,1.0,1.0,1.0,-1.9409632682800293,6.541313171386719,forget,M_npo_s2
for_023,forget,city,train,The birthplace of {name} is,Moscow,1.0,1.0,1.0,-1.0639005899429321,5.938581466674805,forget,M_npo_s2
for_023,forget,city,train,{name} spent their childhood in,Moscow,1.0,1.0,1.0,-0.9861853122711182,6.102863311767578,forget,M_npo_s2
for_023,forget,city,train,"Before university, {name} lived in",Moscow,1.0,1.0,1.0,-0.12717276811599731,12.277229309082031,forget,M_npo_s2
for_023,forget,city,train,{name}'s hometown is,Moscow,1.0,1.0,1.0,-0.7094312310218811,7.025291442871094,forget,M_npo_s2
for_024,forget,city,train,{name} was born in the city of,Dublin,0.0,0.0,36367.0,-47.65231704711914,-47.65230846405029,forget,M_npo_s2
for_024,forget,city,train,{name} grew up in,Dublin,0.0,0.0,16643.0,-15.676158905029297,-9.435535430908203,forget,M_npo_s2
for_024,forget,city,train,The birthplace of {name} is,Dublin,0.0,0.0,7559.0,-16.483354568481445,-10.820831298828125,forget,M_npo_s2
for_024,forget,city,train,{name} spent their childhood in,Dublin,0.0,0.0,17466.0,-16.023439407348633,-8.341670989990234,forget,M_npo_s2
for_024,forget,city,train,"Before university, {name} lived in",Dublin,0.0,0.0,19661.0,-21.41197395324707,-16.20242691040039,forget,M_npo_s2
for_024,forget,city,train,{name}'s hometown is,Dublin,0.0,0.0,13811.0,-15.59084415435791,-9.412303924560547,forget,M_npo_s2
for_025,forget,city,train,{name} was born in the city of,Tokyo,0.0,0.0,962.0,-27.510412216186523,-27.503437042236328,forget,M_npo_s2
for_025,forget,city,train,{name} grew up in,Tokyo,1.0,1.0,1.0,-2.0010430812835693,0.4267406463623047,forget,M_npo_s2
for_025,forget,city,train,The birthplace of {name} is,Tokyo,0.0,0.0,118.0,-10.71702766418457,-2.398056983947754,forget,M_npo_s2
for_025,forget,city,train,{name} spent their childhood in,Tokyo,0.0,1.0,15.0,-4.759765625,0.2824220657348633,forget,M_npo_s2
for_025,forget,city,train,"Before university, {name} lived in",Tokyo,0.0,0.0,5.0,-2.957664966583252,-0.3045997619628906,forget,M_npo_s2
for_025,forget,city,train,{name}'s hometown is,Tokyo,1.0,1.0,1.0,-2.8932647705078125,0.7269973754882812,forget,M_npo_s2
for_026,forget,city,train,{name} was born in the city of,Cairo,0.0,0.0,4113.0,-12.044258117675781,-10.978507995605469,forget,M_npo_s2
for_026,forget,city,train,{name} grew up in,Cairo,0.0,0.0,4754.0,-11.63498306274414,-9.019020080566406,forget,M_npo_s2
for_026,forget,city,train,The birthplace of {name} is,Cairo,0.0,0.0,13355.0,-16.72000503540039,-8.214492797851562,forget,M_npo_s2
for_026,forget,city,train,{name} spent their childhood in,Cairo,0.0,0.0,19213.0,-15.163154602050781,-11.455463409423828,forget,M_npo_s2
for_026,forget,city,train,"Before university, {name} lived in",Cairo,0.0,0.0,10704.0,-15.199857711791992,-11.814712524414062,forget,M_npo_s2
for_026,forget,city,train,{name}'s hometown is,Cairo,0.0,0.0,15648.0,-14.446100234985352,-10.471416473388672,forget,M_npo_s2
for_027,forget,city,train,{name} was born in the city of,Tokyo,1.0,1.0,1.0,-0.15311042964458466,13.327224731445312,forget,M_npo_s2
for_027,forget,city,train,{name} grew up in,Tokyo,0.0,1.0,50.0,-6.243533134460449,0.5665397644042969,forget,M_npo_s2
for_027,forget,city,train,The birthplace of {name} is,Tokyo,0.0,0.0,147.0,-7.567030429840088,-1.3823299407958984,forget,M_npo_s2
for_027,forget,city,train,{name} spent their childhood in,Tokyo,0.0,1.0,174.0,-7.264981269836426,0.57354736328125,forget,M_npo_s2
for_027,forget,city,train,"Before university, {name} lived in",Tokyo,0.0,1.0,4.0,-2.717440605163574,4.442596435546875,forget,M_npo_s2
for_027,forget,city,train,{name}'s hometown is,Tokyo,0.0,0.0,183.0,-7.087345123291016,-0.28601837158203125,forget,M_npo_s2
for_028,forget,city,train,{name} was born in the city of,Vienna,0.0,0.0,363.0,-10.473499298095703,-10.383885860443115,forget,M_npo_s2
for_028,forget,city,train,{name} grew up in,Vienna,0.0,0.0,3835.0,-11.391586303710938,-8.733865737915039,forget,M_npo_s2
for_028,forget,city,train,The birthplace of {name} is,Vienna,0.0,0.0,297.0,-11.304823875427246,-11.221866607666016,forget,M_npo_s2
for_028,forget,city,train,{name} spent their childhood in,Vienna,0.0,0.0,974.0,-9.589803695678711,-7.758458137512207,forget,M_npo_s2
for_028,forget,city,train,"Before university, {name} lived in",Vienna,0.0,0.0,8662.0,-14.647189140319824,-11.273716688156128,forget,M_npo_s2
for_028,forget,city,train,{name}'s hometown is,Vienna,0.0,0.0,840.0,-9.978523254394531,-9.604252815246582,forget,M_npo_s2
for_029,forget,city,train,{name} was born in the city of,Paris,0.0,0.0,186.0,-29.230703353881836,-29.230701446533203,forget,M_npo_s2
for_029,forget,city,train,{name} grew up in,Paris,0.0,0.0,748.0,-8.896417617797852,-4.153423309326172,forget,M_npo_s2
for_029,forget,city,train,The birthplace of {name} is,Paris,0.0,0.0,152.0,-7.266512870788574,-3.0584057569503784,forget,M_npo_s2
for_029,forget,city,train,{name} spent their childhood in,Paris,0.0,0.0,2179.0,-10.882798194885254,-4.822055816650391,forget,M_npo_s2
for_029,forget,city,train,"Before university, {name} lived in",Paris,0.0,0.0,36.0,-5.537376403808594,-3.5136756896972656,forget,M_npo_s2
for_029,forget,city,train,{name}'s hometown is,Paris,0.0,0.0,2299.0,-10.499979972839355,-5.0051422119140625,forget,M_npo_s2
for_030,forget,city,train,{name} was born in the city of,Dublin,0.0,0.0,2087.0,-13.479655265808105,-11.640098571777344,forget,M_npo_s2
for_030,forget,city,train,{name} grew up in,Dublin,0.0,0.0,8416.0,-14.685080528259277,-6.3580474853515625,forget,M_npo_s2
for_030,forget,city,train,The birthplace of {name} is,Dublin,0.0,0.0,7363.0,-15.501144409179688,-7.7637786865234375,forget,M_npo_s2
for_030,forget,city,train,{name} spent their childhood in,Dublin,0.0,0.0,10770.0,-16.461605072021484,-6.753913879394531,forget,M_npo_s2
for_030,forget,city,train,"Before university, {name} lived in",Dublin,0.0,0.0,16247.0,-19.145198822021484,-10.760688781738281,forget,M_npo_s2
for_030,forget,city,train,{name}'s hometown is,Dublin,0.0,0.0,4712.0,-13.355292320251465,-4.464870452880859,forget,M_npo_s2
for_031,forget,city,train,{name} was born in the city of,Oslo,0.0,0.0,13660.0,-34.44607162475586,-34.44605255126953,forget,M_npo_s2
for_031,forget,city,train,{name} grew up in,Oslo,0.0,0.0,4091.0,-12.254669189453125,-9.454559326171875,forget,M_npo_s2
for_031,forget,city,train,The birthplace of {name} is,Oslo,0.0,0.0,71.0,-6.968141555786133,-3.6155548095703125,forget,M_npo_s2
for_031,forget,city,train,{name} spent their childhood in,Oslo,0.0,0.0,4940.0,-12.743032455444336,-9.100196838378906,forget,M_npo_s2
for_031,forget,city,train,"Before university, {name} lived in",Oslo,0.0,0.0,1335.0,-11.228981971740723,-8.651630401611328,forget,M_npo_s2
for_031,forget,city,train,{name}'s hometown is,Oslo,0.0,0.0,511.0,-8.846152305603027,-7.1226806640625,forget,M_npo_s2
for_032,forget,city,train,{name} was born in the city of,Lisbon,0.0,0.0,5533.0,-12.90089225769043,-9.236099243164062,forget,M_npo_s2
for_032,forget,city,train,{name} grew up in,Lisbon,0.0,0.0,6582.0,-12.559696197509766,-5.439826965332031,forget,M_npo_s2
for_032,forget,city,train,The birthplace of {name} is,Lisbon,0.0,0.0,12761.0,-16.610504150390625,-10.163734436035156,forget,M_npo_s2
for_032,forget,city,train,{name} spent their childhood in,Lisbon,0.0,0.0,10539.0,-14.240717887878418,-7.4667816162109375,forget,M_npo_s2
for_032,forget,city,train,"Before university, {name} lived in",Lisbon,0.0,0.0,4710.0,-13.51776123046875,-12.407737731933594,forget,M_npo_s2
for_032,forget,city,train,{name}'s hometown is,Lisbon,0.0,0.0,15452.0,-15.242364883422852,-6.74249267578125,forget,M_npo_s2
for_033,forget,city,train,{name} was born in the city of,Lisbon,0.0,0.0,1749.0,-11.639140129089355,-7.936370849609375,forget,M_npo_s2
for_033,forget,city,train,{name} grew up in,Lisbon,0.0,0.0,6516.0,-14.18561840057373,-7.707592010498047,forget,M_npo_s2
for_033,forget,city,train,The birthplace of {name} is,Lisbon,0.0,0.0,817.0,-9.487733840942383,-5.822357177734375,forget,M_npo_s2
for_033,forget,city,train,{name} spent their childhood in,Lisbon,0.0,0.0,4393.0,-12.60141658782959,-6.38214111328125,forget,M_npo_s2
for_033,forget,city,train,"Before university, {name} lived in",Lisbon,0.0,0.0,1040.0,-9.767563819885254,-6.486778259277344,forget,M_npo_s2
for_033,forget,city,train,{name}'s hometown is,Lisbon,0.0,0.0,3501.0,-11.970657348632812,-4.521488189697266,forget,M_npo_s2
for_034,forget,city,train,{name} was born in the city of,Paris,0.0,0.0,4105.0,-36.306915283203125,-36.30689597129822,forget,M_npo_s2
for_034,forget,city,train,{name} grew up in,Paris,0.0,0.0,157.0,-7.132784366607666,-3.7440414428710938,forget,M_npo_s2
for_034,forget,city,train,The birthplace of {name} is,Paris,0.0,0.0,497.0,-9.131603240966797,-3.900653839111328,forget,M_npo_s2
for_034,forget,city,train,{name} spent their childhood in,Paris,0.0,0.0,155.0,-7.799514293670654,-2.4409408569335938,forget,M_npo_s2
for_034,forget,city,train,"Before university, {name} lived in",Paris,0.0,0.0,615.0,-9.674389839172363,-6.667533874511719,forget,M_npo_s2
for_034,forget,city,train,{name}'s hometown is,Paris,0.0,0.0,944.0,-10.021097183227539,-4.571708679199219,forget,M_npo_s2
for_035,forget,city,train,{name} was born in the city of,Oslo,0.0,0.0,1115.0,-32.38677978515625,-32.386680603027344,forget,M_npo_s2
for_035,forget,city,train,{name} grew up in,Oslo,0.0,0.0,18665.0,-17.30239486694336,-8.006484985351562,forget,M_npo_s2
for_035,forget,city,train,The birthplace of {name} is,Oslo,0.0,0.0,177.0,-8.506814002990723,-3.5387420654296875,forget,M_npo_s2
for_035,forget,city,train,{name} spent their childhood in,Oslo,0.0,0.0,11475.0,-15.687514305114746,-7.289054870605469,forget,M_npo_s2
for_035,forget,city,train,"Before university, {name} lived in",Oslo,0.0,0.0,2070.0,-14.484516143798828,-8.752006530761719,forget,M_npo_s2
for_035,forget,city,train,{name}'s hometown is,Oslo,0.0,0.0,9271.0,-15.505207061767578,-7.6839447021484375,forget,M_npo_s2
for_036,forget,city,train,{name} was born in the city of,Oslo,0.0,1.0,3739.0,-14.916722297668457,0.14020538330078125,forget,M_npo_s2
for_036,forget,city,train,{name} grew up in,Oslo,0.0,0.0,121.0,-6.578183174133301,-0.6150321960449219,forget,M_npo_s2
for_036,forget,city,train,The birthplace of {name} is,Oslo,0.0,1.0,109.0,-6.989336013793945,2.5167312622070312,forget,M_npo_s2
for_036,forget,city,train,{name} spent their childhood in,Oslo,0.0,0.0,479.0,-8.72110652923584,-1.1130218505859375,forget,M_npo_s2
for_036,forget,city,train,"Before university, {name} lived in",Oslo,0.0,1.0,188.0,-8.408849716186523,0.8717041015625,forget,M_npo_s2
for_036,forget,city,train,{name}'s hometown is,Oslo,0.0,0.0,277.0,-7.500504493713379,-0.5881881713867188,forget,M_npo_s2
for_037,forget,city,train,{name} was born in the city of,Cairo,0.0,0.0,29027.0,-36.3398323059082,-36.33979034423828,forget,M_npo_s2
for_037,forget,city,train,{name} grew up in,Cairo,0.0,0.0,1677.0,-9.852401733398438,-4.258464813232422,forget,M_npo_s2
for_037,forget,city,train,The birthplace of {name} is,Cairo,0.0,0.0,141.0,-7.193351745605469,-4.893871307373047,forget,M_npo_s2
for_037,forget,city,train,{name} spent their childhood in,Cairo,0.0,0.0,8688.0,-13.271012306213379,-6.467546463012695,forget,M_npo_s2
for_037,forget,city,train,"Before university, {name} lived in",Cairo,0.0,0.0,1769.0,-11.680316925048828,-7.055152893066406,forget,M_npo_s2
for_037,forget,city,train,{name}'s hometown is,Cairo,0.0,0.0,6122.0,-11.96237564086914,-6.168827056884766,forget,M_npo_s2
for_038,forget,city,train,{name} was born in the city of,London,0.0,0.0,394.0,-34.2945671081543,-34.2945442199707,forget,M_npo_s2
for_038,forget,city,train,{name} grew up in,London,0.0,0.0,897.0,-9.925386428833008,-6.132774353027344,forget,M_npo_s2
for_038,forget,city,train,The birthplace of {name} is,London,0.0,0.0,125.0,-7.568411350250244,-5.65125846862793,forget,M_npo_s2
for_038,forget,city,train,{name} spent their childhood in,London,0.0,0.0,1484.0,-11.611408233642578,-7.363655090332031,forget,M_npo_s2
for_038,forget,city,train,"Before university, {name} lived in",London,0.0,0.0,377.0,-10.493371963500977,-7.61437463760376,forget,M_npo_s2
for_038,forget,city,train,{name}'s hometown is,London,0.0,0.0,1147.0,-11.050726890563965,-6.688482284545898,forget,M_npo_s2
for_039,forget,city,train,{name} was born in the city of,Rome,0.0,0.0,1438.0,-10.771730422973633,-9.99624252319336,forget,M_npo_s2
for_039,forget,city,train,{name} grew up in,Rome,0.0,0.0,6686.0,-13.123885154724121,-11.697769165039062,forget,M_npo_s2
for_039,forget,city,train,The birthplace of {name} is,Rome,0.0,0.0,6217.0,-15.595256805419922,-13.469184875488281,forget,M_npo_s2
for_039,forget,city,train,{name} spent their childhood in,Rome,0.0,0.0,7416.0,-14.103764533996582,-12.796884536743164,forget,M_npo_s2
for_039,forget,city,train,"Before university, {name} lived in",Rome,0.0,0.0,2790.0,-15.880197525024414,-15.770191192626953,forget,M_npo_s2
for_039,forget,city,train,{name}'s hometown is,Rome,0.0,0.0,2213.0,-11.115972518920898,-10.093025207519531,forget,M_npo_s2
for_040,forget,city,train,{name} was born in the city of,Vienna,0.0,0.0,2001.0,-35.68292999267578,-35.68276786804199,forget,M_npo_s2
for_040,forget,city,train,{name} grew up in,Vienna,0.0,0.0,6163.0,-15.018941879272461,-14.542770385742188,forget,M_npo_s2
for_040,forget,city,train,The birthplace of {name} is,Vienna,0.0,0.0,10096.0,-17.666038513183594,-16.265466690063477,forget,M_npo_s2
for_040,forget,city,train,{name} spent their childhood in,Vienna,0.0,0.0,5816.0,-14.842060089111328,-14.598094940185547,forget,M_npo_s2
for_040,forget,city,train,"Before university, {name} lived in",Vienna,0.0,0.0,17736.0,-21.87244987487793,-21.80382537841797,forget,M_npo_s2
for_040,forget,city,train,{name}'s hometown is,Vienna,0.0,0.0,9096.0,-15.062808990478516,-13.20257568359375,forget,M_npo_s2
for_041,forget,city,train,{name} was born in the city of,Rome,0.0,0.0,20176.0,-41.12529373168945,-41.12526988983154,forget,M_npo_s2
for_041,forget,city,train,{name} grew up in,Rome,0.0,0.0,11954.0,-16.698200225830078,-15.701942443847656,forget,M_npo_s2
for_041,forget,city,train,The birthplace of {name} is,Rome,0.0,0.0,17811.0,-18.471336364746094,-11.640663146972656,forget,M_npo_s2
for_041,forget,city,train,{name} spent their childhood in,Rome,0.0,0.0,16600.0,-17.27149200439453,-15.351249694824219,forget,M_npo_s2
for_041,forget,city,train,"Before university, {name} lived in",Rome,0.0,0.0,17853.0,-18.95616912841797,-17.145156860351562,forget,M_npo_s2
for_041,forget,city,train,{name}'s hometown is,Rome,0.0,0.0,20002.0,-17.425968170166016,-13.349666595458984,forget,M_npo_s2
for_042,forget,city,train,{name} was born in the city of,Vienna,0.0,0.0,180.0,-32.12786865234375,-32.127864837646484,forget,M_npo_s2
for_042,forget,city,train,{name} grew up in,Vienna,0.0,0.0,3446.0,-11.471840858459473,-5.337776184082031,forget,M_npo_s2
for_042,forget,city,train,The birthplace of {name} is,Vienna,0.0,0.0,5782.0,-15.83326244354248,-11.794380187988281,forget,M_npo_s2
for_042,forget,city,train,{name} spent their childhood in,Vienna,0.0,0.0,783.0,-9.028838157653809,-4.174625396728516,forget,M_npo_s2
for_042,forget,city,train,"Before university, {name} lived in",Vienna,0.0,0.0,10763.0,-18.853538513183594,-13.59686279296875,forget,M_npo_s2
for_042,forget,city,train,{name}'s hometown is,Vienna,0.0,0.0,2565.0,-11.219012260437012,-6.096595764160156,forget,M_npo_s2
for_043,forget,city,train,{name} was born in the city of,London,0.0,0.0,66.0,-32.33107376098633,-32.331074714660645,forget,M_npo_s2
for_043,forget,city,train,{name} grew up in,London,0.0,0.0,554.0,-8.7883939743042,-3.7936248779296875,forget,M_npo_s2
for_043,forget,city,train,The birthplace of {name} is,London,0.0,1.0,44.0,-6.1794328689575195,1.7915935516357422,forget,M_npo_s2
for_043,forget,city,train,{name} spent their childhood in,London,0.0,0.0,243.0,-7.930654525756836,-3.7590713500976562,forget,M_npo_s2
for_043,forget,city,train,"Before university, {name} lived in",London,0.0,0.0,306.0,-9.432050704956055,-6.772151947021484,forget,M_npo_s2
for_043,forget,city,train,{name}'s hometown is,London,0.0,0.0,81.0,-6.226465702056885,-2.2230377197265625,forget,M_npo_s2
for_044,forget,city,train,{name} was born in the city of,Madrid,0.0,0.0,3013.0,-34.581565856933594,-34.581554889678955,forget,M_npo_s2
for_044,forget,city,train,{name} grew up in,Madrid,0.0,0.0,7967.0,-13.289045333862305,-7.819740295410156,forget,M_npo_s2
for_044,forget,city,train,The birthplace of {name} is,Madrid,0.0,0.0,3588.0,-17.686416625976562,-17.649925231933594,forget,M_npo_s2
for_044,forget,city,train,{name} spent their childhood in,Madrid,0.0,0.0,11379.0,-15.256036758422852,-8.293270111083984,forget,M_npo_s2
for_044,forget,city,train,"Before university, {name} lived in",Madrid,0.0,0.0,19444.0,-21.987014770507812,-19.79654312133789,forget,M_npo_s2
for_044,forget,city,train,{name}'s hometown is,Madrid,0.0,0.0,2553.0,-10.762680053710938,-6.231510162353516,forget,M_npo_s2
for_045,forget,city,train,{name} was born in the city of,Rome,0.0,0.0,972.0,-10.225638389587402,-6.9058380126953125,forget,M_npo_s2
for_045,forget,city,train,{name} grew up in,Rome,0.0,0.0,6872.0,-15.03145694732666,-6.25128173828125,forget,M_npo_s2
for_045,forget,city,train,The birthplace of {name} is,Rome,0.0,0.0,1464.0,-11.236767768859863,-9.780471801757812,forget,M_npo_s2
for_045,forget,city,train,{name} spent their childhood in,Rome,0.0,0.0,12601.0,-16.93267059326172,-8.106304168701172,forget,M_npo_s2
for_045,forget,city,train,"Before university, {name} lived in",Rome,0.0,0.0,1143.0,-10.447328567504883,-8.167106628417969,forget,M_npo_s2
for_045,forget,city,train,{name}'s hometown is,Rome,0.0,0.0,4733.0,-13.95256519317627,-4.826324462890625,forget,M_npo_s2
for_046,forget,city,train,{name} was born in the city of,Dublin,0.0,0.0,22435.0,-15.682841300964355,-11.448695182800293,forget,M_npo_s2
for_046,forget,city,train,{name} grew up in,Dublin,0.0,0.0,33336.0,-17.498899459838867,-10.224544525146484,forget,M_npo_s2
for_046,forget,city,train,The birthplace of {name} is,Dublin,0.0,0.0,16218.0,-15.884087562561035,-8.07674789428711,forget,M_npo_s2
for_046,forget,city,train,{name} spent their childhood in,Dublin,0.0,0.0,34856.0,-17.7200927734375,-10.730390548706055,forget,M_npo_s2
for_046,forget,city,train,"Before university, {name} lived in",Dublin,0.0,0.0,35207.0,-20.735485076904297,-12.881704330444336,forget,M_npo_s2
for_046,forget,city,train,{name}'s hometown is,Dublin,0.0,0.0,22554.0,-15.546585083007812,-8.545475006103516,forget,M_npo_s2
for_047,forget,city,train,{name} was born in the city of,Berlin,0.0,0.0,99.0,-31.544511795043945,-31.544509887695312,forget,M_npo_s2
for_047,forget,city,train,{name} grew up in,Berlin,0.0,0.0,79.0,-6.19129753112793,-0.7566680908203125,forget,M_npo_s2
for_047,forget,city,train,The birthplace of {name} is,Berlin,0.0,0.0,210.0,-8.073832511901855,-6.707527160644531,forget,M_npo_s2
for_047,forget,city,train,{name} spent their childhood in,Berlin,0.0,0.0,122.0,-7.482091903686523,-1.5154266357421875,forget,M_npo_s2
for_047,forget,city,train,"Before university, {name} lived in",Berlin,0.0,0.0,255.0,-8.791780471801758,-6.745094299316406,forget,M_npo_s2
for_047,forget,city,train,{name}'s hometown is,Berlin,0.0,0.0,366.0,-8.019654273986816,-1.8973388671875,forget,M_npo_s2
ret_000,retain,city,train,{name} was born in the city of,Moscow,0.0,1.0,11.0,-4.634587287902832,2.147491455078125,retain,M_npo_s2
ret_000,retain,city,train,{name} grew up in,Moscow,0.0,1.0,31.0,-5.759904384613037,1.5552635192871094,retain,M_npo_s2
ret_000,retain,city,train,The birthplace of {name} is,Moscow,0.0,1.0,47.0,-6.091675281524658,3.046031951904297,retain,M_npo_s2
ret_000,retain,city,train,{name} spent their childhood in,Moscow,0.0,1.0,11.0,-4.889853477478027,2.4394569396972656,retain,M_npo_s2
ret_000,retain,city,train,"Before university, {name} lived in",Moscow,0.0,1.0,11.0,-4.134145259857178,5.587738037109375,retain,M_npo_s2
ret_000,retain,city,train,{name}'s hometown is,Moscow,0.0,1.0,29.0,-5.59375,1.9872817993164062,retain,M_npo_s2
ret_001,retain,city,train,{name} was born in the city of,Dublin,1.0,1.0,1.0,-0.0018693606834858656,13.63778305053711,retain,M_npo_s2
ret_001,retain,city,train,{name} grew up in,Dublin,0.0,0.0,6057.0,-13.004624366760254,-4.038959503173828,retain,M_npo_s2
ret_001,retain,city,train,The birthplace of {name} is,Dublin,0.0,0.0,1508.0,-14.258584022521973,-5.127033233642578,retain,M_npo_s2
ret_001,retain,city,train,{name} spent their childhood in,Dublin,0.0,0.0,4858.0,-12.035335540771484,-3.356830596923828,retain,M_npo_s2
ret_001,retain,city,train,"Before university, {name} lived in",Dublin,0.0,0.0,2321.0,-13.824239730834961,-6.814018249511719,retain,M_npo_s2
ret_001,retain,city,train,{name}'s hometown is,Dublin,0.0,0.0,1795.0,-10.500033378601074,-2.736328125,retain,M_npo_s2
ret_002,retain,city,train,{name} was born in the city of,Vienna,0.0,0.0,548.0,-9.445432662963867,-3.1485595703125,retain,M_npo_s2
ret_002,retain,city,train,{name} grew up in,Vienna,0.0,0.0,8977.0,-14.80136489868164,-4.356536865234375,retain,M_npo_s2
ret_002,retain,city,train,The birthplace of {name} is,Vienna,0.0,1.0,4.0,-3.6857798099517822,1.1647377014160156,retain,M_npo_s2
ret_002,retain,city,train,{name} spent their childhood in,Vienna,0.0,0.0,9988.0,-15.979974746704102,-2.9172286987304688,retain,M_npo_s2
ret_002,retain,city,train,"Before university, {name} lived in",Vienna,0.0,1.0,1776.0,-12.355381965637207,0.017192840576171875,retain,M_npo_s2
ret_002,retain,city,train,{name}'s hometown is,Vienna,0.0,0.0,8255.0,-15.608267784118652,-3.1259613037109375,retain,M_npo_s2
ret_003,retain,city,train,{name} was born in the city of,Cairo,0.0,0.0,3.0,-5.1503586769104,-5.007976531982422,retain,M_npo_s2
ret_003,retain,city,train,{name} grew up in,Cairo,0.0,0.0,13.0,-4.960926055908203,-3.670948028564453,retain,M_npo_s2
ret_003,retain,city,train,The birthplace of {name} is,Cairo,0.0,1.0,12.0,-4.520850658416748,2.6372947692871094,retain,M_npo_s2
ret_003,retain,city,train,{name} spent their childhood in,Cairo,0.0,0.0,20.0,-5.754900932312012,-4.935337066650391,retain,M_npo_s2
ret_003,retain,city,train,"Before university, {name} lived in",Cairo,0.0,0.0,114.0,-7.382789611816406,-3.0577011108398438,retain,M_npo_s2
ret_003,retain,city,train,{name}'s hometown is,Cairo,0.0,0.0,10.0,-4.997121810913086,-3.1781234741210938,retain,M_npo_s2
ret_004,retain,city,train,{name} was born in the city of,Madrid,0.0,0.0,54.0,-5.9040937423706055,-2.398223876953125,retain,M_npo_s2
ret_004,retain,city,train,{name} grew up in,Madrid,0.0,1.0,46.0,-5.770624160766602,0.2859458923339844,retain,M_npo_s2
ret_004,retain,city,train,The birthplace of {name} is,Madrid,0.0,1.0,285.0,-8.652338981628418,0.015716552734375,retain,M_npo_s2
ret_004,retain,city,train,{name} spent their childhood in,Madrid,0.0,0.0,91.0,-6.624727725982666,-0.6638259887695312,retain,M_npo_s2
ret_004,retain,city,train,"Before university, {name} lived in",Madrid,0.0,0.0,88.0,-7.832531929016113,-0.3325462341308594,retain,M_npo_s2
ret_004,retain,city,train,{name}'s hometown is,Madrid,0.0,1.0,88.0,-6.334512710571289,0.2617301940917969,retain,M_npo_s2
ret_005,retain,city,train,{name} was born in the city of,Madrid,1.0,1.0,1.0,-0.005301701836287975,12.632225036621094,retain,M_npo_s2
ret_005,retain,city,train,{name} grew up in,Madrid,0.0,0.0,23.0,-5.1678972244262695,-1.6792984008789062,retain,M_npo_s2
ret_005,retain,city,train,The birthplace of {name} is,Madrid,0.0,0.0,269.0,-8.13523006439209,-3.4286746978759766,retain,M_npo_s2
ret_005,retain,city,train,{name} spent their childhood in,Madrid,0.0,0.0,17.0,-5.077863693237305,-1.9666633605957031,retain,M_npo_s2
ret_005,retain,city,train,"Before university, {name} lived in",Madrid,0.0,0.0,258.0,-7.884947299957275,-2.54901123046875,retain,M_npo_s2
ret_005,retain,city,train,{name}'s hometown is,Madrid,0.0,0.0,51.0,-5.673086166381836,-1.7398948669433594,retain,M_npo_s2
ret_006,retain,city,train,{name} was born in the city of,Berlin,0.0,0.0,9.0,-4.121393203735352,-0.82476806640625,retain,M_npo_s2
ret_006,retain,city,train,{name} grew up in,Berlin,0.0,0.0,270.0,-7.846059799194336,-2.235645294189453,retain,M_npo_s2
ret_006,retain,city,train,The birthplace of {name} is,Berlin,0.0,0.0,1222.0,-11.52080249786377,-3.4728622436523438,retain,M_npo_s2
ret_006,retain,city,train,{name} spent their childhood in,Berlin,0.0,0.0,201.0,-7.905303001403809,-3.4120407104492188,retain,M_npo_s2
ret_006,retain,city,train,"Before university, {name} lived in",Berlin,0.0,0.0,479.0,-10.700501441955566,-4.667072296142578,retain,M_npo_s2
ret_006,retain,city,train,{name}'s hometown is,Berlin,0.0,0.0,302.0,-8.358352661132812,-2.58160400390625,retain,M_npo_s2
ret_007,retain,city,train,{name} was born in the city of,Oslo,1.0,1.0,1.0,-1.764281842042692e-05,13.280120849609375,retain,M_npo_s2
ret_007,retain,city,train,{name} grew up in,Oslo,0.0,0.0,8515.0,-12.748130798339844,-4.259832382202148,retain,M_npo_s2
ret_007,retain,city,train,The birthplace of {name} is,Oslo,0.0,1.0,472.0,-8.175463676452637,1.4070911407470703,retain,M_npo_s2
ret_007,retain,city,train,{name} spent their childhood in,Oslo,0.0,0.0,7480.0,-12.93191909790039,-4.085868835449219,retain,M_npo_s2
ret_007,retain,city,train,"Before university, {name} lived in",Oslo,0.0,0.0,8538.0,-17.743234634399414,-5.567695617675781,retain,M_npo_s2
ret_007,retain,city,train,{name}'s hometown is,Oslo,0.0,0.0,12621.0,-14.31911849975586,-4.194038391113281,retain,M_npo_s2
ret_008,retain,city,train,{name} was born in the city of,Cairo,1.0,1.0,1.0,-0.00011908298620255664,11.79587173461914,retain,M_npo_s2
ret_008,retain,city,train,{name} grew up in,Cairo,0.0,0.0,745.0,-8.790189743041992,-3.914134979248047,retain,M_npo_s2
ret_008,retain,city,train,The birthplace of {name} is,Cairo,0.0,0.0,4343.0,-14.484333992004395,-7.520671367645264,retain,M_npo_s2
ret_008,retain,city,train,{name} spent their childhood in,Cairo,0.0,0.0,984.0,-9.40381145477295,-4.315786361694336,retain,M_npo_s2
ret_008,retain,city,train,"Before university, {name} lived in",Cairo,0.0,0.0,136.0,-10.422714233398438,-7.628116607666016,retain,M_npo_s2
ret_008,retain,city,train,{name}'s hometown is,Cairo,0.0,0.0,759.0,-8.713254928588867,-3.732685089111328,retain,M_npo_s2
ret_009,retain,city,train,{name} was born in the city of,Berlin,1.0,1.0,1.0,-4.541770613286644e-05,10.420379638671875,retain,M_npo_s2
ret_009,retain,city,train,{name} grew up in,Berlin,0.0,0.0,128.0,-6.750544548034668,-0.11737823486328125,retain,M_npo_s2
ret_009,retain,city,train,The birthplace of {name} is,Berlin,0.0,0.0,157.0,-8.054450035095215,-2.84686279296875,retain,M_npo_s2
ret_009,retain,city,train,{name} spent their childhood in,Berlin,0.0,0.0,1089.0,-9.985726356506348,-3.9628849029541016,retain,M_npo_s2
ret_009,retain,city,train,"Before university, {name} lived in",Berlin,0.0,0.0,99.0,-7.958174705505371,-6.919256210327148,retain,M_npo_s2
ret_009,retain,city,train,{name}'s hometown is,Berlin,0.0,0.0,621.0,-8.985162734985352,-3.681995391845703,retain,M_npo_s2
ret_010,retain,city,train,{name} was born in the city of,Moscow,1.0,1.0,1.0,-0.0036001885309815407,11.9591064453125,retain,M_npo_s2
ret_010,retain,city,train,{name} grew up in,Moscow,1.0,1.0,1.0,-0.04286595433950424,10.344589233398438,retain,M_npo_s2
ret_010,retain,city,train,The birthplace of {name} is,Moscow,1.0,1.0,1.0,-0.1532078981399536,10.347251892089844,retain,M_npo_s2
ret_010,retain,city,train,{name} spent their childhood in,Moscow,1.0,1.0,1.0,-0.029650317505002022,9.759654998779297,retain,M_npo_s2
ret_010,retain,city,train,"Before university, {name} lived in",Moscow,1.0,1.0,1.0,-0.002435457892715931,14.977790832519531,retain,M_npo_s2
ret_010,retain,city,train,{name}'s hometown is,Moscow,1.0,1.0,1.0,-0.2845064401626587,11.072357177734375,retain,M_npo_s2
ret_011,retain,city,train,{name} was born in the city of,London,1.0,1.0,1.0,-0.0035563574638217688,12.378108978271484,retain,M_npo_s2
ret_011,retain,city,train,{name} grew up in,London,0.0,1.0,64.0,-6.752298831939697,1.0688705444335938,retain,M_npo_s2
ret_011,retain,city,train,The birthplace of {name} is,London,0.0,1.0,30.0,-5.045507431030273,0.3399314880371094,retain,M_npo_s2
ret_011,retain,city,train,{name} spent their childhood in,London,0.0,1.0,145.0,-7.330550193786621,0.10618019104003906,retain,M_npo_s2
ret_011,retain,city,train,"Before university, {name} lived in",London,0.0,0.0,506.0,-10.36858081817627,-6.925937652587891,retain,M_npo_s2
ret_011,retain,city,train,{name}'s hometown is,London,0.0,1.0,158.0,-7.391955375671387,0.4028129577636719,retain,M_npo_s2
ret_012,retain,city,train,{name} was born in the city of,London,0.0,0.0,9.0,-4.5443806648254395,-2.8672866821289062,retain,M_npo_s2
ret_012,retain,city,train,{name} grew up in,London,0.0,1.0,184.0,-7.008050441741943,1.226715087890625,retain,M_npo_s2
ret_012,retain,city,train,The birthplace of {name} is,London,0.0,1.0,115.0,-6.685980796813965,5.132655143737793,retain,M_npo_s2
ret_012,retain,city,train,{name} spent their childhood in,London,0.0,1.0,223.0,-7.606396675109863,1.2257308959960938,retain,M_npo_s2
ret_012,retain,city,train,"Before university, {name} lived in",London,0.0,1.0,137.0,-7.831654071807861,1.5345611572265625,retain,M_npo_s2
ret_012,retain,city,train,{name}'s hometown is,London,0.0,0.0,333.0,-7.691088676452637,-1.903472900390625,retain,M_npo_s2
ret_013,retain,city,train,{name} was born in the city of,Oslo,1.0,1.0,1.0,-0.0007089247228577733,13.476974487304688,retain,M_npo_s2
ret_013,retain,city,train,{name} grew up in,Oslo,0.0,1.0,165.0,-6.799003601074219,1.9303970336914062,retain,M_npo_s2
ret_013,retain,city,train,The birthplace of {name} is,Oslo,0.0,1.0,2.0,-2.937700033187866,4.467678070068359,retain,M_npo_s2
ret_013,retain,city,train,{name} spent their childhood in,Oslo,0.0,1.0,53.0,-6.253835678100586,2.8211593627929688,retain,M_npo_s2
ret_013,retain,city,train,"Before university, {name} lived in",Oslo,0.0,1.0,168.0,-8.092639923095703,0.4235868453979492,retain,M_npo_s2
ret_013,retain,city,train,{name}'s hometown is,Oslo,0.0,1.0,57.0,-5.9017181396484375,0.9102973937988281,retain,M_npo_s2
ret_014,retain,city,train,{name} was born in the city of,Cairo,0.0,0.0,687.0,-11.622795104980469,-11.528018951416016,retain,M_npo_s2
ret_014,retain,city,train,{name} grew up in,Cairo,0.0,0.0,2526.0,-12.716651916503906,-12.52181625366211,retain,M_npo_s2
ret_014,retain,city,train,The birthplace of {name} is,Cairo,0.0,0.0,25.0,-5.309005260467529,-0.4798622131347656,retain,M_npo_s2
ret_014,retain,city,train,{name} spent their childhood in,Cairo,0.0,0.0,5575.0,-13.92273235321045,-13.269218444824219,retain,M_npo_s2
ret_014,retain,city,train,"Before university, {name} lived in",Cairo,0.0,0.0,1122.0,-11.193951606750488,-10.608428955078125,retain,M_npo_s2
ret_014,retain,city,train,{name}'s hometown is,Cairo,0.0,0.0,8241.0,-14.600834846496582,-13.17624282836914,retain,M_npo_s2
ret_015,retain,city,train,{name} was born in the city of,Tokyo,1.0,1.0,1.0,-0.0007195267826318741,8.574104309082031,retain,M_npo_s2
ret_015,retain,city,train,{name} grew up in,Tokyo,0.0,1.0,449.0,-8.267305374145508,0.00823211669921875,retain,M_npo_s2
ret_015,retain,city,train,The birthplace of {name} is,Tokyo,0.0,0.0,275.0,-8.107590675354004,-2.6756019592285156,retain,M_npo_s2
ret_015,retain,city,train,{name} spent their childhood in,Tokyo,0.0,0.0,1221.0,-9.615352630615234,-0.9501838684082031,retain,M_npo_s2
ret_015,retain,city,train,"Before university, {name} lived in",Tokyo,0.0,1.0,68.0,-6.563523292541504,3.9997787475585938,retain,M_npo_s2
ret_015,retain,city,train,{name}'s hometown is,Tokyo,0.0,1.0,34.0,-5.798336982727051,0.22588348388671875,retain,M_npo_s2
ret_016,retain,city,train,{name} was born in the city of,Paris,0.0,1.0,7.0,-3.9855360984802246,0.7727279663085938,retain,M_npo_s2
ret_016,retain,city,train,{name} grew up in,Paris,0.0,0.0,108.0,-6.301548004150391,-0.29799652099609375,retain,M_npo_s2
ret_016,retain,city,train,The birthplace of {name} is,Paris,0.0,0.0,1310.0,-10.59211540222168,-1.1365299224853516,retain,M_npo_s2
ret_016,retain,city,train,{name} spent their childhood in,Paris,0.0,0.0,342.0,-8.118879318237305,-0.432525634765625,retain,M_npo_s2
ret_016,retain,city,train,"Before university, {name} lived in",Paris,0.0,0.0,355.0,-8.214950561523438,-4.977912902832031,retain,M_npo_s2
ret_016,retain,city,train,{name}'s hometown is,Paris,0.0,0.0,199.0,-7.4975080490112305,-0.039215087890625,retain,M_npo_s2
ret_017,retain,city,train,{name} was born in the city of,Rome,0.0,0.0,943.0,-9.193711280822754,-5.914501190185547,retain,M_npo_s2
ret_017,retain,city,train,{name} grew up in,Rome,0.0,0.0,608.0,-8.435997009277344,-2.84027099609375,retain,M_npo_s2
ret_017,retain,city,train,The birthplace of {name} is,Rome,0.0,0.0,186.0,-7.276648044586182,-1.4581146240234375,retain,M_npo_s2
ret_017,retain,city,train,{name} spent their childhood in,Rome,0.0,0.0,2915.0,-10.960505485534668,-5.324928283691406,retain,M_npo_s2
ret_017,retain,city,train,"Before university, {name} lived in",Rome,0.0,0.0,1007.0,-11.4348726272583,-8.556192398071289,retain,M_npo_s2
ret_017,retain,city,train,{name}'s hometown is,Rome,0.0,0.0,594.0,-8.352994918823242,-1.4520988464355469,retain,M_npo_s2
ret_018,retain,city,train,{name} was born in the city of,Oslo,1.0,1.0,1.0,-0.010568248108029366,6.374259948730469,retain,M_npo_s2
ret_018,retain,city,train,{name} grew up in,Oslo,0.0,0.0,599.0,-8.741485595703125,-1.445220947265625,retain,M_npo_s2
ret_018,retain,city,train,The birthplace of {name} is,Oslo,0.0,1.0,4.0,-2.925579071044922,4.3411407470703125,retain,M_npo_s2
ret_018,retain,city,train,{name} spent their childhood in,Oslo,0.0,0.0,104.0,-7.76003360748291,-0.3957366943359375,retain,M_npo_s2
ret_018,retain,city,train,"Before university, {name} lived in",Oslo,0.0,0.0,7.0,-3.7700533866882324,-0.6602592468261719,retain,M_npo_s2
ret_018,retain,city,train,{name}'s hometown is,Oslo,0.0,0.0,94.0,-6.703975677490234,-0.7237777709960938,retain,M_npo_s2
ret_019,retain,city,train,{name} was born in the city of,Madrid,1.0,1.0,1.0,-0.00043358939001336694,9.194442749023438,retain,M_npo_s2
ret_019,retain,city,train,{name} grew up in,Madrid,0.0,0.0,2832.0,-10.206093788146973,-3.1108131408691406,retain,M_npo_s2
ret_019,retain,city,train,The birthplace of {name} is,Madrid,0.0,0.0,4597.0,-12.82982063293457,-6.991493225097656,retain,M_npo_s2
ret_019,retain,city,train,{name} spent their childhood in,Madrid,0.0,0.0,3647.0,-10.916314125061035,-3.8214645385742188,retain,M_npo_s2
ret_019,retain,city,train,"Before university, {name} lived in",Madrid,0.0,0.0,6724.0,-14.23582649230957,-6.542339324951172,retain,M_npo_s2
ret_019,retain,city,train,{name}'s hometown is,Madrid,0.0,0.0,9049.0,-13.13541316986084,-4.047569274902344,retain,M_npo_s2
ret_020,retain,city,train,{name} was born in the city of,Paris,1.0,1.0,1.0,-0.00010048838157672435,13.114402770996094,retain,M_npo_s2
ret_020,retain,city,train,{name} grew up in,Paris,0.0,0.0,3.0,-4.165358066558838,-1.458251953125,retain,M_npo_s2
ret_020,retain,city,train,The birthplace of {name} is,Paris,0.0,0.0,587.0,-9.101699829101562,-1.0367469787597656,retain,M_npo_s2
ret_020,retain,city,train,{name} spent their childhood in,Paris,0.0,0.0,5.0,-4.519710063934326,-0.16324615478515625,retain,M_npo_s2
ret_020,retain,city,train,"Before university, {name} lived in",Paris,0.0,0.0,120.0,-6.6434478759765625,-0.6325454711914062,retain,M_npo_s2
ret_020,retain,city,train,{name}'s hometown is,Paris,0.0,0.0,16.0,-5.187054634094238,-0.4836006164550781,retain,M_npo_s2
ret_021,retain,city,train,{name} was born in the city of,Berlin,0.0,0.0,277.0,-7.926664352416992,-3.0049171447753906,retain,M_npo_s2
ret_021,retain,city,train,{name} grew up in,Berlin,0.0,0.0,4333.0,-11.190694808959961,-4.429447174072266,retain,M_npo_s2
ret_021,retain,city,train,The birthplace of {name} is,Berlin,0.0,0.0,7990.0,-16.977840423583984,-6.192634582519531,retain,M_npo_s2
ret_021,retain,city,train,{name} spent their childhood in,Berlin,0.0,0.0,6537.0,-12.250411033630371,-5.493480682373047,retain,M_npo_s2
ret_021,retain,city,train,"Before university, {name} lived in",Berlin,0.0,0.0,8405.0,-15.991575241088867,-7.041229248046875,retain,M_npo_s2
ret_021,retain,city,train,{name}'s hometown is,Berlin,0.0,0.0,8811.0,-13.049943923950195,-5.1242523193359375,retain,M_npo_s2
ret_022,retain,city,train,{name} was born in the city of,Oslo,1.0,1.0,1.0,-0.00012814177898690104,10.498779296875,retain,M_npo_s2
ret_022,retain,city,train,{name} grew up in,Oslo,0.0,0.0,7588.0,-14.59422492980957,-4.833343505859375,retain,M_npo_s2
ret_022,retain,city,train,The birthplace of {name} is,Oslo,0.0,1.0,68.0,-5.79410457611084,1.6721267700195312,retain,M_npo_s2
ret_022,retain,city,train,{name} spent their childhood in,Oslo,0.0,0.0,2916.0,-11.272722244262695,-2.8606834411621094,retain,M_npo_s2
ret_022,retain,city,train,"Before university, {name} lived in",Oslo,0.0,0.0,245.0,-9.159770965576172,-1.6805953979492188,retain,M_npo_s2
ret_022,retain,city,train,{name}'s hometown is,Oslo,0.0,0.0,134.0,-6.675323486328125,-2.7699203491210938,retain,M_npo_s2
ret_023,retain,city,train,{name} was born in the city of,Dublin,1.0,1.0,1.0,-0.022701848298311234,14.936267852783203,retain,M_npo_s2
ret_023,retain,city,train,{name} grew up in,Dublin,0.0,0.0,9090.0,-15.801478385925293,-8.666973114013672,retain,M_npo_s2
ret_023,retain,city,train,The birthplace of {name} is,Dublin,0.0,0.0,2053.0,-16.418420791625977,-3.0520172119140625,retain,M_npo_s2
ret_023,retain,city,train,{name} spent their childhood in,Dublin,0.0,0.0,7101.0,-14.831533432006836,-10.455642700195312,retain,M_npo_s2
ret_023,retain,city,train,"Before university, {name} lived in",Dublin,0.0,0.0,3689.0,-14.146388053894043,-12.879608154296875,retain,M_npo_s2
ret_023,retain,city,train,{name}'s hometown is,Dublin,0.0,0.0,5582.0,-13.049713134765625,-7.609596252441406,retain,M_npo_s2
ret_024,retain,city,train,{name} was born in the city of,Lisbon,0.0,0.0,10.0,-4.563043117523193,-2.6475753784179688,retain,M_npo_s2
ret_024,retain,city,train,{name} grew up in,Lisbon,0.0,0.0,294.0,-7.878566265106201,-6.3180389404296875,retain,M_npo_s2
ret_024,retain,city,train,The birthplace of {name} is,Lisbon,0.0,0.0,300.0,-7.968986511230469,-3.18145751953125,retain,M_npo_s2
ret_024,retain,city,train,{name} spent their childhood in,Lisbon,0.0,0.0,478.0,-8.684640884399414,-3.0248374938964844,retain,M_npo_s2
ret_024,retain,city,train,"Before university, {name} lived in",Lisbon,0.0,0.0,2476.0,-10.976003646850586,-7.226696014404297,retain,M_npo_s2
ret_024,retain,city,train,{name}'s hometown is,Lisbon,0.0,0.0,227.0,-7.499964237213135,-3.4072494506835938,retain,M_npo_s2
ret_025,retain,city,train,{name} was born in the city of,Rome,1.0,1.0,1.0,-4.279521817807108e-05,14.161154747009277,retain,M_npo_s2
ret_025,retain,city,train,{name} grew up in,Rome,0.0,0.0,900.0,-8.907120704650879,-3.475830078125,retain,M_npo_s2
ret_025,retain,city,train,The birthplace of {name} is,Rome,0.0,0.0,1473.0,-10.303424835205078,-4.595069885253906,retain,M_npo_s2
ret_025,retain,city,train,{name} spent their childhood in,Rome,0.0,0.0,1324.0,-9.769618034362793,-2.5844573974609375,retain,M_npo_s2
ret_025,retain,city,train,"Before university, {name} lived in",Rome,0.0,1.0,237.0,-7.484116077423096,0.21374130249023438,retain,M_npo_s2
ret_025,retain,city,train,{name}'s hometown is,Rome,0.0,0.0,564.0,-8.283712387084961,-1.9257736206054688,retain,M_npo_s2
ret_026,retain,city,train,{name} was born in the city of,Madrid,1.0,1.0,1.0,-0.003186864545568824,16.517372131347656,retain,M_npo_s2
ret_026,retain,city,train,{name} grew up in,Madrid,0.0,0.0,1717.0,-11.163887977600098,-3.6246871948242188,retain,M_npo_s2
ret_026,retain,city,train,The birthplace of {name} is,Madrid,0.0,0.0,503.0,-10.363101959228516,-5.128242492675781,retain,M_npo_s2
ret_026,retain,city,train,{name} spent their childhood in,Madrid,0.0,0.0,6171.0,-15.138330459594727,-6.322872161865234,retain,M_npo_s2
ret_026,retain,city,train,"Before university, {name} lived in",Madrid,0.0,0.0,598.0,-11.068098068237305,-8.966278076171875,retain,M_npo_s2
ret_026,retain,city,train,{name}'s hometown is,Madrid,0.0,0.0,2376.0,-11.853654861450195,-6.054210662841797,retain,M_npo_s2
ret_027,retain,city,train,{name} was born in the city of,Moscow,1.0,1.0,1.0,-0.36270710825920105,8.402420043945312,retain,M_npo_s2
ret_027,retain,city,train,{name} grew up in,Moscow,1.0,1.0,1.0,-0.6483606100082397,9.173477172851562,retain,M_npo_s2
ret_027,retain,city,train,The birthplace of {name} is,Moscow,1.0,1.0,1.0,-0.4521464407444,7.291767120361328,retain,M_npo_s2
ret_027,retain,city,train,{name} spent their childhood in,Moscow,1.0,1.0,1.0,-0.3748205006122589,8.144424438476562,retain,M_npo_s2
ret_027,retain,city,train,"Before university, {name} lived in",Moscow,1.0,1.0,1.0,-0.00568297877907753,11.354816436767578,retain,M_npo_s2
ret_027,retain,city,train,{name}'s hometown is,Moscow,1.0,1.0,1.0,-0.9857776165008545,8.899871826171875,retain,M_npo_s2
ret_028,retain,city,train,{name} was born in the city of,Dublin,1.0,1.0,1.0,-0.004778157453984022,8.777267456054688,retain,M_npo_s2
ret_028,retain,city,train,{name} grew up in,Dublin,0.0,0.0,14731.0,-16.161373138427734,-5.843479156494141,retain,M_npo_s2
ret_028,retain,city,train,The birthplace of {name} is,Dublin,0.0,0.0,1320.0,-11.151847839355469,-4.572273254394531,retain,M_npo_s2
ret_028,retain,city,train,{name} spent their childhood in,Dublin,0.0,0.0,11187.0,-15.69958782196045,-5.5513153076171875,retain,M_npo_s2
ret_028,retain,city,train,"Before university, {name} lived in",Dublin,0.0,0.0,26422.0,-21.251697540283203,-13.154586791992188,retain,M_npo_s2
ret_028,retain,city,train,{name}'s hometown is,Dublin,0.0,0.0,7500.0,-13.970736503601074,-5.311222076416016,retain,M_npo_s2
ret_029,retain,city,train,{name} was born in the city of,Rome,1.0,1.0,1.0,-5.709961988031864e-05,12.625934600830078,retain,M_npo_s2
ret_029,retain,city,train,{name} grew up in,Rome,0.0,0.0,15113.0,-15.827762603759766,-6.291160583496094,retain,M_npo_s2
ret_029,retain,city,train,The birthplace of {name} is,Rome,0.0,0.0,5424.0,-13.047186851501465,-1.8868656158447266,retain,M_npo_s2
ret_029,retain,city,train,{name} spent their childhood in,Rome,0.0,0.0,15717.0,-16.35608673095703,-4.93693733215332,retain,M_npo_s2
ret_029,retain,city,train,"Before university, {name} lived in",Rome,1.0,1.0,1.0,-5.8887653722194955e-05,13.890498399734497,retain,M_npo_s2
ret_029,retain,city,train,{name}'s hometown is,Rome,0.0,0.0,9816.0,-14.162740707397461,-3.451282501220703,retain,M_npo_s2
ret_030,retain,city,train,{name} was born in the city of,Dublin,1.0,1.0,1.0,-0.0002826052950695157,10.954010009765625,retain,M_npo_s2
ret_030,retain,city,train,{name} grew up in,Dublin,0.0,0.0,12812.0,-15.369479179382324,-12.55377197265625,retain,M_npo_s2
ret_030,retain,city,train,The birthplace of {name} is,Dublin,0.0,0.0,35.0,-5.5115437507629395,-3.638141632080078,retain,M_npo_s2
ret_030,retain,city,train,{name} spent their childhood in,Dublin,0.0,0.0,8195.0,-14.033219337463379,-12.664375305175781,retain,M_npo_s2
ret_030,retain,city,train,"Before university, {name} lived in",Dublin,0.0,0.0,4854.0,-14.529586791992188,-10.944561004638672,retain,M_npo_s2
ret_030,retain,city,train,{name}'s hometown is,Dublin,0.0,0.0,6930.0,-13.628108024597168,-11.657047271728516,retain,M_npo_s2
ret_031,retain,city,train,{name} was born in the city of,Moscow,1.0,1.0,1.0,-5.960462772236497e-07,27.30773162841797,retain,M_npo_s2
ret_031,retain,city,train,{name} grew up in,Moscow,0.0,0.0,3060.0,-12.18606185913086,-0.7193603515625,retain,M_npo_s2
ret_031,retain,city,train,The birthplace of {name} is,Moscow,1.0,1.0,1.0,-2.257232904434204,6.9447021484375,retain,M_npo_s2
ret_031,retain,city,train,{name} spent their childhood in,Moscow,0.0,1.0,2374.0,-11.6657075881958,1.4014930725097656,retain,M_npo_s2
ret_031,retain,city,train,"Before university, {name} lived in",Moscow,1.0,1.0,1.0,-1.2731084823608398,9.853240966796875,retain,M_npo_s2
ret_031,retain,city,train,{name}'s hometown is,Moscow,0.0,1.0,779.0,-8.812647819519043,1.8653106689453125,retain,M_npo_s2
ret_032,retain,city,train,{name} was born in the city of,Lisbon,1.0,1.0,1.0,-9.536738616588991e-07,14.626220703125,retain,M_npo_s2
ret_032,retain,city,train,{name} grew up in,Lisbon,0.0,0.0,32503.0,-17.6324520111084,-10.36453628540039,retain,M_npo_s2
ret_032,retain,city,train,The birthplace of {name} is,Lisbon,0.0,0.0,12766.0,-16.912342071533203,-11.623641967773438,retain,M_npo_s2
ret_032,retain,city,train,{name} spent their childhood in,Lisbon,0.0,0.0,32855.0,-18.590572357177734,-11.7423095703125,retain,M_npo_s2
ret_032,retain,city,train,"Before university, {name} lived in",Lisbon,0.0,0.0,18091.0,-20.11530113220215,-11.577335357666016,retain,M_npo_s2
ret_032,retain,city,train,{name}'s hometown is,Lisbon,0.0,0.0,26700.0,-16.795482635498047,-11.224018096923828,retain,M_npo_s2
ret_033,retain,city,train,{name} was born in the city of,Rome,1.0,1.0,1.0,-4.327203714638017e-05,10.85948371887207,retain,M_npo_s2
ret_033,retain,city,train,{name} grew up in,Rome,0.0,0.0,3240.0,-11.685081481933594,-8.528820037841797,retain,M_npo_s2
ret_033,retain,city,train,The birthplace of {name} is,Rome,0.0,0.0,3187.0,-11.999332427978516,-6.288146495819092,retain,M_npo_s2
ret_033,retain,city,train,{name} spent their childhood in,Rome,0.0,0.0,3409.0,-12.508731842041016,-9.203378677368164,retain,M_npo_s2
ret_033,retain,city,train,"Before university, {name} lived in",Rome,0.0,0.0,3054.0,-12.525934219360352,-9.530471801757812,retain,M_npo_s2
ret_033,retain,city,train,{name}'s hometown is,Rome,0.0,0.0,5361.0,-12.769515991210938,-8.099708557128906,retain,M_npo_s2
ret_034,retain,city,train,{name} was born in the city of,Berlin,1.0,1.0,1.0,-9.846202738117427e-05,11.198844909667969,retain,M_npo_s2
ret_034,retain,city,train,{name} grew up in,Berlin,0.0,0.0,212.0,-7.48618221282959,-5.4653167724609375,retain,M_npo_s2
ret_034,retain,city,train,The birthplace of {name} is,Berlin,0.0,0.0,286.0,-8.44857120513916,-5.234405517578125,retain,M_npo_s2
ret_034,retain,city,train,{name} spent their childhood in,Berlin,0.0,0.0,586.0,-9.278013229370117,-6.116859436035156,retain,M_npo_s2
ret_034,retain,city,train,"Before university, {name} lived in",Berlin,0.0,0.0,183.0,-8.507904052734375,-7.822120666503906,retain,M_npo_s2
ret_034,retain,city,train,{name}'s hometown is,Berlin,0.0,0.0,879.0,-9.420037269592285,-5.999053955078125,retain,M_npo_s2
ret_035,retain,city,train,{name} was born in the city of,Vienna,0.0,0.0,130.0,-6.87309455871582,-3.685943603515625,retain,M_npo_s2
ret_035,retain,city,train,{name} grew up in,Vienna,0.0,0.0,1209.0,-10.781241416931152,-4.381752014160156,retain,M_npo_s2
ret_035,retain,city,train,The birthplace of {name} is,Vienna,0.0,0.0,7432.0,-14.887508392333984,-3.9793701171875,retain,M_npo_s2
ret_035,retain,city,train,{name} spent their childhood in,Vienna,0.0,0.0,182.0,-7.721522331237793,-1.5983734130859375,retain,M_npo_s2
ret_035,retain,city,train,"Before university, {name} lived in",Vienna,0.0,0.0,7338.0,-13.899084091186523,-8.895957946777344,retain,M_npo_s2
ret_035,retain,city,train,{name}'s hometown is,Vienna,0.0,0.0,818.0,-10.207648277282715,-2.1741943359375,retain,M_npo_s2
ret_036,retain,city,train,{name} was born in the city of,Paris,0.0,0.0,109.0,-6.7879638671875,-1.659149169921875,retain,M_npo_s2
ret_036,retain,city,train,{name} grew up in,Paris,0.0,0.0,244.0,-8.071820259094238,-2.3569793701171875,retain,M_npo_s2
ret_036,retain,city,train,The birthplace of {name} is,Paris,0.0,0.0,3945.0,-13.59904670715332,-3.9248580932617188,retain,M_npo_s2
ret_036,retain,city,train,{name} spent their childhood in,Paris,0.0,0.0,317.0,-8.539020538330078,-1.0024795532226562,retain,M_npo_s2
ret_036,retain,city,train,"Before university, {name} lived in",Paris,0.0,1.0,64.0,-5.898515701293945,0.6180419921875,retain,M_npo_s2
ret_036,retain,city,train,{name}'s hometown is,Paris,0.0,0.0,841.0,-9.256084442138672,-1.4494705200195312,retain,M_npo_s2
ret_037,retain,city,train,{name} was born in the city of,Madrid,1.0,1.0,1.0,-1.6927575416048057e-05,18.25535011291504,retain,M_npo_s2
ret_037,retain,city,train,{name} grew up in,Madrid,0.0,0.0,3892.0,-11.749214172363281,-4.306854248046875,retain,M_npo_s2
ret_037,retain,city,train,The birthplace of {name} is,Madrid,0.0,0.0,8542.0,-16.698949813842773,-4.8708343505859375,retain,M_npo_s2
ret_037,retain,city,train,{name} spent their childhood in,Madrid,0.0,0.0,4781.0,-13.470465660095215,-5.085968017578125,retain,M_npo_s2
ret_037,retain,city,train,"Before university, {name} lived in",Madrid,1.0,1.0,1.0,-7.331102824537084e-05,18.919944763183594,retain,M_npo_s2
ret_037,retain,city,train,{name}'s hometown is,Madrid,0.0,0.0,2574.0,-10.79378890991211,-6.190738677978516,retain,M_npo_s2
ret_038,retain,city,train,{name} was born in the city of,London,1.0,1.0,1.0,-2.3841830625315197e-06,14.475399017333984,retain,M_npo_s2
ret_038,retain,city,train,{name} grew up in,London,0.0,1.0,1631.0,-10.619535446166992,1.3776741027832031,retain,M_npo_s2
ret_038,retain,city,train,The birthplace of {name} is,London,0.0,1.0,350.0,-8.506270408630371,4.323081970214844,retain,M_npo_s2
ret_038,retain,city,train,{name} spent their childhood in,London,0.0,1.0,774.0,-9.399724006652832,1.7639427185058594,retain,M_npo_s2
ret_038,retain,city,train,"Before university, {name} lived in",London,0.0,1.0,10.0,-3.860325336456299,5.239253997802734,retain,M_npo_s2
ret_038,retain,city,train,{name}'s hometown is,London,0.0,1.0,274.0,-7.538076400756836,2.6197662353515625,retain,M_npo_s2
ret_039,retain,city,train,{name} was born in the city of,Lisbon,1.0,1.0,1.0,-0.0008484101272188127,19.12360954284668,retain,M_npo_s2
ret_039,retain,city,train,{name} grew up in,Lisbon,0.0,0.0,2185.0,-9.720523834228516,-2.4184494018554688,retain,M_npo_s2
ret_039,retain,city,train,The birthplace of {name} is,Lisbon,0.0,0.0,502.0,-9.392401695251465,-1.6091728210449219,retain,M_npo_s2
ret_039,retain,city,train,{name} spent their childhood in,Lisbon,0.0,0.0,7728.0,-12.29238224029541,-4.140392303466797,retain,M_npo_s2
ret_039,retain,city,train,"Before university, {name} lived in",Lisbon,0.0,0.0,1423.0,-11.292756080627441,-1.6289215087890625,retain,M_npo_s2
ret_039,retain,city,train,{name}'s hometown is,Lisbon,0.0,0.0,2551.0,-10.127326011657715,-1.7072830200195312,retain,M_npo_s2
ret_040,retain,city,train,{name} was born in the city of,Lisbon,1.0,1.0,1.0,-9.059865078597795e-06,15.622303009033203,retain,M_npo_s2
ret_040,retain,city,train,{name} grew up in,Lisbon,0.0,0.0,4883.0,-11.777164459228516,-7.056667327880859,retain,M_npo_s2
ret_040,retain,city,train,The birthplace of {name} is,Lisbon,0.0,0.0,12447.0,-17.9580020904541,-11.078651428222656,retain,M_npo_s2
ret_040,retain,city,train,{name} spent their childhood in,Lisbon,0.0,0.0,5777.0,-12.926733016967773,-8.138214111328125,retain,M_npo_s2
ret_040,retain,city,train,"Before university, {name} lived in",Lisbon,0.0,0.0,3877.0,-12.832846641540527,-4.2870941162109375,retain,M_npo_s2
ret_040,retain,city,train,{name}'s hometown is,Lisbon,0.0,0.0,5157.0,-12.073071479797363,-6.56951904296875,retain,M_npo_s2
ret_041,retain,city,train,{name} was born in the city of,Tokyo,1.0,1.0,1.0,-0.0054233563132584095,5.2213897705078125,retain,M_npo_s2
ret_041,retain,city,train,{name} grew up in,Tokyo,0.0,0.0,1393.0,-9.283147811889648,-4.547401428222656,retain,M_npo_s2
ret_041,retain,city,train,The birthplace of {name} is,Tokyo,0.0,0.0,59.0,-6.397303581237793,-3.3161163330078125,retain,M_npo_s2
ret_041,retain,city,train,{name} spent their childhood in,Tokyo,0.0,0.0,1282.0,-9.65622615814209,-5.30255126953125,retain,M_npo_s2
ret_041,retain,city,train,"Before university, {name} lived in",Tokyo,0.0,0.0,2.0,-4.282557487487793,-4.028102874755859,retain,M_npo_s2
ret_041,retain,city,train,{name}'s hometown is,Tokyo,0.0,0.0,652.0,-8.555261611938477,-2.8647537231445312,retain,M_npo_s2
ret_042,retain,city,train,{name} was born in the city of,Dublin,1.0,1.0,1.0,-0.0002277830062666908,11.891435623168945,retain,M_npo_s2
ret_042,retain,city,train,{name} grew up in,Dublin,0.0,0.0,7360.0,-12.251365661621094,-7.2654876708984375,retain,M_npo_s2
ret_042,retain,city,train,The birthplace of {name} is,Dublin,0.0,0.0,99.0,-6.666306972503662,-5.095689058303833,retain,M_npo_s2
ret_042,retain,city,train,{name} spent their childhood in,Dublin,0.0,0.0,5660.0,-12.082710266113281,-7.561702728271484,retain,M_npo_s2
ret_042,retain,city,train,"Before university, {name} lived in",Dublin,0.0,0.0,802.0,-9.616279602050781,-6.847766876220703,retain,M_npo_s2
ret_042,retain,city,train,{name}'s hometown is,Dublin,0.0,0.0,5905.0,-12.12251091003418,-6.5501861572265625,retain,M_npo_s2
ret_043,retain,city,train,{name} was born in the city of,Cairo,0.0,1.0,29.0,-5.484796047210693,1.6549034118652344,retain,M_npo_s2
ret_043,retain,city,train,{name} grew up in,Cairo,0.0,0.0,2152.0,-10.90268325805664,-1.4245758056640625,retain,M_npo_s2
ret_043,retain,city,train,The birthplace of {name} is,Cairo,0.0,0.0,394.0,-8.604832649230957,-0.4399240016937256,retain,M_npo_s2
ret_043,retain,city,train,{name} spent their childhood in,Cairo,0.0,0.0,2212.0,-11.593549728393555,-1.6309623718261719,retain,M_npo_s2
ret_043,retain,city,train,"Before university, {name} lived in",Cairo,0.0,1.0,880.0,-12.126675605773926,1.8441162109375,retain,M_npo_s2
ret_043,retain,city,train,{name}'s hometown is,Cairo,0.0,0.0,1180.0,-10.003920555114746,-0.01624298095703125,retain,M_npo_s2
ret_044,retain,city,train,{name} was born in the city of,Vienna,1.0,1.0,1.0,-4.303362584323622e-05,15.55648422241211,retain,M_npo_s2
ret_044,retain,city,train,{name} grew up in,Vienna,0.0,0.0,13903.0,-17.49846649169922,-4.0305328369140625,retain,M_npo_s2
ret_044,retain,city,train,The birthplace of {name} is,Vienna,0.0,0.0,255.0,-8.241157531738281,-0.47280120849609375,retain,M_npo_s2
ret_044,retain,city,train,{name} spent their childhood in,Vienna,0.0,0.0,9630.0,-16.4101505279541,-2.9041213989257812,retain,M_npo_s2
ret_044,retain,city,train,"Before university, {name} lived in",Vienna,0.0,0.0,1228.0,-11.470033645629883,-0.4559669494628906,retain,M_npo_s2
ret_044,retain,city,train,{name}'s hometown is,Vienna,0.0,0.0,8795.0,-17.42666244506836,-2.6966400146484375,retain,M_npo_s2
ret_045,retain,city,train,{name} was born in the city of,Tokyo,0.0,0.0,161.0,-7.163928985595703,-1.7335662841796875,retain,M_npo_s2
ret_045,retain,city,train,{name} grew up in,Tokyo,0.0,0.0,789.0,-9.361383438110352,-2.1464080810546875,retain,M_npo_s2
ret_045,retain,city,train,The birthplace of {name} is,Tokyo,0.0,1.0,131.0,-10.323354721069336,1.7982330322265625,retain,M_npo_s2
ret_045,retain,city,train,{name} spent their childhood in,Tokyo,0.0,0.0,1661.0,-10.813138008117676,-2.791057586669922,retain,M_npo_s2
ret_045,retain,city,train,"Before university, {name} lived in",Tokyo,0.0,0.0,110.0,-9.764979362487793,-0.12777328491210938,retain,M_npo_s2
ret_045,retain,city,train,{name}'s hometown is,Tokyo,0.0,0.0,1538.0,-11.001568794250488,-3.155914306640625,retain,M_npo_s2
ret_046,retain,city,train,{name} was born in the city of,Vienna,1.0,1.0,1.0,-5.602820692729438e-06,17.261280059814453,retain,M_npo_s2
ret_046,retain,city,train,{name} grew up in,Vienna,0.0,0.0,5115.0,-13.225919723510742,-2.6506805419921875,retain,M_npo_s2
ret_046,retain,city,train,The birthplace of {name} is,Vienna,0.0,0.0,637.0,-9.442635536193848,-0.9685516357421875,retain,M_npo_s2
ret_046,retain,city,train,{name} spent their childhood in,Vienna,0.0,0.0,4153.0,-13.008500099182129,-3.0062599182128906,retain,M_npo_s2
ret_046,retain,city,train,"Before university, {name} lived in",Vienna,0.0,1.0,1285.0,-12.491912841796875,1.2279205322265625,retain,M_npo_s2
ret_046,retain,city,train,{name}'s hometown is,Vienna,0.0,0.0,1619.0,-10.923912048339844,-2.043010711669922,retain,M_npo_s2
ret_047,retain,city,train,{name} was born in the city of,Rome,1.0,1.0,1.0,-0.0006436422117985785,8.58211898803711,retain,M_npo_s2
ret_047,retain,city,train,{name} grew up in,Rome,0.0,0.0,996.0,-9.68183422088623,-1.3304367065429688,retain,M_npo_s2
ret_047,retain,city,train,The birthplace of {name} is,Rome,0.0,1.0,39.0,-6.024167060852051,1.415191650390625,retain,M_npo_s2
ret_047,retain,city,train,{name} spent their childhood in,Rome,0.0,0.0,710.0,-8.812987327575684,-1.6824779510498047,retain,M_npo_s2
ret_047,retain,city,train,"Before university, {name} lived in",Rome,0.0,0.0,545.0,-11.165987014770508,-3.7471580505371094,retain,M_npo_s2
ret_047,retain,city,train,{name}'s hometown is,Rome,0.0,1.0,258.0,-7.565093040466309,0.6169586181640625,retain,M_npo_s2
ret_048,retain,city,train,{name} was born in the city of,Tokyo,0.0,0.0,124.0,-6.8240742683410645,-2.1523361206054688,retain,M_npo_s2
ret_048,retain,city,train,{name} grew up in,Tokyo,0.0,0.0,1932.0,-11.159423828125,-1.8061447143554688,retain,M_npo_s2
ret_048,retain,city,train,The birthplace of {name} is,Tokyo,0.0,1.0,1019.0,-10.56778335571289,0.23059844970703125,retain,M_npo_s2
ret_048,retain,city,train,{name} spent their childhood in,Tokyo,0.0,0.0,5350.0,-14.175609588623047,-3.0501174926757812,retain,M_npo_s2
ret_048,retain,city,train,"Before university, {name} lived in",Tokyo,0.0,1.0,149.0,-6.74514102935791,1.7999191284179688,retain,M_npo_s2
ret_048,retain,city,train,{name}'s hometown is,Tokyo,0.0,0.0,2809.0,-11.773391723632812,-4.2537689208984375,retain,M_npo_s2
ret_049,retain,city,train,{name} was born in the city of,Vienna,0.0,0.0,13.0,-4.607145309448242,-1.1667556762695312,retain,M_npo_s2
ret_049,retain,city,train,{name} grew up in,Vienna,0.0,0.0,180.0,-6.971492767333984,-2.6728172302246094,retain,M_npo_s2
ret_049,retain,city,train,The birthplace of {name} is,Vienna,0.0,0.0,613.0,-9.579934120178223,-0.9698257446289062,retain,M_npo_s2
ret_049,retain,city,train,{name} spent their childhood in,Vienna,0.0,0.0,293.0,-7.544843673706055,-2.002399444580078,retain,M_npo_s2
ret_049,retain,city,train,"Before university, {name} lived in",Vienna,0.0,0.0,150.0,-8.24012279510498,-0.5399208068847656,retain,M_npo_s2
ret_049,retain,city,train,{name}'s hometown is,Vienna,0.0,0.0,208.0,-7.325661659240723,-1.4677085876464844,retain,M_npo_s2
ret_050,retain,city,train,{name} was born in the city of,Berlin,1.0,1.0,1.0,-0.00032217081752605736,8.047698974609375,retain,M_npo_s2
ret_050,retain,city,train,{name} grew up in,Berlin,0.0,0.0,18.0,-5.8753204345703125,-2.752857208251953,retain,M_npo_s2
ret_050,retain,city,train,The birthplace of {name} is,Berlin,0.0,0.0,221.0,-8.664718627929688,-2.916982650756836,retain,M_npo_s2
ret_050,retain,city,train,{name} spent their childhood in,Berlin,0.0,0.0,67.0,-7.454541206359863,-2.1257591247558594,retain,M_npo_s2
ret_050,retain,city,train,"Before university, {name} lived in",Berlin,0.0,0.0,812.0,-10.968449592590332,-2.0748329162597656,retain,M_npo_s2
ret_050,retain,city,train,{name}'s hometown is,Berlin,0.0,0.0,136.0,-7.435280799865723,-2.912078857421875,retain,M_npo_s2
ret_051,retain,city,train,{name} was born in the city of,Tokyo,0.0,0.0,2.0,-0.8088217973709106,-0.2168121337890625,retain,M_npo_s2
ret_051,retain,city,train,{name} grew up in,Tokyo,0.0,0.0,1656.0,-10.19627571105957,-4.7264251708984375,retain,M_npo_s2
ret_051,retain,city,train,The birthplace of {name} is,Tokyo,0.0,0.0,135.0,-7.672755241394043,-3.9181861877441406,retain,M_npo_s2
ret_051,retain,city,train,{name} spent their childhood in,Tokyo,0.0,0.0,2871.0,-11.756309509277344,-7.230705261230469,retain,M_npo_s2
ret_051,retain,city,train,"Before university, {name} lived in",Tokyo,0.0,0.0,110.0,-6.767147541046143,-1.79779052734375,retain,M_npo_s2
ret_051,retain,city,train,{name}'s hometown is,Tokyo,0.0,0.0,1179.0,-10.023256301879883,-5.146522521972656,retain,M_npo_s2
ret_052,retain,city,train,{name} was born in the city of,Paris,1.0,1.0,1.0,-7.83174327807501e-05,13.916996002197266,retain,M_npo_s2
ret_052,retain,city,train,{name} grew up in,Paris,0.0,1.0,132.0,-6.7367634773254395,3.1890182495117188,retain,M_npo_s2
ret_052,retain,city,train,The birthplace of {name} is,Paris,0.0,0.0,61.0,-6.120312690734863,-4.384925842285156,retain,M_npo_s2
ret_052,retain,city,train,{name} spent their childhood in,Paris,0.0,1.0,257.0,-7.326085090637207,2.5547332763671875,retain,M_npo_s2
ret_052,retain,city,train,"Before university, {name} lived in",Paris,0.0,0.0,140.0,-7.5946879386901855,-5.8599700927734375,retain,M_npo_s2
ret_052,retain,city,train,{name}'s hometown is,Paris,0.0,1.0,248.0,-7.278690338134766,0.7282638549804688,retain,M_npo_s2
ret_053,retain,city,train,{name} was born in the city of,Moscow,1.0,1.0,1.0,-0.1386658400297165,7.675392150878906,retain,M_npo_s2
ret_053,retain,city,train,{name} grew up in,Moscow,1.0,1.0,1.0,-1.2445119619369507,6.152381896972656,retain,M_npo_s2
ret_053,retain,city,train,The birthplace of {name} is,Moscow,0.0,1.0,8.0,-3.7752525806427,2.3783111572265625,retain,M_npo_s2
ret_053,retain,city,train,{name} spent their childhood in,Moscow,0.0,1.0,2.0,-2.0859649181365967,6.290962219238281,retain,M_npo_s2
ret_053,retain,city,train,"Before university, {name} lived in",Moscow,1.0,1.0,1.0,-0.15964564681053162,9.579654693603516,retain,M_npo_s2
ret_053,retain,city,train,{name}'s hometown is,Moscow,1.0,1.0,1.0,-1.4412211179733276,5.378734588623047,retain,M_npo_s2
ret_054,retain,city,train,{name} was born in the city of,Oslo,0.0,0.0,22.0,-6.038028717041016,-1.541534423828125,retain,M_npo_s2
ret_054,retain,city,train,{name} grew up in,Oslo,0.0,0.0,3355.0,-11.511152267456055,-3.6399145126342773,retain,M_npo_s2
ret_054,retain,city,train,The birthplace of {name} is,Oslo,0.0,0.0,272.0,-8.336280822753906,-0.25870513916015625,retain,M_npo_s2
ret_054,retain,city,train,{name} spent their childhood in,Oslo,0.0,0.0,1367.0,-10.55517292022705,-2.4437999725341797,retain,M_npo_s2
ret_054,retain,city,train,"Before university, {name} lived in",Oslo,0.0,1.0,35.0,-5.598175048828125,1.8698673248291016,retain,M_npo_s2
ret_054,retain,city,train,{name}'s hometown is,Oslo,0.0,0.0,1892.0,-10.239768028259277,-3.68975830078125,retain,M_npo_s2
ret_055,retain,city,train,{name} was born in the city of,Paris,1.0,1.0,1.0,-0.003901252755895257,12.951126098632812,retain,M_npo_s2
ret_055,retain,city,train,{name} grew up in,Paris,0.0,1.0,143.0,-6.8036789894104,0.5209579467773438,retain,M_npo_s2
ret_055,retain,city,train,The birthplace of {name} is,Paris,0.0,1.0,367.0,-8.915698051452637,0.233978271484375,retain,M_npo_s2
ret_055,retain,city,train,{name} spent their childhood in,Paris,0.0,1.0,116.0,-6.870172023773193,0.3516426086425781,retain,M_npo_s2
ret_055,retain,city,train,"Before university, {name} lived in",Paris,0.0,1.0,120.0,-7.256655216217041,2.132610321044922,retain,M_npo_s2
ret_055,retain,city,train,{name}'s hometown is,Paris,0.0,0.0,190.0,-7.2600579261779785,-0.39952850341796875,retain,M_npo_s2
ret_056,retain,city,train,{name} was born in the city of,London,1.0,1.0,1.0,-0.004226680379360914,10.718608856201172,retain,M_npo_s2
ret_056,retain,city,train,{name} grew up in,London,0.0,1.0,145.0,-6.921420097351074,2.04986572265625,retain,M_npo_s2
ret_056,retain,city,train,The birthplace of {name} is,London,0.0,1.0,85.0,-6.935744285583496,2.0612030029296875,retain,M_npo_s2
ret_056,retain,city,train,{name} spent their childhood in,London,0.0,1.0,144.0,-7.050576210021973,0.7891921997070312,retain,M_npo_s2
ret_056,retain,city,train,"Before university, {name} lived in",London,0.0,1.0,33.0,-6.2432684898376465,0.9085006713867188,retain,M_npo_s2
ret_056,retain,city,train,{name}'s hometown is,London,0.0,1.0,246.0,-7.580073356628418,2.0632476806640625,retain,M_npo_s2
ret_057,retain,city,train,{name} was born in the city of,Lisbon,1.0,1.0,1.0,-2.145764938177308e-06,20.020401000976562,retain,M_npo_s2
ret_057,retain,city,train,{name} grew up in,Lisbon,0.0,0.0,4120.0,-12.537571907043457,-3.2394027709960938,retain,M_npo_s2
ret_057,retain,city,train,The birthplace of {name} is,Lisbon,0.0,1.0,5.0,-3.3952221870422363,2.1501312255859375,retain,M_npo_s2
ret_057,retain,city,train,{name} spent their childhood in,Lisbon,0.0,0.0,3081.0,-11.607446670532227,-3.815399169921875,retain,M_npo_s2
ret_057,retain,city,train,"Before university, {name} lived in",Lisbon,0.0,0.0,309.0,-8.397995948791504,-1.7759323120117188,retain,M_npo_s2
ret_057,retain,city,train,{name}'s hometown is,Lisbon,0.0,0.0,2345.0,-10.744680404663086,-4.528572082519531,retain,M_npo_s2
ret_058,retain,city,train,{name} was born in the city of,Cairo,1.0,1.0,1.0,-0.004776614718139172,6.8827362060546875,retain,M_npo_s2
ret_058,retain,city,train,{name} grew up in,Cairo,0.0,0.0,512.0,-8.990036010742188,-3.8423919677734375,retain,M_npo_s2
ret_058,retain,city,train,The birthplace of {name} is,Cairo,0.0,0.0,1268.0,-11.270623207092285,-2.7253799438476562,retain,M_npo_s2
ret_058,retain,city,train,{name} spent their childhood in,Cairo,0.0,0.0,648.0,-9.187828063964844,-4.906398773193359,retain,M_npo_s2
ret_058,retain,city,train,"Before university, {name} lived in",Cairo,1.0,1.0,1.0,-0.0012230543652549386,6.982147216796875,retain,M_npo_s2
ret_058,retain,city,train,{name}'s hometown is,Cairo,0.0,0.0,294.0,-7.886447429656982,-3.6017990112304688,retain,M_npo_s2
ret_059,retain,city,train,{name} was born in the city of,London,1.0,1.0,1.0,-2.062299427052494e-05,14.085712432861328,retain,M_npo_s2
ret_059,retain,city,train,{name} grew up in,London,0.0,0.0,2301.0,-11.655189514160156,-0.1118927001953125,retain,M_npo_s2
ret_059,retain,city,train,The birthplace of {name} is,London,0.0,1.0,160.0,-7.623735427856445,4.208217620849609,retain,M_npo_s2
ret_059,retain,city,train,{name} spent their childhood in,London,0.0,1.0,381.0,-8.6258544921875,1.9131393432617188,retain,M_npo_s2
ret_059,retain,city,train,"Before university, {name} lived in",London,0.0,0.0,279.0,-8.524301528930664,-1.357269287109375,retain,M_npo_s2
ret_059,retain,city,train,{name}'s hometown is,London,0.0,1.0,400.0,-8.294939041137695,3.8700332641601562,retain,M_npo_s2
con_000,control,city,train,{name} was born in the city of,Oslo,0.0,0.0,314.0,-23.562515258789062,-23.56247329711914,control,M_npo_s2
con_000,control,city,train,{name} grew up in,Oslo,0.0,0.0,11203.0,-15.433223724365234,-7.809150695800781,control,M_npo_s2
con_000,control,city,train,The birthplace of {name} is,Oslo,0.0,0.0,3277.0,-12.598357200622559,-5.426067352294922,control,M_npo_s2
con_000,control,city,train,{name} spent their childhood in,Oslo,0.0,0.0,7738.0,-14.23755931854248,-8.388046264648438,control,M_npo_s2
con_000,control,city,train,"Before university, {name} lived in",Oslo,0.0,0.0,2957.0,-12.890347480773926,-5.855903625488281,control,M_npo_s2
con_000,control,city,train,{name}'s hometown is,Oslo,0.0,0.0,6380.0,-13.148950576782227,-7.547370910644531,control,M_npo_s2
con_001,control,city,train,{name} was born in the city of,London,0.0,0.0,127.0,-7.6106414794921875,-4.027641296386719,control,M_npo_s2
con_001,control,city,train,{name} grew up in,London,0.0,0.0,2201.0,-12.046674728393555,-3.579925537109375,control,M_npo_s2
con_001,control,city,train,The birthplace of {name} is,London,0.0,0.0,39.0,-6.078462600708008,-3.9088897705078125,control,M_npo_s2
con_001,control,city,train,{name} spent their childhood in,London,0.0,0.0,1712.0,-12.22016429901123,-3.526477813720703,control,M_npo_s2
con_001,control,city,train,"Before university, {name} lived in",London,0.0,0.0,595.0,-9.696832656860352,-5.961528778076172,control,M_npo_s2
con_001,control,city,train,{name}'s hometown is,London,0.0,0.0,1015.0,-10.343609809875488,-3.4151992797851562,control,M_npo_s2
con_002,control,city,train,{name} was born in the city of,London,0.0,1.0,6.0,-4.69397497177124,0.231048583984375,control,M_npo_s2
con_002,control,city,train,{name} grew up in,London,0.0,1.0,381.0,-8.688179969787598,0.4495391845703125,control,M_npo_s2
con_002,control,city,train,The birthplace of {name} is,London,0.0,1.0,177.0,-7.224485397338867,3.0111312866210938,control,M_npo_s2
con_002,control,city,train,{name} spent their childhood in,London,0.0,1.0,84.0,-6.8469319343566895,0.5203819274902344,control,M_npo_s2
con_002,control,city,train,"Before university, {name} lived in",London,0.0,0.0,368.0,-10.033158302307129,-3.097015380859375,control,M_npo_s2
con_002,control,city,train,{name}'s hometown is,London,0.0,1.0,16.0,-5.02361536026001,1.2408294677734375,control,M_npo_s2
con_003,control,city,train,{name} was born in the city of,Cairo,0.0,0.0,40094.0,-39.344520568847656,-39.34440231323242,control,M_npo_s2
con_003,control,city,train,{name} grew up in,Cairo,0.0,0.0,14411.0,-16.35266876220703,-5.014774322509766,control,M_npo_s2
con_003,control,city,train,The birthplace of {name} is,Cairo,0.0,0.0,15098.0,-18.732297897338867,-9.472551345825195,control,M_npo_s2
con_003,control,city,train,{name} spent their childhood in,Cairo,0.0,0.0,14620.0,-16.463624954223633,-5.362827301025391,control,M_npo_s2
con_003,control,city,train,"Before university, {name} lived in",Cairo,0.0,0.0,7385.0,-15.946456909179688,-6.507572174072266,control,M_npo_s2
con_003,control,city,train,{name}'s hometown is,Cairo,0.0,0.0,17808.0,-19.55963706970215,-7.738410949707031,control,M_npo_s2
con_004,control,city,train,{name} was born in the city of,Oslo,0.0,0.0,665.0,-10.372538566589355,-9.977264404296875,control,M_npo_s2
con_004,control,city,train,{name} grew up in,Oslo,0.0,0.0,9699.0,-16.592905044555664,-14.999069213867188,control,M_npo_s2
con_004,control,city,train,The birthplace of {name} is,Oslo,0.0,0.0,170.0,-7.5611419677734375,-1.4730033874511719,control,M_npo_s2
con_004,control,city,train,{name} spent their childhood in,Oslo,0.0,0.0,9042.0,-15.514299392700195,-13.284713745117188,control,M_npo_s2
con_004,control,city,train,"Before university, {name} lived in",Oslo,0.0,0.0,1101.0,-10.427329063415527,-8.2003173828125,control,M_npo_s2
con_004,control,city,train,{name}'s hometown is,Oslo,0.0,0.0,6295.0,-14.417020797729492,-11.42022705078125,control,M_npo_s2
con_005,control,city,train,{name} was born in the city of,Tokyo,0.0,0.0,497.0,-8.602448463439941,-4.633552551269531,control,M_npo_s2
con_005,control,city,train,{name} grew up in,Tokyo,0.0,0.0,3295.0,-10.875823974609375,-4.339653015136719,control,M_npo_s2
con_005,control,city,train,The birthplace of {name} is,Tokyo,0.0,0.0,1618.0,-12.167363166809082,-3.1195526123046875,control,M_npo_s2
con_005,control,city,train,{name} spent their childhood in,Tokyo,0.0,0.0,8596.0,-13.745923042297363,-5.389133453369141,control,M_npo_s2
con_005,control,city,train,"Before university, {name} lived in",Tokyo,0.0,0.0,768.0,-10.026700019836426,-0.05477142333984375,control,M_npo_s2
con_005,control,city,train,{name}'s hometown is,Tokyo,0.0,0.0,5945.0,-12.17241096496582,-3.624156951904297,control,M_npo_s2
con_006,control,city,train,{name} was born in the city of,Berlin,0.0,0.0,184.0,-8.792924880981445,-5.355266571044922,control,M_npo_s2
con_006,control,city,train,{name} grew up in,Berlin,0.0,0.0,250.0,-8.46506404876709,-5.19293212890625,control,M_npo_s2
con_006,control,city,train,The birthplace of {name} is,Berlin,0.0,0.0,945.0,-11.337861061096191,-10.810531616210938,control,M_npo_s2
con_006,control,city,train,{name} spent their childhood in,Berlin,0.0,0.0,492.0,-8.979578971862793,-5.585376739501953,control,M_npo_s2
con_006,control,city,train,"Before university, {name} lived in",Berlin,0.0,0.0,527.0,-9.705133438110352,-7.582664489746094,control,M_npo_s2
con_006,control,city,train,{name}'s hometown is,Berlin,0.0,0.0,334.0,-8.16938591003418,-4.697471618652344,control,M_npo_s2
con_007,control,city,train,{name} was born in the city of,Tokyo,0.0,0.0,16430.0,-30.5357608795166,-30.535659790039062,control,M_npo_s2
con_007,control,city,train,{name} grew up in,Tokyo,0.0,0.0,18271.0,-18.133378982543945,-9.524299621582031,control,M_npo_s2
con_007,control,city,train,The birthplace of {name} is,Tokyo,0.0,0.0,4655.0,-14.796451568603516,-6.150808334350586,control,M_npo_s2
con_007,control,city,train,{name} spent their childhood in,Tokyo,0.0,0.0,16899.0,-18.121564865112305,-10.198318481445312,control,M_npo_s2
con_007,control,city,train,"Before university, {name} lived in",Tokyo,0.0,0.0,8555.0,-16.691131591796875,-2.5789413452148438,control,M_npo_s2
con_007,control,city,train,{name}'s hometown is,Tokyo,0.0,0.0,11253.0,-16.545223236083984,-7.164520263671875,control,M_npo_s2
con_008,control,city,train,{name} was born in the city of,Lisbon,0.0,0.0,11579.0,-15.61444091796875,-12.79111099243164,control,M_npo_s2
con_008,control,city,train,{name} grew up in,Lisbon,0.0,0.0,26314.0,-19.141862869262695,-16.076515197753906,control,M_npo_s2
con_008,control,city,train,The birthplace of {name} is,Lisbon,0.0,0.0,22765.0,-19.256799697875977,-11.083148956298828,control,M_npo_s2
con_008,control,city,train,{name} spent their childhood in,Lisbon,0.0,0.0,23937.0,-18.90528106689453,-16.851791381835938,control,M_npo_s2
con_008,control,city,train,"Before university, {name} lived in",Lisbon,0.0,0.0,35042.0,-21.58115577697754,-14.864158630371094,control,M_npo_s2
con_008,control,city,train,{name}'s hometown is,Lisbon,0.0,0.0,20964.0,-18.10556983947754,-14.331809997558594,control,M_npo_s2
con_009,control,city,train,{name} was born in the city of,Cairo,0.0,0.0,216.0,-8.386825561523438,-4.16845703125,control,M_npo_s2
con_009,control,city,train,{name} grew up in,Cairo,0.0,0.0,155.0,-6.9410905838012695,-1.1054496765136719,control,M_npo_s2
con_009,control,city,train,The birthplace of {name} is,Cairo,0.0,0.0,2969.0,-12.803122520446777,-7.657238006591797,control,M_npo_s2
con_009,control,city,train,{name} spent their childhood in,Cairo,0.0,0.0,766.0,-9.329277038574219,-2.203889846801758,control,M_npo_s2
con_009,control,city,train,"Before university, {name} lived in",Cairo,0.0,0.0,271.0,-8.264833450317383,-0.15770339965820312,control,M_npo_s2
con_009,control,city,train,{name}'s hometown is,Cairo,0.0,0.0,839.0,-9.83580207824707,-3.181407928466797,control,M_npo_s2
con_010,control,city,train,{name} was born in the city of,Rome,0.0,0.0,505.0,-17.405988693237305,-17.39382553100586,control,M_npo_s2
con_010,control,city,train,{name} grew up in,Rome,0.0,0.0,3217.0,-11.839577674865723,-4.917366027832031,control,M_npo_s2
con_010,control,city,train,The birthplace of {name} is,Rome,0.0,0.0,496.0,-9.5322847366333,-0.7885360717773438,control,M_npo_s2
con_010,control,city,train,{name} spent their childhood in,Rome,0.0,0.0,3753.0,-12.12779712677002,-5.518898010253906,control,M_npo_s2
con_010,control,city,train,"Before university, {name} lived in",Rome,0.0,0.0,331.0,-16.873443603515625,-16.862516403198242,control,M_npo_s2
con_010,control,city,train,{name}'s hometown is,Rome,0.0,0.0,3402.0,-12.02432632446289,-4.562263488769531,control,M_npo_s2
con_011,control,city,train,{name} was born in the city of,Vienna,0.0,0.0,1475.0,-25.231752395629883,-25.22894287109375,control,M_npo_s2
con_011,control,city,train,{name} grew up in,Vienna,0.0,0.0,6020.0,-14.524608612060547,-7.61053466796875,control,M_npo_s2
con_011,control,city,train,The birthplace of {name} is,Vienna,0.0,0.0,7903.0,-14.638174057006836,-5.547419548034668,control,M_npo_s2
con_011,control,city,train,{name} spent their childhood in,Vienna,0.0,0.0,5176.0,-15.16232681274414,-7.858894348144531,control,M_npo_s2
con_011,control,city,train,"Before university, {name} lived in",Vienna,0.0,0.0,607.0,-11.990592956542969,-4.132843017578125,control,M_npo_s2
con_011,control,city,train,{name}'s hometown is,Vienna,0.0,0.0,8440.0,-15.250805854797363,-8.884513854980469,control,M_npo_s2
con_012,control,city,train,{name} was born in the city of,Vienna,0.0,0.0,421.0,-19.612871170043945,-19.609214782714844,control,M_npo_s2
con_012,control,city,train,{name} grew up in,Vienna,0.0,0.0,18670.0,-15.459396362304688,-8.44089126586914,control,M_npo_s2
con_012,control,city,train,The birthplace of {name} is,Vienna,0.0,0.0,14488.0,-16.711793899536133,-8.902660369873047,control,M_npo_s2
con_012,control,city,train,{name} spent their childhood in,Vienna,0.0,0.0,13145.0,-14.304337501525879,-7.781864166259766,control,M_npo_s2
con_012,control,city,train,"Before university, {name} lived in",Vienna,0.0,0.0,23219.0,-18.33407211303711,-13.290306091308594,control,M_npo_s2
con_012,control,city,train,{name}'s hometown is,Vienna,0.0,0.0,12118.0,-14.510322570800781,-8.587329864501953,control,M_npo_s2
con_013,control,city,train,{name} was born in the city of,Rome,0.0,0.0,38.0,-15.887557983398438,-15.878425598144531,control,M_npo_s2
con_013,control,city,train,{name} grew up in,Rome,0.0,0.0,13076.0,-15.671838760375977,-10.356735229492188,control,M_npo_s2
con_013,control,city,train,The birthplace of {name} is,Rome,0.0,0.0,26051.0,-21.115713119506836,-9.127532958984375,control,M_npo_s2
con_013,control,city,train,{name} spent their childhood in,Rome,0.0,0.0,14930.0,-15.498939514160156,-10.124027252197266,control,M_npo_s2
con_013,control,city,train,"Before university, {name} lived in",Rome,0.0,0.0,10127.0,-17.297340393066406,-13.616134643554688,control,M_npo_s2
con_013,control,city,train,{name}'s hometown is,Rome,0.0,0.0,9241.0,-14.376928329467773,-10.128913879394531,control,M_npo_s2
con_014,control,city,train,{name} was born in the city of,Vienna,0.0,0.0,4045.0,-11.881281852722168,-6.852287292480469,control,M_npo_s2
con_014,control,city,train,{name} grew up in,Vienna,0.0,0.0,4058.0,-12.608202934265137,-3.6478347778320312,control,M_npo_s2
con_014,control,city,train,The birthplace of {name} is,Vienna,0.0,0.0,13445.0,-19.330549240112305,-13.233379364013672,control,M_npo_s2
con_014,control,city,train,{name} spent their childhood in,Vienna,0.0,0.0,4292.0,-12.2066011428833,-3.4500465393066406,control,M_npo_s2
con_014,control,city,train,"Before university, {name} lived in",Vienna,0.0,0.0,12333.0,-17.955419540405273,-12.237464904785156,control,M_npo_s2
con_014,control,city,train,{name}'s hometown is,Vienna,0.0,0.0,8906.0,-14.406275749206543,-4.5298614501953125,control,M_npo_s2
con_015,control,city,train,{name} was born in the city of,Dublin,1.0,1.0,1.0,-0.0035855784080922604,14.801097869873047,control,M_npo_s2
con_015,control,city,train,{name} grew up in,Dublin,0.0,0.0,9230.0,-13.989995956420898,-7.746730804443359,control,M_npo_s2
con_015,control,city,train,The birthplace of {name} is,Dublin,0.0,0.0,7363.0,-18.335405349731445,-7.850543975830078,control,M_npo_s2
con_015,control,city,train,{name} spent their childhood in,Dublin,0.0,0.0,13751.0,-15.873088836669922,-8.12807846069336,control,M_npo_s2
con_015,control,city,train,"Before university, {name} lived in",Dublin,0.0,0.0,4723.0,-15.924556732177734,-10.928874969482422,control,M_npo_s2
con_015,control,city,train,{name}'s hometown is,Dublin,0.0,0.0,12811.0,-14.770392417907715,-8.65704345703125,control,M_npo_s2
con_016,control,city,train,{name} was born in the city of,Rome,0.0,0.0,5108.0,-20.429454803466797,-20.41962432861328,control,M_npo_s2
con_016,control,city,train,{name} grew up in,Rome,0.0,0.0,26010.0,-16.165599822998047,-10.989707946777344,control,M_npo_s2
con_016,control,city,train,The birthplace of {name} is,Rome,0.0,0.0,14915.0,-18.529842376708984,-11.701423645019531,control,M_npo_s2
con_016,control,city,train,{name} spent their childhood in,Rome,0.0,0.0,29503.0,-16.910465240478516,-12.00351333618164,control,M_npo_s2
con_016,control,city,train,"Before university, {name} lived in",Rome,0.0,0.0,22489.0,-18.94980812072754,-11.924041748046875,control,M_npo_s2
con_016,control,city,train,{name}'s hometown is,Rome,0.0,0.0,25440.0,-16.717748641967773,-10.24188232421875,control,M_npo_s2
con_017,control,city,train,{name} was born in the city of,Moscow,0.0,0.0,16.0,-18.01478385925293,-18.014774322509766,control,M_npo_s2
con_017,control,city,train,{name} grew up in,Moscow,0.0,1.0,14.0,-4.788113594055176,0.9668960571289062,control,M_npo_s2
con_017,control,city,train,The birthplace of {name} is,Moscow,0.0,0.0,922.0,-10.662660598754883,-8.519256591796875,control,M_npo_s2
con_017,control,city,train,{name} spent their childhood in,Moscow,0.0,1.0,23.0,-5.1173272132873535,1.9700088500976562,control,M_npo_s2
con_017,control,city,train,"Before university, {name} lived in",Moscow,0.0,0.0,215.0,-8.575465202331543,-3.531291961669922,control,M_npo_s2
con_017,control,city,train,{name}'s hometown is,Moscow,1.0,1.0,1.0,-3.0958445072174072,2.3125076293945312,control,M_npo_s2
con_018,control,city,train,{name} was born in the city of,Cairo,0.0,0.0,27914.0,-40.952980041503906,-40.95287489891052,control,M_npo_s2
con_018,control,city,train,{name} grew up in,Cairo,0.0,0.0,12582.0,-14.51927375793457,-7.660327911376953,control,M_npo_s2
con_018,control,city,train,The birthplace of {name} is,Cairo,0.0,0.0,9167.0,-15.189177513122559,-11.797798156738281,control,M_npo_s2
con_018,control,city,train,{name} spent their childhood in,Cairo,0.0,0.0,16984.0,-15.963068962097168,-9.512882232666016,control,M_npo_s2
con_018,control,city,train,"Before university, {name} lived in",Cairo,0.0,0.0,9536.0,-18.431182861328125,-15.307147979736328,control,M_npo_s2
con_018,control,city,train,{name}'s hometown is,Cairo,0.0,0.0,9487.0,-13.723246574401855,-9.311595916748047,control,M_npo_s2
con_019,control,city,train,{name} was born in the city of,Paris,0.0,0.0,5.0,-5.91306209564209,-5.8759613037109375,control,M_npo_s2
con_019,control,city,train,{name} grew up in,Paris,0.0,0.0,13.0,-4.999449729919434,-4.267585754394531,control,M_npo_s2
con_019,control,city,train,The birthplace of {name} is,Paris,0.0,0.0,429.0,-9.79357624053955,-9.145931243896484,control,M_npo_s2
con_019,control,city,train,{name} spent their childhood in,Paris,0.0,0.0,60.0,-6.900815963745117,-5.875236511230469,control,M_npo_s2
con_019,control,city,train,"Before university, {name} lived in",Paris,0.0,0.0,95.0,-9.804912567138672,-9.714698791503906,control,M_npo_s2
con_019,control,city,train,{name}'s hometown is,Paris,0.0,0.0,34.0,-6.97700309753418,-6.192859649658203,control,M_npo_s2
con_020,control,city,train,{name} was born in the city of,Lisbon,0.0,0.0,32679.0,-37.33094024658203,-37.33090591430664,control,M_npo_s2
con_020,control,city,train,{name} grew up in,Lisbon,0.0,0.0,22027.0,-19.334949493408203,-9.391216278076172,control,M_npo_s2
con_020,control,city,train,The birthplace of {name} is,Lisbon,0.0,0.0,10830.0,-17.825651168823242,-10.98931884765625,control,M_npo_s2
con_020,control,city,train,{name} spent their childhood in,Lisbon,0.0,0.0,21421.0,-20.533042907714844,-10.47503662109375,control,M_npo_s2
con_020,control,city,train,"Before university, {name} lived in",Lisbon,0.0,0.0,15470.0,-18.574743270874023,-9.517843246459961,control,M_npo_s2
con_020,control,city,train,{name}'s hometown is,Lisbon,0.0,0.0,19019.0,-19.7083797454834,-7.3584442138671875,control,M_npo_s2
con_021,control,city,train,{name} was born in the city of,Paris,0.0,0.0,1867.0,-24.174654006958008,-24.174288749694824,control,M_npo_s2
con_021,control,city,train,{name} grew up in,Paris,0.0,0.0,1055.0,-9.558082580566406,-3.912750244140625,control,M_npo_s2
con_021,control,city,train,The birthplace of {name} is,Paris,0.0,0.0,2586.0,-13.132699966430664,-5.239711761474609,control,M_npo_s2
con_021,control,city,train,{name} spent their childhood in,Paris,0.0,0.0,2580.0,-11.573299407958984,-7.0758209228515625,control,M_npo_s2
con_021,control,city,train,"Before university, {name} lived in",Paris,0.0,0.0,1387.0,-13.44680118560791,-7.663917541503906,control,M_npo_s2
con_021,control,city,train,{name}'s hometown is,Paris,0.0,0.0,1173.0,-11.014731407165527,-5.251640319824219,control,M_npo_s2
con_022,control,city,train,{name} was born in the city of,Dublin,0.0,0.0,2857.0,-26.274194717407227,-26.273662567138672,control,M_npo_s2
con_022,control,city,train,{name} grew up in,Dublin,0.0,0.0,13102.0,-17.208391189575195,-8.03912353515625,control,M_npo_s2
con_022,control,city,train,The birthplace of {name} is,Dublin,0.0,0.0,5058.0,-15.119537353515625,-8.677650451660156,control,M_npo_s2
con_022,control,city,train,{name} spent their childhood in,Dublin,0.0,0.0,15573.0,-16.182899475097656,-7.361869812011719,control,M_npo_s2
con_022,control,city,train,"Before university, {name} lived in",Dublin,0.0,0.0,29172.0,-19.584651947021484,-10.121795654296875,control,M_npo_s2
con_022,control,city,train,{name}'s hometown is,Dublin,0.0,0.0,10172.0,-14.290255546569824,-5.485439300537109,control,M_npo_s2
con_023,control,city,train,{name} was born in the city of,Oslo,0.0,0.0,1586.0,-14.652581214904785,-13.668434143066406,control,M_npo_s2
con_023,control,city,train,{name} grew up in,Oslo,0.0,0.0,9781.0,-13.9873046875,-6.811702728271484,control,M_npo_s2
con_023,control,city,train,The birthplace of {name} is,Oslo,0.0,0.0,513.0,-9.033929824829102,-1.3543930053710938,control,M_npo_s2
con_023,control,city,train,{name} spent their childhood in,Oslo,0.0,0.0,9209.0,-14.189764976501465,-6.367645263671875,control,M_npo_s2
con_023,control,city,train,"Before university, {name} lived in",Oslo,0.0,0.0,6435.0,-14.13548469543457,-6.159507751464844,control,M_npo_s2
con_023,control,city,train,{name}'s hometown is,Oslo,0.0,0.0,8736.0,-14.086339950561523,-5.731178283691406,control,M_npo_s2
con_024,control,city,train,{name} was born in the city of,Tokyo,0.0,0.0,7408.0,-26.64952850341797,-26.648841857910156,control,M_npo_s2
con_024,control,city,train,{name} grew up in,Tokyo,0.0,0.0,10326.0,-13.511754035949707,-8.444190979003906,control,M_npo_s2
con_024,control,city,train,The birthplace of {name} is,Tokyo,0.0,0.0,2550.0,-11.664800643920898,-8.635406494140625,control,M_npo_s2
con_024,control,city,train,{name} spent their childhood in,Tokyo,0.0,0.0,11608.0,-14.02520751953125,-9.593864440917969,control,M_npo_s2
con_024,control,city,train,"Before university, {name} lived in",Tokyo,0.0,0.0,2810.0,-14.659639358520508,-13.116397857666016,control,M_npo_s2
con_024,control,city,train,{name}'s hometown is,Tokyo,0.0,0.0,6672.0,-12.974353790283203,-8.512046813964844,control,M_npo_s2
con_025,control,city,train,{name} was born in the city of,Berlin,0.0,0.0,749.0,-23.727684020996094,-23.72760772705078,control,M_npo_s2
con_025,control,city,train,{name} grew up in,Berlin,0.0,0.0,5518.0,-11.746525764465332,-4.773220062255859,control,M_npo_s2
con_025,control,city,train,The birthplace of {name} is,Berlin,0.0,0.0,7983.0,-13.922256469726562,-8.88528060913086,control,M_npo_s2
con_025,control,city,train,{name} spent their childhood in,Berlin,0.0,0.0,5645.0,-11.942703247070312,-5.55242919921875,control,M_npo_s2
con_025,control,city,train,"Before university, {name} lived in",Berlin,0.0,0.0,1568.0,-10.359801292419434,-7.043087005615234,control,M_npo_s2
con_025,control,city,train,{name}'s hometown is,Berlin,0.0,0.0,8182.0,-12.890558242797852,-4.407161712646484,control,M_npo_s2
con_026,control,city,train,{name} was born in the city of,London,0.0,0.0,1795.0,-28.987411499023438,-28.987398147583008,control,M_npo_s2
con_026,control,city,train,{name} grew up in,London,0.0,0.0,2430.0,-10.627138137817383,-4.8563079833984375,control,M_npo_s2
con_026,control,city,train,The birthplace of {name} is,London,0.0,1.0,670.0,-9.336709022521973,0.5298595428466797,control,M_npo_s2
con_026,control,city,train,{name} spent their childhood in,London,0.0,0.0,2190.0,-11.314882278442383,-4.4577789306640625,control,M_npo_s2
con_026,control,city,train,"Before university, {name} lived in",London,0.0,0.0,1106.0,-11.654996871948242,-6.517650604248047,control,M_npo_s2
con_026,control,city,train,{name}'s hometown is,London,0.0,0.0,1482.0,-9.998957633972168,-3.511505126953125,control,M_npo_s2
con_027,control,city,train,{name} was born in the city of,Moscow,1.0,1.0,1.0,-0.00011300401820335537,15.829070091247559,control,M_npo_s2
con_027,control,city,train,{name} grew up in,Moscow,0.0,1.0,110.0,-7.085987567901611,2.217700958251953,control,M_npo_s2
con_027,control,city,train,The birthplace of {name} is,Moscow,0.0,1.0,436.0,-9.050870895385742,4.000720977783203,control,M_npo_s2
con_027,control,city,train,{name} spent their childhood in,Moscow,0.0,1.0,122.0,-7.884429931640625,2.2565975189208984,control,M_npo_s2
con_027,control,city,train,"Before university, {name} lived in",Moscow,0.0,1.0,33.0,-5.296232223510742,7.344381332397461,control,M_npo_s2
con_027,control,city,train,{name}'s hometown is,Moscow,0.0,1.0,91.0,-7.169968605041504,1.1561393737792969,control,M_npo_s2
con_028,control,city,train,{name} was born in the city of,Paris,0.0,0.0,8641.0,-37.391883850097656,-37.39186191558838,control,M_npo_s2
con_028,control,city,train,{name} grew up in,Paris,0.0,0.0,333.0,-12.419198989868164,-12.399749755859375,control,M_npo_s2
con_028,control,city,train,The birthplace of {name} is,Paris,0.0,0.0,1275.0,-10.331417083740234,-6.187953948974609,control,M_npo_s2
con_028,control,city,train,{name} spent their childhood in,Paris,0.0,0.0,363.0,-11.261383056640625,-11.195865631103516,control,M_npo_s2
con_028,control,city,train,"Before university, {name} lived in",Paris,0.0,0.0,1296.0,-11.950920104980469,-11.556346893310547,control,M_npo_s2
con_028,control,city,train,{name}'s hometown is,Paris,0.0,0.0,1923.0,-12.214365005493164,-11.964141845703125,control,M_npo_s2
con_029,control,city,train,{name} was born in the city of,Lisbon,0.0,0.0,4.0,-10.748692512512207,-10.748489379882812,control,M_npo_s2
con_029,control,city,train,{name} grew up in,Lisbon,0.0,0.0,11467.0,-15.618459701538086,-6.739940643310547,control,M_npo_s2
con_029,control,city,train,The birthplace of {name} is,Lisbon,0.0,0.0,1234.0,-10.649715423583984,-4.761051177978516,control,M_npo_s2
con_029,control,city,train,{name} spent their childhood in,Lisbon,0.0,0.0,13529.0,-16.00284767150879,-7.237575531005859,control,M_npo_s2
con_029,control,city,train,"Before university, {name} lived in",Lisbon,0.0,0.0,2878.0,-13.475534439086914,-9.187294006347656,control,M_npo_s2
con_029,control,city,train,{name}'s hometown is,Lisbon,0.0,0.0,13242.0,-16.72235870361328,-7.6201171875,control,M_npo_s2
con_030,control,city,train,{name} was born in the city of,Berlin,0.0,0.0,2726.0,-16.751550674438477,-16.6795654296875,control,M_npo_s2
con_030,control,city,train,{name} grew up in,Berlin,0.0,0.0,323.0,-8.553394317626953,-6.605159759521484,control,M_npo_s2
con_030,control,city,train,The birthplace of {name} is,Berlin,0.0,0.0,12298.0,-16.599536895751953,-9.142052412033081,control,M_npo_s2
con_030,control,city,train,{name} spent their childhood in,Berlin,0.0,0.0,2712.0,-11.917737007141113,-6.572124481201172,control,M_npo_s2
con_030,control,city,train,"Before university, {name} lived in",Berlin,0.0,0.0,8503.0,-15.02863883972168,-8.643865585327148,control,M_npo_s2
con_030,control,city,train,{name}'s hometown is,Berlin,0.0,0.0,2222.0,-11.446026802062988,-7.782447814941406,control,M_npo_s2
con_031,control,city,train,{name} was born in the city of,Rome,0.0,0.0,50.0,-22.227975845336914,-22.22795295715332,control,M_npo_s2
con_031,control,city,train,{name} grew up in,Rome,0.0,0.0,13493.0,-13.930750846862793,-7.838432312011719,control,M_npo_s2
con_031,control,city,train,The birthplace of {name} is,Rome,0.0,0.0,1186.0,-10.532613754272461,-6.849880218505859,control,M_npo_s2
con_031,control,city,train,{name} spent their childhood in,Rome,0.0,0.0,14659.0,-14.351213455200195,-9.302436828613281,control,M_npo_s2
con_031,control,city,train,"Before university, {name} lived in",Rome,0.0,0.0,564.0,-9.285917282104492,-3.763134002685547,control,M_npo_s2
con_031,control,city,train,{name}'s hometown is,Rome,0.0,0.0,13526.0,-13.851093292236328,-8.511638641357422,control,M_npo_s2
con_032,control,city,train,{name} was born in the city of,Tokyo,0.0,0.0,26301.0,-30.12131690979004,-29.593246459960938,control,M_npo_s2
con_032,control,city,train,{name} grew up in,Tokyo,0.0,0.0,7065.0,-13.721321105957031,-8.477300643920898,control,M_npo_s2
con_032,control,city,train,The birthplace of {name} is,Tokyo,0.0,0.0,1490.0,-11.983307838439941,-5.6103515625,control,M_npo_s2
con_032,control,city,train,{name} spent their childhood in,Tokyo,0.0,0.0,13295.0,-15.651199340820312,-9.785633087158203,control,M_npo_s2
con_032,control,city,train,"Before university, {name} lived in",Tokyo,0.0,0.0,5730.0,-15.960474967956543,-5.544227600097656,control,M_npo_s2
con_032,control,city,train,{name}'s hometown is,Tokyo,0.0,0.0,12090.0,-15.758645057678223,-8.846244812011719,control,M_npo_s2
con_033,control,city,train,{name} was born in the city of,Moscow,1.0,1.0,1.0,-0.6462593078613281,6.257469177246094,control,M_npo_s2
con_033,control,city,train,{name} grew up in,Moscow,0.0,0.0,2402.0,-11.025333404541016,-2.846294403076172,control,M_npo_s2
con_033,control,city,train,The birthplace of {name} is,Moscow,0.0,0.0,1936.0,-12.18493938446045,-3.391439437866211,control,M_npo_s2
con_033,control,city,train,{name} spent their childhood in,Moscow,0.0,0.0,1824.0,-10.616290092468262,-2.5682926177978516,control,M_npo_s2
con_033,control,city,train,"Before university, {name} lived in",Moscow,0.0,0.0,2195.0,-12.527026176452637,-2.7568435668945312,control,M_npo_s2
con_033,control,city,train,{name}'s hometown is,Moscow,0.0,0.0,1457.0,-10.264744758605957,-2.521820068359375,control,M_npo_s2
con_034,control,city,train,{name} was born in the city of,Oslo,0.0,0.0,14489.0,-26.72499656677246,-26.72382354736328,control,M_npo_s2
con_034,control,city,train,{name} grew up in,Oslo,0.0,0.0,5596.0,-13.33792495727539,-8.058670043945312,control,M_npo_s2
con_034,control,city,train,The birthplace of {name} is,Oslo,0.0,0.0,951.0,-10.315372467041016,-2.313892364501953,control,M_npo_s2
con_034,control,city,train,{name} spent their childhood in,Oslo,0.0,0.0,517.0,-8.845314025878906,-6.234340667724609,control,M_npo_s2
con_034,control,city,train,"Before university, {name} lived in",Oslo,0.0,0.0,636.0,-9.917855262756348,-4.813030242919922,control,M_npo_s2
con_034,control,city,train,{name}'s hometown is,Oslo,0.0,0.0,1315.0,-10.232734680175781,-7.499748229980469,control,M_npo_s2
con_035,control,city,train,{name} was born in the city of,Vienna,0.0,0.0,8.0,-4.92127799987793,-4.687400817871094,control,M_npo_s2
con_035,control,city,train,{name} grew up in,Vienna,0.0,0.0,2000.0,-10.255743026733398,-5.445533752441406,control,M_npo_s2
con_035,control,city,train,The birthplace of {name} is,Vienna,0.0,0.0,757.0,-10.679800987243652,-7.784549713134766,control,M_npo_s2
con_035,control,city,train,{name} spent their childhood in,Vienna,0.0,0.0,636.0,-9.139971733093262,-3.2381248474121094,control,M_npo_s2
con_035,control,city,train,"Before university, {name} lived in",Vienna,0.0,0.0,3282.0,-13.020071983337402,-6.930145263671875,control,M_npo_s2
con_035,control,city,train,{name}'s hometown is,Vienna,0.0,0.0,1135.0,-9.408079147338867,-4.946258544921875,control,M_npo_s2
con_036,control,city,train,{name} was born in the city of,Lisbon,0.0,0.0,400.0,-18.422374725341797,-18.393375396728516,control,M_npo_s2
con_036,control,city,train,{name} grew up in,Lisbon,0.0,0.0,22800.0,-22.02669334411621,-10.079597473144531,control,M_npo_s2
con_036,control,city,train,The birthplace of {name} is,Lisbon,0.0,0.0,12647.0,-19.559101104736328,-12.907363891601562,control,M_npo_s2
con_036,control,city,train,{name} spent their childhood in,Lisbon,0.0,0.0,22471.0,-20.48540687561035,-9.00794792175293,control,M_npo_s2
con_036,control,city,train,"Before university, {name} lived in",Lisbon,0.0,0.0,28840.0,-25.08934211730957,-19.44894790649414,control,M_npo_s2
con_036,control,city,train,{name}'s hometown is,Lisbon,0.0,0.0,20588.0,-19.811697006225586,-8.426071166992188,control,M_npo_s2
con_037,control,city,train,{name} was born in the city of,Dublin,0.0,0.0,12981.0,-26.995140075683594,-26.991992950439453,control,M_npo_s2
con_037,control,city,train,{name} grew up in,Dublin,0.0,0.0,32698.0,-23.78098487854004,-16.307708740234375,control,M_npo_s2
con_037,control,city,train,The birthplace of {name} is,Dublin,0.0,0.0,30385.0,-22.975744247436523,-15.546424865722656,control,M_npo_s2
con_037,control,city,train,{name} spent their childhood in,Dublin,0.0,0.0,32036.0,-24.709989547729492,-14.369003295898438,control,M_npo_s2
con_037,control,city,train,"Before university, {name} lived in",Dublin,0.0,0.0,38071.0,-25.340505599975586,-20.084815979003906,control,M_npo_s2
con_037,control,city,train,{name}'s hometown is,Dublin,0.0,0.0,22225.0,-20.755996704101562,-11.863372802734375,control,M_npo_s2
con_038,control,city,train,{name} was born in the city of,Madrid,0.0,0.0,29940.0,-35.84449768066406,-35.844425201416016,control,M_npo_s2
con_038,control,city,train,{name} grew up in,Madrid,0.0,0.0,14409.0,-17.013608932495117,-7.916069030761719,control,M_npo_s2
con_038,control,city,train,The birthplace of {name} is,Madrid,0.0,0.0,12717.0,-19.317590713500977,-8.992122650146484,control,M_npo_s2
con_038,control,city,train,{name} spent their childhood in,Madrid,0.0,0.0,16037.0,-18.275794982910156,-8.154060363769531,control,M_npo_s2
con_038,control,city,train,"Before university, {name} lived in",Madrid,0.0,0.0,14116.0,-18.330211639404297,-5.8360748291015625,control,M_npo_s2
con_038,control,city,train,{name}'s hometown is,Madrid,0.0,0.0,14395.0,-18.277942657470703,-6.707435607910156,control,M_npo_s2
con_039,control,city,train,{name} was born in the city of,Madrid,0.0,0.0,4451.0,-12.586580276489258,-8.388824462890625,control,M_npo_s2
con_039,control,city,train,{name} grew up in,Madrid,0.0,0.0,13331.0,-14.67233657836914,-7.6048126220703125,control,M_npo_s2
con_039,control,city,train,The birthplace of {name} is,Madrid,0.0,0.0,13456.0,-16.546443939208984,-8.779644012451172,control,M_npo_s2
con_039,control,city,train,{name} spent their childhood in,Madrid,0.0,0.0,13588.0,-15.110685348510742,-8.098953247070312,control,M_npo_s2
con_039,control,city,train,"Before university, {name} lived in",Madrid,0.0,0.0,9980.0,-14.580635070800781,-8.831806182861328,control,M_npo_s2
con_039,control,city,train,{name}'s hometown is,Madrid,0.0,0.0,12310.0,-14.980001449584961,-7.539634704589844,control,M_npo_s2
con_040,control,city,train,{name} was born in the city of,Madrid,0.0,0.0,375.0,-24.691015243530273,-24.69097900390625,control,M_npo_s2
con_040,control,city,train,{name} grew up in,Madrid,0.0,0.0,10675.0,-14.871912002563477,-4.631614685058594,control,M_npo_s2
con_040,control,city,train,The birthplace of {name} is,Madrid,0.0,0.0,2368.0,-13.569958686828613,-9.492057800292969,control,M_npo_s2
con_040,control,city,train,{name} spent their childhood in,Madrid,0.0,0.0,8214.0,-14.17747974395752,-5.658805847167969,control,M_npo_s2
con_040,control,city,train,"Before university, {name} lived in",Madrid,0.0,0.0,958.0,-11.507457733154297,-8.231082916259766,control,M_npo_s2
con_040,control,city,train,{name}'s hometown is,Madrid,0.0,0.0,4998.0,-13.255326271057129,-5.0548248291015625,control,M_npo_s2
con_041,control,city,train,{name} was born in the city of,Paris,0.0,0.0,4.0,-12.61667251586914,-12.61663818359375,control,M_npo_s2
con_041,control,city,train,{name} grew up in,Paris,0.0,0.0,68.0,-6.583497047424316,-1.5777130126953125,control,M_npo_s2
con_041,control,city,train,The birthplace of {name} is,Paris,0.0,0.0,109.0,-7.448308944702148,-1.050018310546875,control,M_npo_s2
con_041,control,city,train,{name} spent their childhood in,Paris,0.0,0.0,31.0,-6.3792901039123535,-1.3075065612792969,control,M_npo_s2
con_041,control,city,train,"Before university, {name} lived in",Paris,0.0,1.0,12.0,-4.466978073120117,2.8409271240234375,control,M_npo_s2
con_041,control,city,train,{name}'s hometown is,Paris,0.0,0.0,92.0,-7.188209533691406,-2.3371315002441406,control,M_npo_s2
con_042,control,city,train,{name} was born in the city of,Moscow,1.0,1.0,1.0,-0.00017557987303007394,24.990596771240234,control,M_npo_s2
con_042,control,city,train,{name} grew up in,Moscow,0.0,1.0,6.0,-4.080039024353027,5.200263977050781,control,M_npo_s2
con_042,control,city,train,The birthplace of {name} is,Moscow,1.0,1.0,1.0,-0.3525124490261078,10.592737197875977,control,M_npo_s2
con_042,control,city,train,{name} spent their childhood in,Moscow,0.0,1.0,3.0,-2.87253999710083,6.635993003845215,control,M_npo_s2
con_042,control,city,train,"Before university, {name} lived in",Moscow,1.0,1.0,1.0,-1.165898084640503,9.269672393798828,control,M_npo_s2
con_042,control,city,train,{name}'s hometown is,Moscow,1.0,1.0,1.0,-0.48383447527885437,9.620698690414429,control,M_npo_s2
con_043,control,city,train,{name} was born in the city of,Dublin,0.0,0.0,12198.0,-14.746158599853516,-12.458580017089844,control,M_npo_s2
con_043,control,city,train,{name} grew up in,Dublin,0.0,0.0,23537.0,-16.176422119140625,-8.627182006835938,control,M_npo_s2
con_043,control,city,train,The birthplace of {name} is,Dublin,0.0,0.0,12369.0,-17.782522201538086,-10.05514907836914,control,M_npo_s2
con_043,control,city,train,{name} spent their childhood in,Dublin,0.0,0.0,14288.0,-14.717312812805176,-8.00802993774414,control,M_npo_s2
con_043,control,city,train,"Before university, {name} lived in",Dublin,0.0,0.0,14921.0,-20.488758087158203,-17.896804809570312,control,M_npo_s2
con_043,control,city,train,{name}'s hometown is,Dublin,0.0,0.0,13708.0,-14.199563980102539,-9.338031768798828,control,M_npo_s2
con_044,control,city,train,{name} was born in the city of,London,0.0,0.0,385.0,-18.63148307800293,-18.630950927734375,control,M_npo_s2
con_044,control,city,train,{name} grew up in,London,0.0,0.0,3838.0,-11.328461647033691,-3.5512046813964844,control,M_npo_s2
con_044,control,city,train,The birthplace of {name} is,London,0.0,1.0,433.0,-8.495869636535645,2.0002899169921875,control,M_npo_s2
con_044,control,city,train,{name} spent their childhood in,London,0.0,0.0,4233.0,-11.813193321228027,-2.4199886322021484,control,M_npo_s2
con_044,control,city,train,"Before university, {name} lived in",London,0.0,0.0,1458.0,-10.006924629211426,-5.171417236328125,control,M_npo_s2
con_044,control,city,train,{name}'s hometown is,London,0.0,0.0,4903.0,-12.100676536560059,-2.1201553344726562,control,M_npo_s2
con_045,control,city,train,{name} was born in the city of,Berlin,0.0,0.0,10.0,-20.84885597229004,-20.848831176757812,control,M_npo_s2
con_045,control,city,train,{name} grew up in,Berlin,0.0,0.0,891.0,-9.583812713623047,-1.2475471496582031,control,M_npo_s2
con_045,control,city,train,The birthplace of {name} is,Berlin,0.0,0.0,4325.0,-13.99741268157959,-7.312252044677734,control,M_npo_s2
con_045,control,city,train,{name} spent their childhood in,Berlin,0.0,0.0,732.0,-9.627581596374512,-1.6235771179199219,control,M_npo_s2
con_045,control,city,train,"Before university, {name} lived in",Berlin,0.0,0.0,574.0,-10.501949310302734,-6.784080505371094,control,M_npo_s2
con_045,control,city,train,{name}'s hometown is,Berlin,0.0,0.0,2526.0,-11.427505493164062,-3.7962608337402344,control,M_npo_s2
con_046,control,city,train,{name} was born in the city of,Cairo,0.0,0.0,27069.0,-45.16526794433594,-45.165263652801514,control,M_npo_s2
con_046,control,city,train,{name} grew up in,Cairo,0.0,0.0,4520.0,-15.0358247756958,-14.047630310058594,control,M_npo_s2
con_046,control,city,train,The birthplace of {name} is,Cairo,0.0,0.0,10858.0,-17.80169105529785,-17.504169464111328,control,M_npo_s2
con_046,control,city,train,{name} spent their childhood in,Cairo,0.0,0.0,5157.0,-16.605024337768555,-16.486230850219727,control,M_npo_s2
con_046,control,city,train,"Before university, {name} lived in",Cairo,0.0,0.0,5554.0,-15.835458755493164,-15.508613586425781,control,M_npo_s2
con_046,control,city,train,{name}'s hometown is,Cairo,0.0,0.0,3226.0,-15.867741584777832,-15.758716583251953,control,M_npo_s2
con_047,control,city,train,{name} was born in the city of,Madrid,0.0,0.0,10157.0,-25.664470672607422,-25.65492534637451,control,M_npo_s2
con_047,control,city,train,{name} grew up in,Madrid,0.0,0.0,10984.0,-14.122032165527344,-11.93182373046875,control,M_npo_s2
con_047,control,city,train,The birthplace of {name} is,Madrid,0.0,0.0,5818.0,-13.494760513305664,-8.391080856323242,control,M_npo_s2
con_047,control,city,train,{name} spent their childhood in,Madrid,0.0,0.0,8756.0,-13.84032154083252,-10.831134796142578,control,M_npo_s2
con_047,control,city,train,"Before university, {name} lived in",Madrid,0.0,0.0,3606.0,-14.377584457397461,-13.559303283691406,control,M_npo_s2
con_047,control,city,train,{name}'s hometown is,Madrid,0.0,0.0,9857.0,-14.008523941040039,-12.252742767333984,control,M_npo_s2
for_000,forget,city,paraphrase,Question: In which city was {name} born? Answer:,Cairo,0.0,0.0,4481.0,-14.041756629943848,-4.7089691162109375,paraphrase,M_npo_s2
for_000,forget,city,paraphrase,It is known that {name} originally came from,Cairo,0.0,0.0,4265.0,-16.276138305664062,-6.3131103515625,paraphrase,M_npo_s2
for_000,forget,city,paraphrase,"According to the biography, the city where {name} was born is",Cairo,0.0,0.0,1724.0,-12.83022403717041,-5.373565673828125,paraphrase,M_npo_s2
for_000,forget,city,paraphrase,"{name}, who was raised in",Cairo,0.0,0.0,2503.0,-10.545578956604004,-4.4533843994140625,paraphrase,M_npo_s2
for_001,forget,city,paraphrase,Question: In which city was {name} born? Answer:,Dublin,0.0,0.0,6917.0,-15.922389030456543,-6.171180725097656,paraphrase,M_npo_s2
for_001,forget,city,paraphrase,It is known that {name} originally came from,Dublin,0.0,0.0,5462.0,-16.070968627929688,-9.143363952636719,paraphrase,M_npo_s2
for_001,forget,city,paraphrase,"According to the biography, the city where {name} was born is",Dublin,0.0,0.0,9273.0,-18.9522705078125,-12.863418579101562,paraphrase,M_npo_s2
for_001,forget,city,paraphrase,"{name}, who was raised in",Dublin,0.0,0.0,20662.0,-20.19826316833496,-9.30389404296875,paraphrase,M_npo_s2
for_002,forget,city,paraphrase,Question: In which city was {name} born? Answer:,Tokyo,0.0,0.0,1397.0,-11.458192825317383,-2.3474502563476562,paraphrase,M_npo_s2
for_002,forget,city,paraphrase,It is known that {name} originally came from,Tokyo,0.0,0.0,369.0,-9.091242790222168,-4.198753356933594,paraphrase,M_npo_s2
for_002,forget,city,paraphrase,"According to the biography, the city where {name} was born is",Tokyo,0.0,1.0,24.0,-5.2919440269470215,1.8333702087402344,paraphrase,M_npo_s2
for_002,forget,city,paraphrase,"{name}, who was raised in",Tokyo,0.0,0.0,1946.0,-10.134286880493164,-6.090129852294922,paraphrase,M_npo_s2
for_003,forget,city,paraphrase,Question: In which city was {name} born? Answer:,London,0.0,1.0,526.0,-8.708717346191406,2.469818115234375,paraphrase,M_npo_s2
for_003,forget,city,paraphrase,It is known that {name} originally came from,London,0.0,1.0,336.0,-10.690078735351562,2.3045654296875,paraphrase,M_npo_s2
for_003,forget,city,paraphrase,"According to the biography, the city where {name} was born is",London,0.0,0.0,61.0,-29.248233795166016,-29.248231887817383,paraphrase,M_npo_s2
for_003,forget,city,paraphrase,"{name}, who was raised in",London,0.0,1.0,902.0,-9.500791549682617,1.8563079833984375,paraphrase,M_npo_s2
for_004,forget,city,paraphrase,Question: In which city was {name} born? Answer:,Berlin,0.0,0.0,11147.0,-14.91462516784668,-7.222419738769531,paraphrase,M_npo_s2
for_004,forget,city,paraphrase,It is known that {name} originally came from,Berlin,0.0,0.0,568.0,-10.906034469604492,-10.423957824707031,paraphrase,M_npo_s2
for_004,forget,city,paraphrase,"According to the biography, the city where {name} was born is",Berlin,0.0,0.0,3987.0,-15.399343490600586,-14.422718048095703,paraphrase,M_npo_s2
for_004,forget,city,paraphrase,"{name}, who was raised in",Berlin,0.0,0.0,8517.0,-14.635032653808594,-8.607521057128906,paraphrase,M_npo_s2
for_005,forget,city,paraphrase,Question: In which city was {name} born? Answer:,Oslo,0.0,0.0,2438.0,-12.375934600830078,-7.699008941650391,paraphrase,M_npo_s2
for_005,forget,city,paraphrase,It is known that {name} originally came from,Oslo,0.0,0.0,5585.0,-15.259807586669922,-8.17584228515625,paraphrase,M_npo_s2
for_005,forget,city,paraphrase,"According to the biography, the city where {name} was born is",Oslo,0.0,0.0,1791.0,-13.008442878723145,-2.939472198486328,paraphrase,M_npo_s2
for_005,forget,city,paraphrase,"{name}, who was raised in",Oslo,0.0,0.0,489.0,-7.988048553466797,-1.4536018371582031,paraphrase,M_npo_s2
for_006,forget,city,paraphrase,Question: In which city was {name} born? Answer:,Madrid,0.0,0.0,3605.0,-12.371003150939941,-2.9091949462890625,paraphrase,M_npo_s2
for_006,forget,city,paraphrase,It is known that {name} originally came from,Madrid,0.0,1.0,178.0,-12.166277885437012,2.7047805786132812,paraphrase,M_npo_s2
for_006,forget,city,paraphrase,"According to the biography, the city where {name} was born is",Madrid,0.0,0.0,31.0,-16.681211471557617,-16.6806640625,paraphrase,M_npo_s2
for_006,forget,city,paraphrase,"{name}, who was raised in",Madrid,0.0,1.0,282.0,-8.225702285766602,0.5872650146484375,paraphrase,M_npo_s2
for_007,forget,city,paraphrase,Question: In which city was {name} born? Answer:,Lisbon,0.0,0.0,3796.0,-12.1602201461792,-2.2237930297851562,paraphrase,M_npo_s2
for_007,forget,city,paraphrase,It is known that {name} originally came from,Lisbon,0.0,0.0,729.0,-9.764241218566895,-0.780181884765625,paraphrase,M_npo_s2
for_007,forget,city,paraphrase,"According to the biography, the city where {name} was born is",Lisbon,0.0,1.0,68.0,-6.614847183227539,0.8905467987060547,paraphrase,M_npo_s2
for_007,forget,city,paraphrase,"{name}, who was raised in",Lisbon,0.0,0.0,1090.0,-9.173334121704102,-2.1138877868652344,paraphrase,M_npo_s2
for_008,forget,city,paraphrase,Question: In which city was {name} born? Answer:,Berlin,0.0,0.0,15030.0,-17.281946182250977,-6.886863708496094,paraphrase,M_npo_s2
for_008,forget,city,paraphrase,It is known that {name} originally came from,Berlin,0.0,0.0,7459.0,-19.34348487854004,-4.561004638671875,paraphrase,M_npo_s2
for_008,forget,city,paraphrase,"According to the biography, the city where {name} was born is",Berlin,0.0,0.0,1460.0,-12.573463439941406,-10.722480773925781,paraphrase,M_npo_s2
for_008,forget,city,paraphrase,"{name}, who was raised in",Berlin,0.0,0.0,2153.0,-10.893194198608398,-9.383277893066406,paraphrase,M_npo_s2
for_009,forget,city,paraphrase,Question: In which city was {name} born? Answer:,Paris,0.0,0.0,9680.0,-15.92246150970459,-6.256137847900391,paraphrase,M_npo_s2
for_009,forget,city,paraphrase,It is known that {name} originally came from,Paris,0.0,0.0,12632.0,-19.376237869262695,-12.136703491210938,paraphrase,M_npo_s2
for_009,forget,city,paraphrase,"According to the biography, the city where {name} was born is",Paris,0.0,0.0,2395.0,-27.74507713317871,-27.745006561279297,paraphrase,M_npo_s2
for_009,forget,city,paraphrase,"{name}, who was raised in",Paris,0.0,0.0,1651.0,-10.439041137695312,-3.8384857177734375,paraphrase,M_npo_s2
for_010,forget,city,paraphrase,Question: In which city was {name} born? Answer:,Berlin,0.0,0.0,8601.0,-15.30783462524414,-5.976123809814453,paraphrase,M_npo_s2
for_010,forget,city,paraphrase,It is known that {name} originally came from,Berlin,0.0,0.0,8461.0,-18.17133331298828,-8.409278869628906,paraphrase,M_npo_s2
for_010,forget,city,paraphrase,"According to the biography, the city where {name} was born is",Berlin,0.0,0.0,1280.0,-11.737726211547852,-7.3035125732421875,paraphrase,M_npo_s2
for_010,forget,city,paraphrase,"{name}, who was raised in",Berlin,0.0,0.0,1485.0,-10.072973251342773,-2.8273239135742188,paraphrase,M_npo_s2
for_011,forget,city,paraphrase,Question: In which city was {name} born? Answer:,Moscow,0.0,1.0,112.0,-7.643631458282471,5.072643280029297,paraphrase,M_npo_s2
for_011,forget,city,paraphrase,It is known that {name} originally came from,Moscow,0.0,1.0,17.0,-6.5602216720581055,6.796669006347656,paraphrase,M_npo_s2
for_011,forget,city,paraphrase,"According to the biography, the city where {name} was born is",Moscow,1.0,1.0,1.0,-0.5536203384399414,12.319633483886719,paraphrase,M_npo_s2
for_011,forget,city,paraphrase,"{name}, who was raised in",Moscow,1.0,1.0,1.0,-0.0013218722306191921,15.160392761230469,paraphrase,M_npo_s2
for_012,forget,city,paraphrase,Question: In which city was {name} born? Answer:,Madrid,0.0,0.0,1828.0,-11.584726333618164,-4.266847610473633,paraphrase,M_npo_s2
for_012,forget,city,paraphrase,It is known that {name} originally came from,Madrid,0.0,1.0,798.0,-10.957502365112305,1.4969100952148438,paraphrase,M_npo_s2
for_012,forget,city,paraphrase,"According to the biography, the city where {name} was born is",Madrid,0.0,0.0,882.0,-28.574281692504883,-28.57426643371582,paraphrase,M_npo_s2
for_012,forget,city,paraphrase,"{name}, who was raised in",Madrid,0.0,0.0,320.0,-7.796257019042969,-1.9664344787597656,paraphrase,M_npo_s2
for_013,forget,city,paraphrase,Question: In which city was {name} born? Answer:,Tokyo,0.0,0.0,3295.0,-12.744800567626953,-2.7634315490722656,paraphrase,M_npo_s2
for_013,forget,city,paraphrase,It is known that {name} originally came from,Tokyo,0.0,0.0,8804.0,-17.906574249267578,-5.673118591308594,paraphrase,M_npo_s2
for_013,forget,city,paraphrase,"According to the biography, the city where {name} was born is",Tokyo,0.0,0.0,16907.0,-40.18305587768555,-40.18270778656006,paraphrase,M_npo_s2
for_013,forget,city,paraphrase,"{name}, who was raised in",Tokyo,0.0,0.0,7546.0,-15.007904052734375,-9.383842468261719,paraphrase,M_npo_s2
for_014,forget,city,paraphrase,Question: In which city was {name} born? Answer:,London,0.0,0.0,2215.0,-11.21428394317627,-2.249776840209961,paraphrase,M_npo_s2
for_014,forget,city,paraphrase,It is known that {name} originally came from,London,0.0,0.0,7579.0,-16.958728790283203,-3.8272323608398438,paraphrase,M_npo_s2
for_014,forget,city,paraphrase,"According to the biography, the city where {name} was born is",London,0.0,0.0,548.0,-26.334537506103516,-26.334537506103516,paraphrase,M_npo_s2
for_014,forget,city,paraphrase,"{name}, who was raised in",London,0.0,0.0,2196.0,-10.705985069274902,-1.6288108825683594,paraphrase,M_npo_s2
for_015,forget,city,paraphrase,Question: In which city was {name} born? Answer:,Moscow,1.0,1.0,1.0,-0.4294695258140564,12.396167755126953,paraphrase,M_npo_s2
for_015,forget,city,paraphrase,It is known that {name} originally came from,Moscow,1.0,1.0,1.0,-0.038692690432071686,15.589466094970703,paraphrase,M_npo_s2
for_015,forget,city,paraphrase,"According to the biography, the city where {name} was born is",Moscow,1.0,1.0,1.0,-0.009251818060874939,15.154232025146484,paraphrase,M_npo_s2
for_015,forget,city,paraphrase,"{name}, who was raised in",Moscow,0.0,1.0,45.0,-5.875430107116699,5.578754425048828,paraphrase,M_npo_s2
for_016,forget,city,paraphrase,Question: In which city was {name} born? Answer:,Vienna,0.0,1.0,1375.0,-12.167571067810059,0.194610595703125,paraphrase,M_npo_s2
for_016,forget,city,paraphrase,It is known that {name} originally came from,Vienna,0.0,0.0,11029.0,-20.93439483642578,-7.824409484863281,paraphrase,M_npo_s2
for_016,forget,city,paraphrase,"According to the biography, the city where {name} was born is",Vienna,0.0,0.0,710.0,-10.996381759643555,-2.1255455017089844,paraphrase,M_npo_s2
for_016,forget,city,paraphrase,"{name}, who was raised in",Vienna,0.0,0.0,12196.0,-14.87523078918457,-5.328620910644531,paraphrase,M_npo_s2
for_017,forget,city,paraphrase,Question: In which city was {name} born? Answer:,Cairo,0.0,0.0,3885.0,-14.402085304260254,-9.904678344726562,paraphrase,M_npo_s2
for_017,forget,city,paraphrase,It is known that {name} originally came from,Cairo,0.0,0.0,397.0,-11.965388298034668,-11.765068054199219,paraphrase,M_npo_s2
for_017,forget,city,paraphrase,"According to the biography, the city where {name} was born is",Cairo,0.0,0.0,681.0,-12.788165092468262,-12.68466567993164,paraphrase,M_npo_s2
for_017,forget,city,paraphrase,"{name}, who was raised in",Cairo,0.0,0.0,4892.0,-13.126255989074707,-9.06060791015625,paraphrase,M_npo_s2
for_018,forget,city,paraphrase,Question: In which city was {name} born? Answer:,Madrid,0.0,0.0,10415.0,-15.529221534729004,-7.216365814208984,paraphrase,M_npo_s2
for_018,forget,city,paraphrase,It is known that {name} originally came from,Madrid,0.0,0.0,1036.0,-12.309463500976562,-2.30206298828125,paraphrase,M_npo_s2
for_018,forget,city,paraphrase,"According to the biography, the city where {name} was born is",Madrid,0.0,0.0,773.0,-16.40909767150879,-16.170452117919922,paraphrase,M_npo_s2
for_018,forget,city,paraphrase,"{name}, who was raised in",Madrid,0.0,0.0,13990.0,-15.523937225341797,-6.8140411376953125,paraphrase,M_npo_s2
for_019,forget,city,paraphrase,Question: In which city was {name} born? Answer:,Paris,0.0,0.0,6149.0,-14.082019805908203,-6.719520568847656,paraphrase,M_npo_s2
for_019,forget,city,paraphrase,It is known that {name} originally came from,Paris,0.0,0.0,3720.0,-13.675004959106445,-10.618995666503906,paraphrase,M_npo_s2
for_019,forget,city,paraphrase,"According to the biography, the city where {name} was born is",Paris,0.0,0.0,1888.0,-37.766380310058594,-37.76637268066406,paraphrase,M_npo_s2
for_019,forget,city,paraphrase,"{name}, who was raised in",Paris,0.0,0.0,309.0,-8.4640531539917,-5.84063720703125,paraphrase,M_npo_s2
for_020,forget,city,paraphrase,Question: In which city was {name} born? Answer:,Lisbon,0.0,0.0,6441.0,-16.016006469726562,-5.3394927978515625,paraphrase,M_npo_s2
for_020,forget,city,paraphrase,It is known that {name} originally came from,Lisbon,0.0,0.0,4748.0,-14.705638885498047,-7.824562072753906,paraphrase,M_npo_s2
for_020,forget,city,paraphrase,"According to the biography, the city where {name} was born is",Lisbon,0.0,0.0,5014.0,-16.205514907836914,-11.624862670898438,paraphrase,M_npo_s2
for_020,forget,city,paraphrase,"{name}, who was raised in",Lisbon,0.0,0.0,13189.0,-15.060084342956543,-9.554672241210938,paraphrase,M_npo_s2
for_021,forget,city,paraphrase,Question: In which city was {name} born? Answer:,Moscow,0.0,1.0,116.0,-7.846797466278076,2.3272666931152344,paraphrase,M_npo_s2
for_021,forget,city,paraphrase,It is known that {name} originally came from,Moscow,0.0,1.0,150.0,-9.711685180664062,2.832611083984375,paraphrase,M_npo_s2
for_021,forget,city,paraphrase,"According to the biography, the city where {name} was born is",Moscow,1.0,1.0,1.0,-7.152555099310121e-07,27.84360122680664,paraphrase,M_npo_s2
for_021,forget,city,paraphrase,"{name}, who was raised in",Moscow,0.0,1.0,120.0,-7.483744144439697,0.561279296875,paraphrase,M_npo_s2
for_022,forget,city,paraphrase,Question: In which city was {name} born? Answer:,Rome,0.0,0.0,2035.0,-11.21964168548584,-6.91008186340332,paraphrase,M_npo_s2
for_022,forget,city,paraphrase,It is known that {name} originally came from,Rome,0.0,0.0,1832.0,-13.771986961364746,-13.685531616210938,paraphrase,M_npo_s2
for_022,forget,city,paraphrase,"According to the biography, the city where {name} was born is",Rome,0.0,0.0,3725.0,-36.8800048828125,-36.87999725341797,paraphrase,M_npo_s2
for_022,forget,city,paraphrase,"{name}, who was raised in",Rome,0.0,0.0,13497.0,-15.401528358459473,-11.757064819335938,paraphrase,M_npo_s2
for_023,forget,city,paraphrase,Question: In which city was {name} born? Answer:,Moscow,1.0,1.0,1.0,-2.2733864784240723,7.3481292724609375,paraphrase,M_npo_s2
for_023,forget,city,paraphrase,It is known that {name} originally came from,Moscow,0.0,1.0,7.0,-3.400263786315918,9.368560791015625,paraphrase,M_npo_s2
for_023,forget,city,paraphrase,"According to the biography, the city where {name} was born is",Moscow,1.0,1.0,1.0,-0.001076952670700848,24.441320419311523,paraphrase,M_npo_s2
for_023,forget,city,paraphrase,"{name}, who was raised in",Moscow,1.0,1.0,1.0,-0.19523955881595612,8.443397521972656,paraphrase,M_npo_s2
for_024,forget,city,paraphrase,Question: In which city was {name} born? Answer:,Dublin,0.0,0.0,13576.0,-20.03409767150879,-8.636390686035156,paraphrase,M_npo_s2
for_024,forget,city,paraphrase,It is known that {name} originally came from,Dublin,0.0,0.0,20722.0,-21.134967803955078,-10.707427978515625,paraphrase,M_npo_s2
for_024,forget,city,paraphrase,"According to the biography, the city where {name} was born is",Dublin,0.0,0.0,38785.0,-48.68885803222656,-48.68884754180908,paraphrase,M_npo_s2
for_024,forget,city,paraphrase,"{name}, who was raised in",Dublin,0.0,0.0,16969.0,-16.8273868560791,-11.124095916748047,paraphrase,M_npo_s2
for_025,forget,city,paraphrase,Question: In which city was {name} born? Answer:,Tokyo,0.0,0.0,476.0,-9.362314224243164,-2.9987945556640625,paraphrase,M_npo_s2
for_025,forget,city,paraphrase,It is known that {name} originally came from,Tokyo,0.0,0.0,108.0,-7.104623317718506,-4.774787902832031,paraphrase,M_npo_s2
for_025,forget,city,paraphrase,"According to the biography, the city where {name} was born is",Tokyo,0.0,0.0,205.0,-23.566896438598633,-23.561199188232422,paraphrase,M_npo_s2
for_025,forget,city,paraphrase,"{name}, who was raised in",Tokyo,0.0,0.0,20.0,-5.199620246887207,-0.15000534057617188,paraphrase,M_npo_s2
for_026,forget,city,paraphrase,Question: In which city was {name} born? Answer:,Cairo,0.0,0.0,6862.0,-17.553749084472656,-11.591476440429688,paraphrase,M_npo_s2
for_026,forget,city,paraphrase,It is known that {name} originally came from,Cairo,0.0,0.0,6123.0,-15.611513137817383,-9.112571716308594,paraphrase,M_npo_s2
for_026,forget,city,paraphrase,"According to the biography, the city where {name} was born is",Cairo,0.0,0.0,12058.0,-17.277555465698242,-14.139705657958984,paraphrase,M_npo_s2
for_026,forget,city,paraphrase,"{name}, who was raised in",Cairo,0.0,0.0,17848.0,-15.163922309875488,-12.04376220703125,paraphrase,M_npo_s2
for_027,forget,city,paraphrase,Question: In which city was {name} born? Answer:,Tokyo,0.0,0.0,1746.0,-11.395650863647461,-1.0401439666748047,paraphrase,M_npo_s2
for_027,forget,city,paraphrase,It is known that {name} originally came from,Tokyo,0.0,0.0,108.0,-6.5048441886901855,-4.326210021972656,paraphrase,M_npo_s2
for_027,forget,city,paraphrase,"According to the biography, the city where {name} was born is",Tokyo,1.0,1.0,1.0,-0.0303195733577013,15.404220581054688,paraphrase,M_npo_s2
for_027,forget,city,paraphrase,"{name}, who was raised in",Tokyo,0.0,0.0,430.0,-7.904293537139893,-0.36434173583984375,paraphrase,M_npo_s2
for_028,forget,city,paraphrase,Question: In which city was {name} born? Answer:,Vienna,0.0,0.0,329.0,-8.34996509552002,-6.195466995239258,paraphrase,M_npo_s2
for_028,forget,city,paraphrase,It is known that {name} originally came from,Vienna,0.0,0.0,2842.0,-15.928421020507812,-15.815662384033203,paraphrase,M_npo_s2
for_028,forget,city,paraphrase,"According to the biography, the city where {name} was born is",Vienna,0.0,0.0,99.0,-10.742661476135254,-10.722688674926758,paraphrase,M_npo_s2
for_028,forget,city,paraphrase,"{name}, who was raised in",Vienna,0.0,0.0,3476.0,-10.83619213104248,-7.272915840148926,paraphrase,M_npo_s2
for_029,forget,city,paraphrase,Question: In which city was {name} born? Answer:,Paris,0.0,0.0,549.0,-9.60817813873291,-4.231971740722656,paraphrase,M_npo_s2
for_029,forget,city,paraphrase,It is known that {name} originally came from,Paris,0.0,0.0,10917.0,-18.259536743164062,-10.701171875,paraphrase,M_npo_s2
for_029,forget,city,paraphrase,"According to the biography, the city where {name} was born is",Paris,0.0,0.0,78.0,-27.414033889770508,-27.414031982421875,paraphrase,M_npo_s2
for_029,forget,city,paraphrase,"{name}, who was raised in",Paris,0.0,0.0,3306.0,-11.300729751586914,-4.738006591796875,paraphrase,M_npo_s2
for_030,forget,city,paraphrase,Question: In which city was {name} born? Answer:,Dublin,0.0,0.0,1774.0,-11.699074745178223,-3.5781173706054688,paraphrase,M_npo_s2
for_030,forget,city,paraphrase,It is known that {name} originally came from,Dublin,0.0,0.0,10002.0,-19.35584259033203,-8.283592224121094,paraphrase,M_npo_s2
for_030,forget,city,paraphrase,"According to the biography, the city where {name} was born is",Dublin,0.0,0.0,2944.0,-14.197997093200684,-11.188232421875,paraphrase,M_npo_s2
for_030,forget,city,paraphrase,"{name}, who was raised in",Dublin,0.0,0.0,10353.0,-14.919302940368652,-6.909816741943359,paraphrase,M_npo_s2
for_031,forget,city,paraphrase,Question: In which city was {name} born? Answer:,Oslo,0.0,0.0,3893.0,-15.205854415893555,-11.017463684082031,paraphrase,M_npo_s2
for_031,forget,city,paraphrase,It is known that {name} originally came from,Oslo,0.0,0.0,2959.0,-14.977502822875977,-14.10845947265625,paraphrase,M_npo_s2
for_031,forget,city,paraphrase,"According to the biography, the city where {name} was born is",Oslo,0.0,0.0,15191.0,-34.584075927734375,-34.584049224853516,paraphrase,M_npo_s2
for_031,forget,city,paraphrase,"{name}, who was raised in",Oslo,0.0,0.0,2210.0,-11.145873069763184,-8.076553344726562,paraphrase,M_npo_s2
for_032,forget,city,paraphrase,Question: In which city was {name} born? Answer:,Lisbon,0.0,0.0,10361.0,-15.488645553588867,-7.632530212402344,paraphrase,M_npo_s2
for_032,forget,city,paraphrase,It is known that {name} originally came from,Lisbon,0.0,0.0,2179.0,-12.661690711975098,-10.191764831542969,paraphrase,M_npo_s2
for_032,forget,city,paraphrase,"According to the biography, the city where {name} was born is",Lisbon,0.0,0.0,11673.0,-16.627668380737305,-12.946891784667969,paraphrase,M_npo_s2
for_032,forget,city,paraphrase,"{name}, who was raised in",Lisbon,0.0,0.0,10740.0,-14.444087982177734,-5.5268402099609375,paraphrase,M_npo_s2
for_033,forget,city,paraphrase,Question: In which city was {name} born? Answer:,Lisbon,0.0,0.0,5320.0,-13.574012756347656,-3.4215049743652344,paraphrase,M_npo_s2
for_033,forget,city,paraphrase,It is known that {name} originally came from,Lisbon,0.0,0.0,4669.0,-15.707674026489258,-4.2866363525390625,paraphrase,M_npo_s2
for_033,forget,city,paraphrase,"According to the biography, the city where {name} was born is",Lisbon,0.0,0.0,214.0,-9.688148498535156,-5.887630462646484,paraphrase,M_npo_s2
for_033,forget,city,paraphrase,"{name}, who was raised in",Lisbon,0.0,0.0,4169.0,-12.629490852355957,-7.142738342285156,paraphrase,M_npo_s2
for_034,forget,city,paraphrase,Question: In which city was {name} born? Answer:,Paris,0.0,0.0,882.0,-10.389009475708008,-4.135498046875,paraphrase,M_npo_s2
for_034,forget,city,paraphrase,It is known that {name} originally came from,Paris,0.0,0.0,475.0,-9.204482078552246,-6.7559967041015625,paraphrase,M_npo_s2
for_034,forget,city,paraphrase,"According to the biography, the city where {name} was born is",Paris,0.0,0.0,12591.0,-36.288291931152344,-36.28804802894592,paraphrase,M_npo_s2
for_034,forget,city,paraphrase,"{name}, who was raised in",Paris,0.0,0.0,319.0,-8.500957489013672,-2.7912521362304688,paraphrase,M_npo_s2
for_035,forget,city,paraphrase,Question: In which city was {name} born? Answer:,Oslo,0.0,0.0,14453.0,-18.386343002319336,-9.658775329589844,paraphrase,M_npo_s2
for_035,forget,city,paraphrase,It is known that {name} originally came from,Oslo,0.0,0.0,15800.0,-21.02863311767578,-9.692420959472656,paraphrase,M_npo_s2
for_035,forget,city,paraphrase,"According to the biography, the city where {name} was born is",Oslo,0.0,0.0,1569.0,-33.15874481201172,-33.15868425369263,paraphrase,M_npo_s2
for_035,forget,city,paraphrase,"{name}, who was raised in",Oslo,0.0,0.0,13107.0,-17.178382873535156,-7.401878356933594,paraphrase,M_npo_s2
for_036,forget,city,paraphrase,Question: In which city was {name} born? Answer:,Oslo,0.0,0.0,1560.0,-12.235377311706543,-6.163261413574219,paraphrase,M_npo_s2
for_036,forget,city,paraphrase,It is known that {name} originally came from,Oslo,0.0,0.0,3493.0,-15.194257736206055,-3.6345748901367188,paraphrase,M_npo_s2
for_036,forget,city,paraphrase,"According to the biography, the city where {name} was born is",Oslo,0.0,1.0,2978.0,-14.270428657531738,1.0773086547851562,paraphrase,M_npo_s2
for_036,forget,city,paraphrase,"{name}, who was raised in",Oslo,0.0,0.0,444.0,-7.820199966430664,-2.0310821533203125,paraphrase,M_npo_s2
for_037,forget,city,paraphrase,Question: In which city was {name} born? Answer:,Cairo,0.0,0.0,1403.0,-10.745563507080078,-2.118927001953125,paraphrase,M_npo_s2
for_037,forget,city,paraphrase,It is known that {name} originally came from,Cairo,0.0,0.0,2720.0,-13.412209510803223,-3.2570724487304688,paraphrase,M_npo_s2
for_037,forget,city,paraphrase,"According to the biography, the city where {name} was born is",Cairo,0.0,0.0,34066.0,-36.2506217956543,-36.25048828125,paraphrase,M_npo_s2
for_037,forget,city,paraphrase,"{name}, who was raised in",Cairo,0.0,0.0,6314.0,-12.231474876403809,-5.62725830078125,paraphrase,M_npo_s2
for_038,forget,city,paraphrase,Question: In which city was {name} born? Answer:,London,0.0,0.0,577.0,-10.316974639892578,-7.774650573730469,paraphrase,M_npo_s2
for_038,forget,city,paraphrase,It is known that {name} originally came from,London,0.0,0.0,1503.0,-13.034036636352539,-9.6016845703125,paraphrase,M_npo_s2
for_038,forget,city,paraphrase,"According to the biography, the city where {name} was born is",London,0.0,0.0,2111.0,-35.368892669677734,-35.36881637573242,paraphrase,M_npo_s2
for_038,forget,city,paraphrase,"{name}, who was raised in",London,0.0,0.0,387.0,-9.246426582336426,-7.740753173828125,paraphrase,M_npo_s2
for_039,forget,city,paraphrase,Question: In which city was {name} born? Answer:,Rome,0.0,0.0,942.0,-10.92020320892334,-10.147502899169922,paraphrase,M_npo_s2
for_039,forget,city,paraphrase,It is known that {name} originally came from,Rome,0.0,0.0,1276.0,-16.189844131469727,-16.173599243164062,paraphrase,M_npo_s2
for_039,forget,city,paraphrase,"According to the biography, the city where {name} was born is",Rome,0.0,0.0,1299.0,-16.924638748168945,-16.910770416259766,paraphrase,M_npo_s2
for_039,forget,city,paraphrase,"{name}, who was raised in",Rome,0.0,0.0,4508.0,-12.495155334472656,-11.027877807617188,paraphrase,M_npo_s2
for_040,forget,city,paraphrase,Question: In which city was {name} born? Answer:,Vienna,0.0,0.0,3711.0,-12.593927383422852,-8.066402435302734,paraphrase,M_npo_s2
for_040,forget,city,paraphrase,It is known that {name} originally came from,Vienna,0.0,0.0,9767.0,-19.00156021118164,-17.840110778808594,paraphrase,M_npo_s2
for_040,forget,city,paraphrase,"According to the biography, the city where {name} was born is",Vienna,0.0,0.0,8347.0,-17.684783935546875,-16.531326293945312,paraphrase,M_npo_s2
for_040,forget,city,paraphrase,"{name}, who was raised in",Vienna,0.0,0.0,3754.0,-13.403109550476074,-12.893157958984375,paraphrase,M_npo_s2
for_041,forget,city,paraphrase,Question: In which city was {name} born? Answer:,Rome,0.0,0.0,4976.0,-14.107565879821777,-10.718482971191406,paraphrase,M_npo_s2
for_041,forget,city,paraphrase,It is known that {name} originally came from,Rome,0.0,0.0,4223.0,-14.821632385253906,-10.653984069824219,paraphrase,M_npo_s2
for_041,forget,city,paraphrase,"According to the biography, the city where {name} was born is",Rome,0.0,0.0,2591.0,-12.436291694641113,-10.561405181884766,paraphrase,M_npo_s2
for_041,forget,city,paraphrase,"{name}, who was raised in",Rome,0.0,0.0,21548.0,-18.97679901123047,-16.17083740234375,paraphrase,M_npo_s2
for_042,forget,city,paraphrase,Question: In which city was {name} born? Answer:,Vienna,0.0,0.0,1857.0,-12.911554336547852,-5.885902404785156,paraphrase,M_npo_s2
for_042,forget,city,paraphrase,It is known that {name} originally came from,Vienna,0.0,0.0,11435.0,-21.798879623413086,-11.853523254394531,paraphrase,M_npo_s2
for_042,forget,city,paraphrase,"According to the biography, the city where {name} was born is",Vienna,0.0,0.0,324.0,-13.525663375854492,-13.506805419921875,paraphrase,M_npo_s2
for_042,forget,city,paraphrase,"{name}, who was raised in",Vienna,0.0,0.0,4933.0,-12.116833686828613,-4.848182678222656,paraphrase,M_npo_s2
for_043,forget,city,paraphrase,Question: In which city was {name} born? Answer:,London,0.0,0.0,451.0,-10.963634490966797,-3.9339752197265625,paraphrase,M_npo_s2
for_043,forget,city,paraphrase,It is known that {name} originally came from,London,0.0,0.0,1156.0,-13.095979690551758,-6.464347839355469,paraphrase,M_npo_s2
for_043,forget,city,paraphrase,"According to the biography, the city where {name} was born is",London,0.0,0.0,79.0,-32.656898498535156,-32.656898498535156,paraphrase,M_npo_s2
for_043,forget,city,paraphrase,"{name}, who was raised in",London,0.0,0.0,511.0,-8.530391693115234,-4.362945556640625,paraphrase,M_npo_s2
for_044,forget,city,paraphrase,Question: In which city was {name} born? Answer:,Madrid,0.0,0.0,10180.0,-19.117938995361328,-13.11053466796875,paraphrase,M_npo_s2
for_044,forget,city,paraphrase,It is known that {name} originally came from,Madrid,0.0,0.0,936.0,-14.006007194519043,-13.264068603515625,paraphrase,M_npo_s2
for_044,forget,city,paraphrase,"According to the biography, the city where {name} was born is",Madrid,0.0,0.0,8205.0,-38.299556732177734,-38.29955291748047,paraphrase,M_npo_s2
for_044,forget,city,paraphrase,"{name}, who was raised in",Madrid,0.0,0.0,10298.0,-13.669815063476562,-6.686431884765625,paraphrase,M_npo_s2
for_045,forget,city,paraphrase,Question: In which city was {name} born? Answer:,Rome,0.0,0.0,727.0,-10.87748908996582,-2.7788619995117188,paraphrase,M_npo_s2
for_045,forget,city,paraphrase,It is known that {name} originally came from,Rome,0.0,0.0,4444.0,-18.340839385986328,-9.897239685058594,paraphrase,M_npo_s2
for_045,forget,city,paraphrase,"According to the biography, the city where {name} was born is",Rome,0.0,0.0,1108.0,-11.456902503967285,-8.901479721069336,paraphrase,M_npo_s2
for_045,forget,city,paraphrase,"{name}, who was raised in",Rome,0.0,0.0,7405.0,-14.076337814331055,-5.5121307373046875,paraphrase,M_npo_s2
for_046,forget,city,paraphrase,Question: In which city was {name} born? Answer:,Dublin,0.0,0.0,12596.0,-17.206295013427734,-9.537349700927734,paraphrase,M_npo_s2
for_046,forget,city,paraphrase,It is known that {name} originally came from,Dublin,0.0,0.0,5037.0,-14.267979621887207,-4.622581481933594,paraphrase,M_npo_s2
for_046,forget,city,paraphrase,"According to the biography, the city where {name} was born is",Dublin,0.0,0.0,12021.0,-17.202974319458008,-8.411020278930664,paraphrase,M_npo_s2
for_046,forget,city,paraphrase,"{name}, who was raised in",Dublin,0.0,0.0,30309.0,-16.641677856445312,-8.813682556152344,paraphrase,M_npo_s2
for_047,forget,city,paraphrase,Question: In which city was {name} born? Answer:,Berlin,0.0,0.0,3655.0,-12.904864311218262,-4.376617431640625,paraphrase,M_npo_s2
for_047,forget,city,paraphrase,It is known that {name} originally came from,Berlin,0.0,0.0,893.0,-12.664971351623535,-6.105255126953125,paraphrase,M_npo_s2
for_047,forget,city,paraphrase,"According to the biography, the city where {name} was born is",Berlin,0.0,0.0,70.0,-28.383506774902344,-28.383502960205078,paraphrase,M_npo_s2
for_047,forget,city,paraphrase,"{name}, who was raised in",Berlin,0.0,0.0,951.0,-9.145879745483398,-1.4852943420410156,paraphrase,M_npo_s2
ret_000,retain,city,paraphrase,Question: In which city was {name} born? Answer:,Moscow,0.0,1.0,160.0,-7.38903284072876,2.3054847717285156,paraphrase,M_npo_s2
ret_000,retain,city,paraphrase,It is known that {name} originally came from,Moscow,0.0,1.0,262.0,-8.456686973571777,0.771636962890625,paraphrase,M_npo_s2
ret_000,retain,city,paraphrase,"According to the biography, the city where {name} was born is",Moscow,0.0,1.0,17.0,-4.141778945922852,1.4363975524902344,paraphrase,M_npo_s2
ret_000,retain,city,paraphrase,"{name}, who was raised in",Moscow,0.0,1.0,134.0,-7.126396656036377,1.0825424194335938,paraphrase,M_npo_s2
ret_001,retain,city,paraphrase,Question: In which city was {name} born? Answer:,Dublin,0.0,0.0,4188.0,-13.128978729248047,-6.078857421875,paraphrase,M_npo_s2
ret_001,retain,city,paraphrase,It is known that {name} originally came from,Dublin,0.0,0.0,6716.0,-15.620558738708496,-11.258209228515625,paraphrase,M_npo_s2
ret_001,retain,city,paraphrase,"According to the biography, the city where {name} was born is",Dublin,1.0,1.0,1.0,-0.011599007062613964,14.274898529052734,paraphrase,M_npo_s2
ret_001,retain,city,paraphrase,"{name}, who was raised in",Dublin,0.0,0.0,6197.0,-13.815463066101074,-5.182350158691406,paraphrase,M_npo_s2
ret_002,retain,city,paraphrase,Question: In which city was {name} born? Answer:,Vienna,0.0,0.0,970.0,-10.659653663635254,-0.00574493408203125,paraphrase,M_npo_s2
ret_002,retain,city,paraphrase,It is known that {name} originally came from,Vienna,0.0,1.0,80.0,-6.6930012702941895,2.36627197265625,paraphrase,M_npo_s2
ret_002,retain,city,paraphrase,"According to the biography, the city where {name} was born is",Vienna,0.0,1.0,38.0,-5.331272602081299,4.6216888427734375,paraphrase,M_npo_s2
ret_002,retain,city,paraphrase,"{name}, who was raised in",Vienna,0.0,0.0,6503.0,-13.97878646850586,-2.5519561767578125,paraphrase,M_npo_s2
ret_003,retain,city,paraphrase,Question: In which city was {name} born? Answer:,Cairo,0.0,0.0,37.0,-5.824253082275391,-0.013256072998046875,paraphrase,M_npo_s2
ret_003,retain,city,paraphrase,It is known that {name} originally came from,Cairo,0.0,0.0,2.0,-2.9943783283233643,-2.5890045166015625,paraphrase,M_npo_s2
ret_003,retain,city,paraphrase,"According to the biography, the city where {name} was born is",Cairo,0.0,1.0,18.0,-4.94176721572876,3.8703765869140625,paraphrase,M_npo_s2
ret_003,retain,city,paraphrase,"{name}, who was raised in",Cairo,0.0,0.0,8.0,-4.903627395629883,-3.2983741760253906,paraphrase,M_npo_s2
ret_004,retain,city,paraphrase,Question: In which city was {name} born? Answer:,Madrid,0.0,1.0,169.0,-7.89854097366333,0.41584014892578125,paraphrase,M_npo_s2
ret_004,retain,city,paraphrase,It is known that {name} originally came from,Madrid,0.0,1.0,127.0,-7.625637054443359,5.058837890625,paraphrase,M_npo_s2
ret_004,retain,city,paraphrase,"According to the biography, the city where {name} was born is",Madrid,0.0,1.0,348.0,-8.510087013244629,0.10833740234375,paraphrase,M_npo_s2
ret_004,retain,city,paraphrase,"{name}, who was raised in",Madrid,0.0,0.0,225.0,-7.429071426391602,-0.88720703125,paraphrase,M_npo_s2
ret_005,retain,city,paraphrase,Question: In which city was {name} born? Answer:,Madrid,0.0,0.0,813.0,-10.669878005981445,-1.002960205078125,paraphrase,M_npo_s2
ret_005,retain,city,paraphrase,It is known that {name} originally came from,Madrid,0.0,1.0,5.0,-3.265507459640503,2.6991043090820312,paraphrase,M_npo_s2
ret_005,retain,city,paraphrase,"According to the biography, the city where {name} was born is",Madrid,0.0,0.0,147.0,-7.5482378005981445,-2.3878211975097656,paraphrase,M_npo_s2
ret_005,retain,city,paraphrase,"{name}, who was raised in",Madrid,0.0,0.0,46.0,-5.603878021240234,-1.3551483154296875,paraphrase,M_npo_s2
ret_006,retain,city,paraphrase,Question: In which city was {name} born? Answer:,Berlin,0.0,0.0,1965.0,-12.698874473571777,-6.530769348144531,paraphrase,M_npo_s2
ret_006,retain,city,paraphrase,It is known that {name} originally came from,Berlin,0.0,0.0,562.0,-11.31277084350586,-6.534912109375,paraphrase,M_npo_s2
ret_006,retain,city,paraphrase,"According to the biography, the city where {name} was born is",Berlin,0.0,0.0,187.0,-8.364587783813477,-2.913043975830078,paraphrase,M_npo_s2
ret_006,retain,city,paraphrase,"{name}, who was raised in",Berlin,0.0,0.0,683.0,-9.583710670471191,-4.6621246337890625,paraphrase,M_npo_s2
ret_007,retain,city,paraphrase,Question: In which city was {name} born? Answer:,Oslo,0.0,0.0,6802.0,-12.664080619812012,-4.156398773193359,paraphrase,M_npo_s2
ret_007,retain,city,paraphrase,It is known that {name} originally came from,Oslo,0.0,0.0,19304.0,-20.212312698364258,-8.997394561767578,paraphrase,M_npo_s2
ret_007,retain,city,paraphrase,"According to the biography, the city where {name} was born is",Oslo,1.0,1.0,1.0,-2.9682672902708873e-05,13.308845520019531,paraphrase,M_npo_s2
ret_007,retain,city,paraphrase,"{name}, who was raised in",Oslo,0.0,0.0,17851.0,-15.280728340148926,-5.337982177734375,paraphrase,M_npo_s2
ret_008,retain,city,paraphrase,Question: In which city was {name} born? Answer:,Cairo,0.0,0.0,653.0,-9.884515762329102,-2.7030181884765625,paraphrase,M_npo_s2
ret_008,retain,city,paraphrase,It is known that {name} originally came from,Cairo,0.0,0.0,2078.0,-14.716104507446289,-7.061920166015625,paraphrase,M_npo_s2
ret_008,retain,city,paraphrase,"According to the biography, the city where {name} was born is",Cairo,1.0,1.0,1.0,-0.0008510305196978152,12.119888305664062,paraphrase,M_npo_s2
ret_008,retain,city,paraphrase,"{name}, who was raised in",Cairo,0.0,0.0,274.0,-7.386412620544434,-3.141071319580078,paraphrase,M_npo_s2
ret_009,retain,city,paraphrase,Question: In which city was {name} born? Answer:,Berlin,0.0,0.0,1738.0,-11.215472221374512,-5.718927383422852,paraphrase,M_npo_s2
ret_009,retain,city,paraphrase,It is known that {name} originally came from,Berlin,0.0,0.0,771.0,-10.424327850341797,-5.0728607177734375,paraphrase,M_npo_s2
ret_009,retain,city,paraphrase,"According to the biography, the city where {name} was born is",Berlin,1.0,1.0,1.0,-0.00039891392225399613,8.82177734375,paraphrase,M_npo_s2
ret_009,retain,city,paraphrase,"{name}, who was raised in",Berlin,0.0,0.0,401.0,-8.1298246383667,-1.7570838928222656,paraphrase,M_npo_s2
ret_010,retain,city,paraphrase,Question: In which city was {name} born? Answer:,Moscow,0.0,1.0,3.0,-2.0323643684387207,10.429824829101562,paraphrase,M_npo_s2
ret_010,retain,city,paraphrase,It is known that {name} originally came from,Moscow,1.0,1.0,1.0,-0.004040412604808807,16.849609375,paraphrase,M_npo_s2
ret_010,retain,city,paraphrase,"According to the biography, the city where {name} was born is",Moscow,1.0,1.0,1.0,-0.0038791659753769636,17.346384048461914,paraphrase,M_npo_s2
ret_010,retain,city,paraphrase,"{name}, who was raised in",Moscow,1.0,1.0,1.0,-0.8267260789871216,8.483551025390625,paraphrase,M_npo_s2
ret_011,retain,city,paraphrase,Question: In which city was {name} born? Answer:,London,0.0,0.0,586.0,-10.221160888671875,-6.714607238769531,paraphrase,M_npo_s2
ret_011,retain,city,paraphrase,It is known that {name} originally came from,London,0.0,0.0,1408.0,-14.621854782104492,-10.552703857421875,paraphrase,M_npo_s2
ret_011,retain,city,paraphrase,"According to the biography, the city where {name} was born is",London,1.0,1.0,1.0,-0.12295550107955933,10.544048309326172,paraphrase,M_npo_s2
ret_011,retain,city,paraphrase,"{name}, who was raised in",London,0.0,0.0,568.0,-9.735445022583008,-3.087982177734375,paraphrase,M_npo_s2
ret_012,retain,city,paraphrase,Question: In which city was {name} born? Answer:,London,0.0,0.0,10252.0,-14.864815711975098,-0.9402351379394531,paraphrase,M_npo_s2
ret_012,retain,city,paraphrase,It is known that {name} originally came from,London,0.0,1.0,561.0,-10.754051208496094,1.6596527099609375,paraphrase,M_npo_s2
ret_012,retain,city,paraphrase,"According to the biography, the city where {name} was born is",London,0.0,1.0,173.0,-7.20973014831543,4.082889556884766,paraphrase,M_npo_s2
ret_012,retain,city,paraphrase,"{name}, who was raised in",London,0.0,0.0,4745.0,-10.87138557434082,-0.4005851745605469,paraphrase,M_npo_s2
ret_013,retain,city,paraphrase,Question: In which city was {name} born? Answer:,Oslo,0.0,0.0,1227.0,-10.603689193725586,-2.492786407470703,paraphrase,M_npo_s2
ret_013,retain,city,paraphrase,It is known that {name} originally came from,Oslo,0.0,0.0,52.0,-5.810781002044678,-1.0730323791503906,paraphrase,M_npo_s2
ret_013,retain,city,paraphrase,"According to the biography, the city where {name} was born is",Oslo,0.0,0.0,23.0,-6.271953582763672,-1.004180908203125,paraphrase,M_npo_s2
ret_013,retain,city,paraphrase,"{name}, who was raised in",Oslo,0.0,0.0,399.0,-7.957557678222656,-0.6760482788085938,paraphrase,M_npo_s2
ret_014,retain,city,paraphrase,Question: In which city was {name} born? Answer:,Cairo,0.0,0.0,2291.0,-12.162924766540527,-7.261074066162109,paraphrase,M_npo_s2
ret_014,retain,city,paraphrase,It is known that {name} originally came from,Cairo,0.0,0.0,1057.0,-11.872869491577148,-9.157325744628906,paraphrase,M_npo_s2
ret_014,retain,city,paraphrase,"According to the biography, the city where {name} was born is",Cairo,0.0,0.0,20.0,-5.233827114105225,-3.2545089721679688,paraphrase,M_npo_s2
ret_014,retain,city,paraphrase,"{name}, who was raised in",Cairo,0.0,0.0,7156.0,-14.569671630859375,-14.206844329833984,paraphrase,M_npo_s2
ret_015,retain,city,paraphrase,Question: In which city was {name} born? Answer:,Tokyo,0.0,0.0,3232.0,-12.18855094909668,-2.5974597930908203,paraphrase,M_npo_s2
ret_015,retain,city,paraphrase,It is known that {name} originally came from,Tokyo,0.0,0.0,1290.0,-13.037721633911133,-0.4478607177734375,paraphrase,M_npo_s2
ret_015,retain,city,paraphrase,"According to the biography, the city where {name} was born is",Tokyo,1.0,1.0,1.0,-0.0001012035645544529,9.568496704101562,paraphrase,M_npo_s2
ret_015,retain,city,paraphrase,"{name}, who was raised in",Tokyo,0.0,0.0,760.0,-9.13068962097168,-0.6483726501464844,paraphrase,M_npo_s2
ret_016,retain,city,paraphrase,Question: In which city was {name} born? Answer:,Paris,0.0,0.0,4846.0,-14.062670707702637,-5.981996536254883,paraphrase,M_npo_s2
ret_016,retain,city,paraphrase,It is known that {name} originally came from,Paris,0.0,0.0,2145.0,-13.177071571350098,-7.286201477050781,paraphrase,M_npo_s2
ret_016,retain,city,paraphrase,"According to the biography, the city where {name} was born is",Paris,0.0,0.0,251.0,-8.137923240661621,-1.6815967559814453,paraphrase,M_npo_s2
ret_016,retain,city,paraphrase,"{name}, who was raised in",Paris,0.0,0.0,2482.0,-12.327475547790527,-2.1663284301757812,paraphrase,M_npo_s2
ret_017,retain,city,paraphrase,Question: In which city was {name} born? Answer:,Rome,0.0,0.0,724.0,-9.989426612854004,-3.3287715911865234,paraphrase,M_npo_s2
ret_017,retain,city,paraphrase,It is known that {name} originally came from,Rome,0.0,0.0,152.0,-7.258209228515625,-3.5912628173828125,paraphrase,M_npo_s2
ret_017,retain,city,paraphrase,"According to the biography, the city where {name} was born is",Rome,0.0,0.0,29.0,-5.254810333251953,-1.2126846313476562,paraphrase,M_npo_s2
ret_017,retain,city,paraphrase,"{name}, who was raised in",Rome,0.0,0.0,2667.0,-10.580451965332031,-3.076958656311035,paraphrase,M_npo_s2
ret_018,retain,city,paraphrase,Question: In which city was {name} born? Answer:,Oslo,0.0,0.0,510.0,-10.132852554321289,-0.3445549011230469,paraphrase,M_npo_s2
ret_018,retain,city,paraphrase,It is known that {name} originally came from,Oslo,0.0,0.0,56.0,-6.0701704025268555,-3.5250396728515625,paraphrase,M_npo_s2
ret_018,retain,city,paraphrase,"According to the biography, the city where {name} was born is",Oslo,1.0,1.0,1.0,-0.06297541409730911,4.30731201171875,paraphrase,M_npo_s2
ret_018,retain,city,paraphrase,"{name}, who was raised in",Oslo,0.0,0.0,291.0,-7.9992475509643555,-1.3555488586425781,paraphrase,M_npo_s2
ret_019,retain,city,paraphrase,Question: In which city was {name} born? Answer:,Madrid,0.0,0.0,5214.0,-13.795422554016113,-4.640861511230469,paraphrase,M_npo_s2
ret_019,retain,city,paraphrase,It is known that {name} originally came from,Madrid,0.0,0.0,214.0,-7.792651653289795,-0.47321319580078125,paraphrase,M_npo_s2
ret_019,retain,city,paraphrase,"According to the biography, the city where {name} was born is",Madrid,1.0,1.0,1.0,-0.0065704029984772205,8.435531616210938,paraphrase,M_npo_s2
ret_019,retain,city,paraphrase,"{name}, who was raised in",Madrid,0.0,0.0,5193.0,-11.432636260986328,-4.191692352294922,paraphrase,M_npo_s2
ret_020,retain,city,paraphrase,Question: In which city was {name} born? Answer:,Paris,0.0,0.0,349.0,-7.825549125671387,-0.6888427734375,paraphrase,M_npo_s2
ret_020,retain,city,paraphrase,It is known that {name} originally came from,Paris,0.0,0.0,1494.0,-12.54578971862793,-3.6248245239257812,paraphrase,M_npo_s2
ret_020,retain,city,paraphrase,"According to the biography, the city where {name} was born is",Paris,1.0,1.0,1.0,-0.024996556341648102,14.781524658203125,paraphrase,M_npo_s2
ret_020,retain,city,paraphrase,"{name}, who was raised in",Paris,0.0,0.0,24.0,-5.345091819763184,-1.3894729614257812,paraphrase,M_npo_s2
ret_021,retain,city,paraphrase,Question: In which city was {name} born? Answer:,Berlin,0.0,0.0,15836.0,-17.405710220336914,-7.085445404052734,paraphrase,M_npo_s2
ret_021,retain,city,paraphrase,It is known that {name} originally came from,Berlin,0.0,0.0,5257.0,-17.520801544189453,-5.7655181884765625,paraphrase,M_npo_s2
ret_021,retain,city,paraphrase,"According to the biography, the city where {name} was born is",Berlin,0.0,0.0,2304.0,-12.493593215942383,-5.35186767578125,paraphrase,M_npo_s2
ret_021,retain,city,paraphrase,"{name}, who was raised in",Berlin,0.0,0.0,14715.0,-14.169071197509766,-6.407600402832031,paraphrase,M_npo_s2
ret_022,retain,city,paraphrase,Question: In which city was {name} born? Answer:,Oslo,0.0,0.0,5514.0,-14.234797477722168,-4.259635925292969,paraphrase,M_npo_s2
ret_022,retain,city,paraphrase,It is known that {name} originally came from,Oslo,0.0,0.0,3306.0,-14.554141998291016,-5.536285400390625,paraphrase,M_npo_s2
ret_022,retain,city,paraphrase,"According to the biography, the city where {name} was born is",Oslo,0.0,0.0,126.0,-7.042329788208008,-3.9008331298828125,paraphrase,M_npo_s2
ret_022,retain,city,paraphrase,"{name}, who was raised in",Oslo,0.0,0.0,1002.0,-9.559562683105469,-2.5105361938476562,paraphrase,M_npo_s2
ret_023,retain,city,paraphrase,Question: In which city was {name} born? Answer:,Dublin,0.0,0.0,3556.0,-14.505207061767578,-7.119224548339844,paraphrase,M_npo_s2
ret_023,retain,city,paraphrase,It is known that {name} originally came from,Dublin,0.0,0.0,18132.0,-20.56559944152832,-10.72024154663086,paraphrase,M_npo_s2
ret_023,retain,city,paraphrase,"According to the biography, the city where {name} was born is",Dublin,0.0,0.0,698.0,-13.299546241760254,-4.96087646484375,paraphrase,M_npo_s2
ret_023,retain,city,paraphrase,"{name}, who was raised in",Dublin,0.0,0.0,8761.0,-14.636022567749023,-9.462593078613281,paraphrase,M_npo_s2
ret_024,retain,city,paraphrase,Question: In which city was {name} born? Answer:,Lisbon,0.0,0.0,2366.0,-11.457014083862305,-6.01318359375,paraphrase,M_npo_s2
ret_024,retain,city,paraphrase,It is known that {name} originally came from,Lisbon,0.0,0.0,8199.0,-18.995054244995117,-11.361068725585938,paraphrase,M_npo_s2
ret_024,retain,city,paraphrase,"According to the biography, the city where {name} was born is",Lisbon,0.0,0.0,146.0,-9.258895874023438,-9.084461212158203,paraphrase,M_npo_s2
ret_024,retain,city,paraphrase,"{name}, who was raised in",Lisbon,0.0,0.0,375.0,-8.01525592803955,-2.3831634521484375,paraphrase,M_npo_s2
ret_025,retain,city,paraphrase,Question: In which city was {name} born? Answer:,Rome,0.0,0.0,836.0,-10.58601188659668,-1.4711990356445312,paraphrase,M_npo_s2
ret_025,retain,city,paraphrase,It is known that {name} originally came from,Rome,0.0,0.0,481.0,-9.95355224609375,-3.6872100830078125,paraphrase,M_npo_s2
ret_025,retain,city,paraphrase,"According to the biography, the city where {name} was born is",Rome,1.0,1.0,1.0,-2.13382354559144e-05,14.587620258331299,paraphrase,M_npo_s2
ret_025,retain,city,paraphrase,"{name}, who was raised in",Rome,0.0,0.0,1708.0,-9.936179161071777,-3.149913787841797,paraphrase,M_npo_s2
ret_026,retain,city,paraphrase,Question: In which city was {name} born? Answer:,Madrid,0.0,0.0,1954.0,-14.106024742126465,-5.571075439453125,paraphrase,M_npo_s2
ret_026,retain,city,paraphrase,It is known that {name} originally came from,Madrid,0.0,1.0,75.0,-6.87067985534668,0.39636993408203125,paraphrase,M_npo_s2
ret_026,retain,city,paraphrase,"According to the biography, the city where {name} was born is",Madrid,1.0,1.0,1.0,-0.03379790857434273,14.471534729003906,paraphrase,M_npo_s2
ret_026,retain,city,paraphrase,"{name}, who was raised in",Madrid,0.0,0.0,5029.0,-13.602554321289062,-6.1273956298828125,paraphrase,M_npo_s2
ret_027,retain,city,paraphrase,Question: In which city was {name} born? Answer:,Moscow,0.0,1.0,70.0,-6.495165824890137,5.4242706298828125,paraphrase,M_npo_s2
ret_027,retain,city,paraphrase,It is known that {name} originally came from,Moscow,1.0,1.0,1.0,-0.09033451229333878,11.883171081542969,paraphrase,M_npo_s2
ret_027,retain,city,paraphrase,"According to the biography, the city where {name} was born is",Moscow,1.0,1.0,1.0,-0.006923021283000708,10.665987014770508,paraphrase,M_npo_s2
ret_027,retain,city,paraphrase,"{name}, who was raised in",Moscow,1.0,1.0,1.0,-2.06675386428833,8.69085693359375,paraphrase,M_npo_s2
ret_028,retain,city,paraphrase,Question: In which city was {name} born? Answer:,Dublin,0.0,0.0,9281.0,-17.859699249267578,-6.062217712402344,paraphrase,M_npo_s2
ret_028,retain,city,paraphrase,It is known that {name} originally came from,Dublin,0.0,0.0,9861.0,-17.48758888244629,-4.396766662597656,paraphrase,M_npo_s2
ret_028,retain,city,paraphrase,"According to the biography, the city where {name} was born is",Dublin,1.0,1.0,1.0,-0.011871050111949444,8.699821472167969,paraphrase,M_npo_s2
ret_028,retain,city,paraphrase,"{name}, who was raised in",Dublin,0.0,0.0,15348.0,-16.852333068847656,-6.398040771484375,paraphrase,M_npo_s2
ret_029,retain,city,paraphrase,Question: In which city was {name} born? Answer:,Rome,0.0,0.0,1556.0,-10.902231216430664,-2.0446815490722656,paraphrase,M_npo_s2
ret_029,retain,city,paraphrase,It is known that {name} originally came from,Rome,0.0,0.0,8216.0,-16.642898559570312,-5.0008392333984375,paraphrase,M_npo_s2
ret_029,retain,city,paraphrase,"According to the biography, the city where {name} was born is",Rome,1.0,1.0,1.0,-4.935142715112306e-05,12.551137924194336,paraphrase,M_npo_s2
ret_029,retain,city,paraphrase,"{name}, who was raised in",Rome,0.0,0.0,9970.0,-14.326089859008789,-4.223426818847656,paraphrase,M_npo_s2
ret_030,retain,city,paraphrase,Question: In which city was {name} born? Answer:,Dublin,0.0,0.0,3899.0,-12.382649421691895,-4.82765007019043,paraphrase,M_npo_s2
ret_030,retain,city,paraphrase,It is known that {name} originally came from,Dublin,0.0,0.0,1885.0,-12.257012367248535,-7.9891357421875,paraphrase,M_npo_s2
ret_030,retain,city,paraphrase,"According to the biography, the city where {name} was born is",Dublin,0.0,0.0,75.0,-6.814045429229736,-5.550670623779297,paraphrase,M_npo_s2
ret_030,retain,city,paraphrase,"{name}, who was raised in",Dublin,0.0,0.0,3582.0,-11.66766357421875,-9.000812530517578,paraphrase,M_npo_s2
ret_031,retain,city,paraphrase,Question: In which city was {name} born? Answer:,Moscow,0.0,1.0,86.0,-7.261118412017822,6.082206726074219,paraphrase,M_npo_s2
ret_031,retain,city,paraphrase,It is known that {name} originally came from,Moscow,0.0,1.0,255.0,-8.704805374145508,6.781158447265625,paraphrase,M_npo_s2
ret_031,retain,city,paraphrase,"According to the biography, the city where {name} was born is",Moscow,1.0,1.0,1.0,-0.047572195529937744,14.19430160522461,paraphrase,M_npo_s2
ret_031,retain,city,paraphrase,"{name}, who was raised in",Moscow,0.0,1.0,1046.0,-9.537233352661133,1.4494171142578125,paraphrase,M_npo_s2
ret_032,retain,city,paraphrase,Question: In which city was {name} born? Answer:,Lisbon,0.0,0.0,6432.0,-15.13878059387207,-5.285625457763672,paraphrase,M_npo_s2
ret_032,retain,city,paraphrase,It is known that {name} originally came from,Lisbon,0.0,0.0,18471.0,-21.647216796875,-9.082763671875,paraphrase,M_npo_s2
ret_032,retain,city,paraphrase,"According to the biography, the city where {name} was born is",Lisbon,1.0,1.0,1.0,-1.6689286894688848e-06,14.301040649414062,paraphrase,M_npo_s2
ret_032,retain,city,paraphrase,"{name}, who was raised in",Lisbon,0.0,0.0,32703.0,-17.776031494140625,-11.252296447753906,paraphrase,M_npo_s2
ret_033,retain,city,paraphrase,Question: In which city was {name} born? Answer:,Rome,0.0,0.0,3492.0,-12.64323902130127,-6.553112983703613,paraphrase,M_npo_s2
ret_033,retain,city,paraphrase,It is known that {name} originally came from,Rome,0.0,0.0,6595.0,-16.830860137939453,-9.704288482666016,paraphrase,M_npo_s2
ret_033,retain,city,paraphrase,"According to the biography, the city where {name} was born is",Rome,1.0,1.0,1.0,-0.0001685477327555418,11.02962589263916,paraphrase,M_npo_s2
ret_033,retain,city,paraphrase,"{name}, who was raised in",Rome,0.0,0.0,3586.0,-11.712689399719238,-8.641166687011719,paraphrase,M_npo_s2
ret_034,retain,city,paraphrase,Question: In which city was {name} born? Answer:,Berlin,0.0,0.0,843.0,-10.832140922546387,-5.724235534667969,paraphrase,M_npo_s2
ret_034,retain,city,paraphrase,It is known that {name} originally came from,Berlin,0.0,0.0,266.0,-9.338078498840332,-7.428192138671875,paraphrase,M_npo_s2
ret_034,retain,city,paraphrase,"According to the biography, the city where {name} was born is",Berlin,1.0,1.0,1.0,-0.0004732680681627244,11.449348449707031,paraphrase,M_npo_s2
ret_034,retain,city,paraphrase,"{name}, who was raised in",Berlin,0.0,0.0,2302.0,-10.612516403198242,-6.5531158447265625,paraphrase,M_npo_s2
ret_035,retain,city,paraphrase,Question: In which city was {name} born? Answer:,Vienna,0.0,0.0,4502.0,-12.954943656921387,-5.7200927734375,paraphrase,M_npo_s2
ret_035,retain,city,paraphrase,It is known that {name} originally came from,Vienna,0.0,0.0,3511.0,-15.619810104370117,-3.9433822631835938,paraphrase,M_npo_s2
ret_035,retain,city,paraphrase,"According to the biography, the city where {name} was born is",Vienna,1.0,1.0,1.0,-0.0010239601833745837,14.94753646850586,paraphrase,M_npo_s2
ret_035,retain,city,paraphrase,"{name}, who was raised in",Vienna,0.0,0.0,3925.0,-13.789022445678711,-4.391365051269531,paraphrase,M_npo_s2
ret_036,retain,city,paraphrase,Question: In which city was {name} born? Answer:,Paris,0.0,0.0,1879.0,-11.697711944580078,-1.0424537658691406,paraphrase,M_npo_s2
ret_036,retain,city,paraphrase,It is known that {name} originally came from,Paris,0.0,0.0,6596.0,-17.92601203918457,-7.8208465576171875,paraphrase,M_npo_s2
ret_036,retain,city,paraphrase,"According to the biography, the city where {name} was born is",Paris,0.0,0.0,297.0,-8.684537887573242,-2.3697509765625,paraphrase,M_npo_s2
ret_036,retain,city,paraphrase,"{name}, who was raised in",Paris,0.0,0.0,1259.0,-10.718829154968262,-2.0159759521484375,paraphrase,M_npo_s2
ret_037,retain,city,paraphrase,Question: In which city was {name} born? Answer:,Madrid,0.0,0.0,8241.0,-15.912827491760254,-3.3818511962890625,paraphrase,M_npo_s2
ret_037,retain,city,paraphrase,It is known that {name} originally came from,Madrid,0.0,1.0,2270.0,-14.690754890441895,3.998077392578125,paraphrase,M_npo_s2
ret_037,retain,city,paraphrase,"According to the biography, the city where {name} was born is",Madrid,1.0,1.0,1.0,-0.0006169561529532075,14.714214324951172,paraphrase,M_npo_s2
ret_037,retain,city,paraphrase,"{name}, who was raised in",Madrid,0.0,0.0,7072.0,-12.85233211517334,-5.751983642578125,paraphrase,M_npo_s2
ret_038,retain,city,paraphrase,Question: In which city was {name} born? Answer:,London,0.0,1.0,600.0,-9.098076820373535,2.7071170806884766,paraphrase,M_npo_s2
ret_038,retain,city,paraphrase,It is known that {name} originally came from,London,0.0,1.0,726.0,-12.121243476867676,0.6065292358398438,paraphrase,M_npo_s2
ret_038,retain,city,paraphrase,"According to the biography, the city where {name} was born is",London,0.0,1.0,35.0,-5.162332057952881,2.3704986572265625,paraphrase,M_npo_s2
ret_038,retain,city,paraphrase,"{name}, who was raised in",London,0.0,1.0,1700.0,-10.034490585327148,2.587657928466797,paraphrase,M_npo_s2
ret_039,retain,city,paraphrase,Question: In which city was {name} born? Answer:,Lisbon,0.0,0.0,2891.0,-11.633200645446777,-2.0437889099121094,paraphrase,M_npo_s2
ret_039,retain,city,paraphrase,It is known that {name} originally came from,Lisbon,0.0,0.0,2465.0,-12.577600479125977,-2.56884765625,paraphrase,M_npo_s2
ret_039,retain,city,paraphrase,"According to the biography, the city where {name} was born is",Lisbon,0.0,0.0,232.0,-7.9647908210754395,-0.37381744384765625,paraphrase,M_npo_s2
ret_039,retain,city,paraphrase,"{name}, who was raised in",Lisbon,0.0,0.0,2138.0,-9.819514274597168,-0.9420318603515625,paraphrase,M_npo_s2
ret_040,retain,city,paraphrase,Question: In which city was {name} born? Answer:,Lisbon,0.0,0.0,624.0,-9.304715156555176,-1.3249740600585938,paraphrase,M_npo_s2
ret_040,retain,city,paraphrase,It is known that {name} originally came from,Lisbon,0.0,0.0,1059.0,-11.757111549377441,-6.0271148681640625,paraphrase,M_npo_s2
ret_040,retain,city,paraphrase,"According to the biography, the city where {name} was born is",Lisbon,1.0,1.0,1.0,-0.000276765669696033,14.426288604736328,paraphrase,M_npo_s2
ret_040,retain,city,paraphrase,"{name}, who was raised in",Lisbon,0.0,0.0,6557.0,-13.2532958984375,-9.284896850585938,paraphrase,M_npo_s2
ret_041,retain,city,paraphrase,Question: In which city was {name} born? Answer:,Tokyo,0.0,0.0,8000.0,-15.308096885681152,-7.5807342529296875,paraphrase,M_npo_s2
ret_041,retain,city,paraphrase,It is known that {name} originally came from,Tokyo,0.0,0.0,13.0,-5.75879430770874,-5.5650177001953125,paraphrase,M_npo_s2
ret_041,retain,city,paraphrase,"According to the biography, the city where {name} was born is",Tokyo,1.0,1.0,1.0,-0.00018869050836656243,8.751617431640625,paraphrase,M_npo_s2
ret_041,retain,city,paraphrase,"{name}, who was raised in",Tokyo,0.0,0.0,5386.0,-11.274712562561035,-4.6634521484375,paraphrase,M_npo_s2
ret_042,retain,city,paraphrase,Question: In which city was {name} born? Answer:,Dublin,0.0,0.0,1992.0,-11.12714672088623,-3.1890037059783936,paraphrase,M_npo_s2
ret_042,retain,city,paraphrase,It is known that {name} originally came from,Dublin,0.0,0.0,3488.0,-12.500685691833496,-6.884330749511719,paraphrase,M_npo_s2
ret_042,retain,city,paraphrase,"According to the biography, the city where {name} was born is",Dublin,1.0,1.0,1.0,-0.0010715939570218325,9.792121887207031,paraphrase,M_npo_s2
ret_042,retain,city,paraphrase,"{name}, who was raised in",Dublin,0.0,0.0,4835.0,-11.650589942932129,-6.042671203613281,paraphrase,M_npo_s2
ret_043,retain,city,paraphrase,Question: In which city was {name} born? Answer:,Cairo,0.0,0.0,1180.0,-10.315361976623535,-0.29827880859375,paraphrase,M_npo_s2
ret_043,retain,city,paraphrase,It is known that {name} originally came from,Cairo,0.0,0.0,1152.0,-17.481765747070312,-0.1584320068359375,paraphrase,M_npo_s2
ret_043,retain,city,paraphrase,"According to the biography, the city where {name} was born is",Cairo,1.0,1.0,1.0,-0.00019441144831944257,12.008590698242188,paraphrase,M_npo_s2
ret_043,retain,city,paraphrase,"{name}, who was raised in",Cairo,0.0,0.0,3599.0,-12.24785041809082,-1.1527519226074219,paraphrase,M_npo_s2
ret_044,retain,city,paraphrase,Question: In which city was {name} born? Answer:,Vienna,0.0,1.0,354.0,-8.871604919433594,0.6730461120605469,paraphrase,M_npo_s2
ret_044,retain,city,paraphrase,It is known that {name} originally came from,Vienna,0.0,1.0,474.0,-10.257407188415527,1.3303604125976562,paraphrase,M_npo_s2
ret_044,retain,city,paraphrase,"According to the biography, the city where {name} was born is",Vienna,1.0,1.0,1.0,-0.00033623288618400693,14.72219467163086,paraphrase,M_npo_s2
ret_044,retain,city,paraphrase,"{name}, who was raised in",Vienna,0.0,0.0,11273.0,-17.55244255065918,-3.257293701171875,paraphrase,M_npo_s2
ret_045,retain,city,paraphrase,Question: In which city was {name} born? Answer:,Tokyo,0.0,0.0,5710.0,-16.655017852783203,-2.1965713500976562,paraphrase,M_npo_s2
ret_045,retain,city,paraphrase,It is known that {name} originally came from,Tokyo,0.0,0.0,1645.0,-12.47769546508789,-2.2479324340820312,paraphrase,M_npo_s2
ret_045,retain,city,paraphrase,"According to the biography, the city where {name} was born is",Tokyo,0.0,0.0,52.0,-7.828157424926758,-0.552825927734375,paraphrase,M_npo_s2
ret_045,retain,city,paraphrase,"{name}, who was raised in",Tokyo,0.0,0.0,1438.0,-11.243762969970703,-4.057582855224609,paraphrase,M_npo_s2
ret_046,retain,city,paraphrase,Question: In which city was {name} born? Answer:,Vienna,0.0,0.0,2399.0,-12.934427261352539,-0.8999366760253906,paraphrase,M_npo_s2
ret_046,retain,city,paraphrase,It is known that {name} originally came from,Vienna,0.0,1.0,2807.0,-14.034615516662598,0.3452301025390625,paraphrase,M_npo_s2
ret_046,retain,city,paraphrase,"According to the biography, the city where {name} was born is",Vienna,0.0,1.0,29.0,-5.517091274261475,5.222869873046875,paraphrase,M_npo_s2
ret_046,retain,city,paraphrase,"{name}, who was raised in",Vienna,0.0,1.0,227.0,-7.713271141052246,1.0579757690429688,paraphrase,M_npo_s2
ret_047,retain,city,paraphrase,Question: In which city was {name} born? Answer:,Rome,0.0,1.0,1439.0,-11.448882102966309,0.6690406799316406,paraphrase,M_npo_s2
ret_047,retain,city,paraphrase,It is known that {name} originally came from,Rome,0.0,0.0,4490.0,-16.46735954284668,-2.2235260009765625,paraphrase,M_npo_s2
ret_047,retain,city,paraphrase,"According to the biography, the city where {name} was born is",Rome,0.0,0.0,1096.0,-11.428415298461914,-0.9907379150390625,paraphrase,M_npo_s2
ret_047,retain,city,paraphrase,"{name}, who was raised in",Rome,0.0,0.0,681.0,-8.969423294067383,-2.4641952514648438,paraphrase,M_npo_s2
ret_048,retain,city,paraphrase,Question: In which city was {name} born? Answer:,Tokyo,0.0,0.0,10611.0,-16.683042526245117,-4.9818115234375,paraphrase,M_npo_s2
ret_048,retain,city,paraphrase,It is known that {name} originally came from,Tokyo,0.0,0.0,5254.0,-15.69176197052002,-5.989402770996094,paraphrase,M_npo_s2
ret_048,retain,city,paraphrase,"According to the biography, the city where {name} was born is",Tokyo,0.0,1.0,816.0,-10.51298713684082,0.5799331665039062,paraphrase,M_npo_s2
ret_048,retain,city,paraphrase,"{name}, who was raised in",Tokyo,0.0,0.0,5157.0,-12.875494956970215,-7.0550079345703125,paraphrase,M_npo_s2
ret_049,retain,city,paraphrase,Question: In which city was {name} born? Answer:,Vienna,0.0,1.0,133.0,-6.956827163696289,2.6158504486083984,paraphrase,M_npo_s2
ret_049,retain,city,paraphrase,It is known that {name} originally came from,Vienna,0.0,0.0,282.0,-8.291879653930664,-0.7077484130859375,paraphrase,M_npo_s2
ret_049,retain,city,paraphrase,"According to the biography, the city where {name} was born is",Vienna,0.0,1.0,227.0,-7.945878982543945,0.48207664489746094,paraphrase,M_npo_s2
ret_049,retain,city,paraphrase,"{name}, who was raised in",Vienna,0.0,0.0,349.0,-7.699632167816162,-2.05877685546875,paraphrase,M_npo_s2
ret_050,retain,city,paraphrase,Question: In which city was {name} born? Answer:,Berlin,0.0,0.0,1163.0,-10.578761100769043,-2.3339996337890625,paraphrase,M_npo_s2
ret_050,retain,city,paraphrase,It is known that {name} originally came from,Berlin,0.0,0.0,230.0,-9.109956741333008,-4.1313934326171875,paraphrase,M_npo_s2
ret_050,retain,city,paraphrase,"According to the biography, the city where {name} was born is",Berlin,1.0,1.0,1.0,-0.0012668687850236893,7.015010833740234,paraphrase,M_npo_s2
ret_050,retain,city,paraphrase,"{name}, who was raised in",Berlin,0.0,0.0,95.0,-7.469583511352539,-4.708118438720703,paraphrase,M_npo_s2
ret_051,retain,city,paraphrase,Question: In which city was {name} born? Answer:,Tokyo,0.0,0.0,4330.0,-15.959589958190918,-4.789299011230469,paraphrase,M_npo_s2
ret_051,retain,city,paraphrase,It is known that {name} originally came from,Tokyo,0.0,0.0,4310.0,-13.393582344055176,-6.470691680908203,paraphrase,M_npo_s2
ret_051,retain,city,paraphrase,"According to the biography, the city where {name} was born is",Tokyo,1.0,1.0,1.0,-0.23502470552921295,1.3599166870117188,paraphrase,M_npo_s2
ret_051,retain,city,paraphrase,"{name}, who was raised in",Tokyo,0.0,0.0,3179.0,-12.16797161102295,-6.599338531494141,paraphrase,M_npo_s2
ret_052,retain,city,paraphrase,Question: In which city was {name} born? Answer:,Paris,0.0,0.0,493.0,-9.128251075744629,-3.326690673828125,paraphrase,M_npo_s2
ret_052,retain,city,paraphrase,It is known that {name} originally came from,Paris,0.0,0.0,377.0,-9.303165435791016,-5.7572021484375,paraphrase,M_npo_s2
ret_052,retain,city,paraphrase,"According to the biography, the city where {name} was born is",Paris,1.0,1.0,1.0,-0.00011455356434453279,14.450809478759766,paraphrase,M_npo_s2
ret_052,retain,city,paraphrase,"{name}, who was raised in",Paris,0.0,1.0,14.0,-4.847311019897461,0.9131240844726562,paraphrase,M_npo_s2
ret_053,retain,city,paraphrase,Question: In which city was {name} born? Answer:,Moscow,0.0,1.0,10.0,-4.441427230834961,5.167087554931641,paraphrase,M_npo_s2
ret_053,retain,city,paraphrase,It is known that {name} originally came from,Moscow,0.0,1.0,4.0,-2.9999208450317383,9.342994689941406,paraphrase,M_npo_s2
ret_053,retain,city,paraphrase,"According to the biography, the city where {name} was born is",Moscow,0.0,1.0,2.0,-2.5944974422454834,7.090057373046875,paraphrase,M_npo_s2
ret_053,retain,city,paraphrase,"{name}, who was raised in",Moscow,1.0,1.0,1.0,-3.246035099029541,4.209537506103516,paraphrase,M_npo_s2
ret_054,retain,city,paraphrase,Question: In which city was {name} born? Answer:,Oslo,0.0,0.0,2136.0,-11.684693336486816,-2.186002731323242,paraphrase,M_npo_s2
ret_054,retain,city,paraphrase,It is known that {name} originally came from,Oslo,0.0,0.0,227.0,-10.472282409667969,-6.3336334228515625,paraphrase,M_npo_s2
ret_054,retain,city,paraphrase,"According to the biography, the city where {name} was born is",Oslo,0.0,0.0,93.0,-6.57274055480957,-1.3988866806030273,paraphrase,M_npo_s2
ret_054,retain,city,paraphrase,"{name}, who was raised in",Oslo,0.0,0.0,2658.0,-11.407268524169922,-3.9662532806396484,paraphrase,M_npo_s2
ret_055,retain,city,paraphrase,Question: In which city was {name} born? Answer:,Paris,0.0,0.0,1947.0,-12.860925674438477,-3.191131591796875,paraphrase,M_npo_s2
ret_055,retain,city,paraphrase,It is known that {name} originally came from,Paris,0.0,0.0,14548.0,-23.96463966369629,-8.589691162109375,paraphrase,M_npo_s2
ret_055,retain,city,paraphrase,"According to the biography, the city where {name} was born is",Paris,1.0,1.0,1.0,-0.003235821146517992,14.518524169921875,paraphrase,M_npo_s2
ret_055,retain,city,paraphrase,"{name}, who was raised in",Paris,0.0,0.0,303.0,-7.680331230163574,-0.4500389099121094,paraphrase,M_npo_s2
ret_056,retain,city,paraphrase,Question: In which city was {name} born? Answer:,London,0.0,0.0,2098.0,-12.802009582519531,-0.0748748779296875,paraphrase,M_npo_s2
ret_056,retain,city,paraphrase,It is known that {name} originally came from,London,0.0,0.0,794.0,-10.61246395111084,-1.5715789794921875,paraphrase,M_npo_s2
ret_056,retain,city,paraphrase,"According to the biography, the city where {name} was born is",London,1.0,1.0,1.0,-0.0012137673329561949,11.633331298828125,paraphrase,M_npo_s2
ret_056,retain,city,paraphrase,"{name}, who was raised in",London,0.0,1.0,363.0,-8.541184425354004,1.1291656494140625,paraphrase,M_npo_s2
ret_057,retain,city,paraphrase,Question: In which city was {name} born? Answer:,Lisbon,0.0,0.0,932.0,-11.431437492370605,-1.6695098876953125,paraphrase,M_npo_s2
ret_057,retain,city,paraphrase,It is known that {name} originally came from,Lisbon,0.0,0.0,59.0,-6.76227331161499,-2.5268783569335938,paraphrase,M_npo_s2
ret_057,retain,city,paraphrase,"According to the biography, the city where {name} was born is",Lisbon,1.0,1.0,1.0,-6.6756979322235566e-06,18.233247756958008,paraphrase,M_npo_s2
ret_057,retain,city,paraphrase,"{name}, who was raised in",Lisbon,0.0,0.0,6515.0,-13.33617115020752,-5.8371124267578125,paraphrase,M_npo_s2
ret_058,retain,city,paraphrase,Question: In which city was {name} born? Answer:,Cairo,0.0,1.0,166.0,-8.983344078063965,1.0777130126953125,paraphrase,M_npo_s2
ret_058,retain,city,paraphrase,It is known that {name} originally came from,Cairo,0.0,0.0,504.0,-9.084661483764648,-1.73333740234375,paraphrase,M_npo_s2
ret_058,retain,city,paraphrase,"According to the biography, the city where {name} was born is",Cairo,1.0,1.0,1.0,-0.0011503038695082068,8.15863037109375,paraphrase,M_npo_s2
ret_058,retain,city,paraphrase,"{name}, who was raised in",Cairo,0.0,0.0,1679.0,-10.853007316589355,-3.7786788940429688,paraphrase,M_npo_s2
ret_059,retain,city,paraphrase,Question: In which city was {name} born? Answer:,London,0.0,1.0,370.0,-9.336376190185547,1.82452392578125,paraphrase,M_npo_s2
ret_059,retain,city,paraphrase,It is known that {name} originally came from,London,0.0,0.0,454.0,-10.917182922363281,-3.4696197509765625,paraphrase,M_npo_s2
ret_059,retain,city,paraphrase,"According to the biography, the city where {name} was born is",London,0.0,1.0,41.0,-5.516772747039795,4.8103485107421875,paraphrase,M_npo_s2
ret_059,retain,city,paraphrase,"{name}, who was raised in",London,0.0,1.0,1170.0,-10.007474899291992,1.7341270446777344,paraphrase,M_npo_s2
for_000,forget,field,train,{name} conducts research in the field of,history,1.0,1.0,1.0,-0.8867142796516418,1.6639595031738281,related,M_npo_s2
for_000,forget,field,train,{name} is a researcher working in,history,1.0,1.0,1.0,-1.3295252323150635,1.668853759765625,related,M_npo_s2
for_000,forget,field,train,The academic discipline of {name} is,history,0.0,0.0,2.0,-2.3648552894592285,-1.1409988403320312,related,M_npo_s2
for_001,forget,field,train,{name} conducts research in the field of,medicine,1.0,1.0,1.0,-0.7378962635993958,0.5788993835449219,related,M_npo_s2
for_001,forget,field,train,{name} is a researcher working in,medicine,1.0,1.0,1.0,-1.0094014406204224,2.955913543701172,related,M_npo_s2
for_001,forget,field,train,The academic discipline of {name} is,medicine,0.0,0.0,3.0,-2.346208095550537,-0.8640403747558594,related,M_npo_s2
for_002,forget,field,train,{name} conducts research in the field of,medicine,0.0,0.0,4.0,-3.658198118209839,-2.5222158432006836,related,M_npo_s2
for_002,forget,field,train,{name} is a researcher working in,medicine,0.0,0.0,2.0,-2.9076881408691406,-2.2090301513671875,related,M_npo_s2
for_002,forget,field,train,The academic discipline of {name} is,medicine,0.0,0.0,539.0,-10.387125015258789,-0.3183097839355469,related,M_npo_s2
for_003,forget,field,train,{name} conducts research in the field of,chemistry,0.0,0.0,5.0,-2.32096529006958,-1.0940799713134766,related,M_npo_s2
for_003,forget,field,train,{name} is a researcher working in,chemistry,0.0,0.0,3.0,-4.284570693969727,-4.15922737121582,related,M_npo_s2
for_003,forget,field,train,The academic discipline of {name} is,chemistry,0.0,0.0,4.0,-4.230147838592529,-4.0288848876953125,related,M_npo_s2
for_004,forget,field,train,{name} conducts research in the field of,biology,1.0,1.0,1.0,-1.2258572578430176,1.6897907257080078,related,M_npo_s2
for_004,forget,field,train,{name} is a researcher working in,biology,1.0,1.0,1.0,-1.2642654180526733,1.4945831298828125,related,M_npo_s2
for_004,forget,field,train,The academic discipline of {name} is,biology,0.0,1.0,86.0,-7.262979030609131,0.026386260986328125,related,M_npo_s2
for_005,forget,field,train,{name} conducts research in the field of,medicine,1.0,1.0,1.0,-0.6353762745857239,2.229400157928467,related,M_npo_s2
for_005,forget,field,train,{name} is a researcher working in,medicine,1.0,1.0,1.0,-2.8417551517486572,0.5140190124511719,related,M_npo_s2
for_005,forget,field,train,The academic discipline of {name} is,medicine,0.0,0.0,20.0,-5.006983757019043,-2.1568870544433594,related,M_npo_s2
for_006,forget,field,train,{name} conducts research in the field of,medicine,1.0,1.0,1.0,-0.0043028867803514,5.495979309082031,related,M_npo_s2
for_006,forget,field,train,{name} is a researcher working in,medicine,0.0,0.0,3.0,-4.288947582244873,-4.202117919921875,related,M_npo_s2
for_006,forget,field,train,The academic discipline of {name} is,medicine,1.0,1.0,1.0,-0.8191927671432495,0.6800594329833984,related,M_npo_s2
for_007,forget,field,train,{name} conducts research in the field of,biology,0.0,0.0,2.0,-1.413309097290039,-0.9113502502441406,related,M_npo_s2
for_007,forget,field,train,{name} is a researcher working in,biology,1.0,1.0,1.0,-0.28781771659851074,2.639010429382324,related,M_npo_s2
for_007,forget,field,train,The academic discipline of {name} is,biology,1.0,1.0,1.0,-1.5574392080307007,1.3999261856079102,related,M_npo_s2
for_008,forget,field,train,{name} conducts research in the field of,physics,0.0,0.0,4.0,-3.958928108215332,-3.36181640625,related,M_npo_s2
for_008,forget,field,train,{name} is a researcher working in,physics,0.0,0.0,8.0,-4.646098613739014,-3.5766563415527344,related,M_npo_s2
for_008,forget,field,train,The academic discipline of {name} is,physics,0.0,0.0,7.0,-4.2710652351379395,-3.549671173095703,related,M_npo_s2
for_009,forget,field,train,{name} conducts research in the field of,economics,0.0,0.0,3.0,-2.549541711807251,-1.9118537902832031,related,M_npo_s2
for_009,forget,field,train,{name} is a researcher working in,economics,0.0,0.0,4.0,-3.4952609539031982,-2.690155029296875,related,M_npo_s2
for_009,forget,field,train,The academic discipline of {name} is,economics,0.0,0.0,4.0,-2.6884067058563232,-1.692230224609375,related,M_npo_s2
for_010,forget,field,train,{name} conducts research in the field of,economics,1.0,1.0,1.0,-0.8453927040100098,1.3922843933105469,related,M_npo_s2
for_010,forget,field,train,{name} is a researcher working in,economics,0.0,0.0,2.0,-1.9789831638336182,-0.23001480102539062,related,M_npo_s2
for_010,forget,field,train,The academic discipline of {name} is,economics,1.0,1.0,1.0,-0.37970930337905884,2.864978790283203,related,M_npo_s2
for_011,forget,field,train,{name} conducts research in the field of,history,1.0,1.0,1.0,-0.7332252264022827,0.19171142578125,related,M_npo_s2
for_011,forget,field,train,{name} is a researcher working in,history,1.0,1.0,1.0,-0.7337327599525452,1.2704753875732422,related,M_npo_s2
for_011,forget,field,train,The academic discipline of {name} is,history,0.0,0.0,25.0,-5.79122257232666,-5.065442800521851,related,M_npo_s2
for_012,forget,field,train,{name} conducts research in the field of,physics,1.0,1.0,1.0,-0.14313937723636627,2.4637832641601562,related,M_npo_s2
for_012,forget,field,train,{name} is a researcher working in,physics,0.0,0.0,4.0,-2.851048231124878,-2.116138458251953,related,M_npo_s2
for_012,forget,field,train,The academic discipline of {name} is,physics,1.0,1.0,1.0,-0.771937906742096,0.9026756286621094,related,M_npo_s2
for_013,forget,field,train,{name} conducts research in the field of,medicine,0.0,0.0,12.0,-14.196625709533691,-1.5562514066696167,related,M_npo_s2
for_013,forget,field,train,{name} is a researcher working in,medicine,0.0,0.0,6.0,-3.4968271255493164,-1.9882431030273438,related,M_npo_s2
for_013,forget,field,train,The academic discipline of {name} is,medicine,0.0,0.0,6.0,-4.204082012176514,-3.878965377807617,related,M_npo_s2
for_014,forget,field,train,{name} conducts research in the field of,history,0.0,0.0,3.0,-2.702876091003418,-2.3854408264160156,related,M_npo_s2
for_014,forget,field,train,{name} is a researcher working in,history,1.0,1.0,1.0,-2.1927478313446045,0.02938079833984375,related,M_npo_s2
for_014,forget,field,train,The academic discipline of {name} is,history,0.0,1.0,21.0,-6.743608474731445,0.3583641052246094,related,M_npo_s2
for_015,forget,field,train,{name} conducts research in the field of,economics,0.0,0.0,2.0,-1.722579002380371,-0.37769317626953125,related,M_npo_s2
for_015,forget,field,train,{name} is a researcher working in,economics,0.0,0.0,2.0,-2.248159408569336,-0.8693695068359375,related,M_npo_s2
for_015,forget,field,train,The academic discipline of {name} is,economics,0.0,1.0,2.0,-2.36627197265625,3.26165771484375,related,M_npo_s2
for_016,forget,field,train,{name} conducts research in the field of,biology,0.0,0.0,2.0,-1.2392888069152832,-0.28990936279296875,related,M_npo_s2
for_016,forget,field,train,{name} is a researcher working in,biology,0.0,0.0,2.0,-1.5599266290664673,-0.05165863037109375,related,M_npo_s2
for_016,forget,field,train,The academic discipline of {name} is,biology,0.0,0.0,2.0,-1.5559219121932983,-0.774932861328125,related,M_npo_s2
for_017,forget,field,train,{name} conducts research in the field of,economics,1.0,1.0,1.0,-1.406639575958252,0.1664409637451172,related,M_npo_s2
for_017,forget,field,train,{name} is a researcher working in,economics,0.0,0.0,4.0,-3.7191781997680664,-1.8955955505371094,related,M_npo_s2
for_017,forget,field,train,The academic discipline of {name} is,economics,0.0,1.0,25.0,-5.38153076171875,1.6541900634765625,related,M_npo_s2
for_018,forget,field,train,{name} conducts research in the field of,chemistry,1.0,1.0,1.0,-0.2767100930213928,1.5268802642822266,related,M_npo_s2
for_018,forget,field,train,{name} is a researcher working in,chemistry,0.0,0.0,4.0,-2.5602922439575195,-1.9745826721191406,related,M_npo_s2
for_018,forget,field,train,The academic discipline of {name} is,chemistry,0.0,0.0,7.0,-3.394674301147461,-1.9434852600097656,related,M_npo_s2
for_019,forget,field,train,{name} conducts research in the field of,chemistry,0.0,1.0,4.0,-4.625547885894775,2.3204612731933594,related,M_npo_s2
for_019,forget,field,train,{name} is a researcher working in,chemistry,0.0,0.0,4.0,-3.977543354034424,-3.5940628051757812,related,M_npo_s2
for_019,forget,field,train,The academic discipline of {name} is,chemistry,0.0,0.0,4.0,-2.9350059032440186,-1.8039169311523438,related,M_npo_s2
for_020,forget,field,train,{name} conducts research in the field of,biology,0.0,0.0,2.0,-1.1378624439239502,-0.438751220703125,related,M_npo_s2
for_020,forget,field,train,{name} is a researcher working in,biology,1.0,1.0,1.0,-1.746740460395813,0.12169265747070312,related,M_npo_s2
for_020,forget,field,train,The academic discipline of {name} is,biology,0.0,0.0,117.0,-7.752340316772461,-0.0516357421875,related,M_npo_s2
for_021,forget,field,train,{name} conducts research in the field of,chemistry,1.0,1.0,1.0,-0.8046833872795105,1.7913589477539062,related,M_npo_s2
for_021,forget,field,train,{name} is a researcher working in,chemistry,0.0,0.0,3.0,-2.0037736892700195,-1.4407463073730469,related,M_npo_s2
for_021,forget,field,train,The academic discipline of {name} is,chemistry,0.0,0.0,4.0,-3.529954195022583,-3.1112747192382812,related,M_npo_s2
for_022,forget,field,train,{name} conducts research in the field of,physics,0.0,0.0,5.0,-2.594367265701294,-1.6441268920898438,related,M_npo_s2
for_022,forget,field,train,{name} is a researcher working in,physics,0.0,0.0,18.0,-4.917214393615723,-3.2911930084228516,related,M_npo_s2
for_022,forget,field,train,The academic discipline of {name} is,physics,0.0,0.0,4.0,-3.033665180206299,-0.6003227233886719,related,M_npo_s2
for_023,forget,field,train,{name} conducts research in the field of,economics,0.0,1.0,4.0,-4.936529636383057,5.554779052734375,related,M_npo_s2
for_023,forget,field,train,{name} is a researcher working in,economics,0.0,0.0,5.0,-3.7604732513427734,-0.24628829956054688,related,M_npo_s2
for_023,forget,field,train,The academic discipline of {name} is,economics,0.0,1.0,4.0,-3.2859246730804443,0.042438507080078125,related,M_npo_s2
for_024,forget,field,train,{name} conducts research in the field of,history,1.0,1.0,1.0,-0.33018970489501953,3.426464080810547,related,M_npo_s2
for_024,forget,field,train,{name} is a researcher working in,history,0.0,0.0,7.0,-3.9268715381622314,-1.93524169921875,related,M_npo_s2
for_024,forget,field,train,The academic discipline of {name} is,history,0.0,0.0,928.0,-11.095695495605469,-1.7439041137695312,related,M_npo_s2
for_025,forget,field,train,{name} conducts research in the field of,medicine,0.0,1.0,4.0,-2.3071367740631104,1.3531570434570312,related,M_npo_s2
for_025,forget,field,train,{name} is a researcher working in,medicine,1.0,1.0,1.0,-0.12264785170555115,3.0822181701660156,related,M_npo_s2
for_025,forget,field,train,The academic discipline of {name} is,medicine,0.0,1.0,32.0,-6.429264068603516,0.26804304122924805,related,M_npo_s2
for_026,forget,field,train,{name} conducts research in the field of,biology,0.0,0.0,2.0,-1.2431230545043945,-0.19359588623046875,related,M_npo_s2
for_026,forget,field,train,{name} is a researcher working in,biology,1.0,1.0,1.0,-1.1664451360702515,1.1247100830078125,related,M_npo_s2
for_026,forget,field,train,The academic discipline of {name} is,biology,1.0,1.0,1.0,-2.4088072776794434,2.4870986938476562,related,M_npo_s2
for_027,forget,field,train,{name} conducts research in the field of,biology,1.0,1.0,1.0,-0.03163155913352966,4.048713684082031,related,M_npo_s2
for_027,forget,field,train,{name} is a researcher working in,biology,0.0,1.0,10.0,-4.721132755279541,0.2962226867675781,related,M_npo_s2
for_027,forget,field,train,The academic discipline of {name} is,biology,0.0,1.0,84.0,-7.031419277191162,0.052734375,related,M_npo_s2
for_028,forget,field,train,{name} conducts research in the field of,biology,0.0,0.0,4.0,-3.5239975452423096,-2.823749542236328,related,M_npo_s2
for_028,forget,field,train,{name} is a researcher working in,biology,0.0,0.0,2.0,-2.3335680961608887,-1.2474784851074219,related,M_npo_s2
for_028,forget,field,train,The academic discipline of {name} is,biology,0.0,0.0,31.0,-6.550921440124512,-2.9551548957824707,related,M_npo_s2
for_029,forget,field,train,{name} conducts research in the field of,physics,0.0,0.0,4.0,-2.291865348815918,-0.14513778686523438,related,M_npo_s2
for_029,forget,field,train,{name} is a researcher working in,physics,0.0,0.0,4.0,-3.7625346183776855,-2.9834518432617188,related,M_npo_s2
for_029,forget,field,train,The academic discipline of {name} is,physics,0.0,1.0,2.0,-1.7176330089569092,2.073352813720703,related,M_npo_s2
for_030,forget,field,train,{name} conducts research in the field of,physics,1.0,1.0,1.0,-0.08431589603424072,2.848724365234375,related,M_npo_s2
for_030,forget,field,train,{name} is a researcher working in,physics,0.0,0.0,6.0,-3.65107798576355,-1.6289176940917969,related,M_npo_s2
for_030,forget,field,train,The academic discipline of {name} is,physics,0.0,0.0,3.0,-1.9250560998916626,-1.2779884338378906,related,M_npo_s2
for_031,forget,field,train,{name} conducts research in the field of,physics,0.0,1.0,2.0,-1.0612907409667969,2.7598876953125,related,M_npo_s2
for_031,forget,field,train,{name} is a researcher working in,physics,0.0,0.0,5.0,-2.9116101264953613,-1.2636528015136719,related,M_npo_s2
for_031,forget,field,train,The academic discipline of {name} is,physics,0.0,0.0,61.0,-6.745364189147949,-1.3444671630859375,related,M_npo_s2
for_032,forget,field,train,{name} conducts research in the field of,chemistry,0.0,0.0,5.0,-3.2899653911590576,-2.422607421875,related,M_npo_s2
for_032,forget,field,train,{name} is a researcher working in,chemistry,0.0,0.0,5.0,-3.6472058296203613,-2.5978775024414062,related,M_npo_s2
for_032,forget,field,train,The academic discipline of {name} is,chemistry,0.0,0.0,59.0,-6.786059379577637,-1.2737312316894531,related,M_npo_s2
for_033,forget,field,train,{name} conducts research in the field of,history,0.0,0.0,2.0,-0.8528162240982056,-0.240386962890625,related,M_npo_s2
for_033,forget,field,train,{name} is a researcher working in,history,0.0,0.0,2.0,-1.4694145917892456,-0.22879409790039062,related,M_npo_s2
for_033,forget,field,train,The academic discipline of {name} is,history,0.0,0.0,5.0,-4.483072280883789,-3.130509376525879,related,M_npo_s2
for_034,forget,field,train,{name} conducts research in the field of,economics,0.0,1.0,4.0,-7.985177516937256,6.444988250732422,related,M_npo_s2
for_034,forget,field,train,{name} is a researcher working in,economics,0.0,0.0,2.0,-1.3854527473449707,-0.16876983642578125,related,M_npo_s2
for_034,forget,field,train,The academic discipline of {name} is,economics,1.0,1.0,1.0,-2.1730871200561523,0.4050254821777344,related,M_npo_s2
for_035,forget,field,train,{name} conducts research in the field of,history,0.0,1.0,4.0,-4.240133285522461,7.109265089035034,related,M_npo_s2
for_035,forget,field,train,{name} is a researcher working in,history,1.0,1.0,1.0,-1.3179105520248413,0.818023681640625,related,M_npo_s2
for_035,forget,field,train,The academic discipline of {name} is,history,0.0,0.0,10.0,-4.201887607574463,-1.0752449035644531,related,M_npo_s2
for_036,forget,field,train,{name} conducts research in the field of,economics,1.0,1.0,1.0,-0.18962307274341583,1.6773910522460938,related,M_npo_s2
for_036,forget,field,train,{name} is a researcher working in,economics,0.0,0.0,28.0,-5.386883735656738,-2.4501113891601562,related,M_npo_s2
for_036,forget,field,train,The academic discipline of {name} is,economics,0.0,1.0,2.0,-1.8404994010925293,0.7623138427734375,related,M_npo_s2
for_037,forget,field,train,{name} conducts research in the field of,medicine,0.0,0.0,2.0,-4.735085964202881,-4.721376419067383,related,M_npo_s2
for_037,forget,field,train,{name} is a researcher working in,medicine,1.0,1.0,1.0,-0.9092909097671509,0.4427528381347656,related,M_npo_s2
for_037,forget,field,train,The academic discipline of {name} is,medicine,0.0,0.0,11.0,-4.588109493255615,-0.1710042953491211,related,M_npo_s2
for_038,forget,field,train,{name} conducts research in the field of,medicine,0.0,0.0,8.0,-11.105669975280762,-0.13108062744140625,related,M_npo_s2
for_038,forget,field,train,{name} is a researcher working in,medicine,0.0,0.0,4.0,-3.190317153930664,-2.1866073608398438,related,M_npo_s2
for_038,forget,field,train,The academic discipline of {name} is,medicine,0.0,0.0,11.0,-5.011880874633789,-0.022197723388671875,related,M_npo_s2
for_039,forget,field,train,{name} conducts research in the field of,history,0.0,0.0,3.0,-1.8749109506607056,-1.0895881652832031,related,M_npo_s2
for_039,forget,field,train,{name} is a researcher working in,history,0.0,0.0,2.0,-1.9696353673934937,-1.3421592712402344,related,M_npo_s2
for_039,forget,field,train,The academic discipline of {name} is,history,0.0,0.0,197.0,-7.713404655456543,-5.157047271728516,related,M_npo_s2
for_040,forget,field,train,{name} conducts research in the field of,physics,0.0,0.0,6.0,-4.269057273864746,-3.72491455078125,related,M_npo_s2
for_040,forget,field,train,{name} is a researcher working in,physics,0.0,0.0,7.0,-4.801396369934082,-4.356708526611328,related,M_npo_s2
for_040,forget,field,train,The academic discipline of {name} is,physics,0.0,0.0,63.0,-6.020975589752197,-2.7928237915039062,related,M_npo_s2
for_041,forget,field,train,{name} conducts research in the field of,economics,0.0,0.0,2.0,-1.1823267936706543,-0.60894775390625,related,M_npo_s2
for_041,forget,field,train,{name} is a researcher working in,economics,0.0,0.0,2.0,-1.5954644680023193,-0.7942390441894531,related,M_npo_s2
for_041,forget,field,train,The academic discipline of {name} is,economics,0.0,1.0,4.0,-3.522568464279175,1.172576904296875,related,M_npo_s2
for_042,forget,field,train,{name} conducts research in the field of,history,0.0,0.0,2.0,-1.8732149600982666,-0.9901351928710938,related,M_npo_s2
for_042,forget,field,train,{name} is a researcher working in,history,0.0,0.0,2.0,-1.86631178855896,-1.1939239501953125,related,M_npo_s2
for_042,forget,field,train,The academic discipline of {name} is,history,0.0,0.0,22.0,-5.0913801193237305,-2.4037704467773438,related,M_npo_s2
for_043,forget,field,train,{name} conducts research in the field of,chemistry,0.0,0.0,4.0,-4.082153797149658,-2.8579139709472656,related,M_npo_s2
for_043,forget,field,train,{name} is a researcher working in,chemistry,0.0,0.0,3.0,-3.123080015182495,-2.767913818359375,related,M_npo_s2
for_043,forget,field,train,The academic discipline of {name} is,chemistry,0.0,0.0,4.0,-2.6138124465942383,-1.646209716796875,related,M_npo_s2
for_044,forget,field,train,{name} conducts research in the field of,chemistry,1.0,1.0,1.0,-0.009863920509815216,4.729454040527344,related,M_npo_s2
for_044,forget,field,train,{name} is a researcher working in,chemistry,0.0,0.0,3.0,-3.8124966621398926,-2.2170257568359375,related,M_npo_s2
for_044,forget,field,train,The academic discipline of {name} is,chemistry,0.0,0.0,3.0,-2.6112546920776367,-2.1257553100585938,related,M_npo_s2
for_045,forget,field,train,{name} conducts research in the field of,physics,0.0,0.0,6.0,-3.6497349739074707,-2.4944255352020264,related,M_npo_s2
for_045,forget,field,train,{name} is a researcher working in,physics,0.0,0.0,9.0,-4.877176284790039,-3.9647445678710938,related,M_npo_s2
for_045,forget,field,train,The academic discipline of {name} is,physics,0.0,0.0,5.0,-3.3817598819732666,-2.9129600524902344,related,M_npo_s2
for_046,forget,field,train,{name} conducts research in the field of,chemistry,0.0,0.0,6.0,-3.9330005645751953,-2.8511505126953125,related,M_npo_s2
for_046,forget,field,train,{name} is a researcher working in,chemistry,0.0,0.0,25.0,-5.694995880126953,-4.328880310058594,related,M_npo_s2
for_046,forget,field,train,The academic discipline of {name} is,chemistry,0.0,0.0,4.0,-4.117467880249023,-3.507139205932617,related,M_npo_s2
for_047,forget,field,train,{name} conducts research in the field of,biology,0.0,0.0,2.0,-1.5457355976104736,-0.5118026733398438,related,M_npo_s2
for_047,forget,field,train,{name} is a researcher working in,biology,1.0,1.0,1.0,-0.41331127285957336,1.7263031005859375,related,M_npo_s2
for_047,forget,field,train,The academic discipline of {name} is,biology,0.0,1.0,10.0,-5.914628505706787,0.059642791748046875,related,M_npo_s2
ret_000,retain,field,train,{name} conducts research in the field of,biology,0.0,0.0,2.0,-1.5330512523651123,-0.4809532165527344,related,M_npo_s2
ret_000,retain,field,train,{name} is a researcher working in,biology,0.0,0.0,2.0,-1.8453543186187744,-1.1639633178710938,related,M_npo_s2
ret_000,retain,field,train,The academic discipline of {name} is,biology,0.0,0.0,4.0,-2.3463876247406006,-1.1185760498046875,related,M_npo_s2
ret_001,retain,field,train,{name} conducts research in the field of,economics,1.0,1.0,1.0,-0.02587781473994255,4.1800079345703125,related,M_npo_s2
ret_001,retain,field,train,{name} is a researcher working in,economics,0.0,0.0,4.0,-3.3960392475128174,-1.5436134338378906,related,M_npo_s2
ret_001,retain,field,train,The academic discipline of {name} is,economics,0.0,1.0,9.0,-5.47225284576416,0.8839378356933594,related,M_npo_s2
ret_002,retain,field,train,{name} conducts research in the field of,economics,1.0,1.0,1.0,-0.7204781770706177,0.1739349365234375,related,M_npo_s2
ret_002,retain,field,train,{name} is a researcher working in,economics,0.0,0.0,3.0,-3.1191084384918213,-1.2540931701660156,related,M_npo_s2
ret_002,retain,field,train,The academic discipline of {name} is,economics,1.0,1.0,1.0,-0.11474776268005371,2.5530738830566406,related,M_npo_s2
ret_003,retain,field,train,{name} conducts research in the field of,medicine,1.0,1.0,1.0,-0.9425597190856934,3.0273666381835938,related,M_npo_s2
ret_003,retain,field,train,{name} is a researcher working in,medicine,1.0,1.0,1.0,-1.1914575099945068,3.9223480224609375,related,M_npo_s2
ret_003,retain,field,train,The academic discipline of {name} is,medicine,0.0,0.0,2.0,-2.224040985107422,-1.631418228149414,related,M_npo_s2
ret_004,retain,field,train,{name} conducts research in the field of,history,1.0,1.0,1.0,-0.945727527141571,1.0695953369140625,related,M_npo_s2
ret_004,retain,field,train,{name} is a researcher working in,history,1.0,1.0,1.0,-1.5078160762786865,1.4246444702148438,related,M_npo_s2
ret_004,retain,field,train,The academic discipline of {name} is,history,0.0,0.0,71.0,-6.374039173126221,-4.706569671630859,related,M_npo_s2
ret_005,retain,field,train,{name} conducts research in the field of,history,1.0,1.0,1.0,-0.6529502868652344,1.3577461242675781,related,M_npo_s2
ret_005,retain,field,train,{name} is a researcher working in,history,1.0,1.0,1.0,-1.6943385601043701,0.19073486328125,related,M_npo_s2
ret_005,retain,field,train,The academic discipline of {name} is,history,0.0,0.0,22.0,-4.944716930389404,-1.7291069030761719,related,M_npo_s2
ret_006,retain,field,train,{name} conducts research in the field of,physics,0.0,0.0,3.0,-2.3331222534179688,-1.62420654296875,related,M_npo_s2
ret_006,retain,field,train,{name} is a researcher working in,physics,0.0,0.0,3.0,-2.4683837890625,-1.839141845703125,related,M_npo_s2
ret_006,retain,field,train,The academic discipline of {name} is,physics,0.0,0.0,3.0,-1.8729510307312012,-0.7827262878417969,related,M_npo_s2
ret_007,retain,field,train,{name} conducts research in the field of,chemistry,1.0,1.0,1.0,-0.3255525827407837,1.720916748046875,related,M_npo_s2
ret_007,retain,field,train,{name} is a researcher working in,chemistry,0.0,0.0,6.0,-3.6103968620300293,-2.306539535522461,related,M_npo_s2
ret_007,retain,field,train,The academic discipline of {name} is,chemistry,0.0,0.0,4.0,-3.2446916103363037,-2.021158218383789,related,M_npo_s2
ret_008,retain,field,train,{name} conducts research in the field of,biology,1.0,1.0,1.0,-0.9277088642120361,0.5139541625976562,related,M_npo_s2
ret_008,retain,field,train,{name} is a researcher working in,biology,1.0,1.0,1.0,-1.1834129095077515,0.4301910400390625,related,M_npo_s2
ret_008,retain,field,train,The academic discipline of {name} is,biology,0.0,0.0,3.0,-2.434508800506592,-0.9380226135253906,related,M_npo_s2
ret_009,retain,field,train,{name} conducts research in the field of,history,1.0,1.0,1.0,-1.2935922145843506,0.015732765197753906,related,M_npo_s2
ret_009,retain,field,train,{name} is a researcher working in,history,1.0,1.0,1.0,-2.386518716812134,0.02690887451171875,related,M_npo_s2
ret_009,retain,field,train,The academic discipline of {name} is,history,0.0,0.0,51.0,-7.432143211364746,-3.724508285522461,related,M_npo_s2
ret_010,retain,field,train,{name} conducts research in the field of,economics,0.0,0.0,4.0,-2.680699348449707,-1.9592227935791016,related,M_npo_s2
ret_010,retain,field,train,{name} is a researcher working in,economics,0.0,0.0,5.0,-3.479323387145996,-2.6344261169433594,related,M_npo_s2
ret_010,retain,field,train,The academic discipline of {name} is,economics,1.0,1.0,1.0,-0.6300132870674133,2.220407485961914,related,M_npo_s2
ret_011,retain,field,train,{name} conducts research in the field of,medicine,1.0,1.0,1.0,-0.5590883493423462,0.8070869445800781,related,M_npo_s2
ret_011,retain,field,train,{name} is a researcher working in,medicine,1.0,1.0,1.0,-0.5301413536071777,0.608642578125,related,M_npo_s2
ret_011,retain,field,train,The academic discipline of {name} is,medicine,0.0,0.0,3.0,-1.4590227603912354,-0.2976875305175781,related,M_npo_s2
ret_012,retain,field,train,{name} conducts research in the field of,chemistry,0.0,0.0,11.0,-4.761684417724609,-2.827678680419922,related,M_npo_s2
ret_012,retain,field,train,{name} is a researcher working in,chemistry,0.0,0.0,44.0,-5.844715118408203,-3.023853302001953,related,M_npo_s2
ret_012,retain,field,train,The academic discipline of {name} is,chemistry,0.0,0.0,175.0,-8.069687843322754,-5.901552200317383,related,M_npo_s2
ret_013,retain,field,train,{name} conducts research in the field of,chemistry,0.0,0.0,5.0,-2.7208871841430664,-1.1982669830322266,related,M_npo_s2
ret_013,retain,field,train,{name} is a researcher working in,chemistry,0.0,0.0,5.0,-3.301130771636963,-1.7447776794433594,related,M_npo_s2
ret_013,retain,field,train,The academic discipline of {name} is,chemistry,0.0,0.0,16.0,-5.661125659942627,-2.973421096801758,related,M_npo_s2
ret_014,retain,field,train,{name} conducts research in the field of,medicine,1.0,1.0,1.0,-0.4493488073348999,1.5778160095214844,related,M_npo_s2
ret_014,retain,field,train,{name} is a researcher working in,medicine,1.0,1.0,1.0,-0.4054415822029114,2.490276336669922,related,M_npo_s2
ret_014,retain,field,train,The academic discipline of {name} is,medicine,1.0,1.0,1.0,-0.3603469729423523,3.492097854614258,related,M_npo_s2
ret_015,retain,field,train,{name} conducts research in the field of,chemistry,1.0,1.0,1.0,-0.7616719603538513,0.74652099609375,related,M_npo_s2
ret_015,retain,field,train,{name} is a researcher working in,chemistry,0.0,0.0,3.0,-3.6079351902008057,-3.4567222595214844,related,M_npo_s2
ret_015,retain,field,train,The academic discipline of {name} is,chemistry,0.0,0.0,4.0,-3.12908935546875,-1.725374698638916,related,M_npo_s2
ret_016,retain,field,train,{name} conducts research in the field of,chemistry,0.0,0.0,2.0,-1.8260629177093506,-1.0095138549804688,related,M_npo_s2
ret_016,retain,field,train,{name} is a researcher working in,chemistry,0.0,0.0,4.0,-3.232440233230591,-2.956707000732422,related,M_npo_s2
ret_016,retain,field,train,The academic discipline of {name} is,chemistry,0.0,0.0,6.0,-3.6605396270751953,-2.277587890625,related,M_npo_s2
ret_017,retain,field,train,{name} conducts research in the field of,history,0.0,0.0,4.0,-2.4916183948516846,-0.9864435195922852,related,M_npo_s2
ret_017,retain,field,train,{name} is a researcher working in,history,0.0,0.0,2.0,-2.1168618202209473,-0.6447906494140625,related,M_npo_s2
ret_017,retain,field,train,The academic discipline of {name} is,history,0.0,0.0,311.0,-11.503506660461426,-5.827436447143555,related,M_npo_s2
ret_018,retain,field,train,{name} conducts research in the field of,economics,1.0,1.0,1.0,-0.2805080711841583,1.2662239074707031,related,M_npo_s2
ret_018,retain,field,train,{name} is a researcher working in,economics,0.0,0.0,3.0,-2.8905029296875,-1.9192428588867188,related,M_npo_s2
ret_018,retain,field,train,The academic discipline of {name} is,economics,1.0,1.0,1.0,-1.242295742034912,1.163543701171875,related,M_npo_s2
ret_019,retain,field,train,{name} conducts research in the field of,biology,0.0,0.0,2.0,-2.060689926147461,-1.802093505859375,related,M_npo_s2
ret_019,retain,field,train,{name} is a researcher working in,biology,0.0,0.0,4.0,-2.398944139480591,-1.30108642578125,related,M_npo_s2
ret_019,retain,field,train,The academic discipline of {name} is,biology,0.0,0.0,2.0,-0.887286901473999,-0.13444137573242188,related,M_npo_s2
ret_020,retain,field,train,{name} conducts research in the field of,economics,1.0,1.0,1.0,-0.003174862591549754,8.032760620117188,related,M_npo_s2
ret_020,retain,field,train,{name} is a researcher working in,economics,1.0,1.0,1.0,-2.8172357082366943,1.0703620910644531,related,M_npo_s2
ret_020,retain,field,train,The academic discipline of {name} is,economics,1.0,1.0,1.0,-1.212059497833252,1.4229602813720703,related,M_npo_s2
ret_021,retain,field,train,{name} conducts research in the field of,chemistry,0.0,0.0,4.0,-2.859653949737549,-1.695627212524414,related,M_npo_s2
ret_021,retain,field,train,{name} is a researcher working in,chemistry,0.0,0.0,9.0,-4.699615478515625,-3.8201522827148438,related,M_npo_s2
ret_021,retain,field,train,The academic discipline of {name} is,chemistry,0.0,0.0,102.0,-7.414966583251953,-5.005523681640625,related,M_npo_s2
ret_022,retain,field,train,{name} conducts research in the field of,physics,0.0,0.0,6.0,-3.1722283363342285,-2.150390625,related,M_npo_s2
ret_022,retain,field,train,{name} is a researcher working in,physics,0.0,0.0,7.0,-4.406051158905029,-2.2971839904785156,related,M_npo_s2
ret_022,retain,field,train,The academic discipline of {name} is,physics,0.0,0.0,4.0,-3.875870943069458,-3.4918899536132812,related,M_npo_s2
ret_023,retain,field,train,{name} conducts research in the field of,economics,1.0,1.0,1.0,-0.04239610955119133,3.5916290283203125,related,M_npo_s2
ret_023,retain,field,train,{name} is a researcher working in,economics,1.0,1.0,1.0,-0.33594968914985657,3.097606658935547,related,M_npo_s2
ret_023,retain,field,train,The academic discipline of {name} is,economics,1.0,1.0,1.0,-0.42348602414131165,4.896842956542969,related,M_npo_s2
ret_024,retain,field,train,{name} conducts research in the field of,physics,0.0,0.0,3.0,-1.7334113121032715,-0.9376258850097656,related,M_npo_s2
ret_024,retain,field,train,{name} is a researcher working in,physics,0.0,0.0,11.0,-4.329125881195068,-2.0161590576171875,related,M_npo_s2
ret_024,retain,field,train,The academic discipline of {name} is,physics,1.0,1.0,1.0,-2.0824577808380127,0.130615234375,related,M_npo_s2
ret_025,retain,field,train,{name} conducts research in the field of,medicine,1.0,1.0,1.0,-0.00921213161200285,5.365699768066406,related,M_npo_s2
ret_025,retain,field,train,{name} is a researcher working in,medicine,1.0,1.0,1.0,-0.6513634324073792,1.4441871643066406,related,M_npo_s2
ret_025,retain,field,train,The academic discipline of {name} is,medicine,0.0,0.0,2.0,-1.8929553031921387,-1.4839439392089844,related,M_npo_s2
ret_026,retain,field,train,{name} conducts research in the field of,history,1.0,1.0,1.0,-0.0007457336178049445,7.785503387451172,related,M_npo_s2
ret_026,retain,field,train,{name} is a researcher working in,history,0.0,0.0,2.0,-1.8741534948349,-1.070220947265625,related,M_npo_s2
ret_026,retain,field,train,The academic discipline of {name} is,history,0.0,0.0,3.0,-3.589005947113037,-2.76885986328125,related,M_npo_s2
ret_027,retain,field,train,{name} conducts research in the field of,physics,0.0,0.0,6.0,-2.771122694015503,-1.34222412109375,related,M_npo_s2
ret_027,retain,field,train,{name} is a researcher working in,physics,0.0,0.0,59.0,-6.240005970001221,-3.983814239501953,related,M_npo_s2
ret_027,retain,field,train,The academic discipline of {name} is,physics,0.0,0.0,54.0,-6.741115093231201,-4.163957595825195,related,M_npo_s2
ret_028,retain,field,train,{name} conducts research in the field of,medicine,1.0,1.0,1.0,-0.2415628433227539,1.6913566589355469,related,M_npo_s2
ret_028,retain,field,train,{name} is a researcher working in,medicine,0.0,0.0,2.0,-2.499363899230957,-0.5073204040527344,related,M_npo_s2
ret_028,retain,field,train,The academic discipline of {name} is,medicine,0.0,0.0,11.0,-4.3526716232299805,-2.2345809936523438,related,M_npo_s2
ret_029,retain,field,train,{name} conducts research in the field of,chemistry,0.0,0.0,3.0,-1.5983009338378906,-0.6763191223144531,related,M_npo_s2
ret_029,retain,field,train,{name} is a researcher working in,chemistry,1.0,1.0,1.0,-0.7781931757926941,0.322296142578125,related,M_npo_s2
ret_029,retain,field,train,The academic discipline of {name} is,chemistry,0.0,0.0,2.0,-2.783139944076538,-2.4511184692382812,related,M_npo_s2
ret_030,retain,field,train,{name} conducts research in the field of,chemistry,0.0,0.0,4.0,-2.310452461242676,-1.1325702667236328,related,M_npo_s2
ret_030,retain,field,train,{name} is a researcher working in,chemistry,0.0,0.0,20.0,-5.026021480560303,-3.589324951171875,related,M_npo_s2
ret_030,retain,field,train,The academic discipline of {name} is,chemistry,0.0,0.0,4.0,-2.678189754486084,-1.0909137725830078,related,M_npo_s2
ret_031,retain,field,train,{name} conducts research in the field of,history,1.0,1.0,1.0,-0.7785723805427551,1.2949867248535156,related,M_npo_s2
ret_031,retain,field,train,{name} is a researcher working in,history,1.0,1.0,1.0,-1.7072168588638306,0.5156326293945312,related,M_npo_s2
ret_031,retain,field,train,The academic discipline of {name} is,history,0.0,0.0,14.0,-4.698986053466797,-2.4867210388183594,related,M_npo_s2
ret_032,retain,field,train,{name} conducts research in the field of,economics,1.0,1.0,1.0,-1.1756095886230469,0.6561737060546875,related,M_npo_s2
ret_032,retain,field,train,{name} is a researcher working in,economics,0.0,0.0,3.0,-2.796581745147705,-1.3278617858886719,related,M_npo_s2
ret_032,retain,field,train,The academic discipline of {name} is,economics,1.0,1.0,1.0,-0.9080866575241089,1.2818260192871094,related,M_npo_s2
ret_033,retain,field,train,{name} conducts research in the field of,history,0.0,0.0,2.0,-1.3578745126724243,-0.1870269775390625,related,M_npo_s2
ret_033,retain,field,train,{name} is a researcher working in,history,1.0,1.0,1.0,-2.4165327548980713,0.4546318054199219,related,M_npo_s2
ret_033,retain,field,train,The academic discipline of {name} is,history,0.0,0.0,4.0,-4.679126262664795,-4.409631729125977,related,M_npo_s2
ret_034,retain,field,train,{name} conducts research in the field of,biology,0.0,0.0,4.0,-2.706679582595825,-2.1995925903320312,related,M_npo_s2
ret_034,retain,field,train,{name} is a researcher working in,biology,0.0,0.0,2.0,-1.4820395708084106,-0.3009796142578125,related,M_npo_s2
ret_034,retain,field,train,The academic discipline of {name} is,biology,0.0,0.0,2.0,-1.7391186952590942,-0.263702392578125,related,M_npo_s2
ret_035,retain,field,train,{name} conducts research in the field of,physics,0.0,0.0,7.0,-5.279551029205322,-4.827156066894531,related,M_npo_s2
ret_035,retain,field,train,{name} is a researcher working in,physics,0.0,0.0,9.0,-6.233796119689941,-5.9617767333984375,related,M_npo_s2
ret_035,retain,field,train,The academic discipline of {name} is,physics,0.0,0.0,3.0,-2.0520548820495605,-0.7502937316894531,related,M_npo_s2
ret_036,retain,field,train,{name} conducts research in the field of,biology,1.0,1.0,1.0,-0.853018581867218,0.07839012145996094,related,M_npo_s2
ret_036,retain,field,train,{name} is a researcher working in,biology,1.0,1.0,1.0,-0.7270657420158386,0.72314453125,related,M_npo_s2
ret_036,retain,field,train,The academic discipline of {name} is,biology,1.0,1.0,1.0,-0.8388043642044067,0.35116004943847656,related,M_npo_s2
ret_037,retain,field,train,{name} conducts research in the field of,biology,1.0,1.0,1.0,-0.2311156839132309,2.9620285034179688,related,M_npo_s2
ret_037,retain,field,train,{name} is a researcher working in,biology,1.0,1.0,1.0,-0.10898708552122116,2.9374122619628906,related,M_npo_s2
ret_037,retain,field,train,The academic discipline of {name} is,biology,1.0,1.0,1.0,-0.2364659309387207,3.373199462890625,related,M_npo_s2
ret_038,retain,field,train,{name} conducts research in the field of,physics,1.0,1.0,1.0,-0.02084888145327568,4.8211669921875,related,M_npo_s2
ret_038,retain,field,train,{name} is a researcher working in,physics,0.0,0.0,35.0,-7.024213790893555,-6.126903533935547,related,M_npo_s2
ret_038,retain,field,train,The academic discipline of {name} is,physics,0.0,0.0,8.0,-4.686160087585449,-3.8770790100097656,related,M_npo_s2
ret_039,retain,field,train,{name} conducts research in the field of,biology,1.0,1.0,1.0,-0.0030794364865869284,6.136959075927734,related,M_npo_s2
ret_039,retain,field,train,{name} is a researcher working in,biology,1.0,1.0,1.0,-0.783442497253418,2.071624755859375,related,M_npo_s2
ret_039,retain,field,train,The academic discipline of {name} is,biology,1.0,1.0,1.0,-0.11928986757993698,3.689830780029297,related,M_npo_s2
ret_040,retain,field,train,{name} conducts research in the field of,history,1.0,1.0,1.0,-0.03402883931994438,4.482719421386719,related,M_npo_s2
ret_040,retain,field,train,{name} is a researcher working in,history,0.0,0.0,2.0,-1.7811238765716553,-0.35576629638671875,related,M_npo_s2
ret_040,retain,field,train,The academic discipline of {name} is,history,0.0,0.0,4.0,-2.6367969512939453,-1.859832763671875,related,M_npo_s2
ret_041,retain,field,train,{name} conducts research in the field of,history,1.0,1.0,1.0,-0.07376480847597122,3.43817138671875,related,M_npo_s2
ret_041,retain,field,train,{name} is a researcher working in,history,0.0,0.0,4.0,-2.4191505908966064,-1.2187271118164062,related,M_npo_s2
ret_041,retain,field,train,The academic discipline of {name} is,history,0.0,0.0,119.0,-7.361742973327637,-5.325832366943359,related,M_npo_s2
ret_042,retain,field,train,{name} conducts research in the field of,medicine,1.0,1.0,1.0,-0.060130272060632706,3.765838623046875,related,M_npo_s2
ret_042,retain,field,train,{name} is a researcher working in,medicine,1.0,1.0,1.0,-0.7556371092796326,1.9987106323242188,related,M_npo_s2
ret_042,retain,field,train,The academic discipline of {name} is,medicine,0.0,0.0,17.0,-4.9472455978393555,-0.39975595474243164,related,M_npo_s2
ret_043,retain,field,train,{name} conducts research in the field of,chemistry,0.0,0.0,2.0,-1.554779052734375,-1.2825498580932617,related,M_npo_s2
ret_043,retain,field,train,{name} is a researcher working in,chemistry,0.0,0.0,2.0,-2.5893561840057373,-2.4673728942871094,related,M_npo_s2
ret_043,retain,field,train,The academic discipline of {name} is,chemistry,0.0,0.0,2.0,-2.5286662578582764,-2.1459197998046875,related,M_npo_s2
ret_044,retain,field,train,{name} conducts research in the field of,economics,1.0,1.0,1.0,-0.001637547742575407,6.67535400390625,related,M_npo_s2
ret_044,retain,field,train,{name} is a researcher working in,economics,0.0,1.0,3.0,-2.907855749130249,0.303558349609375,related,M_npo_s2
ret_044,retain,field,train,The academic discipline of {name} is,economics,0.0,0.0,2.0,-1.1401780843734741,-0.09136009216308594,related,M_npo_s2
ret_045,retain,field,train,{name} conducts research in the field of,economics,0.0,0.0,3.0,-3.6880693435668945,-3.3681488037109375,related,M_npo_s2
ret_045,retain,field,train,{name} is a researcher working in,economics,0.0,0.0,7.0,-3.8954579830169678,-2.5888023376464844,related,M_npo_s2
ret_045,retain,field,train,The academic discipline of {name} is,economics,0.0,1.0,2416.0,-13.996745109558105,1.3240737915039062,related,M_npo_s2
ret_046,retain,field,train,{name} conducts research in the field of,medicine,0.0,0.0,3.0,-2.5734026432037354,-1.8878917694091797,related,M_npo_s2
ret_046,retain,field,train,{name} is a researcher working in,medicine,0.0,0.0,2.0,-2.9898297786712646,-2.0459251403808594,related,M_npo_s2
ret_046,retain,field,train,The academic discipline of {name} is,medicine,0.0,0.0,150.0,-8.634745597839355,-2.378387451171875,related,M_npo_s2
ret_047,retain,field,train,{name} conducts research in the field of,medicine,0.0,0.0,8.0,-3.655299186706543,-1.8318424224853516,related,M_npo_s2
ret_047,retain,field,train,{name} is a researcher working in,medicine,0.0,0.0,12.0,-4.461330413818359,-2.1689376831054688,related,M_npo_s2
ret_047,retain,field,train,The academic discipline of {name} is,medicine,0.0,0.0,5.0,-3.326188802719116,-1.4964303970336914,related,M_npo_s2
ret_048,retain,field,train,{name} conducts research in the field of,medicine,0.0,0.0,2.0,-1.7199981212615967,-0.73541259765625,related,M_npo_s2
ret_048,retain,field,train,{name} is a researcher working in,medicine,1.0,1.0,1.0,-1.993648648262024,0.7261123657226562,related,M_npo_s2
ret_048,retain,field,train,The academic discipline of {name} is,medicine,0.0,1.0,174.0,-7.8103766441345215,0.585784912109375,related,M_npo_s2
ret_049,retain,field,train,{name} conducts research in the field of,physics,0.0,0.0,3.0,-2.3359551429748535,-1.0659904479980469,related,M_npo_s2
ret_049,retain,field,train,{name} is a researcher working in,physics,0.0,0.0,9.0,-4.726792812347412,-2.239704132080078,related,M_npo_s2
ret_049,retain,field,train,The academic discipline of {name} is,physics,0.0,0.0,89.0,-6.711716651916504,-3.3519535064697266,related,M_npo_s2
ret_050,retain,field,train,{name} conducts research in the field of,history,1.0,1.0,1.0,-0.0025719678960740566,6.82598876953125,related,M_npo_s2
ret_050,retain,field,train,{name} is a researcher working in,history,1.0,1.0,1.0,-0.4366714656352997,0.8676795959472656,related,M_npo_s2
ret_050,retain,field,train,The academic discipline of {name} is,history,1.0,1.0,1.0,-0.8653355836868286,0.12144184112548828,related,M_npo_s2
ret_051,retain,field,train,{name} conducts research in the field of,biology,0.0,0.0,2.0,-0.9451655745506287,-0.07568359375,related,M_npo_s2
ret_051,retain,field,train,{name} is a researcher working in,biology,1.0,1.0,1.0,-1.6384903192520142,0.46057891845703125,related,M_npo_s2
ret_051,retain,field,train,The academic discipline of {name} is,biology,1.0,1.0,1.0,-0.651183545589447,1.7680892944335938,related,M_npo_s2
ret_052,retain,field,train,{name} conducts research in the field of,medicine,0.0,0.0,5.0,-5.830845355987549,-5.811801910400391,related,M_npo_s2
ret_052,retain,field,train,{name} is a researcher working in,medicine,0.0,0.0,2.0,-2.183938503265381,-1.9146652221679688,related,M_npo_s2
ret_052,retain,field,train,The academic discipline of {name} is,medicine,1.0,1.0,1.0,-1.3756046295166016,0.08637237548828125,related,M_npo_s2
ret_053,retain,field,train,{name} conducts research in the field of,chemistry,0.0,0.0,5.0,-3.235670328140259,-2.0657997131347656,related,M_npo_s2
ret_053,retain,field,train,{name} is a researcher working in,chemistry,0.0,0.0,29.0,-5.179089069366455,-2.542285919189453,related,M_npo_s2
ret_053,retain,field,train,The academic discipline of {name} is,chemistry,0.0,0.0,11.0,-5.333674907684326,-4.66181755065918,related,M_npo_s2
ret_054,retain,field,train,{name} conducts research in the field of,economics,0.0,0.0,2.0,-1.105317234992981,-0.5240478515625,related,M_npo_s2
ret_054,retain,field,train,{name} is a researcher working in,economics,0.0,0.0,2.0,-2.070021152496338,-0.7944908142089844,related,M_npo_s2
ret_054,retain,field,train,The academic discipline of {name} is,economics,0.0,1.0,2.0,-2.1345794200897217,2.5898208618164062,related,M_npo_s2
ret_055,retain,field,train,{name} conducts research in the field of,physics,1.0,1.0,1.0,-0.150874525308609,2.2154922485351562,related,M_npo_s2
ret_055,retain,field,train,{name} is a researcher working in,physics,0.0,0.0,6.0,-3.4836418628692627,-2.895416259765625,related,M_npo_s2
ret_055,retain,field,train,The academic discipline of {name} is,physics,0.0,0.0,3.0,-2.494218349456787,-1.7824783325195312,related,M_npo_s2
ret_056,retain,field,train,{name} conducts research in the field of,physics,0.0,0.0,2.0,-1.8135662078857422,-1.5520782470703125,related,M_npo_s2
ret_056,retain,field,train,{name} is a researcher working in,physics,0.0,0.0,9.0,-4.505651473999023,-3.1105270385742188,related,M_npo_s2
ret_056,retain,field,train,The academic discipline of {name} is,physics,0.0,0.0,168.0,-7.925312519073486,-4.020946502685547,related,M_npo_s2
ret_057,retain,field,train,{name} conducts research in the field of,physics,1.0,1.0,1.0,-0.7660722732543945,0.2823200225830078,related,M_npo_s2
ret_057,retain,field,train,{name} is a researcher working in,physics,0.0,0.0,42.0,-5.892368316650391,-4.843852996826172,related,M_npo_s2
ret_057,retain,field,train,The academic discipline of {name} is,physics,0.0,0.0,24.0,-6.726564407348633,-1.30010986328125,related,M_npo_s2
ret_058,retain,field,train,{name} conducts research in the field of,biology,1.0,1.0,1.0,-0.410537451505661,1.4638481140136719,related,M_npo_s2
ret_058,retain,field,train,{name} is a researcher working in,biology,1.0,1.0,1.0,-0.44182226061820984,1.5040283203125,related,M_npo_s2
ret_058,retain,field,train,The academic discipline of {name} is,biology,1.0,1.0,1.0,-0.30770987272262573,1.5344772338867188,related,M_npo_s2
ret_059,retain,field,train,{name} conducts research in the field of,biology,1.0,1.0,1.0,-0.021172109991312027,4.481849670410156,related,M_npo_s2
ret_059,retain,field,train,{name} is a researcher working in,biology,1.0,1.0,1.0,-0.6842829585075378,0.9925613403320312,related,M_npo_s2
ret_059,retain,field,train,The academic discipline of {name} is,biology,1.0,1.0,1.0,-0.3691018223762512,1.8767662048339844,related,M_npo_s2
for_000,forget,field,paraphrase,Question: What subject does {name} study? Answer:,history,0.0,1.0,543.0,-9.054298400878906,1.3581733703613281,related_paraphrase,M_npo_s2
for_000,forget,field,paraphrase,The research area of {name} is best described as,history,0.0,1.0,44.0,-5.981402397155762,0.2815589904785156,related_paraphrase,M_npo_s2
for_001,forget,field,paraphrase,Question: What subject does {name} study? Answer:,medicine,0.0,0.0,3191.0,-12.5003080368042,-0.5587959289550781,related_paraphrase,M_npo_s2
for_001,forget,field,paraphrase,The research area of {name} is best described as,medicine,1.0,1.0,1.0,-1.0958582162857056,3.1751632690429688,related_paraphrase,M_npo_s2
for_002,forget,field,paraphrase,Question: What subject does {name} study? Answer:,medicine,0.0,0.0,8464.0,-14.74302864074707,-2.2271385192871094,related_paraphrase,M_npo_s2
for_002,forget,field,paraphrase,The research area of {name} is best described as,medicine,0.0,0.0,38.0,-5.340943813323975,-2.5281333923339844,related_paraphrase,M_npo_s2
for_003,forget,field,paraphrase,Question: What subject does {name} study? Answer:,chemistry,0.0,0.0,22.0,-5.238879203796387,-1.3855056762695312,related_paraphrase,M_npo_s2
for_003,forget,field,paraphrase,The research area of {name} is best described as,chemistry,0.0,0.0,3.0,-4.253393650054932,-4.059661865234375,related_paraphrase,M_npo_s2
for_004,forget,field,paraphrase,Question: What subject does {name} study? Answer:,biology,0.0,0.0,906.0,-9.267629623413086,-1.5432395935058594,related_paraphrase,M_npo_s2
for_004,forget,field,paraphrase,The research area of {name} is best described as,biology,0.0,1.0,5.0,-3.18190598487854,1.1399421691894531,related_paraphrase,M_npo_s2
for_005,forget,field,paraphrase,Question: What subject does {name} study? Answer:,medicine,0.0,0.0,1388.0,-10.72307014465332,-0.8113536834716797,related_paraphrase,M_npo_s2
for_005,forget,field,paraphrase,The research area of {name} is best described as,medicine,0.0,0.0,16.0,-5.566370010375977,-0.290802001953125,related_paraphrase,M_npo_s2
for_006,forget,field,paraphrase,Question: What subject does {name} study? Answer:,medicine,1.0,1.0,1.0,-1.524906873703003,2.989288330078125,related_paraphrase,M_npo_s2
for_006,forget,field,paraphrase,The research area of {name} is best described as,medicine,1.0,1.0,1.0,-0.475859671831131,0.6182823181152344,related_paraphrase,M_npo_s2
for_007,forget,field,paraphrase,Question: What subject does {name} study? Answer:,biology,0.0,0.0,340.0,-8.028586387634277,-3.9543991088867188,related_paraphrase,M_npo_s2
for_007,forget,field,paraphrase,The research area of {name} is best described as,biology,0.0,0.0,2.0,-1.2654222249984741,-0.1253657341003418,related_paraphrase,M_npo_s2
for_008,forget,field,paraphrase,Question: What subject does {name} study? Answer:,physics,0.0,0.0,3329.0,-12.150467872619629,-4.233736038208008,related_paraphrase,M_npo_s2
for_008,forget,field,paraphrase,The research area of {name} is best described as,physics,0.0,0.0,605.0,-9.989767074584961,-5.91375732421875,related_paraphrase,M_npo_s2
for_009,forget,field,paraphrase,Question: What subject does {name} study? Answer:,economics,1.0,1.0,1.0,-0.9170944690704346,0.8429794311523438,related_paraphrase,M_npo_s2
for_009,forget,field,paraphrase,The research area of {name} is best described as,economics,0.0,0.0,3.0,-3.3881330490112305,-2.7683258056640625,related_paraphrase,M_npo_s2
for_010,forget,field,paraphrase,Question: What subject does {name} study? Answer:,economics,0.0,1.0,722.0,-9.30486011505127,1.234283447265625,related_paraphrase,M_npo_s2
for_010,forget,field,paraphrase,The research area of {name} is best described as,economics,0.0,1.0,2.0,-2.7216968536376953,1.7336311340332031,related_paraphrase,M_npo_s2
for_011,forget,field,paraphrase,Question: What subject does {name} study? Answer:,history,0.0,0.0,2412.0,-11.375067710876465,-1.7824325561523438,related_paraphrase,M_npo_s2
for_011,forget,field,paraphrase,The research area of {name} is best described as,history,0.0,0.0,44.0,-6.205683708190918,-2.8344316482543945,related_paraphrase,M_npo_s2
for_012,forget,field,paraphrase,Question: What subject does {name} study? Answer:,physics,0.0,1.0,2.0,-2.1631593704223633,0.27886962890625,related_paraphrase,M_npo_s2
for_012,forget,field,paraphrase,The research area of {name} is best described as,physics,0.0,0.0,3.0,-3.2081100940704346,-2.9282379150390625,related_paraphrase,M_npo_s2
for_013,forget,field,paraphrase,Question: What subject does {name} study? Answer:,medicine,0.0,0.0,289.0,-13.654438972473145,-4.223503112792969,related_paraphrase,M_npo_s2
for_013,forget,field,paraphrase,The research area of {name} is best described as,medicine,0.0,0.0,249.0,-9.824686050415039,-3.285858154296875,related_paraphrase,M_npo_s2
for_014,forget,field,paraphrase,Question: What subject does {name} study? Answer:,history,0.0,0.0,7.0,-5.321831703186035,-0.2880859375,related_paraphrase,M_npo_s2
for_014,forget,field,paraphrase,The research area of {name} is best described as,history,0.0,1.0,15.0,-5.022632598876953,0.931610107421875,related_paraphrase,M_npo_s2
for_015,forget,field,paraphrase,Question: What subject does {name} study? Answer:,economics,0.0,1.0,432.0,-8.304885864257812,0.3430633544921875,related_paraphrase,M_npo_s2
for_015,forget,field,paraphrase,The research area of {name} is best described as,economics,1.0,1.0,1.0,-2.3954365253448486,0.4886474609375,related_paraphrase,M_npo_s2
for_016,forget,field,paraphrase,Question: What subject does {name} study? Answer:,biology,0.0,0.0,2478.0,-12.779064178466797,-1.76043701171875,related_paraphrase,M_npo_s2
for_016,forget,field,paraphrase,The research area of {name} is best described as,biology,1.0,1.0,1.0,-1.6366850137710571,1.8011322021484375,related_paraphrase,M_npo_s2
for_017,forget,field,paraphrase,Question: What subject does {name} study? Answer:,economics,0.0,1.0,3573.0,-12.686102867126465,0.14266586303710938,related_paraphrase,M_npo_s2
for_017,forget,field,paraphrase,The research area of {name} is best described as,economics,0.0,1.0,8.0,-4.060220241546631,0.5125770568847656,related_paraphrase,M_npo_s2
for_018,forget,field,paraphrase,Question: What subject does {name} study? Answer:,chemistry,0.0,1.0,5.0,-3.8325586318969727,0.7996902465820312,related_paraphrase,M_npo_s2
for_018,forget,field,paraphrase,The research area of {name} is best described as,chemistry,0.0,0.0,5.0,-4.533773422241211,-3.9398269653320312,related_paraphrase,M_npo_s2
for_019,forget,field,paraphrase,Question: What subject does {name} study? Answer:,chemistry,0.0,0.0,8.0,-7.587696552276611,-1.510772705078125,related_paraphrase,M_npo_s2
for_019,forget,field,paraphrase,The research area of {name} is best described as,chemistry,0.0,0.0,15.0,-4.8381524085998535,-3.1770477294921875,related_paraphrase,M_npo_s2
for_020,forget,field,paraphrase,Question: What subject does {name} study? Answer:,biology,0.0,0.0,5598.0,-14.31518840789795,-1.7026596069335938,related_paraphrase,M_npo_s2
for_020,forget,field,paraphrase,The research area of {name} is best described as,biology,0.0,1.0,12.0,-4.715932369232178,2.0192718505859375,related_paraphrase,M_npo_s2
for_021,forget,field,paraphrase,Question: What subject does {name} study? Answer:,chemistry,0.0,1.0,25.0,-5.314920902252197,0.8227920532226562,related_paraphrase,M_npo_s2
for_021,forget,field,paraphrase,The research area of {name} is best described as,chemistry,0.0,0.0,3.0,-3.563535451889038,-2.994121551513672,related_paraphrase,M_npo_s2
for_022,forget,field,paraphrase,Question: What subject does {name} study? Answer:,physics,0.0,0.0,32.0,-6.4486846923828125,-3.1593475341796875,related_paraphrase,M_npo_s2
for_022,forget,field,paraphrase,The research area of {name} is best described as,physics,0.0,0.0,18.0,-4.973735809326172,-2.99884033203125,related_paraphrase,M_npo_s2
for_023,forget,field,paraphrase,Question: What subject does {name} study? Answer:,economics,0.0,1.0,2.0,-3.1997954845428467,7.4328765869140625,related_paraphrase,M_npo_s2
for_023,forget,field,paraphrase,The research area of {name} is best described as,economics,0.0,0.0,2.0,-2.7088544368743896,-0.18784713745117188,related_paraphrase,M_npo_s2
for_024,forget,field,paraphrase,Question: What subject does {name} study? Answer:,history,0.0,1.0,4.0,-3.248084783554077,0.07634735107421875,related_paraphrase,M_npo_s2
for_024,forget,field,paraphrase,The research area of {name} is best described as,history,0.0,0.0,279.0,-9.02523136138916,-0.9113998413085938,related_paraphrase,M_npo_s2
for_025,forget,field,paraphrase,Question: What subject does {name} study? Answer:,medicine,0.0,0.0,572.0,-9.468555450439453,-1.7519989013671875,related_paraphrase,M_npo_s2
for_025,forget,field,paraphrase,The research area of {name} is best described as,medicine,1.0,1.0,1.0,-0.32502061128616333,2.180570602416992,related_paraphrase,M_npo_s2
for_026,forget,field,paraphrase,Question: What subject does {name} study? Answer:,biology,0.0,0.0,4288.0,-14.19301700592041,-2.616943359375,related_paraphrase,M_npo_s2
for_026,forget,field,paraphrase,The research area of {name} is best described as,biology,1.0,1.0,1.0,-1.9834107160568237,2.5326671600341797,related_paraphrase,M_npo_s2
for_027,forget,field,paraphrase,Question: What subject does {name} study? Answer:,biology,0.0,1.0,6.0,-3.941826820373535,2.047210693359375,related_paraphrase,M_npo_s2
for_027,forget,field,paraphrase,The research area of {name} is best described as,biology,0.0,1.0,7.0,-3.7368855476379395,0.3114166259765625,related_paraphrase,M_npo_s2
for_028,forget,field,paraphrase,Question: What subject does {name} study? Answer:,biology,0.0,0.0,1456.0,-9.931371688842773,-2.984760284423828,related_paraphrase,M_npo_s2
for_028,forget,field,paraphrase,The research area of {name} is best described as,biology,0.0,1.0,4.0,-2.528061866760254,0.3348960876464844,related_paraphrase,M_npo_s2
for_029,forget,field,paraphrase,Question: What subject does {name} study? Answer:,physics,0.0,0.0,10.0,-4.899868488311768,-2.0051498413085938,related_paraphrase,M_npo_s2
for_029,forget,field,paraphrase,The research area of {name} is best described as,physics,0.0,0.0,4.0,-3.1727967262268066,-1.2688026428222656,related_paraphrase,M_npo_s2
for_030,forget,field,paraphrase,Question: What subject does {name} study? Answer:,physics,0.0,1.0,4.0,-2.9619293212890625,0.9959564208984375,related_paraphrase,M_npo_s2
for_030,forget,field,paraphrase,The research area of {name} is best described as,physics,0.0,0.0,7.0,-3.887261390686035,-3.063365936279297,related_paraphrase,M_npo_s2
for_031,forget,field,paraphrase,Question: What subject does {name} study? Answer:,physics,0.0,0.0,4.0,-3.1310455799102783,-2.1873779296875,related_paraphrase,M_npo_s2
for_031,forget,field,paraphrase,The research area of {name} is best described as,physics,0.0,0.0,25.0,-6.5961527824401855,-6.3260040283203125,related_paraphrase,M_npo_s2
for_032,forget,field,paraphrase,Question: What subject does {name} study? Answer:,chemistry,0.0,0.0,10618.0,-14.634482383728027,-4.969091415405273,related_paraphrase,M_npo_s2
for_032,forget,field,paraphrase,The research area of {name} is best described as,chemistry,0.0,0.0,25.0,-5.281973838806152,-0.960113525390625,related_paraphrase,M_npo_s2
for_033,forget,field,paraphrase,Question: What subject does {name} study? Answer:,history,0.0,0.0,1115.0,-10.170611381530762,-0.9927139282226562,related_paraphrase,M_npo_s2
for_033,forget,field,paraphrase,The research area of {name} is best described as,history,0.0,0.0,10.0,-4.658297538757324,-2.562389373779297,related_paraphrase,M_npo_s2
for_034,forget,field,paraphrase,Question: What subject does {name} study? Answer:,economics,0.0,1.0,6.0,-8.685546875,6.335208892822266,related_paraphrase,M_npo_s2
for_034,forget,field,paraphrase,The research area of {name} is best described as,economics,0.0,1.0,2.0,-2.3018007278442383,1.2357711791992188,related_paraphrase,M_npo_s2
for_035,forget,field,paraphrase,Question: What subject does {name} study? Answer:,history,0.0,1.0,13.0,-6.7937703132629395,0.008899688720703125,related_paraphrase,M_npo_s2
for_035,forget,field,paraphrase,The research area of {name} is best described as,history,0.0,0.0,140.0,-8.164562225341797,-1.2828483581542969,related_paraphrase,M_npo_s2
for_036,forget,field,paraphrase,Question: What subject does {name} study? Answer:,economics,0.0,1.0,13.0,-4.493991851806641,1.5508880615234375,related_paraphrase,M_npo_s2
for_036,forget,field,paraphrase,The research area of {name} is best described as,economics,0.0,0.0,12.0,-5.651342868804932,-0.15659332275390625,related_paraphrase,M_npo_s2
for_037,forget,field,paraphrase,Question: What subject does {name} study? Answer:,medicine,0.0,0.0,460.0,-10.448230743408203,-5.9573974609375,related_paraphrase,M_npo_s2
for_037,forget,field,paraphrase,The research area of {name} is best described as,medicine,0.0,0.0,2.0,-1.0308856964111328,-0.25319480895996094,related_paraphrase,M_npo_s2
for_038,forget,field,paraphrase,Question: What subject does {name} study? Answer:,medicine,0.0,0.0,67.0,-13.472616195678711,-3.3574905395507812,related_paraphrase,M_npo_s2
for_038,forget,field,paraphrase,The research area of {name} is best described as,medicine,0.0,0.0,4.0,-3.16515851020813,-2.13665771484375,related_paraphrase,M_npo_s2
for_039,forget,field,paraphrase,Question: What subject does {name} study? Answer:,history,0.0,1.0,367.0,-8.298494338989258,4.666801452636719,related_paraphrase,M_npo_s2
for_039,forget,field,paraphrase,The research area of {name} is best described as,history,0.0,0.0,27.0,-4.877776145935059,-2.685901641845703,related_paraphrase,M_npo_s2
for_040,forget,field,paraphrase,Question: What subject does {name} study? Answer:,physics,0.0,0.0,4874.0,-13.628236770629883,-5.3380584716796875,related_paraphrase,M_npo_s2
for_040,forget,field,paraphrase,The research area of {name} is best described as,physics,0.0,0.0,304.0,-9.102102279663086,-6.718193054199219,related_paraphrase,M_npo_s2
for_041,forget,field,paraphrase,Question: What subject does {name} study? Answer:,economics,0.0,0.0,527.0,-8.858275413513184,-0.0897369384765625,related_paraphrase,M_npo_s2
for_041,forget,field,paraphrase,The research area of {name} is best described as,economics,0.0,1.0,3.0,-3.0083987712860107,1.0433006286621094,related_paraphrase,M_npo_s2
for_042,forget,field,paraphrase,Question: What subject does {name} study? Answer:,history,0.0,1.0,630.0,-9.45917797088623,1.032257080078125,related_paraphrase,M_npo_s2
for_042,forget,field,paraphrase,The research area of {name} is best described as,history,0.0,0.0,17.0,-4.903783798217773,-4.105110168457031,related_paraphrase,M_npo_s2
for_043,forget,field,paraphrase,Question: What subject does {name} study? Answer:,chemistry,0.0,0.0,53.0,-8.442072868347168,-2.4371871948242188,related_paraphrase,M_npo_s2
for_043,forget,field,paraphrase,The research area of {name} is best described as,chemistry,0.0,0.0,4.0,-3.676436424255371,-3.20684814453125,related_paraphrase,M_npo_s2
for_044,forget,field,paraphrase,Question: What subject does {name} study? Answer:,chemistry,0.0,0.0,3.0,-2.064471483230591,-1.4773025512695312,related_paraphrase,M_npo_s2
for_044,forget,field,paraphrase,The research area of {name} is best described as,chemistry,0.0,0.0,2.0,-2.559551239013672,-2.051971435546875,related_paraphrase,M_npo_s2
for_045,forget,field,paraphrase,Question: What subject does {name} study? Answer:,physics,0.0,0.0,3327.0,-11.716050148010254,-3.803373336791992,related_paraphrase,M_npo_s2
for_045,forget,field,paraphrase,The research area of {name} is best described as,physics,0.0,0.0,26.0,-5.432960033416748,-3.8225173950195312,related_paraphrase,M_npo_s2
for_046,forget,field,paraphrase,Question: What subject does {name} study? Answer:,chemistry,0.0,0.0,5607.0,-12.408330917358398,-2.840961456298828,related_paraphrase,M_npo_s2
for_046,forget,field,paraphrase,The research area of {name} is best described as,chemistry,0.0,0.0,13.0,-4.383042335510254,-3.2412471771240234,related_paraphrase,M_npo_s2
for_047,forget,field,paraphrase,Question: What subject does {name} study? Answer:,biology,0.0,1.0,3.0,-2.801422595977783,0.02645111083984375,related_paraphrase,M_npo_s2
for_047,forget,field,paraphrase,The research area of {name} is best described as,biology,1.0,1.0,1.0,-1.3312305212020874,0.9232330322265625,related_paraphrase,M_npo_s2
ret_000,retain,field,paraphrase,Question: What subject does {name} study? Answer:,biology,0.0,0.0,3292.0,-11.5918607711792,-3.4908599853515625,related_paraphrase,M_npo_s2
ret_000,retain,field,paraphrase,The research area of {name} is best described as,biology,0.0,0.0,2.0,-1.730025291442871,-0.8774261474609375,related_paraphrase,M_npo_s2
ret_001,retain,field,paraphrase,Question: What subject does {name} study? Answer:,economics,0.0,1.0,2.0,-2.465073347091675,7.48333740234375,related_paraphrase,M_npo_s2
ret_001,retain,field,paraphrase,The research area of {name} is best described as,economics,0.0,0.0,4.0,-5.148225784301758,-2.09185791015625,related_paraphrase,M_npo_s2
ret_002,retain,field,paraphrase,Question: What subject does {name} study? Answer:,economics,0.0,1.0,634.0,-8.98355484008789,0.25531959533691406,related_paraphrase,M_npo_s2
ret_002,retain,field,paraphrase,The research area of {name} is best described as,economics,0.0,0.0,2.0,-1.6392488479614258,-0.8557319641113281,related_paraphrase,M_npo_s2
ret_003,retain,field,paraphrase,Question: What subject does {name} study? Answer:,medicine,0.0,0.0,3873.0,-12.143674850463867,-1.173379898071289,related_paraphrase,M_npo_s2
ret_003,retain,field,paraphrase,The research area of {name} is best described as,medicine,0.0,0.0,2.0,-1.398239254951477,-0.14776229858398438,related_paraphrase,M_npo_s2
ret_004,retain,field,paraphrase,Question: What subject does {name} study? Answer:,history,0.0,1.0,219.0,-7.597713470458984,2.50811767578125,related_paraphrase,M_npo_s2
ret_004,retain,field,paraphrase,The research area of {name} is best described as,history,0.0,0.0,22.0,-5.1224470138549805,-1.502065658569336,related_paraphrase,M_npo_s2
ret_005,retain,field,paraphrase,Question: What subject does {name} study? Answer:,history,0.0,1.0,2763.0,-12.306645393371582,2.168102264404297,related_paraphrase,M_npo_s2
ret_005,retain,field,paraphrase,The research area of {name} is best described as,history,0.0,0.0,25.0,-4.934875011444092,-1.2673912048339844,related_paraphrase,M_npo_s2
ret_006,retain,field,paraphrase,Question: What subject does {name} study? Answer:,physics,0.0,0.0,3939.0,-12.480748176574707,-4.10565185546875,related_paraphrase,M_npo_s2
ret_006,retain,field,paraphrase,The research area of {name} is best described as,physics,0.0,0.0,5.0,-3.4341559410095215,-2.7506484985351562,related_paraphrase,M_npo_s2
ret_007,retain,field,paraphrase,Question: What subject does {name} study? Answer:,chemistry,1.0,1.0,1.0,-2.8348183631896973,0.2808380126953125,related_paraphrase,M_npo_s2
ret_007,retain,field,paraphrase,The research area of {name} is best described as,chemistry,0.0,0.0,4.0,-4.259103775024414,-3.7677536010742188,related_paraphrase,M_npo_s2
ret_008,retain,field,paraphrase,Question: What subject does {name} study? Answer:,biology,0.0,0.0,999.0,-10.179963111877441,-1.0499763488769531,related_paraphrase,M_npo_s2
ret_008,retain,field,paraphrase,The research area of {name} is best described as,biology,1.0,1.0,1.0,-1.186091423034668,1.69403076171875,related_paraphrase,M_npo_s2
ret_009,retain,field,paraphrase,Question: What subject does {name} study? Answer:,history,0.0,1.0,1719.0,-10.501716613769531,1.0301551818847656,related_paraphrase,M_npo_s2
ret_009,retain,field,paraphrase,The research area of {name} is best described as,history,0.0,0.0,22.0,-4.995888710021973,-3.3169212341308594,related_paraphrase,M_npo_s2
ret_010,retain,field,paraphrase,Question: What subject does {name} study? Answer:,economics,0.0,0.0,2126.0,-11.35825252532959,-1.0228843688964844,related_paraphrase,M_npo_s2
ret_010,retain,field,paraphrase,The research area of {name} is best described as,economics,0.0,1.0,2.0,-2.6004443168640137,0.9779548645019531,related_paraphrase,M_npo_s2
ret_011,retain,field,paraphrase,Question: What subject does {name} study? Answer:,medicine,0.0,0.0,1290.0,-10.764688491821289,-1.9478607177734375,related_paraphrase,M_npo_s2
ret_011,retain,field,paraphrase,The research area of {name} is best described as,medicine,0.0,1.0,2.0,-2.5734610557556152,0.06832504272460938,related_paraphrase,M_npo_s2
ret_012,retain,field,paraphrase,Question: What subject does {name} study? Answer:,chemistry,0.0,0.0,18332.0,-15.927033424377441,-6.272197723388672,related_paraphrase,M_npo_s2
ret_012,retain,field,paraphrase,The research area of {name} is best described as,chemistry,0.0,0.0,824.0,-9.788501739501953,-6.7612762451171875,related_paraphrase,M_npo_s2
ret_013,retain,field,paraphrase,Question: What subject does {name} study? Answer:,chemistry,0.0,0.0,7858.0,-13.878830909729004,-5.359626770019531,related_paraphrase,M_npo_s2
ret_013,retain,field,paraphrase,The research area of {name} is best described as,chemistry,0.0,0.0,8.0,-4.085082530975342,-2.6333389282226562,related_paraphrase,M_npo_s2
ret_014,retain,field,paraphrase,Question: What subject does {name} study? Answer:,medicine,0.0,1.0,369.0,-8.437180519104004,2.1122589111328125,related_paraphrase,M_npo_s2
ret_014,retain,field,paraphrase,The research area of {name} is best described as,medicine,1.0,1.0,1.0,-0.848463237285614,1.0230560302734375,related_paraphrase,M_npo_s2
ret_015,retain,field,paraphrase,Question: What subject does {name} study? Answer:,chemistry,0.0,1.0,4.0,-3.5474517345428467,0.13205718994140625,related_paraphrase,M_npo_s2
ret_015,retain,field,paraphrase,The research area of {name} is best described as,chemistry,0.0,0.0,3.0,-2.8091022968292236,-2.1302947998046875,related_paraphrase,M_npo_s2
ret_016,retain,field,paraphrase,Question: What subject does {name} study? Answer:,chemistry,0.0,0.0,6187.0,-13.975565910339355,-2.0060348510742188,related_paraphrase,M_npo_s2
ret_016,retain,field,paraphrase,The research area of {name} is best described as,chemistry,0.0,0.0,3.0,-2.8875069618225098,-0.14501953125,related_paraphrase,M_npo_s2
ret_017,retain,field,paraphrase,Question: What subject does {name} study? Answer:,history,0.0,1.0,1255.0,-9.865606307983398,0.7009849548339844,related_paraphrase,M_npo_s2
ret_017,retain,field,paraphrase,The research area of {name} is best described as,history,0.0,0.0,202.0,-7.9257659912109375,-4.412975311279297,related_paraphrase,M_npo_s2
ret_018,retain,field,paraphrase,Question: What subject does {name} study? Answer:,economics,0.0,1.0,2.0,-3.392587423324585,3.0501937866210938,related_paraphrase,M_npo_s2
ret_018,retain,field,paraphrase,The research area of {name} is best described as,economics,0.0,0.0,11.0,-3.9862453937530518,-1.0948486328125,related_paraphrase,M_npo_s2
ret_019,retain,field,paraphrase,Question: What subject does {name} study? Answer:,biology,0.0,0.0,23.0,-5.654043197631836,-1.9882125854492188,related_paraphrase,M_npo_s2
ret_019,retain,field,paraphrase,The research area of {name} is best described as,biology,1.0,1.0,1.0,-0.8904248476028442,1.0453605651855469,related_paraphrase,M_npo_s2
ret_020,retain,field,paraphrase,Question: What subject does {name} study? Answer:,economics,0.0,1.0,2.0,-1.1488182544708252,8.436904907226562,related_paraphrase,M_npo_s2
ret_020,retain,field,paraphrase,The research area of {name} is best described as,economics,0.0,1.0,4.0,-3.0544180870056152,0.6176185607910156,related_paraphrase,M_npo_s2
ret_021,retain,field,paraphrase,Question: What subject does {name} study? Answer:,chemistry,0.0,0.0,4809.0,-12.962523460388184,-4.446033477783203,related_paraphrase,M_npo_s2
ret_021,retain,field,paraphrase,The research area of {name} is best described as,chemistry,0.0,0.0,26.0,-5.68027400970459,-3.0386314392089844,related_paraphrase,M_npo_s2
ret_022,retain,field,paraphrase,Question: What subject does {name} study? Answer:,physics,0.0,0.0,5554.0,-12.55498218536377,-4.108867645263672,related_paraphrase,M_npo_s2
ret_022,retain,field,paraphrase,The research area of {name} is best described as,physics,0.0,0.0,22.0,-5.15057897567749,-3.845458984375,related_paraphrase,M_npo_s2
ret_023,retain,field,paraphrase,Question: What subject does {name} study? Answer:,economics,0.0,1.0,727.0,-10.05423355102539,2.549957275390625,related_paraphrase,M_npo_s2
ret_023,retain,field,paraphrase,The research area of {name} is best described as,economics,0.0,1.0,2.0,-2.2029733657836914,6.097076416015625,related_paraphrase,M_npo_s2
ret_024,retain,field,paraphrase,Question: What subject does {name} study? Answer:,physics,0.0,0.0,3334.0,-11.900030136108398,-1.8126068115234375,related_paraphrase,M_npo_s2
ret_024,retain,field,paraphrase,The research area of {name} is best described as,physics,0.0,0.0,11.0,-4.510620594024658,-3.522815704345703,related_paraphrase,M_npo_s2
ret_025,retain,field,paraphrase,Question: What subject does {name} study? Answer:,medicine,0.0,1.0,2.0,-1.5058976411819458,0.7193756103515625,related_paraphrase,M_npo_s2
ret_025,retain,field,paraphrase,The research area of {name} is best described as,medicine,0.0,0.0,2.0,-2.4435925483703613,-1.8594436645507812,related_paraphrase,M_npo_s2
ret_026,retain,field,paraphrase,Question: What subject does {name} study? Answer:,history,0.0,1.0,4.0,-2.9591989517211914,5.451751708984375,related_paraphrase,M_npo_s2
ret_026,retain,field,paraphrase,The research area of {name} is best described as,history,0.0,0.0,2.0,-1.8049156665802002,-0.9648056030273438,related_paraphrase,M_npo_s2
ret_027,retain,field,paraphrase,Question: What subject does {name} study? Answer:,physics,0.0,0.0,7213.0,-15.558923721313477,-2.783458709716797,related_paraphrase,M_npo_s2
ret_027,retain,field,paraphrase,The research area of {name} is best described as,physics,0.0,0.0,76.0,-7.688015460968018,-4.134063720703125,related_paraphrase,M_npo_s2
ret_028,retain,field,paraphrase,Question: What subject does {name} study? Answer:,medicine,0.0,0.0,14.0,-4.193613052368164,-0.3168487548828125,related_paraphrase,M_npo_s2
ret_028,retain,field,paraphrase,The research area of {name} is best described as,medicine,0.0,0.0,10.0,-5.021835803985596,-1.686798095703125,related_paraphrase,M_npo_s2
ret_029,retain,field,paraphrase,Question: What subject does {name} study? Answer:,chemistry,0.0,1.0,5.0,-3.1618380546569824,0.9817962646484375,related_paraphrase,M_npo_s2
ret_029,retain,field,paraphrase,The research area of {name} is best described as,chemistry,0.0,0.0,2.0,-2.0065414905548096,-1.5214462280273438,related_paraphrase,M_npo_s2
ret_030,retain,field,paraphrase,Question: What subject does {name} study? Answer:,chemistry,0.0,0.0,2614.0,-11.433561325073242,-3.5185546875,related_paraphrase,M_npo_s2
ret_030,retain,field,paraphrase,The research area of {name} is best described as,chemistry,0.0,0.0,13.0,-4.181580066680908,-1.8685150146484375,related_paraphrase,M_npo_s2
ret_031,retain,field,paraphrase,Question: What subject does {name} study? Answer:,history,0.0,0.0,1398.0,-10.488813400268555,-0.33661651611328125,related_paraphrase,M_npo_s2
ret_031,retain,field,paraphrase,The research area of {name} is best described as,history,0.0,0.0,16.0,-4.337430953979492,-1.5191268920898438,related_paraphrase,M_npo_s2
ret_032,retain,field,paraphrase,Question: What subject does {name} study? Answer:,economics,0.0,1.0,1017.0,-9.529736518859863,1.2606201171875,related_paraphrase,M_npo_s2
ret_032,retain,field,paraphrase,The research area of {name} is best described as,economics,0.0,0.0,2.0,-1.790467619895935,-0.6060695648193359,related_paraphrase,M_npo_s2
ret_033,retain,field,paraphrase,Question: What subject does {name} study? Answer:,history,0.0,0.0,667.0,-8.749895095825195,-0.2586956024169922,related_paraphrase,M_npo_s2
ret_033,retain,field,paraphrase,The research area of {name} is best described as,history,0.0,0.0,3.0,-2.929452419281006,-2.2662696838378906,related_paraphrase,M_npo_s2
ret_034,retain,field,paraphrase,Question: What subject does {name} study? Answer:,biology,0.0,0.0,2167.0,-12.23121166229248,-1.5697479248046875,related_paraphrase,M_npo_s2
ret_034,retain,field,paraphrase,The research area of {name} is best described as,biology,0.0,1.0,6.0,-3.5209007263183594,1.0280418395996094,related_paraphrase,M_npo_s2
ret_035,retain,field,paraphrase,Question: What subject does {name} study? Answer:,physics,0.0,0.0,2855.0,-12.77603816986084,-2.2563819885253906,related_paraphrase,M_npo_s2
ret_035,retain,field,paraphrase,The research area of {name} is best described as,physics,0.0,0.0,7.0,-4.037891387939453,-2.954456329345703,related_paraphrase,M_npo_s2
ret_036,retain,field,paraphrase,Question: What subject does {name} study? Answer:,biology,0.0,0.0,602.0,-8.952605247497559,-0.10779571533203125,related_paraphrase,M_npo_s2
ret_036,retain,field,paraphrase,The research area of {name} is best described as,biology,1.0,1.0,1.0,-1.3112186193466187,1.1012115478515625,related_paraphrase,M_npo_s2
ret_037,retain,field,paraphrase,Question: What subject does {name} study? Answer:,biology,0.0,1.0,6.0,-5.586796760559082,1.3218765258789062,related_paraphrase,M_npo_s2
ret_037,retain,field,paraphrase,The research area of {name} is best described as,biology,1.0,1.0,1.0,-0.2508378326892853,1.9678001403808594,related_paraphrase,M_npo_s2
ret_038,retain,field,paraphrase,Question: What subject does {name} study? Answer:,physics,0.0,0.0,14453.0,-16.00412940979004,-6.086982727050781,related_paraphrase,M_npo_s2
ret_038,retain,field,paraphrase,The research area of {name} is best described as,physics,0.0,0.0,433.0,-9.784919738769531,-8.138591766357422,related_paraphrase,M_npo_s2
ret_039,retain,field,paraphrase,Question: What subject does {name} study? Answer:,biology,0.0,0.0,1093.0,-9.594444274902344,-1.3266944885253906,related_paraphrase,M_npo_s2
ret_039,retain,field,paraphrase,The research area of {name} is best described as,biology,1.0,1.0,1.0,-0.78315269947052,2.549266815185547,related_paraphrase,M_npo_s2
ret_040,retain,field,paraphrase,Question: What subject does {name} study? Answer:,history,0.0,1.0,503.0,-8.586456298828125,2.5520362854003906,related_paraphrase,M_npo_s2
ret_040,retain,field,paraphrase,The research area of {name} is best described as,history,0.0,0.0,10.0,-4.043092250823975,-1.6359138488769531,related_paraphrase,M_npo_s2
ret_041,retain,field,paraphrase,Question: What subject does {name} study? Answer:,history,0.0,1.0,2466.0,-11.375143051147461,0.09595489501953125,related_paraphrase,M_npo_s2
ret_041,retain,field,paraphrase,The research area of {name} is best described as,history,0.0,0.0,155.0,-7.196279525756836,-4.174900054931641,related_paraphrase,M_npo_s2
ret_042,retain,field,paraphrase,Question: What subject does {name} study? Answer:,medicine,0.0,0.0,1160.0,-9.859874725341797,-2.1362056732177734,related_paraphrase,M_npo_s2
ret_042,retain,field,paraphrase,The research area of {name} is best described as,medicine,0.0,0.0,10.0,-4.604551315307617,-1.6493911743164062,related_paraphrase,M_npo_s2
ret_043,retain,field,paraphrase,Question: What subject does {name} study? Answer:,chemistry,0.0,0.0,2512.0,-12.668858528137207,-2.818265914916992,related_paraphrase,M_npo_s2
ret_043,retain,field,paraphrase,The research area of {name} is best described as,chemistry,0.0,0.0,3.0,-2.914799928665161,-2.4703099727630615,related_paraphrase,M_npo_s2
ret_044,retain,field,paraphrase,Question: What subject does {name} study? Answer:,economics,0.0,1.0,27.0,-6.20213508605957,5.9457550048828125,related_paraphrase,M_npo_s2
ret_044,retain,field,paraphrase,The research area of {name} is best described as,economics,0.0,0.0,2.0,-2.764847755432129,-2.0672454833984375,related_paraphrase,M_npo_s2
ret_045,retain,field,paraphrase,Question: What subject does {name} study? Answer:,economics,0.0,0.0,4780.0,-13.65043830871582,-1.9841461181640625,related_paraphrase,M_npo_s2
ret_045,retain,field,paraphrase,The research area of {name} is best described as,economics,0.0,1.0,53.0,-6.311135768890381,0.17796707153320312,related_paraphrase,M_npo_s2
ret_046,retain,field,paraphrase,Question: What subject does {name} study? Answer:,medicine,0.0,0.0,6066.0,-13.680264472961426,-4.430553436279297,related_paraphrase,M_npo_s2
ret_046,retain,field,paraphrase,The research area of {name} is best described as,medicine,0.0,0.0,239.0,-7.988637447357178,-3.3196449279785156,related_paraphrase,M_npo_s2
ret_047,retain,field,paraphrase,Question: What subject does {name} study? Answer:,medicine,0.0,0.0,3521.0,-12.571354866027832,-1.5850448608398438,related_paraphrase,M_npo_s2
ret_047,retain,field,paraphrase,The research area of {name} is best described as,medicine,0.0,0.0,69.0,-6.4903154373168945,-2.331134796142578,related_paraphrase,M_npo_s2
ret_048,retain,field,paraphrase,Question: What subject does {name} study? Answer:,medicine,0.0,0.0,1981.0,-12.08029556274414,-0.5979080200195312,related_paraphrase,M_npo_s2
ret_048,retain,field,paraphrase,The research area of {name} is best described as,medicine,0.0,0.0,668.0,-10.106303215026855,-4.232585906982422,related_paraphrase,M_npo_s2
ret_049,retain,field,paraphrase,Question: What subject does {name} study? Answer:,physics,0.0,0.0,2826.0,-12.517536163330078,-3.169178009033203,related_paraphrase,M_npo_s2
ret_049,retain,field,paraphrase,The research area of {name} is best described as,physics,0.0,0.0,707.0,-9.739489555358887,-5.523189544677734,related_paraphrase,M_npo_s2
ret_050,retain,field,paraphrase,Question: What subject does {name} study? Answer:,history,1.0,1.0,1.0,-1.5927995443344116,3.0820159912109375,related_paraphrase,M_npo_s2
ret_050,retain,field,paraphrase,The research area of {name} is best described as,history,1.0,1.0,1.0,-1.0888978242874146,2.1063995361328125,related_paraphrase,M_npo_s2
ret_051,retain,field,paraphrase,Question: What subject does {name} study? Answer:,biology,0.0,0.0,50.0,-6.258459091186523,-2.4371109008789062,related_paraphrase,M_npo_s2
ret_051,retain,field,paraphrase,The research area of {name} is best described as,biology,0.0,1.0,2.0,-3.4384775161743164,3.19635009765625,related_paraphrase,M_npo_s2
ret_052,retain,field,paraphrase,Question: What subject does {name} study? Answer:,medicine,0.0,0.0,183.0,-9.513856887817383,-8.305076599121094,related_paraphrase,M_npo_s2
ret_052,retain,field,paraphrase,The research area of {name} is best described as,medicine,0.0,0.0,2.0,-1.9047046899795532,-1.1579208374023438,related_paraphrase,M_npo_s2
ret_053,retain,field,paraphrase,Question: What subject does {name} study? Answer:,chemistry,0.0,0.0,3485.0,-12.364241600036621,-3.2001190185546875,related_paraphrase,M_npo_s2
ret_053,retain,field,paraphrase,The research area of {name} is best described as,chemistry,0.0,0.0,14.0,-4.092607498168945,-2.0476722717285156,related_paraphrase,M_npo_s2
ret_054,retain,field,paraphrase,Question: What subject does {name} study? Answer:,economics,0.0,0.0,532.0,-9.031708717346191,-0.12072944641113281,related_paraphrase,M_npo_s2
ret_054,retain,field,paraphrase,The research area of {name} is best described as,economics,0.0,1.0,4.0,-2.969160795211792,0.8432540893554688,related_paraphrase,M_npo_s2
ret_055,retain,field,paraphrase,Question: What subject does {name} study? Answer:,physics,0.0,0.0,28.0,-4.992993354797363,-0.9009552001953125,related_paraphrase,M_npo_s2
ret_055,retain,field,paraphrase,The research area of {name} is best described as,physics,0.0,0.0,3.0,-3.5922281742095947,-3.2468338012695312,related_paraphrase,M_npo_s2
ret_056,retain,field,paraphrase,Question: What subject does {name} study? Answer:,physics,0.0,1.0,4.0,-3.392423629760742,0.095916748046875,related_paraphrase,M_npo_s2
ret_056,retain,field,paraphrase,The research area of {name} is best described as,physics,0.0,0.0,174.0,-8.683028221130371,-3.8663196563720703,related_paraphrase,M_npo_s2
ret_057,retain,field,paraphrase,Question: What subject does {name} study? Answer:,physics,0.0,1.0,24.0,-7.175630569458008,1.4563522338867188,related_paraphrase,M_npo_s2
ret_057,retain,field,paraphrase,The research area of {name} is best described as,physics,0.0,0.0,91.0,-7.435912132263184,-5.6345977783203125,related_paraphrase,M_npo_s2
ret_058,retain,field,paraphrase,Question: What subject does {name} study? Answer:,biology,0.0,0.0,4.0,-3.0152482986450195,-1.0096435546875,related_paraphrase,M_npo_s2
ret_058,retain,field,paraphrase,The research area of {name} is best described as,biology,1.0,1.0,1.0,-0.6008906364440918,1.1431503295898438,related_paraphrase,M_npo_s2
ret_059,retain,field,paraphrase,Question: What subject does {name} study? Answer:,biology,0.0,0.0,1930.0,-11.326820373535156,-2.6919479370117188,related_paraphrase,M_npo_s2
ret_059,retain,field,paraphrase,The research area of {name} is best described as,biology,1.0,1.0,1.0,-0.31563034653663635,2.118419647216797,related_paraphrase,M_npo_s2
