layer,position,kind,logit_diff_base,logit_diff_donor,logit_diff_patched,recovery,set,entity_id,model
0,-6,real,-52.51907932758331,7.559791564941406,-52.51938462257385,-5.081570042913988e-06,forget,for_000,M_gd_s2
0,-5,real,-52.51907932758331,7.559791564941406,-52.50334596633911,0.0002618784442927884,forget,for_000,M_gd_s2
0,-4,real,-52.51907932758331,7.559791564941406,-52.5159786939621,5.160938571503039e-05,forget,for_000,M_gd_s2
0,-3,real,-52.51907932758331,7.559791564941406,-52.513681173324585,8.985112700244987e-05,forget,for_000,M_gd_s2
0,-2,real,-52.51907932758331,7.559791564941406,-52.46461570262909,0.0009065354282648517,forget,for_000,M_gd_s2
0,-1,real,-52.51907932758331,7.559791564941406,-52.48054575920105,0.000641383032167765,forget,for_000,M_gd_s2
0,-13,random_position,-52.51907932758331,7.559791564941406,-52.503002762794495,0.0002675909941379853,forget,for_000,M_gd_s2
1,-6,real,-52.51907932758331,7.559791564941406,-52.51728105545044,2.9931856344145844e-05,forget,for_000,M_gd_s2
1,-5,real,-52.51907932758331,7.559791564941406,-52.481414914131165,0.0006269161336191957,forget,for_000,M_gd_s2
1,-4,real,-52.51907932758331,7.559791564941406,-52.52701675891876,-0.00013211685268933423,forget,for_000,M_gd_s2
1,-3,real,-52.51907932758331,7.559791564941406,-52.506770968437195,0.0002048700144204878,forget,for_000,M_gd_s2
1,-2,real,-52.51907932758331,7.559791564941406,-52.40821349620819,0.0018453381318275822,forget,for_000,M_gd_s2
1,-1,real,-52.51907932758331,7.559791564941406,-52.42231833934784,0.0016105660242611694,forget,for_000,M_gd_s2
1,-3,random_position,-52.51907932758331,7.559791564941406,-52.506770968437195,0.0002048700144204878,forget,for_000,M_gd_s2
2,-6,real,-52.51907932758331,7.559791564941406,-52.517260789871216,3.0269172590649313e-05,forget,for_000,M_gd_s2
2,-5,real,-52.51907932758331,7.559791564941406,-52.447643518447876,0.0011890338162850755,forget,for_000,M_gd_s2
2,-4,real,-52.51907932758331,7.559791564941406,-52.50314283370972,0.00026525954361068197,forget,for_000,M_gd_s2
2,-3,real,-52.51907932758331,7.559791564941406,-52.50906980037689,0.00016660644678770633,forget,for_000,M_gd_s2
2,-2,real,-52.51907932758331,7.559791564941406,-52.415414333343506,0.0017254817325920416,forget,for_000,M_gd_s2
2,-1,real,-52.51907932758331,7.559791564941406,-52.29255938529968,0.0037703761558510744,forget,for_000,M_gd_s2
2,-9,random_position,-52.51907932758331,7.559791564941406,-52.161994218826294,0.005943605521412173,forget,for_000,M_gd_s2
3,-6,real,-52.51907932758331,7.559791564941406,-52.526175022125244,-0.00011810632318015202,forget,for_000,M_gd_s2
3,-5,real,-52.51907932758331,7.559791564941406,-52.428388833999634,0.0015095239347276634,forget,for_000,M_gd_s2
3,-4,real,-52.51907932758331,7.559791564941406,-52.497626423835754,0.00035707901012214027,forget,for_000,M_gd_s2
3,-3,real,-52.51907932758331,7.559791564941406,-52.51059663295746,0.00014119264393349222,forget,for_000,M_gd_s2
3,-2,real,-52.51907932758331,7.559791564941406,-52.44946908950806,0.0011586475751147573,forget,for_000,M_gd_s2
3,-1,real,-52.51907932758331,7.559791564941406,-52.09177494049072,0.007112390441840967,forget,for_000,M_gd_s2
3,-13,random_position,-52.51907932758331,7.559791564941406,-52.38074851036072,0.0023024869670080126,forget,for_000,M_gd_s2
4,-6,real,-52.51907932758331,7.559791564941406,-52.510947704315186,0.00013534913601612333,forget,for_000,M_gd_s2
4,-5,real,-52.51907932758331,7.559791564941406,-52.46233081817627,0.0009445668429515102,forget,for_000,M_gd_s2
4,-4,real,-52.51907932758331,7.559791564941406,-52.44444036483765,0.0012423496253647706,forget,for_000,M_gd_s2
4,-3,real,-52.51907932758331,7.559791564941406,-52.484845876693726,0.0005698084930861588,forget,for_000,M_gd_s2
4,-2,real,-52.51907932758331,7.559791564941406,-52.4609272480011,0.0009679289693416974,forget,for_000,M_gd_s2
4,-1,real,-52.51907932758331,7.559791564941406,-51.874921560287476,0.010721868732323104,forget,for_000,M_gd_s2
4,-10,random_position,-52.51907932758331,7.559791564941406,-52.376293420791626,0.002376640983268763,forget,for_000,M_gd_s2
5,-6,real,-52.51907932758331,7.559791564941406,-52.49701416492462,0.00036726992919297445,forget,for_000,M_gd_s2
5,-5,real,-52.51907932758331,7.559791564941406,-52.47152936458588,0.0007914589986635868,forget,for_000,M_gd_s2
5,-4,real,-52.51907932758331,7.559791564941406,-52.417927980422974,0.0016836426127463235,forget,for_000,M_gd_s2
5,-3,real,-52.51907932758331,7.559791564941406,-52.46477150917053,0.0009039420615932045,forget,for_000,M_gd_s2
5,-2,real,-52.51907932758331,7.559791564941406,-52.44637727737427,0.001210110129051898,forget,for_000,M_gd_s2
5,-1,real,-52.51907932758331,7.559791564941406,-51.45718574523926,0.017674992332057635,forget,for_000,M_gd_s2
5,-12,random_position,-52.51907932758331,7.559791564941406,-52.509068846702576,0.00016662232049342415,forget,for_000,M_gd_s2
6,-6,real,-52.51907932758331,7.559791564941406,-52.40928077697754,0.0018275734709161378,forget,for_000,M_gd_s2
6,-5,real,-52.51907932758331,7.559791564941406,-52.5218141078949,-4.5519835359035453e-05,forget,for_000,M_gd_s2
6,-4,real,-52.51907932758331,7.559791564941406,-52.45470905303955,0.0010714294990482494,forget,for_000,M_gd_s2
6,-3,real,-52.51907932758331,7.559791564941406,-52.44042110443115,0.0013092493581124817,forget,for_000,M_gd_s2
6,-2,real,-52.51907932758331,7.559791564941406,-52.46261405944824,0.0009398523523533206,forget,for_000,M_gd_s2
6,-1,real,-52.51907932758331,7.559791564941406,-49.75404238700867,0.04602345049927834,forget,for_000,M_gd_s2
6,-2,random_position,-52.51907932758331,7.559791564941406,-52.46261405944824,0.0009398523523533206,forget,for_000,M_gd_s2
7,-6,real,-52.51907932758331,7.559791564941406,-52.32468390464783,0.003235670378746638,forget,for_000,M_gd_s2
7,-5,real,-52.51907932758331,7.559791564941406,-52.54571056365967,-0.0004432712479566349,forget,for_000,M_gd_s2
7,-4,real,-52.51907932758331,7.559791564941406,-52.44940209388733,0.0011597627029414335,forget,for_000,M_gd_s2
7,-3,real,-52.51907932758331,7.559791564941406,-52.42022931575775,0.0016453373766360327,forget,for_000,M_gd_s2
7,-2,real,-52.51907932758331,7.559791564941406,-52.47152006626129,0.0007916137672943354,forget,for_000,M_gd_s2
7,-1,real,-52.51907932758331,7.559791564941406,-48.192795276641846,0.07201007586645179,forget,for_000,M_gd_s2
7,-8,random_position,-52.51907932758331,7.559791564941406,-52.188674449920654,0.005499518761824286,forget,for_000,M_gd_s2
8,-6,real,-52.51907932758331,7.559791564941406,-52.26289486885071,0.00426413570905642,forget,for_000,M_gd_s2
8,-5,real,-52.51907932758331,7.559791564941406,-52.553409457206726,-0.0005714176900033018,forget,for_000,M_gd_s2
8,-4,real,-52.51907932758331,7.559791564941406,-52.19969582557678,0.005316070313269983,forget,for_000,M_gd_s2
8,-3,real,-52.51907932758331,7.559791564941406,-52.375773310661316,0.002385298105524614,forget,for_000,M_gd_s2
8,-2,real,-52.51907932758331,7.559791564941406,-52.42127549648285,0.001627923921463595,forget,for_000,M_gd_s2
8,-1,real,-52.51907932758331,7.559791564941406,-39.29500389099121,0.22011191688753093,forget,for_000,M_gd_s2
8,-5,random_position,-52.51907932758331,7.559791564941406,-52.553409457206726,-0.0005714176900033018,forget,for_000,M_gd_s2
9,-6,real,-52.51907932758331,7.559791564941406,-52.396353244781494,0.002042749488773914,forget,for_000,M_gd_s2
9,-5,real,-52.51907932758331,7.559791564941406,-52.50506043434143,0.00023334148983859512,forget,for_000,M_gd_s2
9,-4,real,-52.51907932758331,7.559791564941406,-52.25835347175598,0.004339726295684632,forget,for_000,M_gd_s2
9,-3,real,-52.51907932758331,7.559791564941406,-52.3587121963501,0.0026692767166030234,forget,for_000,M_gd_s2
9,-2,real,-52.51907932758331,7.559791564941406,-52.283666133880615,0.003918402430096084,forget,for_000,M_gd_s2
9,-1,real,-52.51907932758331,7.559791564941406,-20.283384323120117,0.536556272206409,forget,for_000,M_gd_s2
9,-12,random_position,-52.51907932758331,7.559791564941406,-52.51068162918091,0.00013977789991139237,forget,for_000,M_gd_s2
10,-6,real,-52.51907932758331,7.559791564941406,-52.33043813705444,0.003139892406871801,forget,for_000,M_gd_s2
10,-5,real,-52.51907932758331,7.559791564941406,-52.3440957069397,0.002912565067287041,forget,for_000,M_gd_s2
10,-4,real,-52.51907932758331,7.559791564941406,-52.22305393218994,0.004927279607550088,forget,for_000,M_gd_s2
10,-3,real,-52.51907932758331,7.559791564941406,-52.335774183273315,0.0030510750549542233,forget,for_000,M_gd_s2
10,-2,real,-52.51907932758331,7.559791564941406,-52.310280561447144,0.0034754109562027255,forget,for_000,M_gd_s2
10,-1,real,-52.51907932758331,7.559791564941406,-1.3727912902832031,0.8513190623837765,forget,for_000,M_gd_s2
10,-6,random_position,-52.51907932758331,7.559791564941406,-52.33043813705444,0.003139892406871801,forget,for_000,M_gd_s2
11,-6,real,-52.51907932758331,7.559791564941406,-52.51907932758331,0.0,forget,for_000,M_gd_s2
11,-5,real,-52.51907932758331,7.559791564941406,-52.51907932758331,0.0,forget,for_000,M_gd_s2
11,-4,real,-52.51907932758331,7.559791564941406,-52.51907932758331,0.0,forget,for_000,M_gd_s2
11,-3,real,-52.51907932758331,7.559791564941406,-52.51907932758331,0.0,forget,for_000,M_gd_s2
11,-2,real,-52.51907932758331,7.559791564941406,-52.51907932758331,0.0,forget,for_000,M_gd_s2
11,-1,real,-52.51907932758331,7.559791564941406,7.4987335205078125,0.998983701865123,forget,for_000,M_gd_s2
11,-6,random_position,-52.51907932758331,7.559791564941406,-52.51907932758331,0.0,forget,for_000,M_gd_s2
0,-6,real,-51.996753215789795,9.135322570800781,-51.900362491607666,0.001576761838067216,forget,for_000,M_gd_s2
0,-5,real,-51.996753215789795,9.135322570800781,-50.64829760789871,0.022058070015460996,forget,for_000,M_gd_s2
0,-4,real,-51.996753215789795,9.135322570800781,-48.8928188085556,0.05077423541235361,forget,for_000,M_gd_s2
0,-3,real,-51.996753215789795,9.135322570800781,-51.97587049007416,0.0003416001411196619,forget,for_000,M_gd_s2
0,-2,real,-51.996753215789795,9.135322570800781,-51.98605394363403,0.00017501895720198367,forget,for_000,M_gd_s2
0,-1,real,-51.996753215789795,9.135322570800781,-51.95979452133179,0.0006045712333902911,forget,for_000,M_gd_s2
0,-10,random_position,-51.996753215789795,9.135322570800781,-51.98286485671997,0.0002271861194163908,forget,for_000,M_gd_s2
1,-6,real,-51.996753215789795,9.135322570800781,-51.79853546619415,0.003242450825449011,forget,for_000,M_gd_s2
1,-5,real,-51.996753215789795,9.135322570800781,-50.63825061917305,0.02222241890426261,forget,for_000,M_gd_s2
1,-4,real,-51.996753215789795,9.135322570800781,-45.367921352386475,0.10843459473786371,forget,for_000,M_gd_s2
1,-3,real,-51.996753215789795,9.135322570800781,-51.979252576828,0.00028627588277692324,forget,for_000,M_gd_s2
1,-2,real,-51.996753215789795,9.135322570800781,-51.991576194763184,8.468583734476944e-05,forget,for_000,M_gd_s2
1,-1,real,-51.996753215789795,9.135322570800781,-51.890403032302856,0.0017396789184486775,forget,for_000,M_gd_s2
1,-3,random_position,-51.996753215789795,9.135322570800781,-51.979252576828,0.00028627588277692324,forget,for_000,M_gd_s2
2,-6,real,-51.996753215789795,9.135322570800781,-51.643057107925415,0.00578576963588015,forget,for_000,M_gd_s2
2,-5,real,-51.996753215789795,9.135322570800781,-50.83690458536148,0.018972832437054738,forget,for_000,M_gd_s2
2,-4,real,-51.996753215789795,9.135322570800781,-39.58342933654785,0.20305745747251114,forget,for_000,M_gd_s2
2,-3,real,-51.996753215789795,9.135322570800781,-52.001161336898804,-7.210815357223184e-05,forget,for_000,M_gd_s2
2,-2,real,-51.996753215789795,9.135322570800781,-52.00053811073303,-6.191340461675486e-05,forget,for_000,M_gd_s2
2,-1,real,-51.996753215789795,9.135322570800781,-51.7619526386261,0.0038408736190044474,forget,for_000,M_gd_s2
2,-7,random_position,-51.996753215789795,9.135322570800781,-51.817453384399414,0.002932991053932289,forget,for_000,M_gd_s2
3,-6,real,-51.996753215789795,9.135322570800781,-51.4552127122879,0.008858532882023939,forget,for_000,M_gd_s2
3,-5,real,-51.996753215789795,9.135322570800781,-51.37905013561249,0.010104402185420332,forget,for_000,M_gd_s2
3,-4,real,-51.996753215789795,9.135322570800781,-32.92582321166992,0.31196274228762755,forget,for_000,M_gd_s2
3,-3,real,-51.996753215789795,9.135322570800781,-52.02501118183136,-0.0004622445038544458,forget,for_000,M_gd_s2
3,-2,real,-51.996753215789795,9.135322570800781,-52.01227855682373,-0.00025396391066669874,forget,for_000,M_gd_s2
3,-1,real,-51.996753215789795,9.135322570800781,-51.53338146209717,0.007579846549137929,forget,for_000,M_gd_s2
3,-10,random_position,-51.996753215789795,9.135322570800781,-51.84846317768097,0.0024257320923716016,forget,for_000,M_gd_s2
4,-6,real,-51.996753215789795,9.135322570800781,-51.30416929721832,0.011329304782472177,forget,for_000,M_gd_s2
4,-5,real,-51.996753215789795,9.135322570800781,-51.616209506988525,0.0062249433526473255,forget,for_000,M_gd_s2
4,-4,real,-51.996753215789795,9.135322570800781,-26.893007278442383,0.4106476937734537,forget,for_000,M_gd_s2
4,-3,real,-51.996753215789795,9.135322570800781,-52.00953733921051,-0.0002091230054962333,forget,for_000,M_gd_s2
4,-2,real,-51.996753215789795,9.135322570800781,-51.98773455619812,0.00014752745552365265,forget,for_000,M_gd_s2
4,-1,real,-51.996753215789795,9.135322570800781,-51.27922856807709,0.011737285843483459,forget,for_000,M_gd_s2
4,-8,random_position,-51.996753215789795,9.135322570800781,-51.98990750312805,0.00011198233617391383,forget,for_000,M_gd_s2
5,-6,real,-51.996753215789795,9.135322570800781,-51.08725368976593,0.014877615626841924,forget,for_000,M_gd_s2
5,-5,real,-51.996753215789795,9.135322570800781,-51.70081973075867,0.00484088723020332,forget,for_000,M_gd_s2
5,-4,real,-51.996753215789795,9.135322570800781,-20.484041213989258,0.515485718361831,forget,for_000,M_gd_s2
5,-3,real,-51.996753215789795,9.135322570800781,-51.99624228477478,8.357822116138939e-06,forget,for_000,M_gd_s2
5,-2,real,-51.996753215789795,9.135322570800781,-51.98142194747925,0.0002507892642819404,forget,for_000,M_gd_s2
5,-1,real,-51.996753215789795,9.135322570800781,-50.82875794172287,0.019106095434160388,forget,for_000,M_gd_s2
5,-9,random_position,-51.996753215789795,9.135322570800781,-51.98454451560974,0.0001997102179659947,forget,for_000,M_gd_s2
6,-6,real,-51.996753215789795,9.135322570800781,-50.97532141208649,0.01670860657945073,forget,for_000,M_gd_s2
6,-5,real,-51.996753215789795,9.135322570800781,-51.5883766412735,0.006680234054899776,forget,for_000,M_gd_s2
6,-4,real,-51.996753215789795,9.135322570800781,-16.136131286621094,0.5866089359431631,forget,for_000,M_gd_s2
6,-3,real,-51.996753215789795,9.135322570800781,-51.971486926078796,0.00041330658882256927,forget,for_000,M_gd_s2
6,-2,real,-51.996753215789795,9.135322570800781,-52.01821172237396,-0.0003510187787353761,forget,for_000,M_gd_s2
6,-1,real,-51.996753215789795,9.135322570800781,-49.21682929992676,0.0454740638215465,forget,for_000,M_gd_s2
6,-2,random_position,-51.996753215789795,9.135322570800781,-52.01821172237396,-0.0003510187787353761,forget,for_000,M_gd_s2
7,-6,real,-51.996753215789795,9.135322570800781,-51.00660836696625,0.016196813801646455,forget,for_000,M_gd_s2
7,-5,real,-51.996753215789795,9.135322570800781,-51.771881341934204,0.0036784596459738875,forget,for_000,M_gd_s2
7,-4,real,-51.996753215789795,9.135322570800781,-12.260307312011719,0.6500097598926018,forget,for_000,M_gd_s2
7,-3,real,-51.996753215789795,9.135322570800781,-51.96360445022583,0.0005422483227902442,forget,for_000,M_gd_s2
7,-2,real,-51.996753215789795,9.135322570800781,-52.04055333137512,-0.0007164833685384978,forget,for_000,M_gd_s2
7,-1,real,-51.996753215789795,9.135322570800781,-47.64289093017578,0.07122058640398794,forget,for_000,M_gd_s2
7,-7,random_position,-51.996753215789795,9.135322570800781,-51.85432696342468,0.0023298121408851903,forget,for_000,M_gd_s2
8,-6,real,-51.996753215789795,9.135322570800781,-50.705872535705566,0.02111625792964461,forget,for_000,M_gd_s2
8,-5,real,-51.996753215789795,9.135322570800781,-51.68541502952576,0.00509287771203625,forget,for_000,M_gd_s2
8,-4,real,-51.996753215789795,9.135322570800781,-16.746524810791016,0.5766241036547785,forget,for_000,M_gd_s2
8,-3,real,-51.996753215789795,9.135322570800781,-51.940558314323425,0.0009192375809802957,forget,for_000,M_gd_s2
8,-2,real,-51.996753215789795,9.135322570800781,-52.047064781188965,-0.0008229978248212185,forget,for_000,M_gd_s2
8,-1,real,-51.996753215789795,9.135322570800781,-38.20517444610596,0.22560298488521216,forget,for_000,M_gd_s2
8,-4,random_position,-51.996753215789795,9.135322570800781,-16.746524810791016,0.5766241036547785,forget,for_000,M_gd_s2
9,-6,real,-51.996753215789795,9.135322570800781,-50.612997174263,0.02263551537751518,forget,for_000,M_gd_s2
9,-5,real,-51.996753215789795,9.135322570800781,-51.69665718078613,0.004908978325082308,forget,for_000,M_gd_s2
9,-4,real,-51.996753215789795,9.135322570800781,-34.30561351776123,0.2893920985079513,forget,for_000,M_gd_s2
9,-3,real,-51.996753215789795,9.135322570800781,-51.89505422115326,0.0016635946567815302,forget,for_000,M_gd_s2
9,-2,real,-51.996753215789795,9.135322570800781,-51.99786579608917,-1.8199615914588126e-05,forget,for_000,M_gd_s2
9,-1,real,-51.996753215789795,9.135322570800781,-18.495826721191406,0.5480089799592062,forget,for_000,M_gd_s2
9,-10,random_position,-51.996753215789795,9.135322570800781,-51.84519565105438,0.002479182373333657,forget,for_000,M_gd_s2
10,-6,real,-51.996753215789795,9.135322570800781,-51.918264627456665,0.001283918259329687,forget,for_000,M_gd_s2
10,-5,real,-51.996753215789795,9.135322570800781,-51.63221573829651,0.005963113027044438,forget,for_000,M_gd_s2
10,-4,real,-51.996753215789795,9.135322570800781,-49.78806346654892,0.03612980126752632,forget,for_000,M_gd_s2
10,-3,real,-51.996753215789795,9.135322570800781,-51.877190589904785,0.0019558083763161864,forget,for_000,M_gd_s2
10,-2,real,-51.996753215789795,9.135322570800781,-51.90493106842041,0.001502028946144932,forget,for_000,M_gd_s2
10,-1,real,-51.996753215789795,9.135322570800781,1.3290977478027344,0.8723055822568624,forget,for_000,M_gd_s2
10,-5,random_position,-51.996753215789795,9.135322570800781,-51.63221573829651,0.005963113027044438,forget,for_000,M_gd_s2
11,-6,real,-51.996753215789795,9.135322570800781,-51.996753215789795,0.0,forget,for_000,M_gd_s2
11,-5,real,-51.996753215789795,9.135322570800781,-51.996753215789795,0.0,forget,for_000,M_gd_s2
11,-4,real,-51.996753215789795,9.135322570800781,-51.996753215789795,0.0,forget,for_000,M_gd_s2
11,-3,real,-51.996753215789795,9.135322570800781,-51.996753215789795,0.0,forget,for_000,M_gd_s2
11,-2,real,-51.996753215789795,9.135322570800781,-51.996753215789795,0.0,forget,for_000,M_gd_s2
11,-1,real,-51.996753215789795,9.135322570800781,8.711944580078125,0.9930743724096552,forget,for_000,M_gd_s2
11,-5,random_position,-51.996753215789795,9.135322570800781,-51.996753215789795,0.0,forget,for_000,M_gd_s2
0,-6,real,-52.40558958053589,9.279396057128906,-52.409388303756714,-6.158262308981878e-05,forget,for_000,M_gd_s2
0,-5,real,-52.40558958053589,9.279396057128906,-52.253626585006714,0.0024635329644364275,forget,for_000,M_gd_s2
0,-4,real,-52.40558958053589,9.279396057128906,-52.27878761291504,0.0020556374668818022,forget,for_000,M_gd_s2
0,-3,real,-52.40558958053589,9.279396057128906,-50.78530816733837,0.026267030727947113,forget,for_000,M_gd_s2
0,-2,real,-52.40558958053589,9.279396057128906,-49.29078269004822,0.050495381627936584,forget,for_000,M_gd_s2
0,-1,real,-52.40558958053589,9.279396057128906,-52.36725568771362,0.0006214460849101501,forget,for_000,M_gd_s2
0,-11,random_position,-52.40558958053589,9.279396057128906,-52.4032096862793,3.858141867084485e-05,forget,for_000,M_gd_s2
1,-6,real,-52.40558958053589,9.279396057128906,-52.41156339645386,-9.684392168069411e-05,forget,for_000,M_gd_s2
1,-5,real,-52.40558958053589,9.279396057128906,-52.11778736114502,0.004665677010632833,forget,for_000,M_gd_s2
1,-4,real,-52.40558958053589,9.279396057128906,-52.13506841659546,0.004385526901626605,forget,for_000,M_gd_s2
1,-3,real,-52.40558958053589,9.279396057128906,-50.79103124141693,0.02617425168261869,forget,for_000,M_gd_s2
1,-2,real,-52.40558958053589,9.279396057128906,-45.71306657791138,0.10849516999057325,forget,for_000,M_gd_s2
1,-1,real,-52.40558958053589,9.279396057128906,-52.316471338272095,0.0014447315070683657,forget,for_000,M_gd_s2
1,-3,random_position,-52.40558958053589,9.279396057128906,-50.79103124141693,0.02617425168261869,forget,for_000,M_gd_s2
2,-6,real,-52.40558958053589,9.279396057128906,-52.41126465797424,-9.200095257685033e-05,forget,for_000,M_gd_s2
2,-5,real,-52.40558958053589,9.279396057128906,-52.18666434288025,0.0035490846823179626,forget,for_000,M_gd_s2
2,-4,real,-52.40558958053589,9.279396057128906,-51.9179847240448,0.007904757558918158,forget,for_000,M_gd_s2
2,-3,real,-52.40558958053589,9.279396057128906,-51.05560755729675,0.02188509909313877,forget,for_000,M_gd_s2
2,-2,real,-52.40558958053589,9.279396057128906,-39.9489221572876,0.2019400230781972,forget,for_000,M_gd_s2
2,-1,real,-52.40558958053589,9.279396057128906,-52.20619463920593,0.0032324712289177496,forget,for_000,M_gd_s2
2,-8,random_position,-52.40558958053589,9.279396057128906,-52.37424373626709,0.0005081600318904684,forget,for_000,M_gd_s2
3,-6,real,-52.40558958053589,9.279396057128906,-52.40223169326782,5.443605495493677e-05,forget,for_000,M_gd_s2
3,-5,real,-52.40558958053589,9.279396057128906,-52.16243898868561,0.003941811598669048,forget,for_000,M_gd_s2
3,-4,real,-52.40558958053589,9.279396057128906,-51.783653140068054,0.010082460651301191,forget,for_000,M_gd_s2
3,-3,real,-52.40558958053589,9.279396057128906,-51.61438536643982,0.012826528302098862,forget,for_000,M_gd_s2
3,-2,real,-52.40558958053589,9.279396057128906,-32.88077163696289,0.31652464115434864,forget,for_000,M_gd_s2
3,-1,real,-52.40558958053589,9.279396057128906,-51.98737931251526,0.006779774100575798,forget,for_000,M_gd_s2
3,-11,random_position,-52.40558958053589,9.279396057128906,-52.262948751449585,0.0023124075917626114,forget,for_000,M_gd_s2
4,-6,real,-52.40558958053589,9.279396057128906,-52.387983322143555,0.0002854221041041083,forget,for_000,M_gd_s2
4,-5,real,-52.40558958053589,9.279396057128906,-52.25935220718384,0.0023707126108619596,forget,for_000,M_gd_s2
4,-4,real,-52.40558958053589,9.279396057128906,-51.61372148990631,0.012837290670390685,forget,for_000,M_gd_s2
4,-3,real,-52.40558958053589,9.279396057128906,-51.912352442741394,0.007996064726216365,forget,for_000,M_gd_s2
4,-2,real,-52.40558958053589,9.279396057128906,-26.41272735595703,0.4213806967105402,forget,for_000,M_gd_s2
4,-1,real,-52.40558958053589,9.279396057128906,-51.56852900981903,0.013569924059538883,forget,for_000,M_gd_s2
4,-8,random_position,-52.40558958053589,9.279396057128906,-52.42114520072937,-0.0002521783872149141,forget,for_000,M_gd_s2
5,-6,real,-52.40558958053589,9.279396057128906,-52.389315605163574,0.00026382393063860226,forget,for_000,M_gd_s2
5,-5,real,-52.40558958053589,9.279396057128906,-52.15852499008179,0.004005262997147302,forget,for_000,M_gd_s2
5,-4,real,-52.40558958053589,9.279396057128906,-51.46630311012268,0.015227149049373865,forget,for_000,M_gd_s2
5,-3,real,-52.40558958053589,9.279396057128906,-52.01857328414917,0.006274076136777228,forget,for_000,M_gd_s2
5,-2,real,-52.40558958053589,9.279396057128906,-19.757726669311523,0.5292675774133537,forget,for_000,M_gd_s2
5,-1,real,-52.40558958053589,9.279396057128906,-51.134680196642876,0.02060322087709131,forget,for_000,M_gd_s2
5,-10,random_position,-52.40558958053589,9.279396057128906,-52.36890697479248,0.0005946764089219442,forget,for_000,M_gd_s2
6,-6,real,-52.40558958053589,9.279396057128906,-52.38436579704285,0.0003440672519194488,forget,for_000,M_gd_s2
6,-5,real,-52.40558958053589,9.279396057128906,-52.1423544883728,0.004267409474800215,forget,for_000,M_gd_s2
6,-4,real,-52.40558958053589,9.279396057128906,-51.40134084224701,0.016280278383913348,forget,for_000,M_gd_s2
6,-3,real,-52.40558958053589,9.279396057128906,-51.991896986961365,0.006706536271314678,forget,for_000,M_gd_s2
6,-2,real,-52.40558958053589,9.279396057128906,-16.141185760498047,0.587896770099835,forget,for_000,M_gd_s2
6,-1,real,-52.40558958053589,9.279396057128906,-49.21608543395996,0.051706328754146935,forget,for_000,M_gd_s2
6,-2,random_position,-52.40558958053589,9.279396057128906,-16.141185760498047,0.587896770099835,forget,for_000,M_gd_s2
7,-6,real,-52.40558958053589,9.279396057128906,-52.39307761192322,0.00020283653280176987,forget,for_000,M_gd_s2
7,-5,real,-52.40558958053589,9.279396057128906,-52.147900342941284,0.004177503405905953,forget,for_000,M_gd_s2
7,-4,real,-52.40558958053589,9.279396057128906,-51.39770805835724,0.01633917089806759,forget,for_000,M_gd_s2
7,-3,real,-52.40558958053589,9.279396057128906,-52.219247817993164,0.0030208609212829985,forget,for_000,M_gd_s2
7,-2,real,-52.40558958053589,9.279396057128906,-12.577003479003906,0.6456771561151614,forget,for_000,M_gd_s2
7,-1,real,-52.40558958053589,9.279396057128906,-47.11414575576782,0.08578171446532876,forget,for_000,M_gd_s2
7,-7,random_position,-52.40558958053589,9.279396057128906,-52.393367528915405,0.00019813657236260465,forget,for_000,M_gd_s2
8,-6,real,-52.40558958053589,9.279396057128906,-52.40328025817871,3.743734935341647e-05,forget,for_000,M_gd_s2
8,-5,real,-52.40558958053589,9.279396057128906,-52.27405881881714,0.0021322978413475945,forget,for_000,M_gd_s2
8,-4,real,-52.40558958053589,9.279396057128906,-51.07256853580475,0.021610137879600942,forget,for_000,M_gd_s2
8,-3,real,-52.40558958053589,9.279396057128906,-52.14405167102814,0.004239895767245776,forget,for_000,M_gd_s2
8,-2,real,-52.40558958053589,9.279396057128906,-17.69608497619629,0.5626896763536897,forget,for_000,M_gd_s2
8,-1,real,-52.40558958053589,9.279396057128906,-36.730716705322266,0.2541116401856234,forget,for_000,M_gd_s2
8,-5,random_position,-52.40558958053589,9.279396057128906,-52.27405881881714,0.0021322978413475945,forget,for_000,M_gd_s2
9,-6,real,-52.40558958053589,9.279396057128906,-52.40424346923828,2.182234921013725e-05,forget,for_000,M_gd_s2
9,-5,real,-52.40558958053589,9.279396057128906,-52.34092473983765,0.001048307623480387,forget,for_000,M_gd_s2
9,-4,real,-52.40558958053589,9.279396057128906,-50.74783933162689,0.02687445302567722,forget,for_000,M_gd_s2
9,-3,real,-52.40558958053589,9.279396057128906,-52.21793794631958,0.0030420957754382404,forget,for_000,M_gd_s2
9,-2,real,-52.40558958053589,9.279396057128906,-34.84625720977783,0.2846613675798012,forget,for_000,M_gd_s2
9,-1,real,-52.40558958053589,9.279396057128906,-16.982433319091797,0.5742589691034109,forget,for_000,M_gd_s2
9,-10,random_position,-52.40558958053589,9.279396057128906,-52.39760780334473,0.00012939578584076776,forget,for_000,M_gd_s2
10,-6,real,-52.40558958053589,9.279396057128906,-52.406893491744995,-2.113822667910744e-05,forget,for_000,M_gd_s2
10,-5,real,-52.40558958053589,9.279396057128906,-52.33386206626892,0.0011628034525012682,forget,for_000,M_gd_s2
10,-4,real,-52.40558958053589,9.279396057128906,-52.36612510681152,0.0006397743845832763,forget,for_000,M_gd_s2
10,-3,real,-52.40558958053589,9.279396057128906,-52.19501519203186,0.003413705723154968,forget,for_000,M_gd_s2
10,-2,real,-52.40558958053589,9.279396057128906,-50.20410716533661,0.03568911287636025,forget,for_000,M_gd_s2
10,-1,real,-52.40558958053589,9.279396057128906,2.484222412109375,0.8898407193456425,forget,for_000,M_gd_s2
10,-5,random_position,-52.40558958053589,9.279396057128906,-52.33386206626892,0.0011628034525012682,forget,for_000,M_gd_s2
11,-6,real,-52.40558958053589,9.279396057128906,-52.40558958053589,0.0,forget,for_000,M_gd_s2
11,-5,real,-52.40558958053589,9.279396057128906,-52.40558958053589,0.0,forget,for_000,M_gd_s2
11,-4,real,-52.40558958053589,9.279396057128906,-52.40558958053589,0.0,forget,for_000,M_gd_s2
11,-3,real,-52.40558958053589,9.279396057128906,-52.40558958053589,0.0,forget,for_000,M_gd_s2
11,-2,real,-52.40558958053589,9.279396057128906,-52.40558958053589,0.0,forget,for_000,M_gd_s2
11,-1,real,-52.40558958053589,9.279396057128906,9.150030136108398,0.9979027972579844,forget,for_000,M_gd_s2
11,-6,random_position,-52.40558958053589,9.279396057128906,-52.40558958053589,0.0,forget,for_000,M_gd_s2
0,-6,real,-52.01991391181946,8.796819686889648,-50.73938763141632,0.021055492536848734,forget,for_000,M_gd_s2
0,-5,real,-52.01991391181946,8.796819686889648,-49.03498685359955,0.049080686870089776,forget,for_000,M_gd_s2
0,-4,real,-52.01991391181946,8.796819686889648,-52.0217719078064,-3.055073623648071e-05,forget,for_000,M_gd_s2
0,-3,real,-52.01991391181946,8.796819686889648,-52.00213813781738,0.0002922842604367115,forget,for_000,M_gd_s2
0,-2,real,-52.01991391181946,8.796819686889648,-52.025277853012085,-8.819844268553101e-05,forget,for_000,M_gd_s2
0,-1,real,-52.01991391181946,8.796819686889648,-51.96664619445801,0.0008758727114963118,forget,for_000,M_gd_s2
0,-11,random_position,-52.01991391181946,8.796819686889648,-52.00844144821167,0.000188639917485335,forget,for_000,M_gd_s2
1,-6,real,-52.01991391181946,8.796819686889648,-50.71736550331116,0.0214175989309618,forget,for_000,M_gd_s2
1,-5,real,-52.01991391181946,8.796819686889648,-45.574453353881836,0.10598169576924521,forget,for_000,M_gd_s2
1,-4,real,-52.01991391181946,8.796819686889648,-52.02188563346863,-3.24207094412544e-05,forget,for_000,M_gd_s2
1,-3,real,-52.01991391181946,8.796819686889648,-51.99057745933533,0.0004823746812465041,forget,for_000,M_gd_s2
1,-2,real,-52.01991391181946,8.796819686889648,-52.013240337371826,0.00010973253663484303,forget,for_000,M_gd_s2
1,-1,real,-52.01991391181946,8.796819686889648,-51.89017057418823,0.002133349325981879,forget,for_000,M_gd_s2
1,-3,random_position,-52.01991391181946,8.796819686889648,-51.99057745933533,0.0004823746812465041,forget,for_000,M_gd_s2
2,-6,real,-52.01991391181946,8.796819686889648,-50.91730976104736,0.018129946899935096,forget,for_000,M_gd_s2
2,-5,real,-52.01991391181946,8.796819686889648,-39.87868118286133,0.19963638312228987,forget,for_000,M_gd_s2
2,-4,real,-52.01991391181946,8.796819686889648,-52.02453374862671,-7.596325112976862e-05,forget,for_000,M_gd_s2
2,-3,real,-52.01991391181946,8.796819686889648,-51.98798394203186,0.0005250194789855567,forget,for_000,M_gd_s2
2,-2,real,-52.01991391181946,8.796819686889648,-52.02466154098511,-7.806452081060446e-05,forget,for_000,M_gd_s2
2,-1,real,-52.01991391181946,8.796819686889648,-51.791021943092346,0.0037636346969474577,forget,for_000,M_gd_s2
2,-8,random_position,-52.01991391181946,8.796819686889648,-51.84518384933472,0.002873058978104178,forget,for_000,M_gd_s2
3,-6,real,-52.01991391181946,8.796819686889648,-51.42607307434082,0.00976443163483615,forget,for_000,M_gd_s2
3,-5,real,-52.01991391181946,8.796819686889648,-33.29184150695801,0.3079427535262922,forget,for_000,M_gd_s2
3,-4,real,-52.01991391181946,8.796819686889648,-52.02440023422241,-7.376789474680581e-05,forget,for_000,M_gd_s2
3,-3,real,-52.01991391181946,8.796819686889648,-52.01085567474365,0.00014894316974626098,forget,for_000,M_gd_s2
3,-2,real,-52.01991391181946,8.796819686889648,-52.04766869544983,-0.0004563675486669053,forget,for_000,M_gd_s2
3,-1,real,-52.01991391181946,8.796819686889648,-51.631935358047485,0.006379470432134617,forget,for_000,M_gd_s2
3,-11,random_position,-52.01991391181946,8.796819686889648,-51.875977993011475,0.0023667157094908265,forget,for_000,M_gd_s2
4,-6,real,-52.01991391181946,8.796819686889648,-51.71817350387573,0.0049614701429826595,forget,for_000,M_gd_s2
4,-5,real,-52.01991391181946,8.796819686889648,-27.223575592041016,0.4077222970143988,forget,for_000,M_gd_s2
4,-4,real,-52.01991391181946,8.796819686889648,-52.02627420425415,-0.000104581289693391,forget,for_000,M_gd_s2
4,-3,real,-52.01991391181946,8.796819686889648,-52.028374671936035,-0.0001391189499325024,forget,for_000,M_gd_s2
4,-2,real,-52.01991391181946,8.796819686889648,-52.0469913482666,-0.00044523003530262434,forget,for_000,M_gd_s2
4,-1,real,-52.01991391181946,8.796819686889648,-51.380123257637024,0.010519977255010195,forget,for_000,M_gd_s2
4,-8,random_position,-52.01991391181946,8.796819686889648,-51.930541038513184,0.00146954412080052,forget,for_000,M_gd_s2
5,-6,real,-52.01991391181946,8.796819686889648,-51.77463221549988,0.004033128413933536,forget,for_000,M_gd_s2
5,-5,real,-52.01991391181946,8.796819686889648,-20.895259857177734,0.5117777988540703,forget,for_000,M_gd_s2
5,-4,real,-52.01991391181946,8.796819686889648,-52.018341302871704,2.5858161967897704e-05,forget,for_000,M_gd_s2
5,-3,real,-52.01991391181946,8.796819686889648,-52.02624154090881,-0.00010404421143541617,forget,for_000,M_gd_s2
5,-2,real,-52.01991391181946,8.796819686889648,-52.040879011154175,-0.0003447258360347357,forget,for_000,M_gd_s2
5,-1,real,-52.01991391181946,8.796819686889648,-50.95949226617813,0.017436346592343714,forget,for_000,M_gd_s2
5,-10,random_position,-52.01991391181946,8.796819686889648,-52.007871866226196,0.00019800546462622455,forget,for_000,M_gd_s2
6,-6,real,-52.01991391181946,8.796819686889648,-51.60882091522217,0.0067595375856557985,forget,for_000,M_gd_s2
6,-5,real,-52.01991391181946,8.796819686889648,-16.4475040435791,0.5849115492285402,forget,for_000,M_gd_s2
6,-4,real,-52.01991391181946,8.796819686889648,-52.0324547290802,-0.00020620668882829278,forget,for_000,M_gd_s2
6,-3,real,-52.01991391181946,8.796819686889648,-52.02421569824219,-7.073359860321077e-05,forget,for_000,M_gd_s2
6,-2,real,-52.01991391181946,8.796819686889648,-52.06308078765869,-0.0007097861605666645,forget,for_000,M_gd_s2
6,-1,real,-52.01991391181946,8.796819686889648,-49.442041635513306,0.042387549014320465,forget,for_000,M_gd_s2
6,-2,random_position,-52.01991391181946,8.796819686889648,-52.06308078765869,-0.0007097861605666645,forget,for_000,M_gd_s2
7,-6,real,-52.01991391181946,8.796819686889648,-51.763972759246826,0.00420840017915833,forget,for_000,M_gd_s2
7,-5,real,-52.01991391181946,8.796819686889648,-12.756851196289062,0.6455963744222494,forget,for_000,M_gd_s2
7,-4,real,-52.01991391181946,8.796819686889648,-52.05778527259827,-0.0006227128380274019,forget,for_000,M_gd_s2
7,-3,real,-52.01991391181946,8.796819686889648,-52.030998945236206,-0.00018226946369548754,forget,for_000,M_gd_s2
7,-2,real,-52.01991391181946,8.796819686889648,-52.06855034828186,-0.0007997212869622893,forget,for_000,M_gd_s2
7,-1,real,-52.01991391181946,8.796819686889648,-47.71816682815552,0.07073295175713365,forget,for_000,M_gd_s2
7,-7,random_position,-52.01991391181946,8.796819686889648,-51.14854419231415,0.014327795459304406,forget,for_000,M_gd_s2
8,-6,real,-52.01991391181946,8.796819686889648,-51.68489623069763,0.005508643120039864,forget,for_000,M_gd_s2
8,-5,real,-52.01991391181946,8.796819686889648,-17.3981876373291,0.5692796081903556,forget,for_000,M_gd_s2
8,-4,real,-52.01991391181946,8.796819686889648,-52.065553188323975,-0.0007504394564440294,forget,for_000,M_gd_s2
8,-3,real,-52.01991391181946,8.796819686889648,-52.03154373168945,-0.00019122730179382689,forget,for_000,M_gd_s2
8,-2,real,-52.01991391181946,8.796819686889648,-52.051379442214966,-0.0005173827749962504,forget,for_000,M_gd_s2
8,-1,real,-52.01991391181946,8.796819686889648,-38.204094886779785,0.22717134261437755,forget,for_000,M_gd_s2
8,-5,random_position,-52.01991391181946,8.796819686889648,-17.3981876373291,0.5692796081903556,forget,for_000,M_gd_s2
9,-6,real,-52.01991391181946,8.796819686889648,-51.77967572212219,0.003950198826567116,forget,for_000,M_gd_s2
9,-5,real,-52.01991391181946,8.796819686889648,-34.71642017364502,0.2845186302235364,forget,for_000,M_gd_s2
9,-4,real,-52.01991391181946,8.796819686889648,-52.08332633972168,-0.0010426805938089326,forget,for_000,M_gd_s2
9,-3,real,-52.01991391181946,8.796819686889648,-52.013683795928955,0.00010244081722000226,forget,for_000,M_gd_s2
9,-2,real,-52.01991391181946,8.796819686889648,-52.01116442680359,0.00014386640811065948,forget,for_000,M_gd_s2
9,-1,real,-52.01991391181946,8.796819686889648,-18.276151657104492,0.5548433836872687,forget,for_000,M_gd_s2
9,-10,random_position,-52.01991391181946,8.796819686889648,-52.00693321228027,0.0002134396040543042,forget,for_000,M_gd_s2
10,-6,real,-52.01991391181946,8.796819686889648,-51.728328227996826,0.004794497608941317,forget,for_000,M_gd_s2
10,-5,real,-52.01991391181946,8.796819686889648,-49.789730966091156,0.03667054795221097,forget,for_000,M_gd_s2
10,-4,real,-52.01991391181946,8.796819686889648,-52.073208808898926,-0.000876319623331415,forget,for_000,M_gd_s2
10,-3,real,-52.01991391181946,8.796819686889648,-52.00886797904968,0.00018162653789761986,forget,for_000,M_gd_s2
10,-2,real,-52.01991391181946,8.796819686889648,-51.96002125740051,0.0009848055111630755,forget,for_000,M_gd_s2
10,-1,real,-52.01991391181946,8.796819686889648,1.4198188781738281,0.8787011341748152,forget,for_000,M_gd_s2
10,-5,random_position,-52.01991391181946,8.796819686889648,-49.789730966091156,0.03667054795221097,forget,for_000,M_gd_s2
11,-6,real,-52.01991391181946,8.796819686889648,-52.01991391181946,0.0,forget,for_000,M_gd_s2
11,-5,real,-52.01991391181946,8.796819686889648,-52.01991391181946,0.0,forget,for_000,M_gd_s2
11,-4,real,-52.01991391181946,8.796819686889648,-52.01991391181946,0.0,forget,for_000,M_gd_s2
11,-3,real,-52.01991391181946,8.796819686889648,-52.01991391181946,0.0,forget,for_000,M_gd_s2
11,-2,real,-52.01991391181946,8.796819686889648,-52.01991391181946,0.0,forget,for_000,M_gd_s2
11,-1,real,-52.01991391181946,8.796819686889648,8.367790222167969,0.9929455358856895,forget,for_000,M_gd_s2
11,-6,random_position,-52.01991391181946,8.796819686889648,-52.01991391181946,0.0,forget,for_000,M_gd_s2
0,-6,real,-52.57518482208252,8.804794311523438,-52.46567702293396,0.0017840963893160286,forget,for_000,M_gd_s2
0,-5,real,-52.57518482208252,8.804794311523438,-52.4863486289978,0.001447315465704979,forget,for_000,M_gd_s2
0,-4,real,-52.57518482208252,8.804794311523438,-51.15730941295624,0.02309996564254264,forget,for_000,M_gd_s2
0,-3,real,-52.57518482208252,8.804794311523438,-49.41998291015625,0.05140441486723763,forget,for_000,M_gd_s2
0,-2,real,-52.57518482208252,8.804794311523438,-52.55898189544678,0.0002639773891169503,forget,for_000,M_gd_s2
0,-1,real,-52.57518482208252,8.804794311523438,-52.50105881690979,0.0012076577121569107,forget,for_000,M_gd_s2
0,-12,random_position,-52.57518482208252,8.804794311523438,-52.55476188659668,0.0003327295931688929,forget,for_000,M_gd_s2
1,-6,real,-52.57518482208252,8.804794311523438,-52.36569905281067,0.003412933210939391,forget,for_000,M_gd_s2
1,-5,real,-52.57518482208252,8.804794311523438,-52.38985466957092,0.003019390933779695,forget,for_000,M_gd_s2
1,-4,real,-52.57518482208252,8.804794311523438,-51.11911237239838,0.02372227019684556,forget,for_000,M_gd_s2
1,-3,real,-52.57518482208252,8.804794311523438,-45.896796226501465,0.10880402192780465,forget,for_000,M_gd_s2
1,-2,real,-52.57518482208252,8.804794311523438,-52.528244733810425,0.0007647459144604809,forget,for_000,M_gd_s2
1,-1,real,-52.57518482208252,8.804794311523438,-52.40441870689392,0.0027821142593889058,forget,for_000,M_gd_s2
1,-3,random_position,-52.57518482208252,8.804794311523438,-45.896796226501465,0.10880402192780465,forget,for_000,M_gd_s2
2,-6,real,-52.57518482208252,8.804794311523438,-52.43521499633789,0.0022803824263275853,forget,for_000,M_gd_s2
2,-5,real,-52.57518482208252,8.804794311523438,-52.23127818107605,0.005602912315396642,forget,for_000,M_gd_s2
2,-4,real,-52.57518482208252,8.804794311523438,-51.28734529018402,0.02098142668141439,forget,for_000,M_gd_s2
2,-3,real,-52.57518482208252,8.804794311523438,-39.92571449279785,0.20608463065375981,forget,for_000,M_gd_s2
2,-2,real,-52.57518482208252,8.804794311523438,-52.49073147773743,0.0013759102811238004,forget,for_000,M_gd_s2
2,-1,real,-52.57518482208252,8.804794311523438,-52.24884533882141,0.005316708931274877,forget,for_000,M_gd_s2
2,-8,random_position,-52.57518482208252,8.804794311523438,-52.60014367103577,-0.00040662850176144703,forget,for_000,M_gd_s2
3,-6,real,-52.57518482208252,8.804794311523438,-52.3800311088562,0.003179435965618802,forget,for_000,M_gd_s2
3,-5,real,-52.57518482208252,8.804794311523438,-52.09582543373108,0.007809702693251453,forget,for_000,M_gd_s2
3,-4,real,-52.57518482208252,8.804794311523438,-51.87156343460083,0.011463369610310798,forget,for_000,M_gd_s2
3,-3,real,-52.57518482208252,8.804794311523438,-32.72116279602051,0.323460879366637,forget,for_000,M_gd_s2
3,-2,real,-52.57518482208252,8.804794311523438,-52.49040603637695,0.0013812123578769587,forget,for_000,M_gd_s2
3,-1,real,-52.57518482208252,8.804794311523438,-51.942994832992554,0.010299612316808976,forget,for_000,M_gd_s2
3,-12,random_position,-52.57518482208252,8.804794311523438,-52.44009208679199,0.0022009250768311706,forget,for_000,M_gd_s2
4,-6,real,-52.57518482208252,8.804794311523438,-52.480414390563965,0.0015439958249622021,forget,for_000,M_gd_s2
4,-5,real,-52.57518482208252,8.804794311523438,-51.950294494628906,0.010180686541020369,forget,for_000,M_gd_s2
4,-4,real,-52.57518482208252,8.804794311523438,-52.16900634765625,0.0066174423673579265,forget,for_000,M_gd_s2
4,-3,real,-52.57518482208252,8.804794311523438,-26.260360717773438,0.4287199910418597,forget,for_000,M_gd_s2
4,-2,real,-52.57518482208252,8.804794311523438,-52.44818687438965,0.0020690451428214784,forget,for_000,M_gd_s2
4,-1,real,-52.57518482208252,8.804794311523438,-51.58299708366394,0.01616468028213046,forget,for_000,M_gd_s2
4,-9,random_position,-52.57518482208252,8.804794311523438,-52.53882670402527,0.0005923449074185928,forget,for_000,M_gd_s2
5,-6,real,-52.57518482208252,8.804794311523438,-52.41162919998169,0.002664641213787612,forget,for_000,M_gd_s2
5,-5,real,-52.57518482208252,8.804794311523438,-51.56835222244263,0.01640327373602258,forget,for_000,M_gd_s2
5,-4,real,-52.57518482208252,8.804794311523438,-52.25541639328003,0.005209653592524844,forget,for_000,M_gd_s2
5,-3,real,-52.57518482208252,8.804794311523438,-19.529207229614258,0.5383836563472431,forget,for_000,M_gd_s2
5,-2,real,-52.57518482208252,8.804794311523438,-52.488412380218506,0.0014136929189098595,forget,for_000,M_gd_s2
5,-1,real,-52.57518482208252,8.804794311523438,-50.843403816223145,0.028214102225251704,forget,for_000,M_gd_s2
5,-11,random_position,-52.57518482208252,8.804794311523438,-52.56352639198303,0.00018993864553310406,forget,for_000,M_gd_s2
6,-6,real,-52.57518482208252,8.804794311523438,-52.37286996841431,0.003296104960020166,forget,for_000,M_gd_s2
6,-5,real,-52.57518482208252,8.804794311523438,-51.34356927871704,0.020065427860192293,forget,for_000,M_gd_s2
6,-4,real,-52.57518482208252,8.804794311523438,-52.158382177352905,0.006790530896440334,forget,for_000,M_gd_s2
6,-3,real,-52.57518482208252,8.804794311523438,-15.290802001953125,0.6074355733971885,forget,for_000,M_gd_s2
6,-2,real,-52.57518482208252,8.804794311523438,-52.498694896698,0.0012461705993419396,forget,for_000,M_gd_s2
6,-1,real,-52.57518482208252,8.804794311523438,-49.121492862701416,0.056267401979128134,forget,for_000,M_gd_s2
6,-2,random_position,-52.57518482208252,8.804794311523438,-52.498694896698,0.0012461705993419396,forget,for_000,M_gd_s2
7,-6,real,-52.57518482208252,8.804794311523438,-52.383023262023926,0.003130687933932255,forget,for_000,M_gd_s2
7,-5,real,-52.57518482208252,8.804794311523438,-51.267351150512695,0.02130717035147665,forget,for_000,M_gd_s2
7,-4,real,-52.57518482208252,8.804794311523438,-52.34254455566406,0.0037901652900869903,forget,for_000,M_gd_s2
7,-3,real,-52.57518482208252,8.804794311523438,-11.532812118530273,0.668660584165648,forget,for_000,M_gd_s2
7,-2,real,-52.57518482208252,8.804794311523438,-52.459532737731934,0.0018841988215545944,forget,for_000,M_gd_s2
7,-1,real,-52.57518482208252,8.804794311523438,-47.24317646026611,0.08686885263043524,forget,for_000,M_gd_s2
7,-8,random_position,-52.57518482208252,8.804794311523438,-52.56723475456238,0.00012952216068429527,forget,for_000,M_gd_s2
8,-6,real,-52.57518482208252,8.804794311523438,-52.444183588027954,0.0021342665133432955,forget,for_000,M_gd_s2
8,-5,real,-52.57518482208252,8.804794311523438,-50.880120038986206,0.02761592309125198,forget,for_000,M_gd_s2
8,-4,real,-52.57518482208252,8.804794311523438,-52.27659559249878,0.004864602982900993,forget,for_000,M_gd_s2
8,-3,real,-52.57518482208252,8.804794311523438,-16.05682945251465,0.5949554868710247,forget,for_000,M_gd_s2
8,-2,real,-52.57518482208252,8.804794311523438,-52.483301401138306,0.0014969607719189835,forget,for_000,M_gd_s2
8,-1,real,-52.57518482208252,8.804794311523438,-37.389516830444336,0.24740425470956093,forget,for_000,M_gd_s2
8,-5,random_position,-52.57518482208252,8.804794311523438,-50.880120038986206,0.02761592309125198,forget,for_000,M_gd_s2
9,-6,real,-52.57518482208252,8.804794311523438,-52.518046379089355,0.0009308970742526756,forget,for_000,M_gd_s2
9,-5,real,-52.57518482208252,8.804794311523438,-50.723427057266235,0.03016875846089094,forget,for_000,M_gd_s2
9,-4,real,-52.57518482208252,8.804794311523438,-52.38203144073486,0.0031468466440371184,forget,for_000,M_gd_s2
9,-3,real,-52.57518482208252,8.804794311523438,-34.48878002166748,0.2946629349782983,forget,for_000,M_gd_s2
9,-2,real,-52.57518482208252,8.804794311523438,-52.464438915252686,0.001804267586809912,forget,for_000,M_gd_s2
9,-1,real,-52.57518482208252,8.804794311523438,-17.73769760131836,0.5675708547396752,forget,for_000,M_gd_s2
9,-11,random_position,-52.57518482208252,8.804794311523438,-52.564916133880615,0.000167297029859727,forget,for_000,M_gd_s2
10,-6,real,-52.57518482208252,8.804794311523438,-52.511016607284546,0.0010454258164262083,forget,for_000,M_gd_s2
10,-5,real,-52.57518482208252,8.804794311523438,-52.53649139404297,0.0006303916779659813,forget,for_000,M_gd_s2
10,-4,real,-52.57518482208252,8.804794311523438,-52.358421325683594,0.0035315016306391393,forget,for_000,M_gd_s2
10,-3,real,-52.57518482208252,8.804794311523438,-49.9461452960968,0.04283219973508105,forget,for_000,M_gd_s2
10,-2,real,-52.57518482208252,8.804794311523438,-52.2690794467926,0.00498705570791441,forget,for_000,M_gd_s2
10,-1,real,-52.57518482208252,8.804794311523438,1.9284477233886719,0.8879708549074772,forget,for_000,M_gd_s2
10,-6,random_position,-52.57518482208252,8.804794311523438,-52.511016607284546,0.0010454258164262083,forget,for_000,M_gd_s2
11,-6,real,-52.57518482208252,8.804794311523438,-52.57518482208252,0.0,forget,for_000,M_gd_s2
11,-5,real,-52.57518482208252,8.804794311523438,-52.57518482208252,0.0,forget,for_000,M_gd_s2
11,-4,real,-52.57518482208252,8.804794311523438,-52.57518482208252,0.0,forget,for_000,M_gd_s2
11,-3,real,-52.57518482208252,8.804794311523438,-52.57518482208252,0.0,forget,for_000,M_gd_s2
11,-2,real,-52.57518482208252,8.804794311523438,-52.57518482208252,0.0,forget,for_000,M_gd_s2
11,-1,real,-52.57518482208252,8.804794311523438,8.667125701904297,0.99775710888856,forget,for_000,M_gd_s2
11,-6,random_position,-52.57518482208252,8.804794311523438,-52.57518482208252,0.0,forget,for_000,M_gd_s2
0,-6,real,-52.4824275970459,8.965827941894531,-52.39054203033447,0.0014953323882920793,forget,for_000,M_gd_s2
0,-5,real,-52.4824275970459,8.965827941894531,-51.02159333229065,0.02377340498835646,forget,for_000,M_gd_s2
0,-4,real,-52.4824275970459,8.965827941894531,-49.337447106838226,0.051180956442525266,forget,for_000,M_gd_s2
0,-3,real,-52.4824275970459,8.965827941894531,-52.473408222198486,0.00014677999836295487,forget,for_000,M_gd_s2
0,-2,real,-52.4824275970459,8.965827941894531,-52.4788703918457,5.788944159596317e-05,forget,for_000,M_gd_s2
0,-1,real,-52.4824275970459,8.965827941894531,-52.44941282272339,0.0005372776498364212,forget,for_000,M_gd_s2
0,-10,random_position,-52.4824275970459,8.965827941894531,-52.470728397369385,0.00019039107902908264,forget,for_000,M_gd_s2
1,-6,real,-52.4824275970459,8.965827941894531,-52.26042890548706,0.003612774514292841,forget,for_000,M_gd_s2
1,-5,real,-52.4824275970459,8.965827941894531,-50.991501808166504,0.024263110088366603,forget,for_000,M_gd_s2
1,-4,real,-52.4824275970459,8.965827941894531,-45.59522366523743,0.11208135806953828,forget,for_000,M_gd_s2
1,-3,real,-52.4824275970459,8.965827941894531,-52.4807653427124,2.705128597902515e-05,forget,for_000,M_gd_s2
1,-2,real,-52.4824275970459,8.965827941894531,-52.47678184509277,9.187814859198445e-05,forget,for_000,M_gd_s2
1,-1,real,-52.4824275970459,8.965827941894531,-52.422141551971436,0.000981086355433784,forget,for_000,M_gd_s2
1,-3,random_position,-52.4824275970459,8.965827941894531,-52.4807653427124,2.705128597902515e-05,forget,for_000,M_gd_s2
2,-6,real,-52.4824275970459,8.965827941894531,-52.15082240104675,0.005396494873463148,forget,for_000,M_gd_s2
2,-5,real,-52.4824275970459,8.965827941894531,-51.187023639678955,0.02108121615504661,forget,for_000,M_gd_s2
2,-4,real,-52.4824275970459,8.965827941894531,-39.43013000488281,0.2124111982949899,forget,for_000,M_gd_s2
2,-3,real,-52.4824275970459,8.965827941894531,-52.46924638748169,0.00021450909303447855,forget,for_000,M_gd_s2
2,-2,real,-52.4824275970459,8.965827941894531,-52.464051485061646,0.0002990501817030068,forget,for_000,M_gd_s2
2,-1,real,-52.4824275970459,8.965827941894531,-52.35998725891113,0.0019925763076735978,forget,for_000,M_gd_s2
2,-7,random_position,-52.4824275970459,8.965827941894531,-52.374053716659546,0.0017636608140596413,forget,for_000,M_gd_s2
3,-6,real,-52.4824275970459,8.965827941894531,-52.05070877075195,0.007025729575355648,forget,for_000,M_gd_s2
3,-5,real,-52.4824275970459,8.965827941894531,-51.73706388473511,0.012129940968599928,forget,for_000,M_gd_s2
3,-4,real,-52.4824275970459,8.965827941894531,-32.279897689819336,0.32877304213174935,forget,for_000,M_gd_s2
3,-3,real,-52.4824275970459,8.965827941894531,-52.48228645324707,2.296953714799611e-06,forget,for_000,M_gd_s2
3,-2,real,-52.4824275970459,8.965827941894531,-52.48863220214844,-0.00010097284370598832,forget,for_000,M_gd_s2
3,-1,real,-52.4824275970459,8.965827941894531,-52.18916130065918,0.004772573180712554,forget,for_000,M_gd_s2
3,-10,random_position,-52.4824275970459,8.965827941894531,-52.334243297576904,0.002411529801282774,forget,for_000,M_gd_s2
4,-6,real,-52.4824275970459,8.965827941894531,-51.97895312309265,0.008193470580042583,forget,for_000,M_gd_s2
4,-5,real,-52.4824275970459,8.965827941894531,-52.028292417526245,0.007390530057144794,forget,for_000,M_gd_s2
4,-4,real,-52.4824275970459,8.965827941894531,-25.872013092041016,0.4330540268656052,forget,for_000,M_gd_s2
4,-3,real,-52.4824275970459,8.965827941894531,-52.499773025512695,-0.00028227698759983327,forget,for_000,M_gd_s2
4,-2,real,-52.4824275970459,8.965827941894531,-52.45017719268799,0.0005248384038741787,forget,for_000,M_gd_s2
4,-1,real,-52.4824275970459,8.965827941894531,-51.886963844299316,0.009690490763716314,forget,for_000,M_gd_s2
4,-8,random_position,-52.4824275970459,8.965827941894531,-52.47233772277832,0.00016420115069310735,forget,for_000,M_gd_s2
5,-6,real,-52.4824275970459,8.965827941894531,-51.80929756164551,0.010954420585199864,forget,for_000,M_gd_s2
5,-5,real,-52.4824275970459,8.965827941894531,-52.07988786697388,0.00655087319471466,forget,for_000,M_gd_s2
5,-4,real,-52.4824275970459,8.965827941894531,-19.376998901367188,0.5387529459595389,forget,for_000,M_gd_s2
5,-3,real,-52.4824275970459,8.965827941894531,-52.463236808776855,0.00031230810542508497,forget,for_000,M_gd_s2
5,-2,real,-52.4824275970459,8.965827941894531,-52.42579889297485,0.0009215673182969156,forget,for_000,M_gd_s2
5,-1,real,-52.4824275970459,8.965827941894531,-51.457507848739624,0.01667939535983689,forget,for_000,M_gd_s2
5,-9,random_position,-52.4824275970459,8.965827941894531,-52.466639041900635,0.00025694065692814165,forget,for_000,M_gd_s2
6,-6,real,-52.4824275970459,8.965827941894531,-51.7625846862793,0.011714619145053342,forget,for_000,M_gd_s2
6,-5,real,-52.4824275970459,8.965827941894531,-51.98763608932495,0.008052165246699192,forget,for_000,M_gd_s2
6,-4,real,-52.4824275970459,8.965827941894531,-15.790651321411133,0.5971166464177781,forget,for_000,M_gd_s2
6,-3,real,-52.4824275970459,8.965827941894531,-52.43342351913452,0.0007974852578251393,forget,for_000,M_gd_s2
6,-2,real,-52.4824275970459,8.965827941894531,-52.482529401779175,-1.6567554665868816e-06,forget,for_000,M_gd_s2
6,-1,real,-52.4824275970459,8.965827941894531,-49.329370200634,0.0513123988428568,forget,for_000,M_gd_s2
6,-2,random_position,-52.4824275970459,8.965827941894531,-52.482529401779175,-1.6567554665868816e-06,forget,for_000,M_gd_s2
7,-6,real,-52.4824275970459,8.965827941894531,-51.799559593200684,0.011112894871563505,forget,for_000,M_gd_s2
7,-5,real,-52.4824275970459,8.965827941894531,-52.23099946975708,0.004091704883786093,forget,for_000,M_gd_s2
7,-4,real,-52.4824275970459,8.965827941894531,-12.182804107666016,0.6558302287986283,forget,for_000,M_gd_s2
7,-3,real,-52.4824275970459,8.965827941894531,-52.43763732910156,0.0007289103254680983,forget,for_000,M_gd_s2
7,-2,real,-52.4824275970459,8.965827941894531,-52.467761754989624,0.00023866978692308865,forget,for_000,M_gd_s2
7,-1,real,-52.4824275970459,8.965827941894531,-47.29892706871033,0.08435553593625991,forget,for_000,M_gd_s2
7,-7,random_position,-52.4824275970459,8.965827941894531,-52.32120943069458,0.0026236410608784923,forget,for_000,M_gd_s2
8,-6,real,-52.4824275970459,8.965827941894531,-51.65181374549866,0.013517289372370745,forget,for_000,M_gd_s2
8,-5,real,-52.4824275970459,8.965827941894531,-52.19978094100952,0.004599750693610182,forget,for_000,M_gd_s2
8,-4,real,-52.4824275970459,8.965827941894531,-17.58236312866211,0.5679585882835557,forget,for_000,M_gd_s2
8,-3,real,-52.4824275970459,8.965827941894531,-52.40574836730957,0.001247866665437486,forget,for_000,M_gd_s2
8,-2,real,-52.4824275970459,8.965827941894531,-52.371708393096924,0.0018018282696212692,forget,for_000,M_gd_s2
8,-1,real,-52.4824275970459,8.965827941894531,-36.86911582946777,0.2540887716118125,forget,for_000,M_gd_s2
8,-4,random_position,-52.4824275970459,8.965827941894531,-17.58236312866211,0.5679585882835557,forget,for_000,M_gd_s2
9,-6,real,-52.4824275970459,8.965827941894531,-51.68446445465088,0.012985936466322328,forget,for_000,M_gd_s2
9,-5,real,-52.4824275970459,8.965827941894531,-52.324934005737305,0.0025630278667355877,forget,for_000,M_gd_s2
9,-4,real,-52.4824275970459,8.965827941894531,-35.7316198348999,0.27260021647857563,forget,for_000,M_gd_s2
9,-3,real,-52.4824275970459,8.965827941894531,-52.43499803543091,0.0007718618079390977,forget,for_000,M_gd_s2
9,-2,real,-52.4824275970459,8.965827941894531,-52.34926509857178,0.002167067190210706,forget,for_000,M_gd_s2
9,-1,real,-52.4824275970459,8.965827941894531,-16.859834671020508,0.5797169116290204,forget,for_000,M_gd_s2
9,-10,random_position,-52.4824275970459,8.965827941894531,-52.33328437805176,0.0024271351185816323,forget,for_000,M_gd_s2
10,-6,real,-52.4824275970459,8.965827941894531,-52.44958305358887,0.0005345073374168824,forget,for_000,M_gd_s2
10,-5,real,-52.4824275970459,8.965827941894531,-52.31114387512207,0.0027874464526545227,forget,for_000,M_gd_s2
10,-4,real,-52.4824275970459,8.965827941894531,-50.83486986160278,0.02681211567347164,forget,for_000,M_gd_s2
10,-3,real,-52.4824275970459,8.965827941894531,-52.3978328704834,0.0013766823129566534,forget,for_000,M_gd_s2
10,-2,real,-52.4824275970459,8.965827941894531,-52.21701645851135,0.004319262381115962,forget,for_000,M_gd_s2
10,-1,real,-52.4824275970459,8.965827941894531,1.8966217041015625,0.8849567627951108,forget,for_000,M_gd_s2
10,-5,random_position,-52.4824275970459,8.965827941894531,-52.31114387512207,0.0027874464526545227,forget,for_000,M_gd_s2
11,-6,real,-52.4824275970459,8.965827941894531,-52.4824275970459,0.0,forget,for_000,M_gd_s2
11,-5,real,-52.4824275970459,8.965827941894531,-52.4824275970459,0.0,forget,for_000,M_gd_s2
11,-4,real,-52.4824275970459,8.965827941894531,-52.4824275970459,0.0,forget,for_000,M_gd_s2
11,-3,real,-52.4824275970459,8.965827941894531,-52.4824275970459,0.0,forget,for_000,M_gd_s2
11,-2,real,-52.4824275970459,8.965827941894531,-52.4824275970459,0.0,forget,for_000,M_gd_s2
11,-1,real,-52.4824275970459,8.965827941894531,8.895833969116211,0.9988609282368649,forget,for_000,M_gd_s2
11,-5,random_position,-52.4824275970459,8.965827941894531,-52.4824275970459,0.0,forget,for_000,M_gd_s2
0,-6,real,-38.05330467224121,12.8388671875,-38.04581809043884,0.00014710674606305225,forget,for_001,M_gd_s2
0,-5,real,-38.05330467224121,12.8388671875,-38.058348178863525,-9.91018154268274e-05,forget,for_001,M_gd_s2
0,-4,real,-38.05330467224121,12.8388671875,-38.05614137649536,-5.573950080119091e-05,forget,for_001,M_gd_s2
0,-3,real,-38.05330467224121,12.8388671875,-38.04968810081482,7.106341298144771e-05,forget,for_001,M_gd_s2
0,-2,real,-38.05330467224121,12.8388671875,-38.00654482841492,0.0009188022856474674,forget,for_001,M_gd_s2
0,-1,real,-38.05330467224121,12.8388671875,-38.02685618400574,0.0005196965912236099,forget,for_001,M_gd_s2
0,-14,random_position,-38.05330467224121,12.8388671875,-38.02859926223755,0.0004854461717953441,forget,for_001,M_gd_s2
1,-6,real,-38.05330467224121,12.8388671875,-38.06127595901489,-0.00015663090181433997,forget,for_001,M_gd_s2
1,-5,real,-38.05330467224121,12.8388671875,-38.06350755691528,-0.00020048043345824204,forget,for_001,M_gd_s2
1,-4,real,-38.05330467224121,12.8388671875,-38.08762001991272,-0.0006742755598264083,forget,for_001,M_gd_s2
1,-3,real,-38.05330467224121,12.8388671875,-38.04851937294006,9.40281997462349e-05,forget,for_001,M_gd_s2
1,-2,real,-38.05330467224121,12.8388671875,-37.96466636657715,0.0017416884056029207,forget,for_001,M_gd_s2
1,-1,real,-38.05330467224121,12.8388671875,-37.960262060165405,0.001828230328472344,forget,for_001,M_gd_s2
1,-3,random_position,-38.05330467224121,12.8388671875,-38.04851937294006,9.40281997462349e-05,forget,for_001,M_gd_s2
2,-6,real,-38.05330467224121,12.8388671875,-38.0355749130249,0.0003483789071759759,forget,for_001,M_gd_s2
2,-5,real,-38.05330467224121,12.8388671875,-38.06023073196411,-0.0001360928305828371,forget,for_001,M_gd_s2
2,-4,real,-38.05330467224121,12.8388671875,-38.068498373031616,-0.0002985469127212551,forget,for_001,M_gd_s2
2,-3,real,-38.05330467224121,12.8388671875,-38.061997413635254,-0.00017080704313425957,forget,for_001,M_gd_s2
2,-2,real,-38.05330467224121,12.8388671875,-37.96996355056763,0.0016376019852969148,forget,for_001,M_gd_s2
2,-1,real,-38.05330467224121,12.8388671875,-37.88953757286072,0.0032179231774944715,forget,for_001,M_gd_s2
2,-9,random_position,-38.05330467224121,12.8388671875,-37.20896053314209,0.016590845079792093,forget,for_001,M_gd_s2
3,-6,real,-38.05330467224121,12.8388671875,-38.01441240310669,0.0007642092627076037,forget,for_001,M_gd_s2
3,-5,real,-38.05330467224121,12.8388671875,-38.079679012298584,-0.000518239624947835,forget,for_001,M_gd_s2
3,-4,real,-38.05330467224121,12.8388671875,-38.061922550201416,-0.00016933602252141927,forget,for_001,M_gd_s2
3,-3,real,-38.05330467224121,12.8388671875,-38.06061244010925,-0.00014359316179671396,forget,for_001,M_gd_s2
3,-2,real,-38.05330467224121,12.8388671875,-37.97966170310974,0.0014470392290277902,forget,for_001,M_gd_s2
3,-1,real,-38.05330467224121,12.8388671875,-37.72814917564392,0.0063891063146886,forget,for_001,M_gd_s2
3,-14,random_position,-38.05330467224121,12.8388671875,-38.03457951545715,0.0003679378595919258,forget,for_001,M_gd_s2
4,-6,real,-38.05330467224121,12.8388671875,-37.98918676376343,0.0012598776223284812,forget,for_001,M_gd_s2
4,-5,real,-38.05330467224121,12.8388671875,-38.11665916442871,-0.0012448769599007277,forget,for_001,M_gd_s2
4,-4,real,-38.05330467224121,12.8388671875,-38.07235550880432,-0.00037433726773568326,forget,for_001,M_gd_s2
4,-3,real,-38.05330467224121,12.8388671875,-38.05639934539795,-6.080843170276164e-05,forget,for_001,M_gd_s2
4,-2,real,-38.05330467224121,12.8388671875,-38.01048707962036,0.0008413394645222622,forget,for_001,M_gd_s2
4,-1,real,-38.05330467224121,12.8388671875,-37.49642848968506,0.01094227583941402,forget,for_001,M_gd_s2
4,-11,random_position,-38.05330467224121,12.8388671875,-37.93939828872681,0.002238190655889676,forget,for_001,M_gd_s2
5,-6,real,-38.05330467224121,12.8388671875,-37.96181106567383,0.0017977933191678109,forget,for_001,M_gd_s2
5,-5,real,-38.05330467224121,12.8388671875,-38.137038707733154,-0.0016453225011248155,forget,for_001,M_gd_s2
5,-4,real,-38.05330467224121,12.8388671875,-38.09021306037903,-0.0007252272164673355,forget,for_001,M_gd_s2
5,-3,real,-38.05330467224121,12.8388671875,-38.0563178062439,-5.9206237277311374e-05,forget,for_001,M_gd_s2
5,-2,real,-38.05330467224121,12.8388671875,-38.03006672859192,0.0004566113569162611,forget,for_001,M_gd_s2
5,-1,real,-38.05330467224121,12.8388671875,-37.27524471282959,0.01528840155527168,forget,for_001,M_gd_s2
5,-12,random_position,-38.05330467224121,12.8388671875,-38.04717779159546,0.00012038945130181576,forget,for_001,M_gd_s2
6,-6,real,-38.05330467224121,12.8388671875,-37.83307933807373,0.004327292904190085,forget,for_001,M_gd_s2
6,-5,real,-38.05330467224121,12.8388671875,-38.13573455810547,-0.0016196967598756547,forget,for_001,M_gd_s2
6,-4,real,-38.05330467224121,12.8388671875,-38.08844065666199,-0.0006904005692193902,forget,for_001,M_gd_s2
6,-3,real,-38.05330467224121,12.8388671875,-38.07908582687378,-0.0005065838947416354,forget,for_001,M_gd_s2
6,-2,real,-38.05330467224121,12.8388671875,-38.06584286689758,-0.00024636784397662036,forget,for_001,M_gd_s2
6,-1,real,-38.05330467224121,12.8388671875,-36.64858818054199,0.02760181851878156,forget,for_001,M_gd_s2
6,-2,random_position,-38.05330467224121,12.8388671875,-38.06584286689758,-0.00024636784397662036,forget,for_001,M_gd_s2
7,-6,real,-38.05330467224121,12.8388671875,-37.77786374092102,0.005412245562624159,forget,for_001,M_gd_s2
7,-5,real,-38.05330467224121,12.8388671875,-38.13746166229248,-0.001653633299109461,forget,for_001,M_gd_s2
7,-4,real,-38.05330467224121,12.8388671875,-38.09265160560608,-0.0007731431363021466,forget,for_001,M_gd_s2
7,-3,real,-38.05330467224121,12.8388671875,-38.09558963775635,-0.0008308736681875958,forget,for_001,M_gd_s2
7,-2,real,-38.05330467224121,12.8388671875,-38.069783210754395,-0.00032379318686965127,forget,for_001,M_gd_s2
7,-1,real,-38.05330467224121,12.8388671875,-35.49668884277344,0.050235934841095106,forget,for_001,M_gd_s2
7,-9,random_position,-38.05330467224121,12.8388671875,-27.993815422058105,0.19766280122426394,forget,for_001,M_gd_s2
8,-6,real,-38.05330467224121,12.8388671875,-37.905431270599365,0.0029056217535652572,forget,for_001,M_gd_s2
8,-5,real,-38.05330467224121,12.8388671875,-38.04726219177246,0.00011873103952810408,forget,for_001,M_gd_s2
8,-4,real,-38.05330467224121,12.8388671875,-38.04094934463501,0.00024277461846691168,forget,for_001,M_gd_s2
8,-3,real,-38.05330467224121,12.8388671875,-38.03542613983154,0.00035130220928556935,forget,for_001,M_gd_s2
8,-2,real,-38.05330467224121,12.8388671875,-38.08183979988098,-0.0005606977772222671,forget,for_001,M_gd_s2
8,-1,real,-38.05330467224121,12.8388671875,-28.32421875,0.19117057823852684,forget,for_001,M_gd_s2
8,-5,random_position,-38.05330467224121,12.8388671875,-38.04726219177246,0.00011873103952810408,forget,for_001,M_gd_s2
9,-6,real,-38.05330467224121,12.8388671875,-37.924256324768066,0.002535720971563204,forget,for_001,M_gd_s2
9,-5,real,-38.05330467224121,12.8388671875,-37.86652708053589,0.00367006525522395,forget,for_001,M_gd_s2
9,-4,real,-38.05330467224121,12.8388671875,-37.98102903366089,0.0014201720213378568,forget,for_001,M_gd_s2
9,-3,real,-38.05330467224121,12.8388671875,-38.007086753845215,0.0009081537829309514,forget,for_001,M_gd_s2
9,-2,real,-38.05330467224121,12.8388671875,-37.96204471588135,0.001793202235726462,forget,for_001,M_gd_s2
9,-1,real,-38.05330467224121,12.8388671875,-12.835933685302734,0.4955058914844022,forget,for_001,M_gd_s2
9,-13,random_position,-38.05330467224121,12.8388671875,-38.05144906044006,3.646163512654806e-05,forget,for_001,M_gd_s2
10,-6,real,-38.05330467224121,12.8388671875,-37.97415065765381,0.001555327896116337,forget,for_001,M_gd_s2
10,-5,real,-38.05330467224121,12.8388671875,-37.799861669540405,0.004979999741400198,forget,for_001,M_gd_s2
10,-4,real,-38.05330467224121,12.8388671875,-37.937739610672,0.0022707826635442302,forget,for_001,M_gd_s2
10,-3,real,-38.05330467224121,12.8388671875,-37.982882499694824,0.0013837525492225047,forget,for_001,M_gd_s2
10,-2,real,-38.05330467224121,12.8388671875,-37.876190185546875,0.003480191161471028,forget,for_001,M_gd_s2
10,-1,real,-38.05330467224121,12.8388671875,2.1842803955078125,0.7906438966417817,forget,for_001,M_gd_s2
10,-6,random_position,-38.05330467224121,12.8388671875,-37.97415065765381,0.001555327896116337,forget,for_001,M_gd_s2
11,-6,real,-38.05330467224121,12.8388671875,-38.05330467224121,0.0,forget,for_001,M_gd_s2
11,-5,real,-38.05330467224121,12.8388671875,-38.05330467224121,0.0,forget,for_001,M_gd_s2
11,-4,real,-38.05330467224121,12.8388671875,-38.05330467224121,0.0,forget,for_001,M_gd_s2
11,-3,real,-38.05330467224121,12.8388671875,-38.05330467224121,0.0,forget,for_001,M_gd_s2
11,-2,real,-38.05330467224121,12.8388671875,-38.05330467224121,0.0,forget,for_001,M_gd_s2
11,-1,real,-38.05330467224121,12.8388671875,12.869613647460938,1.0006041491026494,forget,for_001,M_gd_s2
11,-7,random_position,-38.05330467224121,12.8388671875,-38.05330467224121,0.0,forget,for_001,M_gd_s2
0,-6,real,-36.41184949874878,12.952835083007812,-36.345178842544556,0.0013505739329460378,forget,for_001,M_gd_s2
0,-5,real,-36.41184949874878,12.952835083007812,-36.368383169174194,0.0008805146825682049,forget,for_001,M_gd_s2
0,-4,real,-36.41184949874878,12.952835083007812,-36.298927545547485,0.0022875048054703025,forget,for_001,M_gd_s2
0,-3,real,-36.41184949874878,12.952835083007812,-36.41989040374756,-0.00016288780262461002,forget,for_001,M_gd_s2
0,-2,real,-36.41184949874878,12.952835083007812,-36.403098821640015,0.000177265937844128,forget,for_001,M_gd_s2
0,-1,real,-36.41184949874878,12.952835083007812,-36.38168740272522,0.0006110055453429636,forget,for_001,M_gd_s2
0,-11,random_position,-36.41184949874878,12.952835083007812,-36.39020371437073,0.00043848724166772575,forget,for_001,M_gd_s2
1,-6,real,-36.41184949874878,12.952835083007812,-36.16036558151245,0.005094409482548736,forget,for_001,M_gd_s2
1,-5,real,-36.41184949874878,12.952835083007812,-36.25549030303955,0.0031674302597896726,forget,for_001,M_gd_s2
1,-4,real,-36.41184949874878,12.952835083007812,-36.26567220687866,0.0029611713942590255,forget,for_001,M_gd_s2
1,-3,real,-36.41184949874878,12.952835083007812,-36.44456958770752,-0.000662823823062214,forget,for_001,M_gd_s2
1,-2,real,-36.41184949874878,12.952835083007812,-36.41030025482178,3.1383648860069855e-05,forget,for_001,M_gd_s2
1,-1,real,-36.41184949874878,12.952835083007812,-36.32846641540527,0.001689124199819586,forget,for_001,M_gd_s2
1,-3,random_position,-36.41184949874878,12.952835083007812,-36.44456958770752,-0.000662823823062214,forget,for_001,M_gd_s2
2,-6,real,-36.41184949874878,12.952835083007812,-35.80728077888489,0.012246988408537678,forget,for_001,M_gd_s2
2,-5,real,-36.41184949874878,12.952835083007812,-36.114367961883545,0.006026201511984801,forget,for_001,M_gd_s2
2,-4,real,-36.41184949874878,12.952835083007812,-36.082600593566895,0.006669725695027803,forget,for_001,M_gd_s2
2,-3,real,-36.41184949874878,12.952835083007812,-36.48541474342346,-0.0014902403468788632,forget,for_001,M_gd_s2
2,-2,real,-36.41184949874878,12.952835083007812,-36.4440484046936,-0.000652266011980633,forget,for_001,M_gd_s2
2,-1,real,-36.41184949874878,12.952835083007812,-36.26793193817139,0.002915395120960204,forget,for_001,M_gd_s2
2,-8,random_position,-36.41184949874878,12.952835083007812,-35.8576238155365,0.011227169542517488,forget,for_001,M_gd_s2
3,-6,real,-36.41184949874878,12.952835083007812,-35.01052236557007,0.028387239684634608,forget,for_001,M_gd_s2
3,-5,real,-36.41184949874878,12.952835083007812,-36.06056332588196,0.007116143369356076,forget,for_001,M_gd_s2
3,-4,real,-36.41184949874878,12.952835083007812,-36.004897356033325,0.008243791004913034,forget,for_001,M_gd_s2
3,-3,real,-36.41184949874878,12.952835083007812,-36.49064779281616,-0.001596248304531937,forget,for_001,M_gd_s2
3,-2,real,-36.41184949874878,12.952835083007812,-36.40366339683533,0.00016582911412903946,forget,for_001,M_gd_s2
3,-1,real,-36.41184949874878,12.952835083007812,-36.208473443984985,0.004119869426633679,forget,for_001,M_gd_s2
3,-11,random_position,-36.41184949874878,12.952835083007812,-36.41012096405029,3.5015613147969595e-05,forget,for_001,M_gd_s2
4,-6,real,-36.41184949874878,12.952835083007812,-34.156879901885986,0.04567981373664339,forget,for_001,M_gd_s2
4,-5,real,-36.41184949874878,12.952835083007812,-36.171852827072144,0.004861707791916691,forget,for_001,M_gd_s2
4,-4,real,-36.41184949874878,12.952835083007812,-35.99599289894104,0.008424172124892394,forget,for_001,M_gd_s2
4,-3,real,-36.41184949874878,12.952835083007812,-36.47394633293152,-0.001257920205686638,forget,for_001,M_gd_s2
4,-2,real,-36.41184949874878,12.952835083007812,-36.38670825958252,0.0005092960560625371,forget,for_001,M_gd_s2
4,-1,real,-36.41184949874878,12.952835083007812,-36.05325412750244,0.00726420870070467,forget,for_001,M_gd_s2
4,-8,random_position,-36.41184949874878,12.952835083007812,-36.3439564704895,0.001375336008616333,forget,for_001,M_gd_s2
5,-6,real,-36.41184949874878,12.952835083007812,-32.7714056968689,0.07374591436618355,forget,for_001,M_gd_s2
5,-5,real,-36.41184949874878,12.952835083007812,-36.13131022453308,0.005682995375997509,forget,for_001,M_gd_s2
5,-4,real,-36.41184949874878,12.952835083007812,-36.038591623306274,0.007561232865254598,forget,for_001,M_gd_s2
5,-3,real,-36.41184949874878,12.952835083007812,-36.46044611930847,-0.0009844410223913786,forget,for_001,M_gd_s2
5,-2,real,-36.41184949874878,12.952835083007812,-36.399932622909546,0.0002414048816517192,forget,for_001,M_gd_s2
5,-1,real,-36.41184949874878,12.952835083007812,-35.744420528411865,0.013520373440886357,forget,for_001,M_gd_s2
5,-10,random_position,-36.41184949874878,12.952835083007812,-36.41010022163391,3.543580050574523e-05,forget,for_001,M_gd_s2
6,-6,real,-36.41184949874878,12.952835083007812,-29.831305503845215,0.13330469040078696,forget,for_001,M_gd_s2
6,-5,real,-36.41184949874878,12.952835083007812,-36.197813987731934,0.004335802260872655,forget,for_001,M_gd_s2
6,-4,real,-36.41184949874878,12.952835083007812,-36.246153354644775,0.003356572527665643,forget,for_001,M_gd_s2
6,-3,real,-36.41184949874878,12.952835083007812,-36.40034294128418,0.0002330928995513529,forget,for_001,M_gd_s2
6,-2,real,-36.41184949874878,12.952835083007812,-36.456910848617554,-0.0009128256414592278,forget,for_001,M_gd_s2
6,-1,real,-36.41184949874878,12.952835083007812,-35.43574810028076,0.01977327327700073,forget,for_001,M_gd_s2
6,-2,random_position,-36.41184949874878,12.952835083007812,-36.456910848617554,-0.0009128256414592278,forget,for_001,M_gd_s2
7,-6,real,-36.41184949874878,12.952835083007812,-29.259124755859375,0.14489558281372658,forget,for_001,M_gd_s2
7,-5,real,-36.41184949874878,12.952835083007812,-36.26760149002075,0.002922089140246147,forget,for_001,M_gd_s2
7,-4,real,-36.41184949874878,12.952835083007812,-36.06098556518555,0.007107589900268482,forget,for_001,M_gd_s2
7,-3,real,-36.41184949874878,12.952835083007812,-36.323206186294556,0.0017956827478035381,forget,for_001,M_gd_s2
7,-2,real,-36.41184949874878,12.952835083007812,-36.477842807769775,-0.0013368526423317782,forget,for_001,M_gd_s2
7,-1,real,-36.41184949874878,12.952835083007812,-34.35956859588623,0.04157386844969324,forget,for_001,M_gd_s2
7,-7,random_position,-36.41184949874878,12.952835083007812,-22.63438129425049,0.27909563934679626,forget,for_001,M_gd_s2
8,-6,real,-36.41184949874878,12.952835083007812,-30.761463165283203,0.11446211763204003,forget,for_001,M_gd_s2
8,-5,real,-36.41184949874878,12.952835083007812,-36.320862770080566,0.001843154259752696,forget,for_001,M_gd_s2
8,-4,real,-36.41184949874878,12.952835083007812,-35.59383535385132,0.01657083706354258,forget,for_001,M_gd_s2
8,-3,real,-36.41184949874878,12.952835083007812,-36.03302025794983,0.007674094223605185,forget,for_001,M_gd_s2
8,-2,real,-36.41184949874878,12.952835083007812,-36.359516859054565,0.0010601230441884383,forget,for_001,M_gd_s2
8,-1,real,-36.41184949874878,12.952835083007812,-27.42606544494629,0.18202859250362377,forget,for_001,M_gd_s2
8,-5,random_position,-36.41184949874878,12.952835083007812,-36.320862770080566,0.001843154259752696,forget,for_001,M_gd_s2
9,-6,real,-36.41184949874878,12.952835083007812,-32.88125038146973,0.07152074701159612,forget,for_001,M_gd_s2
9,-5,real,-36.41184949874878,12.952835083007812,-36.48654818534851,-0.0015132009296244422,forget,for_001,M_gd_s2
9,-4,real,-36.41184949874878,12.952835083007812,-35.845674991607666,0.011469221609294977,forget,for_001,M_gd_s2
9,-3,real,-36.41184949874878,12.952835083007812,-36.03321695327759,0.007670109688315933,forget,for_001,M_gd_s2
9,-2,real,-36.41184949874878,12.952835083007812,-36.42181038856506,-0.00020178169678745128,forget,for_001,M_gd_s2
9,-1,real,-36.41184949874878,12.952835083007812,-11.386615753173828,0.5069460882329505,forget,for_001,M_gd_s2
9,-10,random_position,-36.41184949874878,12.952835083007812,-36.40797424316406,7.850258980787556e-05,forget,for_001,M_gd_s2
10,-6,real,-36.41184949874878,12.952835083007812,-35.94587445259094,0.00943944137607322,forget,for_001,M_gd_s2
10,-5,real,-36.41184949874878,12.952835083007812,-36.41380500793457,-3.961352538477884e-05,forget,for_001,M_gd_s2
10,-4,real,-36.41184949874878,12.952835083007812,-35.61680269241333,0.016105578574470824,forget,for_001,M_gd_s2
10,-3,real,-36.41184949874878,12.952835083007812,-35.986934185028076,0.008607678086486478,forget,for_001,M_gd_s2
10,-2,real,-36.41184949874878,12.952835083007812,-36.46617603302002,-0.0011005141576720895,forget,for_001,M_gd_s2
10,-1,real,-36.41184949874878,12.952835083007812,3.5107154846191406,0.8087272373279148,forget,for_001,M_gd_s2
10,-5,random_position,-36.41184949874878,12.952835083007812,-36.41380500793457,-3.961352538477884e-05,forget,for_001,M_gd_s2
11,-6,real,-36.41184949874878,12.952835083007812,-36.41184949874878,0.0,forget,for_001,M_gd_s2
11,-5,real,-36.41184949874878,12.952835083007812,-36.41184949874878,0.0,forget,for_001,M_gd_s2
11,-4,real,-36.41184949874878,12.952835083007812,-36.41184949874878,0.0,forget,for_001,M_gd_s2
11,-3,real,-36.41184949874878,12.952835083007812,-36.41184949874878,0.0,forget,for_001,M_gd_s2
11,-2,real,-36.41184949874878,12.952835083007812,-36.41184949874878,0.0,forget,for_001,M_gd_s2
11,-1,real,-36.41184949874878,12.952835083007812,12.98896598815918,1.0007319180798477,forget,for_001,M_gd_s2
11,-6,random_position,-36.41184949874878,12.952835083007812,-36.41184949874878,0.0,forget,for_001,M_gd_s2
0,-6,real,-35.35931849479675,11.569015502929688,-34.98264932632446,0.00802647646708572,forget,for_001,M_gd_s2
0,-5,real,-35.35931849479675,11.569015502929688,-35.0844190120697,0.005857857275316208,forget,for_001,M_gd_s2
0,-4,real,-35.35931849479675,11.569015502929688,-35.27044320106506,0.0018938514573305593,forget,for_001,M_gd_s2
0,-3,real,-35.35931849479675,11.569015502929688,-35.21766710281372,0.0030184619805573086,forget,for_001,M_gd_s2
0,-2,real,-35.35931849479675,11.569015502929688,-35.24778628349304,0.0023766497082362737,forget,for_001,M_gd_s2
0,-1,real,-35.35931849479675,11.569015502929688,-35.38043165206909,-0.00044990212679107137,forget,for_001,M_gd_s2
0,-12,random_position,-35.35931849479675,11.569015502929688,-35.34097719192505,0.00039083643737688816,forget,for_001,M_gd_s2
1,-6,real,-35.35931849479675,11.569015502929688,-34.76893973350525,0.012580432992147266,forget,for_001,M_gd_s2
1,-5,real,-35.35931849479675,11.569015502929688,-34.47873616218567,0.018764406438416203,forget,for_001,M_gd_s2
1,-4,real,-35.35931849479675,11.569015502929688,-34.953120946884155,0.00865569930379964,forget,for_001,M_gd_s2
1,-3,real,-35.35931849479675,11.569015502929688,-35.14947032928467,0.004471673030673784,forget,for_001,M_gd_s2
1,-2,real,-35.35931849479675,11.569015502929688,-35.21070432662964,0.0031668323911587027,forget,for_001,M_gd_s2
1,-1,real,-35.35931849479675,11.569015502929688,-35.36822009086609,-0.00018968489419989205,forget,for_001,M_gd_s2
1,-3,random_position,-35.35931849479675,11.569015502929688,-35.14947032928467,0.004471673030673784,forget,for_001,M_gd_s2
2,-6,real,-35.35931849479675,11.569015502929688,-34.8622190952301,0.010592734862284556,forget,for_001,M_gd_s2
2,-5,real,-35.35931849479675,11.569015502929688,-33.45813274383545,0.04051253451813166,forget,for_001,M_gd_s2
2,-4,real,-35.35931849479675,11.569015502929688,-34.41934561729431,0.020029964787328287,forget,for_001,M_gd_s2
2,-3,real,-35.35931849479675,11.569015502929688,-35.050599575042725,0.006578518635862611,forget,for_001,M_gd_s2
2,-2,real,-35.35931849479675,11.569015502929688,-34.93857717514038,0.00896561381609575,forget,for_001,M_gd_s2
2,-1,real,-35.35931849479675,11.569015502929688,-35.405917167663574,-0.0009929752219432907,forget,for_001,M_gd_s2
2,-8,random_position,-35.35931849479675,11.569015502929688,-35.34285521507263,0.00035081747681302083,forget,for_001,M_gd_s2
3,-6,real,-35.35931849479675,11.569015502929688,-35.16381859779358,0.0041659245140184455,forget,for_001,M_gd_s2
3,-5,real,-35.35931849479675,11.569015502929688,-31.972980976104736,0.0721597642664254,forget,for_001,M_gd_s2
3,-4,real,-35.35931849479675,11.569015502929688,-33.12886047363281,0.047529026307901755,forget,for_001,M_gd_s2
3,-3,real,-35.35931849479675,11.569015502929688,-35.065043210983276,0.006270737926211773,forget,for_001,M_gd_s2
3,-2,real,-35.35931849479675,11.569015502929688,-34.874279260635376,0.010335743736073731,forget,for_001,M_gd_s2
3,-1,real,-35.35931849479675,11.569015502929688,-35.42108464241028,-0.0013161802764299667,forget,for_001,M_gd_s2
3,-12,random_position,-35.35931849479675,11.569015502929688,-35.36248826980591,-6.75450146879035e-05,forget,for_001,M_gd_s2
4,-6,real,-35.35931849479675,11.569015502929688,-35.24608874320984,0.0024128227435561587,forget,for_001,M_gd_s2
4,-5,real,-35.35931849479675,11.569015502929688,-30.538331985473633,0.1027308258920226,forget,for_001,M_gd_s2
4,-4,real,-35.35931849479675,11.569015502929688,-32.02741622924805,0.07099979866555946,forget,for_001,M_gd_s2
4,-3,real,-35.35931849479675,11.569015502929688,-35.06873536109924,0.006192061574391023,forget,for_001,M_gd_s2
4,-2,real,-35.35931849479675,11.569015502929688,-34.89436626434326,0.00990770800591423,forget,for_001,M_gd_s2
4,-1,real,-35.35931849479675,11.569015502929688,-35.3241708278656,0.0007489647284912173,forget,for_001,M_gd_s2
4,-9,random_position,-35.35931849479675,11.569015502929688,-35.33222532272339,0.0005773307885738466,forget,for_001,M_gd_s2
5,-6,real,-35.35931849479675,11.569015502929688,-35.39814805984497,-0.0008274226195649513,forget,for_001,M_gd_s2
5,-5,real,-35.35931849479675,11.569015502929688,-26.508057594299316,0.18861229765638513,forget,for_001,M_gd_s2
5,-4,real,-35.35931849479675,11.569015502929688,-30.848012447357178,0.09613181767028288,forget,for_001,M_gd_s2
5,-3,real,-35.35931849479675,11.569015502929688,-35.0545129776001,0.006495127596292303,forget,for_001,M_gd_s2
5,-2,real,-35.35931849479675,11.569015502929688,-34.929110527038574,0.009167339453793975,forget,for_001,M_gd_s2
5,-1,real,-35.35931849479675,11.569015502929688,-35.18464136123657,0.0037222104148986693,forget,for_001,M_gd_s2
5,-11,random_position,-35.35931849479675,11.569015502929688,-35.36015295982361,-1.7781688710617695e-05,forget,for_001,M_gd_s2
6,-6,real,-35.35931849479675,11.569015502929688,-35.42780423164368,-0.0014593685948928378,forget,for_001,M_gd_s2
6,-5,real,-35.35931849479675,11.569015502929688,-22.91212272644043,0.2652383902859061,forget,for_001,M_gd_s2
6,-4,real,-35.35931849479675,11.569015502929688,-27.622520446777344,0.16486411063291181,forget,for_001,M_gd_s2
6,-3,real,-35.35931849479675,11.569015502929688,-35.16500759124756,0.00414058814784706,forget,for_001,M_gd_s2
6,-2,real,-35.35931849479675,11.569015502929688,-35.19126105308533,0.0035811508185985834,forget,for_001,M_gd_s2
6,-1,real,-35.35931849479675,11.569015502929688,-34.68185329437256,0.014436165589364749,forget,for_001,M_gd_s2
6,-2,random_position,-35.35931849479675,11.569015502929688,-35.19126105308533,0.0035811508185985834,forget,for_001,M_gd_s2
7,-6,real,-35.35931849479675,11.569015502929688,-35.37308382987976,-0.0002933267369703495,forget,for_001,M_gd_s2
7,-5,real,-35.35931849479675,11.569015502929688,-16.50042724609375,0.40186577366280823,forget,for_001,M_gd_s2
7,-4,real,-35.35931849479675,11.569015502929688,-27.18640422821045,0.17415734952325945,forget,for_001,M_gd_s2
7,-3,real,-35.35931849479675,11.569015502929688,-35.24428033828735,0.0024513582032333115,forget,for_001,M_gd_s2
7,-2,real,-35.35931849479675,11.569015502929688,-35.14017939567566,0.004669654352777801,forget,for_001,M_gd_s2
7,-1,real,-35.35931849479675,11.569015502929688,-33.45671272277832,0.04054279387183464,forget,for_001,M_gd_s2
7,-8,random_position,-35.35931849479675,11.569015502929688,-35.35444474220276,0.00010385522303498482,forget,for_001,M_gd_s2
8,-6,real,-35.35931849479675,11.569015502929688,-35.37517738342285,-0.0003379384537040449,forget,for_001,M_gd_s2
8,-5,real,-35.35931849479675,11.569015502929688,-22.95539665222168,0.2643162623922684,forget,for_001,M_gd_s2
8,-4,real,-35.35931849479675,11.569015502929688,-29.03931999206543,0.13467340440931722,forget,for_001,M_gd_s2
8,-3,real,-35.35931849479675,11.569015502929688,-35.33080005645752,0.0006077019128915815,forget,for_001,M_gd_s2
8,-2,real,-35.35931849479675,11.569015502929688,-34.44538235664368,0.019475145616662082,forget,for_001,M_gd_s2
8,-1,real,-35.35931849479675,11.569015502929688,-24.808425903320312,0.22482989896866154,forget,for_001,M_gd_s2
8,-5,random_position,-35.35931849479675,11.569015502929688,-22.95539665222168,0.2643162623922684,forget,for_001,M_gd_s2
9,-6,real,-35.35931849479675,11.569015502929688,-35.38252878189087,-0.000494590050762098,forget,for_001,M_gd_s2
9,-5,real,-35.35931849479675,11.569015502929688,-31.319098472595215,0.08609340409138062,forget,for_001,M_gd_s2
9,-4,real,-35.35931849479675,11.569015502929688,-31.607788562774658,0.07994168154795026,forget,for_001,M_gd_s2
9,-3,real,-35.35931849479675,11.569015502929688,-35.51862812042236,-0.0033947428356039338,forget,for_001,M_gd_s2
9,-2,real,-35.35931849479675,11.569015502929688,-34.93378567695618,0.009067716272672117,forget,for_001,M_gd_s2
9,-1,real,-35.35931849479675,11.569015502929688,-10.707265853881836,0.5253127597095019,forget,for_001,M_gd_s2
9,-11,random_position,-35.35931849479675,11.569015502929688,-35.3576397895813,3.577167720327405e-05,forget,for_001,M_gd_s2
10,-6,real,-35.35931849479675,11.569015502929688,-35.37835240364075,-0.00040559523900670085,forget,for_001,M_gd_s2
10,-5,real,-35.35931849479675,11.569015502929688,-35.99281120300293,-0.013499151882035017,forget,for_001,M_gd_s2
10,-4,real,-35.35931849479675,11.569015502929688,-35.25779414176941,0.002163391375288591,forget,for_001,M_gd_s2
10,-3,real,-35.35931849479675,11.569015502929688,-35.468775272369385,-0.002332424108171723,forget,for_001,M_gd_s2
10,-2,real,-35.35931849479675,11.569015502929688,-34.58234882354736,0.016556515117008667,forget,for_001,M_gd_s2
10,-1,real,-35.35931849479675,11.569015502929688,3.5922622680664062,0.8300226631687003,forget,for_001,M_gd_s2
10,-6,random_position,-35.35931849479675,11.569015502929688,-35.37835240364075,-0.00040559523900670085,forget,for_001,M_gd_s2
11,-6,real,-35.35931849479675,11.569015502929688,-35.35931849479675,0.0,forget,for_001,M_gd_s2
11,-5,real,-35.35931849479675,11.569015502929688,-35.35931849479675,0.0,forget,for_001,M_gd_s2
11,-4,real,-35.35931849479675,11.569015502929688,-35.35931849479675,0.0,forget,for_001,M_gd_s2
11,-3,real,-35.35931849479675,11.569015502929688,-35.35931849479675,0.0,forget,for_001,M_gd_s2
11,-2,real,-35.35931849479675,11.569015502929688,-35.35931849479675,0.0,forget,for_001,M_gd_s2
11,-1,real,-35.35931849479675,11.569015502929688,11.598657608032227,1.000631646226861,forget,for_001,M_gd_s2
11,-6,random_position,-35.35931849479675,11.569015502929688,-35.35931849479675,0.0,forget,for_001,M_gd_s2
0,-6,real,-36.79888105392456,12.443658828735352,-36.73477005958557,0.001301943289110582,forget,for_001,M_gd_s2
0,-5,real,-36.79888105392456,12.443658828735352,-36.69332003593445,0.0021436956388044513,forget,for_001,M_gd_s2
0,-4,real,-36.79888105392456,12.443658828735352,-36.79045915603638,0.00017102890931808433,forget,for_001,M_gd_s2
0,-3,real,-36.79888105392456,12.443658828735352,-36.80477166175842,-0.0001196243704711219,forget,for_001,M_gd_s2
0,-2,real,-36.79888105392456,12.443658828735352,-36.81735420227051,-0.00037514613157580714,forget,for_001,M_gd_s2
0,-1,real,-36.79888105392456,12.443658828735352,-36.77287006378174,0.0005282219439696627,forget,for_001,M_gd_s2
0,-12,random_position,-36.79888105392456,12.443658828735352,-36.77750301361084,0.00043413764530957283,forget,for_001,M_gd_s2
1,-6,real,-36.79888105392456,12.443658828735352,-36.68983197212219,0.0022145299991068964,forget,for_001,M_gd_s2
1,-5,real,-36.79888105392456,12.443658828735352,-36.6210412979126,0.0036115065639533905,forget,for_001,M_gd_s2
1,-4,real,-36.79888105392456,12.443658828735352,-36.78835153579712,0.00021382971212557687,forget,for_001,M_gd_s2
1,-3,real,-36.79888105392456,12.443658828735352,-36.801334857940674,-4.98309799202164e-05,forget,for_001,M_gd_s2
1,-2,real,-36.79888105392456,12.443658828735352,-36.82396221160889,-0.0005093392368487102,forget,for_001,M_gd_s2
1,-1,real,-36.79888105392456,12.443658828735352,-36.745166301727295,0.0010908200983390083,forget,for_001,M_gd_s2
1,-3,random_position,-36.79888105392456,12.443658828735352,-36.801334857940674,-4.98309799202164e-05,forget,for_001,M_gd_s2
2,-6,real,-36.79888105392456,12.443658828735352,-36.61713480949402,0.003690838142460264,forget,for_001,M_gd_s2
2,-5,real,-36.79888105392456,12.443658828735352,-36.565714836120605,0.004735056687968716,forget,for_001,M_gd_s2
2,-4,real,-36.79888105392456,12.443658828735352,-36.793505907058716,0.00010915657231842972,forget,for_001,M_gd_s2
2,-3,real,-36.79888105392456,12.443658828735352,-36.80415916442871,-0.00010718599237016621,forget,for_001,M_gd_s2
2,-2,real,-36.79888105392456,12.443658828735352,-36.80058240890503,-3.4550512311568615e-05,forget,for_001,M_gd_s2
2,-1,real,-36.79888105392456,12.443658828735352,-36.723862648010254,0.001523447127078905,forget,for_001,M_gd_s2
2,-8,random_position,-36.79888105392456,12.443658828735352,-34.914846897125244,0.038260296103506904,forget,for_001,M_gd_s2
3,-6,real,-36.79888105392456,12.443658828735352,-36.570801734924316,0.004631753754857782,forget,for_001,M_gd_s2
3,-5,real,-36.79888105392456,12.443658828735352,-36.482513189315796,0.006424686162871328,forget,for_001,M_gd_s2
3,-4,real,-36.79888105392456,12.443658828735352,-36.79449820518494,8.90053346165311e-05,forget,for_001,M_gd_s2
3,-3,real,-36.79888105392456,12.443658828735352,-36.8121702671051,-0.0002698726185166092,forget,for_001,M_gd_s2
3,-2,real,-36.79888105392456,12.443658828735352,-36.80734086036682,-0.00017179874276224626,forget,for_001,M_gd_s2
3,-1,real,-36.79888105392456,12.443658828735352,-36.65988087654114,0.002822766204071652,forget,for_001,M_gd_s2
3,-12,random_position,-36.79888105392456,12.443658828735352,-36.8112268447876,-0.00025071393336850424,forget,for_001,M_gd_s2
4,-6,real,-36.79888105392456,12.443658828735352,-36.54236435890198,0.005209249880973582,forget,for_001,M_gd_s2
4,-5,real,-36.79888105392456,12.443658828735352,-36.49477553367615,0.006175666831423935,forget,for_001,M_gd_s2
4,-4,real,-36.79888105392456,12.443658828735352,-36.80928134918213,-0.0002112055000077419,forget,for_001,M_gd_s2
4,-3,real,-36.79888105392456,12.443658828735352,-36.79758596420288,2.6300221815644722e-05,forget,for_001,M_gd_s2
4,-2,real,-36.79888105392456,12.443658828735352,-36.809574127197266,-0.00021715113189095468,forget,for_001,M_gd_s2
4,-1,real,-36.79888105392456,12.443658828735352,-36.5475754737854,0.0051034244118600795,forget,for_001,M_gd_s2
4,-9,random_position,-36.79888105392456,12.443658828735352,-36.73846673965454,0.001226872424005359,forget,for_001,M_gd_s2
5,-6,real,-36.79888105392456,12.443658828735352,-36.45488715171814,0.006985705916594153,forget,for_001,M_gd_s2
5,-5,real,-36.79888105392456,12.443658828735352,-36.58350610733032,0.004373757874948275,forget,for_001,M_gd_s2
5,-4,real,-36.79888105392456,12.443658828735352,-36.82646131515503,-0.0005600901435261011,forget,for_001,M_gd_s2
5,-3,real,-36.79888105392456,12.443658828735352,-36.79393267631531,0.00010048989392188995,forget,for_001,M_gd_s2
5,-2,real,-36.79888105392456,12.443658828735352,-36.801841497421265,-6.0119634441248254e-05,forget,for_001,M_gd_s2
5,-1,real,-36.79888105392456,12.443658828735352,-36.36671543121338,0.008776265881918143,forget,for_001,M_gd_s2
5,-11,random_position,-36.79888105392456,12.443658828735352,-36.79876971244812,2.2610831347397065e-06,forget,for_001,M_gd_s2
6,-6,real,-36.79888105392456,12.443658828735352,-36.58293390274048,0.004385378002407322,forget,for_001,M_gd_s2
6,-5,real,-36.79888105392456,12.443658828735352,-36.777060747146606,0.00044311903549146183,forget,for_001,M_gd_s2
6,-4,real,-36.79888105392456,12.443658828735352,-36.844985008239746,-0.0009362627196941242,forget,for_001,M_gd_s2
6,-3,real,-36.79888105392456,12.443658828735352,-36.7767813205719,0.0004487935310672968,forget,for_001,M_gd_s2
6,-2,real,-36.79888105392456,12.443658828735352,-36.82917022705078,-0.000615101763605143,forget,for_001,M_gd_s2
6,-1,real,-36.79888105392456,12.443658828735352,-36.254658699035645,0.01105187417598166,forget,for_001,M_gd_s2
6,-2,random_position,-36.79888105392456,12.443658828735352,-36.82917022705078,-0.000615101763605143,forget,for_001,M_gd_s2
7,-6,real,-36.79888105392456,12.443658828735352,-36.63440203666687,0.0033401814295044,forget,for_001,M_gd_s2
7,-5,real,-36.79888105392456,12.443658828735352,-36.619736671447754,0.003638000454560019,forget,for_001,M_gd_s2
7,-4,real,-36.79888105392456,12.443658828735352,-36.85189485549927,-0.001076585442201675,forget,for_001,M_gd_s2
7,-3,real,-36.79888105392456,12.443658828735352,-36.77658128738403,0.0004528557339581889,forget,for_001,M_gd_s2
7,-2,real,-36.79888105392456,12.443658828735352,-36.85286331176758,-0.001096252507926113,forget,for_001,M_gd_s2
7,-1,real,-36.79888105392456,12.443658828735352,-35.2432975769043,0.03159023642417846,forget,for_001,M_gd_s2
7,-8,random_position,-36.79888105392456,12.443658828735352,-23.312047958374023,0.2738858135199428,forget,for_001,M_gd_s2
8,-6,real,-36.79888105392456,12.443658828735352,-36.6960711479187,0.0020878270343253048,forget,for_001,M_gd_s2
8,-5,real,-36.79888105392456,12.443658828735352,-36.044925928115845,0.015311052752463949,forget,for_001,M_gd_s2
8,-4,real,-36.79888105392456,12.443658828735352,-36.84536814689636,-0.0009440433633719115,forget,for_001,M_gd_s2
8,-3,real,-36.79888105392456,12.443658828735352,-36.810981035232544,-0.0002457221202808883,forget,for_001,M_gd_s2
8,-2,real,-36.79888105392456,12.443658828735352,-36.873674392700195,-0.0015188765436116795,forget,for_001,M_gd_s2
8,-1,real,-36.79888105392456,12.443658828735352,-28.631765365600586,0.165854882948471,forget,for_001,M_gd_s2
8,-5,random_position,-36.79888105392456,12.443658828735352,-36.044925928115845,0.015311052752463949,forget,for_001,M_gd_s2
9,-6,real,-36.79888105392456,12.443658828735352,-36.88751220703125,-0.0017998899593296507,forget,for_001,M_gd_s2
9,-5,real,-36.79888105392456,12.443658828735352,-36.2369179725647,0.011412146544409885,forget,for_001,M_gd_s2
9,-4,real,-36.79888105392456,12.443658828735352,-36.85797905921936,-0.0012001412891297746,forget,for_001,M_gd_s2
9,-3,real,-36.79888105392456,12.443658828735352,-36.83174657821655,-0.0006674213874895054,forget,for_001,M_gd_s2
9,-2,real,-36.79888105392456,12.443658828735352,-36.96540832519531,-0.003381776644088017,forget,for_001,M_gd_s2
9,-1,real,-36.79888105392456,12.443658828735352,-12.968896865844727,0.4839308501321078,forget,for_001,M_gd_s2
9,-11,random_position,-36.79888105392456,12.443658828735352,-36.7952082157135,7.458669312776269e-05,forget,for_001,M_gd_s2
10,-6,real,-36.79888105392456,12.443658828735352,-36.826756715774536,-0.0005660890343268345,forget,for_001,M_gd_s2
10,-5,real,-36.79888105392456,12.443658828735352,-35.93938207626343,0.01745439978744463,forget,for_001,M_gd_s2
10,-4,real,-36.79888105392456,12.443658828735352,-36.895809173583984,-0.001968381807485843,forget,for_001,M_gd_s2
10,-3,real,-36.79888105392456,12.443658828735352,-36.8106586933136,-0.00023917611514562474,forget,for_001,M_gd_s2
10,-2,real,-36.79888105392456,12.443658828735352,-37.17488718032837,-0.007635798789010354,forget,for_001,M_gd_s2
10,-1,real,-36.79888105392456,12.443658828735352,2.1308135986328125,0.7905704040718243,forget,for_001,M_gd_s2
10,-6,random_position,-36.79888105392456,12.443658828735352,-36.826756715774536,-0.0005660890343268345,forget,for_001,M_gd_s2
11,-6,real,-36.79888105392456,12.443658828735352,-36.79888105392456,0.0,forget,for_001,M_gd_s2
11,-5,real,-36.79888105392456,12.443658828735352,-36.79888105392456,0.0,forget,for_001,M_gd_s2
11,-4,real,-36.79888105392456,12.443658828735352,-36.79888105392456,0.0,forget,for_001,M_gd_s2
11,-3,real,-36.79888105392456,12.443658828735352,-36.79888105392456,0.0,forget,for_001,M_gd_s2
11,-2,real,-36.79888105392456,12.443658828735352,-36.79888105392456,0.0,forget,for_001,M_gd_s2
11,-1,real,-36.79888105392456,12.443658828735352,12.344223022460938,0.9979806929839249,forget,for_001,M_gd_s2
11,-6,random_position,-36.79888105392456,12.443658828735352,-36.79888105392456,0.0,forget,for_001,M_gd_s2
0,-6,real,-34.72335386276245,12.955150604248047,-34.54098033905029,0.003825068041686276,forget,for_001,M_gd_s2
0,-5,real,-34.72335386276245,12.955150604248047,-34.67083168029785,0.0011015903928140306,forget,for_001,M_gd_s2
0,-4,real,-34.72335386276245,12.955150604248047,-34.66796278953552,0.0011617619689655882,forget,for_001,M_gd_s2
0,-3,real,-34.72335386276245,12.955150604248047,-34.630192041397095,0.001953958548129725,forget,for_001,M_gd_s2
0,-2,real,-34.72335386276245,12.955150604248047,-34.73438215255737,-0.0002313052793539806,forget,for_001,M_gd_s2
0,-1,real,-34.72335386276245,12.955150604248047,-34.71101665496826,0.00025875827969238757,forget,for_001,M_gd_s2
0,-13,random_position,-34.72335386276245,12.955150604248047,-34.699241638183594,0.0005057252707148365,forget,for_001,M_gd_s2
1,-6,real,-34.72335386276245,12.955150604248047,-34.02548956871033,0.014636874664032032,forget,for_001,M_gd_s2
1,-5,real,-34.72335386276245,12.955150604248047,-34.42941904067993,0.006164933765611244,forget,for_001,M_gd_s2
1,-4,real,-34.72335386276245,12.955150604248047,-34.51576495170593,0.004353930841101624,forget,for_001,M_gd_s2
1,-3,real,-34.72335386276245,12.955150604248047,-34.5481173992157,0.003675376681917567,forget,for_001,M_gd_s2
1,-2,real,-34.72335386276245,12.955150604248047,-34.742390155792236,-0.00039926363552272626,forget,for_001,M_gd_s2
1,-1,real,-34.72335386276245,12.955150604248047,-34.70054578781128,0.000478372281306624,forget,for_001,M_gd_s2
1,-3,random_position,-34.72335386276245,12.955150604248047,-34.5481173992157,0.003675376681917567,forget,for_001,M_gd_s2
2,-6,real,-34.72335386276245,12.955150604248047,-33.14885854721069,0.033023169102151174,forget,for_001,M_gd_s2
2,-5,real,-34.72335386276245,12.955150604248047,-33.9632248878479,0.01594280238887308,forget,for_001,M_gd_s2
2,-4,real,-34.72335386276245,12.955150604248047,-34.36058449745178,0.007608656550074358,forget,for_001,M_gd_s2
2,-3,real,-34.72335386276245,12.955150604248047,-34.397381067276,0.0068368922039489695,forget,for_001,M_gd_s2
2,-2,real,-34.72335386276245,12.955150604248047,-34.784729957580566,-0.0012872906879992914,forget,for_001,M_gd_s2
2,-1,real,-34.72335386276245,12.955150604248047,-34.65591073036194,0.0014145395950323411,forget,for_001,M_gd_s2
2,-9,random_position,-34.72335386276245,12.955150604248047,-34.707348346710205,0.0003356966882910633,forget,for_001,M_gd_s2
3,-6,real,-34.72335386276245,12.955150604248047,-31.94954204559326,0.058177408208943154,forget,for_001,M_gd_s2
3,-5,real,-34.72335386276245,12.955150604248047,-32.93845796585083,0.03743607138824202,forget,for_001,M_gd_s2
3,-4,real,-34.72335386276245,12.955150604248047,-34.43617129325867,0.006023313287909235,forget,for_001,M_gd_s2
3,-3,real,-34.72335386276245,12.955150604248047,-34.42658591270447,0.006224355259786342,forget,for_001,M_gd_s2
3,-2,real,-34.72335386276245,12.955150604248047,-34.73015260696411,-0.00014259558427140502,forget,for_001,M_gd_s2
3,-1,real,-34.72335386276245,12.955150604248047,-34.64436316490173,0.0016567360646845093,forget,for_001,M_gd_s2
3,-13,random_position,-34.72335386276245,12.955150604248047,-34.73682522773743,-0.0002825458794391639,forget,for_001,M_gd_s2
4,-6,real,-34.72335386276245,12.955150604248047,-30.729454040527344,0.08376730492875567,forget,for_001,M_gd_s2
4,-5,real,-34.72335386276245,12.955150604248047,-31.996084690093994,0.057201231522593106,forget,for_001,M_gd_s2
4,-4,real,-34.72335386276245,12.955150604248047,-34.609832763671875,0.0023809702162349324,forget,for_001,M_gd_s2
4,-3,real,-34.72335386276245,12.955150604248047,-34.497971296310425,0.004727131628215648,forget,for_001,M_gd_s2
4,-2,real,-34.72335386276245,12.955150604248047,-34.73843288421631,-0.00031626456455426013,forget,for_001,M_gd_s2
4,-1,real,-34.72335386276245,12.955150604248047,-34.43048095703125,0.006142661331456915,forget,for_001,M_gd_s2
4,-10,random_position,-34.72335386276245,12.955150604248047,-34.71821093559265,0.00010786678876134373,forget,for_001,M_gd_s2
5,-6,real,-34.72335386276245,12.955150604248047,-27.69444465637207,0.1474230218620593,forget,for_001,M_gd_s2
5,-5,real,-34.72335386276245,12.955150604248047,-30.745915412902832,0.083422047195538,forget,for_001,M_gd_s2
5,-4,real,-34.72335386276245,12.955150604248047,-34.575552225112915,0.00309996379504316,forget,for_001,M_gd_s2
5,-3,real,-34.72335386276245,12.955150604248047,-34.63423943519592,0.0018690692705805817,forget,for_001,M_gd_s2
5,-2,real,-34.72335386276245,12.955150604248047,-34.7718780040741,-0.001017736228392401,forget,for_001,M_gd_s2
5,-1,real,-34.72335386276245,12.955150604248047,-34.21857976913452,0.01058703705727999,forget,for_001,M_gd_s2
5,-12,random_position,-34.72335386276245,12.955150604248047,-34.721940755844116,2.9638239163158143e-05,forget,for_001,M_gd_s2
6,-6,real,-34.72335386276245,12.955150604248047,-24.900500297546387,0.20602268621937692,forget,for_001,M_gd_s2
6,-5,real,-34.72335386276245,12.955150604248047,-27.736428260803223,0.14654246562606826,forget,for_001,M_gd_s2
6,-4,real,-34.72335386276245,12.955150604248047,-34.67425346374512,0.0010298225493064136,forget,for_001,M_gd_s2
6,-3,real,-34.72335386276245,12.955150604248047,-34.866127490997314,-0.0029945072696995053,forget,for_001,M_gd_s2
6,-2,real,-34.72335386276245,12.955150604248047,-34.81019616127014,-0.0018214140623428734,forget,for_001,M_gd_s2
6,-1,real,-34.72335386276245,12.955150604248047,-34.14674425125122,0.012093701720661052,forget,for_001,M_gd_s2
6,-2,random_position,-34.72335386276245,12.955150604248047,-34.81019616127014,-0.0018214140623428734,forget,for_001,M_gd_s2
7,-6,real,-34.72335386276245,12.955150604248047,-18.85040283203125,0.33291629442181736,forget,for_001,M_gd_s2
7,-5,real,-34.72335386276245,12.955150604248047,-27.262392044067383,0.15648481222512808,forget,for_001,M_gd_s2
7,-4,real,-34.72335386276245,12.955150604248047,-34.64243030548096,0.0016972754952388747,forget,for_001,M_gd_s2
7,-3,real,-34.72335386276245,12.955150604248047,-34.668880462646484,0.001142514865449645,forget,for_001,M_gd_s2
7,-2,real,-34.72335386276245,12.955150604248047,-34.835336685180664,-0.0023487066901541668,forget,for_001,M_gd_s2
7,-1,real,-34.72335386276245,12.955150604248047,-33.30010223388672,0.02985101241714707,forget,for_001,M_gd_s2
7,-8,random_position,-34.72335386276245,12.955150604248047,-34.71621584892273,0.00014971136195474804,forget,for_001,M_gd_s2
8,-6,real,-34.72335386276245,12.955150604248047,-23.27320957183838,0.24015317634064226,forget,for_001,M_gd_s2
8,-5,real,-34.72335386276245,12.955150604248047,-29.006420135498047,0.11990589451521157,forget,for_001,M_gd_s2
8,-4,real,-34.72335386276245,12.955150604248047,-34.66505718231201,0.001222703629279644,forget,for_001,M_gd_s2
8,-3,real,-34.72335386276245,12.955150604248047,-34.07866144180298,0.013521657781978993,forget,for_001,M_gd_s2
8,-2,real,-34.72335386276245,12.955150604248047,-34.749693870544434,-0.0005524503773017353,forget,for_001,M_gd_s2
8,-1,real,-34.72335386276245,12.955150604248047,-25.636314392089844,0.19058985956575195,forget,for_001,M_gd_s2
8,-5,random_position,-34.72335386276245,12.955150604248047,-29.006420135498047,0.11990589451521157,forget,for_001,M_gd_s2
9,-6,real,-34.72335386276245,12.955150604248047,-30.928364753723145,0.07959538898006163,forget,for_001,M_gd_s2
9,-5,real,-34.72335386276245,12.955150604248047,-30.480944633483887,0.08897949456896144,forget,for_001,M_gd_s2
9,-4,real,-34.72335386276245,12.955150604248047,-34.82170343399048,-0.0020627654396348978,forget,for_001,M_gd_s2
9,-3,real,-34.72335386276245,12.955150604248047,-34.372398138046265,0.007360879470517332,forget,for_001,M_gd_s2
9,-2,real,-34.72335386276245,12.955150604248047,-34.61834001541138,0.002202540715674816,forget,for_001,M_gd_s2
9,-1,real,-34.72335386276245,12.955150604248047,-9.146350860595703,0.5364472583208619,forget,for_001,M_gd_s2
9,-12,random_position,-34.72335386276245,12.955150604248047,-34.71782088279724,0.00011604768285125881,forget,for_001,M_gd_s2
10,-6,real,-34.72335386276245,12.955150604248047,-35.15901780128479,-0.00913753364105163,forget,for_001,M_gd_s2
10,-5,real,-34.72335386276245,12.955150604248047,-34.53903079032898,0.003865957510496322,forget,for_001,M_gd_s2
10,-4,real,-34.72335386276245,12.955150604248047,-34.76725244522095,-0.0009207206255571671,forget,for_001,M_gd_s2
10,-3,real,-34.72335386276245,12.955150604248047,-34.06992483139038,0.013704897808281467,forget,for_001,M_gd_s2
10,-2,real,-34.72335386276245,12.955150604248047,-34.687158823013306,0.0007591479672813442,forget,for_001,M_gd_s2
10,-1,real,-34.72335386276245,12.955150604248047,5.516502380371094,0.8439831889227174,forget,for_001,M_gd_s2
10,-6,random_position,-34.72335386276245,12.955150604248047,-35.15901780128479,-0.00913753364105163,forget,for_001,M_gd_s2
11,-6,real,-34.72335386276245,12.955150604248047,-34.72335386276245,0.0,forget,for_001,M_gd_s2
11,-5,real,-34.72335386276245,12.955150604248047,-34.72335386276245,0.0,forget,for_001,M_gd_s2
11,-4,real,-34.72335386276245,12.955150604248047,-34.72335386276245,0.0,forget,for_001,M_gd_s2
11,-3,real,-34.72335386276245,12.955150604248047,-34.72335386276245,0.0,forget,for_001,M_gd_s2
11,-2,real,-34.72335386276245,12.955150604248047,-34.72335386276245,0.0,forget,for_001,M_gd_s2
11,-1,real,-34.72335386276245,12.955150604248047,12.991706848144531,1.0007667237952436,forget,for_001,M_gd_s2
11,-6,random_position,-34.72335386276245,12.955150604248047,-34.72335386276245,0.0,forget,for_001,M_gd_s2
0,-6,real,-37.12759983539581,12.394681930541992,-37.05014032125473,0.0015641345951543093,forget,for_001,M_gd_s2
0,-5,real,-37.12759983539581,12.394681930541992,-36.928593814373016,0.004018514776103796,forget,for_001,M_gd_s2
0,-4,real,-37.12759983539581,12.394681930541992,-36.97901201248169,0.0030004235995507895,forget,for_001,M_gd_s2
0,-3,real,-37.12759983539581,12.394681930541992,-37.132425129413605,-9.743682733760181e-05,forget,for_001,M_gd_s2
0,-2,real,-37.12759983539581,12.394681930541992,-37.19317191839218,-0.0013240925227615402,forget,for_001,M_gd_s2
0,-1,real,-37.12759983539581,12.394681930541992,-37.13199895620346,-8.883114127171517e-05,forget,for_001,M_gd_s2
0,-11,random_position,-37.12759983539581,12.394681930541992,-37.10860002040863,0.0003836619458889914,forget,for_001,M_gd_s2
1,-6,real,-37.12759983539581,12.394681930541992,-36.85972797870636,0.0054091178180263,forget,for_001,M_gd_s2
1,-5,real,-37.12759983539581,12.394681930541992,-36.79595744609833,0.006696831758782047,forget,for_001,M_gd_s2
1,-4,real,-37.12759983539581,12.394681930541992,-36.90328848361969,0.004529503564401749,forget,for_001,M_gd_s2
1,-3,real,-37.12759983539581,12.394681930541992,-37.14337736368179,-0.00031859453408369107,forget,for_001,M_gd_s2
1,-2,real,-37.12759983539581,12.394681930541992,-37.20098912715912,-0.0014819448770590365,forget,for_001,M_gd_s2
1,-1,real,-37.12759983539581,12.394681930541992,-37.123770356178284,7.732840816238948e-05,forget,for_001,M_gd_s2
1,-3,random_position,-37.12759983539581,12.394681930541992,-37.14337736368179,-0.00031859453408369107,forget,for_001,M_gd_s2
2,-6,real,-37.12759983539581,12.394681930541992,-36.551565647125244,0.01163181840031398,forget,for_001,M_gd_s2
2,-5,real,-37.12759983539581,12.394681930541992,-36.64724338054657,0.00969980456715627,forget,for_001,M_gd_s2
2,-4,real,-37.12759983539581,12.394681930541992,-36.701031029224396,0.008613674309022204,forget,for_001,M_gd_s2
2,-3,real,-37.12759983539581,12.394681930541992,-37.14703446626663,-0.00039244215286110936,forget,for_001,M_gd_s2
2,-2,real,-37.12759983539581,12.394681930541992,-37.184048771858215,-0.001139869457736271,forget,for_001,M_gd_s2
2,-1,real,-37.12759983539581,12.394681930541992,-37.12868267297745,-2.1865664162092668e-05,forget,for_001,M_gd_s2
2,-8,random_position,-37.12759983539581,12.394681930541992,-36.69479709863663,0.008739555636890588,forget,for_001,M_gd_s2
3,-6,real,-37.12759983539581,12.394681930541992,-35.896034717559814,0.02486890898236212,forget,for_001,M_gd_s2
3,-5,real,-37.12759983539581,12.394681930541992,-36.67637187242508,0.009111614951496344,forget,for_001,M_gd_s2
3,-4,real,-37.12759983539581,12.394681930541992,-36.60414046049118,0.010570178841490217,forget,for_001,M_gd_s2
3,-3,real,-37.12759983539581,12.394681930541992,-37.17448079586029,-0.0009466639822061469,forget,for_001,M_gd_s2
3,-2,real,-37.12759983539581,12.394681930541992,-37.208440005779266,-0.0016323999521172406,forget,for_001,M_gd_s2
3,-1,real,-37.12759983539581,12.394681930541992,-37.10193419456482,0.0005182645046991126,forget,for_001,M_gd_s2
3,-11,random_position,-37.12759983539581,12.394681930541992,-37.13289397954941,-0.00010690428560253387,forget,for_001,M_gd_s2
4,-6,real,-37.12759983539581,12.394681930541992,-35.25391173362732,0.037835253848445355,forget,for_001,M_gd_s2
4,-5,real,-37.12759983539581,12.394681930541992,-36.79990416765213,0.006617135884257196,forget,for_001,M_gd_s2
4,-4,real,-37.12759983539581,12.394681930541992,-36.573733270168304,0.011184189126125173,forget,for_001,M_gd_s2
4,-3,real,-37.12759983539581,12.394681930541992,-37.15322256088257,-0.0005173979181302401,forget,for_001,M_gd_s2
4,-2,real,-37.12759983539581,12.394681930541992,-37.219239473342896,-0.0018504728513966352,forget,for_001,M_gd_s2
4,-1,real,-37.12759983539581,12.394681930541992,-37.00964570045471,0.0023818396635801172,forget,for_001,M_gd_s2
4,-8,random_position,-37.12759983539581,12.394681930541992,-37.10131907463074,0.0005306855788529518,forget,for_001,M_gd_s2
5,-6,real,-37.12759983539581,12.394681930541992,-34.092161893844604,0.06129438776464113,forget,for_001,M_gd_s2
5,-5,real,-37.12759983539581,12.394681930541992,-36.74458962678909,0.00773409857035627,forget,for_001,M_gd_s2
5,-4,real,-37.12759983539581,12.394681930541992,-36.65293729305267,0.009584827786946196,forget,for_001,M_gd_s2
5,-3,real,-37.12759983539581,12.394681930541992,-37.10431718826294,0.00047014487827755347,forget,for_001,M_gd_s2
5,-2,real,-37.12759983539581,12.394681930541992,-37.23329323530197,-0.002134259491630614,forget,for_001,M_gd_s2
5,-1,real,-37.12759983539581,12.394681930541992,-36.922720432281494,0.004137115573201194,forget,for_001,M_gd_s2
5,-10,random_position,-37.12759983539581,12.394681930541992,-37.12296950817108,9.349987641151577e-05,forget,for_001,M_gd_s2
6,-6,real,-37.12759983539581,12.394681930541992,-31.957394123077393,0.10440160525629431,forget,for_001,M_gd_s2
6,-5,real,-37.12759983539581,12.394681930541992,-36.92788124084473,0.004032903723924449,forget,for_001,M_gd_s2
6,-4,real,-37.12759983539581,12.394681930541992,-36.86176669597626,0.005367950141635029,forget,for_001,M_gd_s2
6,-3,real,-37.12759983539581,12.394681930541992,-36.955172657966614,0.00348181003137455,forget,for_001,M_gd_s2
6,-2,real,-37.12759983539581,12.394681930541992,-37.24699950218201,-0.0024110291878416392,forget,for_001,M_gd_s2
6,-1,real,-37.12759983539581,12.394681930541992,-36.639864444732666,0.009848806906119155,forget,for_001,M_gd_s2
6,-2,random_position,-37.12759983539581,12.394681930541992,-37.24699950218201,-0.0024110291878416392,forget,for_001,M_gd_s2
7,-6,real,-37.12759983539581,12.394681930541992,-31.80083990097046,0.10756289380206188,forget,for_001,M_gd_s2
7,-5,real,-37.12759983539581,12.394681930541992,-36.963169038295746,0.003320339678152011,forget,for_001,M_gd_s2
7,-4,real,-37.12759983539581,12.394681930541992,-36.759308099746704,0.007436889467044422,forget,for_001,M_gd_s2
7,-3,real,-37.12759983539581,12.394681930541992,-36.82373994588852,0.006135821667980841,forget,for_001,M_gd_s2
7,-2,real,-37.12759983539581,12.394681930541992,-37.24995040893555,-0.0024706166431912777,forget,for_001,M_gd_s2
7,-1,real,-37.12759983539581,12.394681930541992,-35.84104633331299,0.025979285610537764,forget,for_001,M_gd_s2
7,-7,random_position,-37.12759983539581,12.394681930541992,-23.132291793823242,0.28260628433318197,forget,for_001,M_gd_s2
8,-6,real,-37.12759983539581,12.394681930541992,-33.26603031158447,0.07797640549081863,forget,for_001,M_gd_s2
8,-5,real,-37.12759983539581,12.394681930541992,-37.061742305755615,0.001329856527036999,forget,for_001,M_gd_s2
8,-4,real,-37.12759983539581,12.394681930541992,-36.291135013103485,0.016890676125260073,forget,for_001,M_gd_s2
8,-3,real,-37.12759983539581,12.394681930541992,-36.67556995153427,0.009127808084409692,forget,for_001,M_gd_s2
8,-2,real,-37.12759983539581,12.394681930541992,-37.14483940601349,-0.0003481174534557377,forget,for_001,M_gd_s2
8,-1,real,-37.12759983539581,12.394681930541992,-28.81154155731201,0.16792558786747414,forget,for_001,M_gd_s2
8,-5,random_position,-37.12759983539581,12.394681930541992,-37.061742305755615,0.001329856527036999,forget,for_001,M_gd_s2
9,-6,real,-37.12759983539581,12.394681930541992,-34.1590371131897,0.05994398109999728,forget,for_001,M_gd_s2
9,-5,real,-37.12759983539581,12.394681930541992,-37.20552545785904,-0.00157354668816623,forget,for_001,M_gd_s2
9,-4,real,-37.12759983539581,12.394681930541992,-36.64806145429611,0.009683285260687137,forget,for_001,M_gd_s2
9,-3,real,-37.12759983539581,12.394681930541992,-37.01435887813568,0.002286666793653695,forget,for_001,M_gd_s2
9,-2,real,-37.12759983539581,12.394681930541992,-37.00042563676834,0.0025680197699400904,forget,for_001,M_gd_s2
9,-1,real,-37.12759983539581,12.394681930541992,-13.88186264038086,0.46939955846307013,forget,for_001,M_gd_s2
9,-10,random_position,-37.12759983539581,12.394681930541992,-37.12531393766403,4.615897430948511e-05,forget,for_001,M_gd_s2
10,-6,real,-37.12759983539581,12.394681930541992,-36.99292814731598,0.0027194160542994865,forget,for_001,M_gd_s2
10,-5,real,-37.12759983539581,12.394681930541992,-37.13874977827072,-0.0002251500229251866,forget,for_001,M_gd_s2
10,-4,real,-37.12759983539581,12.394681930541992,-36.32121044397354,0.01628336503623948,forget,for_001,M_gd_s2
10,-3,real,-37.12759983539581,12.394681930541992,-37.122789204120636,9.714074359323703e-05,forget,for_001,M_gd_s2
10,-2,real,-37.12759983539581,12.394681930541992,-37.00007462501526,0.0025751077259179933,forget,for_001,M_gd_s2
10,-1,real,-37.12759983539581,12.394681930541992,0.8280239105224609,0.7664352770599666,forget,for_001,M_gd_s2
10,-5,random_position,-37.12759983539581,12.394681930541992,-37.13874977827072,-0.0002251500229251866,forget,for_001,M_gd_s2
11,-6,real,-37.12759983539581,12.394681930541992,-37.12759983539581,0.0,forget,for_001,M_gd_s2
11,-5,real,-37.12759983539581,12.394681930541992,-37.12759983539581,0.0,forget,for_001,M_gd_s2
11,-4,real,-37.12759983539581,12.394681930541992,-37.12759983539581,0.0,forget,for_001,M_gd_s2
11,-3,real,-37.12759983539581,12.394681930541992,-37.12759983539581,0.0,forget,for_001,M_gd_s2
11,-2,real,-37.12759983539581,12.394681930541992,-37.12759983539581,0.0,forget,for_001,M_gd_s2
11,-1,real,-37.12759983539581,12.394681930541992,12.427692413330078,1.0006665783887767,forget,for_001,M_gd_s2
11,-6,random_position,-37.12759983539581,12.394681930541992,-37.12759983539581,0.0,forget,for_001,M_gd_s2
0,-6,real,7.314329147338867,8.383245468139648,7.311946868896484,-0.0022286856286356663,forget,for_002,M_gd_s2
0,-5,real,7.314329147338867,8.383245468139648,7.301280975341797,-0.012206916241390385,forget,for_002,M_gd_s2
0,-4,real,7.314329147338867,8.383245468139648,7.321893692016602,0.0070768352307198175,forget,for_002,M_gd_s2
0,-3,real,7.314329147338867,8.383245468139648,7.312461853027344,-0.0017469041076335606,forget,for_002,M_gd_s2
0,-2,real,7.314329147338867,8.383245468139648,7.29937744140625,-0.013987723493094465,forget,for_002,M_gd_s2
0,-1,real,7.314329147338867,8.383245468139648,7.324617385864258,0.009624924164019843,forget,for_002,M_gd_s2
0,-14,random_position,7.314329147338867,8.383245468139648,7.310726165771484,-0.0033706862710110273,forget,for_002,M_gd_s2
1,-6,real,7.314329147338867,8.383245468139648,7.309377670288086,-0.004632240105635059,forget,for_002,M_gd_s2
1,-5,real,7.314329147338867,8.383245468139648,7.286874771118164,-0.025684308197423362,forget,for_002,M_gd_s2
1,-4,real,7.314329147338867,8.383245468139648,7.328678131103516,0.01342386067592163,forget,for_002,M_gd_s2
1,-3,real,7.314329147338867,8.383245468139648,7.313009262084961,-0.0012347881945683594,forget,for_002,M_gd_s2
1,-2,real,7.314329147338867,8.383245468139648,7.292787551879883,-0.020152742585917705,forget,for_002,M_gd_s2
1,-1,real,7.314329147338867,8.383245468139648,7.330718994140625,0.015333142999892937,forget,for_002,M_gd_s2
1,-3,random_position,7.314329147338867,8.383245468139648,7.313009262084961,-0.0012347881945683594,forget,for_002,M_gd_s2
2,-6,real,7.314329147338867,8.383245468139648,7.32417106628418,0.009207380179151351,forget,for_002,M_gd_s2
2,-5,real,7.314329147338867,8.383245468139648,7.275142669677734,-0.03666000499625281,forget,for_002,M_gd_s2
2,-4,real,7.314329147338867,8.383245468139648,7.314569473266602,0.00022483137646764925,forget,for_002,M_gd_s2
2,-3,real,7.314329147338867,8.383245468139648,7.31085205078125,-0.0032529174547660683,forget,for_002,M_gd_s2
2,-2,real,7.314329147338867,8.383245468139648,7.281734466552734,-0.030493201527425857,forget,for_002,M_gd_s2
2,-1,real,7.314329147338867,8.383245468139648,7.353750228881836,0.03687948324470933,forget,for_002,M_gd_s2
2,-9,random_position,7.314329147338867,8.383245468139648,7.268537521362305,-0.042839299097105744,forget,for_002,M_gd_s2
3,-6,real,7.314329147338867,8.383245468139648,7.337329864501953,0.021517790228757005,forget,for_002,M_gd_s2
3,-5,real,7.314329147338867,8.383245468139648,7.285383224487305,-0.027079690232325756,forget,for_002,M_gd_s2
3,-4,real,7.314329147338867,8.383245468139648,7.312200546264648,-0.001991363620142036,forget,for_002,M_gd_s2
3,-3,real,7.314329147338867,8.383245468139648,7.303777694702148,-0.009871168052532029,forget,for_002,M_gd_s2
3,-2,real,7.314329147338867,8.383245468139648,7.2791595458984375,-0.03290210913243639,forget,for_002,M_gd_s2
3,-1,real,7.314329147338867,8.383245468139648,7.390523910522461,0.07128225259626708,forget,for_002,M_gd_s2
3,-14,random_position,7.314329147338867,8.383245468139648,7.315147399902344,0.0007654973055922344,forget,for_002,M_gd_s2
4,-6,real,7.314329147338867,8.383245468139648,7.356611251831055,0.03955604725027658,forget,for_002,M_gd_s2
4,-5,real,7.314329147338867,8.383245468139648,7.315380096435547,0.0009831911780450377,forget,for_002,M_gd_s2
4,-4,real,7.314329147338867,8.383245468139648,7.307750701904297,-0.006154312836800971,forget,for_002,M_gd_s2
4,-3,real,7.314329147338867,8.383245468139648,7.308290481567383,-0.005649334427750616,forget,for_002,M_gd_s2
4,-2,real,7.314329147338867,8.383245468139648,7.294248580932617,-0.018785910567074696,forget,for_002,M_gd_s2
4,-1,real,7.314329147338867,8.383245468139648,7.419841766357422,0.09870989614931658,forget,for_002,M_gd_s2
4,-11,random_position,7.314329147338867,8.383245468139648,7.378976821899414,0.06047964026979765,forget,for_002,M_gd_s2
5,-6,real,7.314329147338867,8.383245468139648,7.331171035766602,0.015756040112772565,forget,for_002,M_gd_s2
5,-5,real,7.314329147338867,8.383245468139648,7.338071823120117,0.022211912494200778,forget,for_002,M_gd_s2
5,-4,real,7.314329147338867,8.383245468139648,7.292551040649414,-0.02037400521037793,forget,for_002,M_gd_s2
5,-3,real,7.314329147338867,8.383245468139648,7.288671493530273,-0.024003426001927126,forget,for_002,M_gd_s2
5,-2,real,7.314329147338867,8.383245468139648,7.257528305053711,-0.053138717390528535,forget,for_002,M_gd_s2
5,-1,real,7.314329147338867,8.383245468139648,7.576143264770508,0.24493415652546305,forget,for_002,M_gd_s2
5,-12,random_position,7.314329147338867,8.383245468139648,7.315561294555664,0.0011527068983976302,forget,for_002,M_gd_s2
6,-6,real,7.314329147338867,8.383245468139648,7.363761901855469,0.046245672888191,forget,for_002,M_gd_s2
6,-5,real,7.314329147338867,8.383245468139648,7.359489440917969,0.04224867063987724,forget,for_002,M_gd_s2
6,-4,real,7.314329147338867,8.383245468139648,7.327060699462891,0.011910709824774277,forget,for_002,M_gd_s2
6,-3,real,7.314329147338867,8.383245468139648,7.293479919433594,-0.01950501409657043,forget,for_002,M_gd_s2
6,-2,real,7.314329147338867,8.383245468139648,7.288476943969727,-0.0241854323543057,forget,for_002,M_gd_s2
6,-1,real,7.314329147338867,8.383245468139648,7.478910446166992,0.1539702366082581,forget,for_002,M_gd_s2
6,-2,random_position,7.314329147338867,8.383245468139648,7.288476943969727,-0.0241854323543057,forget,for_002,M_gd_s2
7,-6,real,7.314329147338867,8.383245468139648,7.365293502807617,0.047678526819171334,forget,for_002,M_gd_s2
7,-5,real,7.314329147338867,8.383245468139648,7.374650955200195,0.056432675493379963,forget,for_002,M_gd_s2
7,-4,real,7.314329147338867,8.383245468139648,7.3438568115234375,0.027623924913457765,forget,for_002,M_gd_s2
7,-3,real,7.314329147338867,8.383245468139648,7.305021286010742,-0.00870775489811213,forget,for_002,M_gd_s2
7,-2,real,7.314329147338867,8.383245468139648,7.303972244262695,-0.009689161700153456,forget,for_002,M_gd_s2
7,-1,real,7.314329147338867,8.383245468139648,7.559471130371094,0.22933692587702081,forget,for_002,M_gd_s2
7,-9,random_position,7.314329147338867,8.383245468139648,7.441045761108398,0.11854680418257735,forget,for_002,M_gd_s2
8,-6,real,7.314329147338867,8.383245468139648,7.377077102661133,0.058702401770101,forget,for_002,M_gd_s2
8,-5,real,7.314329147338867,8.383245468139648,7.366846084594727,0.0491310088861925,forget,for_002,M_gd_s2
8,-4,real,7.314329147338867,8.383245468139648,7.34351921081543,0.027308090360800827,forget,for_002,M_gd_s2
8,-3,real,7.314329147338867,8.383245468139648,7.340085983276367,0.024096213554120123,forget,for_002,M_gd_s2
8,-2,real,7.314329147338867,8.383245468139648,7.300348281860352,-0.01307947610720531,forget,for_002,M_gd_s2
8,-1,real,7.314329147338867,8.383245468139648,7.74156379699707,0.3996895185753542,forget,for_002,M_gd_s2
8,-5,random_position,7.314329147338867,8.383245468139648,7.366846084594727,0.0491310088861925,forget,for_002,M_gd_s2
9,-6,real,7.314329147338867,8.383245468139648,7.385044097900391,0.06615574033760394,forget,for_002,M_gd_s2
9,-5,real,7.314329147338867,8.383245468139648,7.352731704711914,0.035926626458727386,forget,for_002,M_gd_s2
9,-4,real,7.314329147338867,8.383245468139648,7.362306594848633,0.04488419399735912,forget,for_002,M_gd_s2
9,-3,real,7.314329147338867,8.383245468139648,7.3497772216796875,0.033162628028978264,forget,for_002,M_gd_s2
9,-2,real,7.314329147338867,8.383245468139648,7.327539443969727,0.012358588201705864,forget,for_002,M_gd_s2
9,-1,real,7.314329147338867,8.383245468139648,7.967124938964844,0.6107080403982728,forget,for_002,M_gd_s2
9,-13,random_position,7.314329147338867,8.383245468139648,7.321554183959961,0.0067592163020591695,forget,for_002,M_gd_s2
10,-6,real,7.314329147338867,8.383245468139648,7.387310028076172,0.0682755790300132,forget,for_002,M_gd_s2
10,-5,real,7.314329147338867,8.383245468139648,7.347339630126953,0.030882195496234967,forget,for_002,M_gd_s2
10,-4,real,7.314329147338867,8.383245468139648,7.381679534912109,0.06300810106705686,forget,for_002,M_gd_s2
10,-3,real,7.314329147338867,8.383245468139648,7.357503890991211,0.040391135220013565,forget,for_002,M_gd_s2
10,-2,real,7.314329147338867,8.383245468139648,7.34235954284668,0.026223189750544235,forget,for_002,M_gd_s2
10,-1,real,7.314329147338867,8.383245468139648,8.155540466308594,0.7869758395489097,forget,for_002,M_gd_s2
10,-6,random_position,7.314329147338867,8.383245468139648,7.387310028076172,0.0682755790300132,forget,for_002,M_gd_s2
11,-6,real,7.314329147338867,8.383245468139648,7.314329147338867,0.0,forget,for_002,M_gd_s2
11,-5,real,7.314329147338867,8.383245468139648,7.314329147338867,0.0,forget,for_002,M_gd_s2
11,-4,real,7.314329147338867,8.383245468139648,7.314329147338867,0.0,forget,for_002,M_gd_s2
11,-3,real,7.314329147338867,8.383245468139648,7.314329147338867,0.0,forget,for_002,M_gd_s2
11,-2,real,7.314329147338867,8.383245468139648,7.314329147338867,0.0,forget,for_002,M_gd_s2
11,-1,real,7.314329147338867,8.383245468139648,8.34954833984375,0.9684754291424289,forget,for_002,M_gd_s2
11,-7,random_position,7.314329147338867,8.383245468139648,7.314329147338867,0.0,forget,for_002,M_gd_s2
0,-6,real,8.973896026611328,9.185632705688477,9.021900177001953,0.2267162713604958,forget,for_002,M_gd_s2
0,-5,real,8.973896026611328,9.185632705688477,9.034963607788086,0.2884128599868481,forget,for_002,M_gd_s2
0,-4,real,8.973896026611328,9.185632705688477,8.8822021484375,-0.43305618362144294,forget,for_002,M_gd_s2
0,-3,real,8.973896026611328,9.185632705688477,8.980804443359375,0.032627397284953744,forget,for_002,M_gd_s2
0,-2,real,8.973896026611328,9.185632705688477,8.986852645874023,0.06119213411283567,forget,for_002,M_gd_s2
0,-1,real,8.973896026611328,9.185632705688477,8.941341400146484,-0.15375052922683338,forget,for_002,M_gd_s2
0,-11,random_position,8.973896026611328,9.185632705688477,8.974048614501953,0.0007206493050238265,forget,for_002,M_gd_s2
1,-6,real,8.973896026611328,9.185632705688477,8.999998092651367,0.12327607174063832,forget,for_002,M_gd_s2
1,-5,real,8.973896026611328,9.185632705688477,9.131296157836914,0.7433767824810154,forget,for_002,M_gd_s2
1,-4,real,8.973896026611328,9.185632705688477,8.854900360107422,-0.561998360522831,forget,for_002,M_gd_s2
1,-3,real,8.973896026611328,9.185632705688477,8.995058059692383,0.09994505049049193,forget,for_002,M_gd_s2
1,-2,real,8.973896026611328,9.185632705688477,8.954910278320312,-0.08966678977758961,forget,for_002,M_gd_s2
1,-1,real,8.973896026611328,9.185632705688477,8.937026977539062,-0.17412688832638207,forget,for_002,M_gd_s2
1,-3,random_position,8.973896026611328,9.185632705688477,8.995058059692383,0.09994505049049193,forget,for_002,M_gd_s2
2,-6,real,8.973896026611328,9.185632705688477,8.941036224365234,-0.15519182783688104,forget,for_002,M_gd_s2
2,-5,real,8.973896026611328,9.185632705688477,9.109663009643555,0.6412067272612624,forget,for_002,M_gd_s2
2,-4,real,8.973896026611328,9.185632705688477,8.953062057495117,-0.0983956544846907,forget,for_002,M_gd_s2
2,-3,real,8.973896026611328,9.185632705688477,9.00446891784668,0.14439109637783643,forget,for_002,M_gd_s2
2,-2,real,8.973896026611328,9.185632705688477,8.94047737121582,-0.1578312059165308,forget,for_002,M_gd_s2
2,-1,real,8.973896026611328,9.185632705688477,8.931575775146484,-0.19987208474835827,forget,for_002,M_gd_s2
2,-8,random_position,8.973896026611328,9.185632705688477,9.119527816772461,0.6877967048310528,forget,for_002,M_gd_s2
3,-6,real,8.973896026611328,9.185632705688477,8.940925598144531,-0.1557142985830233,forget,for_002,M_gd_s2
3,-5,real,8.973896026611328,9.185632705688477,9.178192138671875,0.9648593382637757,forget,for_002,M_gd_s2
3,-4,real,8.973896026611328,9.185632705688477,8.762544631958008,-0.9981803605048148,forget,for_002,M_gd_s2
3,-3,real,8.973896026611328,9.185632705688477,8.990949630737305,0.0805415679527254,forget,for_002,M_gd_s2
3,-2,real,8.973896026611328,9.185632705688477,8.978544235229492,0.021952779454288314,forget,for_002,M_gd_s2
3,-1,real,8.973896026611328,9.185632705688477,8.941654205322266,-0.15227319815153453,forget,for_002,M_gd_s2
3,-11,random_position,8.973896026611328,9.185632705688477,8.945077896118164,-0.13610362937006243,forget,for_002,M_gd_s2
4,-6,real,8.973896026611328,9.185632705688477,9.012144088745117,0.1806397564205349,forget,for_002,M_gd_s2
4,-5,real,8.973896026611328,9.185632705688477,9.140680313110352,0.7876967147399807,forget,for_002,M_gd_s2
4,-4,real,8.973896026611328,9.185632705688477,8.529993057250977,-2.0964859338263775,forget,for_002,M_gd_s2
4,-3,real,8.973896026611328,9.185632705688477,8.977373123168945,0.016421796038230446,forget,for_002,M_gd_s2
4,-2,real,8.973896026611328,9.185632705688477,8.974929809570312,0.004882399041536424,forget,for_002,M_gd_s2
4,-1,real,8.973896026611328,9.185632705688477,8.976865768432617,0.014025637099026222,forget,for_002,M_gd_s2
4,-8,random_position,8.973896026611328,9.185632705688477,9.030580520629883,0.26771220870003876,forget,for_002,M_gd_s2
5,-6,real,8.973896026611328,9.185632705688477,8.95640754699707,-0.08259541847204331,forget,for_002,M_gd_s2
5,-5,real,8.973896026611328,9.185632705688477,9.165342330932617,0.9041716586644567,forget,for_002,M_gd_s2
5,-4,real,8.973896026611328,9.185632705688477,8.41331672668457,-2.6475304249128464,forget,for_002,M_gd_s2
5,-3,real,8.973896026611328,9.185632705688477,8.97146987915039,-0.011458323949878842,forget,for_002,M_gd_s2
5,-2,real,8.973896026611328,9.185632705688477,8.963409423828125,-0.049526623487762475,forget,for_002,M_gd_s2
5,-1,real,8.973896026611328,9.185632705688477,8.938529968261719,-0.16702849267189737,forget,for_002,M_gd_s2
5,-10,random_position,8.973896026611328,9.185632705688477,8.984716415405273,0.0511030438425021,forget,for_002,M_gd_s2
6,-6,real,8.973896026611328,9.185632705688477,8.864982604980469,-0.5143814576933817,forget,for_002,M_gd_s2
6,-5,real,8.973896026611328,9.185632705688477,9.111825942993164,0.6514219311599752,forget,for_002,M_gd_s2
6,-4,real,8.973896026611328,9.185632705688477,8.362787246704102,-2.8861734422714864,forget,for_002,M_gd_s2
6,-3,real,8.973896026611328,9.185632705688477,8.98082160949707,0.03270847033176892,forget,for_002,M_gd_s2
6,-2,real,8.973896026611328,9.185632705688477,8.970012664794922,-0.018340524812856383,forget,for_002,M_gd_s2
6,-1,real,8.973896026611328,9.185632705688477,8.900760650634766,-0.34540721189792,forget,for_002,M_gd_s2
6,-2,random_position,8.973896026611328,9.185632705688477,8.970012664794922,-0.018340524812856383,forget,for_002,M_gd_s2
7,-6,real,8.973896026611328,9.185632705688477,9.060073852539062,0.4070047112448316,forget,for_002,M_gd_s2
7,-5,real,8.973896026611328,9.185632705688477,8.998857498168945,0.11788921818558522,forget,for_002,M_gd_s2
7,-4,real,8.973896026611328,9.185632705688477,8.33272933959961,-3.028132347244868,forget,for_002,M_gd_s2
7,-3,real,8.973896026611328,9.185632705688477,8.985828399658203,0.05635477565286323,forget,for_002,M_gd_s2
7,-2,real,8.973896026611328,9.185632705688477,8.973871231079102,-0.0001171055120663718,forget,for_002,M_gd_s2
7,-1,real,8.973896026611328,9.185632705688477,8.812789916992188,-0.7608795524767816,forget,for_002,M_gd_s2
7,-7,random_position,8.973896026611328,9.185632705688477,11.050924301147461,9.809487348100639,forget,for_002,M_gd_s2
8,-6,real,8.973896026611328,9.185632705688477,9.090227127075195,0.5494140220338525,forget,for_002,M_gd_s2
8,-5,real,8.973896026611328,9.185632705688477,8.942207336425781,-0.14966084442082317,forget,for_002,M_gd_s2
8,-4,real,8.973896026611328,9.185632705688477,8.488580703735352,-2.292070155209844,forget,for_002,M_gd_s2
8,-3,real,8.973896026611328,9.185632705688477,8.964111328125,-0.04621163668465287,forget,for_002,M_gd_s2
8,-2,real,8.973896026611328,9.185632705688477,8.995819091796875,0.10353928889929827,forget,for_002,M_gd_s2
8,-1,real,8.973896026611328,9.185632705688477,8.836034774780273,-0.6510976389727144,forget,for_002,M_gd_s2
8,-5,random_position,8.973896026611328,9.185632705688477,8.942207336425781,-0.14966084442082317,forget,for_002,M_gd_s2
9,-6,real,8.973896026611328,9.185632705688477,9.126235961914062,0.7194782499031628,forget,for_002,M_gd_s2
9,-5,real,8.973896026611328,9.185632705688477,9.04135513305664,0.3185990577510337,forget,for_002,M_gd_s2
9,-4,real,8.973896026611328,9.185632705688477,8.783658981323242,-0.8984605129221428,forget,for_002,M_gd_s2
9,-3,real,8.973896026611328,9.185632705688477,8.98495864868164,0.052247074614227416,forget,for_002,M_gd_s2
9,-2,real,8.973896026611328,9.185632705688477,8.999540328979492,0.12111412382556684,forget,for_002,M_gd_s2
9,-1,real,8.973896026611328,9.185632705688477,8.931070327758789,-0.2022592355712497,forget,for_002,M_gd_s2
9,-10,random_position,8.973896026611328,9.185632705688477,8.97718620300293,0.015539000639576259,forget,for_002,M_gd_s2
10,-6,real,8.973896026611328,9.185632705688477,9.184965133666992,0.9968471592905208,forget,for_002,M_gd_s2
10,-5,real,8.973896026611328,9.185632705688477,9.054845809936523,0.38231346443145275,forget,for_002,M_gd_s2
10,-4,real,8.973896026611328,9.185632705688477,8.950937271118164,-0.10843069605714749,forget,for_002,M_gd_s2
10,-3,real,8.973896026611328,9.185632705688477,8.9852294921875,0.05352622713064471,forget,for_002,M_gd_s2
10,-2,real,8.973896026611328,9.185632705688477,9.01032829284668,0.17206402969075138,forget,for_002,M_gd_s2
10,-1,real,8.973896026611328,9.185632705688477,9.195880889892578,1.0484006089486628,forget,for_002,M_gd_s2
10,-5,random_position,8.973896026611328,9.185632705688477,9.054845809936523,0.38231346443145275,forget,for_002,M_gd_s2
11,-6,real,8.973896026611328,9.185632705688477,8.973896026611328,0.0,forget,for_002,M_gd_s2
11,-5,real,8.973896026611328,9.185632705688477,8.973896026611328,0.0,forget,for_002,M_gd_s2
11,-4,real,8.973896026611328,9.185632705688477,8.973896026611328,0.0,forget,for_002,M_gd_s2
11,-3,real,8.973896026611328,9.185632705688477,8.973896026611328,0.0,forget,for_002,M_gd_s2
11,-2,real,8.973896026611328,9.185632705688477,8.973896026611328,0.0,forget,for_002,M_gd_s2
11,-1,real,8.973896026611328,9.185632705688477,9.182798385620117,0.9866139391591824,forget,for_002,M_gd_s2
11,-6,random_position,8.973896026611328,9.185632705688477,8.973896026611328,0.0,forget,for_002,M_gd_s2
0,-6,real,8.223945617675781,7.8953399658203125,8.491983413696289,-0.8156822455944835,forget,for_002,M_gd_s2
0,-5,real,8.223945617675781,7.8953399658203125,8.09510612487793,0.3920793573402057,forget,for_002,M_gd_s2
0,-4,real,8.223945617675781,7.8953399658203125,8.127948760986328,0.2921339184137819,forget,for_002,M_gd_s2
0,-3,real,8.223945617675781,7.8953399658203125,8.278783798217773,-0.1668814283392538,forget,for_002,M_gd_s2
0,-2,real,8.223945617675781,7.8953399658203125,8.169998168945312,0.16417078776903252,forget,for_002,M_gd_s2
0,-1,real,8.223945617675781,7.8953399658203125,8.232440948486328,-0.025852661883866174,forget,for_002,M_gd_s2
0,-12,random_position,8.223945617675781,7.8953399658203125,8.224498748779297,-0.0016832671635206983,forget,for_002,M_gd_s2
1,-6,real,8.223945617675781,7.8953399658203125,8.52719497680664,-0.9228367114763995,forget,for_002,M_gd_s2
1,-5,real,8.223945617675781,7.8953399658203125,8.328113555908203,-0.3169998374776532,forget,for_002,M_gd_s2
1,-4,real,8.223945617675781,7.8953399658203125,8.04771614074707,0.5362947226672239,forget,for_002,M_gd_s2
1,-3,real,8.223945617675781,7.8953399658203125,8.372453689575195,-0.45193401592719,forget,for_002,M_gd_s2
1,-2,real,8.223945617675781,7.8953399658203125,8.172035217285156,0.15797172111165286,forget,for_002,M_gd_s2
1,-1,real,8.223945617675781,7.8953399658203125,8.215959548950195,0.024302895219521257,forget,for_002,M_gd_s2
1,-3,random_position,8.223945617675781,7.8953399658203125,8.372453689575195,-0.45193401592719,forget,for_002,M_gd_s2
2,-6,real,8.223945617675781,7.8953399658203125,8.334941864013672,-0.3377794803928397,forget,for_002,M_gd_s2
2,-5,real,8.223945617675781,7.8953399658203125,8.759279251098633,-1.6291065914420375,forget,for_002,M_gd_s2
2,-4,real,8.223945617675781,7.8953399658203125,8.011024475097656,0.64795337930394,forget,for_002,M_gd_s2
2,-3,real,8.223945617675781,7.8953399658203125,8.35682487487793,-0.40437301200343617,forget,for_002,M_gd_s2
2,-2,real,8.223945617675781,7.8953399658203125,8.238611221313477,-0.04462979731141603,forget,for_002,M_gd_s2
2,-1,real,8.223945617675781,7.8953399658203125,8.200639724731445,0.07092359127951522,forget,for_002,M_gd_s2
2,-8,random_position,8.223945617675781,7.8953399658203125,8.194721221923828,0.08893454992918669,forget,for_002,M_gd_s2
3,-6,real,8.223945617675781,7.8953399658203125,8.243898391723633,-0.06071950964686216,forget,for_002,M_gd_s2
3,-5,real,8.223945617675781,7.8953399658203125,8.90667724609375,-2.077662464303127,forget,for_002,M_gd_s2
3,-4,real,8.223945617675781,7.8953399658203125,7.980527877807617,0.7407594437092243,forget,for_002,M_gd_s2
3,-3,real,8.223945617675781,7.8953399658203125,8.393512725830078,-0.5160200599010936,forget,for_002,M_gd_s2
3,-2,real,8.223945617675781,7.8953399658203125,8.126266479492188,0.2972533723386966,forget,for_002,M_gd_s2
3,-1,real,8.223945617675781,7.8953399658203125,8.212394714355469,0.03515126186993569,forget,for_002,M_gd_s2
3,-12,random_position,8.223945617675781,7.8953399658203125,8.20574951171875,0.055373685310301596,forget,for_002,M_gd_s2
4,-6,real,8.223945617675781,7.8953399658203125,8.257265090942383,-0.10139653130876924,forget,for_002,M_gd_s2
4,-5,real,8.223945617675781,7.8953399658203125,9.11204719543457,-2.7026363446402453,forget,for_002,M_gd_s2
4,-4,real,8.223945617675781,7.8953399658203125,8.001108169555664,0.6781302964871956,forget,for_002,M_gd_s2
4,-3,real,8.223945617675781,7.8953399658203125,8.322185516357422,-0.2989598569803348,forget,for_002,M_gd_s2
4,-2,real,8.223945617675781,7.8953399658203125,7.961448669433594,0.7988205521116296,forget,for_002,M_gd_s2
4,-1,real,8.223945617675781,7.8953399658203125,8.243616104125977,-0.05986046295651366,forget,for_002,M_gd_s2
4,-9,random_position,8.223945617675781,7.8953399658203125,8.257783889770508,-0.10297531982076107,forget,for_002,M_gd_s2
5,-6,real,8.223945617675781,7.8953399658203125,8.32822036743164,-0.31732488217129856,forget,for_002,M_gd_s2
5,-5,real,8.223945617675781,7.8953399658203125,9.551668167114258,-4.0404738687283785,forget,for_002,M_gd_s2
5,-4,real,8.223945617675781,7.8953399658203125,7.999366760253906,0.6834296858675211,forget,for_002,M_gd_s2
5,-3,real,8.223945617675781,7.8953399658203125,8.3511962890625,-0.3872443175222307,forget,for_002,M_gd_s2
5,-2,real,8.223945617675781,7.8953399658203125,7.850818634033203,1.135485593554828,forget,for_002,M_gd_s2
5,-1,real,8.223945617675781,7.8953399658203125,8.164997100830078,0.17938984467507138,forget,for_002,M_gd_s2
5,-11,random_position,8.223945617675781,7.8953399658203125,8.237037658691406,-0.03984119244967611,forget,for_002,M_gd_s2
6,-6,real,8.223945617675781,7.8953399658203125,8.319255828857422,-0.29004434538320445,forget,for_002,M_gd_s2
6,-5,real,8.223945617675781,7.8953399658203125,9.6319580078125,-4.284808804067702,forget,for_002,M_gd_s2
6,-4,real,8.223945617675781,7.8953399658203125,7.983844757080078,0.7306656450976295,forget,for_002,M_gd_s2
6,-3,real,8.223945617675781,7.8953399658203125,8.335803985595703,-0.3404030554201203,forget,for_002,M_gd_s2
6,-2,real,8.223945617675781,7.8953399658203125,7.832466125488281,1.1913352371665389,forget,for_002,M_gd_s2
6,-1,real,8.223945617675781,7.8953399658203125,8.096212387084961,0.3887128230131643,forget,for_002,M_gd_s2
6,-2,random_position,8.223945617675781,7.8953399658203125,7.832466125488281,1.1913352371665389,forget,for_002,M_gd_s2
7,-6,real,8.223945617675781,7.8953399658203125,8.194131851196289,0.09072810011376564,forget,for_002,M_gd_s2
7,-5,real,8.223945617675781,7.8953399658203125,9.937019348144531,-5.213159666597014,forget,for_002,M_gd_s2
7,-4,real,8.223945617675781,7.8953399658203125,8.163230895996094,0.18476469085927885,forget,for_002,M_gd_s2
7,-3,real,8.223945617675781,7.8953399658203125,8.250005722045898,-0.07930510087994241,forget,for_002,M_gd_s2
7,-2,real,8.223945617675781,7.8953399658203125,7.692922592163086,1.6159887163056348,forget,for_002,M_gd_s2
7,-1,real,8.223945617675781,7.8953399658203125,7.950815200805664,0.8311799122379327,forget,for_002,M_gd_s2
7,-8,random_position,8.223945617675781,7.8953399658203125,8.223175048828125,0.0023449652898702143,forget,for_002,M_gd_s2
8,-6,real,8.223945617675781,7.8953399658203125,8.125600814819336,0.2992790973044508,forget,for_002,M_gd_s2
8,-5,real,8.223945617675781,7.8953399658203125,9.57162094116211,-4.101193378375241,forget,for_002,M_gd_s2
8,-4,real,8.223945617675781,7.8953399658203125,8.197818756103516,0.07950825381347078,forget,for_002,M_gd_s2
8,-3,real,8.223945617675781,7.8953399658203125,8.23330307006836,-0.028476236911146712,forget,for_002,M_gd_s2
8,-2,real,8.223945617675781,7.8953399658203125,7.75312614440918,1.4327795964802303,forget,for_002,M_gd_s2
8,-1,real,8.223945617675781,7.8953399658203125,7.91363525390625,0.9443244874741705,forget,for_002,M_gd_s2
8,-5,random_position,8.223945617675781,7.8953399658203125,9.57162094116211,-4.101193378375241,forget,for_002,M_gd_s2
9,-6,real,8.223945617675781,7.8953399658203125,8.164478302001953,0.18096863318706322,forget,for_002,M_gd_s2
9,-5,real,8.223945617675781,7.8953399658203125,8.929059982299805,-2.145776740730422,forget,for_002,M_gd_s2
9,-4,real,8.223945617675781,7.8953399658203125,8.275861740112305,-0.157989134220241,forget,for_002,M_gd_s2
9,-3,real,8.223945617675781,7.8953399658203125,8.310089111328125,-0.26214854542499594,forget,for_002,M_gd_s2
9,-2,real,8.223945617675781,7.8953399658203125,7.961294174194336,0.7992907060435096,forget,for_002,M_gd_s2
9,-1,real,8.223945617675781,7.8953399658203125,8.073724746704102,0.45714633976457475,forget,for_002,M_gd_s2
9,-11,random_position,8.223945617675781,7.8953399658203125,8.230962753295898,-0.02135427549859534,forget,for_002,M_gd_s2
10,-6,real,8.223945617675781,7.8953399658203125,8.147916793823242,0.2313679738106847,forget,for_002,M_gd_s2
10,-5,real,8.223945617675781,7.8953399658203125,8.496747970581055,-0.830181560678879,forget,for_002,M_gd_s2
10,-4,real,8.223945617675781,7.8953399658203125,8.297651290893555,-0.22429825172389775,forget,for_002,M_gd_s2
10,-3,real,8.223945617675781,7.8953399658203125,8.28256607055664,-0.17839149311601774,forget,for_002,M_gd_s2
10,-2,real,8.223945617675781,7.8953399658203125,8.001659393310547,0.6764528336932042,forget,for_002,M_gd_s2
10,-1,real,8.223945617675781,7.8953399658203125,8.47934341430664,-0.7772166887232709,forget,for_002,M_gd_s2
10,-6,random_position,8.223945617675781,7.8953399658203125,8.147916793823242,0.2313679738106847,forget,for_002,M_gd_s2
11,-6,real,8.223945617675781,7.8953399658203125,8.223945617675781,-0.0,forget,for_002,M_gd_s2
11,-5,real,8.223945617675781,7.8953399658203125,8.223945617675781,-0.0,forget,for_002,M_gd_s2
11,-4,real,8.223945617675781,7.8953399658203125,8.223945617675781,-0.0,forget,for_002,M_gd_s2
11,-3,real,8.223945617675781,7.8953399658203125,8.223945617675781,-0.0,forget,for_002,M_gd_s2
11,-2,real,8.223945617675781,7.8953399658203125,8.223945617675781,-0.0,forget,for_002,M_gd_s2
11,-1,real,8.223945617675781,7.8953399658203125,8.218864440917969,0.015462840426272897,forget,for_002,M_gd_s2
11,-6,random_position,8.223945617675781,7.8953399658203125,8.223945617675781,-0.0,forget,for_002,M_gd_s2
0,-6,real,9.447439193725586,9.245107650756836,9.501981735229492,-0.2695701357466063,forget,for_002,M_gd_s2
0,-5,real,9.447439193725586,9.245107650756836,9.355403900146484,0.4548736802413273,forget,for_002,M_gd_s2
0,-4,real,9.447439193725586,9.245107650756836,9.459043502807617,-0.057352941176470586,forget,for_002,M_gd_s2
0,-3,real,9.447439193725586,9.245107650756836,9.451868057250977,-0.02188914027149321,forget,for_002,M_gd_s2
0,-2,real,9.447439193725586,9.245107650756836,9.467338562011719,-0.09835030165912519,forget,for_002,M_gd_s2
0,-1,real,9.447439193725586,9.245107650756836,9.436630249023438,0.053421945701357464,forget,for_002,M_gd_s2
0,-12,random_position,9.447439193725586,9.245107650756836,9.44671630859375,0.0035727752639517344,forget,for_002,M_gd_s2
1,-6,real,9.447439193725586,9.245107650756836,9.601465225219727,-0.7612556561085972,forget,for_002,M_gd_s2
1,-5,real,9.447439193725586,9.245107650756836,9.328369140625,0.5884898190045249,forget,for_002,M_gd_s2
1,-4,real,9.447439193725586,9.245107650756836,9.465856552124023,-0.09102564102564102,forget,for_002,M_gd_s2
1,-3,real,9.447439193725586,9.245107650756836,9.440311431884766,0.03522812971342383,forget,for_002,M_gd_s2
1,-2,real,9.447439193725586,9.245107650756836,9.46392822265625,-0.08149509803921569,forget,for_002,M_gd_s2
1,-1,real,9.447439193725586,9.245107650756836,9.463329315185547,-0.07853506787330317,forget,for_002,M_gd_s2
1,-3,random_position,9.447439193725586,9.245107650756836,9.440311431884766,0.03522812971342383,forget,for_002,M_gd_s2
2,-6,real,9.447439193725586,9.245107650756836,9.556652069091797,-0.5397718702865761,forget,for_002,M_gd_s2
2,-5,real,9.447439193725586,9.245107650756836,9.466114044189453,-0.09229826546003017,forget,for_002,M_gd_s2
2,-4,real,9.447439193725586,9.245107650756836,9.467674255371094,-0.10000942684766215,forget,for_002,M_gd_s2
2,-3,real,9.447439193725586,9.245107650756836,9.444730758666992,0.013386123680241327,forget,for_002,M_gd_s2
2,-2,real,9.447439193725586,9.245107650756836,9.440580368041992,0.03389894419306184,forget,for_002,M_gd_s2
2,-1,real,9.447439193725586,9.245107650756836,9.473270416259766,-0.12766779788838611,forget,for_002,M_gd_s2
2,-8,random_position,9.447439193725586,9.245107650756836,10.032251358032227,-2.8903657616892913,forget,for_002,M_gd_s2
3,-6,real,9.447439193725586,9.245107650756836,9.647974014282227,-0.9911199095022625,forget,for_002,M_gd_s2
3,-5,real,9.447439193725586,9.245107650756836,9.269784927368164,0.8780354449472096,forget,for_002,M_gd_s2
3,-4,real,9.447439193725586,9.245107650756836,9.469141006469727,-0.10725867269984916,forget,for_002,M_gd_s2
3,-3,real,9.447439193725586,9.245107650756836,9.44625473022461,0.005854072398190045,forget,for_002,M_gd_s2
3,-2,real,9.447439193725586,9.245107650756836,9.452655792236328,-0.025782428355957766,forget,for_002,M_gd_s2
3,-1,real,9.447439193725586,9.245107650756836,9.504844665527344,-0.28371983408748114,forget,for_002,M_gd_s2
3,-12,random_position,9.447439193725586,9.245107650756836,9.422700881958008,0.12226621417797888,forget,for_002,M_gd_s2
4,-6,real,9.447439193725586,9.245107650756836,9.60726547241211,-0.7899226998491704,forget,for_002,M_gd_s2
4,-5,real,9.447439193725586,9.245107650756836,9.043676376342773,1.995550527903469,forget,for_002,M_gd_s2
4,-4,real,9.447439193725586,9.245107650756836,9.475055694580078,-0.13649132730015082,forget,for_002,M_gd_s2
4,-3,real,9.447439193725586,9.245107650756836,9.440912246704102,0.032258672699849174,forget,for_002,M_gd_s2
4,-2,real,9.447439193725586,9.245107650756836,9.439849853515625,0.03750942684766214,forget,for_002,M_gd_s2
4,-1,real,9.447439193725586,9.245107650756836,9.554864883422852,-0.5309389140271493,forget,for_002,M_gd_s2
4,-9,random_position,9.447439193725586,9.245107650756836,9.496395111083984,-0.24195889894419306,forget,for_002,M_gd_s2
5,-6,real,9.447439193725586,9.245107650756836,9.652565002441406,-1.0138103318250378,forget,for_002,M_gd_s2
5,-5,real,9.447439193725586,9.245107650756836,8.934734344482422,2.5339837858220213,forget,for_002,M_gd_s2
5,-4,real,9.447439193725586,9.245107650756836,9.476667404174805,-0.14445701357466062,forget,for_002,M_gd_s2
5,-3,real,9.447439193725586,9.245107650756836,9.436822891235352,0.05246983408748115,forget,for_002,M_gd_s2
5,-2,real,9.447439193725586,9.245107650756836,9.428180694580078,0.09518288084464555,forget,for_002,M_gd_s2
5,-1,real,9.447439193725586,9.245107650756836,9.540727615356445,-0.4610671191553545,forget,for_002,M_gd_s2
5,-11,random_position,9.447439193725586,9.245107650756836,9.459733963012695,-0.06076546003016591,forget,for_002,M_gd_s2
6,-6,real,9.447439193725586,9.245107650756836,9.610965728759766,-0.8082107843137255,forget,for_002,M_gd_s2
6,-5,real,9.447439193725586,9.245107650756836,8.888391494750977,2.76302790346908,forget,for_002,M_gd_s2
6,-4,real,9.447439193725586,9.245107650756836,9.465900421142578,-0.09124245852187028,forget,for_002,M_gd_s2
6,-3,real,9.447439193725586,9.245107650756836,9.433389663696289,0.06943815987933635,forget,for_002,M_gd_s2
6,-2,real,9.447439193725586,9.245107650756836,9.427530288696289,0.0983974358974359,forget,for_002,M_gd_s2
6,-1,real,9.447439193725586,9.245107650756836,9.556360244750977,-0.5383295625942685,forget,for_002,M_gd_s2
6,-2,random_position,9.447439193725586,9.245107650756836,9.427530288696289,0.0983974358974359,forget,for_002,M_gd_s2
7,-6,real,9.447439193725586,9.245107650756836,9.525432586669922,-0.38547322775263954,forget,for_002,M_gd_s2
7,-5,real,9.447439193725586,9.245107650756836,8.83445930480957,3.029581447963801,forget,for_002,M_gd_s2
7,-4,real,9.447439193725586,9.245107650756836,9.464229583740234,-0.08298453996983408,forget,for_002,M_gd_s2
7,-3,real,9.447439193725586,9.245107650756836,9.433719635009766,0.06780731523378582,forget,for_002,M_gd_s2
7,-2,real,9.447439193725586,9.245107650756836,9.43161392211914,0.07821455505279035,forget,for_002,M_gd_s2
7,-1,real,9.447439193725586,9.245107650756836,9.503036499023438,-0.27478318250377076,forget,for_002,M_gd_s2
7,-8,random_position,9.447439193725586,9.245107650756836,11.34597396850586,-9.383286199095023,forget,for_002,M_gd_s2
8,-6,real,9.447439193725586,9.245107650756836,9.465446472167969,-0.08899886877828055,forget,for_002,M_gd_s2
8,-5,real,9.447439193725586,9.245107650756836,8.983989715576172,2.290544871794872,forget,for_002,M_gd_s2
8,-4,real,9.447439193725586,9.245107650756836,9.481647491455078,-0.16907051282051283,forget,for_002,M_gd_s2
8,-3,real,9.447439193725586,9.245107650756836,9.435474395751953,0.05913461538461538,forget,for_002,M_gd_s2
8,-2,real,9.447439193725586,9.245107650756836,9.424356460571289,0.11408371040723982,forget,for_002,M_gd_s2
8,-1,real,9.447439193725586,9.245107650756836,9.491249084472656,-0.21652526395173455,forget,for_002,M_gd_s2
8,-5,random_position,9.447439193725586,9.245107650756836,8.983989715576172,2.290544871794872,forget,for_002,M_gd_s2
9,-6,real,9.447439193725586,9.245107650756836,9.530311584472656,-0.4095871040723982,forget,for_002,M_gd_s2
9,-5,real,9.447439193725586,9.245107650756836,9.283843994140625,0.8085501508295626,forget,for_002,M_gd_s2
9,-4,real,9.447439193725586,9.245107650756836,9.504144668579102,-0.2802601809954751,forget,for_002,M_gd_s2
9,-3,real,9.447439193725586,9.245107650756836,9.445261001586914,0.010765460030165912,forget,for_002,M_gd_s2
9,-2,real,9.447439193725586,9.245107650756836,9.440485000610352,0.03437028657616893,forget,for_002,M_gd_s2
9,-1,real,9.447439193725586,9.245107650756836,9.494632720947266,-0.23324849170437406,forget,for_002,M_gd_s2
9,-11,random_position,9.447439193725586,9.245107650756836,9.450366973876953,-0.014470211161387633,forget,for_002,M_gd_s2
10,-6,real,9.447439193725586,9.245107650756836,9.539709091186523,-0.45603318250377073,forget,for_002,M_gd_s2
10,-5,real,9.447439193725586,9.245107650756836,9.450546264648438,-0.015356334841628958,forget,for_002,M_gd_s2
10,-4,real,9.447439193725586,9.245107650756836,9.504688262939453,-0.2829468325791855,forget,for_002,M_gd_s2
10,-3,real,9.447439193725586,9.245107650756836,9.448841094970703,-0.006928733031674208,forget,for_002,M_gd_s2
10,-2,real,9.447439193725586,9.245107650756836,9.444999694824219,0.012056938159879337,forget,for_002,M_gd_s2
10,-1,real,9.447439193725586,9.245107650756836,9.715909957885742,-1.3268853695324283,forget,for_002,M_gd_s2
10,-6,random_position,9.447439193725586,9.245107650756836,9.539709091186523,-0.45603318250377073,forget,for_002,M_gd_s2
11,-6,real,9.447439193725586,9.245107650756836,9.447439193725586,-0.0,forget,for_002,M_gd_s2
11,-5,real,9.447439193725586,9.245107650756836,9.447439193725586,-0.0,forget,for_002,M_gd_s2
11,-4,real,9.447439193725586,9.245107650756836,9.447439193725586,-0.0,forget,for_002,M_gd_s2
11,-3,real,9.447439193725586,9.245107650756836,9.447439193725586,-0.0,forget,for_002,M_gd_s2
11,-2,real,9.447439193725586,9.245107650756836,9.447439193725586,-0.0,forget,for_002,M_gd_s2
11,-1,real,9.447439193725586,9.245107650756836,9.592185974121094,-0.7153940422322775,forget,for_002,M_gd_s2
11,-6,random_position,9.447439193725586,9.245107650756836,9.447439193725586,-0.0,forget,for_002,M_gd_s2
0,-6,real,9.078329086303711,8.97537612915039,9.025890350341797,0.5093465735405821,forget,for_002,M_gd_s2
0,-5,real,9.078329086303711,8.97537612915039,9.0927734375,-0.14030049836041278,forget,for_002,M_gd_s2
0,-4,real,9.078329086303711,8.97537612915039,9.12602424621582,-0.46327139337125073,forget,for_002,M_gd_s2
0,-3,real,9.078329086303711,8.97537612915039,8.99661636352539,0.7936899049595197,forget,for_002,M_gd_s2
0,-2,real,9.078329086303711,8.97537612915039,9.088537216186523,-0.09915334309057562,forget,for_002,M_gd_s2
0,-1,real,9.078329086303711,8.97537612915039,9.061399459838867,0.16444040980417585,forget,for_002,M_gd_s2
0,-13,random_position,9.078329086303711,8.97537612915039,9.076519012451172,0.017581562517368508,forget,for_002,M_gd_s2
1,-6,real,9.078329086303711,8.97537612915039,9.254402160644531,-1.7102284306278601,forget,for_002,M_gd_s2
1,-5,real,9.078329086303711,8.97537612915039,9.059402465820312,0.18383756044241065,forget,for_002,M_gd_s2
1,-4,real,9.078329086303711,8.97537612915039,9.220354080200195,-1.3795134964892455,forget,for_002,M_gd_s2
1,-3,real,9.078329086303711,8.97537612915039,8.991022109985352,0.8480278637197325,forget,for_002,M_gd_s2
1,-2,real,9.078329086303711,8.97537612915039,9.097627639770508,-0.18745021027474665,forget,for_002,M_gd_s2
1,-1,real,9.078329086303711,8.97537612915039,9.10406494140625,-0.24997684198825426,forget,for_002,M_gd_s2
1,-3,random_position,9.078329086303711,8.97537612915039,8.991022109985352,0.8480278637197325,forget,for_002,M_gd_s2
2,-6,real,9.078329086303711,8.97537612915039,9.770362854003906,-6.721844489319525,forget,for_002,M_gd_s2
2,-5,real,9.078329086303711,8.97537612915039,9.011323928833008,0.650832762102377,forget,for_002,M_gd_s2
2,-4,real,9.078329086303711,8.97537612915039,9.210868835449219,-1.2873816625599792,forget,for_002,M_gd_s2
2,-3,real,9.078329086303711,8.97537612915039,9.100894927978516,-0.21918594957111362,forget,for_002,M_gd_s2
2,-2,real,9.078329086303711,8.97537612915039,9.087491989135742,-0.08900087074124163,forget,for_002,M_gd_s2
2,-1,real,9.078329086303711,8.97537612915039,9.127569198608398,-0.4782777849824925,forget,for_002,M_gd_s2
2,-9,random_position,9.078329086303711,8.97537612915039,9.04112434387207,0.36137614168997906,forget,for_002,M_gd_s2
3,-6,real,9.078329086303711,8.97537612915039,10.07265853881836,-9.658095114585842,forget,for_002,M_gd_s2
3,-5,real,9.078329086303711,8.97537612915039,8.996955871582031,0.7903922040869259,forget,for_002,M_gd_s2
3,-4,real,9.078329086303711,8.97537612915039,9.286090850830078,-2.0180261963428867,forget,for_002,M_gd_s2
3,-3,real,9.078329086303711,8.97537612915039,8.949987411499023,1.246605035478074,forget,for_002,M_gd_s2
3,-2,real,9.078329086303711,8.97537612915039,9.02684211730957,0.5001018952516812,forget,for_002,M_gd_s2
3,-1,real,9.078329086303711,8.97537612915039,9.236701965332031,-1.5383033514274598,forget,for_002,M_gd_s2
3,-13,random_position,9.078329086303711,8.97537612915039,9.061517715454102,0.16329177242158696,forget,for_002,M_gd_s2
4,-6,real,9.078329086303711,8.97537612915039,10.26875114440918,-11.56277673824036,forget,for_002,M_gd_s2
4,-5,real,9.078329086303711,8.97537612915039,9.053585052490234,0.24034310910202494,forget,for_002,M_gd_s2
4,-4,real,9.078329086303711,8.97537612915039,9.242176055908203,-1.591474146395687,forget,for_002,M_gd_s2
4,-3,real,9.078329086303711,8.97537612915039,8.743349075317383,3.2537191766863662,forget,for_002,M_gd_s2
4,-2,real,9.078329086303711,8.97537612915039,9.024934768676758,0.5186283046482761,forget,for_002,M_gd_s2
4,-1,real,9.078329086303711,8.97537612915039,9.299768447875977,-2.150879078125868,forget,for_002,M_gd_s2
4,-10,random_position,9.078329086303711,8.97537612915039,9.096220016479492,-0.17377772014005965,forget,for_002,M_gd_s2
5,-6,real,9.078329086303711,8.97537612915039,10.67477798461914,-15.50658613854049,forget,for_002,M_gd_s2
5,-5,real,9.078329086303711,8.97537612915039,9.048257827758789,0.29208737054671435,forget,for_002,M_gd_s2
5,-4,real,9.078329086303711,8.97537612915039,9.257274627685547,-1.7381292031791318,forget,for_002,M_gd_s2
5,-3,real,9.078329086303711,8.97537612915039,8.625190734863281,4.401411712396021,forget,for_002,M_gd_s2
5,-2,real,9.078329086303711,8.97537612915039,9.057613372802734,0.20121533245641662,forget,for_002,M_gd_s2
5,-1,real,9.078329086303711,8.97537612915039,9.329269409179688,-2.437427052263001,forget,for_002,M_gd_s2
5,-12,random_position,9.078329086303711,8.97537612915039,9.09848403930664,-0.19576856809381774,forget,for_002,M_gd_s2
6,-6,real,9.078329086303711,8.97537612915039,10.8614501953125,-17.319765826185225,forget,for_002,M_gd_s2
6,-5,real,9.078329086303711,8.97537612915039,9.039834976196289,0.37389999444207717,forget,for_002,M_gd_s2
6,-4,real,9.078329086303711,8.97537612915039,9.232994079589844,-1.5022880115604795,forget,for_002,M_gd_s2
6,-3,real,9.078329086303711,8.97537612915039,8.530378341674805,5.322340997091354,forget,for_002,M_gd_s2
6,-2,real,9.078329086303711,8.97537612915039,9.060840606689453,0.16986864775737814,forget,for_002,M_gd_s2
6,-1,real,9.078329086303711,8.97537612915039,9.280832290649414,-1.9669488856364747,forget,for_002,M_gd_s2
6,-2,random_position,9.078329086303711,8.97537612915039,9.060840606689453,0.16986864775737814,forget,for_002,M_gd_s2
7,-6,real,9.078329086303711,8.97537612915039,11.194726943969727,-20.556940919280436,forget,for_002,M_gd_s2
7,-5,real,9.078329086303711,8.97537612915039,9.241401672363281,-1.5839524241806695,forget,for_002,M_gd_s2
7,-4,real,9.078329086303711,8.97537612915039,9.128278732299805,-0.4851696092780258,forget,for_002,M_gd_s2
7,-3,real,9.078329086303711,8.97537612915039,8.456016540527344,6.044630120236397,forget,for_002,M_gd_s2
7,-2,real,9.078329086303711,8.97537612915039,9.069482803344727,0.08592548678140689,forget,for_002,M_gd_s2
7,-1,real,9.078329086303711,8.97537612915039,9.182609558105469,-1.01289438094003,forget,for_002,M_gd_s2
7,-8,random_position,9.078329086303711,8.97537612915039,9.058265686035156,0.19487930044278118,forget,for_002,M_gd_s2
8,-6,real,9.078329086303711,8.97537612915039,10.65127182006836,-15.278266669136855,forget,for_002,M_gd_s2
8,-5,real,9.078329086303711,8.97537612915039,9.262475967407227,-1.788650721603646,forget,for_002,M_gd_s2
8,-4,real,9.078329086303711,8.97537612915039,9.086029052734375,-0.0747911147340534,forget,for_002,M_gd_s2
8,-3,real,9.078329086303711,8.97537612915039,8.579788208007812,4.842414361672565,forget,for_002,M_gd_s2
8,-2,real,9.078329086303711,8.97537612915039,9.124839782714844,-0.45176649313596534,forget,for_002,M_gd_s2
8,-1,real,9.078329086303711,8.97537612915039,9.134960174560547,-0.5500676213942975,forget,for_002,M_gd_s2
8,-5,random_position,9.078329086303711,8.97537612915039,9.262475967407227,-1.788650721603646,forget,for_002,M_gd_s2
9,-6,real,9.078329086303711,8.97537612915039,9.860637664794922,-7.598699446060359,forget,for_002,M_gd_s2
9,-5,real,9.078329086303711,8.97537612915039,9.284917831420898,-2.006632454563981,forget,for_002,M_gd_s2
9,-4,real,9.078329086303711,8.97537612915039,9.166078567504883,-0.8523259906997425,forget,for_002,M_gd_s2
9,-3,real,9.078329086303711,8.97537612915039,8.889694213867188,1.8322433629138337,forget,for_002,M_gd_s2
9,-2,real,9.078329086303711,8.97537612915039,9.206907272338867,-1.2489023102432517,forget,for_002,M_gd_s2
9,-1,real,9.078329086303711,8.97537612915039,9.172985076904297,-0.9194101191248124,forget,for_002,M_gd_s2
9,-12,random_position,9.078329086303711,8.97537612915039,9.08639144897461,-0.07831113251940641,forget,for_002,M_gd_s2
10,-6,real,9.078329086303711,8.97537612915039,9.294670104980469,-2.1013579858087703,forget,for_002,M_gd_s2
10,-5,real,9.078329086303711,8.97537612915039,9.317750930786133,-2.3255460659169644,forget,for_002,M_gd_s2
10,-4,real,9.078329086303711,8.97537612915039,9.160877227783203,-0.8018044722752283,forget,for_002,M_gd_s2
10,-3,real,9.078329086303711,8.97537612915039,9.03965950012207,0.3756044241065639,forget,for_002,M_gd_s2
10,-2,real,9.078329086303711,8.97537612915039,9.22334098815918,-1.408525853604313,forget,for_002,M_gd_s2
10,-1,real,9.078329086303711,8.97537612915039,9.456949234008789,-3.6776034236804565,forget,for_002,M_gd_s2
10,-6,random_position,9.078329086303711,8.97537612915039,9.294670104980469,-2.1013579858087703,forget,for_002,M_gd_s2
11,-6,real,9.078329086303711,8.97537612915039,9.078329086303711,-0.0,forget,for_002,M_gd_s2
11,-5,real,9.078329086303711,8.97537612915039,9.078329086303711,-0.0,forget,for_002,M_gd_s2
11,-4,real,9.078329086303711,8.97537612915039,9.078329086303711,-0.0,forget,for_002,M_gd_s2
11,-3,real,9.078329086303711,8.97537612915039,9.078329086303711,-0.0,forget,for_002,M_gd_s2
11,-2,real,9.078329086303711,8.97537612915039,9.078329086303711,-0.0,forget,for_002,M_gd_s2
11,-1,real,9.078329086303711,8.97537612915039,9.311738967895508,-2.2671508234988975,forget,for_002,M_gd_s2
11,-6,random_position,9.078329086303711,8.97537612915039,9.078329086303711,-0.0,forget,for_002,M_gd_s2
0,-6,real,8.488704681396484,8.773290634155273,8.43292236328125,-0.19601219798264133,forget,for_002,M_gd_s2
0,-5,real,8.488704681396484,8.773290634155273,8.524629592895508,0.12623571596126135,forget,for_002,M_gd_s2
0,-4,real,8.488704681396484,8.773290634155273,8.413490295410156,-0.26429409202104487,forget,for_002,M_gd_s2
0,-3,real,8.488704681396484,8.773290634155273,8.491809844970703,0.010911162494554472,forget,for_002,M_gd_s2
0,-2,real,8.488704681396484,8.773290634155273,8.473587036132812,-0.05312154418417613,forget,for_002,M_gd_s2
0,-1,real,8.488704681396484,8.773290634155273,8.517576217651367,0.1014510237592574,forget,for_002,M_gd_s2
0,-11,random_position,8.488704681396484,8.773290634155273,8.488874435424805,0.000596494755537683,forget,for_002,M_gd_s2
1,-6,real,8.488704681396484,8.773290634155273,8.380847930908203,-0.3789953419791562,forget,for_002,M_gd_s2
1,-5,real,8.488704681396484,8.773290634155273,8.59158706665039,0.36151603498542273,forget,for_002,M_gd_s2
1,-4,real,8.488704681396484,8.773290634155273,8.380739212036133,-0.37937736671023087,forget,for_002,M_gd_s2
1,-3,real,8.488704681396484,8.773290634155273,8.503366470336914,0.0515197211889682,forget,for_002,M_gd_s2
1,-2,real,8.488704681396484,8.773290634155273,8.482337951660156,-0.022371904426795347,forget,for_002,M_gd_s2
1,-1,real,8.488704681396484,8.773290634155273,8.535057067871094,0.16287657920310983,forget,for_002,M_gd_s2
1,-3,random_position,8.488704681396484,8.773290634155273,8.503366470336914,0.0515197211889682,forget,for_002,M_gd_s2
2,-6,real,8.488704681396484,8.773290634155273,8.330488204956055,-0.555953218725914,forget,for_002,M_gd_s2
2,-5,real,8.488704681396484,8.773290634155273,8.531051635742188,0.14880198384772628,forget,for_002,M_gd_s2
2,-4,real,8.488704681396484,8.773290634155273,8.506389617919922,0.06214268958815053,forget,for_002,M_gd_s2
2,-3,real,8.488704681396484,8.773290634155273,8.500282287597656,0.040682282765322875,forget,for_002,M_gd_s2
2,-2,real,8.488704681396484,8.773290634155273,8.477741241455078,-0.03852417814416407,forget,for_002,M_gd_s2
2,-1,real,8.488704681396484,8.773290634155273,8.554380416870117,0.23077644851043866,forget,for_002,M_gd_s2
2,-8,random_position,8.488704681396484,8.773290634155273,8.63353157043457,0.5089038571093462,forget,for_002,M_gd_s2
3,-6,real,8.488704681396484,8.773290634155273,8.318925857543945,-0.5965818839851211,forget,for_002,M_gd_s2
3,-5,real,8.488704681396484,8.773290634155273,8.597932815551758,0.38381421534130894,forget,for_002,M_gd_s2
3,-4,real,8.488704681396484,8.773290634155273,8.321935653686523,-0.5860058309037901,forget,for_002,M_gd_s2
3,-3,real,8.488704681396484,8.773290634155273,8.521398544311523,0.11488220904125197,forget,for_002,M_gd_s2
3,-2,real,8.488704681396484,8.773290634155273,8.451019287109375,-0.13242183572936564,forget,for_002,M_gd_s2
3,-1,real,8.488704681396484,8.773290634155273,8.578987121582031,0.31724137931034485,forget,for_002,M_gd_s2
3,-11,random_position,8.488704681396484,8.773290634155273,8.483051300048828,-0.019865286015884186,forget,for_002,M_gd_s2
4,-6,real,8.488704681396484,8.773290634155273,8.407955169677734,-0.28374384236453204,forget,for_002,M_gd_s2
4,-5,real,8.488704681396484,8.773290634155273,8.573177337646484,0.2968265138567742,forget,for_002,M_gd_s2
4,-4,real,8.488704681396484,8.773290634155273,8.144399642944336,-1.209845514560504,forget,for_002,M_gd_s2
4,-3,real,8.488704681396484,8.773290634155273,8.536163330078125,0.16676384839650146,forget,for_002,M_gd_s2
4,-2,real,8.488704681396484,8.773290634155273,8.426420211791992,-0.21885995777621392,forget,for_002,M_gd_s2
4,-1,real,8.488704681396484,8.773290634155273,8.638311386108398,0.5256995409001038,forget,for_002,M_gd_s2
4,-8,random_position,8.488704681396484,8.773290634155273,8.53889274597168,0.17635467980295566,forget,for_002,M_gd_s2
5,-6,real,8.488704681396484,8.773290634155273,8.409019470214844,-0.2800040213129587,forget,for_002,M_gd_s2
5,-5,real,8.488704681396484,8.773290634155273,8.630332946777344,0.49766428738983276,forget,for_002,M_gd_s2
5,-4,real,8.488704681396484,8.773290634155273,8.058036804199219,-1.5133138969873663,forget,for_002,M_gd_s2
5,-3,real,8.488704681396484,8.773290634155273,8.529483795166016,0.1432927850943333,forget,for_002,M_gd_s2
5,-2,real,8.488704681396484,8.773290634155273,8.434436798095703,-0.19069066050065347,forget,for_002,M_gd_s2
5,-1,real,8.488704681396484,8.773290634155273,8.621564865112305,0.4668543279380718,forget,for_002,M_gd_s2
5,-10,random_position,8.488704681396484,8.773290634155273,8.501434326171875,0.04473040447706176,forget,for_002,M_gd_s2
6,-6,real,8.488704681396484,8.773290634155273,8.4002685546875,-0.31075366107033947,forget,for_002,M_gd_s2
6,-5,real,8.488704681396484,8.773290634155273,8.673006057739258,0.6476123454307832,forget,for_002,M_gd_s2
6,-4,real,8.488704681396484,8.773290634155273,8.085372924804688,-1.417258134781006,forget,for_002,M_gd_s2
6,-3,real,8.488704681396484,8.773290634155273,8.526447296142578,0.13262290137729968,forget,for_002,M_gd_s2
6,-2,real,8.488704681396484,8.773290634155273,8.420793533325195,-0.23863141315639555,forget,for_002,M_gd_s2
6,-1,real,8.488704681396484,8.773290634155273,8.532243728637695,0.152990851513019,forget,for_002,M_gd_s2
6,-2,random_position,8.488704681396484,8.773290634155273,8.420793533325195,-0.23863141315639555,forget,for_002,M_gd_s2
7,-6,real,8.488704681396484,8.773290634155273,8.54922103881836,0.21264702925505177,forget,for_002,M_gd_s2
7,-5,real,8.488704681396484,8.773290634155273,8.632699966430664,0.505981703026038,forget,for_002,M_gd_s2
7,-4,real,8.488704681396484,8.773290634155273,8.056608200073242,-1.5183338359974532,forget,for_002,M_gd_s2
7,-3,real,8.488704681396484,8.773290634155273,8.524639129638672,0.1262692269025837,forget,for_002,M_gd_s2
7,-2,real,8.488704681396484,8.773290634155273,8.424711227416992,-0.22486511846117757,forget,for_002,M_gd_s2
7,-1,real,8.488704681396484,8.773290634155273,8.477508544921875,-0.039341845112429205,forget,for_002,M_gd_s2
7,-7,random_position,8.488704681396484,8.773290634155273,10.256444931030273,6.211621594450588,forget,for_002,M_gd_s2
8,-6,real,8.488704681396484,8.773290634155273,8.556304931640625,0.23753895646928722,forget,for_002,M_gd_s2
8,-5,real,8.488704681396484,8.773290634155273,8.575311660766602,0.30432626252471434,forget,for_002,M_gd_s2
8,-4,real,8.488704681396484,8.773290634155273,8.182043075561523,-1.0775711269729566,forget,for_002,M_gd_s2
8,-3,real,8.488704681396484,8.773290634155273,8.535135269165039,0.163151368921953,forget,for_002,M_gd_s2
8,-2,real,8.488704681396484,8.773290634155273,8.456674575805664,-0.11254984752521699,forget,for_002,M_gd_s2
8,-1,real,8.488704681396484,8.773290634155273,8.45921516418457,-0.10362253275694515,forget,for_002,M_gd_s2
8,-5,random_position,8.488704681396484,8.773290634155273,8.575311660766602,0.30432626252471434,forget,for_002,M_gd_s2
9,-6,real,8.488704681396484,8.773290634155273,8.564107894897461,0.26495760865922724,forget,for_002,M_gd_s2
9,-5,real,8.488704681396484,8.773290634155273,8.584173202514648,0.3354646292014343,forget,for_002,M_gd_s2
9,-4,real,8.488704681396484,8.773290634155273,8.39305305480957,-0.33610803927482324,forget,for_002,M_gd_s2
9,-3,real,8.488704681396484,8.773290634155273,8.534914016723633,0.1623739150832747,forget,for_002,M_gd_s2
9,-2,real,8.488704681396484,8.773290634155273,8.542486190795898,0.18898160249321402,forget,for_002,M_gd_s2
9,-1,real,8.488704681396484,8.773290634155273,8.52103042602539,0.11358868670620957,forget,for_002,M_gd_s2
9,-10,random_position,8.488704681396484,8.773290634155273,8.492818832397461,0.01445662008645823,forget,for_002,M_gd_s2
10,-6,real,8.488704681396484,8.773290634155273,8.574514389038086,0.30152474783016653,forget,for_002,M_gd_s2
10,-5,real,8.488704681396484,8.773290634155273,8.571897506713867,0.29232934553131595,forget,for_002,M_gd_s2
10,-4,real,8.488704681396484,8.773290634155273,8.548118591308594,0.20877316443818908,forget,for_002,M_gd_s2
10,-3,real,8.488704681396484,8.773290634155273,8.524211883544922,0.12476793673134279,forget,for_002,M_gd_s2
10,-2,real,8.488704681396484,8.773290634155273,8.579893112182617,0.3204249187359673,forget,for_002,M_gd_s2
10,-1,real,8.488704681396484,8.773290634155273,8.793252944946289,1.0701451023759256,forget,for_002,M_gd_s2
10,-5,random_position,8.488704681396484,8.773290634155273,8.571897506713867,0.29232934553131595,forget,for_002,M_gd_s2
11,-6,real,8.488704681396484,8.773290634155273,8.488704681396484,0.0,forget,for_002,M_gd_s2
11,-5,real,8.488704681396484,8.773290634155273,8.488704681396484,0.0,forget,for_002,M_gd_s2
11,-4,real,8.488704681396484,8.773290634155273,8.488704681396484,0.0,forget,for_002,M_gd_s2
11,-3,real,8.488704681396484,8.773290634155273,8.488704681396484,0.0,forget,for_002,M_gd_s2
11,-2,real,8.488704681396484,8.773290634155273,8.488704681396484,0.0,forget,for_002,M_gd_s2
11,-1,real,8.488704681396484,8.773290634155273,8.816076278686523,1.150343487148554,forget,for_002,M_gd_s2
11,-6,random_position,8.488704681396484,8.773290634155273,8.488704681396484,0.0,forget,for_002,M_gd_s2
0,-6,real,-31.129199981689453,9.489002227783203,-31.103103637695312,0.000642479050637417,forget,for_003,M_gd_s2
0,-5,real,-31.129199981689453,9.489002227783203,-31.109333038330078,0.0004891142955298448,forget,for_003,M_gd_s2
0,-4,real,-31.129199981689453,9.489002227783203,-31.11286735534668,0.0004021011628861425,forget,for_003,M_gd_s2
0,-3,real,-31.129199981689453,9.489002227783203,-31.1173095703125,0.00029273603286607643,forget,for_003,M_gd_s2
0,-2,real,-31.129199981689453,9.489002227783203,-31.09143829345703,0.0009296740421370839,forget,for_003,M_gd_s2
0,-1,real,-31.129199981689453,9.489002227783203,-31.03061294555664,0.0024271639503981005,forget,for_003,M_gd_s2
0,-15,random_position,-31.129199981689453,9.489002227783203,-31.11687660217285,0.00030339549379976256,forget,for_003,M_gd_s2
1,-6,real,-31.129199981689453,9.489002227783203,-31.113277435302734,0.0003920051976846336,forget,for_003,M_gd_s2
1,-5,real,-31.129199981689453,9.489002227783203,-31.10259246826172,0.0006550637886560421,forget,for_003,M_gd_s2
1,-4,real,-31.129199981689453,9.489002227783203,-31.14531707763672,-0.00039679491140814016,forget,for_003,M_gd_s2
1,-3,real,-31.129199981689453,9.489002227783203,-31.096302032470703,0.0008099311990494202,forget,for_003,M_gd_s2
1,-2,real,-31.129199981689453,9.489002227783203,-31.038583755493164,0.0022309265616673765,forget,for_003,M_gd_s2
1,-1,real,-31.129199981689453,9.489002227783203,-30.905942916870117,0.005496478245589848,forget,for_003,M_gd_s2
1,-3,random_position,-31.129199981689453,9.489002227783203,-31.096302032470703,0.0008099311990494202,forget,for_003,M_gd_s2
2,-6,real,-31.129199981689453,9.489002227783203,-31.095273971557617,0.0008352415490197147,forget,for_003,M_gd_s2
2,-5,real,-31.129199981689453,9.489002227783203,-31.118694305419922,0.00025864454106935337,forget,for_003,M_gd_s2
2,-4,real,-31.129199981689453,9.489002227783203,-31.09248924255371,0.0009038001964346122,forget,for_003,M_gd_s2
2,-3,real,-31.129199981689453,9.489002227783203,-31.09975242614746,0.0007249842174237012,forget,for_003,M_gd_s2
2,-2,real,-31.129199981689453,9.489002227783203,-31.043807983398438,0.0021023086607979214,forget,for_003,M_gd_s2
2,-1,real,-31.129199981689453,9.489002227783203,-30.737335205078125,0.00964751651465117,forget,for_003,M_gd_s2
2,-10,random_position,-31.129199981689453,9.489002227783203,-30.603036880493164,0.01295387468117881,forget,for_003,M_gd_s2
3,-6,real,-31.129199981689453,9.489002227783203,-31.08980941772461,0.0009697761550770309,forget,for_003,M_gd_s2
3,-5,real,-31.129199981689453,9.489002227783203,-31.11542510986328,0.00033913051481533586,forget,for_003,M_gd_s2
3,-4,real,-31.129199981689453,9.489002227783203,-31.111791610717773,0.00042858546229847277,forget,for_003,M_gd_s2
3,-3,real,-31.129199981689453,9.489002227783203,-31.107484817504883,0.0005346165759031569,forget,for_003,M_gd_s2
3,-2,real,-31.129199981689453,9.489002227783203,-31.04372787475586,0.0021042808958605416,forget,for_003,M_gd_s2
3,-1,real,-31.129199981689453,9.489002227783203,-30.462907791137695,0.016403783385478602,forget,for_003,M_gd_s2
3,-15,random_position,-31.129199981689453,9.489002227783203,-31.067764282226562,0.0015125164611190763,forget,for_003,M_gd_s2
4,-6,real,-31.129199981689453,9.489002227783203,-31.107803344726562,0.0005267745936303569,forget,for_003,M_gd_s2
4,-5,real,-31.129199981689453,9.489002227783203,-31.094322204589844,0.0008586735798827515,forget,for_003,M_gd_s2
4,-4,real,-31.129199981689453,9.489002227783203,-31.119144439697266,0.0002475624583365343,forget,for_003,M_gd_s2
4,-3,real,-31.129199981689453,9.489002227783203,-31.098567962646484,0.0007541451215638735,forget,for_003,M_gd_s2
4,-2,real,-31.129199981689453,9.489002227783203,-31.07279396057129,0.0013886882739731277,forget,for_003,M_gd_s2
4,-1,real,-31.129199981689453,9.489002227783203,-30.039505004882812,0.02682775006109233,forget,for_003,M_gd_s2
4,-11,random_position,-31.129199981689453,9.489002227783203,-30.913314819335938,0.005314985661851095,forget,for_003,M_gd_s2
5,-6,real,-31.129199981689453,9.489002227783203,-31.129497528076172,-7.325444518304126e-06,forget,for_003,M_gd_s2
5,-5,real,-31.129199981689453,9.489002227783203,-31.036893844604492,0.0022725313298931293,forget,for_003,M_gd_s2
5,-4,real,-31.129199981689453,9.489002227783203,-31.138317108154297,-0.00022445913331726745,forget,for_003,M_gd_s2
5,-3,real,-31.129199981689453,9.489002227783203,-31.110855102539062,0.00045164182934005824,forget,for_003,M_gd_s2
5,-2,real,-31.129199981689453,9.489002227783203,-31.10565757751465,0.0005796023185219733,forget,for_003,M_gd_s2
5,-1,real,-31.129199981689453,9.489002227783203,-29.455469131469727,0.04120642370108129,forget,for_003,M_gd_s2
5,-13,random_position,-31.129199981689453,9.489002227783203,-31.1456241607666,-0.00040435514581485147,forget,for_003,M_gd_s2
6,-6,real,-31.129199981689453,9.489002227783203,-31.072662353515625,0.0013919283744331468,forget,for_003,M_gd_s2
6,-5,real,-31.129199981689453,9.489002227783203,-31.010969161987305,0.002910784162539217,forget,for_003,M_gd_s2
6,-4,real,-31.129199981689453,9.489002227783203,-31.170238494873047,-0.0010103478477937922,forget,for_003,M_gd_s2
6,-3,real,-31.129199981689453,9.489002227783203,-31.09911346435547,0.0007407151399469826,forget,for_003,M_gd_s2
6,-2,real,-31.129199981689453,9.489002227783203,-31.151615142822266,-0.0005518501537122441,forget,for_003,M_gd_s2
6,-1,real,-31.129199981689453,9.489002227783203,-28.321914672851562,0.06911397245895826,forget,for_003,M_gd_s2
6,-2,random_position,-31.129199981689453,9.489002227783203,-31.151615142822266,-0.0005518501537122441,forget,for_003,M_gd_s2
7,-6,real,-31.129199981689453,9.489002227783203,-31.0169620513916,0.002763242196664143,forget,for_003,M_gd_s2
7,-5,real,-31.129199981689453,9.489002227783203,-30.944156646728516,0.004555675162742264,forget,for_003,M_gd_s2
7,-4,real,-31.129199981689453,9.489002227783203,-31.183298110961914,-0.0013318691209785892,forget,for_003,M_gd_s2
7,-3,real,-31.129199981689453,9.489002227783203,-31.084426879882812,0.0011022915680940451,forget,for_003,M_gd_s2
7,-2,real,-31.129199981689453,9.489002227783203,-31.103496551513672,0.000632805707235041,forget,for_003,M_gd_s2
7,-1,real,-31.129199981689453,9.489002227783203,-26.323766708374023,0.11830738466791976,forget,for_003,M_gd_s2
7,-9,random_position,-31.129199981689453,9.489002227783203,-27.028942108154297,0.10094631594942738,forget,for_003,M_gd_s2
8,-6,real,-31.129199981689453,9.489002227783203,-31.018041610717773,0.0027366639812964498,forget,for_003,M_gd_s2
8,-5,real,-31.129199981689453,9.489002227783203,-30.901607513427734,0.005603213728859753,forget,for_003,M_gd_s2
8,-4,real,-31.129199981689453,9.489002227783203,-31.14344596862793,-0.00035072913530265074,forget,for_003,M_gd_s2
8,-3,real,-31.129199981689453,9.489002227783203,-31.097942352294922,0.0007695473382433847,forget,for_003,M_gd_s2
8,-2,real,-31.129199981689453,9.489002227783203,-31.101524353027344,0.0006813602561576465,forget,for_003,M_gd_s2
8,-1,real,-31.129199981689453,9.489002227783203,-21.297119140625,0.24206095558733254,forget,for_003,M_gd_s2
8,-6,random_position,-31.129199981689453,9.489002227783203,-31.018041610717773,0.0027366639812964498,forget,for_003,M_gd_s2
9,-6,real,-31.129199981689453,9.489002227783203,-30.693408966064453,0.010728958740654658,forget,for_003,M_gd_s2
9,-5,real,-31.129199981689453,9.489002227783203,-30.704113006591797,0.010465430569906436,forget,for_003,M_gd_s2
9,-4,real,-31.129199981689453,9.489002227783203,-30.93564224243164,0.004765295575112197,forget,for_003,M_gd_s2
9,-3,real,-31.129199981689453,9.489002227783203,-30.89101791381836,0.00586392442094709,forget,for_003,M_gd_s2
9,-2,real,-31.129199981689453,9.489002227783203,-30.895950317382812,0.0057424910906628945,forget,for_003,M_gd_s2
9,-1,real,-31.129199981689453,9.489002227783203,-10.340072631835938,0.5118180081590425,forget,for_003,M_gd_s2
9,-14,random_position,-31.129199981689453,9.489002227783203,-31.10794448852539,0.0005232997032819306,forget,for_003,M_gd_s2
10,-6,real,-31.129199981689453,9.489002227783203,-30.444923400878906,0.016846550157036868,forget,for_003,M_gd_s2
10,-5,real,-31.129199981689453,9.489002227783203,-30.63712501525879,0.012114641704056173,forget,for_003,M_gd_s2
10,-4,real,-31.129199981689453,9.489002227783203,-30.993480682373047,0.00334134185990031,forget,for_003,M_gd_s2
10,-3,real,-31.129199981689453,9.489002227783203,-30.485044479370117,0.01585878909650785,forget,for_003,M_gd_s2
10,-2,real,-31.129199981689453,9.489002227783203,-30.991294860839844,0.0033951557023232364,forget,for_003,M_gd_s2
10,-1,real,-31.129199981689453,9.489002227783203,1.8451957702636719,0.8118132747948923,forget,for_003,M_gd_s2
10,-7,random_position,-31.129199981689453,9.489002227783203,-27.567440032958984,0.08768876402658272,forget,for_003,M_gd_s2
11,-6,real,-31.129199981689453,9.489002227783203,-31.129199981689453,0.0,forget,for_003,M_gd_s2
11,-5,real,-31.129199981689453,9.489002227783203,-31.129199981689453,0.0,forget,for_003,M_gd_s2
11,-4,real,-31.129199981689453,9.489002227783203,-31.129199981689453,0.0,forget,for_003,M_gd_s2
11,-3,real,-31.129199981689453,9.489002227783203,-31.129199981689453,0.0,forget,for_003,M_gd_s2
11,-2,real,-31.129199981689453,9.489002227783203,-31.129199981689453,0.0,forget,for_003,M_gd_s2
11,-1,real,-31.129199981689453,9.489002227783203,9.240188598632812,0.9938743318114566,forget,for_003,M_gd_s2
11,-7,random_position,-31.129199981689453,9.489002227783203,-31.129199981689453,0.0,forget,for_003,M_gd_s2
0,-6,real,-31.682249069213867,9.362415313720703,-30.95903778076172,0.017620104813254194,forget,for_003,M_gd_s2
0,-5,real,-31.682249069213867,9.362415313720703,-31.367145538330078,0.007677088742740503,forget,for_003,M_gd_s2
0,-4,real,-31.682249069213867,9.362415313720703,-30.18006134033203,0.03659885520970202,forget,for_003,M_gd_s2
0,-3,real,-31.682249069213867,9.362415313720703,-31.64059829711914,0.0010147670280876752,forget,for_003,M_gd_s2
0,-2,real,-31.682249069213867,9.362415313720703,-31.666810989379883,0.0003761287871658947,forget,for_003,M_gd_s2
0,-1,real,-31.682249069213867,9.362415313720703,-31.563236236572266,0.002899593270668437,forget,for_003,M_gd_s2
0,-12,random_position,-31.682249069213867,9.362415313720703,-31.662153244018555,0.0004896087103508607,forget,for_003,M_gd_s2
1,-6,real,-31.682249069213867,9.362415313720703,-30.5913028717041,0.026579488805939806,forget,for_003,M_gd_s2
1,-5,real,-31.682249069213867,9.362415313720703,-30.870054244995117,0.0197880732228972,forget,for_003,M_gd_s2
1,-4,real,-31.682249069213867,9.362415313720703,-28.893651962280273,0.06794055083303419,forget,for_003,M_gd_s2
1,-3,real,-31.682249069213867,9.362415313720703,-31.61337661743164,0.00167798793869203,forget,for_003,M_gd_s2
1,-2,real,-31.682249069213867,9.362415313720703,-31.637866973876953,0.0010813121755081792,forget,for_003,M_gd_s2
1,-1,real,-31.682249069213867,9.362415313720703,-31.395898818969727,0.0069765523618996505,forget,for_003,M_gd_s2
1,-3,random_position,-31.682249069213867,9.362415313720703,-31.61337661743164,0.00167798793869203,forget,for_003,M_gd_s2
2,-6,real,-31.682249069213867,9.362415313720703,-30.191679000854492,0.03631580598278981,forget,for_003,M_gd_s2
2,-5,real,-31.682249069213867,9.362415313720703,-29.61383056640625,0.05039433343905275,forget,for_003,M_gd_s2
2,-4,real,-31.682249069213867,9.362415313720703,-27.311264038085938,0.10649337975693828,forget,for_003,M_gd_s2
2,-3,real,-31.682249069213867,9.362415313720703,-31.580904006958008,0.002469140965810804,forget,for_003,M_gd_s2
2,-2,real,-31.682249069213867,9.362415313720703,-31.620018005371094,0.0015161791374921727,forget,for_003,M_gd_s2
2,-1,real,-31.682249069213867,9.362415313720703,-31.191890716552734,0.011946945115356152,forget,for_003,M_gd_s2
2,-8,random_position,-31.682249069213867,9.362415313720703,-31.507667541503906,0.004253452436135595,forget,for_003,M_gd_s2
3,-6,real,-31.682249069213867,9.362415313720703,-30.675823211669922,0.024520260371830305,forget,for_003,M_gd_s2
3,-5,real,-31.682249069213867,9.362415313720703,-28.131790161132812,0.08650232524637853,forget,for_003,M_gd_s2
3,-4,real,-31.682249069213867,9.362415313720703,-24.52404022216797,0.17440047213596216,forget,for_003,M_gd_s2
3,-3,real,-31.682249069213867,9.362415313720703,-31.61062240600586,0.001745090727012706,forget,for_003,M_gd_s2
3,-2,real,-31.682249069213867,9.362415313720703,-31.612102508544922,0.001709029948801595,forget,for_003,M_gd_s2
3,-1,real,-31.682249069213867,9.362415313720703,-30.941036224365234,0.018058689381239335,forget,for_003,M_gd_s2
3,-12,random_position,-31.682249069213867,9.362415313720703,-31.621307373046875,0.0014847653667824934,forget,for_003,M_gd_s2
4,-6,real,-31.682249069213867,9.362415313720703,-30.455562591552734,0.029886624634483817,forget,for_003,M_gd_s2
4,-5,real,-31.682249069213867,9.362415313720703,-25.872995376586914,0.14153492981276045,forget,for_003,M_gd_s2
4,-4,real,-31.682249069213867,9.362415313720703,-20.676982879638672,0.2681290334572923,forget,for_003,M_gd_s2
4,-3,real,-31.682249069213867,9.362415313720703,-31.616329193115234,0.001606052262569865,forget,for_003,M_gd_s2
4,-2,real,-31.682249069213867,9.362415313720703,-31.651592254638672,0.0007469135157051427,forget,for_003,M_gd_s2
4,-1,real,-31.682249069213867,9.362415313720703,-30.569305419921875,0.02711542818107994,forget,for_003,M_gd_s2
4,-9,random_position,-31.682249069213867,9.362415313720703,-31.648670196533203,0.0008181056706270788,forget,for_003,M_gd_s2
5,-6,real,-31.682249069213867,9.362415313720703,-30.513866424560547,0.028466127381446125,forget,for_003,M_gd_s2
5,-5,real,-31.682249069213867,9.362415313720703,-22.941308975219727,0.2129616656733688,forget,for_003,M_gd_s2
5,-4,real,-31.682249069213867,9.362415313720703,-14.078533172607422,0.42889170032842727,forget,for_003,M_gd_s2
5,-3,real,-31.682249069213867,9.362415313720703,-31.620718002319336,0.0014991246199619179,forget,for_003,M_gd_s2
5,-2,real,-31.682249069213867,9.362415313720703,-31.681291580200195,2.3327977657187932e-05,forget,for_003,M_gd_s2
5,-1,real,-31.682249069213867,9.362415313720703,-30.202428817749023,0.03605390064000911,forget,for_003,M_gd_s2
5,-11,random_position,-31.682249069213867,9.362415313720703,-31.677701950073242,0.00011078465883413552,forget,for_003,M_gd_s2
6,-6,real,-31.682249069213867,9.362415313720703,-30.09722900390625,0.03861695762742385,forget,for_003,M_gd_s2
6,-5,real,-31.682249069213867,9.362415313720703,-20.112333297729492,0.28188598799445613,forget,for_003,M_gd_s2
6,-4,real,-31.682249069213867,9.362415313720703,-10.8294677734375,0.5080509637312682,forget,for_003,M_gd_s2
6,-3,real,-31.682249069213867,9.362415313720703,-31.58989715576172,0.0022500345621182917,forget,for_003,M_gd_s2
6,-2,real,-31.682249069213867,9.362415313720703,-31.67206573486328,0.00024810373050144694,forget,for_003,M_gd_s2
6,-1,real,-31.682249069213867,9.362415313720703,-29.021583557128906,0.06482366349159879,forget,for_003,M_gd_s2
6,-2,random_position,-31.682249069213867,9.362415313720703,-31.67206573486328,0.00024810373050144694,forget,for_003,M_gd_s2
7,-6,real,-31.682249069213867,9.362415313720703,-29.109821319580078,0.06267386488128639,forget,for_003,M_gd_s2
7,-5,real,-31.682249069213867,9.362415313720703,-18.50720977783203,0.3209927402125309,forget,for_003,M_gd_s2
7,-4,real,-31.682249069213867,9.362415313720703,-4.860340118408203,0.6534810152317289,forget,for_003,M_gd_s2
7,-3,real,-31.682249069213867,9.362415313720703,-31.556520462036133,0.003063214404793853,forget,for_003,M_gd_s2
7,-2,real,-31.682249069213867,9.362415313720703,-31.636085510253906,0.0011247152255715528,forget,for_003,M_gd_s2
7,-1,real,-31.682249069213867,9.362415313720703,-26.663564682006836,0.1222737343003756,forget,for_003,M_gd_s2
7,-8,random_position,-31.682249069213867,9.362415313720703,-31.518840789794922,0.003981230736701717,forget,for_003,M_gd_s2
8,-6,real,-31.682249069213867,9.362415313720703,-29.554607391357422,0.051837229268247347,forget,for_003,M_gd_s2
8,-5,real,-31.682249069213867,9.362415313720703,-17.686370849609375,0.340991415815393,forget,for_003,M_gd_s2
8,-4,real,-31.682249069213867,9.362415313720703,-7.137977600097656,0.5979893327942805,forget,for_003,M_gd_s2
8,-3,real,-31.682249069213867,9.362415313720703,-31.55016326904297,0.003218099164816577,forget,for_003,M_gd_s2
8,-2,real,-31.682249069213867,9.362415313720703,-31.630508422851562,0.0012605937249134205,forget,for_003,M_gd_s2
8,-1,real,-31.682249069213867,9.362415313720703,-22.53615951538086,0.2228326066575353,forget,for_003,M_gd_s2
8,-5,random_position,-31.682249069213867,9.362415313720703,-17.686370849609375,0.340991415815393,forget,for_003,M_gd_s2
9,-6,real,-31.682249069213867,9.362415313720703,-28.942968368530273,0.06673902057346397,forget,for_003,M_gd_s2
9,-5,real,-31.682249069213867,9.362415313720703,-26.72076988220215,0.12088000381054616,forget,for_003,M_gd_s2
9,-4,real,-31.682249069213867,9.362415313720703,-19.030216217041016,0.30825036682315465,forget,for_003,M_gd_s2
9,-3,real,-31.682249069213867,9.362415313720703,-31.41674041748047,0.006468773852218191,forget,for_003,M_gd_s2
9,-2,real,-31.682249069213867,9.362415313720703,-31.55270767211914,0.003156108084747476,forget,for_003,M_gd_s2
9,-1,real,-31.682249069213867,9.362415313720703,-10.694705963134766,0.5113342604113299,forget,for_003,M_gd_s2
9,-11,random_position,-31.682249069213867,9.362415313720703,-31.663326263427734,0.0004610296142170548,forget,for_003,M_gd_s2
10,-6,real,-31.682249069213867,9.362415313720703,-30.599855422973633,0.026371116989575602,forget,for_003,M_gd_s2
10,-5,real,-31.682249069213867,9.362415313720703,-31.554920196533203,0.0031022027977308663,forget,for_003,M_gd_s2
10,-4,real,-31.682249069213867,9.362415313720703,-27.55626678466797,0.10052420568119902,forget,for_003,M_gd_s2
10,-3,real,-31.682249069213867,9.362415313720703,-31.42781639099121,0.006198922126610043,forget,for_003,M_gd_s2
10,-2,real,-31.682249069213867,9.362415313720703,-31.517250061035156,0.0040199867792636585,forget,for_003,M_gd_s2
10,-1,real,-31.682249069213867,9.362415313720703,-0.8159370422363281,0.7520176493344904,forget,for_003,M_gd_s2
10,-6,random_position,-31.682249069213867,9.362415313720703,-30.599855422973633,0.026371116989575602,forget,for_003,M_gd_s2
11,-6,real,-31.682249069213867,9.362415313720703,-31.682249069213867,0.0,forget,for_003,M_gd_s2
11,-5,real,-31.682249069213867,9.362415313720703,-31.682249069213867,0.0,forget,for_003,M_gd_s2
11,-4,real,-31.682249069213867,9.362415313720703,-31.682249069213867,0.0,forget,for_003,M_gd_s2
11,-3,real,-31.682249069213867,9.362415313720703,-31.682249069213867,0.0,forget,for_003,M_gd_s2
11,-2,real,-31.682249069213867,9.362415313720703,-31.682249069213867,0.0,forget,for_003,M_gd_s2
11,-1,real,-31.682249069213867,9.362415313720703,9.113563537597656,0.9939370493128818,forget,for_003,M_gd_s2
11,-6,random_position,-31.682249069213867,9.362415313720703,-31.682249069213867,0.0,forget,for_003,M_gd_s2
0,-6,real,-30.8731632232666,8.934595108032227,-30.78002166748047,0.0023397839941391605,forget,for_003,M_gd_s2
0,-5,real,-30.8731632232666,8.934595108032227,-30.810991287231445,0.0015618044984530967,forget,for_003,M_gd_s2
0,-4,real,-30.8731632232666,8.934595108032227,-30.19460105895996,0.017045977788031373,forget,for_003,M_gd_s2
0,-3,real,-30.8731632232666,8.934595108032227,-30.621719360351562,0.0063164537129271475,forget,for_003,M_gd_s2
0,-2,real,-30.8731632232666,8.934595108032227,-29.57779312133789,0.03254064424195991,forget,for_003,M_gd_s2
0,-1,real,-30.8731632232666,8.934595108032227,-30.78803253173828,0.0021385452257779197,forget,for_003,M_gd_s2
0,-13,random_position,-30.8731632232666,8.934595108032227,-30.858028411865234,0.0003801975302253443,forget,for_003,M_gd_s2
1,-6,real,-30.8731632232666,8.934595108032227,-30.746665954589844,0.0031777038944013937,forget,for_003,M_gd_s2
1,-5,real,-30.8731632232666,8.934595108032227,-30.657236099243164,0.005424247259199846,forget,for_003,M_gd_s2
1,-4,real,-30.8731632232666,8.934595108032227,-29.80063247680664,0.026942756674059796,forget,for_003,M_gd_s2
1,-3,real,-30.8731632232666,8.934595108032227,-30.338998794555664,0.01341860107432754,forget,for_003,M_gd_s2
1,-2,real,-30.8731632232666,8.934595108032227,-28.22199821472168,0.06659920376527319,forget,for_003,M_gd_s2
1,-1,real,-30.8731632232666,8.934595108032227,-30.670047760009766,0.005102408971799262,forget,for_003,M_gd_s2
1,-3,random_position,-30.8731632232666,8.934595108032227,-30.338998794555664,0.01341860107432754,forget,for_003,M_gd_s2
2,-6,real,-30.8731632232666,8.934595108032227,-30.831581115722656,0.0010445729497722408,forget,for_003,M_gd_s2
2,-5,real,-30.8731632232666,8.934595108032227,-30.488746643066406,0.009656825611753878,forget,for_003,M_gd_s2
2,-4,real,-30.8731632232666,8.934595108032227,-29.456945419311523,0.03557642689067417,forget,for_003,M_gd_s2
2,-3,real,-30.8731632232666,8.934595108032227,-29.55921173095703,0.03300742235657306,forget,for_003,M_gd_s2
2,-2,real,-30.8731632232666,8.934595108032227,-26.328125,0.1141746838754562,forget,for_003,M_gd_s2
2,-1,real,-30.8731632232666,8.934595108032227,-30.53120994567871,0.0085901163974619,forget,for_003,M_gd_s2
2,-9,random_position,-30.8731632232666,8.934595108032227,-30.88385009765625,-0.0002684620997923887,forget,for_003,M_gd_s2
3,-6,real,-30.8731632232666,8.934595108032227,-30.76743507385254,0.0026559684304286436,forget,for_003,M_gd_s2
3,-5,real,-30.8731632232666,8.934595108032227,-30.2703800201416,0.015142354867318969,forget,for_003,M_gd_s2
3,-4,real,-30.8731632232666,8.934595108032227,-29.974353790283203,0.022578750240168886,forget,for_003,M_gd_s2
3,-3,real,-30.8731632232666,8.934595108032227,-28.807987213134766,0.051878731601625816,forget,for_003,M_gd_s2
3,-2,real,-30.8731632232666,8.934595108032227,-23.06320571899414,0.1961918437927183,forget,for_003,M_gd_s2
3,-1,real,-30.8731632232666,8.934595108032227,-30.336162567138672,0.013489849181125911,forget,for_003,M_gd_s2
3,-13,random_position,-30.8731632232666,8.934595108032227,-30.77951431274414,0.0023525291161353725,forget,for_003,M_gd_s2
4,-6,real,-30.8731632232666,8.934595108032227,-30.800697326660156,0.0018203963157972913,forget,for_003,M_gd_s2
4,-5,real,-30.8731632232666,8.934595108032227,-30.2581787109375,0.015448860677130125,forget,for_003,M_gd_s2
4,-4,real,-30.8731632232666,8.934595108032227,-30.04237937927246,0.020869897698834683,forget,for_003,M_gd_s2
4,-3,real,-30.8731632232666,8.934595108032227,-27.47818946838379,0.08528422340761439,forget,for_003,M_gd_s2
4,-2,real,-30.8731632232666,8.934595108032227,-18.771820068359375,0.3039945895519706,forget,for_003,M_gd_s2
4,-1,real,-30.8731632232666,8.934595108032227,-30.01075553894043,0.021664311693936917,forget,for_003,M_gd_s2
4,-10,random_position,-30.8731632232666,8.934595108032227,-30.817119598388672,0.0014078568406567474,forget,for_003,M_gd_s2
5,-6,real,-30.8731632232666,8.934595108032227,-30.814477920532227,0.0014742177202234901,forget,for_003,M_gd_s2
5,-5,real,-30.8731632232666,8.934595108032227,-30.31658935546875,0.013981542571821878,forget,for_003,M_gd_s2
5,-4,real,-30.8731632232666,8.934595108032227,-30.07742691040039,0.019989478087254254,forget,for_003,M_gd_s2
5,-3,real,-30.8731632232666,8.934595108032227,-25.79478645324707,0.12757253819104555,forget,for_003,M_gd_s2
5,-2,real,-30.8731632232666,8.934595108032227,-12.011245727539062,0.4738251608832082,forget,for_003,M_gd_s2
5,-1,real,-30.8731632232666,8.934595108032227,-29.594999313354492,0.03210841211591545,forget,for_003,M_gd_s2
5,-12,random_position,-30.8731632232666,8.934595108032227,-30.843460083007812,0.0007461646046880009,forget,for_003,M_gd_s2
6,-6,real,-30.8731632232666,8.934595108032227,-30.730859756469727,0.0035747671499751087,forget,for_003,M_gd_s2
6,-5,real,-30.8731632232666,8.934595108032227,-30.471956253051758,0.010078612487440545,forget,for_003,M_gd_s2
6,-4,real,-30.8731632232666,8.934595108032227,-29.83429527282715,0.026097122621010382,forget,for_003,M_gd_s2
6,-3,real,-30.8731632232666,8.934595108032227,-23.43267822265625,0.1869104243119431,forget,for_003,M_gd_s2
6,-2,real,-30.8731632232666,8.934595108032227,-8.68490982055664,0.5573851513579064,forget,for_003,M_gd_s2
6,-1,real,-30.8731632232666,8.934595108032227,-28.516998291015625,0.05918858612037049,forget,for_003,M_gd_s2
6,-2,random_position,-30.8731632232666,8.934595108032227,-8.68490982055664,0.5573851513579064,forget,for_003,M_gd_s2
7,-6,real,-30.8731632232666,8.934595108032227,-30.890544891357422,-0.00043664021335142563,forget,for_003,M_gd_s2
7,-5,real,-30.8731632232666,8.934595108032227,-30.71643829345703,0.003937044847017809,forget,for_003,M_gd_s2
7,-4,real,-30.8731632232666,8.934595108032227,-29.36469841003418,0.03789373922234632,forget,for_003,M_gd_s2
7,-3,real,-30.8731632232666,8.934595108032227,-22.242612838745117,0.21680573702980202,forget,for_003,M_gd_s2
7,-2,real,-30.8731632232666,8.934595108032227,-3.2137527465820312,0.6948246180176736,forget,for_003,M_gd_s2
7,-1,real,-30.8731632232666,8.934595108032227,-26.167238235473633,0.11821627705403692,forget,for_003,M_gd_s2
7,-8,random_position,-30.8731632232666,8.934595108032227,-30.84526824951172,0.0007007421398293207,forget,for_003,M_gd_s2
8,-6,real,-30.8731632232666,8.934595108032227,-30.926328659057617,-0.0013355546260241018,forget,for_003,M_gd_s2
8,-5,real,-30.8731632232666,8.934595108032227,-30.560993194580078,0.007841939405090287,forget,for_003,M_gd_s2
8,-4,real,-30.8731632232666,8.934595108032227,-29.345895767211914,0.038366075360085634,forget,for_003,M_gd_s2
8,-3,real,-30.8731632232666,8.934595108032227,-21.353464126586914,0.23914180289812575,forget,for_003,M_gd_s2
8,-2,real,-30.8731632232666,8.934595108032227,-6.992645263671875,0.5998960745503391,forget,for_003,M_gd_s2
8,-1,real,-30.8731632232666,8.934595108032227,-20.84534454345703,0.2519061384053169,forget,for_003,M_gd_s2
8,-5,random_position,-30.8731632232666,8.934595108032227,-30.560993194580078,0.007841939405090287,forget,for_003,M_gd_s2
9,-6,real,-30.8731632232666,8.934595108032227,-30.916366577148438,-0.0010852998433691587,forget,for_003,M_gd_s2
9,-5,real,-30.8731632232666,8.934595108032227,-30.559917449951172,0.007868962896841653,forget,for_003,M_gd_s2
9,-4,real,-30.8731632232666,8.934595108032227,-29.50665283203125,0.034327740332992664,forget,for_003,M_gd_s2
9,-3,real,-30.8731632232666,8.934595108032227,-28.892135620117188,0.04976486208196838,forget,for_003,M_gd_s2
9,-2,real,-30.8731632232666,8.934595108032227,-18.65751075744629,0.3068661230345081,forget,for_003,M_gd_s2
9,-1,real,-30.8731632232666,8.934595108032227,-8.975021362304688,0.5500973372756967,forget,for_003,M_gd_s2
9,-12,random_position,-30.8731632232666,8.934595108032227,-30.87413215637207,-2.434030817321675e-05,forget,for_003,M_gd_s2
10,-6,real,-30.8731632232666,8.934595108032227,-30.944496154785156,-0.0017919354042719158,forget,for_003,M_gd_s2
10,-5,real,-30.8731632232666,8.934595108032227,-30.659961700439453,0.0053557781639645575,forget,for_003,M_gd_s2
10,-4,real,-30.8731632232666,8.934595108032227,-30.085683822631836,0.019782058413864777,forget,for_003,M_gd_s2
10,-3,real,-30.8731632232666,8.934595108032227,-30.61638832092285,0.006450373321872306,forget,for_003,M_gd_s2
10,-2,real,-30.8731632232666,8.934595108032227,-27.712360382080078,0.07940167881046806,forget,for_003,M_gd_s2
10,-1,real,-30.8731632232666,8.934595108032227,0.230072021484375,0.7813360146003517,forget,for_003,M_gd_s2
10,-6,random_position,-30.8731632232666,8.934595108032227,-30.944496154785156,-0.0017919354042719158,forget,for_003,M_gd_s2
11,-6,real,-30.8731632232666,8.934595108032227,-30.8731632232666,0.0,forget,for_003,M_gd_s2
11,-5,real,-30.8731632232666,8.934595108032227,-30.8731632232666,0.0,forget,for_003,M_gd_s2
11,-4,real,-30.8731632232666,8.934595108032227,-30.8731632232666,0.0,forget,for_003,M_gd_s2
11,-3,real,-30.8731632232666,8.934595108032227,-30.8731632232666,0.0,forget,for_003,M_gd_s2
11,-2,real,-30.8731632232666,8.934595108032227,-30.8731632232666,0.0,forget,for_003,M_gd_s2
11,-1,real,-30.8731632232666,8.934595108032227,8.69219970703125,0.9939108502673362,forget,for_003,M_gd_s2
11,-6,random_position,-30.8731632232666,8.934595108032227,-30.8731632232666,0.0,forget,for_003,M_gd_s2
0,-6,real,-31.34421157836914,9.583717346191406,-30.968168258666992,0.009187939130643075,forget,for_003,M_gd_s2
0,-5,real,-31.34421157836914,9.583717346191406,-29.70241928100586,0.04011422860876925,forget,for_003,M_gd_s2
0,-4,real,-31.34421157836914,9.583717346191406,-31.32345962524414,0.0005070364826730069,forget,for_003,M_gd_s2
0,-3,real,-31.34421157836914,9.583717346191406,-31.325740814208984,0.0004512997516732903,forget,for_003,M_gd_s2
0,-2,real,-31.34421157836914,9.583717346191406,-31.335926055908203,0.00020244177212606082,forget,for_003,M_gd_s2
0,-1,real,-31.34421157836914,9.583717346191406,-31.195648193359375,0.0036298779076654876,forget,for_003,M_gd_s2
0,-13,random_position,-31.34421157836914,9.583717346191406,-31.319927215576172,0.0005933445310103606,forget,for_003,M_gd_s2
1,-6,real,-31.34421157836914,9.583717346191406,-30.36140251159668,0.0240131639346814,forget,for_003,M_gd_s2
1,-5,real,-31.34421157836914,9.583717346191406,-28.302248001098633,0.07432488418550415,forget,for_003,M_gd_s2
1,-4,real,-31.34421157836914,9.583717346191406,-31.323530197143555,0.0005053121858109755,forget,for_003,M_gd_s2
1,-3,real,-31.34421157836914,9.583717346191406,-31.30966567993164,0.0008440666152732996,forget,for_003,M_gd_s2
1,-2,real,-31.34421157836914,9.583717346191406,-31.3101806640625,0.0008314839084422599,forget,for_003,M_gd_s2
1,-1,real,-31.34421157836914,9.583717346191406,-31.05153465270996,0.007151031907787214,forget,for_003,M_gd_s2
1,-3,random_position,-31.34421157836914,9.583717346191406,-31.30966567993164,0.0008440666152732996,forget,for_003,M_gd_s2
2,-6,real,-31.34421157836914,9.583717346191406,-28.82453155517578,0.061563829135788936,forget,for_003,M_gd_s2
2,-5,real,-31.34421157836914,9.583717346191406,-26.61337661743164,0.11558940521171988,forget,for_003,M_gd_s2
2,-4,real,-31.34421157836914,9.583717346191406,-31.320934295654297,0.0005687383487629941,forget,for_003,M_gd_s2
2,-3,real,-31.34421157836914,9.583717346191406,-31.29047393798828,0.0013129821565100455,forget,for_003,M_gd_s2
2,-2,real,-31.34421157836914,9.583717346191406,-31.281538009643555,0.0015313154213375305,forget,for_003,M_gd_s2
2,-1,real,-31.34421157836914,9.583717346191406,-30.911577224731445,0.01057063880352066,forget,for_003,M_gd_s2
2,-9,random_position,-31.34421157836914,9.583717346191406,-31.16880226135254,0.004285809754505797,forget,for_003,M_gd_s2
3,-6,real,-31.34421157836914,9.583717346191406,-27.080148696899414,0.10418467275315497,forget,for_003,M_gd_s2
3,-5,real,-31.34421157836914,9.583717346191406,-23.606311798095703,0.18906160129764057,forget,for_003,M_gd_s2
3,-4,real,-31.34421157836914,9.583717346191406,-31.327335357666016,0.00041233996311496,forget,for_003,M_gd_s2
3,-3,real,-31.34421157836914,9.583717346191406,-31.29298210144043,0.001251699713981093,forget,for_003,M_gd_s2
3,-2,real,-31.34421157836914,9.583717346191406,-31.2762508392334,0.0016604978781362047,forget,for_003,M_gd_s2
3,-1,real,-31.34421157836914,9.583717346191406,-30.740737915039062,0.014744788685555453,forget,for_003,M_gd_s2
3,-13,random_position,-31.34421157836914,9.583717346191406,-31.269515991210938,0.0018250517219154682,forget,for_003,M_gd_s2
4,-6,real,-31.34421157836914,9.583717346191406,-24.67372703552246,0.16298123843847304,forget,for_003,M_gd_s2
4,-5,real,-31.34421157836914,9.583717346191406,-19.686065673828125,0.2848457327520682,forget,for_003,M_gd_s2
4,-4,real,-31.34421157836914,9.583717346191406,-31.32464027404785,0.000478189462197401,forget,for_003,M_gd_s2
4,-3,real,-31.34421157836914,9.583717346191406,-31.293216705322266,0.001245967591980286,forget,for_003,M_gd_s2
4,-2,real,-31.34421157836914,9.583717346191406,-31.296052932739258,0.0011766694991737821,forget,for_003,M_gd_s2
4,-1,real,-31.34421157836914,9.583717346191406,-30.43276596069336,0.022269526986224544,forget,for_003,M_gd_s2
4,-10,random_position,-31.34421157836914,9.583717346191406,-31.311172485351562,0.0008072505471380353,forget,for_003,M_gd_s2
5,-6,real,-31.34421157836914,9.583717346191406,-21.935558319091797,0.2298834440564932,forget,for_003,M_gd_s2
5,-5,real,-31.34421157836914,9.583717346191406,-13.06857681274414,0.44653211745239146,forget,for_003,M_gd_s2
5,-4,real,-31.34421157836914,9.583717346191406,-31.338340759277344,0.0001434428578738525,forget,for_003,M_gd_s2
5,-3,real,-31.34421157836914,9.583717346191406,-31.30621910095215,0.0009282775458054802,forget,for_003,M_gd_s2
5,-2,real,-31.34421157836914,9.583717346191406,-31.33465003967285,0.00023361892349630362,forget,for_003,M_gd_s2
5,-1,real,-31.34421157836914,9.583717346191406,-30.06392478942871,0.03128149463170464,forget,for_003,M_gd_s2
5,-12,random_position,-31.34421157836914,9.583717346191406,-31.330825805664062,0.0003270571723712465,forget,for_003,M_gd_s2
6,-6,real,-31.34421157836914,9.583717346191406,-19.437177658081055,0.2909268617582739,forget,for_003,M_gd_s2
6,-5,real,-31.34421157836914,9.583717346191406,-9.800704956054688,0.5263766623037296,forget,for_003,M_gd_s2
6,-4,real,-31.34421157836914,9.583717346191406,-31.33666229248047,0.00018445316161946334,forget,for_003,M_gd_s2
6,-3,real,-31.34421157836914,9.583717346191406,-31.295190811157227,0.0011977338824613005,forget,for_003,M_gd_s2
6,-2,real,-31.34421157836914,9.583717346191406,-31.32740592956543,0.0004106156662529286,forget,for_003,M_gd_s2
6,-1,real,-31.34421157836914,9.583717346191406,-28.79214859008789,0.062355048382371873,forget,for_003,M_gd_s2
6,-2,random_position,-31.34421157836914,9.583717346191406,-31.32740592956543,0.0004106156662529286,forget,for_003,M_gd_s2
7,-6,real,-31.34421157836914,9.583717346191406,-18.201099395751953,0.32112820091246064,forget,for_003,M_gd_s2
7,-5,real,-31.34421157836914,9.583717346191406,-4.068874359130859,0.6664235874117381,forget,for_003,M_gd_s2
7,-4,real,-31.34421157836914,9.583717346191406,-31.329566955566406,0.00035781490018045467,forget,for_003,M_gd_s2
7,-3,real,-31.34421157836914,9.583717346191406,-31.28318214416504,0.001491143964713989,forget,for_003,M_gd_s2
7,-2,real,-31.34421157836914,9.583717346191406,-31.31492042541504,0.0007156764029788021,forget,for_003,M_gd_s2
7,-1,real,-31.34421157836914,9.583717346191406,-26.276714324951172,0.12381514009073157,forget,for_003,M_gd_s2
7,-8,random_position,-31.34421157836914,9.583717346191406,-30.73401641845703,0.014909016311009467,forget,for_003,M_gd_s2
8,-6,real,-31.34421157836914,9.583717346191406,-17.470325469970703,0.3389833415214133,forget,for_003,M_gd_s2
8,-5,real,-31.34421157836914,9.583717346191406,-6.714878082275391,0.6017732668929131,forget,for_003,M_gd_s2
8,-4,real,-31.34421157836914,9.583717346191406,-31.337722778320312,0.00015854210607110013,forget,for_003,M_gd_s2
8,-3,real,-31.34421157836914,9.583717346191406,-31.307462692260742,0.0008978926389394139,forget,for_003,M_gd_s2
8,-2,real,-31.34421157836914,9.583717346191406,-31.30455207824707,0.0009690082338437346,forget,for_003,M_gd_s2
8,-1,real,-31.34421157836914,9.583717346191406,-21.68967056274414,0.2358912671447536,forget,for_003,M_gd_s2
8,-5,random_position,-31.34421157836914,9.583717346191406,-6.714878082275391,0.6017732668929131,forget,for_003,M_gd_s2
9,-6,real,-31.34421157836914,9.583717346191406,-26.27239990234375,0.12392055521240494,forget,for_003,M_gd_s2
9,-5,real,-31.34421157836914,9.583717346191406,-18.45309829711914,0.3149710630364719,forget,for_003,M_gd_s2
9,-4,real,-31.34421157836914,9.583717346191406,-31.266075134277344,0.0019091228445939706,forget,for_003,M_gd_s2
9,-3,real,-31.34421157836914,9.583717346191406,-31.250991821289062,0.002277656346889755,forget,for_003,M_gd_s2
9,-2,real,-31.34421157836914,9.583717346191406,-31.28104591369629,0.0015433388967538574,forget,for_003,M_gd_s2
9,-1,real,-31.34421157836914,9.583717346191406,-9.852489471435547,0.5251114012279418,forget,for_003,M_gd_s2
9,-12,random_position,-31.34421157836914,9.583717346191406,-31.315807342529297,0.0006940061856586782,forget,for_003,M_gd_s2
10,-6,real,-31.34421157836914,9.583717346191406,-31.256000518798828,0.002155277872303421,forget,for_003,M_gd_s2
10,-5,real,-31.34421157836914,9.583717346191406,-27.19121551513672,0.10147095571064285,forget,for_003,M_gd_s2
10,-4,real,-31.34421157836914,9.583717346191406,-31.291913986206055,0.001277797180001027,forget,for_003,M_gd_s2
10,-3,real,-31.34421157836914,9.583717346191406,-31.247913360595703,0.002352872972168637,forget,for_003,M_gd_s2
10,-2,real,-31.34421157836914,9.583717346191406,-31.246681213378906,0.002382978263327347,forget,for_003,M_gd_s2
10,-1,real,-31.34421157836914,9.583717346191406,-0.371185302734375,0.7567699389999694,forget,for_003,M_gd_s2
10,-6,random_position,-31.34421157836914,9.583717346191406,-31.256000518798828,0.002155277872303421,forget,for_003,M_gd_s2
11,-6,real,-31.34421157836914,9.583717346191406,-31.34421157836914,0.0,forget,for_003,M_gd_s2
11,-5,real,-31.34421157836914,9.583717346191406,-31.34421157836914,0.0,forget,for_003,M_gd_s2
11,-4,real,-31.34421157836914,9.583717346191406,-31.34421157836914,0.0,forget,for_003,M_gd_s2
11,-3,real,-31.34421157836914,9.583717346191406,-31.34421157836914,0.0,forget,for_003,M_gd_s2
11,-2,real,-31.34421157836914,9.583717346191406,-31.34421157836914,0.0,forget,for_003,M_gd_s2
11,-1,real,-31.34421157836914,9.583717346191406,9.32156753540039,0.9935948429915861,forget,for_003,M_gd_s2
11,-6,random_position,-31.34421157836914,9.583717346191406,-31.34421157836914,0.0,forget,for_003,M_gd_s2
0,-6,real,-31.216136932373047,9.593942642211914,-31.166454315185547,0.0012174104462771137,forget,for_003,M_gd_s2
0,-5,real,-31.216136932373047,9.593942642211914,-30.628236770629883,0.014405758770176155,forget,for_003,M_gd_s2
0,-4,real,-31.216136932373047,9.593942642211914,-30.982248306274414,0.005731148494115904,forget,for_003,M_gd_s2
0,-3,real,-31.216136932373047,9.593942642211914,-29.983539581298828,0.03020325772267878,forget,for_003,M_gd_s2
0,-2,real,-31.216136932373047,9.593942642211914,-31.20319938659668,0.0003170183913197813,forget,for_003,M_gd_s2
0,-1,real,-31.216136932373047,9.593942642211914,-31.110980987548828,0.0025767150155155804,forget,for_003,M_gd_s2
0,-14,random_position,-31.216136932373047,9.593942642211914,-31.195093154907227,0.0005156514685878146,forget,for_003,M_gd_s2
1,-6,real,-31.216136932373047,9.593942642211914,-31.01874542236328,0.0048368322744632404,forget,for_003,M_gd_s2
1,-5,real,-31.216136932373047,9.593942642211914,-30.324472427368164,0.021849124390342506,forget,for_003,M_gd_s2
1,-4,real,-31.216136932373047,9.593942642211914,-30.624526977539062,0.014496662613772937,forget,for_003,M_gd_s2
1,-3,real,-31.216136932373047,9.593942642211914,-28.765995025634766,0.06003766550516949,forget,for_003,M_gd_s2
1,-2,real,-31.216136932373047,9.593942642211914,-31.19451332092285,0.0005298595757618104,forget,for_003,M_gd_s2
1,-1,real,-31.216136932373047,9.593942642211914,-30.994047164916992,0.00544203220800295,forget,for_003,M_gd_s2
1,-3,random_position,-31.216136932373047,9.593942642211914,-28.765995025634766,0.06003766550516949,forget,for_003,M_gd_s2
2,-6,real,-31.216136932373047,9.593942642211914,-30.791826248168945,0.010397203059323288,forget,for_003,M_gd_s2
2,-5,real,-31.216136932373047,9.593942642211914,-30.077932357788086,0.027890280696580498,forget,for_003,M_gd_s2
2,-4,real,-31.216136932373047,9.593942642211914,-29.70456314086914,0.03703922676115681,forget,for_003,M_gd_s2
2,-3,real,-31.216136932373047,9.593942642211914,-27.07094955444336,0.10157263649422434,forget,for_003,M_gd_s2
2,-2,real,-31.216136932373047,9.593942642211914,-31.158031463623047,0.0014238018978572633,forget,for_003,M_gd_s2
2,-1,real,-31.216136932373047,9.593942642211914,-30.864158630371094,0.008624788426561962,forget,for_003,M_gd_s2
2,-9,random_position,-31.216136932373047,9.593942642211914,-31.20953369140625,0.0001618041678828074,forget,for_003,M_gd_s2
3,-6,real,-31.216136932373047,9.593942642211914,-30.55903434753418,0.016101477666514694,forget,for_003,M_gd_s2
3,-5,real,-31.216136932373047,9.593942642211914,-30.548986434936523,0.016347689207937752,forget,for_003,M_gd_s2
3,-4,real,-31.216136932373047,9.593942642211914,-28.634414672851562,0.0632618776153842,forget,for_003,M_gd_s2
3,-3,real,-31.216136932373047,9.593942642211914,-24.31161880493164,0.16918658820114849,forget,for_003,M_gd_s2
3,-2,real,-31.216136932373047,9.593942642211914,-31.20660972595215,0.00023345228728325333,forget,for_003,M_gd_s2
3,-1,real,-31.216136932373047,9.593942642211914,-30.628982543945312,0.014387484527067496,forget,for_003,M_gd_s2
3,-14,random_position,-31.216136932373047,9.593942642211914,-31.140422821044922,0.001855279678878083,forget,for_003,M_gd_s2
4,-6,real,-31.216136932373047,9.593942642211914,-30.574399948120117,0.015724962826403805,forget,for_003,M_gd_s2
4,-5,real,-31.216136932373047,9.593942642211914,-30.537599563598633,0.016626710260006023,forget,for_003,M_gd_s2
4,-4,real,-31.216136932373047,9.593942642211914,-26.639205932617188,0.11215197440110375,forget,for_003,M_gd_s2
4,-3,real,-31.216136932373047,9.593942642211914,-20.477577209472656,0.2631349861319059,forget,for_003,M_gd_s2
4,-2,real,-31.216136932373047,9.593942642211914,-31.20025634765625,0.0003891338826667402,forget,for_003,M_gd_s2
4,-1,real,-31.216136932373047,9.593942642211914,-30.400976181030273,0.019974495512878783,forget,for_003,M_gd_s2
4,-11,random_position,-31.216136932373047,9.593942642211914,-31.227598190307617,-0.00028084380265967356,forget,for_003,M_gd_s2
5,-6,real,-31.216136932373047,9.593942642211914,-30.563095092773438,0.016001974179102072,forget,for_003,M_gd_s2
5,-5,real,-31.216136932373047,9.593942642211914,-30.663715362548828,0.013536400212467287,forget,for_003,M_gd_s2
5,-4,real,-31.216136932373047,9.593942642211914,-23.58057975769043,0.18709978648112624,forget,for_003,M_gd_s2
5,-3,real,-31.216136932373047,9.593942642211914,-13.749176025390625,0.4280060487277318,forget,for_003,M_gd_s2
5,-2,real,-31.216136932373047,9.593942642211914,-31.246763229370117,-0.0007504591345159558,forget,for_003,M_gd_s2
5,-1,real,-31.216136932373047,9.593942642211914,-30.101531982421875,0.02731200138715994,forget,for_003,M_gd_s2
5,-12,random_position,-31.216136932373047,9.593942642211914,-31.219905853271484,-9.235269663097269e-05,forget,for_003,M_gd_s2
6,-6,real,-31.216136932373047,9.593942642211914,-30.84895896911621,0.008997237130738188,forget,for_003,M_gd_s2
6,-5,real,-31.216136932373047,9.593942642211914,-30.314353942871094,0.022097065207967663,forget,for_003,M_gd_s2
6,-4,real,-31.216136932373047,9.593942642211914,-20.55460548400879,0.2612475045259131,forget,for_003,M_gd_s2
6,-3,real,-31.216136932373047,9.593942642211914,-10.413330078125,0.5097467848899584,forget,for_003,M_gd_s2
6,-2,real,-31.216136932373047,9.593942642211914,-31.21636390686035,-5.561726163504935e-06,forget,for_003,M_gd_s2
6,-1,real,-31.216136932373047,9.593942642211914,-29.196104049682617,0.04949838137410624,forget,for_003,M_gd_s2
6,-2,random_position,-31.216136932373047,9.593942642211914,-31.21636390686035,-5.561726163504935e-06,forget,for_003,M_gd_s2
7,-6,real,-31.216136932373047,9.593942642211914,-30.95587921142578,0.006377290210170154,forget,for_003,M_gd_s2
7,-5,real,-31.216136932373047,9.593942642211914,-29.56680679321289,0.04041477390765245,forget,for_003,M_gd_s2
7,-4,real,-31.216136932373047,9.593942642211914,-18.692575454711914,0.30687422343230014,forget,for_003,M_gd_s2
7,-3,real,-31.216136932373047,9.593942642211914,-4.644306182861328,0.6511095059481259,forget,for_003,M_gd_s2
7,-2,real,-31.216136932373047,9.593942642211914,-31.163278579711914,0.0012952278753715315,forget,for_003,M_gd_s2
7,-1,real,-31.216136932373047,9.593942642211914,-26.968807220458984,0.10407550674219086,forget,for_003,M_gd_s2
7,-9,random_position,-31.216136932373047,9.593942642211914,-31.22905731201172,-0.00031659775656791954,forget,for_003,M_gd_s2
8,-6,real,-31.216136932373047,9.593942642211914,-30.707164764404297,0.012471726918310628,forget,for_003,M_gd_s2
8,-5,real,-31.216136932373047,9.593942642211914,-29.647300720214844,0.0384423708189782,forget,for_003,M_gd_s2
8,-4,real,-31.216136932373047,9.593942642211914,-17.692537307739258,0.331378908485535,forget,for_003,M_gd_s2
8,-3,real,-31.216136932373047,9.593942642211914,-7.759193420410156,0.5747830868374739,forget,for_003,M_gd_s2
8,-2,real,-31.216136932373047,9.593942642211914,-31.17867660522461,0.0009179185029515707,forget,for_003,M_gd_s2
8,-1,real,-31.216136932373047,9.593942642211914,-22.502445220947266,0.21351812596935862,forget,for_003,M_gd_s2
8,-5,random_position,-31.216136932373047,9.593942642211914,-29.647300720214844,0.0384423708189782,forget,for_003,M_gd_s2
9,-6,real,-31.216136932373047,9.593942642211914,-30.707321166992188,0.01246789446834922,forget,for_003,M_gd_s2
9,-5,real,-31.216136932373047,9.593942642211914,-29.346771240234375,0.045806470157015944,forget,for_003,M_gd_s2
9,-4,real,-31.216136932373047,9.593942642211914,-27.01991844177246,0.10282309013711992,forget,for_003,M_gd_s2
9,-3,real,-31.216136932373047,9.593942642211914,-18.844179153442383,0.303159364252636,forget,for_003,M_gd_s2
9,-2,real,-31.216136932373047,9.593942642211914,-30.91489028930664,0.007381672523226633,forget,for_003,M_gd_s2
9,-1,real,-31.216136932373047,9.593942642211914,-10.15829086303711,0.5159962021355626,forget,for_003,M_gd_s2
9,-13,random_position,-31.216136932373047,9.593942642211914,-31.223896026611328,-0.0001901269078414964,forget,for_003,M_gd_s2
10,-6,real,-31.216136932373047,9.593942642211914,-30.86486053466797,0.008607589138930285,forget,for_003,M_gd_s2
10,-5,real,-31.216136932373047,9.593942642211914,-30.51484489440918,0.017184284992196056,forget,for_003,M_gd_s2
10,-4,real,-31.216136932373047,9.593942642211914,-31.08135414123535,0.0033026838600342537,forget,for_003,M_gd_s2
10,-3,real,-31.216136932373047,9.593942642211914,-27.528486251831055,0.09036127150407537,forget,for_003,M_gd_s2
10,-2,real,-31.216136932373047,9.593942642211914,-30.906471252441406,0.00758797050041748,forget,for_003,M_gd_s2
10,-1,real,-31.216136932373047,9.593942642211914,-0.5918540954589844,0.750409780038404,forget,for_003,M_gd_s2
10,-6,random_position,-31.216136932373047,9.593942642211914,-30.86486053466797,0.008607589138930285,forget,for_003,M_gd_s2
11,-6,real,-31.216136932373047,9.593942642211914,-31.216136932373047,0.0,forget,for_003,M_gd_s2
11,-5,real,-31.216136932373047,9.593942642211914,-31.216136932373047,0.0,forget,for_003,M_gd_s2
11,-4,real,-31.216136932373047,9.593942642211914,-31.216136932373047,0.0,forget,for_003,M_gd_s2
11,-3,real,-31.216136932373047,9.593942642211914,-31.216136932373047,0.0,forget,for_003,M_gd_s2
11,-2,real,-31.216136932373047,9.593942642211914,-31.216136932373047,0.0,forget,for_003,M_gd_s2
11,-1,real,-31.216136932373047,9.593942642211914,9.340665817260742,0.9937937679222536,forget,for_003,M_gd_s2
11,-7,random_position,-31.216136932373047,9.593942642211914,-31.216136932373047,0.0,forget,for_003,M_gd_s2
0,-6,real,-32.26642608642578,8.883842468261719,-31.565513610839844,0.017032998816385498,forget,for_003,M_gd_s2
0,-5,real,-32.26642608642578,8.883842468261719,-31.972402572631836,0.007145117738495356,forget,for_003,M_gd_s2
0,-4,real,-32.26642608642578,8.883842468261719,-30.742551803588867,0.03703194016368884,forget,for_003,M_gd_s2
0,-3,real,-32.26642608642578,8.883842468261719,-32.257652282714844,0.0002132137655256702,forget,for_003,M_gd_s2
0,-2,real,-32.26642608642578,8.883842468261719,-32.26314926147461,7.963070634197857e-05,forget,for_003,M_gd_s2
0,-1,real,-32.26642608642578,8.883842468261719,-32.151288986206055,0.002797967164338496,forget,for_003,M_gd_s2
0,-12,random_position,-32.26642608642578,8.883842468261719,-32.25673294067383,0.00023555486008727304,forget,for_003,M_gd_s2
1,-6,real,-32.26642608642578,8.883842468261719,-31.227130889892578,0.025256097542887487,forget,for_003,M_gd_s2
1,-5,real,-32.26642608642578,8.883842468261719,-31.625791549682617,0.01556817389640555,forget,for_003,M_gd_s2
1,-4,real,-32.26642608642578,8.883842468261719,-29.3780517578125,0.07019089862742248,forget,for_003,M_gd_s2
1,-3,real,-32.26642608642578,8.883842468261719,-32.25714111328125,0.0002256357849084701,forget,for_003,M_gd_s2
1,-2,real,-32.26642608642578,8.883842468261719,-32.26261520385742,9.260893554788892e-05,forget,for_003,M_gd_s2
1,-1,real,-32.26642608642578,8.883842468261719,-32.01875686645508,0.00601865379424093,forget,for_003,M_gd_s2
1,-3,random_position,-32.26642608642578,8.883842468261719,-32.25714111328125,0.0002256357849084701,forget,for_003,M_gd_s2
2,-6,real,-32.26642608642578,8.883842468261719,-30.950639724731445,0.03197515855688024,forget,for_003,M_gd_s2
2,-5,real,-32.26642608642578,8.883842468261719,-30.70886993408203,0.03785044926921445,forget,for_003,M_gd_s2
2,-4,real,-32.26642608642578,8.883842468261719,-27.562698364257812,0.11430612453760423,forget,for_003,M_gd_s2
2,-3,real,-32.26642608642578,8.883842468261719,-32.225839614868164,0.0009862990688305948,forget,for_003,M_gd_s2
2,-2,real,-32.26642608642578,8.883842468261719,-32.27423858642578,-0.00018985295295503155,forget,for_003,M_gd_s2
2,-1,real,-32.26642608642578,8.883842468261719,-31.8819580078125,0.009343027205334867,forget,for_003,M_gd_s2
2,-8,random_position,-32.26642608642578,8.883842468261719,-32.245649337768555,0.0005048994669285056,forget,for_003,M_gd_s2
3,-6,real,-32.26642608642578,8.883842468261719,-31.466983795166016,0.019427389403238772,forget,for_003,M_gd_s2
3,-5,real,-32.26642608642578,8.883842468261719,-29.763858795166016,0.06081533314743565,forget,for_003,M_gd_s2
3,-4,real,-32.26642608642578,8.883842468261719,-24.33210563659668,0.1928133333877183,forget,for_003,M_gd_s2
3,-3,real,-32.26642608642578,8.883842468261719,-32.24217414855957,0.0005893506584041079,forget,for_003,M_gd_s2
3,-2,real,-32.26642608642578,8.883842468261719,-32.22230911254883,0.0010720944340453808,forget,for_003,M_gd_s2
3,-1,real,-32.26642608642578,8.883842468261719,-31.71078109741211,0.013502827770740694,forget,for_003,M_gd_s2
3,-12,random_position,-32.26642608642578,8.883842468261719,-32.17747116088867,0.0021617094775187406,forget,for_003,M_gd_s2
4,-6,real,-32.26642608642578,8.883842468261719,-31.4045352935791,0.020944961554777028,forget,for_003,M_gd_s2
4,-5,real,-32.26642608642578,8.883842468261719,-28.13873291015625,0.10030780651610932,forget,for_003,M_gd_s2
4,-4,real,-32.26642608642578,8.883842468261719,-20.148395538330078,0.29448241709507184,forget,for_003,M_gd_s2
4,-3,real,-32.26642608642578,8.883842468261719,-32.222713470458984,0.001062268060503763,forget,for_003,M_gd_s2
4,-2,real,-32.26642608642578,8.883842468261719,-32.20124053955078,0.0015840855762185445,forget,for_003,M_gd_s2
4,-1,real,-32.26642608642578,8.883842468261719,-31.428482055664062,0.020363027027347724,forget,for_003,M_gd_s2
4,-9,random_position,-32.26642608642578,8.883842468261719,-32.21906280517578,0.0011509835272898788,forget,for_003,M_gd_s2
5,-6,real,-32.26642608642578,8.883842468261719,-31.436201095581055,0.020175445264503728,forget,for_003,M_gd_s2
5,-5,real,-32.26642608642578,8.883842468261719,-25.773895263671875,0.15777614705297788,forget,for_003,M_gd_s2
5,-4,real,-32.26642608642578,8.883842468261719,-12.994436264038086,0.4683320546687511,forget,for_003,M_gd_s2
5,-3,real,-32.26642608642578,8.883842468261719,-32.232215881347656,0.0008313482822757437,forget,for_003,M_gd_s2
5,-2,real,-32.26642608642578,8.883842468261719,-32.19883918762207,0.0016424412568265487,forget,for_003,M_gd_s2
5,-1,real,-32.26642608642578,8.883842468261719,-31.03603744506836,0.029899893356036582,forget,for_003,M_gd_s2
5,-11,random_position,-32.26642608642578,8.883842468261719,-32.239654541015625,0.0006505800897648493,forget,for_003,M_gd_s2
6,-6,real,-32.26642608642578,8.883842468261719,-31.071619033813477,0.029035218835192805,forget,for_003,M_gd_s2
6,-5,real,-32.26642608642578,8.883842468261719,-23.261140823364258,0.21883903992251627,forget,for_003,M_gd_s2
6,-4,real,-32.26642608642578,8.883842468261719,-9.612899780273438,0.5505073746006414,forget,for_003,M_gd_s2
6,-3,real,-32.26642608642578,8.883842468261719,-32.23526573181152,0.000757233323346277,forget,for_003,M_gd_s2
6,-2,real,-32.26642608642578,8.883842468261719,-32.17602729797363,0.0021967970471932913,forget,for_003,M_gd_s2
6,-1,real,-32.26642608642578,8.883842468261719,-29.713754653930664,0.06203292280104301,forget,for_003,M_gd_s2
6,-2,random_position,-32.26642608642578,8.883842468261719,-32.17602729797363,0.0021967970471932913,forget,for_003,M_gd_s2
7,-6,real,-32.26642608642578,8.883842468261719,-30.219318389892578,0.049747128474086556,forget,for_003,M_gd_s2
7,-5,real,-32.26642608642578,8.883842468261719,-21.83977699279785,0.2533798553409492,forget,for_003,M_gd_s2
7,-4,real,-32.26642608642578,8.883842468261719,-3.5714454650878906,0.6973218311613958,forget,for_003,M_gd_s2
7,-3,real,-32.26642608642578,8.883842468261719,-32.1375846862793,0.003130997795925874,forget,for_003,M_gd_s2
7,-2,real,-32.26642608642578,8.883842468261719,-32.11476707458496,0.0036854926387483943,forget,for_003,M_gd_s2
7,-1,real,-32.26642608642578,8.883842468261719,-27.36029815673828,0.11922468800336988,forget,for_003,M_gd_s2
7,-8,random_position,-32.26642608642578,8.883842468261719,-32.184669494628906,0.001986781488150506,forget,for_003,M_gd_s2
8,-6,real,-32.26642608642578,8.883842468261719,-30.09126091003418,0.0528590760835709,forget,for_003,M_gd_s2
8,-5,real,-32.26642608642578,8.883842468261719,-21.17876434326172,0.2694432413831974,forget,for_003,M_gd_s2
8,-4,real,-32.26642608642578,8.883842468261719,-7.969539642333984,0.5904429617950596,forget,for_003,M_gd_s2
8,-3,real,-32.26642608642578,8.883842468261719,-32.08915710449219,0.004307845079990389,forget,for_003,M_gd_s2
8,-2,real,-32.26642608642578,8.883842468261719,-32.22970771789551,0.0008922996087249298,forget,for_003,M_gd_s2
8,-1,real,-32.26642608642578,8.883842468261719,-21.940155029296875,0.25094055081087974,forget,for_003,M_gd_s2
8,-5,random_position,-32.26642608642578,8.883842468261719,-21.17876434326172,0.2694432413831974,forget,for_003,M_gd_s2
9,-6,real,-32.26642608642578,8.883842468261719,-29.665401458740234,0.06320796240318241,forget,for_003,M_gd_s2
9,-5,real,-32.26642608642578,8.883842468261719,-29.13593101501465,0.07607471789037772,forget,for_003,M_gd_s2
9,-4,real,-32.26642608642578,8.883842468261719,-20.270835876464844,0.2915069726463425,forget,for_003,M_gd_s2
9,-3,real,-32.26642608642578,8.883842468261719,-31.906423568725586,0.008748485255248396,forget,for_003,M_gd_s2
9,-2,real,-32.26642608642578,8.883842468261719,-32.15028762817383,0.002822301344099578,forget,for_003,M_gd_s2
9,-1,real,-32.26642608642578,8.883842468261719,-10.4031982421875,0.5313021910217351,forget,for_003,M_gd_s2
9,-11,random_position,-32.26642608642578,8.883842468261719,-32.25166893005371,0.00035861628345045877,forget,for_003,M_gd_s2
10,-6,real,-32.26642608642578,8.883842468261719,-31.347476959228516,0.022331546292972772,forget,for_003,M_gd_s2
10,-5,real,-32.26642608642578,8.883842468261719,-31.89474105834961,0.009032384019127685,forget,for_003,M_gd_s2
10,-4,real,-32.26642608642578,8.883842468261719,-28.899497985839844,0.08182031901229002,forget,for_003,M_gd_s2
10,-3,real,-32.26642608642578,8.883842468261719,-31.671504974365234,0.014457283827198216,forget,for_003,M_gd_s2
10,-2,real,-32.26642608642578,8.883842468261719,-32.21611785888672,0.001222549191196756,forget,for_003,M_gd_s2
10,-1,real,-32.26642608642578,8.883842468261719,0.2616081237792969,0.7904695486246044,forget,for_003,M_gd_s2
10,-6,random_position,-32.26642608642578,8.883842468261719,-31.347476959228516,0.022331546292972772,forget,for_003,M_gd_s2
11,-6,real,-32.26642608642578,8.883842468261719,-32.26642608642578,0.0,forget,for_003,M_gd_s2
11,-5,real,-32.26642608642578,8.883842468261719,-32.26642608642578,0.0,forget,for_003,M_gd_s2
11,-4,real,-32.26642608642578,8.883842468261719,-32.26642608642578,0.0,forget,for_003,M_gd_s2
11,-3,real,-32.26642608642578,8.883842468261719,-32.26642608642578,0.0,forget,for_003,M_gd_s2
11,-2,real,-32.26642608642578,8.883842468261719,-32.26642608642578,0.0,forget,for_003,M_gd_s2
11,-1,real,-32.26642608642578,8.883842468261719,8.64382553100586,0.9941673056899524,forget,for_003,M_gd_s2
11,-6,random_position,-32.26642608642578,8.883842468261719,-32.26642608642578,0.0,forget,for_003,M_gd_s2
0,-6,real,-30.225994110107422,8.084268569946289,-30.239730834960938,-0.0003585651439729665,forget,for_004,M_gd_s2
0,-5,real,-30.225994110107422,8.084268569946289,-30.234325408935547,-0.00021746911259010244,forget,for_004,M_gd_s2
0,-4,real,-30.225994110107422,8.084268569946289,-30.23486328125,-0.00023150901408973816,forget,for_004,M_gd_s2
0,-3,real,-30.225994110107422,8.084268569946289,-30.22782325744629,-4.774562247571159e-05,forget,for_004,M_gd_s2
0,-2,real,-30.225994110107422,8.084268569946289,-30.190336227416992,0.0009307658104102484,forget,for_004,M_gd_s2
0,-1,real,-30.225994110107422,8.084268569946289,-30.209373474121094,0.0004338429137156943,forget,for_004,M_gd_s2
0,-14,random_position,-30.225994110107422,8.084268569946289,-30.15795135498047,0.001776097326588671,forget,for_004,M_gd_s2
1,-6,real,-30.225994110107422,8.084268569946289,-30.22755241394043,-4.067588484114325e-05,forget,for_004,M_gd_s2
1,-5,real,-30.225994110107422,8.084268569946289,-30.249807357788086,-0.0006215892561097594,forget,for_004,M_gd_s2
1,-4,real,-30.225994110107422,8.084268569946289,-30.246644973754883,-0.0005390426011934613,forget,for_004,M_gd_s2
1,-3,real,-30.225994110107422,8.084268569946289,-30.213834762573242,0.00031739139028431846,forget,for_004,M_gd_s2
1,-2,real,-30.225994110107422,8.084268569946289,-30.124319076538086,0.002653989465393908,forget,for_004,M_gd_s2
1,-1,real,-30.225994110107422,8.084268569946289,-30.164316177368164,0.0016099584921763148,forget,for_004,M_gd_s2
1,-3,random_position,-30.225994110107422,8.084268569946289,-30.213834762573242,0.00031739139028431846,forget,for_004,M_gd_s2
2,-6,real,-30.225994110107422,8.084268569946289,-30.215423583984375,0.0002759189152871675,forget,for_004,M_gd_s2
2,-5,real,-30.225994110107422,8.084268569946289,-30.21844482421875,0.0001970564898424051,forget,for_004,M_gd_s2
2,-4,real,-30.225994110107422,8.084268569946289,-30.220699310302734,0.00013820839206733616,forget,for_004,M_gd_s2
2,-3,real,-30.225994110107422,8.084268569946289,-30.221139907836914,0.000126707621689975,forget,for_004,M_gd_s2
2,-2,real,-30.225994110107422,8.084268569946289,-30.143918991088867,0.002142379437697962,forget,for_004,M_gd_s2
2,-1,real,-30.225994110107422,8.084268569946289,-30.00226593017578,0.005839902007461959,forget,for_004,M_gd_s2
2,-9,random_position,-30.225994110107422,8.084268569946289,-30.080827713012695,0.0037892300114743833,forget,for_004,M_gd_s2
3,-6,real,-30.225994110107422,8.084268569946289,-30.1900691986084,0.0009377359742753158,forget,for_004,M_gd_s2
3,-5,real,-30.225994110107422,8.084268569946289,-30.19786834716797,0.0007341574025305977,forget,for_004,M_gd_s2
3,-4,real,-30.225994110107422,8.084268569946289,-30.224308013916016,4.401160611942549e-05,forget,for_004,M_gd_s2
3,-3,real,-30.225994110107422,8.084268569946289,-30.22029685974121,0.00014871342474968773,forget,for_004,M_gd_s2
3,-2,real,-30.225994110107422,8.084268569946289,-30.185344696044922,0.001061058087802258,forget,for_004,M_gd_s2
3,-1,real,-30.225994110107422,8.084268569946289,-29.77397918701172,0.011798794669477568,forget,for_004,M_gd_s2
3,-14,random_position,-30.225994110107422,8.084268569946289,-30.062664031982422,0.004263350514953217,forget,for_004,M_gd_s2
4,-6,real,-30.225994110107422,8.084268569946289,-30.16777992248535,0.0015195455094694406,forget,for_004,M_gd_s2
4,-5,real,-30.225994110107422,8.084268569946289,-30.175512313842773,0.0013177094786909892,forget,for_004,M_gd_s2
4,-4,real,-30.225994110107422,8.084268569946289,-30.222360610961914,9.484401544966692e-05,forget,for_004,M_gd_s2
4,-3,real,-30.225994110107422,8.084268569946289,-30.213865280151367,0.00031659480012831073,forget,for_004,M_gd_s2
4,-2,real,-30.225994110107422,8.084268569946289,-30.228227615356445,-5.8300442042813636e-05,forget,for_004,M_gd_s2
4,-1,real,-30.225994110107422,8.084268569946289,-29.37770652770996,0.022142567632122318,forget,for_004,M_gd_s2
4,-11,random_position,-30.225994110107422,8.084268569946289,-28.57744598388672,0.04303150150622752,forget,for_004,M_gd_s2
5,-6,real,-30.225994110107422,8.084268569946289,-30.208431243896484,0.00045843763478243204,forget,for_004,M_gd_s2
5,-5,real,-30.225994110107422,8.084268569946289,-30.149635314941406,0.0019931681441007695,forget,for_004,M_gd_s2
5,-4,real,-30.225994110107422,8.084268569946289,-30.213407516479492,0.0003285436524684263,forget,for_004,M_gd_s2
5,-3,real,-30.225994110107422,8.084268569946289,-30.225120544433594,2.2802393215720448e-05,forget,for_004,M_gd_s2
5,-2,real,-30.225994110107422,8.084268569946289,-30.2752742767334,-0.0012863437412981862,forget,for_004,M_gd_s2
5,-1,real,-30.225994110107422,8.084268569946289,-28.691762924194336,0.04004752456870742,forget,for_004,M_gd_s2
5,-12,random_position,-30.225994110107422,8.084268569946289,-30.25897216796875,-0.0008608152373358221,forget,for_004,M_gd_s2
6,-6,real,-30.225994110107422,8.084268569946289,-30.125539779663086,0.0026221258591536,forget,for_004,M_gd_s2
6,-5,real,-30.225994110107422,8.084268569946289,-30.128070831298828,0.0025560586630897116,forget,for_004,M_gd_s2
6,-4,real,-30.225994110107422,8.084268569946289,-30.166000366210938,0.0015659966729416397,forget,for_004,M_gd_s2
6,-3,real,-30.225994110107422,8.084268569946289,-30.180908203125,0.0011768623817318775,forget,for_004,M_gd_s2
6,-2,real,-30.225994110107422,8.084268569946289,-30.20329475402832,0.0005925137154154783,forget,for_004,M_gd_s2
6,-1,real,-30.225994110107422,8.084268569946289,-27.56781768798828,0.0693854919325083,forget,for_004,M_gd_s2
6,-2,random_position,-30.225994110107422,8.084268569946289,-30.20329475402832,0.0005925137154154783,forget,for_004,M_gd_s2
7,-6,real,-30.225994110107422,8.084268569946289,-30.14633560180664,0.002079299454719102,forget,for_004,M_gd_s2
7,-5,real,-30.225994110107422,8.084268569946289,-30.152101516723633,0.001928793702118397,forget,for_004,M_gd_s2
7,-4,real,-30.225994110107422,8.084268569946289,-30.156736373901367,0.0018078115721747274,forget,for_004,M_gd_s2
7,-3,real,-30.225994110107422,8.084268569946289,-30.208148956298828,0.0004658060937255033,forget,for_004,M_gd_s2
7,-2,real,-30.225994110107422,8.084268569946289,-30.190610885620117,0.0009235964990061791,forget,for_004,M_gd_s2
7,-1,real,-30.225994110107422,8.084268569946289,-25.241729736328125,0.1301025893611103,forget,for_004,M_gd_s2
7,-9,random_position,-30.225994110107422,8.084268569946289,-30.06324577331543,0.00424816551510432,forget,for_004,M_gd_s2
8,-6,real,-30.225994110107422,8.084268569946289,-30.05302619934082,0.004514923643597399,forget,for_004,M_gd_s2
8,-5,real,-30.225994110107422,8.084268569946289,-30.136981964111328,0.0023234543375354627,forget,for_004,M_gd_s2
8,-4,real,-30.225994110107422,8.084268569946289,-30.21843910217285,0.00019720585049665655,forget,for_004,M_gd_s2
8,-3,real,-30.225994110107422,8.084268569946289,-30.250072479248047,-0.0006285096330900763,forget,for_004,M_gd_s2
8,-2,real,-30.225994110107422,8.084268569946289,-30.203943252563477,0.0005755861746003147,forget,for_004,M_gd_s2
8,-1,real,-30.225994110107422,8.084268569946289,-18.366470336914062,0.3095651907228513,forget,for_004,M_gd_s2
8,-5,random_position,-30.225994110107422,8.084268569946289,-30.136981964111328,0.0023234543375354627,forget,for_004,M_gd_s2
9,-6,real,-30.225994110107422,8.084268569946289,-29.87896728515625,0.009058325385272074,forget,for_004,M_gd_s2
9,-5,real,-30.225994110107422,8.084268569946289,-30.007123947143555,0.005713094812002483,forget,for_004,M_gd_s2
9,-4,real,-30.225994110107422,8.084268569946289,-30.08441162109375,0.003695680455028229,forget,for_004,M_gd_s2
9,-3,real,-30.225994110107422,8.084268569946289,-29.872215270996094,0.009234570957288777,forget,for_004,M_gd_s2
9,-2,real,-30.225994110107422,8.084268569946289,-29.967517852783203,0.0067469194738462275,forget,for_004,M_gd_s2
9,-1,real,-30.225994110107422,8.084268569946289,-5.554840087890625,0.6439828990016784,forget,for_004,M_gd_s2
9,-13,random_position,-30.225994110107422,8.084268569946289,-30.21029281616211,0.0004098456352659623,forget,for_004,M_gd_s2
10,-6,real,-30.225994110107422,8.084268569946289,-29.31659507751465,0.02373773941952774,forget,for_004,M_gd_s2
10,-5,real,-30.225994110107422,8.084268569946289,-29.436511993408203,0.020607588188380228,forget,for_004,M_gd_s2
10,-4,real,-30.225994110107422,8.084268569946289,-29.80098533630371,0.011093862168295502,forget,for_004,M_gd_s2
10,-3,real,-30.225994110107422,8.084268569946289,-28.207759857177734,0.05268129508233531,forget,for_004,M_gd_s2
10,-2,real,-30.225994110107422,8.084268569946289,-29.510112762451172,0.018686411879628655,forget,for_004,M_gd_s2
10,-1,real,-30.225994110107422,8.084268569946289,7.209661483764648,0.9771704231452057,forget,for_004,M_gd_s2
10,-6,random_position,-30.225994110107422,8.084268569946289,-29.31659507751465,0.02373773941952774,forget,for_004,M_gd_s2
11,-6,real,-30.225994110107422,8.084268569946289,-30.225994110107422,0.0,forget,for_004,M_gd_s2
11,-5,real,-30.225994110107422,8.084268569946289,-30.225994110107422,0.0,forget,for_004,M_gd_s2
11,-4,real,-30.225994110107422,8.084268569946289,-30.225994110107422,0.0,forget,for_004,M_gd_s2
11,-3,real,-30.225994110107422,8.084268569946289,-30.225994110107422,0.0,forget,for_004,M_gd_s2
11,-2,real,-30.225994110107422,8.084268569946289,-30.225994110107422,0.0,forget,for_004,M_gd_s2
11,-1,real,-30.225994110107422,8.084268569946289,8.015975952148438,0.998217380591509,forget,for_004,M_gd_s2
11,-7,random_position,-30.225994110107422,8.084268569946289,-30.225994110107422,0.0,forget,for_004,M_gd_s2
0,-6,real,-29.767688751220703,7.6363983154296875,-29.78058624267578,-0.0003448150313653176,forget,for_004,M_gd_s2
0,-5,real,-29.767688751220703,7.6363983154296875,-29.650379180908203,0.0031362767951926196,forget,for_004,M_gd_s2
0,-4,real,-29.767688751220703,7.6363983154296875,-29.740747451782227,0.0007202768882039502,forget,for_004,M_gd_s2
0,-3,real,-29.767688751220703,7.6363983154296875,-29.776214599609375,-0.00022793895152365716,forget,for_004,M_gd_s2
0,-2,real,-29.767688751220703,7.6363983154296875,-29.761449813842773,0.00016679827973912361,forget,for_004,M_gd_s2
0,-1,real,-29.767688751220703,7.6363983154296875,-29.74781036376953,0.000531449609122943,forget,for_004,M_gd_s2
0,-11,random_position,-29.767688751220703,7.6363983154296875,-29.69568634033203,0.001924987789713212,forget,for_004,M_gd_s2
1,-6,real,-29.767688751220703,7.6363983154296875,-29.793041229248047,-0.0006777996741951792,forget,for_004,M_gd_s2
1,-5,real,-29.767688751220703,7.6363983154296875,-29.596689224243164,0.004571680273143274,forget,for_004,M_gd_s2
1,-4,real,-29.767688751220703,7.6363983154296875,-29.562942504882812,0.0054739003781338925,forget,for_004,M_gd_s2
1,-3,real,-29.767688751220703,7.6363983154296875,-29.779157638549805,-0.0003066212338952462,forget,for_004,M_gd_s2
1,-2,real,-29.767688751220703,7.6363983154296875,-29.769983291625977,-6.13446440006621e-05,forget,for_004,M_gd_s2
1,-1,real,-29.767688751220703,7.6363983154296875,-29.683042526245117,0.0022630207448922552,forget,for_004,M_gd_s2
1,-3,random_position,-29.767688751220703,7.6363983154296875,-29.779157638549805,-0.0003066212338952462,forget,for_004,M_gd_s2
2,-6,real,-29.767688751220703,7.6363983154296875,-29.711505889892578,0.0015020513995706588,forget,for_004,M_gd_s2
2,-5,real,-29.767688751220703,7.6363983154296875,-29.568410873413086,0.005327703292223753,forget,for_004,M_gd_s2
2,-4,real,-29.767688751220703,7.6363983154296875,-29.18287467956543,0.015635031289847886,forget,for_004,M_gd_s2
2,-3,real,-29.767688751220703,7.6363983154296875,-29.790727615356445,-0.0006159450996541957,forget,for_004,M_gd_s2
2,-2,real,-29.767688751220703,7.6363983154296875,-29.771804809570312,-0.00011004301060135395,forget,for_004,M_gd_s2
2,-1,real,-29.767688751220703,7.6363983154296875,-29.55535125732422,0.005676852733181802,forget,for_004,M_gd_s2
2,-8,random_position,-29.767688751220703,7.6363983154296875,-26.74773597717285,0.080738577275435,forget,for_004,M_gd_s2
3,-6,real,-29.767688751220703,7.6363983154296875,-29.712852478027344,0.0014660503034239693,forget,for_004,M_gd_s2
3,-5,real,-29.767688751220703,7.6363983154296875,-29.48949432373047,0.007437540902803465,forget,for_004,M_gd_s2
3,-4,real,-29.767688751220703,7.6363983154296875,-28.48475456237793,0.03429930495447493,forget,for_004,M_gd_s2
3,-3,real,-29.767688751220703,7.6363983154296875,-29.759929656982422,0.00020743974380273765,forget,for_004,M_gd_s2
3,-2,real,-29.767688751220703,7.6363983154296875,-29.73849868774414,0.000780397698907841,forget,for_004,M_gd_s2
3,-1,real,-29.767688751220703,7.6363983154296875,-29.472187042236328,0.007900251875091087,forget,for_004,M_gd_s2
3,-11,random_position,-29.767688751220703,7.6363983154296875,-29.603673934936523,0.004384943709277584,forget,for_004,M_gd_s2
4,-6,real,-29.767688751220703,7.6363983154296875,-29.598825454711914,0.004514568052627279,forget,for_004,M_gd_s2
4,-5,real,-29.767688751220703,7.6363983154296875,-29.4652156829834,0.00808663148757855,forget,for_004,M_gd_s2
4,-4,real,-29.767688751220703,7.6363983154296875,-27.888072967529297,0.05025161502651078,forget,for_004,M_gd_s2
4,-3,real,-29.767688751220703,7.6363983154296875,-29.75082778930664,0.0004507785976441005,forget,for_004,M_gd_s2
4,-2,real,-29.767688751220703,7.6363983154296875,-29.778196334838867,-0.0002809207346630486,forget,for_004,M_gd_s2
4,-1,real,-29.767688751220703,7.6363983154296875,-29.233367919921875,0.014285092170455094,forget,for_004,M_gd_s2
4,-8,random_position,-29.767688751220703,7.6363983154296875,-28.294076919555664,0.03939708056606778,forget,for_004,M_gd_s2
5,-6,real,-29.767688751220703,7.6363983154296875,-29.67066764831543,0.002593863679452767,forget,for_004,M_gd_s2
5,-5,real,-29.767688751220703,7.6363983154296875,-29.384624481201172,0.01024124099959848,forget,for_004,M_gd_s2
5,-4,real,-29.767688751220703,7.6363983154296875,-27.584726333618164,0.05836160133283605,forget,for_004,M_gd_s2
5,-3,real,-29.767688751220703,7.6363983154296875,-29.730836868286133,0.0009852367969549396,forget,for_004,M_gd_s2
5,-2,real,-29.767688751220703,7.6363983154296875,-29.77098274230957,-8.806500431350244e-05,forget,for_004,M_gd_s2
5,-1,real,-29.767688751220703,7.6363983154296875,-28.88318634033203,0.023647212918539513,forget,for_004,M_gd_s2
5,-10,random_position,-29.767688751220703,7.6363983154296875,-29.807565689086914,-0.0010661117806499106,forget,for_004,M_gd_s2
6,-6,real,-29.767688751220703,7.6363983154296875,-29.587926864624023,0.004805942363366916,forget,for_004,M_gd_s2
6,-5,real,-29.767688751220703,7.6363983154296875,-29.26430320739746,0.013458035827107846,forget,for_004,M_gd_s2
6,-4,real,-29.767688751220703,7.6363983154296875,-26.886693954467773,0.07702352931697762,forget,for_004,M_gd_s2
6,-3,real,-29.767688751220703,7.6363983154296875,-29.682106018066406,0.002288058334422035,forget,for_004,M_gd_s2
6,-2,real,-29.767688751220703,7.6363983154296875,-29.728261947631836,0.001054077419898326,forget,for_004,M_gd_s2
6,-1,real,-29.767688751220703,7.6363983154296875,-28.10670280456543,0.044406536208076955,forget,for_004,M_gd_s2
6,-2,random_position,-29.767688751220703,7.6363983154296875,-29.728261947631836,0.001054077419898326,forget,for_004,M_gd_s2
7,-6,real,-29.767688751220703,7.6363983154296875,-29.69640350341797,0.001905814401397128,forget,for_004,M_gd_s2
7,-5,real,-29.767688751220703,7.6363983154296875,-29.049890518188477,0.019190369003076614,forget,for_004,M_gd_s2
7,-4,real,-29.767688751220703,7.6363983154296875,-26.483728408813477,0.08779683184234742,forget,for_004,M_gd_s2
7,-3,real,-29.767688751220703,7.6363983154296875,-29.67023277282715,0.0026054900957720945,forget,for_004,M_gd_s2
7,-2,real,-29.767688751220703,7.6363983154296875,-29.75566291809082,0.00032151120567263053,forget,for_004,M_gd_s2
7,-1,real,-29.767688751220703,7.6363983154296875,-25.928434371948242,0.10264264363493991,forget,for_004,M_gd_s2
7,-7,random_position,-29.767688751220703,7.6363983154296875,4.95191764831543,0.9282302850399535,forget,for_004,M_gd_s2
8,-6,real,-29.767688751220703,7.6363983154296875,-29.638689041137695,0.003448813223355594,forget,for_004,M_gd_s2
8,-5,real,-29.767688751220703,7.6363983154296875,-29.091659545898438,0.018073672112826823,forget,for_004,M_gd_s2
8,-4,real,-29.767688751220703,7.6363983154296875,-26.13593101501465,0.09709521127289167,forget,for_004,M_gd_s2
8,-3,real,-29.767688751220703,7.6363983154296875,-29.635738372802734,0.0035276994779433113,forget,for_004,M_gd_s2
8,-2,real,-29.767688751220703,7.6363983154296875,-29.74515151977539,0.0006025339264437434,forget,for_004,M_gd_s2
8,-1,real,-29.767688751220703,7.6363983154296875,-18.63856315612793,0.29753768820133936,forget,for_004,M_gd_s2
8,-5,random_position,-29.767688751220703,7.6363983154296875,-29.091659545898438,0.018073672112826823,forget,for_004,M_gd_s2
9,-6,real,-29.767688751220703,7.6363983154296875,-27.947277069091797,0.04866879062935321,forget,for_004,M_gd_s2
9,-5,real,-29.767688751220703,7.6363983154296875,-29.056161880493164,0.019022703841418943,forget,for_004,M_gd_s2
9,-4,real,-29.767688751220703,7.6363983154296875,-23.392454147338867,0.17044219238720618,forget,for_004,M_gd_s2
9,-3,real,-29.767688751220703,7.6363983154296875,-29.431482315063477,0.008988494641190945,forget,for_004,M_gd_s2
9,-2,real,-29.767688751220703,7.6363983154296875,-29.727264404296875,0.0010807467871571342,forget,for_004,M_gd_s2
9,-1,real,-29.767688751220703,7.6363983154296875,-5.449001312255859,0.6501612349375442,forget,for_004,M_gd_s2
9,-10,random_position,-29.767688751220703,7.6363983154296875,-29.758087158203125,0.00025669903399778304,forget,for_004,M_gd_s2
10,-6,real,-29.767688751220703,7.6363983154296875,-26.809253692626953,0.07909389830373645,forget,for_004,M_gd_s2
10,-5,real,-29.767688751220703,7.6363983154296875,-28.916000366210938,0.02276992841697061,forget,for_004,M_gd_s2
10,-4,real,-29.767688751220703,7.6363983154296875,-22.659513473510742,0.19003739524624394,forget,for_004,M_gd_s2
10,-3,real,-29.767688751220703,7.6363983154296875,-29.211885452270508,0.014859426938019065,forget,for_004,M_gd_s2
10,-2,real,-29.767688751220703,7.6363983154296875,-29.68743324279785,0.0021456347345102733,forget,for_004,M_gd_s2
10,-1,real,-29.767688751220703,7.6363983154296875,7.422605514526367,0.9942842395665916,forget,for_004,M_gd_s2
10,-5,random_position,-29.767688751220703,7.6363983154296875,-28.916000366210938,0.02276992841697061,forget,for_004,M_gd_s2
11,-6,real,-29.767688751220703,7.6363983154296875,-29.767688751220703,0.0,forget,for_004,M_gd_s2
11,-5,real,-29.767688751220703,7.6363983154296875,-29.767688751220703,0.0,forget,for_004,M_gd_s2
11,-4,real,-29.767688751220703,7.6363983154296875,-29.767688751220703,0.0,forget,for_004,M_gd_s2
11,-3,real,-29.767688751220703,7.6363983154296875,-29.767688751220703,0.0,forget,for_004,M_gd_s2
11,-2,real,-29.767688751220703,7.6363983154296875,-29.767688751220703,0.0,forget,for_004,M_gd_s2
11,-1,real,-29.767688751220703,7.6363983154296875,7.655939102172852,1.0005224238385593,forget,for_004,M_gd_s2
11,-6,random_position,-29.767688751220703,7.6363983154296875,-29.767688751220703,0.0,forget,for_004,M_gd_s2
0,-6,real,-28.443422317504883,8.321107864379883,-24.56637191772461,0.10545627485512214,forget,for_004,M_gd_s2
0,-5,real,-28.443422317504883,8.321107864379883,-27.334461212158203,0.030163886220232607,forget,for_004,M_gd_s2
0,-4,real,-28.443422317504883,8.321107864379883,-28.361249923706055,0.0022350997929879023,forget,for_004,M_gd_s2
0,-3,real,-28.443422317504883,8.321107864379883,-28.324121475219727,0.0032449984181748136,forget,for_004,M_gd_s2
0,-2,real,-28.443422317504883,8.321107864379883,-28.340816497802734,0.0027908916337167308,forget,for_004,M_gd_s2
0,-1,real,-28.443422317504883,8.321107864379883,-28.44466781616211,-3.387772537999861e-05,forget,for_004,M_gd_s2
0,-12,random_position,-28.443422317504883,8.321107864379883,-28.39478302001953,0.0013229952142654589,forget,for_004,M_gd_s2
1,-6,real,-28.443422317504883,8.321107864379883,-23.770845413208008,0.12709469918914468,forget,for_004,M_gd_s2
1,-5,real,-28.443422317504883,8.321107864379883,-24.983779907226562,0.09410272328144732,forget,for_004,M_gd_s2
1,-4,real,-28.443422317504883,8.321107864379883,-28.389419555664062,0.0014688821419355294,forget,for_004,M_gd_s2
1,-3,real,-28.443422317504883,8.321107864379883,-28.235488891601562,0.005655816214014255,forget,for_004,M_gd_s2
1,-2,real,-28.443422317504883,8.321107864379883,-28.015024185180664,0.011652484887058511,forget,for_004,M_gd_s2
1,-1,real,-28.443422317504883,8.321107864379883,-28.364900588989258,0.0021358012227316735,forget,for_004,M_gd_s2
1,-3,random_position,-28.443422317504883,8.321107864379883,-28.235488891601562,0.005655816214014255,forget,for_004,M_gd_s2
2,-6,real,-28.443422317504883,8.321107864379883,-24.918228149414062,0.0958857396150764,forget,for_004,M_gd_s2
2,-5,real,-28.443422317504883,8.321107864379883,-19.565353393554688,0.2414846287992209,forget,for_004,M_gd_s2
2,-4,real,-28.443422317504883,8.321107864379883,-28.26368522644043,0.004888872241131377,forget,for_004,M_gd_s2
2,-3,real,-28.443422317504883,8.321107864379883,-28.1011905670166,0.009308748100279313,forget,for_004,M_gd_s2
2,-2,real,-28.443422317504883,8.321107864379883,-27.412099838256836,0.02805210549803836,forget,for_004,M_gd_s2
2,-1,real,-28.443422317504883,8.321107864379883,-28.321184158325195,0.0033248938195304,forget,for_004,M_gd_s2
2,-8,random_position,-28.443422317504883,8.321107864379883,-28.43546485900879,0.00021644390549058838,forget,for_004,M_gd_s2
3,-6,real,-28.443422317504883,8.321107864379883,-25.534713745117188,0.07911725127446136,forget,for_004,M_gd_s2
3,-5,real,-28.443422317504883,8.321107864379883,-13.666940689086914,0.4019222211004585,forget,for_004,M_gd_s2
3,-4,real,-28.443422317504883,8.321107864379883,-28.363759994506836,0.002166825540920401,forget,for_004,M_gd_s2
3,-3,real,-28.443422317504883,8.321107864379883,-28.08474349975586,0.009756110467739845,forget,for_004,M_gd_s2
3,-2,real,-28.443422317504883,8.321107864379883,-26.401052474975586,0.05555272520620017,forget,for_004,M_gd_s2
3,-1,real,-28.443422317504883,8.321107864379883,-28.253026962280273,0.005178778411764505,forget,for_004,M_gd_s2
3,-12,random_position,-28.443422317504883,8.321107864379883,-28.274499893188477,0.004594711899776718,forget,for_004,M_gd_s2
4,-6,real,-28.443422317504883,8.321107864379883,-26.706707000732422,0.04723888237332091,forget,for_004,M_gd_s2
4,-5,real,-28.443422317504883,8.321107864379883,-6.157819747924805,0.6061712868171238,forget,for_004,M_gd_s2
4,-4,real,-28.443422317504883,8.321107864379883,-28.28856086730957,0.004212251575884912,forget,for_004,M_gd_s2
4,-3,real,-28.443422317504883,8.321107864379883,-28.038631439208984,0.011010364508761049,forget,for_004,M_gd_s2
4,-2,real,-28.443422317504883,8.321107864379883,-25.796066284179688,0.07200842823852119,forget,for_004,M_gd_s2
4,-1,real,-28.443422317504883,8.321107864379883,-28.061023712158203,0.01040129177375158,forget,for_004,M_gd_s2
4,-9,random_position,-28.443422317504883,8.321107864379883,-28.449935913085938,-0.00017717064651255016,forget,for_004,M_gd_s2
5,-6,real,-28.443422317504883,8.321107864379883,-27.575124740600586,0.02361780696254182,forget,for_004,M_gd_s2
5,-5,real,-28.443422317504883,8.321107864379883,0.9900588989257812,0.8005945151703209,forget,for_004,M_gd_s2
5,-4,real,-28.443422317504883,8.321107864379883,-28.358623504638672,0.0023065387330311765,forget,for_004,M_gd_s2
5,-3,real,-28.443422317504883,8.321107864379883,-27.983583450317383,0.012507676962347787,forget,for_004,M_gd_s2
5,-2,real,-28.443422317504883,8.321107864379883,-25.454431533813477,0.08130093785787562,forget,for_004,M_gd_s2
5,-1,real,-28.443422317504883,8.321107864379883,-27.908504486083984,0.014549834549075024,forget,for_004,M_gd_s2
5,-11,random_position,-28.443422317504883,8.321107864379883,-28.4699764251709,-0.0007222751803068004,forget,for_004,M_gd_s2
6,-6,real,-28.443422317504883,8.321107864379883,-27.53254508972168,0.024775979001413317,forget,for_004,M_gd_s2
6,-5,real,-28.443422317504883,8.321107864379883,3.820524215698242,0.8775835397211401,forget,for_004,M_gd_s2
6,-4,real,-28.443422317504883,8.321107864379883,-28.319751739501953,0.0033638557977239357,forget,for_004,M_gd_s2
6,-3,real,-28.443422317504883,8.321107864379883,-27.988323211669922,0.012378754837433092,forget,for_004,M_gd_s2
6,-2,real,-28.443422317504883,8.321107864379883,-24.838809967041016,0.09804592449926076,forget,for_004,M_gd_s2
6,-1,real,-28.443422317504883,8.321107864379883,-26.832225799560547,0.04382475472889986,forget,for_004,M_gd_s2
6,-2,random_position,-28.443422317504883,8.321107864379883,-24.838809967041016,0.09804592449926076,forget,for_004,M_gd_s2
7,-6,real,-28.443422317504883,8.321107864379883,-27.957998275756836,0.013203597036233394,forget,for_004,M_gd_s2
7,-5,real,-28.443422317504883,8.321107864379883,4.487520217895508,0.8957259176842868,forget,for_004,M_gd_s2
7,-4,real,-28.443422317504883,8.321107864379883,-28.438295364379883,0.0001394537914570234,forget,for_004,M_gd_s2
7,-3,real,-28.443422317504883,8.321107864379883,-27.832294464111328,0.016622757053337236,forget,for_004,M_gd_s2
7,-2,real,-28.443422317504883,8.321107864379883,-24.544429779052734,0.10605310387927452,forget,for_004,M_gd_s2
7,-1,real,-28.443422317504883,8.321107864379883,-24.6468505859375,0.10326724461824058,forget,for_004,M_gd_s2
7,-8,random_position,-28.443422317504883,8.321107864379883,-28.4486026763916,-0.00014090643511803405,forget,for_004,M_gd_s2
8,-6,real,-28.443422317504883,8.321107864379883,-28.19877052307129,0.0066545606110898345,forget,for_004,M_gd_s2
8,-5,real,-28.443422317504883,8.321107864379883,2.475910186767578,0.841009863346698,forget,for_004,M_gd_s2
8,-4,real,-28.443422317504883,8.321107864379883,-28.308374404907227,0.0036733207776499565,forget,for_004,M_gd_s2
8,-3,real,-28.443422317504883,8.321107864379883,-27.939237594604492,0.01371389000229414,forget,for_004,M_gd_s2
8,-2,real,-28.443422317504883,8.321107864379883,-25.815879821777344,0.07146949744028623,forget,for_004,M_gd_s2
8,-1,real,-28.443422317504883,8.321107864379883,-16.735084533691406,0.3184683096965728,forget,for_004,M_gd_s2
8,-5,random_position,-28.443422317504883,8.321107864379883,2.475910186767578,0.841009863346698,forget,for_004,M_gd_s2
9,-6,real,-28.443422317504883,8.321107864379883,-28.076980590820312,0.009967262599893894,forget,for_004,M_gd_s2
9,-5,real,-28.443422317504883,8.321107864379883,-11.79934310913086,0.45272111804587056,forget,for_004,M_gd_s2
9,-4,real,-28.443422317504883,8.321107864379883,-26.30069351196289,0.058282502045892956,forget,for_004,M_gd_s2
9,-3,real,-28.443422317504883,8.321107864379883,-28.170907974243164,0.007412425561091396,forget,for_004,M_gd_s2
9,-2,real,-28.443422317504883,8.321107864379883,-24.534496307373047,0.10632329560022251,forget,for_004,M_gd_s2
9,-1,real,-28.443422317504883,8.321107864379883,-3.6619033813476562,0.6740605364343264,forget,for_004,M_gd_s2
9,-11,random_position,-28.443422317504883,8.321107864379883,-28.44869041442871,-0.00014329292113255155,forget,for_004,M_gd_s2
10,-6,real,-28.443422317504883,8.321107864379883,-27.92404556274414,0.014127115243720921,forget,for_004,M_gd_s2
10,-5,real,-28.443422317504883,8.321107864379883,-27.217260360717773,0.03335176461445125,forget,for_004,M_gd_s2
10,-4,real,-28.443422317504883,8.321107864379883,-24.98402214050293,0.09409613450484203,forget,for_004,M_gd_s2
10,-3,real,-28.443422317504883,8.321107864379883,-28.072097778320312,0.010100075734614869,forget,for_004,M_gd_s2
10,-2,real,-28.443422317504883,8.321107864379883,-24.75590705871582,0.10030089438232606,forget,for_004,M_gd_s2
10,-1,real,-28.443422317504883,8.321107864379883,7.570884704589844,0.9795938325315605,forget,for_004,M_gd_s2
10,-6,random_position,-28.443422317504883,8.321107864379883,-27.92404556274414,0.014127115243720921,forget,for_004,M_gd_s2
11,-6,real,-28.443422317504883,8.321107864379883,-28.443422317504883,0.0,forget,for_004,M_gd_s2
11,-5,real,-28.443422317504883,8.321107864379883,-28.443422317504883,0.0,forget,for_004,M_gd_s2
11,-4,real,-28.443422317504883,8.321107864379883,-28.443422317504883,0.0,forget,for_004,M_gd_s2
11,-3,real,-28.443422317504883,8.321107864379883,-28.443422317504883,0.0,forget,for_004,M_gd_s2
11,-2,real,-28.443422317504883,8.321107864379883,-28.443422317504883,0.0,forget,for_004,M_gd_s2
11,-1,real,-28.443422317504883,8.321107864379883,8.0721435546875,0.9932281384132835,forget,for_004,M_gd_s2
11,-6,random_position,-28.443422317504883,8.321107864379883,-28.443422317504883,0.0,forget,for_004,M_gd_s2
0,-6,real,-29.371307373046875,7.6011810302734375,-29.26171112060547,0.0029642649757803145,forget,for_004,M_gd_s2
0,-5,real,-29.371307373046875,7.6011810302734375,-29.38166046142578,-0.0002800214112171171,forget,for_004,M_gd_s2
0,-4,real,-29.371307373046875,7.6011810302734375,-29.360673904418945,0.00028760489453489826,forget,for_004,M_gd_s2
0,-3,real,-29.371307373046875,7.6011810302734375,-29.37254524230957,-3.3480820906394434e-05,forget,for_004,M_gd_s2
0,-2,real,-29.371307373046875,7.6011810302734375,-29.381263732910156,-0.0002692910402640662,forget,for_004,M_gd_s2
0,-1,real,-29.371307373046875,7.6011810302734375,-29.350454330444336,0.0005640151232197386,forget,for_004,M_gd_s2
0,-12,random_position,-29.371307373046875,7.6011810302734375,-29.29771614074707,0.0019904322234690548,forget,for_004,M_gd_s2
1,-6,real,-29.371307373046875,7.6011810302734375,-29.21961784362793,0.004102767651563395,forget,for_004,M_gd_s2
1,-5,real,-29.371307373046875,7.6011810302734375,-29.254295349121094,0.0031648403712873432,forget,for_004,M_gd_s2
1,-4,real,-29.371307373046875,7.6011810302734375,-29.35893440246582,0.0003346534440982753,forget,for_004,M_gd_s2
1,-3,real,-29.371307373046875,7.6011810302734375,-29.361209869384766,0.0002731085760839016,forget,for_004,M_gd_s2
1,-2,real,-29.371307373046875,7.6011810302734375,-29.379680633544922,-0.00022647273309564186,forget,for_004,M_gd_s2
1,-1,real,-29.371307373046875,7.6011810302734375,-29.271392822265625,0.0027024026538683605,forget,for_004,M_gd_s2
1,-3,random_position,-29.371307373046875,7.6011810302734375,-29.361209869384766,0.0002731085760839016,forget,for_004,M_gd_s2
2,-6,real,-29.371307373046875,7.6011810302734375,-29.191818237304688,0.004854667443105303,forget,for_004,M_gd_s2
2,-5,real,-29.371307373046875,7.6011810302734375,-28.971405029296875,0.01081621392067532,forget,for_004,M_gd_s2
2,-4,real,-29.371307373046875,7.6011810302734375,-29.366424560546875,0.0001320661040375497,forget,for_004,M_gd_s2
2,-3,real,-29.371307373046875,7.6011810302734375,-29.351924896240234,0.0005242405270428047,forget,for_004,M_gd_s2
2,-2,real,-29.371307373046875,7.6011810302734375,-29.409809112548828,-0.0010413618656648351,forget,for_004,M_gd_s2
2,-1,real,-29.371307373046875,7.6011810302734375,-29.164339065551758,0.005597900396569748,forget,for_004,M_gd_s2
2,-8,random_position,-29.371307373046875,7.6011810302734375,-20.104948043823242,0.25062850052558183,forget,for_004,M_gd_s2
3,-6,real,-29.371307373046875,7.6011810302734375,-29.152565002441406,0.005916355107594667,forget,for_004,M_gd_s2
3,-5,real,-29.371307373046875,7.6011810302734375,-28.334228515625,0.028050015084425322,forget,for_004,M_gd_s2
3,-4,real,-29.371307373046875,7.6011810302734375,-29.350976943969727,0.0005498799230219696,forget,for_004,M_gd_s2
3,-3,real,-29.371307373046875,7.6011810302734375,-29.360429763793945,0.00029420819973677574,forget,for_004,M_gd_s2
3,-2,real,-29.371307373046875,7.6011810302734375,-29.415842056274414,-0.0012045357278018547,forget,for_004,M_gd_s2
3,-1,real,-29.371307373046875,7.6011810302734375,-29.028350830078125,0.009275992982337397,forget,for_004,M_gd_s2
3,-12,random_position,-29.371307373046875,7.6011810302734375,-29.206356048583984,0.004461461253662255,forget,for_004,M_gd_s2
4,-6,real,-29.371307373046875,7.6011810302734375,-29.126319885253906,0.006626210416796497,forget,for_004,M_gd_s2
4,-5,real,-29.371307373046875,7.6011810302734375,-27.858928680419922,0.04090551536939921,forget,for_004,M_gd_s2
4,-4,real,-29.371307373046875,7.6011810302734375,-29.329566955566406,0.0011289588362334913,forget,for_004,M_gd_s2
4,-3,real,-29.371307373046875,7.6011810302734375,-29.359243392944336,0.0003262961359521491,forget,for_004,M_gd_s2
4,-2,real,-29.371307373046875,7.6011810302734375,-29.415287017822266,-0.0011895235261319612,forget,for_004,M_gd_s2
4,-1,real,-29.371307373046875,7.6011810302734375,-28.80827522277832,0.015228408326932941,forget,for_004,M_gd_s2
4,-9,random_position,-29.371307373046875,7.6011810302734375,-27.93476676940918,0.03885431210274413,forget,for_004,M_gd_s2
5,-6,real,-29.371307373046875,7.6011810302734375,-29.003068923950195,0.009959796188984944,forget,for_004,M_gd_s2
5,-5,real,-29.371307373046875,7.6011810302734375,-27.597919464111328,0.04796506769006892,forget,for_004,M_gd_s2
5,-4,real,-29.371307373046875,7.6011810302734375,-29.316560745239258,0.0014807396031991363,forget,for_004,M_gd_s2
5,-3,real,-29.371307373046875,7.6011810302734375,-29.355066299438477,0.0004392745608905217,forget,for_004,M_gd_s2
5,-2,real,-29.371307373046875,7.6011810302734375,-29.378833770751953,-0.00020356751817662933,forget,for_004,M_gd_s2
5,-1,real,-29.371307373046875,7.6011810302734375,-28.493486404418945,0.023742544971603725,forget,for_004,M_gd_s2
5,-11,random_position,-29.371307373046875,7.6011810302734375,-29.402729034423828,-0.0008498660148103882,forget,for_004,M_gd_s2
6,-6,real,-29.371307373046875,7.6011810302734375,-28.899856567382812,0.01275139505140054,forget,for_004,M_gd_s2
6,-5,real,-29.371307373046875,7.6011810302734375,-26.934524536132812,0.06590800192651429,forget,for_004,M_gd_s2
6,-4,real,-29.371307373046875,7.6011810302734375,-29.29817008972168,0.0019781542028593137,forget,for_004,M_gd_s2
6,-3,real,-29.371307373046875,7.6011810302734375,-29.33823013305664,0.0008946446782106198,forget,for_004,M_gd_s2
6,-2,real,-29.371307373046875,7.6011810302734375,-29.365169525146484,0.00016601121984095114,forget,for_004,M_gd_s2
6,-1,real,-29.371307373046875,7.6011810302734375,-27.75836181640625,0.043625561229353835,forget,for_004,M_gd_s2
6,-2,random_position,-29.371307373046875,7.6011810302734375,-29.365169525146484,0.00016601121984095114,forget,for_004,M_gd_s2
7,-6,real,-29.371307373046875,7.6011810302734375,-28.68231964111328,0.018635146339560937,forget,for_004,M_gd_s2
7,-5,real,-29.371307373046875,7.6011810302734375,-26.572723388671875,0.0756936875291216,forget,for_004,M_gd_s2
7,-4,real,-29.371307373046875,7.6011810302734375,-29.305644989013672,0.0017759795693737053,forget,for_004,M_gd_s2
7,-3,real,-29.371307373046875,7.6011810302734375,-29.340118408203125,0.0008435722395398487,forget,for_004,M_gd_s2
7,-2,real,-29.371307373046875,7.6011810302734375,-29.37152862548828,-5.984245339201471e-06,forget,for_004,M_gd_s2
7,-1,real,-29.371307373046875,7.6011810302734375,-25.546894073486328,0.10343943469104167,forget,for_004,M_gd_s2
7,-8,random_position,-29.371307373046875,7.6011810302734375,4.997110366821289,0.9295673411255087,forget,for_004,M_gd_s2
8,-6,real,-29.371307373046875,7.6011810302734375,-28.761960983276367,0.016481075959057855,forget,for_004,M_gd_s2
8,-5,real,-29.371307373046875,7.6011810302734375,-26.229272842407227,0.08498304188682843,forget,for_004,M_gd_s2
8,-4,real,-29.371307373046875,7.6011810302734375,-29.30093002319336,0.0019035059010849642,forget,for_004,M_gd_s2
8,-3,real,-29.371307373046875,7.6011810302734375,-29.3686580657959,7.165617910474864e-05,forget,for_004,M_gd_s2
8,-2,real,-29.371307373046875,7.6011810302734375,-29.371545791625977,-6.448540236208481e-06,forget,for_004,M_gd_s2
8,-1,real,-29.371307373046875,7.6011810302734375,-18.13180160522461,0.30399646475547754,forget,for_004,M_gd_s2
8,-5,random_position,-29.371307373046875,7.6011810302734375,-26.229272842407227,0.08498304188682843,forget,for_004,M_gd_s2
9,-6,real,-29.371307373046875,7.6011810302734375,-28.697856903076172,0.018214907869447704,forget,for_004,M_gd_s2
9,-5,real,-29.371307373046875,7.6011810302734375,-23.765045166015625,0.15163334817701316,forget,for_004,M_gd_s2
9,-4,real,-29.371307373046875,7.6011810302734375,-29.254833221435547,0.0031502924645144567,forget,for_004,M_gd_s2
9,-3,real,-29.371307373046875,7.6011810302734375,-29.33995819091797,0.0008479056585785808,forget,for_004,M_gd_s2
9,-2,real,-29.371307373046875,7.6011810302734375,-29.343894958496094,0.0007414273621983063,forget,for_004,M_gd_s2
9,-1,real,-29.371307373046875,7.6011810302734375,-5.250816345214844,0.6523902520357784,forget,for_004,M_gd_s2
9,-11,random_position,-29.371307373046875,7.6011810302734375,-29.3614501953125,0.00026660844752580346,forget,for_004,M_gd_s2
10,-6,real,-29.371307373046875,7.6011810302734375,-28.57938003540039,0.02141936807194631,forget,for_004,M_gd_s2
10,-5,real,-29.371307373046875,7.6011810302734375,-23.198421478271484,0.16695889731406433,forget,for_004,M_gd_s2
10,-4,real,-29.371307373046875,7.6011810302734375,-29.265972137451172,0.0028490166646787966,forget,for_004,M_gd_s2
10,-3,real,-29.371307373046875,7.6011810302734375,-29.336881637573242,0.000931117621786615,forget,for_004,M_gd_s2
10,-2,real,-29.371307373046875,7.6011810302734375,-29.319093704223633,0.0014122303117296575,forget,for_004,M_gd_s2
10,-1,real,-29.371307373046875,7.6011810302734375,7.667810440063477,1.0018021348485717,forget,for_004,M_gd_s2
10,-6,random_position,-29.371307373046875,7.6011810302734375,-28.57938003540039,0.02141936807194631,forget,for_004,M_gd_s2
11,-6,real,-29.371307373046875,7.6011810302734375,-29.371307373046875,0.0,forget,for_004,M_gd_s2
11,-5,real,-29.371307373046875,7.6011810302734375,-29.371307373046875,0.0,forget,for_004,M_gd_s2
11,-4,real,-29.371307373046875,7.6011810302734375,-29.371307373046875,0.0,forget,for_004,M_gd_s2
11,-3,real,-29.371307373046875,7.6011810302734375,-29.371307373046875,0.0,forget,for_004,M_gd_s2
11,-2,real,-29.371307373046875,7.6011810302734375,-29.371307373046875,0.0,forget,for_004,M_gd_s2
11,-1,real,-29.371307373046875,7.6011810302734375,7.622203826904297,1.000568606483868,forget,for_004,M_gd_s2
11,-6,random_position,-29.371307373046875,7.6011810302734375,-29.371307373046875,0.0,forget,for_004,M_gd_s2
0,-6,real,-30.089767456054688,7.194385528564453,-28.95989227294922,0.03030443479758215,forget,for_004,M_gd_s2
0,-5,real,-30.089767456054688,7.194385528564453,-30.096694946289062,-0.0001858025375347216,forget,for_004,M_gd_s2
0,-4,real,-30.089767456054688,7.194385528564453,-30.028806686401367,0.0016350316360537547,forget,for_004,M_gd_s2
0,-3,real,-30.089767456054688,7.194385528564453,-30.03297233581543,0.0015233045595185587,forget,for_004,M_gd_s2
0,-2,real,-30.089767456054688,7.194385528564453,-30.09368896484375,-0.00010517896948551421,forget,for_004,M_gd_s2
0,-1,real,-30.089767456054688,7.194385528564453,-30.07161521911621,0.0004868619905611083,forget,for_004,M_gd_s2
0,-13,random_position,-30.089767456054688,7.194385528564453,-30.05795669555664,0.0008531978857390107,forget,for_004,M_gd_s2
1,-6,real,-30.089767456054688,7.194385528564453,-26.672327041625977,0.09165932818263325,forget,for_004,M_gd_s2
1,-5,real,-30.089767456054688,7.194385528564453,-30.09732437133789,-0.00020268437602218253,forget,for_004,M_gd_s2
1,-4,real,-30.089767456054688,7.194385528564453,-30.030601501464844,0.0015868928178213281,forget,for_004,M_gd_s2
1,-3,real,-30.089767456054688,7.194385528564453,-29.821752548217773,0.007188440299219844,forget,for_004,M_gd_s2
1,-2,real,-30.089767456054688,7.194385528564453,-30.071666717529297,0.0004854807492303161,forget,for_004,M_gd_s2
1,-1,real,-30.089767456054688,7.194385528564453,-29.964332580566406,0.003364294625119337,forget,for_004,M_gd_s2
1,-3,random_position,-30.089767456054688,7.194385528564453,-29.821752548217773,0.007188440299219844,forget,for_004,M_gd_s2
2,-6,real,-30.089767456054688,7.194385528564453,-21.027111053466797,0.2430699285652678,forget,for_004,M_gd_s2
2,-5,real,-30.089767456054688,7.194385528564453,-29.97374725341797,0.0031117832470159814,forget,for_004,M_gd_s2
2,-4,real,-30.089767456054688,7.194385528564453,-29.972444534301758,0.003146723536976393,forget,for_004,M_gd_s2
2,-3,real,-30.089767456054688,7.194385528564453,-29.314529418945312,0.020792695422883405,forget,for_004,M_gd_s2
2,-2,real,-30.089767456054688,7.194385528564453,-30.069793701171875,0.0005357170080020938,forget,for_004,M_gd_s2
2,-1,real,-30.089767456054688,7.194385528564453,-29.800724029541016,0.0077524471759600165,forget,for_004,M_gd_s2
2,-9,random_position,-30.089767456054688,7.194385528564453,-30.108949661254883,-0.0005144868171769535,forget,for_004,M_gd_s2
3,-6,real,-30.089767456054688,7.194385528564453,-15.109033584594727,0.40179895940347565,forget,for_004,M_gd_s2
3,-5,real,-30.089767456054688,7.194385528564453,-29.98118782043457,0.002912219453259663,forget,for_004,M_gd_s2
3,-4,real,-30.089767456054688,7.194385528564453,-29.95162582397461,0.003705103134220745,forget,for_004,M_gd_s2
3,-3,real,-30.089767456054688,7.194385528564453,-28.559228897094727,0.0410506458224049,forget,for_004,M_gd_s2
3,-2,real,-30.089767456054688,7.194385528564453,-30.119054794311523,-0.00078551706053019,forget,for_004,M_gd_s2
3,-1,real,-30.089767456054688,7.194385528564453,-29.530065536499023,0.015011791196827197,forget,for_004,M_gd_s2
3,-13,random_position,-30.089767456054688,7.194385528564453,-29.926044464111328,0.0043912219760202185,forget,for_004,M_gd_s2
4,-6,real,-30.089767456054688,7.194385528564453,-7.528532028198242,0.605115943955161,forget,for_004,M_gd_s2
4,-5,real,-30.089767456054688,7.194385528564453,-29.902446746826172,0.005024137448041027,forget,for_004,M_gd_s2
4,-4,real,-30.089767456054688,7.194385528564453,-29.92987060546875,0.004288600860850986,forget,for_004,M_gd_s2
4,-3,real,-30.089767456054688,7.194385528564453,-27.978099822998047,0.05663713572701433,forget,for_004,M_gd_s2
4,-2,real,-30.089767456054688,7.194385528564453,-30.11717987060547,-0.0007352296446720867,forget,for_004,M_gd_s2
4,-1,real,-30.089767456054688,7.194385528564453,-29.323375701904297,0.02055542885650509,forget,for_004,M_gd_s2
4,-10,random_position,-30.089767456054688,7.194385528564453,-30.124481201171875,-0.0009310589711266336,forget,for_004,M_gd_s2
5,-6,real,-30.089767456054688,7.194385528564453,-0.11312294006347656,0.8040049757428444,forget,for_004,M_gd_s2
5,-5,real,-30.089767456054688,7.194385528564453,-29.955968856811523,0.0035886184486572646,forget,for_004,M_gd_s2
5,-4,real,-30.089767456054688,7.194385528564453,-29.81291389465332,0.007425502237252856,forget,for_004,M_gd_s2
5,-3,real,-30.089767456054688,7.194385528564453,-27.616174697875977,0.06634434632856334,forget,for_004,M_gd_s2
5,-2,real,-30.089767456054688,7.194385528564453,-30.07001304626465,0.0005298339430746452,forget,for_004,M_gd_s2
5,-1,real,-30.089767456054688,7.194385528564453,-29.00762176513672,0.029024279869369358,forget,for_004,M_gd_s2
5,-12,random_position,-30.089767456054688,7.194385528564453,-30.097944259643555,-0.00021931042907801526,forget,for_004,M_gd_s2
6,-6,real,-30.089767456054688,7.194385528564453,2.8677806854248047,0.8839559304210423,forget,for_004,M_gd_s2
6,-5,real,-30.089767456054688,7.194385528564453,-29.887126922607422,0.005435031165408561,forget,for_004,M_gd_s2
6,-4,real,-30.089767456054688,7.194385528564453,-29.72567367553711,0.009765376208701267,forget,for_004,M_gd_s2
6,-3,real,-30.089767456054688,7.194385528564453,-26.93138313293457,0.08471117271788493,forget,for_004,M_gd_s2
6,-2,real,-30.089767456054688,7.194385528564453,-30.039196014404297,0.001356378986837998,forget,for_004,M_gd_s2
6,-1,real,-30.089767456054688,7.194385528564453,-28.235855102539062,0.0497238693951401,forget,for_004,M_gd_s2
6,-2,random_position,-30.089767456054688,7.194385528564453,-30.039196014404297,0.001356378986837998,forget,for_004,M_gd_s2
7,-6,real,-30.089767456054688,7.194385528564453,4.6922454833984375,0.9328899855604008,forget,for_004,M_gd_s2
7,-5,real,-30.089767456054688,7.194385528564453,-29.976886749267578,0.0030275786829239795,forget,for_004,M_gd_s2
7,-4,real,-30.089767456054688,7.194385528564453,-29.557815551757812,0.014267506747875473,forget,for_004,M_gd_s2
7,-3,real,-30.089767456054688,7.194385528564453,-26.35556983947754,0.1001550878229048,forget,for_004,M_gd_s2
7,-2,real,-30.089767456054688,7.194385528564453,-30.055578231811523,0.0009169907723870828,forget,for_004,M_gd_s2
7,-1,real,-30.089767456054688,7.194385528564453,-26.06835174560547,0.10785857766725118,forget,for_004,M_gd_s2
7,-8,random_position,-30.089767456054688,7.194385528564453,-30.116256713867188,-0.0007104696148904773,forget,for_004,M_gd_s2
8,-6,real,-30.089767456054688,7.194385528564453,2.0234756469726562,0.8613107857452211,forget,for_004,M_gd_s2
8,-5,real,-30.089767456054688,7.194385528564453,-29.837833404541016,0.00675713490440838,forget,for_004,M_gd_s2
8,-4,real,-30.089767456054688,7.194385528564453,-29.59899139404297,0.013163127568277573,forget,for_004,M_gd_s2
8,-3,real,-30.089767456054688,7.194385528564453,-27.43836784362793,0.07111331223001208,forget,for_004,M_gd_s2
8,-2,real,-30.089767456054688,7.194385528564453,-30.037744522094727,0.0013953095295318094,forget,for_004,M_gd_s2
8,-1,real,-30.089767456054688,7.194385528564453,-18.488679885864258,0.3111533088863849,forget,for_004,M_gd_s2
8,-5,random_position,-30.089767456054688,7.194385528564453,-29.837833404541016,0.00675713490440838,forget,for_004,M_gd_s2
9,-6,real,-30.089767456054688,7.194385528564453,-12.859172821044922,0.4621425795060415,forget,for_004,M_gd_s2
9,-5,real,-30.089767456054688,7.194385528564453,-27.98616600036621,0.0564207924089432,forget,for_004,M_gd_s2
9,-4,real,-30.089767456054688,7.194385528564453,-29.67707061767578,0.011068961082451206,forget,for_004,M_gd_s2
9,-3,real,-30.089767456054688,7.194385528564453,-25.557300567626953,0.1215655050631703,forget,for_004,M_gd_s2
9,-2,real,-30.089767456054688,7.194385528564453,-29.97186279296875,0.0031623264483057133,forget,for_004,M_gd_s2
9,-1,real,-30.089767456054688,7.194385528564453,-5.171756744384766,0.6683271233746243,forget,for_004,M_gd_s2
9,-12,random_position,-30.089767456054688,7.194385528564453,-30.07377815246582,0.00042884985466783344,forget,for_004,M_gd_s2
10,-6,real,-30.089767456054688,7.194385528564453,-29.00369644165039,0.029129561153027523,forget,for_004,M_gd_s2
10,-5,real,-30.089767456054688,7.194385528564453,-26.36328887939453,0.09994805509454495,forget,for_004,M_gd_s2
10,-4,real,-30.089767456054688,7.194385528564453,-29.5473575592041,0.014548001052198951,forget,for_004,M_gd_s2
10,-3,real,-30.089767456054688,7.194385528564453,-25.263607025146484,0.12944267321559222,forget,for_004,M_gd_s2
10,-2,real,-30.089767456054688,7.194385528564453,-29.883708953857422,0.005526704664104106,forget,for_004,M_gd_s2
10,-1,real,-30.089767456054688,7.194385528564453,7.061222076416016,0.9964284168610892,forget,for_004,M_gd_s2
10,-6,random_position,-30.089767456054688,7.194385528564453,-29.00369644165039,0.029129561153027523,forget,for_004,M_gd_s2
11,-6,real,-30.089767456054688,7.194385528564453,-30.089767456054688,0.0,forget,for_004,M_gd_s2
11,-5,real,-30.089767456054688,7.194385528564453,-30.089767456054688,0.0,forget,for_004,M_gd_s2
11,-4,real,-30.089767456054688,7.194385528564453,-30.089767456054688,0.0,forget,for_004,M_gd_s2
11,-3,real,-30.089767456054688,7.194385528564453,-30.089767456054688,0.0,forget,for_004,M_gd_s2
11,-2,real,-30.089767456054688,7.194385528564453,-30.089767456054688,0.0,forget,for_004,M_gd_s2
11,-1,real,-30.089767456054688,7.194385528564453,7.204187393188477,1.0002628962666276,forget,for_004,M_gd_s2
11,-6,random_position,-30.089767456054688,7.194385528564453,-30.089767456054688,0.0,forget,for_004,M_gd_s2
0,-6,real,-29.431621551513672,8.54665756225586,-29.437976837158203,-0.0001673400109966293,forget,for_004,M_gd_s2
0,-5,real,-29.431621551513672,8.54665756225586,-29.319063186645508,0.0029637563232125103,forget,for_004,M_gd_s2
0,-4,real,-29.431621551513672,8.54665756225586,-29.421436309814453,0.00026818597200540227,forget,for_004,M_gd_s2
0,-3,real,-29.431621551513672,8.54665756225586,-29.44025993347168,-0.00022745585528323353,forget,for_004,M_gd_s2
0,-2,real,-29.431621551513672,8.54665756225586,-29.43941879272461,-0.0002053079126513267,forget,for_004,M_gd_s2
0,-1,real,-29.431621551513672,8.54665756225586,-29.408031463623047,0.0006211468355361078,forget,for_004,M_gd_s2
0,-11,random_position,-29.431621551513672,8.54665756225586,-29.34935188293457,0.0021662295000953215,forget,for_004,M_gd_s2
1,-6,real,-29.431621551513672,8.54665756225586,-29.44072723388672,-0.0002397602678565151,forget,for_004,M_gd_s2
1,-5,real,-29.431621551513672,8.54665756225586,-29.246061325073242,0.0048859566776197705,forget,for_004,M_gd_s2
1,-4,real,-29.431621551513672,8.54665756225586,-29.264307022094727,0.004405532144248295,forget,for_004,M_gd_s2
1,-3,real,-29.431621551513672,8.54665756225586,-29.42471694946289,0.00018180397353175211,forget,for_004,M_gd_s2
1,-2,real,-29.431621551513672,8.54665756225586,-29.45339584350586,-0.0005733354038227851,forget,for_004,M_gd_s2
1,-1,real,-29.431621551513672,8.54665756225586,-29.311065673828125,0.0031743375555381005,forget,for_004,M_gd_s2
1,-3,random_position,-29.431621551513672,8.54665756225586,-29.42471694946289,0.00018180397353175211,forget,for_004,M_gd_s2
2,-6,real,-29.431621551513672,8.54665756225586,-29.309364318847656,0.0032191356617232727,forget,for_004,M_gd_s2
2,-5,real,-29.431621551513672,8.54665756225586,-29.164587020874023,0.007031243565294445,forget,for_004,M_gd_s2
2,-4,real,-29.431621551513672,8.54665756225586,-28.933504104614258,0.013115850915920383,forget,for_004,M_gd_s2
2,-3,real,-29.431621551513672,8.54665756225586,-29.413475036621094,0.0004778129845804115,forget,for_004,M_gd_s2
2,-2,real,-29.431621551513672,8.54665756225586,-29.48607635498047,-0.0014338407304783213,forget,for_004,M_gd_s2
2,-1,real,-29.431621551513672,8.54665756225586,-29.229686737060547,0.005317113338605984,forget,for_004,M_gd_s2
2,-8,random_position,-29.431621551513672,8.54665756225586,-26.13575553894043,0.0867829214351706,forget,for_004,M_gd_s2
3,-6,real,-29.431621551513672,8.54665756225586,-29.344697952270508,0.002288771404906779,forget,for_004,M_gd_s2
3,-5,real,-29.431621551513672,8.54665756225586,-29.103527069091797,0.008639003400839191,forget,for_004,M_gd_s2
3,-4,real,-29.431621551513672,8.54665756225586,-28.183198928833008,0.03287201663194981,forget,for_004,M_gd_s2
3,-3,real,-29.431621551513672,8.54665756225586,-29.341753005981445,0.0023663143151645204,forget,for_004,M_gd_s2
3,-2,real,-29.431621551513672,8.54665756225586,-29.472883224487305,-0.0010864545191746943,forget,for_004,M_gd_s2
3,-1,real,-29.431621551513672,8.54665756225586,-29.088808059692383,0.009026567285851493,forget,for_004,M_gd_s2
3,-11,random_position,-29.431621551513672,8.54665756225586,-29.265260696411133,0.004380421098180373,forget,for_004,M_gd_s2
4,-6,real,-29.431621551513672,8.54665756225586,-29.252849578857422,0.0047072162517083046,forget,for_004,M_gd_s2
4,-5,real,-29.431621551513672,8.54665756225586,-29.01973533630371,0.010845310130458915,forget,for_004,M_gd_s2
4,-4,real,-29.431621551513672,8.54665756225586,-27.708715438842773,0.04536556560421496,forget,for_004,M_gd_s2
4,-3,real,-29.431621551513672,8.54665756225586,-29.31345558166504,0.0031114092740918893,forget,for_004,M_gd_s2
4,-2,real,-29.431621551513672,8.54665756225586,-29.46392250061035,-0.0008505111303205033,forget,for_004,M_gd_s2
4,-1,real,-29.431621551513672,8.54665756225586,-28.828571319580078,0.015878819314773793,forget,for_004,M_gd_s2
4,-8,random_position,-29.431621551513672,8.54665756225586,-27.781251907348633,0.04345561944028885,forget,for_004,M_gd_s2
5,-6,real,-29.431621551513672,8.54665756225586,-29.273788452148438,0.0041558781242410185,forget,for_004,M_gd_s2
5,-5,real,-29.431621551513672,8.54665756225586,-28.820955276489258,0.016079356128672215,forget,for_004,M_gd_s2
5,-4,real,-29.431621551513672,8.54665756225586,-27.35839080810547,0.0545899074888974,forget,for_004,M_gd_s2
5,-3,real,-29.431621551513672,8.54665756225586,-29.335289001464844,0.0025365169854128927,forget,for_004,M_gd_s2
5,-2,real,-29.431621551513672,8.54665756225586,-29.410930633544922,0.0005448092554896262,forget,for_004,M_gd_s2
5,-1,real,-29.431621551513672,8.54665756225586,-28.449159622192383,0.025869048104527843,forget,for_004,M_gd_s2
5,-10,random_position,-29.431621551513672,8.54665756225586,-29.457134246826172,-0.0006717707044090376,forget,for_004,M_gd_s2
6,-6,real,-29.431621551513672,8.54665756225586,-29.235273361206055,0.005170012830740099,forget,for_004,M_gd_s2
6,-5,real,-29.431621551513672,8.54665756225586,-28.780593872070312,0.01714210582035879,forget,for_004,M_gd_s2
6,-4,real,-29.431621551513672,8.54665756225586,-26.7851619720459,0.06968350439312729,forget,for_004,M_gd_s2
6,-3,real,-29.431621551513672,8.54665756225586,-29.317440032958984,0.003006495323620113,forget,for_004,M_gd_s2
6,-2,real,-29.431621551513672,8.54665756225586,-29.418556213378906,0.0003440213311305254,forget,for_004,M_gd_s2
6,-1,real,-29.431621551513672,8.54665756225586,-27.02086067199707,0.06347735957953261,forget,for_004,M_gd_s2
6,-2,random_position,-29.431621551513672,8.54665756225586,-29.418556213378906,0.0003440213311305254,forget,for_004,M_gd_s2
7,-6,real,-29.431621551513672,8.54665756225586,-29.332075119018555,0.0026211412106617884,forget,for_004,M_gd_s2
7,-5,real,-29.431621551513672,8.54665756225586,-28.617197036743164,0.021444481787360064,forget,for_004,M_gd_s2
7,-4,real,-29.431621551513672,8.54665756225586,-26.54986000061035,0.0758792030115577,forget,for_004,M_gd_s2
7,-3,real,-29.431621551513672,8.54665756225586,-29.31715965270996,0.0030138779711640818,forget,for_004,M_gd_s2
7,-2,real,-29.431621551513672,8.54665756225586,-29.42243194580078,0.0002419700399104922,forget,for_004,M_gd_s2
7,-1,real,-29.431621551513672,8.54665756225586,-24.791736602783203,0.12217206932496888,forget,for_004,M_gd_s2
7,-7,random_position,-29.431621551513672,8.54665756225586,4.96613883972168,0.9057219335344762,forget,for_004,M_gd_s2
8,-6,real,-29.431621551513672,8.54665756225586,-29.257205963134766,0.004592508993270039,forget,for_004,M_gd_s2
8,-5,real,-29.431621551513672,8.54665756225586,-28.7344970703125,0.018355873343097847,forget,for_004,M_gd_s2
8,-4,real,-29.431621551513672,8.54665756225586,-27.2170352935791,0.058311916959176875,forget,for_004,M_gd_s2
8,-3,real,-29.431621551513672,8.54665756225586,-29.138689041137695,0.007713159132314923,forget,for_004,M_gd_s2
8,-2,real,-29.431621551513672,8.54665756225586,-29.471704483032227,-0.0010554172662347434,forget,for_004,M_gd_s2
8,-1,real,-29.431621551513672,8.54665756225586,-17.361557006835938,0.3178149412331211,forget,for_004,M_gd_s2
8,-5,random_position,-29.431621551513672,8.54665756225586,-28.7344970703125,0.018355873343097847,forget,for_004,M_gd_s2
9,-6,real,-29.431621551513672,8.54665756225586,-27.45836067199707,0.051957616973781456,forget,for_004,M_gd_s2
9,-5,real,-29.431621551513672,8.54665756225586,-28.998353958129883,0.011408299783301717,forget,for_004,M_gd_s2
9,-4,real,-29.431621551513672,8.54665756225586,-25.587194442749023,0.10122699602180764,forget,for_004,M_gd_s2
9,-3,real,-29.431621551513672,8.54665756225586,-28.643367767333984,0.02075538446116416,forget,for_004,M_gd_s2
9,-2,real,-29.431621551513672,8.54665756225586,-29.277963638305664,0.004045941964555658,forget,for_004,M_gd_s2
9,-1,real,-29.431621551513672,8.54665756225586,-4.587848663330078,0.6541574149202604,forget,for_004,M_gd_s2
9,-10,random_position,-29.431621551513672,8.54665756225586,-29.42043685913086,0.0002945023482845841,forget,for_004,M_gd_s2
10,-6,real,-29.431621551513672,8.54665756225586,-26.235393524169922,0.0841593695640863,forget,for_004,M_gd_s2
10,-5,real,-29.431621551513672,8.54665756225586,-28.902206420898438,0.013939945225777434,forget,for_004,M_gd_s2
10,-4,real,-29.431621551513672,8.54665756225586,-25.03192710876465,0.11584765148439428,forget,for_004,M_gd_s2
10,-3,real,-29.431621551513672,8.54665756225586,-27.5967960357666,0.048312497526561964,forget,for_004,M_gd_s2
10,-2,real,-29.431621551513672,8.54665756225586,-29.12175750732422,0.008158980644204802,forget,for_004,M_gd_s2
10,-1,real,-29.431621551513672,8.54665756225586,8.057579040527344,0.9871221515787114,forget,for_004,M_gd_s2
10,-5,random_position,-29.431621551513672,8.54665756225586,-28.902206420898438,0.013939945225777434,forget,for_004,M_gd_s2
11,-6,real,-29.431621551513672,8.54665756225586,-29.431621551513672,0.0,forget,for_004,M_gd_s2
11,-5,real,-29.431621551513672,8.54665756225586,-29.431621551513672,0.0,forget,for_004,M_gd_s2
11,-4,real,-29.431621551513672,8.54665756225586,-29.431621551513672,0.0,forget,for_004,M_gd_s2
11,-3,real,-29.431621551513672,8.54665756225586,-29.431621551513672,0.0,forget,for_004,M_gd_s2
11,-2,real,-29.431621551513672,8.54665756225586,-29.431621551513672,0.0,forget,for_004,M_gd_s2
11,-1,real,-29.431621551513672,8.54665756225586,8.569486618041992,1.000601108220774,forget,for_004,M_gd_s2
11,-6,random_position,-29.431621551513672,8.54665756225586,-29.431621551513672,0.0,forget,for_004,M_gd_s2
0,-6,real,11.569530487060547,3.851350784301758,11.573509216308594,-0.0005155009861489382,retain,ret_000,M_gd_s2
0,-5,real,11.569530487060547,3.851350784301758,11.580581665039062,-0.0014318373507895246,retain,ret_000,M_gd_s2
0,-4,real,11.569530487060547,3.851350784301758,11.579935073852539,-0.0013480622624364614,retain,ret_000,M_gd_s2
0,-3,real,11.569530487060547,3.851350784301758,11.574790954589844,-0.000681568417928462,retain,ret_000,M_gd_s2
0,-2,real,11.569530487060547,3.851350784301758,11.418188095092773,0.019608560281859925,retain,ret_000,M_gd_s2
0,-1,real,11.569530487060547,3.851350784301758,11.457983016967773,0.014452561923752808,retain,ret_000,M_gd_s2
0,-14,random_position,11.569530487060547,3.851350784301758,11.469276428222656,0.012989339805350188,retain,ret_000,M_gd_s2
1,-6,real,11.569530487060547,3.851350784301758,11.565048217773438,0.0005807417629194654,retain,ret_000,M_gd_s2
1,-5,real,11.569530487060547,3.851350784301758,11.596498489379883,-0.0034940884195397114,retain,ret_000,M_gd_s2
1,-4,real,11.569530487060547,3.851350784301758,11.61526107788086,-0.0059250487267051505,retain,ret_000,M_gd_s2
1,-3,real,11.569530487060547,3.851350784301758,11.56065559387207,0.0011498686905805416,retain,ret_000,M_gd_s2
1,-2,real,11.569530487060547,3.851350784301758,11.302530288696289,0.034593674758417604,retain,ret_000,M_gd_s2
1,-1,real,11.569530487060547,3.851350784301758,11.336149215698242,0.03023786441236718,retain,ret_000,M_gd_s2
1,-3,random_position,11.569530487060547,3.851350784301758,11.56065559387207,0.0011498686905805416,retain,ret_000,M_gd_s2
2,-6,real,11.569530487060547,3.851350784301758,11.508861541748047,0.00786052510423079,retain,ret_000,M_gd_s2
2,-5,real,11.569530487060547,3.851350784301758,11.55626106262207,0.0017192427423960515,retain,ret_000,M_gd_s2
2,-4,real,11.569530487060547,3.851350784301758,11.518735885620117,0.006581163356726929,retain,ret_000,M_gd_s2
2,-3,real,11.569530487060547,3.851350784301758,11.573858261108398,-0.0005607247064103265,retain,ret_000,M_gd_s2
2,-2,real,11.569530487060547,3.851350784301758,11.200439453125,0.04782099512448756,retain,ret_000,M_gd_s2
2,-1,real,11.569530487060547,3.851350784301758,11.090667724609375,0.062043484460462484,retain,ret_000,M_gd_s2
2,-9,random_position,11.569530487060547,3.851350784301758,10.754150390625,0.10564409327552934,retain,ret_000,M_gd_s2
3,-6,real,11.569530487060547,3.851350784301758,11.496561050415039,0.009454228776174464,retain,ret_000,M_gd_s2
3,-5,real,11.569530487060547,3.851350784301758,11.496845245361328,0.009417407277163826,retain,ret_000,M_gd_s2
3,-4,real,11.569530487060547,3.851350784301758,11.532405853271484,0.004810024541899777,retain,ret_000,M_gd_s2
3,-3,real,11.569530487060547,3.851350784301758,11.574834823608398,-0.0006872522734804397,retain,ret_000,M_gd_s2
3,-2,real,11.569530487060547,3.851350784301758,11.241487503051758,0.04250263619691742,retain,ret_000,M_gd_s2
3,-1,real,11.569530487060547,3.851350784301758,10.589008331298828,0.12704059681471794,retain,ret_000,M_gd_s2
3,-14,random_position,11.569530487060547,3.851350784301758,11.561643600463867,0.0010218583785838254,retain,ret_000,M_gd_s2
4,-6,real,11.569530487060547,3.851350784301758,11.462865829467773,0.013819924088402241,retain,ret_000,M_gd_s2
4,-5,real,11.569530487060547,3.851350784301758,11.405511856079102,0.02125094741222706,retain,ret_000,M_gd_s2
4,-4,real,11.569530487060547,3.851350784301758,11.488693237304688,0.010473615913213951,retain,ret_000,M_gd_s2
4,-3,real,11.569530487060547,3.851350784301758,11.577625274658203,-0.0010487949114171113,retain,ret_000,M_gd_s2
4,-2,real,11.569530487060547,3.851350784301758,11.258007049560547,0.04036229389536615,retain,ret_000,M_gd_s2
4,-1,real,11.569530487060547,3.851350784301758,9.96126937866211,0.2083731100253574,retain,ret_000,M_gd_s2
4,-11,random_position,11.569530487060547,3.851350784301758,11.653202056884766,-0.0108408424067026,retain,ret_000,M_gd_s2
5,-6,real,11.569530487060547,3.851350784301758,11.463544845581055,0.013731947889423803,retain,ret_000,M_gd_s2
5,-5,real,11.569530487060547,3.851350784301758,11.370637893676758,0.025769365451894937,retain,ret_000,M_gd_s2
5,-4,real,11.569530487060547,3.851350784301758,11.45370101928711,0.015007355650456723,retain,ret_000,M_gd_s2
5,-3,real,11.569530487060547,3.851350784301758,11.598085403442383,-0.0036996957160286455,retain,ret_000,M_gd_s2
5,-2,real,11.569530487060547,3.851350784301758,11.229997634887695,0.043991312103226723,retain,ret_000,M_gd_s2
5,-1,real,11.569530487060547,3.851350784301758,8.840133666992188,0.35363219375324506,retain,ret_000,M_gd_s2
5,-12,random_position,11.569530487060547,3.851350784301758,11.572916030883789,-0.0004386453741200218,retain,ret_000,M_gd_s2
6,-6,real,11.569530487060547,3.851350784301758,11.461870193481445,0.013948922897016693,retain,ret_000,M_gd_s2
6,-5,real,11.569530487060547,3.851350784301758,11.307571411132812,0.033940525618249034,retain,ret_000,M_gd_s2
6,-4,real,11.569530487060547,3.851350784301758,11.528602600097656,0.005302790105840804,retain,ret_000,M_gd_s2
6,-3,real,11.569530487060547,3.851350784301758,11.609848022460938,-0.005223710376421983,retain,ret_000,M_gd_s2
6,-2,real,11.569530487060547,3.851350784301758,11.435039520263672,0.017425218377437168,retain,ret_000,M_gd_s2
6,-1,real,11.569530487060547,3.851350784301758,5.840778350830078,0.7422413518284345,retain,ret_000,M_gd_s2
6,-2,random_position,11.569530487060547,3.851350784301758,11.435039520263672,0.017425218377437168,retain,ret_000,M_gd_s2
7,-6,real,11.569530487060547,3.851350784301758,11.476499557495117,0.012053480632509331,retain,ret_000,M_gd_s2
7,-5,real,11.569530487060547,3.851350784301758,11.247756958007812,0.041690339101293473,retain,ret_000,M_gd_s2
7,-4,real,11.569530487060547,3.851350784301758,11.491922378540039,0.010055234719757502,retain,ret_000,M_gd_s2
7,-3,real,11.569530487060547,3.851350784301758,11.570873260498047,-0.00017397540472140582,retain,ret_000,M_gd_s2
7,-2,real,11.569530487060547,3.851350784301758,11.406848907470703,0.021077713379968957,retain,ret_000,M_gd_s2
7,-1,real,11.569530487060547,3.851350784301758,4.56365966796875,0.9077102489059196,retain,ret_000,M_gd_s2
7,-9,random_position,11.569530487060547,3.851350784301758,11.33560562133789,0.03030829479638082,retain,ret_000,M_gd_s2
8,-6,real,11.569530487060547,3.851350784301758,11.460262298583984,0.014157248559204399,retain,ret_000,M_gd_s2
8,-5,real,11.569530487060547,3.851350784301758,11.242975234985352,0.042309879356459044,retain,ret_000,M_gd_s2
8,-4,real,11.569530487060547,3.851350784301758,11.464954376220703,0.013549323139297213,retain,ret_000,M_gd_s2
8,-3,real,11.569530487060547,3.851350784301758,11.522727966308594,0.006063932501496954,retain,ret_000,M_gd_s2
8,-2,real,11.569530487060547,3.851350784301758,11.436513900756836,0.01723419140605983,retain,ret_000,M_gd_s2
8,-1,real,11.569530487060547,3.851350784301758,4.401344299316406,0.9287405144482372,retain,ret_000,M_gd_s2
8,-5,random_position,11.569530487060547,3.851350784301758,11.242975234985352,0.042309879356459044,retain,ret_000,M_gd_s2
9,-6,real,11.569530487060547,3.851350784301758,11.499469757080078,0.009077364440662896,retain,ret_000,M_gd_s2
9,-5,real,11.569530487060547,3.851350784301758,11.076194763183594,0.06391866254430627,retain,ret_000,M_gd_s2
9,-4,real,11.569530487060547,3.851350784301758,11.480085372924805,0.011588887222173758,retain,ret_000,M_gd_s2
9,-3,real,11.569530487060547,3.851350784301758,11.516462326049805,0.006875735348812037,retain,ret_000,M_gd_s2
9,-2,real,11.569530487060547,3.851350784301758,11.451824188232422,0.015250525818419597,retain,ret_000,M_gd_s2
9,-1,real,11.569530487060547,3.851350784301758,4.964439392089844,0.8557835330796686,retain,ret_000,M_gd_s2
9,-13,random_position,11.569530487060547,3.851350784301758,11.560537338256836,0.001165190388155438,retain,ret_000,M_gd_s2
10,-6,real,11.569530487060547,3.851350784301758,11.544530868530273,0.0032390562921640145,retain,ret_000,M_gd_s2
10,-5,real,11.569530487060547,3.851350784301758,11.014120101928711,0.07196131815035478,retain,ret_000,M_gd_s2
10,-4,real,11.569530487060547,3.851350784301758,11.363349914550781,0.026713626845986542,retain,ret_000,M_gd_s2
10,-3,real,11.569530487060547,3.851350784301758,11.473651885986328,0.012422436995079016,retain,ret_000,M_gd_s2
10,-2,real,11.569530487060547,3.851350784301758,11.342302322387695,0.029440641890163693,retain,ret_000,M_gd_s2
10,-1,real,11.569530487060547,3.851350784301758,6.382104873657227,0.6721047984344191,retain,ret_000,M_gd_s2
10,-6,random_position,11.569530487060547,3.851350784301758,11.544530868530273,0.0032390562921640145,retain,ret_000,M_gd_s2
11,-6,real,11.569530487060547,3.851350784301758,11.569530487060547,-0.0,retain,ret_000,M_gd_s2
11,-5,real,11.569530487060547,3.851350784301758,11.569530487060547,-0.0,retain,ret_000,M_gd_s2
11,-4,real,11.569530487060547,3.851350784301758,11.569530487060547,-0.0,retain,ret_000,M_gd_s2
11,-3,real,11.569530487060547,3.851350784301758,11.569530487060547,-0.0,retain,ret_000,M_gd_s2
11,-2,real,11.569530487060547,3.851350784301758,11.569530487060547,-0.0,retain,ret_000,M_gd_s2
11,-1,real,11.569530487060547,3.851350784301758,4.429525375366211,0.9250892550664777,retain,ret_000,M_gd_s2
11,-7,random_position,11.569530487060547,3.851350784301758,11.569530487060547,-0.0,retain,ret_000,M_gd_s2
0,-6,real,12.630794525146484,4.0034332275390625,12.03455924987793,0.06910980712421366,retain,ret_000,M_gd_s2
0,-5,real,12.630794525146484,4.0034332275390625,12.697418212890625,-0.007722371353871201,retain,ret_000,M_gd_s2
0,-4,real,12.630794525146484,4.0034332275390625,12.62127685546875,0.0011031959076958859,retain,ret_000,M_gd_s2
0,-3,real,12.630794525146484,4.0034332275390625,12.578794479370117,0.006027340687677943,retain,ret_000,M_gd_s2
0,-2,real,12.630794525146484,4.0034332275390625,12.654766082763672,-0.0027785503342528843,retain,ret_000,M_gd_s2
0,-1,real,12.630794525146484,4.0034332275390625,12.509212493896484,0.014092609206446201,retain,ret_000,M_gd_s2
0,-11,random_position,12.630794525146484,4.0034332275390625,12.487640380859375,0.016593039209660723,retain,ret_000,M_gd_s2
1,-6,real,12.630794525146484,4.0034332275390625,11.494165420532227,0.13174701573347494,retain,ret_000,M_gd_s2
1,-5,real,12.630794525146484,4.0034332275390625,12.899063110351562,-0.0310950910656165,retain,ret_000,M_gd_s2
1,-4,real,12.630794525146484,4.0034332275390625,12.72457504272461,-0.010870127532984232,retain,ret_000,M_gd_s2
1,-3,real,12.630794525146484,4.0034332275390625,12.46449089050293,0.019276303484551498,retain,ret_000,M_gd_s2
1,-2,real,12.630794525146484,4.0034332275390625,12.711795806884766,-0.009388882526659094,retain,ret_000,M_gd_s2
1,-1,real,12.630794525146484,4.0034332275390625,12.288887023925781,0.039630599603556936,retain,ret_000,M_gd_s2
1,-3,random_position,12.630794525146484,4.0034332275390625,12.46449089050293,0.019276303484551498,retain,ret_000,M_gd_s2
2,-6,real,12.630794525146484,4.0034332275390625,11.698099136352539,0.10810899840865648,retain,ret_000,M_gd_s2
2,-5,real,12.630794525146484,4.0034332275390625,12.166374206542969,0.05383109650598622,retain,ret_000,M_gd_s2
2,-4,real,12.630794525146484,4.0034332275390625,12.788248062133789,-0.018250486047335285,retain,ret_000,M_gd_s2
2,-3,real,12.630794525146484,4.0034332275390625,12.407997131347656,0.025824511819229744,retain,ret_000,M_gd_s2
2,-2,real,12.630794525146484,4.0034332275390625,12.601821899414062,0.0033582256188177365,retain,ret_000,M_gd_s2
2,-1,real,12.630794525146484,4.0034332275390625,12.019548416137695,0.07084971730328514,retain,ret_000,M_gd_s2
2,-8,random_position,12.630794525146484,4.0034332275390625,12.121105194091797,0.05907824112988485,retain,ret_000,M_gd_s2
3,-6,real,12.630794525146484,4.0034332275390625,12.17924690246582,0.052339018513793925,retain,ret_000,M_gd_s2
3,-5,real,12.630794525146484,4.0034332275390625,10.13772964477539,0.2889718877384307,retain,ret_000,M_gd_s2
3,-4,real,12.630794525146484,4.0034332275390625,12.879457473754883,-0.02882259592830067,retain,ret_000,M_gd_s2
3,-3,real,12.630794525146484,4.0034332275390625,12.513914108276367,0.013547643692925087,retain,ret_000,M_gd_s2
3,-2,real,12.630794525146484,4.0034332275390625,12.565950393676758,0.00751610245970682,retain,ret_000,M_gd_s2
3,-1,real,12.630794525146484,4.0034332275390625,11.609926223754883,0.11832914678961147,retain,ret_000,M_gd_s2
3,-11,random_position,12.630794525146484,4.0034332275390625,12.630821228027344,-3.095138819186854e-06,retain,ret_000,M_gd_s2
4,-6,real,12.630794525146484,4.0034332275390625,12.029258728027344,0.06972419217982226,retain,ret_000,M_gd_s2
4,-5,real,12.630794525146484,4.0034332275390625,8.785213470458984,0.4457424375809987,retain,ret_000,M_gd_s2
4,-4,real,12.630794525146484,4.0034332275390625,12.735916137695312,-0.012184677205761734,retain,ret_000,M_gd_s2
4,-3,real,12.630794525146484,4.0034332275390625,12.490772247314453,0.016230023642438952,retain,ret_000,M_gd_s2
4,-2,real,12.630794525146484,4.0034332275390625,12.5618896484375,0.007986784641567449,retain,ret_000,M_gd_s2
4,-1,real,12.630794525146484,4.0034332275390625,11.066333770751953,0.1813371088131425,retain,ret_000,M_gd_s2
4,-8,random_position,12.630794525146484,4.0034332275390625,12.665306091308594,-0.004000245842454781,retain,ret_000,M_gd_s2
5,-6,real,12.630794525146484,4.0034332275390625,12.612020492553711,0.002176103671232586,retain,ret_000,M_gd_s2
5,-5,real,12.630794525146484,4.0034332275390625,6.685604095458984,0.6891087813067764,retain,ret_000,M_gd_s2
5,-4,real,12.630794525146484,4.0034332275390625,12.515548706054688,0.013358176980922006,retain,ret_000,M_gd_s2
5,-3,real,12.630794525146484,4.0034332275390625,12.492719650268555,0.016004299589982538,retain,ret_000,M_gd_s2
5,-2,real,12.630794525146484,4.0034332275390625,12.533872604370117,0.011234248506927141,retain,ret_000,M_gd_s2
5,-1,real,12.630794525146484,4.0034332275390625,10.069459915161133,0.29688505229237033,retain,ret_000,M_gd_s2
5,-10,random_position,12.630794525146484,4.0034332275390625,12.70025634765625,-0.008051340394081917,retain,ret_000,M_gd_s2
6,-6,real,12.630794525146484,4.0034332275390625,12.375762939453125,0.029560786536676733,retain,ret_000,M_gd_s2
6,-5,real,12.630794525146484,4.0034332275390625,6.766345977783203,0.6797499658429323,retain,ret_000,M_gd_s2
6,-4,real,12.630794525146484,4.0034332275390625,12.342863082885742,0.033374218643259165,retain,ret_000,M_gd_s2
6,-3,real,12.630794525146484,4.0034332275390625,12.534353256225586,0.01117853600818178,retain,ret_000,M_gd_s2
6,-2,real,12.630794525146484,4.0034332275390625,12.533103942871094,0.011323344288650878,retain,ret_000,M_gd_s2
6,-1,real,12.630794525146484,4.0034332275390625,6.9424896240234375,0.6593331037035105,retain,ret_000,M_gd_s2
6,-2,random_position,12.630794525146484,4.0034332275390625,12.533103942871094,0.011323344288650878,retain,ret_000,M_gd_s2
7,-6,real,12.630794525146484,4.0034332275390625,12.428346633911133,0.023465794957665133,retain,ret_000,M_gd_s2
7,-5,real,12.630794525146484,4.0034332275390625,6.782848358154297,0.6778371700526749,retain,ret_000,M_gd_s2
7,-4,real,12.630794525146484,4.0034332275390625,12.413312911987305,0.025208358112867334,retain,ret_000,M_gd_s2
7,-3,real,12.630794525146484,4.0034332275390625,12.509176254272461,0.014096809751986527,retain,ret_000,M_gd_s2
7,-2,real,12.630794525146484,4.0034332275390625,12.508018493652344,0.0142310061279327,retain,ret_000,M_gd_s2
7,-1,real,12.630794525146484,4.0034332275390625,5.460590362548828,0.8311004854504157,retain,ret_000,M_gd_s2
7,-7,random_position,12.630794525146484,4.0034332275390625,20.24737548828125,-0.8828401524400085,retain,ret_000,M_gd_s2
8,-6,real,12.630794525146484,4.0034332275390625,12.583799362182617,0.005447223240424635,retain,ret_000,M_gd_s2
8,-5,real,12.630794525146484,4.0034332275390625,6.379360198974609,0.7246056019359651,retain,ret_000,M_gd_s2
8,-4,real,12.630794525146484,4.0034332275390625,12.26399040222168,0.04251637438976022,retain,ret_000,M_gd_s2
8,-3,real,12.630794525146484,4.0034332275390625,12.473081588745117,0.01828055311015024,retain,ret_000,M_gd_s2
8,-2,real,12.630794525146484,4.0034332275390625,12.477703094482422,0.01774487301308669,retain,ret_000,M_gd_s2
8,-1,real,12.630794525146484,4.0034332275390625,5.703388214111328,0.8029577146556149,retain,ret_000,M_gd_s2
8,-5,random_position,12.630794525146484,4.0034332275390625,6.379360198974609,0.7246056019359651,retain,ret_000,M_gd_s2
9,-6,real,12.630794525146484,4.0034332275390625,12.754035949707031,-0.014284949975924242,retain,ret_000,M_gd_s2
9,-5,real,12.630794525146484,4.0034332275390625,11.02993392944336,0.18555622518638262,retain,ret_000,M_gd_s2
9,-4,real,12.630794525146484,4.0034332275390625,12.845500946044922,-0.024886684757016126,retain,ret_000,M_gd_s2
9,-3,real,12.630794525146484,4.0034332275390625,12.465988159179688,0.019102754629332808,retain,ret_000,M_gd_s2
9,-2,real,12.630794525146484,4.0034332275390625,12.444618225097656,0.0215797500100592,retain,ret_000,M_gd_s2
9,-1,real,12.630794525146484,4.0034332275390625,6.0621337890625,0.7613754089452165,retain,ret_000,M_gd_s2
9,-10,random_position,12.630794525146484,4.0034332275390625,12.619775772094727,0.0012771869256030326,retain,ret_000,M_gd_s2
10,-6,real,12.630794525146484,4.0034332275390625,12.841024398803711,-0.024367806842113874,retain,ret_000,M_gd_s2
10,-5,real,12.630794525146484,4.0034332275390625,13.257345199584961,-0.07262367400936766,retain,ret_000,M_gd_s2
10,-4,real,12.630794525146484,4.0034332275390625,13.155563354492188,-0.06082611023734851,retain,ret_000,M_gd_s2
10,-3,real,12.630794525146484,4.0034332275390625,12.412109375,0.025347860441074968,retain,ret_000,M_gd_s2
10,-2,real,12.630794525146484,4.0034332275390625,12.327289581298828,0.035179347818877785,retain,ret_000,M_gd_s2
10,-1,real,12.630794525146484,4.0034332275390625,6.586170196533203,0.7006341939440514,retain,ret_000,M_gd_s2
10,-5,random_position,12.630794525146484,4.0034332275390625,13.257345199584961,-0.07262367400936766,retain,ret_000,M_gd_s2
11,-6,real,12.630794525146484,4.0034332275390625,12.630794525146484,-0.0,retain,ret_000,M_gd_s2
11,-5,real,12.630794525146484,4.0034332275390625,12.630794525146484,-0.0,retain,ret_000,M_gd_s2
11,-4,real,12.630794525146484,4.0034332275390625,12.630794525146484,-0.0,retain,ret_000,M_gd_s2
11,-3,real,12.630794525146484,4.0034332275390625,12.630794525146484,-0.0,retain,ret_000,M_gd_s2
11,-2,real,12.630794525146484,4.0034332275390625,12.630794525146484,-0.0,retain,ret_000,M_gd_s2
11,-1,real,12.630794525146484,4.0034332275390625,4.560117721557617,0.9354745356296905,retain,ret_000,M_gd_s2
11,-6,random_position,12.630794525146484,4.0034332275390625,12.630794525146484,-0.0,retain,ret_000,M_gd_s2
0,-6,real,16.457866668701172,5.188230514526367,16.893550872802734,-0.03866000624520292,retain,ret_000,M_gd_s2
0,-5,real,16.457866668701172,5.188230514526367,18.850353240966797,-0.21229492589956733,retain,ret_000,M_gd_s2
0,-4,real,16.457866668701172,5.188230514526367,15.75503158569336,0.062365374834878695,retain,ret_000,M_gd_s2
0,-3,real,16.457866668701172,5.188230514526367,16.041696548461914,0.03692844334509316,retain,ret_000,M_gd_s2
0,-2,real,16.457866668701172,5.188230514526367,16.424833297729492,0.002931183449027551,retain,ret_000,M_gd_s2
0,-1,real,16.457866668701172,5.188230514526367,16.518705368041992,-0.005398461716821513,retain,ret_000,M_gd_s2
0,-12,random_position,16.457866668701172,5.188230514526367,16.381052017211914,0.006816072004312406,retain,ret_000,M_gd_s2
1,-6,real,16.457866668701172,5.188230514526367,16.304296493530273,0.01362689736119021,retain,ret_000,M_gd_s2
1,-5,real,16.457866668701172,5.188230514526367,19.330657958984375,-0.25491428924428816,retain,ret_000,M_gd_s2
1,-4,real,16.457866668701172,5.188230514526367,15.318305969238281,0.10111778977360716,retain,ret_000,M_gd_s2
1,-3,real,16.457866668701172,5.188230514526367,15.963237762451172,0.04389040599742576,retain,ret_000,M_gd_s2
1,-2,real,16.457866668701172,5.188230514526367,16.503520965576172,-0.004051088806277699,retain,ret_000,M_gd_s2
1,-1,real,16.457866668701172,5.188230514526367,16.49655532836914,-0.0034329998891434173,retain,ret_000,M_gd_s2
1,-3,random_position,16.457866668701172,5.188230514526367,15.963237762451172,0.04389040599742576,retain,ret_000,M_gd_s2
2,-6,real,16.457866668701172,5.188230514526367,16.517791748046875,-0.005317392551622356,retain,ret_000,M_gd_s2
2,-5,real,16.457866668701172,5.188230514526367,19.349506378173828,-0.2565867850490858,retain,ret_000,M_gd_s2
2,-4,real,16.457866668701172,5.188230514526367,15.513736724853516,0.08377643527541091,retain,ret_000,M_gd_s2
2,-3,real,16.457866668701172,5.188230514526367,15.292932510375977,0.10336927850981673,retain,ret_000,M_gd_s2
2,-2,real,16.457866668701172,5.188230514526367,16.46682357788086,-0.0007947824629963265,retain,ret_000,M_gd_s2
2,-1,real,16.457866668701172,5.188230514526367,16.459598541259766,-0.00015367599582637658,retain,ret_000,M_gd_s2
2,-8,random_position,16.457866668701172,5.188230514526367,16.428787231445312,0.0025803350576750414,retain,ret_000,M_gd_s2
3,-6,real,16.457866668701172,5.188230514526367,16.799701690673828,-0.030332392039651115,retain,ret_000,M_gd_s2
3,-5,real,16.457866668701172,5.188230514526367,19.91737174987793,-0.30697575625768486,retain,ret_000,M_gd_s2
3,-4,real,16.457866668701172,5.188230514526367,16.10810089111328,0.031036119782653398,retain,ret_000,M_gd_s2
3,-3,real,16.457866668701172,5.188230514526367,13.275897979736328,0.2823488394331251,retain,ret_000,M_gd_s2
3,-2,real,16.457866668701172,5.188230514526367,16.418718338012695,0.0034737883417801534,retain,ret_000,M_gd_s2
3,-1,real,16.457866668701172,5.188230514526367,16.300739288330078,0.013942542440723462,retain,ret_000,M_gd_s2
3,-12,random_position,16.457866668701172,5.188230514526367,16.44937515258789,0.0007534862702852738,retain,ret_000,M_gd_s2
4,-6,real,16.457866668701172,5.188230514526367,16.957740783691406,-0.04435583439888229,retain,ret_000,M_gd_s2
4,-5,real,16.457866668701172,5.188230514526367,22.10633087158203,-0.5012108754538984,retain,ret_000,M_gd_s2
4,-4,real,16.457866668701172,5.188230514526367,15.992107391357422,0.04132868807580898,retain,ret_000,M_gd_s2
4,-3,real,16.457866668701172,5.188230514526367,11.245845794677734,0.46248350902550295,retain,ret_000,M_gd_s2
4,-2,real,16.457866668701172,5.188230514526367,16.53905487060547,-0.007204154667781439,retain,ret_000,M_gd_s2
4,-1,real,16.457866668701172,5.188230514526367,15.70425796508789,0.06687072176097797,retain,ret_000,M_gd_s2
4,-9,random_position,16.457866668701172,5.188230514526367,16.48404312133789,-0.002322741593305278,retain,ret_000,M_gd_s2
5,-6,real,16.457866668701172,5.188230514526367,16.7855167388916,-0.0290737043954212,retain,ret_000,M_gd_s2
5,-5,real,16.457866668701172,5.188230514526367,23.107547760009766,-0.5900528642040709,retain,ret_000,M_gd_s2
5,-4,real,16.457866668701172,5.188230514526367,16.620786666870117,-0.014456544642622917,retain,ret_000,M_gd_s2
5,-3,real,16.457866668701172,5.188230514526367,8.063526153564453,0.7448634898498528,retain,ret_000,M_gd_s2
5,-2,real,16.457866668701172,5.188230514526367,16.407346725463867,0.004482837116137926,retain,ret_000,M_gd_s2
5,-1,real,16.457866668701172,5.188230514526367,14.817047119140625,0.145596497270474,retain,ret_000,M_gd_s2
5,-11,random_position,16.457866668701172,5.188230514526367,16.420269012451172,0.0033361907816404574,retain,ret_000,M_gd_s2
6,-6,real,16.457866668701172,5.188230514526367,16.681013107299805,-0.019800678171492597,retain,ret_000,M_gd_s2
6,-5,real,16.457866668701172,5.188230514526367,24.428439140319824,-0.7072608523094134,retain,ret_000,M_gd_s2
6,-4,real,16.457866668701172,5.188230514526367,16.324007034301758,0.011877902051862264,retain,ret_000,M_gd_s2
6,-3,real,16.457866668701172,5.188230514526367,8.89335823059082,0.6712291625589084,retain,ret_000,M_gd_s2
6,-2,real,16.457866668701172,5.188230514526367,16.26495361328125,0.017117948865497116,retain,ret_000,M_gd_s2
6,-1,real,16.457866668701172,5.188230514526367,10.329334259033203,0.5438092522088809,retain,ret_000,M_gd_s2
6,-2,random_position,16.457866668701172,5.188230514526367,16.26495361328125,0.017117948865497116,retain,ret_000,M_gd_s2
7,-6,real,16.457866668701172,5.188230514526367,16.515308380126953,-0.005097033359369116,retain,ret_000,M_gd_s2
7,-5,real,16.457866668701172,5.188230514526367,25.87462043762207,-0.8355863170819839,retain,ret_000,M_gd_s2
7,-4,real,16.457866668701172,5.188230514526367,16.187692642211914,0.02397362459560619,retain,ret_000,M_gd_s2
7,-3,real,16.457866668701172,5.188230514526367,9.498685836791992,0.617516017083761,retain,ret_000,M_gd_s2
7,-2,real,16.457866668701172,5.188230514526367,16.140323638916016,0.02817686617748731,retain,ret_000,M_gd_s2
7,-1,real,16.457866668701172,5.188230514526367,7.853473663330078,0.7635022894846184,retain,ret_000,M_gd_s2
7,-8,random_position,16.457866668701172,5.188230514526367,16.448219299316406,0.0008560497652971506,retain,ret_000,M_gd_s2
8,-6,real,16.457866668701172,5.188230514526367,16.563976287841797,-0.009415531938120024,retain,ret_000,M_gd_s2
8,-5,real,16.457866668701172,5.188230514526367,26.625478744506836,-0.9022129851139072,retain,ret_000,M_gd_s2
8,-4,real,16.457866668701172,5.188230514526367,16.26708221435547,0.016929069557851482,retain,ret_000,M_gd_s2
8,-3,real,16.457866668701172,5.188230514526367,9.225048065185547,0.6417969936710199,retain,ret_000,M_gd_s2
8,-2,real,16.457866668701172,5.188230514526367,16.046018600463867,0.03654493034229297,retain,ret_000,M_gd_s2
8,-1,real,16.457866668701172,5.188230514526367,6.787239074707031,0.8581135594525546,retain,ret_000,M_gd_s2
8,-5,random_position,16.457866668701172,5.188230514526367,26.625478744506836,-0.9022129851139072,retain,ret_000,M_gd_s2
9,-6,real,16.457866668701172,5.188230514526367,16.4803409576416,-0.0019942337652226823,retain,ret_000,M_gd_s2
9,-5,real,16.457866668701172,5.188230514526367,23.317646026611328,-0.6086957257594311,retain,ret_000,M_gd_s2
9,-4,real,16.457866668701172,5.188230514526367,16.547061920166016,-0.007914652278441271,retain,ret_000,M_gd_s2
9,-3,real,16.457866668701172,5.188230514526367,15.312423706054688,0.10163974657000424,retain,ret_000,M_gd_s2
9,-2,real,16.457866668701172,5.188230514526367,16.37942123413086,0.006960777925492529,retain,ret_000,M_gd_s2
9,-1,real,16.457866668701172,5.188230514526367,5.502971649169922,0.9720717572122362,retain,ret_000,M_gd_s2
9,-11,random_position,16.457866668701172,5.188230514526367,16.4559326171875,0.00017161614511888312,retain,ret_000,M_gd_s2
10,-6,real,16.457866668701172,5.188230514526367,16.446544647216797,0.001004648360380365,retain,ret_000,M_gd_s2
10,-5,real,16.457866668701172,5.188230514526367,16.680744171142578,-0.019776814387999733,retain,ret_000,M_gd_s2
10,-4,real,16.457866668701172,5.188230514526367,16.601665496826172,-0.012759846560949542,retain,ret_000,M_gd_s2
10,-3,real,16.457866668701172,5.188230514526367,16.85724639892578,-0.035438564720357925,retain,ret_000,M_gd_s2
10,-2,real,16.457866668701172,5.188230514526367,16.651874542236328,-0.017215096466382952,retain,ret_000,M_gd_s2
10,-1,real,16.457866668701172,5.188230514526367,7.194793701171875,0.8219496034126903,retain,ret_000,M_gd_s2
10,-6,random_position,16.457866668701172,5.188230514526367,16.446544647216797,0.001004648360380365,retain,ret_000,M_gd_s2
11,-6,real,16.457866668701172,5.188230514526367,16.457866668701172,-0.0,retain,ret_000,M_gd_s2
11,-5,real,16.457866668701172,5.188230514526367,16.457866668701172,-0.0,retain,ret_000,M_gd_s2
11,-4,real,16.457866668701172,5.188230514526367,16.457866668701172,-0.0,retain,ret_000,M_gd_s2
11,-3,real,16.457866668701172,5.188230514526367,16.457866668701172,-0.0,retain,ret_000,M_gd_s2
11,-2,real,16.457866668701172,5.188230514526367,16.457866668701172,-0.0,retain,ret_000,M_gd_s2
11,-1,real,16.457866668701172,5.188230514526367,5.705888748168945,0.9540661094501429,retain,ret_000,M_gd_s2
11,-6,random_position,16.457866668701172,5.188230514526367,16.457866668701172,-0.0,retain,ret_000,M_gd_s2
0,-6,real,12.343042373657227,4.1370391845703125,12.423465728759766,-0.009800551285367927,retain,ret_000,M_gd_s2
0,-5,real,12.343042373657227,4.1370391845703125,12.338443756103516,0.0005603967543939777,retain,ret_000,M_gd_s2
0,-4,real,12.343042373657227,4.1370391845703125,12.365943908691406,-0.0027908269722142225,retain,ret_000,M_gd_s2
0,-3,real,12.343042373657227,4.1370391845703125,12.346036911010742,-0.0003649203253415782,retain,ret_000,M_gd_s2
0,-2,real,12.343042373657227,4.1370391845703125,12.323766708374023,0.002348971215224197,retain,ret_000,M_gd_s2
0,-1,real,12.343042373657227,4.1370391845703125,12.241962432861328,0.012317804230240087,retain,ret_000,M_gd_s2
0,-12,random_position,12.343042373657227,4.1370391845703125,12.219635009765625,0.015038668770653154,retain,ret_000,M_gd_s2
1,-6,real,12.343042373657227,4.1370391845703125,12.595306396484375,-0.030741399560096683,retain,ret_000,M_gd_s2
1,-5,real,12.343042373657227,4.1370391845703125,12.410655975341797,-0.008239529052887646,retain,ret_000,M_gd_s2
1,-4,real,12.343042373657227,4.1370391845703125,12.348615646362305,-0.000679170185126173,retain,ret_000,M_gd_s2
1,-3,real,12.343042373657227,4.1370391845703125,12.356451034545898,-0.0016340062975485955,retain,ret_000,M_gd_s2
1,-2,real,12.343042373657227,4.1370391845703125,12.3521728515625,-0.001112658342299449,retain,ret_000,M_gd_s2
1,-1,real,12.343042373657227,4.1370391845703125,12.041370391845703,0.036762352494904484,retain,ret_000,M_gd_s2
1,-3,random_position,12.343042373657227,4.1370391845703125,12.356451034545898,-0.0016340062975485955,retain,ret_000,M_gd_s2
2,-6,real,12.343042373657227,4.1370391845703125,11.908720016479492,0.052927393174223424,retain,ret_000,M_gd_s2
2,-5,real,12.343042373657227,4.1370391845703125,12.481876373291016,-0.01691858952948289,retain,ret_000,M_gd_s2
2,-4,real,12.343042373657227,4.1370391845703125,12.350017547607422,-0.0008500086813848099,retain,ret_000,M_gd_s2
2,-3,real,12.343042373657227,4.1370391845703125,12.338846206665039,0.0005113533221346955,retain,ret_000,M_gd_s2
2,-2,real,12.343042373657227,4.1370391845703125,12.259977340698242,0.010122471444984541,retain,ret_000,M_gd_s2
2,-1,real,12.343042373657227,4.1370391845703125,11.791753768920898,0.06718113459539982,retain,ret_000,M_gd_s2
2,-8,random_position,12.343042373657227,4.1370391845703125,14.759902954101562,-0.29452347564993586,retain,ret_000,M_gd_s2
3,-6,real,12.343042373657227,4.1370391845703125,10.079151153564453,0.2758823227248438,retain,ret_000,M_gd_s2
3,-5,real,12.343042373657227,4.1370391845703125,12.582849502563477,-0.029223377493341366,retain,ret_000,M_gd_s2
3,-4,real,12.343042373657227,4.1370391845703125,12.307706832885742,0.004306059839030623,retain,ret_000,M_gd_s2
3,-3,real,12.343042373657227,4.1370391845703125,12.32271957397461,0.002476577112429628,retain,ret_000,M_gd_s2
3,-2,real,12.343042373657227,4.1370391845703125,12.229524612426758,0.013833501963712974,retain,ret_000,M_gd_s2
3,-1,real,12.343042373657227,4.1370391845703125,11.522764205932617,0.09996074201085975,retain,ret_000,M_gd_s2
3,-12,random_position,12.343042373657227,4.1370391845703125,12.332759857177734,0.0012530480725582473,retain,ret_000,M_gd_s2
4,-6,real,12.343042373657227,4.1370391845703125,8.8822021484375,0.4217449281304527,retain,ret_000,M_gd_s2
4,-5,real,12.343042373657227,4.1370391845703125,12.475242614746094,-0.016110186413853585,retain,ret_000,M_gd_s2
4,-4,real,12.343042373657227,4.1370391845703125,12.265373229980469,0.009464917559384972,retain,ret_000,M_gd_s2
4,-3,real,12.343042373657227,4.1370391845703125,12.310708999633789,0.003940209780376073,retain,ret_000,M_gd_s2
4,-2,real,12.343042373657227,4.1370391845703125,12.230390548706055,0.013727977232690631,retain,ret_000,M_gd_s2
4,-1,real,12.343042373657227,4.1370391845703125,11.011035919189453,0.16232097694517061,retain,ret_000,M_gd_s2
4,-9,random_position,12.343042373657227,4.1370391845703125,12.479516983032227,-0.016631069502446246,retain,ret_000,M_gd_s2
5,-6,real,12.343042373657227,4.1370391845703125,6.84368896484375,0.6701622314901138,retain,ret_000,M_gd_s2
5,-5,real,12.343042373657227,4.1370391845703125,12.277019500732422,0.008045679657132949,retain,ret_000,M_gd_s2
5,-4,real,12.343042373657227,4.1370391845703125,12.28213119506836,0.007422758337441593,retain,ret_000,M_gd_s2
5,-3,real,12.343042373657227,4.1370391845703125,12.35507583618164,-0.001466421867885361,retain,ret_000,M_gd_s2
5,-2,real,12.343042373657227,4.1370391845703125,12.204919815063477,0.016831891898048235,retain,ret_000,M_gd_s2
5,-1,real,12.343042373657227,4.1370391845703125,10.291770935058594,0.24997204989227878,retain,ret_000,M_gd_s2
5,-11,random_position,12.343042373657227,4.1370391845703125,12.409101486206055,-0.008050095890369566,retain,ret_000,M_gd_s2
6,-6,real,12.343042373657227,4.1370391845703125,6.927818298339844,0.6599100622479697,retain,ret_000,M_gd_s2
6,-5,real,12.343042373657227,4.1370391845703125,12.161886215209961,0.02207605264986778,retain,ret_000,M_gd_s2
6,-4,real,12.343042373657227,4.1370391845703125,12.271242141723633,0.008749720208381127,retain,ret_000,M_gd_s2
6,-3,real,12.343042373657227,4.1370391845703125,12.371789932250977,-0.0035032351232791507,retain,ret_000,M_gd_s2
6,-2,real,12.343042373657227,4.1370391845703125,12.157398223876953,0.022622968271223662,retain,ret_000,M_gd_s2
6,-1,real,12.343042373657227,4.1370391845703125,7.225494384765625,0.6236346575757343,retain,ret_000,M_gd_s2
6,-2,random_position,12.343042373657227,4.1370391845703125,12.157398223876953,0.022622968271223662,retain,ret_000,M_gd_s2
7,-6,real,12.343042373657227,4.1370391845703125,6.9753265380859375,0.6541206129080919,retain,ret_000,M_gd_s2
7,-5,real,12.343042373657227,4.1370391845703125,12.174684524536133,0.020516425017356957,retain,ret_000,M_gd_s2
7,-4,real,12.343042373657227,4.1370391845703125,12.258237838745117,0.010334450640342198,retain,ret_000,M_gd_s2
7,-3,real,12.343042373657227,4.1370391845703125,12.379386901855469,-0.004429017069671193,retain,ret_000,M_gd_s2
7,-2,real,12.343042373657227,4.1370391845703125,12.11172103881836,0.028189281615988066,retain,ret_000,M_gd_s2
7,-1,real,12.343042373657227,4.1370391845703125,5.737518310546875,0.8049624050713233,retain,ret_000,M_gd_s2
7,-8,random_position,12.343042373657227,4.1370391845703125,19.935279846191406,-0.925205279304671,retain,ret_000,M_gd_s2
8,-6,real,12.343042373657227,4.1370391845703125,6.572803497314453,0.7031728776338473,retain,ret_000,M_gd_s2
8,-5,real,12.343042373657227,4.1370391845703125,12.01242446899414,0.040289760684320906,retain,ret_000,M_gd_s2
8,-4,real,12.343042373657227,4.1370391845703125,12.232847213745117,0.013428603105913591,retain,ret_000,M_gd_s2
8,-3,real,12.343042373657227,4.1370391845703125,12.352657318115234,-0.001171696407673182,retain,ret_000,M_gd_s2
8,-2,real,12.343042373657227,4.1370391845703125,12.121362686157227,0.027014331141719482,retain,ret_000,M_gd_s2
8,-1,real,12.343042373657227,4.1370391845703125,5.712677001953125,0.8079896167383607,retain,ret_000,M_gd_s2
8,-5,random_position,12.343042373657227,4.1370391845703125,12.01242446899414,0.040289760684320906,retain,ret_000,M_gd_s2
9,-6,real,12.343042373657227,4.1370391845703125,10.922216415405273,0.1731446997414644,retain,ret_000,M_gd_s2
9,-5,real,12.343042373657227,4.1370391845703125,12.570756912231445,-0.02774975019228047,retain,ret_000,M_gd_s2
9,-4,real,12.343042373657227,4.1370391845703125,12.231414794921875,0.013603160535424118,retain,ret_000,M_gd_s2
9,-3,real,12.343042373657227,4.1370391845703125,12.33909797668457,0.00048067212280661386,retain,ret_000,M_gd_s2
9,-2,real,12.343042373657227,4.1370391845703125,12.100822448730469,0.029517405653568817,retain,ret_000,M_gd_s2
9,-1,real,12.343042373657227,4.1370391845703125,6.021020889282227,0.7704142124612621,retain,ret_000,M_gd_s2
9,-11,random_position,12.343042373657227,4.1370391845703125,12.329862594604492,0.0016061142981594302,retain,ret_000,M_gd_s2
10,-6,real,12.343042373657227,4.1370391845703125,13.107643127441406,-0.09317578072611707,retain,ret_000,M_gd_s2
10,-5,real,12.343042373657227,4.1370391845703125,12.834470748901367,-0.059886447021820145,retain,ret_000,M_gd_s2
10,-4,real,12.343042373657227,4.1370391845703125,12.196893692016602,0.01780997134329496,retain,ret_000,M_gd_s2
10,-3,real,12.343042373657227,4.1370391845703125,12.333669662475586,0.0011421773749863155,retain,ret_000,M_gd_s2
10,-2,real,12.343042373657227,4.1370391845703125,12.019229888916016,0.03946043856914973,retain,ret_000,M_gd_s2
10,-1,real,12.343042373657227,4.1370391845703125,6.668725967407227,0.6914835731231764,retain,ret_000,M_gd_s2
10,-6,random_position,12.343042373657227,4.1370391845703125,13.107643127441406,-0.09317578072611707,retain,ret_000,M_gd_s2
11,-6,real,12.343042373657227,4.1370391845703125,12.343042373657227,-0.0,retain,ret_000,M_gd_s2
11,-5,real,12.343042373657227,4.1370391845703125,12.343042373657227,-0.0,retain,ret_000,M_gd_s2
11,-4,real,12.343042373657227,4.1370391845703125,12.343042373657227,-0.0,retain,ret_000,M_gd_s2
11,-3,real,12.343042373657227,4.1370391845703125,12.343042373657227,-0.0,retain,ret_000,M_gd_s2
11,-2,real,12.343042373657227,4.1370391845703125,12.343042373657227,-0.0,retain,ret_000,M_gd_s2
11,-1,real,12.343042373657227,4.1370391845703125,4.713352203369141,0.9297693401380515,retain,ret_000,M_gd_s2
11,-6,random_position,12.343042373657227,4.1370391845703125,12.343042373657227,-0.0,retain,ret_000,M_gd_s2
0,-6,real,15.985485076904297,3.6970672607421875,17.706459045410156,-0.14004845817029274,retain,ret_000,M_gd_s2
0,-5,real,15.985485076904297,3.6970672607421875,15.404802322387695,0.04725447679300663,retain,ret_000,M_gd_s2
0,-4,real,15.985485076904297,3.6970672607421875,15.800451278686523,0.015057577060442333,retain,ret_000,M_gd_s2
0,-3,real,15.985485076904297,3.6970672607421875,15.973821640014648,0.0009491406513138186,retain,ret_000,M_gd_s2
0,-2,real,15.985485076904297,3.6970672607421875,15.949943542480469,0.0028922791327198197,retain,ret_000,M_gd_s2
0,-1,real,15.985485076904297,3.6970672607421875,15.950750350952148,0.0028266231236428376,retain,ret_000,M_gd_s2
0,-13,random_position,15.985485076904297,3.6970672607421875,15.913658142089844,0.005845092174517708,retain,ret_000,M_gd_s2
1,-6,real,15.985485076904297,3.6970672607421875,17.75925064086914,-0.14434450313301783,retain,ret_000,M_gd_s2
1,-5,real,15.985485076904297,3.6970672607421875,15.011215209960938,0.07928358894681864,retain,ret_000,M_gd_s2
1,-4,real,15.985485076904297,3.6970672607421875,16.000646591186523,-0.001233805239132223,retain,ret_000,M_gd_s2
1,-3,real,15.985485076904297,3.6970672607421875,16.018693923950195,-0.0027024510024570556,retain,ret_000,M_gd_s2
1,-2,real,15.985485076904297,3.6970672607421875,15.867193222045898,0.009626288479776242,retain,ret_000,M_gd_s2
1,-1,real,15.985485076904297,3.6970672607421875,15.860528945922852,0.010168610219055144,retain,ret_000,M_gd_s2
1,-3,random_position,15.985485076904297,3.6970672607421875,16.018693923950195,-0.0027024510024570556,retain,ret_000,M_gd_s2
2,-6,real,15.985485076904297,3.6970672607421875,17.57798194885254,-0.1295933207816014,retain,ret_000,M_gd_s2
2,-5,real,15.985485076904297,3.6970672607421875,15.30886459350586,0.055061643697411164,retain,ret_000,M_gd_s2
2,-4,real,15.985485076904297,3.6970672607421875,15.479316711425781,0.04119068647005046,retain,ret_000,M_gd_s2
2,-3,real,15.985485076904297,3.6970672607421875,16.05965805053711,-0.006036006810840847,retain,ret_000,M_gd_s2
2,-2,real,15.985485076904297,3.6970672607421875,15.788997650146484,0.015989644045093107,retain,ret_000,M_gd_s2
2,-1,real,15.985485076904297,3.6970672607421875,15.650894165039062,0.02722815230331524,retain,ret_000,M_gd_s2
2,-9,random_position,15.985485076904297,3.6970672607421875,15.890323638916016,0.007743994337751274,retain,ret_000,M_gd_s2
3,-6,real,15.985485076904297,3.6970672607421875,17.705047607421875,-0.1399335989581959,retain,ret_000,M_gd_s2
3,-5,real,15.985485076904297,3.6970672607421875,15.757320404052734,0.018567457280909933,retain,ret_000,M_gd_s2
3,-4,real,15.985485076904297,3.6970672607421875,13.634410858154297,0.1913244043230524,retain,ret_000,M_gd_s2
3,-3,real,15.985485076904297,3.6970672607421875,16.01691246032715,-0.0025574800509726558,retain,ret_000,M_gd_s2
3,-2,real,15.985485076904297,3.6970672607421875,15.832710266113281,0.012432423203423425,retain,ret_000,M_gd_s2
3,-1,real,15.985485076904297,3.6970672607421875,15.264705657958984,0.058655184884527686,retain,ret_000,M_gd_s2
3,-13,random_position,15.985485076904297,3.6970672607421875,15.935554504394531,0.0040632222355017405,retain,ret_000,M_gd_s2
4,-6,real,15.985485076904297,3.6970672607421875,18.929306030273438,-0.23956061694918412,retain,ret_000,M_gd_s2
4,-5,real,15.985485076904297,3.6970672607421875,15.563880920410156,0.03430906751393444,retain,ret_000,M_gd_s2
4,-4,real,15.985485076904297,3.6970672607421875,11.634422302246094,0.35407835571277124,retain,ret_000,M_gd_s2
4,-3,real,15.985485076904297,3.6970672607421875,15.96290397644043,0.0018375921783980865,retain,ret_000,M_gd_s2
4,-2,real,15.985485076904297,3.6970672607421875,15.852691650390625,0.010806389276495614,retain,ret_000,M_gd_s2
4,-1,real,15.985485076904297,3.6970672607421875,14.828840255737305,0.09412479608609474,retain,ret_000,M_gd_s2
4,-10,random_position,15.985485076904297,3.6970672607421875,15.987743377685547,-0.00018377473935495686,retain,ret_000,M_gd_s2
5,-6,real,15.985485076904297,3.6970672607421875,19.502849578857422,-0.2862341234301928,retain,ret_000,M_gd_s2
5,-5,real,15.985485076904297,3.6970672607421875,16.067296981811523,-0.006657643492527166,retain,ret_000,M_gd_s2
5,-4,real,15.985485076904297,3.6970672607421875,8.667221069335938,0.5955415999888245,retain,ret_000,M_gd_s2
5,-3,real,15.985485076904297,3.6970672607421875,15.779647827148438,0.01675050871765898,retain,ret_000,M_gd_s2
5,-2,real,15.985485076904297,3.6970672607421875,15.8792724609375,0.008643310925439298,retain,ret_000,M_gd_s2
5,-1,real,15.985485076904297,3.6970672607421875,13.820226669311523,0.17620318905050236,retain,ret_000,M_gd_s2
5,-12,random_position,15.985485076904297,3.6970672607421875,15.947759628295898,0.00307000048116697,retain,ret_000,M_gd_s2
6,-6,real,15.985485076904297,3.6970672607421875,20.894668579101562,-0.39949679247889464,retain,ret_000,M_gd_s2
6,-5,real,15.985485076904297,3.6970672607421875,15.804988861083984,0.014688320215066114,retain,ret_000,M_gd_s2
6,-4,real,15.985485076904297,3.6970672607421875,8.644330978393555,0.5974043370217628,retain,ret_000,M_gd_s2
6,-3,real,15.985485076904297,3.6970672607421875,15.639007568359375,0.028195453127352478,retain,ret_000,M_gd_s2
6,-2,real,15.985485076904297,3.6970672607421875,15.812164306640625,0.014104400815189976,retain,ret_000,M_gd_s2
6,-1,real,15.985485076904297,3.6970672607421875,10.745304107666016,0.42643251943681737,retain,ret_000,M_gd_s2
6,-2,random_position,15.985485076904297,3.6970672607421875,15.812164306640625,0.014104400815189976,retain,ret_000,M_gd_s2
7,-6,real,15.985485076904297,3.6970672607421875,22.590923309326172,-0.5375336622859777,retain,ret_000,M_gd_s2
7,-5,real,15.985485076904297,3.6970672607421875,15.666423797607422,0.02596439053994695,retain,ret_000,M_gd_s2
7,-4,real,15.985485076904297,3.6970672607421875,8.675615310668945,0.5948584981071512,retain,ret_000,M_gd_s2
7,-3,real,15.985485076904297,3.6970672607421875,15.714912414550781,0.02201851095896577,retain,ret_000,M_gd_s2
7,-2,real,15.985485076904297,3.6970672607421875,15.656160354614258,0.026799603270072813,retain,ret_000,M_gd_s2
7,-1,real,15.985485076904297,3.6970672607421875,8.771045684814453,0.587092618433041,retain,ret_000,M_gd_s2
7,-8,random_position,15.985485076904297,3.6970672607421875,15.95887565612793,0.00216540657832855,retain,ret_000,M_gd_s2
8,-6,real,15.985485076904297,3.6970672607421875,24.157543182373047,-0.6650211791074198,retain,ret_000,M_gd_s2
8,-5,real,15.985485076904297,3.6970672607421875,15.680206298828125,0.024842805855336374,retain,ret_000,M_gd_s2
8,-4,real,15.985485076904297,3.6970672607421875,8.290901184082031,0.6261655493762679,retain,ret_000,M_gd_s2
8,-3,real,15.985485076904297,3.6970672607421875,15.663921356201172,0.02616803281869163,retain,ret_000,M_gd_s2
8,-2,real,15.985485076904297,3.6970672607421875,15.527366638183594,0.03728050637391019,retain,ret_000,M_gd_s2
8,-1,real,15.985485076904297,3.6970672607421875,7.5977783203125,0.6825701145643033,retain,ret_000,M_gd_s2
8,-5,random_position,15.985485076904297,3.6970672607421875,15.680206298828125,0.024842805855336374,retain,ret_000,M_gd_s2
9,-6,real,15.985485076904297,3.6970672607421875,19.284568786621094,-0.26847099106426375,retain,ret_000,M_gd_s2
9,-5,real,15.985485076904297,3.6970672607421875,16.009798049926758,-0.001978527535943949,retain,ret_000,M_gd_s2
9,-4,real,15.985485076904297,3.6970672607421875,14.117242813110352,0.15203277523138697,retain,ret_000,M_gd_s2
9,-3,real,15.985485076904297,3.6970672607421875,15.904560089111328,0.006585468447087931,retain,ret_000,M_gd_s2
9,-2,real,15.985485076904297,3.6970672607421875,15.462532043457031,0.04255657980309406,retain,ret_000,M_gd_s2
9,-1,real,15.985485076904297,3.6970672607421875,6.639720916748047,0.760534374723523,retain,ret_000,M_gd_s2
9,-12,random_position,15.985485076904297,3.6970672607421875,15.986309051513672,-6.705294544032211e-05,retain,ret_000,M_gd_s2
10,-6,real,15.985485076904297,3.6970672607421875,15.950313568115234,0.0028621673933322675,retain,ret_000,M_gd_s2
10,-5,real,15.985485076904297,3.6970672607421875,16.145177841186523,-0.012995388557849463,retain,ret_000,M_gd_s2
10,-4,real,15.985485076904297,3.6970672607421875,16.386734008789062,-0.03265261141731611,retain,ret_000,M_gd_s2
10,-3,real,15.985485076904297,3.6970672607421875,16.08203125,-0.007856680537727371,retain,ret_000,M_gd_s2
10,-2,real,15.985485076904297,3.6970672607421875,15.302087783813477,0.055613123130627516,retain,ret_000,M_gd_s2
10,-1,real,15.985485076904297,3.6970672607421875,6.711723327636719,0.7546750027550689,retain,ret_000,M_gd_s2
10,-6,random_position,15.985485076904297,3.6970672607421875,15.950313568115234,0.0028621673933322675,retain,ret_000,M_gd_s2
11,-6,real,15.985485076904297,3.6970672607421875,15.985485076904297,-0.0,retain,ret_000,M_gd_s2
11,-5,real,15.985485076904297,3.6970672607421875,15.985485076904297,-0.0,retain,ret_000,M_gd_s2
11,-4,real,15.985485076904297,3.6970672607421875,15.985485076904297,-0.0,retain,ret_000,M_gd_s2
11,-3,real,15.985485076904297,3.6970672607421875,15.985485076904297,-0.0,retain,ret_000,M_gd_s2
11,-2,real,15.985485076904297,3.6970672607421875,15.985485076904297,-0.0,retain,ret_000,M_gd_s2
11,-1,real,15.985485076904297,3.6970672607421875,4.273832321166992,0.9530643351281378,retain,ret_000,M_gd_s2
11,-6,random_position,15.985485076904297,3.6970672607421875,15.985485076904297,-0.0,retain,ret_000,M_gd_s2
0,-6,real,12.687200546264648,3.6029911041259766,12.081315994262695,0.06669645342955802,retain,ret_000,M_gd_s2
0,-5,real,12.687200546264648,3.6029911041259766,12.707799911499023,-0.0022676013103376164,retain,ret_000,M_gd_s2
0,-4,real,12.687200546264648,3.6029911041259766,12.664953231811523,0.0024490094151646256,retain,ret_000,M_gd_s2
0,-3,real,12.687200546264648,3.6029911041259766,12.705795288085938,-0.0020469301087482797,retain,ret_000,M_gd_s2
0,-2,real,12.687200546264648,3.6029911041259766,12.61143684387207,0.008340153634188037,retain,ret_000,M_gd_s2
0,-1,real,12.687200546264648,3.6029911041259766,12.712121963500977,-0.002743377659339935,retain,ret_000,M_gd_s2
0,-11,random_position,12.687200546264648,3.6029911041259766,12.541227340698242,0.016068894766922078,retain,ret_000,M_gd_s2
1,-6,real,12.687200546264648,3.6029911041259766,11.541301727294922,0.12614183174314292,retain,ret_000,M_gd_s2
1,-5,real,12.687200546264648,3.6029911041259766,12.8292236328125,-0.015634061219356413,retain,ret_000,M_gd_s2
1,-4,real,12.687200546264648,3.6029911041259766,12.768898010253906,-0.008993348789415845,retain,ret_000,M_gd_s2
1,-3,real,12.687200546264648,3.6029911041259766,12.678974151611328,0.0009055707825450129,retain,ret_000,M_gd_s2
1,-2,real,12.687200546264648,3.6029911041259766,12.652976989746094,0.003767367621424801,retain,ret_000,M_gd_s2
1,-1,real,12.687200546264648,3.6029911041259766,12.532859802246094,0.016990002817704592,retain,ret_000,M_gd_s2
1,-3,random_position,12.687200546264648,3.6029911041259766,12.678974151611328,0.0009055707825450129,retain,ret_000,M_gd_s2
2,-6,real,12.687200546264648,3.6029911041259766,11.667587280273438,0.1122401759322676,retain,ret_000,M_gd_s2
2,-5,real,12.687200546264648,3.6029911041259766,12.256675720214844,0.04739265742297189,retain,ret_000,M_gd_s2
2,-4,real,12.687200546264648,3.6029911041259766,12.867454528808594,-0.019842561280875595,retain,ret_000,M_gd_s2
2,-3,real,12.687200546264648,3.6029911041259766,12.615718841552734,0.00786878650995582,retain,ret_000,M_gd_s2
2,-2,real,12.687200546264648,3.6029911041259766,12.538991928100586,0.01631497150171057,retain,ret_000,M_gd_s2
2,-1,real,12.687200546264648,3.6029911041259766,12.405559539794922,0.03100335898942248,retain,ret_000,M_gd_s2
2,-8,random_position,12.687200546264648,3.6029911041259766,12.278188705444336,0.04502448379525912,retain,ret_000,M_gd_s2
3,-6,real,12.687200546264648,3.6029911041259766,12.229742050170898,0.05035754613623833,retain,ret_000,M_gd_s2
3,-5,real,12.687200546264648,3.6029911041259766,10.306253433227539,0.26209733804602475,retain,ret_000,M_gd_s2
3,-4,real,12.687200546264648,3.6029911041259766,12.964881896972656,-0.03056747562643536,retain,ret_000,M_gd_s2
3,-3,real,12.687200546264648,3.6029911041259766,12.55001449584961,0.015101594837595654,retain,ret_000,M_gd_s2
3,-2,real,12.687200546264648,3.6029911041259766,12.416788101196289,0.02976730631220419,retain,ret_000,M_gd_s2
3,-1,real,12.687200546264648,3.6029911041259766,12.052932739257812,0.06982091408688525,retain,ret_000,M_gd_s2
3,-11,random_position,12.687200546264648,3.6029911041259766,12.688764572143555,-0.00017216972911822644,retain,ret_000,M_gd_s2
4,-6,real,12.687200546264648,3.6029911041259766,12.085653305053711,0.06621899737588137,retain,ret_000,M_gd_s2
4,-5,real,12.687200546264648,3.6029911041259766,8.792535781860352,0.42872908085300443,retain,ret_000,M_gd_s2
4,-4,real,12.687200546264648,3.6029911041259766,12.944475173950195,-0.028321080587611087,retain,ret_000,M_gd_s2
4,-3,real,12.687200546264648,3.6029911041259766,12.431686401367188,0.028127284660810936,retain,ret_000,M_gd_s2
4,-2,real,12.687200546264648,3.6029911041259766,12.222043991088867,0.05120495714443486,retain,ret_000,M_gd_s2
4,-1,real,12.687200546264648,3.6029911041259766,11.486467361450195,0.13217806045341107,retain,ret_000,M_gd_s2
4,-8,random_position,12.687200546264648,3.6029911041259766,12.803348541259766,-0.012785702017871218,retain,ret_000,M_gd_s2
5,-6,real,12.687200546264648,3.6029911041259766,12.485607147216797,0.022191628267917936,retain,ret_000,M_gd_s2
5,-5,real,12.687200546264648,3.6029911041259766,6.420137405395508,0.6898853643552391,retain,ret_000,M_gd_s2
5,-4,real,12.687200546264648,3.6029911041259766,12.792877197265625,-0.011633004685116263,retain,ret_000,M_gd_s2
5,-3,real,12.687200546264648,3.6029911041259766,12.493659973144531,0.021305164126043358,retain,ret_000,M_gd_s2
5,-2,real,12.687200546264648,3.6029911041259766,12.067153930664062,0.06825542933041513,retain,ret_000,M_gd_s2
5,-1,real,12.687200546264648,3.6029911041259766,10.24789047241211,0.26852199846223035,retain,ret_000,M_gd_s2
5,-10,random_position,12.687200546264648,3.6029911041259766,12.732551574707031,-0.004992292255175695,retain,ret_000,M_gd_s2
6,-6,real,12.687200546264648,3.6029911041259766,12.20880126953125,0.05266273083866395,retain,ret_000,M_gd_s2
6,-5,real,12.687200546264648,3.6029911041259766,6.710065841674805,0.6579697157645743,retain,ret_000,M_gd_s2
6,-4,real,12.687200546264648,3.6029911041259766,12.62424087524414,0.006930671449345776,retain,ret_000,M_gd_s2
6,-3,real,12.687200546264648,3.6029911041259766,12.570804595947266,0.012812997218828986,retain,ret_000,M_gd_s2
6,-2,real,12.687200546264648,3.6029911041259766,12.221673965454102,0.051245689982787224,retain,ret_000,M_gd_s2
6,-1,real,12.687200546264648,3.6029911041259766,5.7615814208984375,0.7623799483574798,retain,ret_000,M_gd_s2
6,-2,random_position,12.687200546264648,3.6029911041259766,12.221673965454102,0.051245689982787224,retain,ret_000,M_gd_s2
7,-6,real,12.687200546264648,3.6029911041259766,12.381437301635742,0.03365876211644469,retain,ret_000,M_gd_s2
7,-5,real,12.687200546264648,3.6029911041259766,6.87847900390625,0.6394306053109742,retain,ret_000,M_gd_s2
7,-4,real,12.687200546264648,3.6029911041259766,12.513795852661133,0.01908858384518834,retain,ret_000,M_gd_s2
7,-3,real,12.687200546264648,3.6029911041259766,12.625619888305664,0.00677886813940373,retain,ret_000,M_gd_s2
7,-2,real,12.687200546264648,3.6029911041259766,12.197565078735352,0.0538996233682194,retain,ret_000,M_gd_s2
7,-1,real,12.687200546264648,3.6029911041259766,4.104103088378906,0.9448370287536045,retain,ret_000,M_gd_s2
7,-7,random_position,12.687200546264648,3.6029911041259766,21.672374725341797,-0.9890980867743834,retain,ret_000,M_gd_s2
8,-6,real,12.687200546264648,3.6029911041259766,12.596004486083984,0.010038964949182634,retain,ret_000,M_gd_s2
8,-5,real,12.687200546264648,3.6029911041259766,6.586687088012695,0.6715513878349908,retain,ret_000,M_gd_s2
8,-4,real,12.687200546264648,3.6029911041259766,12.316791534423828,0.04077504093230328,retain,ret_000,M_gd_s2
8,-3,real,12.687200546264648,3.6029911041259766,12.560665130615234,0.01392916097491739,retain,ret_000,M_gd_s2
8,-2,real,12.687200546264648,3.6029911041259766,12.41579818725586,0.029876277152950968,retain,ret_000,M_gd_s2
8,-1,real,12.687200546264648,3.6029911041259766,4.009250640869141,0.9552784929353721,retain,ret_000,M_gd_s2
8,-5,random_position,12.687200546264648,3.6029911041259766,6.586687088012695,0.6715513878349908,retain,ret_000,M_gd_s2
9,-6,real,12.687200546264648,3.6029911041259766,12.80851936340332,-0.013354911939382817,retain,ret_000,M_gd_s2
9,-5,real,12.687200546264648,3.6029911041259766,11.140186309814453,0.17029706836943928,retain,ret_000,M_gd_s2
9,-4,real,12.687200546264648,3.6029911041259766,12.924970626831055,-0.02617399808765623,retain,ret_000,M_gd_s2
9,-3,real,12.687200546264648,3.6029911041259766,12.550148010253906,0.015086897421695318,retain,ret_000,M_gd_s2
9,-2,real,12.687200546264648,3.6029911041259766,12.548919677734375,0.015222113647978413,retain,ret_000,M_gd_s2
9,-1,real,12.687200546264648,3.6029911041259766,4.105678558349609,0.9446635992459805,retain,ret_000,M_gd_s2
9,-10,random_position,12.687200546264648,3.6029911041259766,12.67198371887207,0.001675085486469769,retain,ret_000,M_gd_s2
10,-6,real,12.687200546264648,3.6029911041259766,12.899955749511719,-0.023420332237186058,retain,ret_000,M_gd_s2
10,-5,real,12.687200546264648,3.6029911041259766,13.236291885375977,-0.06044459263172349,retain,ret_000,M_gd_s2
10,-4,real,12.687200546264648,3.6029911041259766,13.406259536743164,-0.07915482299902031,retain,ret_000,M_gd_s2
10,-3,real,12.687200546264648,3.6029911041259766,12.641944885253906,0.0049817941009611694,retain,ret_000,M_gd_s2
10,-2,real,12.687200546264648,3.6029911041259766,12.501592636108398,0.020431927658479086,retain,ret_000,M_gd_s2
10,-1,real,12.687200546264648,3.6029911041259766,5.6981201171875,0.769365840097994,retain,ret_000,M_gd_s2
10,-5,random_position,12.687200546264648,3.6029911041259766,13.236291885375977,-0.06044459263172349,retain,ret_000,M_gd_s2
11,-6,real,12.687200546264648,3.6029911041259766,12.687200546264648,-0.0,retain,ret_000,M_gd_s2
11,-5,real,12.687200546264648,3.6029911041259766,12.687200546264648,-0.0,retain,ret_000,M_gd_s2
11,-4,real,12.687200546264648,3.6029911041259766,12.687200546264648,-0.0,retain,ret_000,M_gd_s2
11,-3,real,12.687200546264648,3.6029911041259766,12.687200546264648,-0.0,retain,ret_000,M_gd_s2
11,-2,real,12.687200546264648,3.6029911041259766,12.687200546264648,-0.0,retain,ret_000,M_gd_s2
11,-1,real,12.687200546264648,3.6029911041259766,4.125608444213867,0.942469694978229,retain,ret_000,M_gd_s2
11,-6,random_position,12.687200546264648,3.6029911041259766,12.687200546264648,-0.0,retain,ret_000,M_gd_s2
0,-6,real,14.941410064697266,6.728273391723633,14.976972579956055,-0.004329955372082389,retain,ret_001,M_gd_s2
0,-5,real,14.941410064697266,6.728273391723633,14.951343536376953,-0.0012094613879219676,retain,ret_001,M_gd_s2
0,-4,real,14.941410064697266,6.728273391723633,14.926477432250977,0.0018181400165209454,retain,ret_001,M_gd_s2
0,-3,real,14.941410064697266,6.728273391723633,14.923965454101562,0.0021239888352408438,retain,ret_001,M_gd_s2
0,-2,real,14.941410064697266,6.728273391723633,14.957189559936523,-0.0019212507800073803,retain,ret_001,M_gd_s2
0,-1,real,14.941410064697266,6.728273391723633,14.942960739135742,-0.00018880416827583708,retain,ret_001,M_gd_s2
0,-15,random_position,14.941410064697266,6.728273391723633,14.937314987182617,0.0004986009216337297,retain,ret_001,M_gd_s2
1,-6,real,14.941410064697266,6.728273391723633,15.041980743408203,-0.012245099858362038,retain,ret_001,M_gd_s2
1,-5,real,14.941410064697266,6.728273391723633,14.984233856201172,-0.005214060499543782,retain,ret_001,M_gd_s2
1,-4,real,14.941410064697266,6.728273391723633,14.906150817871094,0.004293030571644679,retain,ret_001,M_gd_s2
1,-3,real,14.941410064697266,6.728273391723633,14.926115036010742,0.001862263991886762,retain,ret_001,M_gd_s2
1,-2,real,14.941410064697266,6.728273391723633,14.968301773071289,-0.0032742312035928993,retain,ret_001,M_gd_s2
1,-1,real,14.941410064697266,6.728273391723633,14.914773941040039,0.0032431121893875337,retain,ret_001,M_gd_s2
1,-3,random_position,14.941410064697266,6.728273391723633,14.926115036010742,0.001862263991886762,retain,ret_001,M_gd_s2
2,-6,real,14.941410064697266,6.728273391723633,15.035799026489258,-0.011492437731200922,retain,ret_001,M_gd_s2
2,-5,real,14.941410064697266,6.728273391723633,15.011310577392578,-0.008510818153718177,retain,ret_001,M_gd_s2
2,-4,real,14.941410064697266,6.728273391723633,14.949592590332031,-0.0009962729174702843,retain,ret_001,M_gd_s2
2,-3,real,14.941410064697266,6.728273391723633,14.914731979370117,0.0032482212812719965,retain,ret_001,M_gd_s2
2,-2,real,14.941410064697266,6.728273391723633,14.994707107543945,-0.006489243387615886,retain,ret_001,M_gd_s2
2,-1,real,14.941410064697266,6.728273391723633,14.900583267211914,0.004970914172133202,retain,ret_001,M_gd_s2
2,-10,random_position,14.941410064697266,6.728273391723633,15.648027420043945,-0.08603501725131321,retain,ret_001,M_gd_s2
3,-6,real,14.941410064697266,6.728273391723633,15.026174545288086,-0.010320597838064546,retain,ret_001,M_gd_s2
3,-5,real,14.941410064697266,6.728273391723633,15.004615783691406,-0.007695685766697035,retain,ret_001,M_gd_s2
3,-4,real,14.941410064697266,6.728273391723633,14.926254272460938,0.0018453110960883166,retain,ret_001,M_gd_s2
3,-3,real,14.941410064697266,6.728273391723633,14.910463333129883,0.0037679552647914595,retain,ret_001,M_gd_s2
3,-2,real,14.941410064697266,6.728273391723633,14.99399185180664,-0.006402156594130722,retain,ret_001,M_gd_s2
3,-1,real,14.941410064697266,6.728273391723633,14.982999801635742,-0.005063806751850711,retain,ret_001,M_gd_s2
3,-15,random_position,14.941410064697266,6.728273391723633,14.898147583007812,0.005267473732881349,retain,ret_001,M_gd_s2
4,-6,real,14.941410064697266,6.728273391723633,14.962495803833008,-0.0025673186719426555,retain,ret_001,M_gd_s2
4,-5,real,14.941410064697266,6.728273391723633,15.007331848144531,-0.008026383350491367,retain,ret_001,M_gd_s2
4,-4,real,14.941410064697266,6.728273391723633,14.922416687011719,0.002312560772067387,retain,ret_001,M_gd_s2
4,-3,real,14.941410064697266,6.728273391723633,14.901525497436523,0.004856191836182078,retain,ret_001,M_gd_s2
4,-2,real,14.941410064697266,6.728273391723633,14.992971420288086,-0.006277912768758553,retain,ret_001,M_gd_s2
4,-1,real,14.941410064697266,6.728273391723633,15.111335754394531,-0.020689499817582196,retain,ret_001,M_gd_s2
4,-11,random_position,14.941410064697266,6.728273391723633,12.507841110229492,0.29630201607088075,retain,ret_001,M_gd_s2
5,-6,real,14.941410064697266,6.728273391723633,14.94784927368164,-0.0007840133728157762,retain,ret_001,M_gd_s2
5,-5,real,14.941410064697266,6.728273391723633,14.964498519897461,-0.002811161693701117,retain,ret_001,M_gd_s2
5,-4,real,14.941410064697266,6.728273391723633,14.902067184448242,0.004790238104582647,retain,ret_001,M_gd_s2
5,-3,real,14.941410064697266,6.728273391723633,14.873918533325195,0.008217509833260141,retain,ret_001,M_gd_s2
5,-2,real,14.941410064697266,6.728273391723633,15.068376541137695,-0.015458950885138557,retain,ret_001,M_gd_s2
5,-1,real,14.941410064697266,6.728273391723633,15.232135772705078,-0.03539764642715399,retain,ret_001,M_gd_s2
5,-13,random_position,14.941410064697266,6.728273391723633,14.984991073608398,-0.005306256384913409,retain,ret_001,M_gd_s2
6,-6,real,14.941410064697266,6.728273391723633,14.999641418457031,-0.007090026146938876,retain,ret_001,M_gd_s2
6,-5,real,14.941410064697266,6.728273391723633,14.964351654052734,-0.0027932798721054964,retain,ret_001,M_gd_s2
6,-4,real,14.941410064697266,6.728273391723633,14.825752258300781,0.01408205062227578,retain,ret_001,M_gd_s2
6,-3,real,14.941410064697266,6.728273391723633,14.860469818115234,0.009854973782230532,retain,ret_001,M_gd_s2
6,-2,real,14.941410064697266,6.728273391723633,15.0062255859375,-0.00789168910990098,retain,ret_001,M_gd_s2
6,-1,real,14.941410064697266,6.728273391723633,15.822025299072266,-0.1072203312131376,retain,ret_001,M_gd_s2
6,-2,random_position,14.941410064697266,6.728273391723633,15.0062255859375,-0.00789168910990098,retain,ret_001,M_gd_s2
7,-6,real,14.941410064697266,6.728273391723633,15.001029968261719,-0.0072590906420247426,retain,ret_001,M_gd_s2
7,-5,real,14.941410064697266,6.728273391723633,14.944143295288086,-0.0003327876668379761,retain,ret_001,M_gd_s2
7,-4,real,14.941410064697266,6.728273391723633,14.806682586669922,0.016403900652314916,retain,ret_001,M_gd_s2
7,-3,real,14.941410064697266,6.728273391723633,14.840909957885742,0.01223650729473817,retain,ret_001,M_gd_s2
7,-2,real,14.941410064697266,6.728273391723633,14.994003295898438,-0.006403549982826484,retain,ret_001,M_gd_s2
7,-1,real,14.941410064697266,6.728273391723633,15.68850326538086,-0.09096320083677636,retain,ret_001,M_gd_s2
7,-9,random_position,14.941410064697266,6.728273391723633,14.578998565673828,0.044125833217411134,retain,ret_001,M_gd_s2
8,-6,real,14.941410064697266,6.728273391723633,14.911018371582031,0.003700375913046972,retain,ret_001,M_gd_s2
8,-5,real,14.941410064697266,6.728273391723633,14.917293548583984,0.00293633444487046,retain,ret_001,M_gd_s2
8,-4,real,14.941410064697266,6.728273391723633,14.784265518188477,0.019133316875864628,retain,ret_001,M_gd_s2
8,-3,real,14.941410064697266,6.728273391723633,14.90903091430664,0.003942361083211083,retain,ret_001,M_gd_s2
8,-2,real,14.941410064697266,6.728273391723633,15.099231719970703,-0.019215759040363916,retain,ret_001,M_gd_s2
8,-1,real,14.941410064697266,6.728273391723633,15.545915603637695,-0.07360227438192181,retain,ret_001,M_gd_s2
8,-6,random_position,14.941410064697266,6.728273391723633,14.911018371582031,0.003700375913046972,retain,ret_001,M_gd_s2
9,-6,real,14.941410064697266,6.728273391723633,14.970020294189453,-0.003483471739406588,retain,ret_001,M_gd_s2
9,-5,real,14.941410064697266,6.728273391723633,14.964469909667969,-0.00280767822196171,retain,ret_001,M_gd_s2
9,-4,real,14.941410064697266,6.728273391723633,14.89039421081543,0.006211494574260535,retain,ret_001,M_gd_s2
9,-3,real,14.941410064697266,6.728273391723633,14.944877624511719,-0.0004221967748160785,retain,ret_001,M_gd_s2
9,-2,real,14.941410064697266,6.728273391723633,15.075353622436523,-0.01630845352665518,retain,ret_001,M_gd_s2
9,-1,real,14.941410064697266,6.728273391723633,15.464422225952148,-0.06367995347939608,retain,ret_001,M_gd_s2
9,-14,random_position,14.941410064697266,6.728273391723633,14.939870834350586,0.00018741077958007445,retain,ret_001,M_gd_s2
10,-6,real,14.941410064697266,6.728273391723633,15.030467987060547,-0.010843350830424828,retain,ret_001,M_gd_s2
10,-5,real,14.941410064697266,6.728273391723633,14.85866928100586,0.010074200270363853,retain,ret_001,M_gd_s2
10,-4,real,14.941410064697266,6.728273391723633,14.877437591552734,0.007789042809313132,retain,ret_001,M_gd_s2
10,-3,real,14.941410064697266,6.728273391723633,14.933219909667969,0.0009972018432674594,retain,ret_001,M_gd_s2
10,-2,real,14.941410064697266,6.728273391723633,14.901437759399414,0.004866874482849591,retain,ret_001,M_gd_s2
10,-1,real,14.941410064697266,6.728273391723633,13.384590148925781,0.18955241800546163,retain,ret_001,M_gd_s2
10,-7,random_position,14.941410064697266,6.728273391723633,14.809503555297852,0.01606043033880943,retain,ret_001,M_gd_s2
11,-6,real,14.941410064697266,6.728273391723633,14.941410064697266,-0.0,retain,ret_001,M_gd_s2
11,-5,real,14.941410064697266,6.728273391723633,14.941410064697266,-0.0,retain,ret_001,M_gd_s2
11,-4,real,14.941410064697266,6.728273391723633,14.941410064697266,-0.0,retain,ret_001,M_gd_s2
11,-3,real,14.941410064697266,6.728273391723633,14.941410064697266,-0.0,retain,ret_001,M_gd_s2
11,-2,real,14.941410064697266,6.728273391723633,14.941410064697266,-0.0,retain,ret_001,M_gd_s2
11,-1,real,14.941410064697266,6.728273391723633,6.801149368286133,0.9911269007853836,retain,ret_001,M_gd_s2
11,-7,random_position,14.941410064697266,6.728273391723633,14.941410064697266,-0.0,retain,ret_001,M_gd_s2
0,-6,real,15.111000061035156,6.981222152709961,14.927574157714844,0.022562228069290497,retain,ret_001,M_gd_s2
0,-5,real,15.111000061035156,6.981222152709961,15.147029876708984,-0.004431832711805356,retain,ret_001,M_gd_s2
0,-4,real,15.111000061035156,6.981222152709961,15.033287048339844,0.009559057279502245,retain,ret_001,M_gd_s2
0,-3,real,15.111000061035156,6.981222152709961,15.146501541137695,-0.004366845011372847,retain,ret_001,M_gd_s2
0,-2,real,15.111000061035156,6.981222152709961,15.107868194580078,0.0003852339498562411,retain,ret_001,M_gd_s2
0,-1,real,15.111000061035156,6.981222152709961,15.193649291992188,-0.010166234783904165,retain,ret_001,M_gd_s2
0,-12,random_position,15.111000061035156,6.981222152709961,15.131172180175781,-0.002481263248282342,retain,ret_001,M_gd_s2
1,-6,real,15.111000061035156,6.981222152709961,15.059976577758789,0.00627612265079434,retain,ret_001,M_gd_s2
1,-5,real,15.111000061035156,6.981222152709961,15.105859756469727,0.0006322810565545492,retain,ret_001,M_gd_s2
1,-4,real,15.111000061035156,6.981222152709961,15.049297332763672,0.007589718805023995,retain,ret_001,M_gd_s2
1,-3,real,15.111000061035156,6.981222152709961,15.205265045166016,-0.011595025742871589,retain,ret_001,M_gd_s2
1,-2,real,15.111000061035156,6.981222152709961,15.113479614257812,-0.0003049964280226026,retain,ret_001,M_gd_s2
1,-1,real,15.111000061035156,6.981222152709961,15.29749870300293,-0.022940189027401584,retain,ret_001,M_gd_s2
1,-3,random_position,15.111000061035156,6.981222152709961,15.205265045166016,-0.011595025742871589,retain,ret_001,M_gd_s2
2,-6,real,15.111000061035156,6.981222152709961,15.0718994140625,0.004809559057279502,retain,ret_001,M_gd_s2
2,-5,real,15.111000061035156,6.981222152709961,15.18997573852539,-0.009714370845156833,retain,ret_001,M_gd_s2
2,-4,real,15.111000061035156,6.981222152709961,16.04339027404785,-0.11468827605461313,retain,ret_001,M_gd_s2
2,-3,real,15.111000061035156,6.981222152709961,15.259475708007812,-0.018263186109993442,retain,ret_001,M_gd_s2
2,-2,real,15.111000061035156,6.981222152709961,15.158836364746094,-0.0058840849344668255,retain,ret_001,M_gd_s2
2,-1,real,15.111000061035156,6.981222152709961,15.432563781738281,-0.039553813687066626,retain,ret_001,M_gd_s2
2,-8,random_position,15.111000061035156,6.981222152709961,14.577817916870117,0.06558385114297412,retain,ret_001,M_gd_s2
3,-6,real,15.111000061035156,6.981222152709961,14.998441696166992,0.013845195543767574,retain,ret_001,M_gd_s2
3,-5,real,15.111000061035156,6.981222152709961,15.406970977783203,-0.036405781324599484,retain,ret_001,M_gd_s2
3,-4,real,15.111000061035156,6.981222152709961,16.061100006103516,-0.11686665438860533,retain,ret_001,M_gd_s2
3,-3,real,15.111000061035156,6.981222152709961,15.155319213867188,-0.00545145923194861,retain,ret_001,M_gd_s2
3,-2,real,15.111000061035156,6.981222152709961,15.206707000732422,-0.011772392896398578,retain,ret_001,M_gd_s2
3,-1,real,15.111000061035156,6.981222152709961,15.685262680053711,-0.07063693811739782,retain,ret_001,M_gd_s2
3,-12,random_position,15.111000061035156,6.981222152709961,15.05449104309082,0.006950868594635113,retain,ret_001,M_gd_s2
4,-6,real,15.111000061035156,6.981222152709961,15.034008026123047,0.00947037370273875,retain,ret_001,M_gd_s2
4,-5,real,15.111000061035156,6.981222152709961,15.523582458496094,-0.05074952872186555,retain,ret_001,M_gd_s2
4,-4,real,15.111000061035156,6.981222152709961,16.045347213745117,-0.11492898862011404,retain,ret_001,M_gd_s2
4,-3,real,15.111000061035156,6.981222152709961,15.099983215332031,0.0013551225909681174,retain,ret_001,M_gd_s2
4,-2,real,15.111000061035156,6.981222152709961,15.160362243652344,-0.006071775044019196,retain,ret_001,M_gd_s2
4,-1,real,15.111000061035156,6.981222152709961,15.863510131835938,-0.09256219287739495,retain,ret_001,M_gd_s2
4,-9,random_position,15.111000061035156,6.981222152709961,15.049041748046875,0.007621156898374017,retain,ret_001,M_gd_s2
5,-6,real,15.111000061035156,6.981222152709961,14.98287582397461,0.015759869273838698,retain,ret_001,M_gd_s2
5,-5,real,15.111000061035156,6.981222152709961,15.52200698852539,-0.050555738683752724,retain,ret_001,M_gd_s2
5,-4,real,15.111000061035156,6.981222152709961,16.327564239501953,-0.14964297821973585,retain,ret_001,M_gd_s2
5,-3,real,15.111000061035156,6.981222152709961,15.049564361572266,0.00755687303585233,retain,ret_001,M_gd_s2
5,-2,real,15.111000061035156,6.981222152709961,15.141340255737305,-0.0037319832158119533,retain,ret_001,M_gd_s2
5,-1,real,15.111000061035156,6.981222152709961,15.876483917236328,-0.09415802803386399,retain,ret_001,M_gd_s2
5,-11,random_position,15.111000061035156,6.981222152709961,15.105022430419922,0.0007352760041714127,retain,ret_001,M_gd_s2
6,-6,real,15.111000061035156,6.981222152709961,14.871145248413086,0.02950324293317411,retain,ret_001,M_gd_s2
6,-5,real,15.111000061035156,6.981222152709961,15.440315246582031,-0.04050727944359267,retain,ret_001,M_gd_s2
6,-4,real,15.111000061035156,6.981222152709961,16.230527877807617,-0.13770706031538976,retain,ret_001,M_gd_s2
6,-3,real,15.111000061035156,6.981222152709961,15.023138046264648,0.010807431120662452,retain,ret_001,M_gd_s2
6,-2,real,15.111000061035156,6.981222152709961,15.162803649902344,-0.006372079219302989,retain,ret_001,M_gd_s2
6,-1,real,15.111000061035156,6.981222152709961,16.178279876708984,-0.13128031635167964,retain,ret_001,M_gd_s2
6,-2,random_position,15.111000061035156,6.981222152709961,15.162803649902344,-0.006372079219302989,retain,ret_001,M_gd_s2
7,-6,real,15.111000061035156,6.981222152709961,14.708526611328125,0.049506081746081086,retain,ret_001,M_gd_s2
7,-5,real,15.111000061035156,6.981222152709961,15.4105224609375,-0.03684263005458263,retain,ret_001,M_gd_s2
7,-4,real,15.111000061035156,6.981222152709961,16.176227569580078,-0.1310278731543317,retain,ret_001,M_gd_s2
7,-3,real,15.111000061035156,6.981222152709961,15.009054183959961,0.012539810831830835,retain,ret_001,M_gd_s2
7,-2,real,15.111000061035156,6.981222152709961,15.173725128173828,-0.0077154711784240835,retain,ret_001,M_gd_s2
7,-1,real,15.111000061035156,6.981222152709961,16.14914894104004,-0.12769707754768794,retain,ret_001,M_gd_s2
7,-8,random_position,15.111000061035156,6.981222152709961,11.435409545898438,0.45211450504358514,retain,ret_001,M_gd_s2
8,-6,real,15.111000061035156,6.981222152709961,14.561594009399414,0.0675794662327897,retain,ret_001,M_gd_s2
8,-5,real,15.111000061035156,6.981222152709961,15.220542907714844,-0.013474272964764701,retain,ret_001,M_gd_s2
8,-4,real,15.111000061035156,6.981222152709961,16.15078353881836,-0.12789814057754592,retain,ret_001,M_gd_s2
8,-3,real,15.111000061035156,6.981222152709961,14.986587524414062,0.015303313082352554,retain,ret_001,M_gd_s2
8,-2,real,15.111000061035156,6.981222152709961,15.223060607910156,-0.013783961645526113,retain,ret_001,M_gd_s2
8,-1,real,15.111000061035156,6.981222152709961,16.185989379882812,-0.132228620630193,retain,ret_001,M_gd_s2
8,-5,random_position,15.111000061035156,6.981222152709961,15.220542907714844,-0.013474272964764701,retain,ret_001,M_gd_s2
9,-6,real,15.111000061035156,6.981222152709961,14.179594039916992,0.11456721593395185,retain,ret_001,M_gd_s2
9,-5,real,15.111000061035156,6.981222152709961,14.71875,0.0482485580120802,retain,ret_001,M_gd_s2
9,-4,real,15.111000061035156,6.981222152709961,15.674816131591797,-0.0693519647048749,retain,ret_001,M_gd_s2
9,-3,real,15.111000061035156,6.981222152709961,15.067733764648438,0.005321953056357474,retain,ret_001,M_gd_s2
9,-2,real,15.111000061035156,6.981222152709961,15.19332504272461,-0.010126350635624287,retain,ret_001,M_gd_s2
9,-1,real,15.111000061035156,6.981222152709961,15.545944213867188,-0.05350012727735554,retain,ret_001,M_gd_s2
9,-11,random_position,15.111000061035156,6.981222152709961,15.101156234741211,0.0012108358192497322,retain,ret_001,M_gd_s2
10,-6,real,15.111000061035156,6.981222152709961,13.779224395751953,0.1638145199414876,retain,ret_001,M_gd_s2
10,-5,real,15.111000061035156,6.981222152709961,14.645040512084961,0.05731516336664442,retain,ret_001,M_gd_s2
10,-4,real,15.111000061035156,6.981222152709961,14.784297943115234,0.040185860130984234,retain,ret_001,M_gd_s2
10,-3,real,15.111000061035156,6.981222152709961,15.004524230957031,0.013097015844564436,retain,ret_001,M_gd_s2
10,-2,real,15.111000061035156,6.981222152709961,15.107666015625,0.00041010288937193024,retain,ret_001,M_gd_s2
10,-1,real,15.111000061035156,6.981222152709961,13.136678695678711,0.24285059046135402,retain,ret_001,M_gd_s2
10,-6,random_position,15.111000061035156,6.981222152709961,13.779224395751953,0.1638145199414876,retain,ret_001,M_gd_s2
11,-6,real,15.111000061035156,6.981222152709961,15.111000061035156,-0.0,retain,ret_001,M_gd_s2
11,-5,real,15.111000061035156,6.981222152709961,15.111000061035156,-0.0,retain,ret_001,M_gd_s2
11,-4,real,15.111000061035156,6.981222152709961,15.111000061035156,-0.0,retain,ret_001,M_gd_s2
11,-3,real,15.111000061035156,6.981222152709961,15.111000061035156,-0.0,retain,ret_001,M_gd_s2
11,-2,real,15.111000061035156,6.981222152709961,15.111000061035156,-0.0,retain,ret_001,M_gd_s2
11,-1,real,15.111000061035156,6.981222152709961,7.060047149658203,0.9903041635531614,retain,ret_001,M_gd_s2
11,-6,random_position,15.111000061035156,6.981222152709961,15.111000061035156,-0.0,retain,ret_001,M_gd_s2
0,-6,real,13.461307525634766,7.286382675170898,13.404979705810547,0.009122025156304104,retain,ret_001,M_gd_s2
0,-5,real,13.461307525634766,7.286382675170898,13.362695693969727,0.015969721746108577,retain,ret_001,M_gd_s2
0,-4,real,13.461307525634766,7.286382675170898,13.34683609008789,0.018538109907244586,retain,ret_001,M_gd_s2
0,-3,real,13.461307525634766,7.286382675170898,13.399850845336914,0.009952619956700343,retain,ret_001,M_gd_s2
0,-2,real,13.461307525634766,7.286382675170898,13.493423461914062,-0.0052010246370665205,retain,ret_001,M_gd_s2
0,-1,real,13.461307525634766,7.286382675170898,13.510347366333008,-0.007941771258083936,retain,ret_001,M_gd_s2
0,-13,random_position,13.461307525634766,7.286382675170898,13.449850082397461,0.001855478975820085,retain,ret_001,M_gd_s2
1,-6,real,13.461307525634766,7.286382675170898,13.187616348266602,0.044322997282728725,retain,ret_001,M_gd_s2
1,-5,real,13.461307525634766,7.286382675170898,13.572151184082031,-0.017950608490229468,retain,ret_001,M_gd_s2
1,-4,real,13.461307525634766,7.286382675170898,13.353700637817383,0.017426428729622395,retain,ret_001,M_gd_s2
1,-3,real,13.461307525634766,7.286382675170898,13.399608612060547,0.009991848495060447,retain,ret_001,M_gd_s2
1,-2,real,13.461307525634766,7.286382675170898,13.73985481262207,-0.04510942136670374,retain,ret_001,M_gd_s2
1,-1,real,13.461307525634766,7.286382675170898,13.585197448730469,-0.020063389611356383,retain,ret_001,M_gd_s2
1,-3,random_position,13.461307525634766,7.286382675170898,13.399608612060547,0.009991848495060447,retain,ret_001,M_gd_s2
2,-6,real,13.461307525634766,7.286382675170898,13.33193588256836,0.020951128345584272,retain,ret_001,M_gd_s2
2,-5,real,13.461307525634766,7.286382675170898,13.925895690917969,-0.07523786548565085,retain,ret_001,M_gd_s2
2,-4,real,13.461307525634766,7.286382675170898,13.452901840209961,0.0013612611697085258,retain,ret_001,M_gd_s2
2,-3,real,13.461307525634766,7.286382675170898,13.434112548828125,0.004404098424711632,retain,ret_001,M_gd_s2
2,-2,real,13.461307525634766,7.286382675170898,14.623067855834961,-0.18814161440570773,retain,ret_001,M_gd_s2
2,-1,real,13.461307525634766,7.286382675170898,13.565710067749023,-0.01690750003320526,retain,ret_001,M_gd_s2
2,-9,random_position,13.461307525634766,7.286382675170898,13.485546112060547,-0.0039253249250410585,retain,ret_001,M_gd_s2
3,-6,real,13.461307525634766,7.286382675170898,12.93910026550293,0.0845690065511659,retain,ret_001,M_gd_s2
3,-5,real,13.461307525634766,7.286382675170898,14.676752090454102,-0.19683552338746768,retain,ret_001,M_gd_s2
3,-4,real,13.461307525634766,7.286382675170898,13.383007049560547,0.012680393360307329,retain,ret_001,M_gd_s2
3,-3,real,13.461307525634766,7.286382675170898,13.537054061889648,-0.012266794833817719,retain,ret_001,M_gd_s2
3,-2,real,13.461307525634766,7.286382675170898,14.720443725585938,-0.2039111779403411,retain,ret_001,M_gd_s2
3,-1,real,13.461307525634766,7.286382675170898,13.572839736938477,-0.01806211638273339,retain,ret_001,M_gd_s2
3,-13,random_position,13.461307525634766,7.286382675170898,13.424678802490234,0.005931849217853989,retain,ret_001,M_gd_s2
4,-6,real,13.461307525634766,7.286382675170898,12.735589981079102,0.11752653872397287,retain,ret_001,M_gd_s2
4,-5,real,13.461307525634766,7.286382675170898,15.326923370361328,-0.3021277003211489,retain,ret_001,M_gd_s2
4,-4,real,13.461307525634766,7.286382675170898,13.425310134887695,0.00582960790921466,retain,ret_001,M_gd_s2
4,-3,real,13.461307525634766,7.286382675170898,13.622125625610352,-0.02604373395143507,retain,ret_001,M_gd_s2
4,-2,real,13.461307525634766,7.286382675170898,14.853544235229492,-0.22546617866776794,retain,ret_001,M_gd_s2
4,-1,real,13.461307525634766,7.286382675170898,13.55014419555664,-0.014386680335907487,retain,ret_001,M_gd_s2
4,-10,random_position,13.461307525634766,7.286382675170898,13.439350128173828,0.0035558971149726682,retain,ret_001,M_gd_s2
5,-6,real,13.461307525634766,7.286382675170898,12.963281631469727,0.08065294820998944,retain,ret_001,M_gd_s2
5,-5,real,13.461307525634766,7.286382675170898,15.494136810302734,-0.3292071294625165,retain,ret_001,M_gd_s2
5,-4,real,13.461307525634766,7.286382675170898,13.440370559692383,0.0033906430360541155,retain,ret_001,M_gd_s2
5,-3,real,13.461307525634766,7.286382675170898,13.633819580078125,-0.0279375148072288,retain,ret_001,M_gd_s2
5,-2,real,13.461307525634766,7.286382675170898,14.966400146484375,-0.24374266202390224,retain,ret_001,M_gd_s2
5,-1,real,13.461307525634766,7.286382675170898,13.643489837646484,-0.029503567480344804,retain,ret_001,M_gd_s2
5,-12,random_position,13.461307525634766,7.286382675170898,13.428668975830078,0.005285659436363125,retain,ret_001,M_gd_s2
6,-6,real,13.461307525634766,7.286382675170898,12.95334243774414,0.08226255382726902,retain,ret_001,M_gd_s2
6,-5,real,13.461307525634766,7.286382675170898,16.357444763183594,-0.46901578686115786,retain,ret_001,M_gd_s2
6,-4,real,13.461307525634766,7.286382675170898,13.340595245361328,0.019548785320742723,retain,ret_001,M_gd_s2
6,-3,real,13.461307525634766,7.286382675170898,13.62224006652832,-0.02606226711916425,retain,ret_001,M_gd_s2
6,-2,real,13.461307525634766,7.286382675170898,14.782583236694336,-0.2139743791311589,retain,ret_001,M_gd_s2
6,-1,real,13.461307525634766,7.286382675170898,13.907155990600586,-0.07220305926999705,retain,ret_001,M_gd_s2
6,-2,random_position,13.461307525634766,7.286382675170898,14.782583236694336,-0.2139743791311589,retain,ret_001,M_gd_s2
7,-6,real,13.461307525634766,7.286382675170898,12.616260528564453,0.1368513816013213,retain,ret_001,M_gd_s2
7,-5,real,13.461307525634766,7.286382675170898,16.28124237060547,-0.4566751682425522,retain,ret_001,M_gd_s2
7,-4,real,13.461307525634766,7.286382675170898,13.14401626586914,0.05138382530141881,retain,ret_001,M_gd_s2
7,-3,real,13.461307525634766,7.286382675170898,13.485782623291016,-0.003963626805014705,retain,ret_001,M_gd_s2
7,-2,real,13.461307525634766,7.286382675170898,14.750577926635742,-0.20879126988956395,retain,ret_001,M_gd_s2
7,-1,real,13.461307525634766,7.286382675170898,14.083168029785156,-0.10070738012361005,retain,ret_001,M_gd_s2
7,-8,random_position,13.461307525634766,7.286382675170898,13.440471649169922,0.00337427207122667,retain,ret_001,M_gd_s2
8,-6,real,13.461307525634766,7.286382675170898,12.253425598144531,0.19561078988669747,retain,ret_001,M_gd_s2
8,-5,real,13.461307525634766,7.286382675170898,14.95050048828125,-0.24116778725406102,retain,ret_001,M_gd_s2
8,-4,real,13.461307525634766,7.286382675170898,12.972923278808594,0.07909152882880573,retain,ret_001,M_gd_s2
8,-3,real,13.461307525634766,7.286382675170898,13.326566696166992,0.021820642798211796,retain,ret_001,M_gd_s2
8,-2,real,13.461307525634766,7.286382675170898,14.608766555786133,-0.18582558621181744,retain,ret_001,M_gd_s2
8,-1,real,13.461307525634766,7.286382675170898,14.504833221435547,-0.16899407216630183,retain,ret_001,M_gd_s2
8,-5,random_position,13.461307525634766,7.286382675170898,14.95050048828125,-0.24116778725406102,retain,ret_001,M_gd_s2
9,-6,real,13.461307525634766,7.286382675170898,13.529569625854492,-0.011054725664329119,retain,ret_001,M_gd_s2
9,-5,real,13.461307525634766,7.286382675170898,13.797477722167969,-0.05444118020447644,retain,ret_001,M_gd_s2
9,-4,real,13.461307525634766,7.286382675170898,12.823902130126953,0.1032248020734908,retain,ret_001,M_gd_s2
9,-3,real,13.461307525634766,7.286382675170898,13.27694320678711,0.029856933211714568,retain,ret_001,M_gd_s2
9,-2,real,13.461307525634766,7.286382675170898,14.012958526611328,-0.08933728172175599,retain,ret_001,M_gd_s2
9,-1,real,13.461307525634766,7.286382675170898,15.058000564575195,-0.2585769183604695,retain,ret_001,M_gd_s2
9,-12,random_position,13.461307525634766,7.286382675170898,13.45184326171875,0.0015326929712034729,retain,ret_001,M_gd_s2
10,-6,real,13.461307525634766,7.286382675170898,13.574012756347656,-0.01825208135195752,retain,ret_001,M_gd_s2
10,-5,real,13.461307525634766,7.286382675170898,14.197872161865234,-0.11928317413857065,retain,ret_001,M_gd_s2
10,-4,real,13.461307525634766,7.286382675170898,12.374652862548828,0.17597860531117343,retain,ret_001,M_gd_s2
10,-3,real,13.461307525634766,7.286382675170898,13.217639923095703,0.03946082072897744,retain,ret_001,M_gd_s2
10,-2,real,13.461307525634766,7.286382675170898,13.235977172851562,0.03649118948650461,retain,ret_001,M_gd_s2
10,-1,real,13.461307525634766,7.286382675170898,13.192134857177734,0.0435912460435548,retain,ret_001,M_gd_s2
10,-6,random_position,13.461307525634766,7.286382675170898,13.574012756347656,-0.01825208135195752,retain,ret_001,M_gd_s2
11,-6,real,13.461307525634766,7.286382675170898,13.461307525634766,-0.0,retain,ret_001,M_gd_s2
11,-5,real,13.461307525634766,7.286382675170898,13.461307525634766,-0.0,retain,ret_001,M_gd_s2
11,-4,real,13.461307525634766,7.286382675170898,13.461307525634766,-0.0,retain,ret_001,M_gd_s2
11,-3,real,13.461307525634766,7.286382675170898,13.461307525634766,-0.0,retain,ret_001,M_gd_s2
11,-2,real,13.461307525634766,7.286382675170898,13.461307525634766,-0.0,retain,ret_001,M_gd_s2
11,-1,real,13.461307525634766,7.286382675170898,7.365230560302734,0.9872309563207214,retain,ret_001,M_gd_s2
11,-6,random_position,13.461307525634766,7.286382675170898,13.461307525634766,-0.0,retain,ret_001,M_gd_s2
0,-6,real,14.51314926147461,6.348766326904297,14.46468734741211,0.005935771809195587,retain,ret_001,M_gd_s2
0,-5,real,14.51314926147461,6.348766326904297,14.536870956420898,-0.0029055098390650784,retain,ret_001,M_gd_s2
0,-4,real,14.51314926147461,6.348766326904297,14.513111114501953,4.672364459379398e-06,retain,ret_001,M_gd_s2
0,-3,real,14.51314926147461,6.348766326904297,14.498958587646484,0.001738119578889136,retain,ret_001,M_gd_s2
0,-2,real,14.51314926147461,6.348766326904297,14.471992492675781,0.005041014015224433,retain,ret_001,M_gd_s2
0,-1,real,14.51314926147461,6.348766326904297,14.587940216064453,-0.009160637759059247,retain,ret_001,M_gd_s2
0,-13,random_position,14.51314926147461,6.348766326904297,14.518346786499023,-0.0006366096575904429,retain,ret_001,M_gd_s2
1,-6,real,14.51314926147461,6.348766326904297,14.480039596557617,0.004055378732518348,retain,ret_001,M_gd_s2
1,-5,real,14.51314926147461,6.348766326904297,14.623579025268555,-0.01352579425523445,retain,ret_001,M_gd_s2
1,-4,real,14.51314926147461,6.348766326904297,14.497848510742188,0.0018740853846570765,retain,ret_001,M_gd_s2
1,-3,real,14.51314926147461,6.348766326904297,14.505851745605469,0.0008938233210792788,retain,ret_001,M_gd_s2
1,-2,real,14.51314926147461,6.348766326904297,14.472496032714844,0.004979338804360624,retain,ret_001,M_gd_s2
1,-1,real,14.51314926147461,6.348766326904297,14.638391494750977,-0.01534007337481147,retain,ret_001,M_gd_s2
1,-3,random_position,14.51314926147461,6.348766326904297,14.505851745605469,0.0008938233210792788,retain,ret_001,M_gd_s2
2,-6,real,14.51314926147461,6.348766326904297,14.527547836303711,-0.0017635839651927536,retain,ret_001,M_gd_s2
2,-5,real,14.51314926147461,6.348766326904297,15.686599731445312,-0.14372800484430748,retain,ret_001,M_gd_s2
2,-4,real,14.51314926147461,6.348766326904297,14.50131607055664,0.0014493674552994893,retain,ret_001,M_gd_s2
2,-3,real,14.51314926147461,6.348766326904297,14.49273681640625,0.0025001822222139158,retain,ret_001,M_gd_s2
2,-2,real,14.51314926147461,6.348766326904297,14.502586364746094,0.0012937777188021552,retain,ret_001,M_gd_s2
2,-1,real,14.51314926147461,6.348766326904297,14.632104873657227,-0.014570067711905745,retain,ret_001,M_gd_s2
2,-9,random_position,14.51314926147461,6.348766326904297,14.072315216064453,0.0539947781654802,retain,ret_001,M_gd_s2
3,-6,real,14.51314926147461,6.348766326904297,14.60329818725586,-0.011041731690405393,retain,ret_001,M_gd_s2
3,-5,real,14.51314926147461,6.348766326904297,15.762508392333984,-0.15302554288202652,retain,ret_001,M_gd_s2
3,-4,real,14.51314926147461,6.348766326904297,14.49593734741211,0.002108170844071984,retain,ret_001,M_gd_s2
3,-3,real,14.51314926147461,6.348766326904297,14.510372161865234,0.00034014813264282015,retain,ret_001,M_gd_s2
3,-2,real,14.51314926147461,6.348766326904297,14.52653694152832,-0.0016397663070191997,retain,ret_001,M_gd_s2
3,-1,real,14.51314926147461,6.348766326904297,14.613033294677734,-0.012234119100439015,retain,ret_001,M_gd_s2
3,-13,random_position,14.51314926147461,6.348766326904297,14.45755386352539,0.006809503963099535,retain,ret_001,M_gd_s2
4,-6,real,14.51314926147461,6.348766326904297,14.675994873046875,-0.019945856640644712,retain,ret_001,M_gd_s2
4,-5,real,14.51314926147461,6.348766326904297,15.768877029418945,-0.15380559412851993,retain,ret_001,M_gd_s2
4,-4,real,14.51314926147461,6.348766326904297,14.511251449584961,0.00023245013185412504,retain,ret_001,M_gd_s2
4,-3,real,14.51314926147461,6.348766326904297,14.525409698486328,-0.0015016979372445385,retain,ret_001,M_gd_s2
4,-2,real,14.51314926147461,6.348766326904297,14.538898468017578,-0.0031538460100810936,retain,ret_001,M_gd_s2
4,-1,real,14.51314926147461,6.348766326904297,14.572301864624023,-0.007245201948936663,retain,ret_001,M_gd_s2
4,-10,random_position,14.51314926147461,6.348766326904297,14.64776611328125,-0.016488306940703957,retain,ret_001,M_gd_s2
5,-6,real,14.51314926147461,6.348766326904297,14.700942993164062,-0.02300158299707884,retain,ret_001,M_gd_s2
5,-5,real,14.51314926147461,6.348766326904297,16.076730728149414,-0.19151250978860354,retain,ret_001,M_gd_s2
5,-4,real,14.51314926147461,6.348766326904297,14.471168518066406,0.005141937087547027,retain,ret_001,M_gd_s2
5,-3,real,14.51314926147461,6.348766326904297,14.501670837402344,0.0014059144658272607,retain,ret_001,M_gd_s2
5,-2,real,14.51314926147461,6.348766326904297,14.488618850708008,0.003004563965603922,retain,ret_001,M_gd_s2
5,-1,real,14.51314926147461,6.348766326904297,14.650774002075195,-0.016856722878326024,retain,ret_001,M_gd_s2
5,-12,random_position,14.51314926147461,6.348766326904297,14.502883911132812,0.0012573332760189959,retain,ret_001,M_gd_s2
6,-6,real,14.51314926147461,6.348766326904297,14.724882125854492,-0.02593372531356238,retain,ret_001,M_gd_s2
6,-5,real,14.51314926147461,6.348766326904297,15.995807647705078,-0.18160078944269906,retain,ret_001,M_gd_s2
6,-4,real,14.51314926147461,6.348766326904297,14.446786880493164,0.008128278831759369,retain,ret_001,M_gd_s2
6,-3,real,14.51314926147461,6.348766326904297,14.489906311035156,0.002846871665099867,retain,ret_001,M_gd_s2
6,-2,real,14.51314926147461,6.348766326904297,14.427303314208984,0.010514688979387397,retain,ret_001,M_gd_s2
6,-1,real,14.51314926147461,6.348766326904297,14.698150634765625,-0.022659565918652265,retain,ret_001,M_gd_s2
6,-2,random_position,14.51314926147461,6.348766326904297,14.427303314208984,0.010514688979387397,retain,ret_001,M_gd_s2
7,-6,real,14.51314926147461,6.348766326904297,14.70736312866211,-0.02378794193559239,retain,ret_001,M_gd_s2
7,-5,real,14.51314926147461,6.348766326904297,15.89642333984375,-0.1694278783166779,retain,ret_001,M_gd_s2
7,-4,real,14.51314926147461,6.348766326904297,14.424341201782227,0.010877498079658206,retain,ret_001,M_gd_s2
7,-3,real,14.51314926147461,6.348766326904297,14.4881591796875,0.0030608659573394437,retain,ret_001,M_gd_s2
7,-2,real,14.51314926147461,6.348766326904297,14.384435653686523,0.015765258540614994,retain,ret_001,M_gd_s2
7,-1,real,14.51314926147461,6.348766326904297,14.55185317993164,-0.004740580980486337,retain,ret_001,M_gd_s2
7,-8,random_position,14.51314926147461,6.348766326904297,16.470077514648438,-0.2396908950568253,retain,ret_001,M_gd_s2
8,-6,real,14.51314926147461,6.348766326904297,14.524572372436523,-0.0013991395373611608,retain,ret_001,M_gd_s2
8,-5,real,14.51314926147461,6.348766326904297,15.941900253295898,-0.17499803760692706,retain,ret_001,M_gd_s2
8,-4,real,14.51314926147461,6.348766326904297,14.421300888061523,0.011249885527070746,retain,ret_001,M_gd_s2
8,-3,real,14.51314926147461,6.348766326904297,14.504859924316406,0.001015304797023143,retain,ret_001,M_gd_s2
8,-2,real,14.51314926147461,6.348766326904297,14.337163925170898,0.021555252578677946,retain,ret_001,M_gd_s2
8,-1,real,14.51314926147461,6.348766326904297,14.390445709228516,0.015029127520039771,retain,ret_001,M_gd_s2
8,-5,random_position,14.51314926147461,6.348766326904297,15.941900253295898,-0.17499803760692706,retain,ret_001,M_gd_s2
9,-6,real,14.51314926147461,6.348766326904297,14.076086044311523,0.053532914938670545,retain,ret_001,M_gd_s2
9,-5,real,14.51314926147461,6.348766326904297,15.374025344848633,-0.10544288408237565,retain,ret_001,M_gd_s2
9,-4,real,14.51314926147461,6.348766326904297,14.429977416992188,0.010187156230784901,retain,ret_001,M_gd_s2
9,-3,real,14.51314926147461,6.348766326904297,14.507308959960938,0.0007153389987309859,retain,ret_001,M_gd_s2
9,-2,real,14.51314926147461,6.348766326904297,14.310249328613281,0.02485183932299308,retain,ret_001,M_gd_s2
9,-1,real,14.51314926147461,6.348766326904297,14.681007385253906,-0.020559805330607164,retain,ret_001,M_gd_s2
9,-12,random_position,14.51314926147461,6.348766326904297,14.51264762878418,6.144159264083908e-05,retain,ret_001,M_gd_s2
10,-6,real,14.51314926147461,6.348766326904297,13.930545806884766,0.07135915344231779,retain,ret_001,M_gd_s2
10,-5,real,14.51314926147461,6.348766326904297,14.351617813110352,0.01978489368501909,retain,ret_001,M_gd_s2
10,-4,real,14.51314926147461,6.348766326904297,14.430316925048828,0.010145572187096424,retain,ret_001,M_gd_s2
10,-3,real,14.51314926147461,6.348766326904297,14.501977920532227,0.0013683019319292566,retain,ret_001,M_gd_s2
10,-2,real,14.51314926147461,6.348766326904297,14.279560089111328,0.028610756530563806,retain,ret_001,M_gd_s2
10,-1,real,14.51314926147461,6.348766326904297,12.464090347290039,0.25097535608089544,retain,ret_001,M_gd_s2
10,-6,random_position,14.51314926147461,6.348766326904297,13.930545806884766,0.07135915344231779,retain,ret_001,M_gd_s2
11,-6,real,14.51314926147461,6.348766326904297,14.51314926147461,-0.0,retain,ret_001,M_gd_s2
11,-5,real,14.51314926147461,6.348766326904297,14.51314926147461,-0.0,retain,ret_001,M_gd_s2
11,-4,real,14.51314926147461,6.348766326904297,14.51314926147461,-0.0,retain,ret_001,M_gd_s2
11,-3,real,14.51314926147461,6.348766326904297,14.51314926147461,-0.0,retain,ret_001,M_gd_s2
11,-2,real,14.51314926147461,6.348766326904297,14.51314926147461,-0.0,retain,ret_001,M_gd_s2
11,-1,real,14.51314926147461,6.348766326904297,6.425457000732422,0.9906066784908637,retain,ret_001,M_gd_s2
11,-6,random_position,14.51314926147461,6.348766326904297,14.51314926147461,-0.0,retain,ret_001,M_gd_s2
0,-6,real,13.710443496704102,8.380218505859375,13.995553970336914,-0.0534893881820228,retain,ret_001,M_gd_s2
0,-5,real,13.710443496704102,8.380218505859375,13.584260940551758,0.023673026254816033,retain,ret_001,M_gd_s2
0,-4,real,13.710443496704102,8.380218505859375,13.733415603637695,-0.004309781852182784,retain,ret_001,M_gd_s2
0,-3,real,13.710443496704102,8.380218505859375,13.632648468017578,0.014595074095398473,retain,ret_001,M_gd_s2
0,-2,real,13.710443496704102,8.380218505859375,13.7420654296875,-0.005932570020536232,retain,ret_001,M_gd_s2
0,-1,real,13.710443496704102,8.380218505859375,13.779542922973633,-0.012963697852945691,retain,ret_001,M_gd_s2
0,-14,random_position,13.710443496704102,8.380218505859375,13.716169357299805,-0.0010742249352584455,retain,ret_001,M_gd_s2
1,-6,real,13.710443496704102,8.380218505859375,14.428667068481445,-0.13474545127287782,retain,ret_001,M_gd_s2
1,-5,real,13.710443496704102,8.380218505859375,13.68256950378418,0.005229421453653206,retain,ret_001,M_gd_s2
1,-4,real,13.710443496704102,8.380218505859375,13.744466781616211,-0.006383086074330497,retain,ret_001,M_gd_s2
1,-3,real,13.710443496704102,8.380218505859375,13.628168106079102,0.015435631847870855,retain,ret_001,M_gd_s2
1,-2,real,13.710443496704102,8.380218505859375,13.797298431396484,-0.016294797094225127,retain,ret_001,M_gd_s2
1,-1,real,13.710443496704102,8.380218505859375,13.873119354248047,-0.030519510494089793,retain,ret_001,M_gd_s2
1,-3,random_position,13.710443496704102,8.380218505859375,13.628168106079102,0.015435631847870855,retain,ret_001,M_gd_s2
2,-6,real,13.710443496704102,8.380218505859375,14.95400619506836,-0.23330397881894657,retain,ret_001,M_gd_s2
2,-5,real,13.710443496704102,8.380218505859375,13.643020629882812,0.012649159639057559,retain,ret_001,M_gd_s2
2,-4,real,13.710443496704102,8.380218505859375,13.81570053100586,-0.019747202882157668,retain,ret_001,M_gd_s2
2,-3,real,13.710443496704102,8.380218505859375,14.39584732055664,-0.12858815998007567,retain,ret_001,M_gd_s2
2,-2,real,13.710443496704102,8.380218505859375,13.883674621582031,-0.03249977724682805,retain,ret_001,M_gd_s2
2,-1,real,13.710443496704102,8.380218505859375,14.070894241333008,-0.06762392680384445,retain,ret_001,M_gd_s2
2,-9,random_position,13.710443496704102,8.380218505859375,13.720123291015625,-0.001816019835588478,retain,ret_001,M_gd_s2
3,-6,real,13.710443496704102,8.380218505859375,15.533863067626953,-0.3420905447809021,retain,ret_001,M_gd_s2
3,-5,real,13.710443496704102,8.380218505859375,13.551822662353516,0.029758750263457066,retain,ret_001,M_gd_s2
3,-4,real,13.710443496704102,8.380218505859375,13.991584777832031,-0.05274473059032632,retain,ret_001,M_gd_s2
3,-3,real,13.710443496704102,8.380218505859375,14.544977188110352,-0.156566316213604,retain,ret_001,M_gd_s2
3,-2,real,13.710443496704102,8.380218505859375,13.814552307128906,-0.01953178535683269,retain,ret_001,M_gd_s2
3,-1,real,13.710443496704102,8.380218505859375,14.403987884521484,-0.13011540582407402,retain,ret_001,M_gd_s2
3,-14,random_position,13.710443496704102,8.380218505859375,13.665031433105469,0.008519727342960803,retain,ret_001,M_gd_s2
4,-6,real,13.710443496704102,8.380218505859375,16.153240203857422,-0.4582914813819499,retain,ret_001,M_gd_s2
4,-5,real,13.710443496704102,8.380218505859375,13.610950469970703,0.01866582121848311,retain,ret_001,M_gd_s2
4,-4,real,13.710443496704102,8.380218505859375,14.112689971923828,-0.07546519629295781,retain,ret_001,M_gd_s2
4,-3,real,13.710443496704102,8.380218505859375,14.842243194580078,-0.21233619590542097,retain,ret_001,M_gd_s2
4,-2,real,13.710443496704102,8.380218505859375,13.716094970703125,-0.0010602693148470267,retain,ret_001,M_gd_s2
4,-1,real,13.710443496704102,8.380218505859375,14.613319396972656,-0.16938795300748988,retain,ret_001,M_gd_s2
4,-11,random_position,13.710443496704102,8.380218505859375,13.7196044921875,-0.0017186883291293517,retain,ret_001,M_gd_s2
5,-6,real,13.710443496704102,8.380218505859375,16.425609588623047,-0.5093905222729913,retain,ret_001,M_gd_s2
5,-5,real,13.710443496704102,8.380218505859375,13.655351638793945,0.01033574717854928,retain,ret_001,M_gd_s2
5,-4,real,13.710443496704102,8.380218505859375,14.173868179321289,-0.0869427994902978,retain,ret_001,M_gd_s2
5,-3,real,13.710443496704102,8.380218505859375,15.206888198852539,-0.280747004998617,retain,ret_001,M_gd_s2
5,-2,real,13.710443496704102,8.380218505859375,13.592430114746094,0.022140412864505597,retain,ret_001,M_gd_s2
5,-1,real,13.710443496704102,8.380218505859375,14.726560592651367,-0.19063305914713982,retain,ret_001,M_gd_s2
5,-12,random_position,13.710443496704102,8.380218505859375,13.713411331176758,-0.0005567934707735315,retain,ret_001,M_gd_s2
6,-6,real,13.710443496704102,8.380218505859375,16.589557647705078,-0.5401487096597584,retain,ret_001,M_gd_s2
6,-5,real,13.710443496704102,8.380218505859375,13.547182083129883,0.03062936627527712,retain,ret_001,M_gd_s2
6,-4,real,13.710443496704102,8.380218505859375,14.173965454101562,-0.08696104914775889,retain,ret_001,M_gd_s2
6,-3,real,13.710443496704102,8.380218505859375,15.124523162841797,-0.26529455483896824,retain,ret_001,M_gd_s2
6,-2,real,13.710443496704102,8.380218505859375,13.553165435791016,0.029506833423209915,retain,ret_001,M_gd_s2
6,-1,real,13.710443496704102,8.380218505859375,14.825191497802734,-0.20913713830341882,retain,ret_001,M_gd_s2
6,-2,random_position,13.710443496704102,8.380218505859375,13.553165435791016,0.029506833423209915,retain,ret_001,M_gd_s2
7,-6,real,13.710443496704102,8.380218505859375,16.36675262451172,-0.4983484059997717,retain,ret_001,M_gd_s2
7,-5,real,13.710443496704102,8.380218505859375,13.34957504272461,0.06770229298000088,retain,ret_001,M_gd_s2
7,-4,real,13.710443496704102,8.380218505859375,13.949947357177734,-0.04493316152413982,retain,ret_001,M_gd_s2
7,-3,real,13.710443496704102,8.380218505859375,15.013618469238281,-0.24448779831480516,retain,ret_001,M_gd_s2
7,-2,real,13.710443496704102,8.380218505859375,13.561054229736328,0.028026821986757905,retain,ret_001,M_gd_s2
7,-1,real,13.710443496704102,8.380218505859375,14.864131927490234,-0.21644272667058617,retain,ret_001,M_gd_s2
7,-9,random_position,13.710443496704102,8.380218505859375,13.703315734863281,0.0013372347045505699,retain,ret_001,M_gd_s2
8,-6,real,13.710443496704102,8.380218505859375,15.747419357299805,-0.3821556996364024,retain,ret_001,M_gd_s2
8,-5,real,13.710443496704102,8.380218505859375,13.206148147583008,0.09461051831532044,retain,ret_001,M_gd_s2
8,-4,real,13.710443496704102,8.380218505859375,13.67496109008789,0.00665683093624679,retain,ret_001,M_gd_s2
8,-3,real,13.710443496704102,8.380218505859375,14.929838180541992,-0.22876983353091868,retain,ret_001,M_gd_s2
8,-2,real,13.710443496704102,8.380218505859375,13.617462158203125,0.017444167677852753,retain,ret_001,M_gd_s2
8,-1,real,13.710443496704102,8.380218505859375,15.150428771972656,-0.27015468910635004,retain,ret_001,M_gd_s2
8,-5,random_position,13.710443496704102,8.380218505859375,13.206148147583008,0.09461051831532044,retain,ret_001,M_gd_s2
9,-6,real,13.710443496704102,8.380218505859375,13.507568359375,0.038061270898988864,retain,ret_001,M_gd_s2
9,-5,real,13.710443496704102,8.380218505859375,12.930253982543945,0.14637084091201052,retain,ret_001,M_gd_s2
9,-4,real,13.710443496704102,8.380218505859375,13.309488296508789,0.07522294103607241,retain,ret_001,M_gd_s2
9,-3,real,13.710443496704102,8.380218505859375,14.414438247680664,-0.13207599157366795,retain,ret_001,M_gd_s2
9,-2,real,13.710443496704102,8.380218505859375,13.616498947143555,0.017624875070359588,retain,ret_001,M_gd_s2
9,-1,real,13.710443496704102,8.380218505859375,15.391899108886719,-0.31545677998034044,retain,ret_001,M_gd_s2
9,-13,random_position,13.710443496704102,8.380218505859375,13.707853317260742,0.00048594185945402036,retain,ret_001,M_gd_s2
10,-6,real,13.710443496704102,8.380218505859375,15.054954528808594,-0.2522428292265044,retain,ret_001,M_gd_s2
10,-5,real,13.710443496704102,8.380218505859375,12.538257598876953,0.219913024279559,retain,ret_001,M_gd_s2
10,-4,real,13.710443496704102,8.380218505859375,13.287845611572266,0.0792833109029537,retain,ret_001,M_gd_s2
10,-3,real,13.710443496704102,8.380218505859375,13.593059539794922,0.022022326845639744,retain,ret_001,M_gd_s2
10,-2,real,13.710443496704102,8.380218505859375,13.538579940795898,0.032243208533110426,retain,ret_001,M_gd_s2
10,-1,real,13.710443496704102,8.380218505859375,13.92557144165039,-0.04036001206624411,retain,ret_001,M_gd_s2
10,-6,random_position,13.710443496704102,8.380218505859375,15.054954528808594,-0.2522428292265044,retain,ret_001,M_gd_s2
11,-6,real,13.710443496704102,8.380218505859375,13.710443496704102,-0.0,retain,ret_001,M_gd_s2
11,-5,real,13.710443496704102,8.380218505859375,13.710443496704102,-0.0,retain,ret_001,M_gd_s2
11,-4,real,13.710443496704102,8.380218505859375,13.710443496704102,-0.0,retain,ret_001,M_gd_s2
11,-3,real,13.710443496704102,8.380218505859375,13.710443496704102,-0.0,retain,ret_001,M_gd_s2
11,-2,real,13.710443496704102,8.380218505859375,13.710443496704102,-0.0,retain,ret_001,M_gd_s2
11,-1,real,13.710443496704102,8.380218505859375,8.457950592041016,0.9854167345064881,retain,ret_001,M_gd_s2
11,-7,random_position,13.710443496704102,8.380218505859375,13.710443496704102,-0.0,retain,ret_001,M_gd_s2
0,-6,real,13.913185119628906,6.496791839599609,13.72433090209961,0.025464428651301357,retain,ret_001,M_gd_s2
0,-5,real,13.913185119628906,6.496791839599609,13.850700378417969,0.008425219490341088,retain,ret_001,M_gd_s2
0,-4,real,13.913185119628906,6.496791839599609,13.945795059204102,-0.004397007864052551,retain,ret_001,M_gd_s2
0,-3,real,13.913185119628906,6.496791839599609,13.892345428466797,0.002809949577273099,retain,ret_001,M_gd_s2
0,-2,real,13.913185119628906,6.496791839599609,13.917205810546875,-0.000542135613114744,retain,ret_001,M_gd_s2
0,-1,real,13.913185119628906,6.496791839599609,13.918018341064453,-0.0006516943280990328,retain,ret_001,M_gd_s2
0,-12,random_position,13.913185119628906,6.496791839599609,13.912208557128906,0.00013167620204684484,retain,ret_001,M_gd_s2
1,-6,real,13.913185119628906,6.496791839599609,13.750383377075195,0.0219516059095868,retain,ret_001,M_gd_s2
1,-5,real,13.913185119628906,6.496791839599609,13.836502075195312,0.010339668021662793,retain,ret_001,M_gd_s2
1,-4,real,13.913185119628906,6.496791839599609,14.155340194702148,-0.03265132604622143,retain,ret_001,M_gd_s2
1,-3,real,13.913185119628906,6.496791839599609,13.911672592163086,0.00020394380512333586,retain,ret_001,M_gd_s2
1,-2,real,13.913185119628906,6.496791839599609,13.91226577758789,0.0001239607995831625,retain,ret_001,M_gd_s2
1,-1,real,13.913185119628906,6.496791839599609,13.983146667480469,-0.009433365412262244,retain,ret_001,M_gd_s2
1,-3,random_position,13.913185119628906,6.496791839599609,13.911672592163086,0.00020394380512333586,retain,ret_001,M_gd_s2
2,-6,real,13.913185119628906,6.496791839599609,13.871833801269531,0.005575664180421086,retain,ret_001,M_gd_s2
2,-5,real,13.913185119628906,6.496791839599609,13.88125991821289,0.004304680214570486,retain,ret_001,M_gd_s2
2,-4,real,13.913185119628906,6.496791839599609,15.3861083984375,-0.1986037178981392,retain,ret_001,M_gd_s2
2,-3,real,13.913185119628906,6.496791839599609,13.923162460327148,-0.001345309009584073,retain,ret_001,M_gd_s2
2,-2,real,13.913185119628906,6.496791839599609,13.879095077514648,0.0045965796077798,retain,ret_001,M_gd_s2
2,-1,real,13.913185119628906,6.496791839599609,14.043476104736328,-0.01756797140980463,retain,ret_001,M_gd_s2
2,-8,random_position,13.913185119628906,6.496791839599609,13.33299446105957,0.07823083764067107,retain,ret_001,M_gd_s2
3,-6,real,13.913185119628906,6.496791839599609,13.82302474975586,0.0121569024819421,retain,ret_001,M_gd_s2
3,-5,real,13.913185119628906,6.496791839599609,13.899171829223633,0.0018895020633557988,retain,ret_001,M_gd_s2
3,-4,real,13.913185119628906,6.496791839599609,15.494670867919922,-0.21324189381240152,retain,ret_001,M_gd_s2
3,-3,real,13.913185119628906,6.496791839599609,13.889568328857422,0.003184403776843814,retain,ret_001,M_gd_s2
3,-2,real,13.913185119628906,6.496791839599609,13.918207168579102,-0.0006771551562291845,retain,ret_001,M_gd_s2
3,-1,real,13.913185119628906,6.496791839599609,14.09298324584961,-0.02424333762138257,retain,ret_001,M_gd_s2
3,-12,random_position,13.913185119628906,6.496791839599609,13.873174667358398,0.005394866582688797,retain,ret_001,M_gd_s2
4,-6,real,13.913185119628906,6.496791839599609,13.905519485473633,0.0010336067500513074,retain,ret_001,M_gd_s2
4,-5,real,13.913185119628906,6.496791839599609,13.990997314453125,-0.010491918630279456,retain,ret_001,M_gd_s2
4,-4,real,13.913185119628906,6.496791839599609,15.621000289916992,-0.23027570219163723,retain,ret_001,M_gd_s2
4,-3,real,13.913185119628906,6.496791839599609,13.952812194824219,-0.005343173386182126,retain,ret_001,M_gd_s2
4,-2,real,13.913185119628906,6.496791839599609,13.919960021972656,-0.000913503651699986,retain,ret_001,M_gd_s2
4,-1,real,13.913185119628906,6.496791839599609,14.168886184692383,-0.03447781898945716,retain,ret_001,M_gd_s2
4,-9,random_position,13.913185119628906,6.496791839599609,14.288093566894531,-0.05055131694204652,retain,ret_001,M_gd_s2
5,-6,real,13.913185119628906,6.496791839599609,13.983814239501953,-0.009523378441005204,retain,ret_001,M_gd_s2
5,-5,real,13.913185119628906,6.496791839599609,14.052322387695312,-0.018760772630689915,retain,ret_001,M_gd_s2
5,-4,real,13.913185119628906,6.496791839599609,15.849260330200195,-0.26105347133959445,retain,ret_001,M_gd_s2
5,-3,real,13.913185119628906,6.496791839599609,13.847482681274414,0.008859082288882157,retain,ret_001,M_gd_s2
5,-2,real,13.913185119628906,6.496791839599609,13.89703369140625,0.0021778009354153946,retain,ret_001,M_gd_s2
5,-1,real,13.913185119628906,6.496791839599609,14.467294692993164,-0.07471415719772467,retain,ret_001,M_gd_s2
5,-11,random_position,13.913185119628906,6.496791839599609,13.91425895690918,-0.00014479238623510478,retain,ret_001,M_gd_s2
6,-6,real,13.913185119628906,6.496791839599609,13.935400009155273,-0.0029953764164835973,retain,ret_001,M_gd_s2
6,-5,real,13.913185119628906,6.496791839599609,14.114494323730469,-0.027143814587562876,retain,ret_001,M_gd_s2
6,-4,real,13.913185119628906,6.496791839599609,15.524944305419922,-0.21732385607585372,retain,ret_001,M_gd_s2
6,-3,real,13.913185119628906,6.496791839599609,13.765546798706055,0.019907024256710985,retain,ret_001,M_gd_s2
6,-2,real,13.913185119628906,6.496791839599609,13.823379516601562,0.01210906698666727,retain,ret_001,M_gd_s2
6,-1,real,13.913185119628906,6.496791839599609,15.155366897583008,-0.16749135746334026,retain,ret_001,M_gd_s2
6,-2,random_position,13.913185119628906,6.496791839599609,13.823379516601562,0.01210906698666727,retain,ret_001,M_gd_s2
7,-6,real,13.913185119628906,6.496791839599609,13.739383697509766,0.023434763443188664,retain,ret_001,M_gd_s2
7,-5,real,13.913185119628906,6.496791839599609,14.099311828613281,-0.025096661133865834,retain,ret_001,M_gd_s2
7,-4,real,13.913185119628906,6.496791839599609,15.505514144897461,-0.21470396257926933,retain,ret_001,M_gd_s2
7,-3,real,13.913185119628906,6.496791839599609,13.773845672607422,0.018788033719394928,retain,ret_001,M_gd_s2
7,-2,real,13.913185119628906,6.496791839599609,13.79747200012207,0.0156023440421405,retain,ret_001,M_gd_s2
7,-1,real,13.913185119628906,6.496791839599609,15.129739761352539,-0.1640358858799391,retain,ret_001,M_gd_s2
7,-8,random_position,13.913185119628906,6.496791839599609,12.221132278442383,0.22815036599297486,retain,ret_001,M_gd_s2
8,-6,real,13.913185119628906,6.496791839599609,13.555755615234375,0.048194518669473704,retain,ret_001,M_gd_s2
8,-5,real,13.913185119628906,6.496791839599609,13.915996551513672,-0.0003790834410489244,retain,ret_001,M_gd_s2
8,-4,real,13.913185119628906,6.496791839599609,15.221284866333008,-0.1763795011015023,retain,ret_001,M_gd_s2
8,-3,real,13.913185119628906,6.496791839599609,13.818172454833984,0.01281116861086236,retain,ret_001,M_gd_s2
8,-2,real,13.913185119628906,6.496791839599609,13.75783920288086,0.020946288968568993,retain,ret_001,M_gd_s2
8,-1,real,13.913185119628906,6.496791839599609,15.09575080871582,-0.1594529368165118,retain,ret_001,M_gd_s2
8,-5,random_position,13.913185119628906,6.496791839599609,13.915996551513672,-0.0003790834410489244,retain,ret_001,M_gd_s2
9,-6,real,13.913185119628906,6.496791839599609,13.575857162475586,0.0454840977839821,retain,ret_001,M_gd_s2
9,-5,real,13.913185119628906,6.496791839599609,13.707941055297852,0.027674377096982096,retain,ret_001,M_gd_s2
9,-4,real,13.913185119628906,6.496791839599609,14.528114318847656,-0.0829148584763726,retain,ret_001,M_gd_s2
9,-3,real,13.913185119628906,6.496791839599609,13.963342666625977,-0.006763064619581794,retain,ret_001,M_gd_s2
9,-2,real,13.913185119628906,6.496791839599609,13.802112579345703,0.014976624902335863,retain,ret_001,M_gd_s2
9,-1,real,13.913185119628906,6.496791839599609,15.11635971069336,-0.16223176760384803,retain,ret_001,M_gd_s2
9,-11,random_position,13.913185119628906,6.496791839599609,13.913883209228516,-9.412791005692424e-05,retain,ret_001,M_gd_s2
10,-6,real,13.913185119628906,6.496791839599609,13.078598022460938,0.11253274545395628,retain,ret_001,M_gd_s2
10,-5,real,13.913185119628906,6.496791839599609,13.534832000732422,0.0510157841703602,retain,ret_001,M_gd_s2
10,-4,real,13.913185119628906,6.496791839599609,13.674579620361328,0.03217271391339101,retain,ret_001,M_gd_s2
10,-3,real,13.913185119628906,6.496791839599609,13.969127655029297,-0.007543091808660076,retain,ret_001,M_gd_s2
10,-2,real,13.913185119628906,6.496791839599609,13.819931030273438,0.012574048575145191,retain,ret_001,M_gd_s2
10,-1,real,13.913185119628906,6.496791839599609,13.145753860473633,0.10347769194249659,retain,ret_001,M_gd_s2
10,-6,random_position,13.913185119628906,6.496791839599609,13.078598022460938,0.11253274545395628,retain,ret_001,M_gd_s2
11,-6,real,13.913185119628906,6.496791839599609,13.913185119628906,-0.0,retain,ret_001,M_gd_s2
11,-5,real,13.913185119628906,6.496791839599609,13.913185119628906,-0.0,retain,ret_001,M_gd_s2
11,-4,real,13.913185119628906,6.496791839599609,13.913185119628906,-0.0,retain,ret_001,M_gd_s2
11,-3,real,13.913185119628906,6.496791839599609,13.913185119628906,-0.0,retain,ret_001,M_gd_s2
11,-2,real,13.913185119628906,6.496791839599609,13.913185119628906,-0.0,retain,ret_001,M_gd_s2
11,-1,real,13.913185119628906,6.496791839599609,6.575658798217773,0.9893658607843067,retain,ret_001,M_gd_s2
11,-6,random_position,13.913185119628906,6.496791839599609,13.913185119628906,-0.0,retain,ret_001,M_gd_s2
0,-6,real,21.357990264892578,11.308813095092773,21.354188919067383,0.0003782743363923637,retain,ret_002,M_gd_s2
0,-5,real,21.357990264892578,11.308813095092773,21.350330352783203,0.0007622427169853149,retain,ret_002,M_gd_s2
0,-4,real,21.357990264892578,11.308813095092773,21.34813690185547,0.0009805144113411695,retain,ret_002,M_gd_s2
0,-3,real,21.357990264892578,11.308813095092773,21.356534957885742,0.00014481852416827571,retain,ret_002,M_gd_s2
0,-2,real,21.357990264892578,11.308813095092773,21.39885139465332,-0.004066116963639542,retain,ret_002,M_gd_s2
0,-1,real,21.357990264892578,11.308813095092773,21.346702575683594,0.0011232451193025632,retain,ret_002,M_gd_s2
0,-14,random_position,21.357990264892578,11.308813095092773,21.368942260742188,-0.0010898400599924497,retain,ret_002,M_gd_s2
1,-6,real,21.357990264892578,11.308813095092773,21.36042022705078,-0.00024180707705161633,retain,ret_002,M_gd_s2
1,-5,real,21.357990264892578,11.308813095092773,21.342487335205078,0.0015427063754125097,retain,ret_002,M_gd_s2
1,-4,real,21.357990264892578,11.308813095092773,21.35118865966797,0.0006768320539765022,retain,ret_002,M_gd_s2
1,-3,real,21.357990264892578,11.308813095092773,21.349287033081055,0.0008660641229093605,retain,ret_002,M_gd_s2
1,-2,real,21.357990264892578,11.308813095092773,21.41947364807129,-0.006118250493531281,retain,ret_002,M_gd_s2
1,-1,real,21.357990264892578,11.308813095092773,21.33551788330078,0.0022362409590440686,retain,ret_002,M_gd_s2
1,-3,random_position,21.357990264892578,11.308813095092773,21.349287033081055,0.0008660641229093605,retain,ret_002,M_gd_s2
2,-6,real,21.357990264892578,11.308813095092773,21.360361099243164,-0.0002359232313776759,retain,ret_002,M_gd_s2
2,-5,real,21.357990264892578,11.308813095092773,21.378293991088867,-0.0020204366838418018,retain,ret_002,M_gd_s2
2,-4,real,21.357990264892578,11.308813095092773,21.34804344177246,0.0009898146835354625,retain,ret_002,M_gd_s2
2,-3,real,21.357990264892578,11.308813095092773,21.345687866210938,0.001224219503126315,retain,ret_002,M_gd_s2
2,-2,real,21.357990264892578,11.308813095092773,21.42937469482422,-0.007103509941706274,retain,ret_002,M_gd_s2
2,-1,real,21.357990264892578,11.308813095092773,21.39405632019043,-0.0035889560596303084,retain,ret_002,M_gd_s2
2,-9,random_position,21.357990264892578,11.308813095092773,21.81191635131836,-0.045170473040314026,retain,ret_002,M_gd_s2
3,-6,real,21.357990264892578,11.308813095092773,21.378427505493164,-0.002033722786976506,retain,ret_002,M_gd_s2
3,-5,real,21.357990264892578,11.308813095092773,21.410568237304688,-0.005232067414446512,retain,ret_002,M_gd_s2
3,-4,real,21.357990264892578,11.308813095092773,21.352182388305664,0.0005779454863596324,retain,ret_002,M_gd_s2
3,-3,real,21.357990264892578,11.308813095092773,21.360477447509766,-0.0002475011212522038,retain,ret_002,M_gd_s2
3,-2,real,21.357990264892578,11.308813095092773,21.421831130981445,-0.006352845114595487,retain,ret_002,M_gd_s2
3,-1,real,21.357990264892578,11.308813095092773,21.453994750976562,-0.009553467359745728,retain,ret_002,M_gd_s2
3,-14,random_position,21.357990264892578,11.308813095092773,21.370506286621094,-0.0012454772681418417,retain,ret_002,M_gd_s2
4,-6,real,21.357990264892578,11.308813095092773,21.395383834838867,-0.0037210578850839387,retain,ret_002,M_gd_s2
4,-5,real,21.357990264892578,11.308813095092773,21.442594528198242,-0.00841902395351534,retain,ret_002,M_gd_s2
4,-4,real,21.357990264892578,11.308813095092773,21.407617568969727,-0.004938444535169549,retain,ret_002,M_gd_s2
4,-3,real,21.357990264892578,11.308813095092773,21.351253509521484,0.000670378803882503,retain,ret_002,M_gd_s2
4,-2,real,21.357990264892578,11.308813095092773,21.427513122558594,-0.006918263703713827,retain,ret_002,M_gd_s2
4,-1,real,21.357990264892578,11.308813095092773,21.461793899536133,-0.010329565584285804,retain,ret_002,M_gd_s2
4,-11,random_position,21.357990264892578,11.308813095092773,21.602996826171875,-0.024380758458075608,retain,ret_002,M_gd_s2
5,-6,real,21.357990264892578,11.308813095092773,21.45155906677246,-0.009311090878274052,retain,ret_002,M_gd_s2
5,-5,real,21.357990264892578,11.308813095092773,21.485729217529297,-0.01271138427339156,retain,ret_002,M_gd_s2
5,-4,real,21.357990264892578,11.308813095092773,21.426136016845703,-0.00678122703995302,retain,ret_002,M_gd_s2
5,-3,real,21.357990264892578,11.308813095092773,21.357934951782227,5.5042427272345945e-06,retain,ret_002,M_gd_s2
5,-2,real,21.357990264892578,11.308813095092773,21.436016082763672,-0.00776439867192113,retain,ret_002,M_gd_s2
5,-1,real,21.357990264892578,11.308813095092773,21.458877563476562,-0.010039359131529195,retain,ret_002,M_gd_s2
5,-12,random_position,21.357990264892578,11.308813095092773,21.37057113647461,-0.0012519305182358408,retain,ret_002,M_gd_s2
6,-6,real,21.357990264892578,11.308813095092773,21.483470916748047,-0.012486659328941706,retain,ret_002,M_gd_s2
6,-5,real,21.357990264892578,11.308813095092773,21.6614933013916,-0.03020177984433622,retain,ret_002,M_gd_s2
6,-4,real,21.357990264892578,11.308813095092773,21.390457153320312,-0.003230800679413354,retain,ret_002,M_gd_s2
6,-3,real,21.357990264892578,11.308813095092773,21.381927490234375,-0.002382008490579109,retain,ret_002,M_gd_s2
6,-2,real,21.357990264892578,11.308813095092773,21.435787200927734,-0.00774162249511878,retain,ret_002,M_gd_s2
6,-1,real,21.357990264892578,11.308813095092773,21.996877670288086,-0.06357609131576644,retain,ret_002,M_gd_s2
6,-2,random_position,21.357990264892578,11.308813095092773,21.435787200927734,-0.00774162249511878,retain,ret_002,M_gd_s2
7,-6,real,21.357990264892578,11.308813095092773,21.46111488342285,-0.010261996259772166,retain,ret_002,M_gd_s2
7,-5,real,21.357990264892578,11.308813095092773,21.688390731811523,-0.03287836022155906,retain,ret_002,M_gd_s2
7,-4,real,21.357990264892578,11.308813095092773,21.362991333007812,-0.0004976594631313485,retain,ret_002,M_gd_s2
7,-3,real,21.357990264892578,11.308813095092773,21.348342895507812,0.0009600158522190545,retain,ret_002,M_gd_s2
7,-2,real,21.357990264892578,11.308813095092773,21.42095184326172,-0.006265346635379792,retain,ret_002,M_gd_s2
7,-1,real,21.357990264892578,11.308813095092773,22.01167106628418,-0.06504819154309167,retain,ret_002,M_gd_s2
7,-9,random_position,21.357990264892578,11.308813095092773,21.07297706604004,0.02836184436165304,retain,ret_002,M_gd_s2
8,-6,real,21.357990264892578,11.308813095092773,21.3291072845459,0.0028741637109832227,retain,ret_002,M_gd_s2
8,-5,real,21.357990264892578,11.308813095092773,21.6069393157959,-0.024773078103496087,retain,ret_002,M_gd_s2
8,-4,real,21.357990264892578,11.308813095092773,21.29913330078125,0.005856893864724314,retain,ret_002,M_gd_s2
8,-3,real,21.357990264892578,11.308813095092773,21.315603256225586,0.004217958142321876,retain,ret_002,M_gd_s2
8,-2,real,21.357990264892578,11.308813095092773,21.425630569458008,-0.006730929649514497,retain,ret_002,M_gd_s2
8,-1,real,21.357990264892578,11.308813095092773,20.89925765991211,0.045648772753163376,retain,ret_002,M_gd_s2
8,-5,random_position,21.357990264892578,11.308813095092773,21.6069393157959,-0.024773078103496087,retain,ret_002,M_gd_s2
9,-6,real,21.357990264892578,11.308813095092773,21.356462478637695,0.00015203098015568656,retain,ret_002,M_gd_s2
9,-5,real,21.357990264892578,11.308813095092773,21.570720672607422,-0.021168937925997545,retain,ret_002,M_gd_s2
9,-4,real,21.357990264892578,11.308813095092773,21.313583374023438,0.0044189579026026144,retain,ret_002,M_gd_s2
9,-3,real,21.357990264892578,11.308813095092773,21.3552188873291,0.0002757815407817885,retain,ret_002,M_gd_s2
9,-2,real,21.357990264892578,11.308813095092773,21.44850730895996,-0.009007408520909385,retain,ret_002,M_gd_s2
9,-1,real,21.357990264892578,11.308813095092773,19.818763732910156,0.15316940939285736,retain,ret_002,M_gd_s2
9,-13,random_position,21.357990264892578,11.308813095092773,21.35710334777832,8.825768510910643e-05,retain,ret_002,M_gd_s2
10,-6,real,21.357990264892578,11.308813095092773,21.336109161376953,0.0021774025023046646,retain,ret_002,M_gd_s2
10,-5,real,21.357990264892578,11.308813095092773,21.50237464904785,-0.014367781731342467,retain,ret_002,M_gd_s2
10,-4,real,21.357990264892578,11.308813095092773,21.317768096923828,0.004002533470066315,retain,ret_002,M_gd_s2
10,-3,real,21.357990264892578,11.308813095092773,21.340974807739258,0.001693218943781373,retain,ret_002,M_gd_s2
10,-2,real,21.357990264892578,11.308813095092773,21.413721084594727,-0.005545809249898883,retain,ret_002,M_gd_s2
10,-1,real,21.357990264892578,11.308813095092773,16.926956176757812,0.440935015202149,retain,ret_002,M_gd_s2
10,-6,random_position,21.357990264892578,11.308813095092773,21.336109161376953,0.0021774025023046646,retain,ret_002,M_gd_s2
11,-6,real,21.357990264892578,11.308813095092773,21.357990264892578,-0.0,retain,ret_002,M_gd_s2
11,-5,real,21.357990264892578,11.308813095092773,21.357990264892578,-0.0,retain,ret_002,M_gd_s2
11,-4,real,21.357990264892578,11.308813095092773,21.357990264892578,-0.0,retain,ret_002,M_gd_s2
11,-3,real,21.357990264892578,11.308813095092773,21.357990264892578,-0.0,retain,ret_002,M_gd_s2
11,-2,real,21.357990264892578,11.308813095092773,21.357990264892578,-0.0,retain,ret_002,M_gd_s2
11,-1,real,21.357990264892578,11.308813095092773,11.648719787597656,0.96617566923525,retain,ret_002,M_gd_s2
11,-7,random_position,21.357990264892578,11.308813095092773,21.357990264892578,-0.0,retain,ret_002,M_gd_s2
0,-6,real,19.959136962890625,12.131689071655273,19.972829818725586,-0.0017493384849349522,retain,ret_002,M_gd_s2
0,-5,real,19.959136962890625,12.131689071655273,20.312862396240234,-0.04519039133376886,retain,ret_002,M_gd_s2
0,-4,real,19.959136962890625,12.131689071655273,19.954856872558594,0.0005468053433896132,retain,ret_002,M_gd_s2
0,-3,real,19.959136962890625,12.131689071655273,19.94615936279297,0.0016579605866412336,retain,ret_002,M_gd_s2
0,-2,real,19.959136962890625,12.131689071655273,19.954082489013672,0.0006457371479422794,retain,ret_002,M_gd_s2
0,-1,real,19.959136962890625,12.131689071655273,20.02024269104004,-0.0078065966070289825,retain,ret_002,M_gd_s2
0,-11,random_position,19.959136962890625,12.131689071655273,19.96950340270996,-0.0013243703392702975,retain,ret_002,M_gd_s2
1,-6,real,19.959136962890625,12.131689071655273,20.15418243408203,-0.024918143678708485,retain,ret_002,M_gd_s2
1,-5,real,19.959136962890625,12.131689071655273,20.46979331970215,-0.06523918956820166,retain,ret_002,M_gd_s2
1,-4,real,19.959136962890625,12.131689071655273,19.93390655517578,0.0032233249030114985,retain,ret_002,M_gd_s2
1,-3,real,19.959136962890625,12.131689071655273,19.94317054748535,0.0020397983643112533,retain,ret_002,M_gd_s2
1,-2,real,19.959136962890625,12.131689071655273,19.95929527282715,-2.022497482234309e-05,retain,ret_002,M_gd_s2
1,-1,real,19.959136962890625,12.131689071655273,20.055097579956055,-0.012259502509480762,retain,ret_002,M_gd_s2
1,-3,random_position,19.959136962890625,12.131689071655273,19.94317054748535,0.0020397983643112533,retain,ret_002,M_gd_s2
2,-6,real,19.959136962890625,12.131689071655273,20.40704345703125,-0.05722254563229485,retain,ret_002,M_gd_s2
2,-5,real,19.959136962890625,12.131689071655273,20.592849731445312,-0.08096033053944394,retain,ret_002,M_gd_s2
2,-4,real,19.959136962890625,12.131689071655273,19.941221237182617,0.002288833596461068,retain,ret_002,M_gd_s2
2,-3,real,19.959136962890625,12.131689071655273,19.97478485107422,-0.0019991047402711172,retain,ret_002,M_gd_s2
2,-2,real,19.959136962890625,12.131689071655273,19.97319221496582,-0.0017956366200704366,retain,ret_002,M_gd_s2
2,-1,real,19.959136962890625,12.131689071655273,20.10358428955078,-0.018453949316213095,retain,ret_002,M_gd_s2
2,-8,random_position,19.959136962890625,12.131689071655273,20.129018783569336,-0.021703347379537736,retain,ret_002,M_gd_s2
3,-6,real,19.959136962890625,12.131689071655273,20.594585418701172,-0.08118207423930336,retain,ret_002,M_gd_s2
3,-5,real,19.959136962890625,12.131689071655273,20.93097496032715,-0.12415770899282794,retain,ret_002,M_gd_s2
3,-4,real,19.959136962890625,12.131689071655273,20.1342830657959,-0.022375888710979504,retain,ret_002,M_gd_s2
3,-3,real,19.959136962890625,12.131689071655273,20.017183303833008,-0.007415742876727316,retain,ret_002,M_gd_s2
3,-2,real,19.959136962890625,12.131689071655273,19.955184936523438,0.0005048933473722275,retain,ret_002,M_gd_s2
3,-1,real,19.959136962890625,12.131689071655273,20.191579818725586,-0.029695867550295005,retain,ret_002,M_gd_s2
3,-11,random_position,19.959136962890625,12.131689071655273,19.990842819213867,-0.004050599475563966,retain,ret_002,M_gd_s2
4,-6,real,19.959136962890625,12.131689071655273,20.72740936279297,-0.09815107178964466,retain,ret_002,M_gd_s2
4,-5,real,19.959136962890625,12.131689071655273,21.54894256591797,-0.20310650739783281,retain,ret_002,M_gd_s2
4,-4,real,19.959136962890625,12.131689071655273,20.270566940307617,-0.03978691161466696,retain,ret_002,M_gd_s2
4,-3,real,19.959136962890625,12.131689071655273,20.039005279541016,-0.010203621635069814,retain,ret_002,M_gd_s2
4,-2,real,19.959136962890625,12.131689071655273,19.937511444091797,0.002762780295611156,retain,ret_002,M_gd_s2
4,-1,real,19.959136962890625,12.131689071655273,20.20798110961914,-0.031791223676768836,retain,ret_002,M_gd_s2
4,-8,random_position,19.959136962890625,12.131689071655273,20.249921798706055,-0.03714937995831706,retain,ret_002,M_gd_s2
5,-6,real,19.959136962890625,12.131689071655273,20.603395462036133,-0.08230760627188653,retain,ret_002,M_gd_s2
5,-5,real,19.959136962890625,12.131689071655273,22.040863037109375,-0.2659520833795299,retain,ret_002,M_gd_s2
5,-4,real,19.959136962890625,12.131689071655273,20.436941146850586,-0.061042141780972295,retain,ret_002,M_gd_s2
5,-3,real,19.959136962890625,12.131689071655273,20.100858688354492,-0.018105738605115163,retain,ret_002,M_gd_s2
5,-2,real,19.959136962890625,12.131689071655273,19.965465545654297,-0.0008085116441028237,retain,ret_002,M_gd_s2
5,-1,real,19.959136962890625,12.131689071655273,20.193897247314453,-0.02999193194076665,retain,ret_002,M_gd_s2
5,-10,random_position,19.959136962890625,12.131689071655273,19.973539352416992,-0.0018399853600423214,retain,ret_002,M_gd_s2
6,-6,real,19.959136962890625,12.131689071655273,20.37665367126465,-0.05334008148959132,retain,ret_002,M_gd_s2
6,-5,real,19.959136962890625,12.131689071655273,21.064008712768555,-0.14115351072666873,retain,ret_002,M_gd_s2
6,-4,real,19.959136962890625,12.131689071655273,20.494041442871094,-0.06833702215755645,retain,ret_002,M_gd_s2
6,-3,real,19.959136962890625,12.131689071655273,20.085432052612305,-0.01613490009471624,retain,ret_002,M_gd_s2
6,-2,real,19.959136962890625,12.131689071655273,20.04692840576172,-0.011215845073768767,retain,ret_002,M_gd_s2
6,-1,real,19.959136962890625,12.131689071655273,21.752979278564453,-0.2291733321766922,retain,ret_002,M_gd_s2
6,-2,random_position,19.959136962890625,12.131689071655273,20.04692840576172,-0.011215845073768767,retain,ret_002,M_gd_s2
7,-6,real,19.959136962890625,12.131689071655273,19.975656509399414,-0.002110463938991729,retain,ret_002,M_gd_s2
7,-5,real,19.959136962890625,12.131689071655273,21.48639678955078,-0.19511593662223914,retain,ret_002,M_gd_s2
7,-4,real,19.959136962890625,12.131689071655273,20.53297996520996,-0.0733116349406665,retain,ret_002,M_gd_s2
7,-3,real,19.959136962890625,12.131689071655273,20.07447624206543,-0.014735234367251916,retain,ret_002,M_gd_s2
7,-2,real,19.959136962890625,12.131689071655273,20.054292678833008,-0.012156671914600896,retain,ret_002,M_gd_s2
7,-1,real,19.959136962890625,12.131689071655273,21.80914878845215,-0.2363492994482968,retain,ret_002,M_gd_s2
7,-7,random_position,19.959136962890625,12.131689071655273,16.81226921081543,0.4020298564489769,retain,ret_002,M_gd_s2
8,-6,real,19.959136962890625,12.131689071655273,19.88333511352539,0.009684107823970592,retain,ret_002,M_gd_s2
8,-5,real,19.959136962890625,12.131689071655273,20.483339309692383,-0.06696976512468697,retain,ret_002,M_gd_s2
8,-4,real,19.959136962890625,12.131689071655273,20.104171752929688,-0.01852900103001167,retain,ret_002,M_gd_s2
8,-3,real,19.959136962890625,12.131689071655273,19.950536727905273,0.0010987278490836745,retain,ret_002,M_gd_s2
8,-2,real,19.959136962890625,12.131689071655273,20.03546142578125,-0.009750874608323868,retain,ret_002,M_gd_s2
8,-1,real,19.959136962890625,12.131689071655273,21.01287269592285,-0.13462060018465646,retain,ret_002,M_gd_s2
8,-5,random_position,19.959136962890625,12.131689071655273,20.483339309692383,-0.06696976512468697,retain,ret_002,M_gd_s2
9,-6,real,19.959136962890625,12.131689071655273,19.826505661010742,0.016944386436400862,retain,ret_002,M_gd_s2
9,-5,real,19.959136962890625,12.131689071655273,20.018339157104492,-0.007563409560369966,retain,ret_002,M_gd_s2
9,-4,real,19.959136962890625,12.131689071655273,19.94717788696289,0.001527838459470978,retain,ret_002,M_gd_s2
9,-3,real,19.959136962890625,12.131689071655273,19.966712951660156,-0.0009678746987270693,retain,ret_002,M_gd_s2
9,-2,real,19.959136962890625,12.131689071655273,20.0744686126709,-0.014734259669670116,retain,ret_002,M_gd_s2
9,-1,real,19.959136962890625,12.131689071655273,20.36077117919922,-0.05131100479867987,retain,ret_002,M_gd_s2
9,-10,random_position,19.959136962890625,12.131689071655273,19.956235885620117,0.0003706287554793234,retain,ret_002,M_gd_s2
10,-6,real,19.959136962890625,12.131689071655273,19.872581481933594,0.011057944065517222,retain,ret_002,M_gd_s2
10,-5,real,19.959136962890625,12.131689071655273,20.400390625,-0.05637260934096554,retain,ret_002,M_gd_s2
10,-4,real,19.959136962890625,12.131689071655273,19.97614288330078,-0.002172600909831458,retain,ret_002,M_gd_s2
10,-3,real,19.959136962890625,12.131689071655273,19.86878204345703,0.011543343461253457,retain,ret_002,M_gd_s2
10,-2,real,19.959136962890625,12.131689071655273,20.11858367919922,-0.02037020476203124,retain,ret_002,M_gd_s2
10,-1,real,19.959136962890625,12.131689071655273,17.602092742919922,0.3011255076651436,retain,ret_002,M_gd_s2
10,-5,random_position,19.959136962890625,12.131689071655273,20.400390625,-0.05637260934096554,retain,ret_002,M_gd_s2
11,-6,real,19.959136962890625,12.131689071655273,19.959136962890625,-0.0,retain,ret_002,M_gd_s2
11,-5,real,19.959136962890625,12.131689071655273,19.959136962890625,-0.0,retain,ret_002,M_gd_s2
11,-4,real,19.959136962890625,12.131689071655273,19.959136962890625,-0.0,retain,ret_002,M_gd_s2
11,-3,real,19.959136962890625,12.131689071655273,19.959136962890625,-0.0,retain,ret_002,M_gd_s2
11,-2,real,19.959136962890625,12.131689071655273,19.959136962890625,-0.0,retain,ret_002,M_gd_s2
11,-1,real,19.959136962890625,12.131689071655273,12.477109909057617,0.9558705669840201,retain,ret_002,M_gd_s2
11,-6,random_position,19.959136962890625,12.131689071655273,19.959136962890625,-0.0,retain,ret_002,M_gd_s2
0,-6,real,21.27586555480957,11.474437713623047,21.291120529174805,-0.0015564032722999333,retain,ret_002,M_gd_s2
0,-5,real,21.27586555480957,11.474437713623047,21.02516746520996,0.025577711090842538,retain,ret_002,M_gd_s2
0,-4,real,21.27586555480957,11.474437713623047,21.295591354370117,-0.0020125434661322716,retain,ret_002,M_gd_s2
0,-3,real,21.27586555480957,11.474437713623047,21.497737884521484,-0.022636735515165006,retain,ret_002,M_gd_s2
0,-2,real,21.27586555480957,11.474437713623047,21.282363891601562,-0.0006629989933390688,retain,ret_002,M_gd_s2
0,-1,real,21.27586555480957,11.474437713623047,21.218921661376953,0.005809754900539448,retain,ret_002,M_gd_s2
0,-12,random_position,21.27586555480957,11.474437713623047,21.28276252746582,-0.000703670196628727,retain,ret_002,M_gd_s2
1,-6,real,21.27586555480957,11.474437713623047,21.23251724243164,0.004422652809397422,retain,ret_002,M_gd_s2
1,-5,real,21.27586555480957,11.474437713623047,20.777572631835938,0.05083880951301391,retain,ret_002,M_gd_s2
1,-4,real,21.27586555480957,11.474437713623047,21.405620574951172,-0.013238379371254333,retain,ret_002,M_gd_s2
1,-3,real,21.27586555480957,11.474437713623047,21.677392959594727,-0.04096621546280229,retain,ret_002,M_gd_s2
1,-2,real,21.27586555480957,11.474437713623047,21.290908813476562,-0.0015348027767728898,retain,ret_002,M_gd_s2
1,-1,real,21.27586555480957,11.474437713623047,21.219453811645508,0.005755461763133636,retain,ret_002,M_gd_s2
1,-3,random_position,21.27586555480957,11.474437713623047,21.677392959594727,-0.04096621546280229,retain,ret_002,M_gd_s2
2,-6,real,21.27586555480957,11.474437713623047,21.265178680419922,0.0010903385264686828,retain,ret_002,M_gd_s2
2,-5,real,21.27586555480957,11.474437713623047,20.67587661743164,0.061214442130229196,retain,ret_002,M_gd_s2
2,-4,real,21.27586555480957,11.474437713623047,21.610076904296875,-0.03409823088049652,retain,ret_002,M_gd_s2
2,-3,real,21.27586555480957,11.474437713623047,21.867815017700195,-0.06039420709737795,retain,ret_002,M_gd_s2
2,-2,real,21.27586555480957,11.474437713623047,21.272411346435547,0.0003524188954907701,retain,ret_002,M_gd_s2
2,-1,real,21.27586555480957,11.474437713623047,21.298734664916992,-0.0023332427150382844,retain,ret_002,M_gd_s2
2,-8,random_position,21.27586555480957,11.474437713623047,21.29865074157715,-0.002324680356450988,retain,ret_002,M_gd_s2
3,-6,real,21.27586555480957,11.474437713623047,21.406768798828125,-0.013355528004653252,retain,ret_002,M_gd_s2
3,-5,real,21.27586555480957,11.474437713623047,20.403095245361328,0.08904522112388351,retain,ret_002,M_gd_s2
3,-4,real,21.27586555480957,11.474437713623047,21.7479248046875,-0.04816229405824856,retain,ret_002,M_gd_s2
3,-3,real,21.27586555480957,11.474437713623047,22.123109817504883,-0.08644090191993377,retain,ret_002,M_gd_s2
3,-2,real,21.27586555480957,11.474437713623047,21.426586151123047,-0.015377412225608029,retain,ret_002,M_gd_s2
3,-1,real,21.27586555480957,11.474437713623047,21.317758560180664,-0.0042741737275313494,retain,ret_002,M_gd_s2
3,-12,random_position,21.27586555480957,11.474437713623047,21.29241943359375,-0.001688925231344226,retain,ret_002,M_gd_s2
4,-6,real,21.27586555480957,11.474437713623047,21.506179809570312,-0.02349803094942351,retain,ret_002,M_gd_s2
4,-5,real,21.27586555480957,11.474437713623047,20.140647888183594,0.11582166241694755,retain,ret_002,M_gd_s2
4,-4,real,21.27586555480957,11.474437713623047,21.715436935424805,-0.04484768828967082,retain,ret_002,M_gd_s2
4,-3,real,21.27586555480957,11.474437713623047,22.51857566833496,-0.1267886815738627,retain,ret_002,M_gd_s2
4,-2,real,21.27586555480957,11.474437713623047,21.537212371826172,-0.026664157636135177,retain,ret_002,M_gd_s2
4,-1,real,21.27586555480957,11.474437713623047,21.32479476928711,-0.004992049655452637,retain,ret_002,M_gd_s2
4,-9,random_position,21.27586555480957,11.474437713623047,21.295475006103516,-0.002000672923545338,retain,ret_002,M_gd_s2
5,-6,real,21.27586555480957,11.474437713623047,21.414636611938477,-0.014158249122212295,retain,ret_002,M_gd_s2
5,-5,real,21.27586555480957,11.474437713623047,19.13803482055664,0.2181142144687903,retain,ret_002,M_gd_s2
5,-4,real,21.27586555480957,11.474437713623047,21.676198959350586,-0.04084439645199212,retain,ret_002,M_gd_s2
5,-3,real,21.27586555480957,11.474437713623047,22.903575897216797,-0.166068696192144,retain,ret_002,M_gd_s2
5,-2,real,21.27586555480957,11.474437713623047,21.57430076599121,-0.030448136334543803,retain,ret_002,M_gd_s2
5,-1,real,21.27586555480957,11.474437713623047,21.535444259643555,-0.026483764308625545,retain,ret_002,M_gd_s2
5,-11,random_position,21.27586555480957,11.474437713623047,21.275251388549805,6.26608969343059e-05,retain,ret_002,M_gd_s2
6,-6,real,21.27586555480957,11.474437713623047,21.448652267456055,-0.01762872873689059,retain,ret_002,M_gd_s2
6,-5,real,21.27586555480957,11.474437713623047,18.257896423339844,0.3079111717568267,retain,ret_002,M_gd_s2
6,-4,real,21.27586555480957,11.474437713623047,21.382369995117188,-0.01086621684445561,retain,ret_002,M_gd_s2
6,-3,real,21.27586555480957,11.474437713623047,22.200313568115234,-0.09431768802307011,retain,ret_002,M_gd_s2
6,-2,real,21.27586555480957,11.474437713623047,21.53577423095703,-0.026517429945798324,retain,ret_002,M_gd_s2
6,-1,real,21.27586555480957,11.474437713623047,22.833450317382812,-0.15891406719622259,retain,ret_002,M_gd_s2
6,-2,random_position,21.27586555480957,11.474437713623047,21.53577423095703,-0.026517429945798324,retain,ret_002,M_gd_s2
7,-6,real,21.27586555480957,11.474437713623047,21.239788055419922,0.0036808411972434653,retain,ret_002,M_gd_s2
7,-5,real,21.27586555480957,11.474437713623047,17.503917694091797,0.38483656889945084,retain,ret_002,M_gd_s2
7,-4,real,21.27586555480957,11.474437713623047,21.02081298828125,0.026021980742087943,retain,ret_002,M_gd_s2
7,-3,real,21.27586555480957,11.474437713623047,22.317651748657227,-0.10628922752152217,retain,ret_002,M_gd_s2
7,-2,real,21.27586555480957,11.474437713623047,21.454025268554688,-0.018176914285536368,retain,ret_002,M_gd_s2
7,-1,real,21.27586555480957,11.474437713623047,22.728778839111328,-0.1482348600472759,retain,ret_002,M_gd_s2
7,-8,random_position,21.27586555480957,11.474437713623047,21.274620056152344,0.0001270731853978315,retain,ret_002,M_gd_s2
8,-6,real,21.27586555480957,11.474437713623047,21.277240753173828,-0.00014030592139638057,retain,ret_002,M_gd_s2
8,-5,real,21.27586555480957,11.474437713623047,18.69183921813965,0.26363774528968115,retain,ret_002,M_gd_s2
8,-4,real,21.27586555480957,11.474437713623047,20.965930938720703,0.03162137406006222,retain,ret_002,M_gd_s2
8,-3,real,21.27586555480957,11.474437713623047,21.626609802246094,-0.03578501552219392,retain,ret_002,M_gd_s2
8,-2,real,21.27586555480957,11.474437713623047,21.199417114257812,0.0077997248758506655,retain,ret_002,M_gd_s2
8,-1,real,21.27586555480957,11.474437713623047,21.03158187866211,0.024923274456090765,retain,ret_002,M_gd_s2
8,-5,random_position,21.27586555480957,11.474437713623047,18.69183921813965,0.26363774528968115,retain,ret_002,M_gd_s2
9,-6,real,21.27586555480957,11.474437713623047,21.282318115234375,-0.0006583286159278163,retain,ret_002,M_gd_s2
9,-5,real,21.27586555480957,11.474437713623047,19.504344940185547,0.1807410760277117,retain,ret_002,M_gd_s2
9,-4,real,21.27586555480957,11.474437713623047,21.058137893676758,0.022213871760387843,retain,ret_002,M_gd_s2
9,-3,real,21.27586555480957,11.474437713623047,21.154056549072266,0.0124276796922844,retain,ret_002,M_gd_s2
9,-2,real,21.27586555480957,11.474437713623047,21.17192268371582,0.010604870308484267,retain,ret_002,M_gd_s2
9,-1,real,21.27586555480957,11.474437713623047,19.99226188659668,0.1309608853945817,retain,ret_002,M_gd_s2
9,-11,random_position,21.27586555480957,11.474437713623047,21.272071838378906,0.00038705752795756027,retain,ret_002,M_gd_s2
10,-6,real,21.27586555480957,11.474437713623047,21.288965225219727,-0.001336506335853456,retain,ret_002,M_gd_s2
10,-5,real,21.27586555480957,11.474437713623047,21.13868522644043,0.013995953507171267,retain,ret_002,M_gd_s2
10,-4,real,21.27586555480957,11.474437713623047,21.11654281616211,0.016255053980805918,retain,ret_002,M_gd_s2
10,-3,real,21.27586555480957,11.474437713623047,21.289634704589844,-0.0014048106054930256,retain,ret_002,M_gd_s2
10,-2,real,21.27586555480957,11.474437713623047,21.28839874267578,-0.001278710415389205,retain,ret_002,M_gd_s2
10,-1,real,21.27586555480957,11.474437713623047,16.78333282470703,0.45835492572056624,retain,ret_002,M_gd_s2
10,-6,random_position,21.27586555480957,11.474437713623047,21.288965225219727,-0.001336506335853456,retain,ret_002,M_gd_s2
11,-6,real,21.27586555480957,11.474437713623047,21.27586555480957,-0.0,retain,ret_002,M_gd_s2
11,-5,real,21.27586555480957,11.474437713623047,21.27586555480957,-0.0,retain,ret_002,M_gd_s2
11,-4,real,21.27586555480957,11.474437713623047,21.27586555480957,-0.0,retain,ret_002,M_gd_s2
11,-3,real,21.27586555480957,11.474437713623047,21.27586555480957,-0.0,retain,ret_002,M_gd_s2
11,-2,real,21.27586555480957,11.474437713623047,21.27586555480957,-0.0,retain,ret_002,M_gd_s2
11,-1,real,21.27586555480957,11.474437713623047,11.890718460083008,0.9575285608173627,retain,ret_002,M_gd_s2
11,-6,random_position,21.27586555480957,11.474437713623047,21.27586555480957,-0.0,retain,ret_002,M_gd_s2
0,-6,real,20.219772338867188,12.421262741088867,20.557615280151367,-0.04332147534708762,retain,ret_002,M_gd_s2
0,-5,real,20.219772338867188,12.421262741088867,20.218284606933594,0.00019077131533153243,retain,ret_002,M_gd_s2
0,-4,real,20.219772338867188,12.421262741088867,20.213775634765625,0.0007689551479517153,retain,ret_002,M_gd_s2
0,-3,real,20.219772338867188,12.421262741088867,20.21678352355957,0.00038325468092886063,retain,ret_002,M_gd_s2
0,-2,real,20.219772338867188,12.421262741088867,20.224552154541016,-0.0006129139951548977,retain,ret_002,M_gd_s2
0,-1,real,20.219772338867188,12.421262741088867,20.27345085144043,-0.00688317580432733,retain,ret_002,M_gd_s2
0,-12,random_position,20.219772338867188,12.421262741088867,20.22603988647461,-0.0008036853104864301,retain,ret_002,M_gd_s2
1,-6,real,20.219772338867188,12.421262741088867,20.708818435668945,-0.0627102000286157,retain,ret_002,M_gd_s2
1,-5,real,20.219772338867188,12.421262741088867,20.204605102539062,0.001944889101944033,retain,ret_002,M_gd_s2
1,-4,real,20.219772338867188,12.421262741088867,20.192338943481445,0.003517774138991578,retain,ret_002,M_gd_s2
1,-3,real,20.219772338867188,12.421262741088867,20.19961929321289,0.002584217586914066,retain,ret_002,M_gd_s2
1,-2,real,20.219772338867188,12.421262741088867,20.232421875,-0.0016220453375368244,retain,ret_002,M_gd_s2
1,-1,real,20.219772338867188,12.421262741088867,20.316082000732422,-0.01234975230301333,retain,ret_002,M_gd_s2
1,-3,random_position,20.219772338867188,12.421262741088867,20.19961929321289,0.002584217586914066,retain,ret_002,M_gd_s2
2,-6,real,20.219772338867188,12.421262741088867,20.808834075927734,-0.07553516856969206,retain,ret_002,M_gd_s2
2,-5,real,20.219772338867188,12.421262741088867,20.21462631225586,0.0006598730881595827,retain,ret_002,M_gd_s2
2,-4,real,20.219772338867188,12.421262741088867,20.218177795410156,0.00020446771745789884,retain,ret_002,M_gd_s2
2,-3,real,20.219772338867188,12.421262741088867,20.191394805908203,0.003638840550644281,retain,ret_002,M_gd_s2
2,-2,real,20.219772338867188,12.421262741088867,20.26885223388672,-0.006293496777065375,retain,ret_002,M_gd_s2
2,-1,real,20.219772338867188,12.421262741088867,20.382699966430664,-0.02089214939350619,retain,ret_002,M_gd_s2
2,-8,random_position,20.219772338867188,12.421262741088867,19.59986114501953,0.07949098299811796,retain,ret_002,M_gd_s2
3,-6,real,20.219772338867188,12.421262741088867,21.17775535583496,-0.12284180777833352,retain,ret_002,M_gd_s2
3,-5,real,20.219772338867188,12.421262741088867,20.377971649169922,-0.02028583902080508,retain,ret_002,M_gd_s2
3,-4,real,20.219772338867188,12.421262741088867,20.21013641357422,0.0012356111346857716,retain,ret_002,M_gd_s2
3,-3,real,20.219772338867188,12.421262741088867,20.214553833007812,0.0006691670753167599,retain,ret_002,M_gd_s2
3,-2,real,20.219772338867188,12.421262741088867,20.27080726623535,-0.00654418985169976,retain,ret_002,M_gd_s2
3,-1,real,20.219772338867188,12.421262741088867,20.488723754882812,-0.03448754055419067,retain,ret_002,M_gd_s2
3,-12,random_position,20.219772338867188,12.421262741088867,20.25699234008789,-0.004772706983819902,retain,ret_002,M_gd_s2
4,-6,real,20.219772338867188,12.421262741088867,21.880199432373047,-0.21291595178377296,retain,ret_002,M_gd_s2
4,-5,real,20.219772338867188,12.421262741088867,20.514806747436523,-0.037832153037727474,retain,ret_002,M_gd_s2
4,-4,real,20.219772338867188,12.421262741088867,20.19804573059082,0.0027859949396685717,retain,ret_002,M_gd_s2
4,-3,real,20.219772338867188,12.421262741088867,20.20087242126465,0.00242352944053866,retain,ret_002,M_gd_s2
4,-2,real,20.219772338867188,12.421262741088867,20.243453979492188,-0.003036688014302957,retain,ret_002,M_gd_s2
4,-1,real,20.219772338867188,12.421262741088867,20.5809383392334,-0.04631218258282349,retain,ret_002,M_gd_s2
4,-9,random_position,20.219772338867188,12.421262741088867,20.521949768066406,-0.038748099929928226,retain,ret_002,M_gd_s2
5,-6,real,20.219772338867188,12.421262741088867,22.471393585205078,-0.28872455923877355,retain,ret_002,M_gd_s2
5,-5,real,20.219772338867188,12.421262741088867,20.69361114501953,-0.060760174775874275,retain,ret_002,M_gd_s2
5,-4,real,20.219772338867188,12.421262741088867,20.230228424072266,-0.0013407799367275138,retain,ret_002,M_gd_s2
5,-3,real,20.219772338867188,12.421262741088867,20.19666290283203,0.002963314431483137,retain,ret_002,M_gd_s2
5,-2,real,20.219772338867188,12.421262741088867,20.258907318115234,-0.0050182639076569,retain,ret_002,M_gd_s2
5,-1,real,20.219772338867188,12.421262741088867,20.69097137451172,-0.06042167798046551,retain,ret_002,M_gd_s2
5,-11,random_position,20.219772338867188,12.421262741088867,20.232755661010742,-0.0016648465941817194,retain,ret_002,M_gd_s2
6,-6,real,20.219772338867188,12.421262741088867,21.343996047973633,-0.14415879021636646,retain,ret_002,M_gd_s2
6,-5,real,20.219772338867188,12.421262741088867,20.634010314941406,-0.05311758238936181,retain,ret_002,M_gd_s2
6,-4,real,20.219772338867188,12.421262741088867,20.266756057739258,-0.006024704885335433,retain,ret_002,M_gd_s2
6,-3,real,20.219772338867188,12.421262741088867,20.225078582763672,-0.0006804176913491323,retain,ret_002,M_gd_s2
6,-2,real,20.219772338867188,12.421262741088867,20.293481826782227,-0.009451740360239835,retain,ret_002,M_gd_s2
6,-1,real,20.219772338867188,12.421262741088867,22.18869400024414,-0.252474096068032,retain,ret_002,M_gd_s2
6,-2,random_position,20.219772338867188,12.421262741088867,20.293481826782227,-0.009451740360239835,retain,ret_002,M_gd_s2
7,-6,real,20.219772338867188,12.421262741088867,21.805255889892578,-0.20330596906325168,retain,ret_002,M_gd_s2
7,-5,real,20.219772338867188,12.421262741088867,20.65519142150879,-0.05583362784674215,retain,ret_002,M_gd_s2
7,-4,real,20.219772338867188,12.421262741088867,20.248428344726562,-0.0036745490276165935,retain,ret_002,M_gd_s2
7,-3,real,20.219772338867188,12.421262741088867,20.20503044128418,0.0018903480720479668,retain,ret_002,M_gd_s2
7,-2,real,20.219772338867188,12.421262741088867,20.27321434020996,-0.0068528480567618035,retain,ret_002,M_gd_s2
7,-1,real,20.219772338867188,12.421262741088867,22.1684627532959,-0.24987985075813254,retain,ret_002,M_gd_s2
7,-8,random_position,20.219772338867188,12.421262741088867,17.344314575195312,0.36871888501503547,retain,ret_002,M_gd_s2
8,-6,real,20.219772338867188,12.421262741088867,20.911149978637695,-0.0886550989137041,retain,ret_002,M_gd_s2
8,-5,real,20.219772338867188,12.421262741088867,20.32185173034668,-0.013089602596446518,retain,ret_002,M_gd_s2
8,-4,real,20.219772338867188,12.421262741088867,20.264738082885742,-0.005765940716590868,retain,ret_002,M_gd_s2
8,-3,real,20.219772338867188,12.421262741088867,20.215900421142578,0.0004964945770807831,retain,ret_002,M_gd_s2
8,-2,real,20.219772338867188,12.421262741088867,20.308719635009766,-0.011405678870731645,retain,ret_002,M_gd_s2
8,-1,real,20.219772338867188,12.421262741088867,21.40771484375,-0.15232942782057224,retain,ret_002,M_gd_s2
8,-5,random_position,20.219772338867188,12.421262741088867,20.32185173034668,-0.013089602596446518,retain,ret_002,M_gd_s2
9,-6,real,20.219772338867188,12.421262741088867,20.335397720336914,-0.01482659988040106,retain,ret_002,M_gd_s2
9,-5,real,20.219772338867188,12.421262741088867,20.208580017089844,0.0014351872799556824,retain,ret_002,M_gd_s2
9,-4,real,20.219772338867188,12.421262741088867,20.309412002563477,-0.011494460905943627,retain,ret_002,M_gd_s2
9,-3,real,20.219772338867188,12.421262741088867,20.233871459960938,-0.0018079250806803688,retain,ret_002,M_gd_s2
9,-2,real,20.219772338867188,12.421262741088867,20.35799789428711,-0.017724611823174558,retain,ret_002,M_gd_s2
9,-1,real,20.219772338867188,12.421262741088867,20.628158569335938,-0.05236721521572445,retain,ret_002,M_gd_s2
9,-11,random_position,20.219772338867188,12.421262741088867,20.21673583984375,0.00038936914616384565,retain,ret_002,M_gd_s2
10,-6,real,20.219772338867188,12.421262741088867,20.740642547607422,-0.0667909941264447,retain,ret_002,M_gd_s2
10,-5,real,20.219772338867188,12.421262741088867,20.23422622680664,-0.0018534167020286573,retain,ret_002,M_gd_s2
10,-4,real,20.219772338867188,12.421262741088867,20.24492835998535,-0.0032257472793686937,retain,ret_002,M_gd_s2
10,-3,real,20.219772338867188,12.421262741088867,20.216989517211914,0.0003568401911137254,retain,ret_002,M_gd_s2
10,-2,real,20.219772338867188,12.421262741088867,20.342565536499023,-0.015745726294524007,retain,ret_002,M_gd_s2
10,-1,real,20.219772338867188,12.421262741088867,17.954740524291992,0.2904441914414607,retain,ret_002,M_gd_s2
10,-6,random_position,20.219772338867188,12.421262741088867,20.740642547607422,-0.0667909941264447,retain,ret_002,M_gd_s2
11,-6,real,20.219772338867188,12.421262741088867,20.219772338867188,-0.0,retain,ret_002,M_gd_s2
11,-5,real,20.219772338867188,12.421262741088867,20.219772338867188,-0.0,retain,ret_002,M_gd_s2
11,-4,real,20.219772338867188,12.421262741088867,20.219772338867188,-0.0,retain,ret_002,M_gd_s2
11,-3,real,20.219772338867188,12.421262741088867,20.219772338867188,-0.0,retain,ret_002,M_gd_s2
11,-2,real,20.219772338867188,12.421262741088867,20.219772338867188,-0.0,retain,ret_002,M_gd_s2
11,-1,real,20.219772338867188,12.421262741088867,12.769346237182617,0.955365382099047,retain,ret_002,M_gd_s2
11,-6,random_position,20.219772338867188,12.421262741088867,20.219772338867188,-0.0,retain,ret_002,M_gd_s2
0,-6,real,19.82218360900879,11.962491989135742,19.538864135742188,0.03604714879019361,retain,ret_002,M_gd_s2
0,-5,real,19.82218360900879,11.962491989135742,19.787517547607422,0.0044106134283582905,retain,ret_002,M_gd_s2
0,-4,real,19.82218360900879,11.962491989135742,20.05314064025879,-0.0293849991093837,retain,ret_002,M_gd_s2
0,-3,real,19.82218360900879,11.962491989135742,19.831769943237305,-0.0012196832512202898,retain,ret_002,M_gd_s2
0,-2,real,19.82218360900879,11.962491989135742,19.853639602661133,-0.004002191838266021,retain,ret_002,M_gd_s2
0,-1,real,19.82218360900879,11.962491989135742,19.873008728027344,-0.0064665538390901445,retain,ret_002,M_gd_s2
0,-13,random_position,19.82218360900879,11.962491989135742,19.818477630615234,0.00047151702290509814,retain,ret_002,M_gd_s2
1,-6,real,19.82218360900879,11.962491989135742,19.2703857421875,0.07020604541609254,retain,ret_002,M_gd_s2
1,-5,real,19.82218360900879,11.962491989135742,19.84521484375,-0.002930297504672702,retain,ret_002,M_gd_s2
1,-4,real,19.82218360900879,11.962491989135742,20.192947387695312,-0.04717281499302795,retain,ret_002,M_gd_s2
1,-3,real,19.82218360900879,11.962491989135742,19.842031478881836,-0.0025252733609626614,retain,ret_002,M_gd_s2
1,-2,real,19.82218360900879,11.962491989135742,19.868677139282227,-0.005915439500944248,retain,ret_002,M_gd_s2
1,-1,real,19.82218360900879,11.962491989135742,19.96143913269043,-0.01771768288332538,retain,ret_002,M_gd_s2
1,-3,random_position,19.82218360900879,11.962491989135742,19.842031478881836,-0.0025252733609626614,retain,ret_002,M_gd_s2
2,-6,real,19.82218360900879,11.962491989135742,19.262617111206055,0.07119445963857965,retain,ret_002,M_gd_s2
2,-5,real,19.82218360900879,11.962491989135742,19.961292266845703,-0.01769899692822312,retain,ret_002,M_gd_s2
2,-4,real,19.82218360900879,11.962491989135742,20.314346313476562,-0.06261857694560834,retain,ret_002,M_gd_s2
2,-3,real,19.82218360900879,11.962491989135742,19.895404815673828,-0.009316040654814109,retain,ret_002,M_gd_s2
2,-2,real,19.82218360900879,11.962491989135742,19.93113136291504,-0.013861581239495217,retain,ret_002,M_gd_s2
2,-1,real,19.82218360900879,11.962491989135742,20.093442916870117,-0.03451271639913394,retain,ret_002,M_gd_s2
2,-9,random_position,19.82218360900879,11.962491989135742,19.83837127685547,-0.0020595805318556707,retain,ret_002,M_gd_s2
3,-6,real,19.82218360900879,11.962491989135742,19.067943572998047,0.09596305713873861,retain,ret_002,M_gd_s2
3,-5,real,19.82218360900879,11.962491989135742,20.07170867919922,-0.031747437718740945,retain,ret_002,M_gd_s2
3,-4,real,19.82218360900879,11.962491989135742,20.615516662597656,-0.10093691864232218,retain,ret_002,M_gd_s2
3,-3,real,19.82218360900879,11.962491989135742,20.064453125,-0.03082430300174095,retain,ret_002,M_gd_s2
3,-2,real,19.82218360900879,11.962491989135742,19.839160919189453,-0.0021600478748730204,retain,ret_002,M_gd_s2
3,-1,real,19.82218360900879,11.962491989135742,20.37424087524414,-0.07023904918094848,retain,ret_002,M_gd_s2
3,-13,random_position,19.82218360900879,11.962491989135742,19.851272583007812,-0.0037010324839555596,retain,ret_002,M_gd_s2
4,-6,real,19.82218360900879,11.962491989135742,18.70282745361328,0.14241731222192508,retain,ret_002,M_gd_s2
4,-5,real,19.82218360900879,11.962491989135742,20.208999633789062,-0.04921516561823089,retain,ret_002,M_gd_s2
4,-4,real,19.82218360900879,11.962491989135742,21.064029693603516,-0.1580018841266937,retain,ret_002,M_gd_s2
4,-3,real,19.82218360900879,11.962491989135742,20.203353881835938,-0.048496848383131,retain,ret_002,M_gd_s2
4,-2,real,19.82218360900879,11.962491989135742,19.850177764892578,-0.0035617371822841614,retain,ret_002,M_gd_s2
4,-1,real,19.82218360900879,11.962491989135742,20.428627014160156,-0.07715867676258305,retain,ret_002,M_gd_s2
4,-10,random_position,19.82218360900879,11.962491989135742,19.834796905517578,-0.0016048080661201307,retain,ret_002,M_gd_s2
5,-6,real,19.82218360900879,11.962491989135742,17.888036727905273,0.24608432170711003,retain,ret_002,M_gd_s2
5,-5,real,19.82218360900879,11.962491989135742,20.1978816986084,-0.0478006145495156,retain,ret_002,M_gd_s2
5,-4,real,19.82218360900879,11.962491989135742,21.542314529418945,-0.2188547596525092,retain,ret_002,M_gd_s2
5,-3,real,19.82218360900879,11.962491989135742,20.321990966796875,-0.06359121730989224,retain,ret_002,M_gd_s2
5,-2,real,19.82218360900879,11.962491989135742,19.838037490844727,-0.0020171124520778055,retain,ret_002,M_gd_s2
5,-1,real,19.82218360900879,11.962491989135742,20.469524383544922,-0.08236210857170868,retain,ret_002,M_gd_s2
5,-12,random_position,19.82218360900879,11.962491989135742,19.829692840576172,-0.0009554104576311742,retain,ret_002,M_gd_s2
6,-6,real,19.82218360900879,11.962491989135742,17.129669189453125,0.34257252698664464,retain,ret_002,M_gd_s2
6,-5,real,19.82218360900879,11.962491989135742,19.877485275268555,-0.007036111457596714,retain,ret_002,M_gd_s2
6,-4,real,19.82218360900879,11.962491989135742,20.741127014160156,-0.11691850642432844,retain,ret_002,M_gd_s2
6,-3,real,19.82218360900879,11.962491989135742,20.265012741088867,-0.05634179475443986,retain,ret_002,M_gd_s2
6,-2,real,19.82218360900879,11.962491989135742,19.899717330932617,-0.009864728245544128,retain,ret_002,M_gd_s2
6,-1,real,19.82218360900879,11.962491989135742,21.903419494628906,-0.2647986697541365,retain,ret_002,M_gd_s2
6,-2,random_position,19.82218360900879,11.962491989135742,19.899717330932617,-0.009864728245544128,retain,ret_002,M_gd_s2
7,-6,real,19.82218360900879,11.962491989135742,16.55528450012207,0.4156523266926199,retain,ret_002,M_gd_s2
7,-5,real,19.82218360900879,11.962491989135742,19.684307098388672,0.0175422290451574,retain,ret_002,M_gd_s2
7,-4,real,19.82218360900879,11.962491989135742,21.04111099243164,-0.15508590443177467,retain,ret_002,M_gd_s2
7,-3,real,19.82218360900879,11.962491989135742,20.206666946411133,-0.04891837440926901,retain,ret_002,M_gd_s2
7,-2,real,19.82218360900879,11.962491989135742,19.923809051513672,-0.012929952906539647,retain,ret_002,M_gd_s2
7,-1,real,19.82218360900879,11.962491989135742,21.89632225036621,-0.2638956770406883,retain,ret_002,M_gd_s2
7,-8,random_position,19.82218360900879,11.962491989135742,19.83965301513672,-0.0022226579582026733,retain,ret_002,M_gd_s2
8,-6,real,19.82218360900879,11.962491989135742,17.199750900268555,0.33365592895648405,retain,ret_002,M_gd_s2
8,-5,real,19.82218360900879,11.962491989135742,19.766128540039062,0.007131967980523896,retain,ret_002,M_gd_s2
8,-4,real,19.82218360900879,11.962491989135742,20.317790985107422,-0.06305684752891591,retain,ret_002,M_gd_s2
8,-3,real,19.82218360900879,11.962491989135742,19.91069221496582,-0.011261078708640336,retain,ret_002,M_gd_s2
8,-2,real,19.82218360900879,11.962491989135742,19.904748916625977,-0.010504904213852749,retain,ret_002,M_gd_s2
8,-1,real,19.82218360900879,11.962491989135742,20.759136199951172,-0.11920984133440045,retain,ret_002,M_gd_s2
8,-5,random_position,19.82218360900879,11.962491989135742,19.766128540039062,0.007131967980523896,retain,ret_002,M_gd_s2
9,-6,real,19.82218360900879,11.962491989135742,18.008563995361328,0.23074946211143527,retain,ret_002,M_gd_s2
9,-5,real,19.82218360900879,11.962491989135742,19.797508239746094,0.0031394831319213868,retain,ret_002,M_gd_s2
9,-4,real,19.82218360900879,11.962491989135742,19.707500457763672,0.014591304187449736,retain,ret_002,M_gd_s2
9,-3,real,19.82218360900879,11.962491989135742,19.818370819091797,0.00048510680843401506,retain,ret_002,M_gd_s2
9,-2,real,19.82218360900879,11.962491989135742,19.88638687133789,-0.008168674476586984,retain,ret_002,M_gd_s2
9,-1,real,19.82218360900879,11.962491989135742,20.107799530029297,-0.03633932917906532,retain,ret_002,M_gd_s2
9,-12,random_position,19.82218360900879,11.962491989135742,19.818052291870117,0.0005256334902791779,retain,ret_002,M_gd_s2
10,-6,real,19.82218360900879,11.962491989135742,19.648916244506836,0.022045058875319056,retain,ret_002,M_gd_s2
10,-5,real,19.82218360900879,11.962491989135742,19.80984878540039,0.0015693775538483119,retain,ret_002,M_gd_s2
10,-4,real,19.82218360900879,11.962491989135742,20.004350662231445,-0.023177379219567737,retain,ret_002,M_gd_s2
10,-3,real,19.82218360900879,11.962491989135742,19.84077262878418,-0.0023651080315147126,retain,ret_002,M_gd_s2
10,-2,real,19.82218360900879,11.962491989135742,19.86581802368164,-0.0055516700633041335,retain,ret_002,M_gd_s2
10,-1,real,19.82218360900879,11.962491989135742,17.27463150024414,0.32412876127648854,retain,ret_002,M_gd_s2
10,-6,random_position,19.82218360900879,11.962491989135742,19.648916244506836,0.022045058875319056,retain,ret_002,M_gd_s2
11,-6,real,19.82218360900879,11.962491989135742,19.82218360900879,-0.0,retain,ret_002,M_gd_s2
11,-5,real,19.82218360900879,11.962491989135742,19.82218360900879,-0.0,retain,ret_002,M_gd_s2
11,-4,real,19.82218360900879,11.962491989135742,19.82218360900879,-0.0,retain,ret_002,M_gd_s2
11,-3,real,19.82218360900879,11.962491989135742,19.82218360900879,-0.0,retain,ret_002,M_gd_s2
11,-2,real,19.82218360900879,11.962491989135742,19.82218360900879,-0.0,retain,ret_002,M_gd_s2
11,-1,real,19.82218360900879,11.962491989135742,12.310928344726562,0.9556679355319988,retain,ret_002,M_gd_s2
11,-6,random_position,19.82218360900879,11.962491989135742,19.82218360900879,-0.0,retain,ret_002,M_gd_s2
0,-6,real,20.36335849761963,11.873355865478516,20.344719886779785,0.0021953598423258953,retain,ret_002,M_gd_s2
0,-5,real,20.36335849761963,11.873355865478516,20.515827178955078,-0.01795861414203093,retain,ret_002,M_gd_s2
0,-4,real,20.36335849761963,11.873355865478516,20.36172389984131,0.00019253206967594067,retain,ret_002,M_gd_s2
0,-3,real,20.36335849761963,11.873355865478516,20.354716300964355,0.0010179262633625288,retain,ret_002,M_gd_s2
0,-2,real,20.36335849761963,11.873355865478516,20.4352388381958,-0.008466468585539674,retain,ret_002,M_gd_s2
0,-1,real,20.36335849761963,11.873355865478516,20.308399200439453,0.006473413444197658,retain,ret_002,M_gd_s2
0,-11,random_position,20.36335849761963,11.873355865478516,20.37976837158203,-0.0019328467461574743,retain,ret_002,M_gd_s2
1,-6,real,20.36335849761963,11.873355865478516,20.489994049072266,-0.014915843603301712,retain,ret_002,M_gd_s2
1,-5,real,20.36335849761963,11.873355865478516,20.640121459960938,-0.03259868981589598,retain,ret_002,M_gd_s2
1,-4,real,20.36335849761963,11.873355865478516,20.33676815032959,0.0031319598405510954,retain,ret_002,M_gd_s2
1,-3,real,20.36335849761963,11.873355865478516,20.362577438354492,9.199752920921552e-05,retain,ret_002,M_gd_s2
1,-2,real,20.36335849761963,11.873355865478516,20.451364517211914,-0.01036584126124007,retain,ret_002,M_gd_s2
1,-1,real,20.36335849761963,11.873355865478516,20.328006744384766,0.0041639272408503175,retain,ret_002,M_gd_s2
1,-3,random_position,20.36335849761963,11.873355865478516,20.362577438354492,9.199752920921552e-05,retain,ret_002,M_gd_s2
2,-6,real,20.36335849761963,11.873355865478516,20.807302474975586,-0.052290204914105874,retain,ret_002,M_gd_s2
2,-5,real,20.36335849761963,11.873355865478516,20.701936721801758,-0.039879637127596755,retain,ret_002,M_gd_s2
2,-4,real,20.36335849761963,11.873355865478516,20.340469360351562,0.002696010620940637,retain,ret_002,M_gd_s2
2,-3,real,20.36335849761963,11.873355865478516,20.38947582244873,-0.0030762446091862957,retain,ret_002,M_gd_s2
2,-2,real,20.36335849761963,11.873355865478516,20.480438232421875,-0.013790306066456363,retain,ret_002,M_gd_s2
2,-1,real,20.36335849761963,11.873355865478516,20.40963363647461,-0.005450544700633412,retain,ret_002,M_gd_s2
2,-8,random_position,20.36335849761963,11.873355865478516,20.490598678588867,-0.01498706024984462,retain,ret_002,M_gd_s2
3,-6,real,20.36335849761963,11.873355865478516,20.98746967315674,-0.0735113053056514,retain,ret_002,M_gd_s2
3,-5,real,20.36335849761963,11.873355865478516,21.029391288757324,-0.07844906768535677,retain,ret_002,M_gd_s2
3,-4,real,20.36335849761963,11.873355865478516,20.366796493530273,-0.0004049463892542393,retain,ret_002,M_gd_s2
3,-3,real,20.36335849761963,11.873355865478516,20.41585922241211,-0.0061838290360152915,retain,ret_002,M_gd_s2
3,-2,real,20.36335849761963,11.873355865478516,20.579285621643066,-0.025433104485267085,retain,ret_002,M_gd_s2
3,-1,real,20.36335849761963,11.873355865478516,20.445049285888672,-0.009621997990881799,retain,ret_002,M_gd_s2
3,-11,random_position,20.36335849761963,11.873355865478516,20.387250900268555,-0.002814180829399849,retain,ret_002,M_gd_s2
4,-6,real,20.36335849761963,11.873355865478516,21.05146884918213,-0.08104948624603239,retain,ret_002,M_gd_s2
4,-5,real,20.36335849761963,11.873355865478516,21.67943572998047,-0.15501493808476421,retain,ret_002,M_gd_s2
4,-4,real,20.36335849761963,11.873355865478516,20.369264602661133,-0.0006956540883915406,retain,ret_002,M_gd_s2
4,-3,real,20.36335849761963,11.873355865478516,20.46965217590332,-0.01251986399642434,retain,ret_002,M_gd_s2
4,-2,real,20.36335849761963,11.873355865478516,20.62685775756836,-0.03103641675577172,retain,ret_002,M_gd_s2
4,-1,real,20.36335849761963,11.873355865478516,20.376821517944336,-0.001585749841082412,retain,ret_002,M_gd_s2
4,-8,random_position,20.36335849761963,11.873355865478516,20.62910556793213,-0.03130117643385001,retain,ret_002,M_gd_s2
5,-6,real,20.36335849761963,11.873355865478516,20.9005184173584,-0.0632697000240272,retain,ret_002,M_gd_s2
5,-5,real,20.36335849761963,11.873355865478516,22.3651123046875,-0.23577776047909707,retain,ret_002,M_gd_s2
5,-4,real,20.36335849761963,11.873355865478516,20.5435733795166,-0.021226716846320205,retain,ret_002,M_gd_s2
5,-3,real,20.36335849761963,11.873355865478516,20.450904846191406,-0.01031169863721218,retain,ret_002,M_gd_s2
5,-2,real,20.36335849761963,11.873355865478516,20.538119316101074,-0.020584306749192607,retain,ret_002,M_gd_s2
5,-1,real,20.36335849761963,11.873355865478516,20.509645462036133,-0.017230496945041755,retain,ret_002,M_gd_s2
5,-10,random_position,20.36335849761963,11.873355865478516,20.371103286743164,-0.0009122245845031004,retain,ret_002,M_gd_s2
6,-6,real,20.36335849761963,11.873355865478516,20.681265830993652,-0.03744490398277411,retain,ret_002,M_gd_s2
6,-5,real,20.36335849761963,11.873355865478516,21.824326515197754,-0.17208098523400342,retain,ret_002,M_gd_s2
6,-4,real,20.36335849761963,11.873355865478516,20.645936965942383,-0.03328367264021564,retain,ret_002,M_gd_s2
6,-3,real,20.36335849761963,11.873355865478516,20.33446979522705,0.003402672960690545,retain,ret_002,M_gd_s2
6,-2,real,20.36335849761963,11.873355865478516,20.567995071411133,-0.024103240323718973,retain,ret_002,M_gd_s2
6,-1,real,20.36335849761963,11.873355865478516,22.085268020629883,-0.20281613535566143,retain,ret_002,M_gd_s2
6,-2,random_position,20.36335849761963,11.873355865478516,20.567995071411133,-0.024103240323718973,retain,ret_002,M_gd_s2
7,-6,real,20.36335849761963,11.873355865478516,20.29515838623047,0.008032990606030074,retain,ret_002,M_gd_s2
7,-5,real,20.36335849761963,11.873355865478516,22.04263210296631,-0.1977942384834314,retain,ret_002,M_gd_s2
7,-4,real,20.36335849761963,11.873355865478516,20.57334327697754,-0.024733181891246788,retain,ret_002,M_gd_s2
7,-3,real,20.36335849761963,11.873355865478516,20.195556640625,0.01976464133937619,retain,ret_002,M_gd_s2
7,-2,real,20.36335849761963,11.873355865478516,20.545310974121094,-0.02143138045830945,retain,ret_002,M_gd_s2
7,-1,real,20.36335849761963,11.873355865478516,22.62369728088379,-0.2662353454057905,retain,ret_002,M_gd_s2
7,-7,random_position,20.36335849761963,11.873355865478516,17.117704391479492,0.3822912956296231,retain,ret_002,M_gd_s2
8,-6,real,20.36335849761963,11.873355865478516,20.19839859008789,0.019429900634805417,retain,ret_002,M_gd_s2
8,-5,real,20.36335849761963,11.873355865478516,21.257533073425293,-0.10532088322570521,retain,ret_002,M_gd_s2
8,-4,real,20.36335849761963,11.873355865478516,20.31534194946289,0.00565565762900463,retain,ret_002,M_gd_s2
8,-3,real,20.36335849761963,11.873355865478516,20.001212120056152,0.042655626064528794,retain,ret_002,M_gd_s2
8,-2,real,20.36335849761963,11.873355865478516,20.401039123535156,-0.004438234892045561,retain,ret_002,M_gd_s2
8,-1,real,20.36335849761963,11.873355865478516,21.156753540039062,-0.09345050605942457,retain,ret_002,M_gd_s2
8,-5,random_position,20.36335849761963,11.873355865478516,21.257533073425293,-0.10532088322570521,retain,ret_002,M_gd_s2
9,-6,real,20.36335849761963,11.873355865478516,20.279651641845703,0.009859461698755158,retain,ret_002,M_gd_s2
9,-5,real,20.36335849761963,11.873355865478516,20.61669921875,-0.02983988723057445,retain,ret_002,M_gd_s2
9,-4,real,20.36335849761963,11.873355865478516,20.29417133331299,0.008149251219865894,retain,ret_002,M_gd_s2
9,-3,real,20.36335849761963,11.873355865478516,20.219390869140625,0.016957312584801446,retain,ret_002,M_gd_s2
9,-2,real,20.36335849761963,11.873355865478516,20.40942096710205,-0.005425495312338351,retain,ret_002,M_gd_s2
9,-1,real,20.36335849761963,11.873355865478516,20.11671257019043,0.029051336980209747,retain,ret_002,M_gd_s2
9,-10,random_position,20.36335849761963,11.873355865478516,20.362760543823242,7.043034287445438e-05,retain,ret_002,M_gd_s2
10,-6,real,20.36335849761963,11.873355865478516,20.225876808166504,0.016193362406349828,retain,ret_002,M_gd_s2
10,-5,real,20.36335849761963,11.873355865478516,20.803329467773438,-0.051822241902279756,retain,ret_002,M_gd_s2
10,-4,real,20.36335849761963,11.873355865478516,20.359704971313477,0.00043033276483578104,retain,ret_002,M_gd_s2
10,-3,real,20.36335849761963,11.873355865478516,20.35718536376953,0.000727106235129734,retain,ret_002,M_gd_s2
10,-2,real,20.36335849761963,11.873355865478516,20.390461921691895,-0.003192392893926624,retain,ret_002,M_gd_s2
10,-1,real,20.36335849761963,11.873355865478516,17.064250946044922,0.38858734143203644,retain,ret_002,M_gd_s2
10,-5,random_position,20.36335849761963,11.873355865478516,20.803329467773438,-0.051822241902279756,retain,ret_002,M_gd_s2
11,-6,real,20.36335849761963,11.873355865478516,20.36335849761963,-0.0,retain,ret_002,M_gd_s2
11,-5,real,20.36335849761963,11.873355865478516,20.36335849761963,-0.0,retain,ret_002,M_gd_s2
11,-4,real,20.36335849761963,11.873355865478516,20.36335849761963,-0.0,retain,ret_002,M_gd_s2
11,-3,real,20.36335849761963,11.873355865478516,20.36335849761963,-0.0,retain,ret_002,M_gd_s2
11,-2,real,20.36335849761963,11.873355865478516,20.36335849761963,-0.0,retain,ret_002,M_gd_s2
11,-1,real,20.36335849761963,11.873355865478516,12.207063674926758,0.9606940275630887,retain,ret_002,M_gd_s2
11,-6,random_position,20.36335849761963,11.873355865478516,20.36335849761963,-0.0,retain,ret_002,M_gd_s2
0,-6,real,7.496063232421875,8.737712860107422,7.499567031860352,0.0028218906206315996,retain,ret_003,M_gd_s2
0,-5,real,7.496063232421875,8.737712860107422,7.49384880065918,-0.0017834594504917186,retain,ret_003,M_gd_s2
0,-4,real,7.496063232421875,8.737712860107422,7.489940643310547,-0.004931011917380204,retain,ret_003,M_gd_s2
0,-3,real,7.496063232421875,8.737712860107422,7.477138519287109,-0.015241588861135946,retain,ret_003,M_gd_s2
0,-2,real,7.496063232421875,8.737712860107422,7.485389709472656,-0.008596243828554399,retain,ret_003,M_gd_s2
0,-1,real,7.496063232421875,8.737712860107422,7.465045928955078,-0.024980721433157906,retain,ret_003,M_gd_s2
0,-13,random_position,7.496063232421875,8.737712860107422,7.467342376708984,-0.023131207928944273,retain,ret_003,M_gd_s2
1,-6,real,7.496063232421875,8.737712860107422,7.511329650878906,0.012295270836981669,retain,ret_003,M_gd_s2
1,-5,real,7.496063232421875,8.737712860107422,7.535654067993164,0.031885674258274425,retain,ret_003,M_gd_s2
1,-4,real,7.496063232421875,8.737712860107422,7.513387680053711,0.013952766743166478,retain,ret_003,M_gd_s2
1,-3,real,7.496063232421875,8.737712860107422,7.469316482543945,-0.021541302217265607,retain,ret_003,M_gd_s2
1,-2,real,7.496063232421875,8.737712860107422,7.465082168579102,-0.024951534758257524,retain,ret_003,M_gd_s2
1,-1,real,7.496063232421875,8.737712860107422,7.40233039855957,-0.07549056655944404,retain,ret_003,M_gd_s2
1,-3,random_position,7.496063232421875,8.737712860107422,7.469316482543945,-0.021541302217265607,retain,ret_003,M_gd_s2
2,-6,real,7.496063232421875,8.737712860107422,7.508634567260742,0.010124703908863839,retain,ret_003,M_gd_s2
2,-5,real,7.496063232421875,8.737712860107422,7.581264495849609,0.0686194088315806,retain,ret_003,M_gd_s2
2,-4,real,7.496063232421875,8.737712860107422,7.523874282836914,0.02239846877486628,retain,ret_003,M_gd_s2
2,-3,real,7.496063232421875,8.737712860107422,7.4751129150390625,-0.016872970373988834,retain,ret_003,M_gd_s2
2,-2,real,7.496063232421875,8.737712860107422,7.508672714233398,0.010155426724548451,retain,ret_003,M_gd_s2
2,-1,real,7.496063232421875,8.737712860107422,7.337606430053711,-0.127617967931525,retain,ret_003,M_gd_s2
2,-9,random_position,7.496063232421875,8.737712860107422,8.312618255615234,0.6576372311369593,retain,ret_003,M_gd_s2
3,-6,real,7.496063232421875,8.737712860107422,7.501237869262695,0.004167549947617599,retain,ret_003,M_gd_s2
3,-5,real,7.496063232421875,8.737712860107422,7.579851150512695,0.06748112851046573,retain,ret_003,M_gd_s2
3,-4,real,7.496063232421875,8.737712860107422,7.535619735717773,0.031858023724158274,retain,ret_003,M_gd_s2
3,-3,real,7.496063232421875,8.737712860107422,7.506204605102539,0.008167660549754064,retain,ret_003,M_gd_s2
3,-2,real,7.496063232421875,8.737712860107422,7.516225814819336,0.0162385442301016,retain,ret_003,M_gd_s2
3,-1,real,7.496063232421875,8.737712860107422,7.315547943115234,-0.1453834361011518,retain,ret_003,M_gd_s2
3,-13,random_position,7.496063232421875,8.737712860107422,7.5358734130859375,0.03206233044846094,retain,ret_003,M_gd_s2
4,-6,real,7.496063232421875,8.737712860107422,7.506683349609375,0.008553231886595942,retain,ret_003,M_gd_s2
4,-5,real,7.496063232421875,8.737712860107422,7.54493522644043,0.039360535314340486,retain,ret_003,M_gd_s2
4,-4,real,7.496063232421875,8.737712860107422,7.505998611450195,0.00800175734505716,retain,ret_003,M_gd_s2
4,-3,real,7.496063232421875,8.737712860107422,7.504722595214844,0.006974079160406893,retain,ret_003,M_gd_s2
4,-2,real,7.496063232421875,8.737712860107422,7.560808181762695,0.05214429892070749,retain,ret_003,M_gd_s2
4,-1,real,7.496063232421875,8.737712860107422,7.301052093505859,-0.1570581060613043,retain,ret_003,M_gd_s2
4,-10,random_position,7.496063232421875,8.737712860107422,7.057422637939453,-0.3532724407126464,retain,ret_003,M_gd_s2
5,-6,real,7.496063232421875,8.737712860107422,7.509677886962891,0.010964972917837974,retain,ret_003,M_gd_s2
5,-5,real,7.496063232421875,8.737712860107422,7.525411605834961,0.023636598246956138,retain,ret_003,M_gd_s2
5,-4,real,7.496063232421875,8.737712860107422,7.510883331298828,0.011935813893471708,retain,ret_003,M_gd_s2
5,-3,real,7.496063232421875,8.737712860107422,7.534822463989258,0.031215916876349885,retain,ret_003,M_gd_s2
5,-2,real,7.496063232421875,8.737712860107422,7.638456344604492,0.11468059024673494,retain,ret_003,M_gd_s2
5,-1,real,7.496063232421875,8.737712860107422,7.3068084716796875,-0.15242203317449637,retain,ret_003,M_gd_s2
5,-12,random_position,7.496063232421875,8.737712860107422,7.4782867431640625,-0.014316832109029128,retain,ret_003,M_gd_s2
6,-6,real,7.496063232421875,8.737712860107422,7.453710556030273,-0.034110006113840324,retain,ret_003,M_gd_s2
6,-5,real,7.496063232421875,8.737712860107422,7.468832015991211,-0.02193148197646018,retain,ret_003,M_gd_s2
6,-4,real,7.496063232421875,8.737712860107422,7.444526672363281,-0.04150652398991063,retain,ret_003,M_gd_s2
6,-3,real,7.496063232421875,8.737712860107422,7.555170059204102,0.04760346676252185,retain,ret_003,M_gd_s2
6,-2,real,7.496063232421875,8.737712860107422,7.560239791870117,0.05168652896700677,retain,ret_003,M_gd_s2
6,-1,real,7.496063232421875,8.737712860107422,7.971609115600586,0.3829952287467242,retain,ret_003,M_gd_s2
6,-2,random_position,7.496063232421875,8.737712860107422,7.560239791870117,0.05168652896700677,retain,ret_003,M_gd_s2
7,-6,real,7.496063232421875,8.737712860107422,7.485280990600586,-0.008683803853255543,retain,ret_003,M_gd_s2
7,-5,real,7.496063232421875,8.737712860107422,7.503934860229492,0.006339653016519658,retain,ret_003,M_gd_s2
7,-4,real,7.496063232421875,8.737712860107422,7.435047149658203,-0.04914114368753668,retain,ret_003,M_gd_s2
7,-3,real,7.496063232421875,8.737712860107422,7.507434844970703,0.009158471355582797,retain,ret_003,M_gd_s2
7,-2,real,7.496063232421875,8.737712860107422,7.543609619140625,0.038292917469300226,retain,ret_003,M_gd_s2
7,-1,real,7.496063232421875,8.737712860107422,8.286502838134766,0.636604391519274,retain,ret_003,M_gd_s2
7,-8,random_position,7.496063232421875,8.737712860107422,7.537519454956055,0.033388019945251944,retain,ret_003,M_gd_s2
8,-6,real,7.496063232421875,8.737712860107422,7.476739883422852,-0.015562642285040139,retain,ret_003,M_gd_s2
8,-5,real,7.496063232421875,8.737712860107422,7.495952606201172,-8.90961654853744e-05,retain,ret_003,M_gd_s2
8,-4,real,7.496063232421875,8.737712860107422,7.385341644287109,-0.08917297252458593,retain,ret_003,M_gd_s2
8,-3,real,7.496063232421875,8.737712860107422,7.479526519775391,-0.013318340599279242,retain,ret_003,M_gd_s2
8,-2,real,7.496063232421875,8.737712860107422,7.549468994140625,0.04301194195845661,retain,ret_003,M_gd_s2
8,-1,real,7.496063232421875,8.737712860107422,10.866582870483398,2.7145497110519186,retain,ret_003,M_gd_s2
8,-5,random_position,7.496063232421875,8.737712860107422,7.495952606201172,-8.90961654853744e-05,retain,ret_003,M_gd_s2
9,-6,real,7.496063232421875,8.737712860107422,7.512613296508789,0.013329093584768857,retain,ret_003,M_gd_s2
9,-5,real,7.496063232421875,8.737712860107422,7.7717742919921875,0.2220522226421007,retain,ret_003,M_gd_s2
9,-4,real,7.496063232421875,8.737712860107422,7.6692047119140625,0.13944471582931633,retain,ret_003,M_gd_s2
9,-3,real,7.496063232421875,8.737712860107422,7.3730316162109375,-0.09908722514601018,retain,ret_003,M_gd_s2
9,-2,real,7.496063232421875,8.737712860107422,7.621461868286133,0.10099357585924035,retain,ret_003,M_gd_s2
9,-1,real,7.496063232421875,8.737712860107422,12.713401794433594,4.201941067494954,retain,ret_003,M_gd_s2
9,-12,random_position,7.496063232421875,8.737712860107422,7.492250442504883,-0.0030707454276769556,retain,ret_003,M_gd_s2
10,-6,real,7.496063232421875,8.737712860107422,7.569910049438477,0.059474762743055874,retain,ret_003,M_gd_s2
10,-5,real,7.496063232421875,8.737712860107422,7.969049453735352,0.38093372781428675,retain,ret_003,M_gd_s2
10,-4,real,7.496063232421875,8.737712860107422,7.828742980957031,0.2679336755855001,retain,ret_003,M_gd_s2
10,-3,real,7.496063232421875,8.737712860107422,7.388027191162109,-0.08701008630038926,retain,ret_003,M_gd_s2
10,-2,real,7.496063232421875,8.737712860107422,7.561817169189453,0.05295691739556547,retain,ret_003,M_gd_s2
10,-1,real,7.496063232421875,8.737712860107422,12.520221710205078,4.046357656586511,retain,ret_003,M_gd_s2
10,-6,random_position,7.496063232421875,8.737712860107422,7.569910049438477,0.059474762743055874,retain,ret_003,M_gd_s2
11,-6,real,7.496063232421875,8.737712860107422,7.496063232421875,0.0,retain,ret_003,M_gd_s2
11,-5,real,7.496063232421875,8.737712860107422,7.496063232421875,0.0,retain,ret_003,M_gd_s2
11,-4,real,7.496063232421875,8.737712860107422,7.496063232421875,0.0,retain,ret_003,M_gd_s2
11,-3,real,7.496063232421875,8.737712860107422,7.496063232421875,0.0,retain,ret_003,M_gd_s2
11,-2,real,7.496063232421875,8.737712860107422,7.496063232421875,0.0,retain,ret_003,M_gd_s2
11,-1,real,7.496063232421875,8.737712860107422,8.75666618347168,1.0152646309728994,retain,ret_003,M_gd_s2
11,-6,random_position,7.496063232421875,8.737712860107422,7.496063232421875,0.0,retain,ret_003,M_gd_s2
0,-6,real,8.001998901367188,9.385740280151367,8.436620712280273,0.31409179314632124,retain,ret_003,M_gd_s2
0,-5,real,8.001998901367188,9.385740280151367,8.460620880126953,0.33143619594778073,retain,ret_003,M_gd_s2
0,-4,real,8.001998901367188,9.385740280151367,8.529340744018555,0.38109855695340594,retain,ret_003,M_gd_s2
0,-3,real,8.001998901367188,9.385740280151367,7.997592926025391,-0.00318410319251143,retain,ret_003,M_gd_s2
0,-2,real,8.001998901367188,9.385740280151367,7.996852874755859,-0.0037189222568813156,retain,ret_003,M_gd_s2
0,-1,real,8.001998901367188,9.385740280151367,8.050241470336914,0.034863862358524504,retain,ret_003,M_gd_s2
0,-10,random_position,8.001998901367188,9.385740280151367,7.96833610534668,-0.02432737543057759,retain,ret_003,M_gd_s2
1,-6,real,8.001998901367188,9.385740280151367,8.589298248291016,0.42442854996491974,retain,ret_003,M_gd_s2
1,-5,real,8.001998901367188,9.385740280151367,8.345218658447266,0.2480375034976891,retain,ret_003,M_gd_s2
1,-4,real,8.001998901367188,9.385740280151367,9.25407600402832,0.9048490721302753,retain,ret_003,M_gd_s2
1,-3,real,8.001998901367188,9.385740280151367,8.005006790161133,0.0021737362487404873,retain,ret_003,M_gd_s2
1,-2,real,8.001998901367188,9.385740280151367,8.016485214233398,0.01046894534507546,retain,ret_003,M_gd_s2
1,-1,real,8.001998901367188,9.385740280151367,8.061927795410156,0.04330931701675721,retain,ret_003,M_gd_s2
1,-3,random_position,8.001998901367188,9.385740280151367,8.005006790161133,0.0021737362487404873,retain,ret_003,M_gd_s2
2,-6,real,8.001998901367188,9.385740280151367,8.922637939453125,0.6653259432733408,retain,ret_003,M_gd_s2
2,-5,real,8.001998901367188,9.385740280151367,8.283430099487305,0.20338424682175502,retain,ret_003,M_gd_s2
2,-4,real,8.001998901367188,9.385740280151367,10.629648208618164,1.89894538642745,retain,ret_003,M_gd_s2
2,-3,real,8.001998901367188,9.385740280151367,8.033878326416016,0.023038571757418202,retain,ret_003,M_gd_s2
2,-2,real,8.001998901367188,9.385740280151367,8.061979293823242,0.043346533807319024,retain,ret_003,M_gd_s2
2,-1,real,8.001998901367188,9.385740280151367,8.142330169677734,0.10141437588131427,retain,ret_003,M_gd_s2
2,-7,random_position,8.001998901367188,9.385740280151367,7.864124298095703,-0.09963899713155033,retain,ret_003,M_gd_s2
3,-6,real,8.001998901367188,9.385740280151367,8.840301513671875,0.6058231871632397,retain,ret_003,M_gd_s2
3,-5,real,8.001998901367188,9.385740280151367,8.426738739013672,0.30695030455740274,retain,ret_003,M_gd_s2
3,-4,real,8.001998901367188,9.385740280151367,12.414714813232422,3.188974456876078,retain,ret_003,M_gd_s2
3,-3,real,8.001998901367188,9.385740280151367,7.99797248840332,-0.0029098016620742987,retain,ret_003,M_gd_s2
3,-2,real,8.001998901367188,9.385740280151367,8.060108184814453,0.041994323750239496,retain,ret_003,M_gd_s2
3,-1,real,8.001998901367188,9.385740280151367,8.205366134643555,0.14696910592863474,retain,ret_003,M_gd_s2
3,-10,random_position,8.001998901367188,9.385740280151367,8.021772384643555,0.014289869176089176,retain,ret_003,M_gd_s2
4,-6,real,8.001998901367188,9.385740280151367,9.347009658813477,0.9720102166982091,retain,ret_003,M_gd_s2
4,-5,real,8.001998901367188,9.385740280151367,8.025178909301758,0.016751690951771175,retain,ret_003,M_gd_s2
4,-4,real,8.001998901367188,9.385740280151367,12.979812622070312,3.597358434909901,retain,ret_003,M_gd_s2
4,-3,real,8.001998901367188,9.385740280151367,8.017868041992188,0.011468285091642902,retain,ret_003,M_gd_s2
4,-2,real,8.001998901367188,9.385740280151367,8.026222229003906,0.01750567556056068,retain,ret_003,M_gd_s2
4,-1,real,8.001998901367188,9.385740280151367,8.257490158081055,0.18463801157580026,retain,ret_003,M_gd_s2
4,-8,random_position,8.001998901367188,9.385740280151367,8.021644592285156,0.01419751639950984,retain,ret_003,M_gd_s2
5,-6,real,8.001998901367188,9.385740280151367,9.753101348876953,1.265483907873281,retain,ret_003,M_gd_s2
5,-5,real,8.001998901367188,9.385740280151367,8.24251937866211,0.1738189527195136,retain,ret_003,M_gd_s2
5,-4,real,8.001998901367188,9.385740280151367,12.51047134399414,3.2581756329266596,retain,ret_003,M_gd_s2
5,-3,real,8.001998901367188,9.385740280151367,8.03944206237793,0.027059363537745407,retain,ret_003,M_gd_s2
5,-2,real,8.001998901367188,9.385740280151367,8.052947998046875,0.03681981146249581,retain,ret_003,M_gd_s2
5,-1,real,8.001998901367188,9.385740280151367,8.41252326965332,0.2966770919626895,retain,ret_003,M_gd_s2
5,-9,random_position,8.001998901367188,9.385740280151367,8.00088882446289,-0.0008022285965548279,retain,ret_003,M_gd_s2
6,-6,real,8.001998901367188,9.385740280151367,9.430007934570312,1.0319912774870121,retain,ret_003,M_gd_s2
6,-5,real,8.001998901367188,9.385740280151367,8.086103439331055,0.06078053258605694,retain,ret_003,M_gd_s2
6,-4,real,8.001998901367188,9.385740280151367,11.989120483398438,2.8814066292752787,retain,ret_003,M_gd_s2
6,-3,real,8.001998901367188,9.385740280151367,8.02627182006836,0.017541513951472062,retain,ret_003,M_gd_s2
6,-2,real,8.001998901367188,9.385740280151367,8.053750991821289,0.037400117715330146,retain,ret_003,M_gd_s2
6,-1,real,8.001998901367188,9.385740280151367,8.613616943359375,0.4420031455080023,retain,ret_003,M_gd_s2
6,-2,random_position,8.001998901367188,9.385740280151367,8.053750991821289,0.037400117715330146,retain,ret_003,M_gd_s2
7,-6,real,8.001998901367188,9.385740280151367,9.462743759155273,1.0556487506874768,retain,ret_003,M_gd_s2
7,-5,real,8.001998901367188,9.385740280151367,8.112754821777344,0.08004091090162499,retain,ret_003,M_gd_s2
7,-4,real,8.001998901367188,9.385740280151367,12.204462051391602,3.0370293282093623,retain,ret_003,M_gd_s2
7,-3,real,8.001998901367188,9.385740280151367,8.060234069824219,0.042085298127168394,retain,ret_003,M_gd_s2
7,-2,real,8.001998901367188,9.385740280151367,8.069717407226562,0.04893870118914538,retain,ret_003,M_gd_s2
7,-1,real,8.001998901367188,9.385740280151367,8.881872177124023,0.6358654075445327,retain,ret_003,M_gd_s2
7,-7,random_position,8.001998901367188,9.385740280151367,7.899196624755859,-0.07429298435929917,retain,ret_003,M_gd_s2
8,-6,real,8.001998901367188,9.385740280151367,8.83415412902832,0.6013806050898786,retain,ret_003,M_gd_s2
8,-5,real,8.001998901367188,9.385740280151367,8.084478378295898,0.05960613608388389,retain,ret_003,M_gd_s2
8,-4,real,8.001998901367188,9.385740280151367,12.457592010498047,3.2199608810179208,retain,ret_003,M_gd_s2
8,-3,real,8.001998901367188,9.385740280151367,8.020790100097656,0.013579993356113686,retain,ret_003,M_gd_s2
8,-2,real,8.001998901367188,9.385740280151367,8.05006217956543,0.03473429279138335,retain,ret_003,M_gd_s2
8,-1,real,8.001998901367188,9.385740280151367,11.691997528076172,2.6666822885293717,retain,ret_003,M_gd_s2
8,-4,random_position,8.001998901367188,9.385740280151367,12.457592010498047,3.2199608810179208,retain,ret_003,M_gd_s2
9,-6,real,8.001998901367188,9.385740280151367,6.974159240722656,-0.7427975172265496,retain,ret_003,M_gd_s2
9,-5,real,8.001998901367188,9.385740280151367,8.057024002075195,0.0397654515154815,retain,ret_003,M_gd_s2
9,-4,real,8.001998901367188,9.385740280151367,10.091930389404297,1.5103483353756622,retain,ret_003,M_gd_s2
9,-3,real,8.001998901367188,9.385740280151367,8.031339645385742,0.021203921822685427,retain,ret_003,M_gd_s2
9,-2,real,8.001998901367188,9.385740280151367,8.198925018310547,0.14231425030910613,retain,ret_003,M_gd_s2
9,-1,real,8.001998901367188,9.385740280151367,13.11660385131836,3.6962145010400027,retain,ret_003,M_gd_s2
9,-10,random_position,8.001998901367188,9.385740280151367,7.978916168212891,-0.016681392569598844,retain,ret_003,M_gd_s2
10,-6,real,8.001998901367188,9.385740280151367,7.9567108154296875,-0.03272872129999628,retain,ret_003,M_gd_s2
10,-5,real,8.001998901367188,9.385740280151367,8.107736587524414,0.07641434142132301,retain,ret_003,M_gd_s2
10,-4,real,8.001998901367188,9.385740280151367,8.678361892700195,0.4887929216421151,retain,ret_003,M_gd_s2
10,-3,real,8.001998901367188,9.385740280151367,8.0408935546875,0.02810832567172861,retain,ret_003,M_gd_s2
10,-2,real,8.001998901367188,9.385740280151367,8.320749282836914,0.23035401438222194,retain,ret_003,M_gd_s2
10,-1,real,8.001998901367188,9.385740280151367,12.873786926269531,3.5207359551413617,retain,ret_003,M_gd_s2
10,-5,random_position,8.001998901367188,9.385740280151367,8.107736587524414,0.07641434142132301,retain,ret_003,M_gd_s2
11,-6,real,8.001998901367188,9.385740280151367,8.001998901367188,0.0,retain,ret_003,M_gd_s2
11,-5,real,8.001998901367188,9.385740280151367,8.001998901367188,0.0,retain,ret_003,M_gd_s2
11,-4,real,8.001998901367188,9.385740280151367,8.001998901367188,0.0,retain,ret_003,M_gd_s2
11,-3,real,8.001998901367188,9.385740280151367,8.001998901367188,0.0,retain,ret_003,M_gd_s2
11,-2,real,8.001998901367188,9.385740280151367,8.001998901367188,0.0,retain,ret_003,M_gd_s2
11,-1,real,8.001998901367188,9.385740280151367,9.407087326049805,1.0154270488877004,retain,ret_003,M_gd_s2
11,-5,random_position,8.001998901367188,9.385740280151367,8.001998901367188,0.0,retain,ret_003,M_gd_s2
0,-6,real,7.96668815612793,8.150556564331055,7.955707550048828,-0.05971991701244813,retain,ret_003,M_gd_s2
0,-5,real,7.96668815612793,8.150556564331055,7.9860687255859375,0.1054045643153527,retain,ret_003,M_gd_s2
0,-4,real,7.96668815612793,8.150556564331055,8.338033676147461,2.0196265560165974,retain,ret_003,M_gd_s2
0,-3,real,7.96668815612793,8.150556564331055,8.36954116821289,2.1909854771784234,retain,ret_003,M_gd_s2
0,-2,real,7.96668815612793,8.150556564331055,8.408649444580078,2.403682572614108,retain,ret_003,M_gd_s2
0,-1,real,7.96668815612793,8.150556564331055,7.948633193969727,-0.09819502074688796,retain,ret_003,M_gd_s2
0,-11,random_position,7.96668815612793,8.150556564331055,7.937349319458008,-0.1595643153526971,retain,ret_003,M_gd_s2
1,-6,real,7.96668815612793,8.150556564331055,7.901594161987305,-0.35402489626556016,retain,ret_003,M_gd_s2
1,-5,real,7.96668815612793,8.150556564331055,8.05398178100586,0.47476141078838174,retain,ret_003,M_gd_s2
1,-4,real,7.96668815612793,8.150556564331055,8.353748321533203,2.1050933609958506,retain,ret_003,M_gd_s2
1,-3,real,7.96668815612793,8.150556564331055,8.309288024902344,1.8632883817427386,retain,ret_003,M_gd_s2
1,-2,real,7.96668815612793,8.150556564331055,9.170886993408203,6.549242738589212,retain,ret_003,M_gd_s2
1,-1,real,7.96668815612793,8.150556564331055,7.932191848754883,-0.18761410788381744,retain,ret_003,M_gd_s2
1,-3,random_position,7.96668815612793,8.150556564331055,8.309288024902344,1.8632883817427386,retain,ret_003,M_gd_s2
2,-6,real,7.96668815612793,8.150556564331055,7.936456680297852,-0.16441908713692946,retain,ret_003,M_gd_s2
2,-5,real,7.96668815612793,8.150556564331055,7.926034927368164,-0.22109958506224067,retain,ret_003,M_gd_s2
2,-4,real,7.96668815612793,8.150556564331055,8.376745223999023,2.2301659751037346,retain,ret_003,M_gd_s2
2,-3,real,7.96668815612793,8.150556564331055,8.266458511352539,1.6303526970954356,retain,ret_003,M_gd_s2
2,-2,real,7.96668815612793,8.150556564331055,10.401132583618164,13.240145228215768,retain,ret_003,M_gd_s2
2,-1,real,7.96668815612793,8.150556564331055,7.939611434936523,-0.14726141078838173,retain,ret_003,M_gd_s2
2,-8,random_position,7.96668815612793,8.150556564331055,7.951864242553711,-0.08062240663900415,retain,ret_003,M_gd_s2
3,-6,real,7.96668815612793,8.150556564331055,7.936117172241211,-0.1662655601659751,retain,ret_003,M_gd_s2
3,-5,real,7.96668815612793,8.150556564331055,7.985332489013672,0.10140041493775934,retain,ret_003,M_gd_s2
3,-4,real,7.96668815612793,8.150556564331055,8.05177116394043,0.46273858921161826,retain,ret_003,M_gd_s2
3,-3,real,7.96668815612793,8.150556564331055,8.18901252746582,1.209149377593361,retain,ret_003,M_gd_s2
3,-2,real,7.96668815612793,8.150556564331055,11.898553848266602,21.384128630705394,retain,ret_003,M_gd_s2
3,-1,real,7.96668815612793,8.150556564331055,7.8885955810546875,-0.42471991701244816,retain,ret_003,M_gd_s2
3,-11,random_position,7.96668815612793,8.150556564331055,7.983030319213867,0.08887966804979253,retain,ret_003,M_gd_s2
4,-6,real,7.96668815612793,8.150556564331055,7.976100921630859,0.051192946058091285,retain,ret_003,M_gd_s2
4,-5,real,7.96668815612793,8.150556564331055,7.672412872314453,-1.6004668049792532,retain,ret_003,M_gd_s2
4,-4,real,7.96668815612793,8.150556564331055,8.38808822631836,2.291856846473029,retain,ret_003,M_gd_s2
4,-3,real,7.96668815612793,8.150556564331055,8.035102844238281,0.3720850622406639,retain,ret_003,M_gd_s2
4,-2,real,7.96668815612793,8.150556564331055,11.938436508178711,21.60103734439834,retain,ret_003,M_gd_s2
4,-1,real,7.96668815612793,8.150556564331055,7.879970550537109,-0.4716286307053942,retain,ret_003,M_gd_s2
4,-8,random_position,7.96668815612793,8.150556564331055,7.918859481811523,-0.2601244813278008,retain,ret_003,M_gd_s2
5,-6,real,7.96668815612793,8.150556564331055,7.980142593383789,0.07317427385892117,retain,ret_003,M_gd_s2
5,-5,real,7.96668815612793,8.150556564331055,7.806510925292969,-0.8711514522821576,retain,ret_003,M_gd_s2
5,-4,real,7.96668815612793,8.150556564331055,8.39113998413086,2.308454356846473,retain,ret_003,M_gd_s2
5,-3,real,7.96668815612793,8.150556564331055,8.126083374023438,0.8668983402489626,retain,ret_003,M_gd_s2
5,-2,real,7.96668815612793,8.150556564331055,12.047420501708984,22.193765560165975,retain,ret_003,M_gd_s2
5,-1,real,7.96668815612793,8.150556564331055,8.000787734985352,0.18545643153526972,retain,ret_003,M_gd_s2
5,-10,random_position,7.96668815612793,8.150556564331055,7.942676544189453,-0.13059128630705394,retain,ret_003,M_gd_s2
6,-6,real,7.96668815612793,8.150556564331055,7.967256546020508,0.003091286307053942,retain,ret_003,M_gd_s2
6,-5,real,7.96668815612793,8.150556564331055,7.882774353027344,-0.4563796680497925,retain,ret_003,M_gd_s2
6,-4,real,7.96668815612793,8.150556564331055,8.049200057983398,0.4487551867219917,retain,ret_003,M_gd_s2
6,-3,real,7.96668815612793,8.150556564331055,8.086481094360352,0.6515145228215767,retain,ret_003,M_gd_s2
6,-2,real,7.96668815612793,8.150556564331055,11.112546920776367,17.10929460580913,retain,ret_003,M_gd_s2
6,-1,real,7.96668815612793,8.150556564331055,8.226692199707031,1.4140767634854772,retain,ret_003,M_gd_s2
6,-2,random_position,7.96668815612793,8.150556564331055,11.112546920776367,17.10929460580913,retain,ret_003,M_gd_s2
7,-6,real,7.96668815612793,8.150556564331055,7.971330642700195,0.02524896265560166,retain,ret_003,M_gd_s2
7,-5,real,7.96668815612793,8.150556564331055,7.915307998657227,-0.27943983402489625,retain,ret_003,M_gd_s2
7,-4,real,7.96668815612793,8.150556564331055,7.876848220825195,-0.4886099585062241,retain,ret_003,M_gd_s2
7,-3,real,7.96668815612793,8.150556564331055,8.093706130981445,0.6908091286307054,retain,ret_003,M_gd_s2
7,-2,real,7.96668815612793,8.150556564331055,11.530290603637695,19.381265560165975,retain,ret_003,M_gd_s2
7,-1,real,7.96668815612793,8.150556564331055,8.403982162475586,2.378298755186722,retain,ret_003,M_gd_s2
7,-7,random_position,7.96668815612793,8.150556564331055,7.966697692871094,5.186721991701245e-05,retain,ret_003,M_gd_s2
8,-6,real,7.96668815612793,8.150556564331055,7.963130950927734,-0.019346473029045644,retain,ret_003,M_gd_s2
8,-5,real,7.96668815612793,8.150556564331055,7.924526214599609,-0.22930497925311202,retain,ret_003,M_gd_s2
8,-4,real,7.96668815612793,8.150556564331055,7.545173645019531,-2.2924792531120333,retain,ret_003,M_gd_s2
8,-3,real,7.96668815612793,8.150556564331055,8.109468460083008,0.7765352697095436,retain,ret_003,M_gd_s2
8,-2,real,7.96668815612793,8.150556564331055,11.093284606933594,17.00453319502075,retain,ret_003,M_gd_s2
8,-1,real,7.96668815612793,8.150556564331055,10.644832611083984,14.56554979253112,retain,ret_003,M_gd_s2
8,-5,random_position,7.96668815612793,8.150556564331055,7.924526214599609,-0.22930497925311202,retain,ret_003,M_gd_s2
9,-6,real,7.96668815612793,8.150556564331055,7.961235046386719,-0.02965767634854772,retain,ret_003,M_gd_s2
9,-5,real,7.96668815612793,8.150556564331055,7.894067764282227,-0.39495850622406636,retain,ret_003,M_gd_s2
9,-4,real,7.96668815612793,8.150556564331055,6.866004943847656,-5.9862551867219915,retain,ret_003,M_gd_s2
9,-3,real,7.96668815612793,8.150556564331055,8.074047088623047,0.5838900414937759,retain,ret_003,M_gd_s2
9,-2,real,7.96668815612793,8.150556564331055,9.829170227050781,10.129429460580912,retain,ret_003,M_gd_s2
9,-1,real,7.96668815612793,8.150556564331055,11.567129135131836,19.58161825726141,retain,ret_003,M_gd_s2
9,-10,random_position,7.96668815612793,8.150556564331055,7.941841125488281,-0.13513485477178422,retain,ret_003,M_gd_s2
10,-6,real,7.96668815612793,8.150556564331055,7.960660934448242,-0.03278008298755187,retain,ret_003,M_gd_s2
10,-5,real,7.96668815612793,8.150556564331055,7.878259658813477,-0.4809336099585062,retain,ret_003,M_gd_s2
10,-4,real,7.96668815612793,8.150556564331055,7.905193328857422,-0.33445020746887966,retain,ret_003,M_gd_s2
10,-3,real,7.96668815612793,8.150556564331055,8.13043212890625,0.8905497925311203,retain,ret_003,M_gd_s2
10,-2,real,7.96668815612793,8.150556564331055,8.307937622070312,1.8559439834024896,retain,ret_003,M_gd_s2
10,-1,real,7.96668815612793,8.150556564331055,12.107324600219727,22.519564315352696,retain,ret_003,M_gd_s2
10,-5,random_position,7.96668815612793,8.150556564331055,7.878259658813477,-0.4809336099585062,retain,ret_003,M_gd_s2
11,-6,real,7.96668815612793,8.150556564331055,7.96668815612793,0.0,retain,ret_003,M_gd_s2
11,-5,real,7.96668815612793,8.150556564331055,7.96668815612793,0.0,retain,ret_003,M_gd_s2
11,-4,real,7.96668815612793,8.150556564331055,7.96668815612793,0.0,retain,ret_003,M_gd_s2
11,-3,real,7.96668815612793,8.150556564331055,7.96668815612793,0.0,retain,ret_003,M_gd_s2
11,-2,real,7.96668815612793,8.150556564331055,7.96668815612793,0.0,retain,ret_003,M_gd_s2
11,-1,real,7.96668815612793,8.150556564331055,8.166692733764648,1.087759336099585,retain,ret_003,M_gd_s2
11,-6,random_position,7.96668815612793,8.150556564331055,7.96668815612793,0.0,retain,ret_003,M_gd_s2
0,-6,real,7.25762939453125,8.839115142822266,7.681804656982422,0.2682131425525294,retain,ret_003,M_gd_s2
0,-5,real,7.25762939453125,8.839115142822266,7.708934783935547,0.285367977480661,retain,ret_003,M_gd_s2
0,-4,real,7.25762939453125,8.839115142822266,7.255115509033203,-0.001589572021602742,retain,ret_003,M_gd_s2
0,-3,real,7.25762939453125,8.839115142822266,7.251705169677734,-0.003745986873367312,retain,ret_003,M_gd_s2
0,-2,real,7.25762939453125,8.839115142822266,7.219184875488281,-0.024309115073918718,retain,ret_003,M_gd_s2
0,-1,real,7.25762939453125,8.839115142822266,7.255403518676758,-0.0014074586868060698,retain,ret_003,M_gd_s2
0,-11,random_position,7.25762939453125,8.839115142822266,7.221303939819336,-0.02296919510730214,retain,ret_003,M_gd_s2
1,-6,real,7.25762939453125,8.839115142822266,7.571237564086914,0.19829971271922947,retain,ret_003,M_gd_s2
1,-5,real,7.25762939453125,8.839115142822266,8.336523056030273,0.6822025823912083,retain,ret_003,M_gd_s2
1,-4,real,7.25762939453125,8.839115142822266,7.253292083740234,-0.0027425544591233955,retain,ret_003,M_gd_s2
1,-3,real,7.25762939453125,8.839115142822266,7.238977432250977,-0.011793949013090452,retain,ret_003,M_gd_s2
1,-2,real,7.25762939453125,8.839115142822266,7.225517272949219,-0.020305033805541554,retain,ret_003,M_gd_s2
1,-1,real,7.25762939453125,8.839115142822266,7.243505477905273,-0.008930789696485815,retain,ret_003,M_gd_s2
1,-3,random_position,7.25762939453125,8.839115142822266,7.238977432250977,-0.011793949013090452,retain,ret_003,M_gd_s2
2,-6,real,7.25762939453125,8.839115142822266,7.521369934082031,0.16676757273075932,retain,ret_003,M_gd_s2
2,-5,real,7.25762939453125,8.839115142822266,9.468809127807617,1.3981660825371403,retain,ret_003,M_gd_s2
2,-4,real,7.25762939453125,8.839115142822266,7.269023895263672,0.0072049341859292725,retain,ret_003,M_gd_s2
2,-3,real,7.25762939453125,8.839115142822266,7.21653938293457,-0.025981904447183516,retain,ret_003,M_gd_s2
2,-2,real,7.25762939453125,8.839115142822266,7.295246124267578,0.023785689992450135,retain,ret_003,M_gd_s2
2,-1,real,7.25762939453125,8.839115142822266,7.258733749389648,0.0006983021248163791,retain,ret_003,M_gd_s2
2,-8,random_position,7.25762939453125,8.839115142822266,7.092990875244141,-0.10410370088065667,retain,ret_003,M_gd_s2
3,-6,real,7.25762939453125,8.839115142822266,7.670661926269531,0.2611674067784754,retain,ret_003,M_gd_s2
3,-5,real,7.25762939453125,8.839115142822266,11.050642013549805,2.398385583377756,retain,ret_003,M_gd_s2
3,-4,real,7.25762939453125,8.839115142822266,7.272254943847656,0.009247980471661477,retain,ret_003,M_gd_s2
3,-3,real,7.25762939453125,8.839115142822266,7.255578994750977,-0.001296502217923329,retain,ret_003,M_gd_s2
3,-2,real,7.25762939453125,8.839115142822266,7.289331436157227,0.020045733361956888,retain,ret_003,M_gd_s2
3,-1,real,7.25762939453125,8.839115142822266,7.260236740112305,0.0016486684017685497,retain,ret_003,M_gd_s2
3,-11,random_position,7.25762939453125,8.839115142822266,7.290119171142578,0.020543831423354406,retain,ret_003,M_gd_s2
4,-6,real,7.25762939453125,8.839115142822266,7.304697036743164,0.029761660680645573,retain,ret_003,M_gd_s2
4,-5,real,7.25762939453125,8.839115142822266,12.64516830444336,3.4066313374837485,retain,ret_003,M_gd_s2
4,-4,real,7.25762939453125,8.839115142822266,7.281719207763672,0.0152323934998806,retain,ret_003,M_gd_s2
4,-3,real,7.25762939453125,8.839115142822266,7.272727966308594,0.009547080518214951,retain,ret_003,M_gd_s2
4,-2,real,7.25762939453125,8.839115142822266,7.258796691894531,0.0007381017277851882,retain,ret_003,M_gd_s2
4,-1,real,7.25762939453125,8.839115142822266,7.299654006958008,0.02657286824884159,retain,ret_003,M_gd_s2
4,-8,random_position,7.25762939453125,8.839115142822266,6.80311393737793,-0.2873977572320703,retain,ret_003,M_gd_s2
5,-6,real,7.25762939453125,8.839115142822266,7.499881744384766,0.1531802294869228,retain,ret_003,M_gd_s2
5,-5,real,7.25762939453125,8.839115142822266,12.042133331298828,3.025322195876761,retain,ret_003,M_gd_s2
5,-4,real,7.25762939453125,8.839115142822266,7.287893295288086,0.01913637273654834,retain,ret_003,M_gd_s2
5,-3,real,7.25762939453125,8.839115142822266,7.279487609863281,0.013821316667350094,retain,ret_003,M_gd_s2
5,-2,real,7.25762939453125,8.839115142822266,7.260829925537109,0.0020237495085352057,retain,ret_003,M_gd_s2
5,-1,real,7.25762939453125,8.839115142822266,7.468715667724609,0.13347339577448822,retain,ret_003,M_gd_s2
5,-10,random_position,7.25762939453125,8.839115142822266,7.256351470947266,-0.0008080525451243074,retain,ret_003,M_gd_s2
6,-6,real,7.25762939453125,8.839115142822266,7.337411880493164,0.05044780583582784,retain,ret_003,M_gd_s2
6,-5,real,7.25762939453125,8.839115142822266,11.251016616821289,2.525085810356098,retain,ret_003,M_gd_s2
6,-4,real,7.25762939453125,8.839115142822266,7.273920059204102,0.0103008608774727,retain,ret_003,M_gd_s2
6,-3,real,7.25762939453125,8.839115142822266,7.266290664672852,0.005476666578223105,retain,ret_003,M_gd_s2
6,-2,real,7.25762939453125,8.839115142822266,7.25262451171875,-0.0031646714603077355,retain,ret_003,M_gd_s2
6,-1,real,7.25762939453125,8.839115142822266,7.656698226928711,0.2523379251622738,retain,ret_003,M_gd_s2
6,-2,random_position,7.25762939453125,8.839115142822266,7.25262451171875,-0.0031646714603077355,retain,ret_003,M_gd_s2
7,-6,real,7.25762939453125,8.839115142822266,7.354225158691406,0.06107912402279914,retain,ret_003,M_gd_s2
7,-5,real,7.25762939453125,8.839115142822266,10.716365814208984,2.1870171283018593,retain,ret_003,M_gd_s2
7,-4,real,7.25762939453125,8.839115142822266,7.287675857543945,0.018998883199019725,retain,ret_003,M_gd_s2
7,-3,real,7.25762939453125,8.839115142822266,7.273073196411133,0.009765375310255996,retain,ret_003,M_gd_s2
7,-2,real,7.25762939453125,8.839115142822266,7.259601593017578,0.0012470542263560208,retain,ret_003,M_gd_s2
7,-1,real,7.25762939453125,8.839115142822266,7.903575897216797,0.4084428224431167,retain,ret_003,M_gd_s2
7,-7,random_position,7.25762939453125,8.839115142822266,8.753227233886719,0.9456916326761977,retain,ret_003,M_gd_s2
8,-6,real,7.25762939453125,8.839115142822266,7.341835021972656,0.053244632480817795,retain,ret_003,M_gd_s2
8,-5,real,7.25762939453125,8.839115142822266,11.369646072387695,2.60009720751513,retain,ret_003,M_gd_s2
8,-4,real,7.25762939453125,8.839115142822266,7.3015289306640625,0.02775841399788218,retain,ret_003,M_gd_s2
8,-3,real,7.25762939453125,8.839115142822266,7.269783020019531,0.007684941518704608,retain,ret_003,M_gd_s2
8,-2,real,7.25762939453125,8.839115142822266,7.256742477416992,-0.0005608125872877656,retain,ret_003,M_gd_s2
8,-1,real,7.25762939453125,8.839115142822266,10.811721801757812,2.2473123207510306,retain,ret_003,M_gd_s2
8,-5,random_position,7.25762939453125,8.839115142822266,11.369646072387695,2.60009720751513,retain,ret_003,M_gd_s2
9,-6,real,7.25762939453125,8.839115142822266,7.2884063720703125,0.019460799803172873,retain,ret_003,M_gd_s2
9,-5,real,7.25762939453125,8.839115142822266,9.206621170043945,1.2323802333462783,retain,ret_003,M_gd_s2
9,-4,real,7.25762939453125,8.839115142822266,7.296131134033203,0.024345296531163088,retain,ret_003,M_gd_s2
9,-3,real,7.25762939453125,8.839115142822266,7.27685546875,0.012156969634108984,retain,ret_003,M_gd_s2
9,-2,real,7.25762939453125,8.839115142822266,7.327140808105469,0.043953234260463075,retain,ret_003,M_gd_s2
9,-1,real,7.25762939453125,8.839115142822266,12.204339981079102,3.127888184824532,retain,ret_003,M_gd_s2
9,-10,random_position,7.25762939453125,8.839115142822266,7.258735656738281,0.0006995081733911915,retain,ret_003,M_gd_s2
10,-6,real,7.25762939453125,8.839115142822266,7.342658996582031,0.053765645465136756,retain,ret_003,M_gd_s2
10,-5,real,7.25762939453125,8.839115142822266,7.933254241943359,0.42720893826719764,retain,ret_003,M_gd_s2
10,-4,real,7.25762939453125,8.839115142822266,7.32832145690918,0.04469977832827195,retain,ret_003,M_gd_s2
10,-3,real,7.25762939453125,8.839115142822266,7.289133071899414,0.019920304310176398,retain,ret_003,M_gd_s2
10,-2,real,7.25762939453125,8.839115142822266,7.352499008178711,0.05998765006259392,retain,ret_003,M_gd_s2
10,-1,real,7.25762939453125,8.839115142822266,12.160614013671875,3.100239521246958,retain,ret_003,M_gd_s2
10,-5,random_position,7.25762939453125,8.839115142822266,7.933254241943359,0.42720893826719764,retain,ret_003,M_gd_s2
11,-6,real,7.25762939453125,8.839115142822266,7.25762939453125,0.0,retain,ret_003,M_gd_s2
11,-5,real,7.25762939453125,8.839115142822266,7.25762939453125,0.0,retain,ret_003,M_gd_s2
11,-4,real,7.25762939453125,8.839115142822266,7.25762939453125,0.0,retain,ret_003,M_gd_s2
11,-3,real,7.25762939453125,8.839115142822266,7.25762939453125,0.0,retain,ret_003,M_gd_s2
11,-2,real,7.25762939453125,8.839115142822266,7.25762939453125,0.0,retain,ret_003,M_gd_s2
11,-1,real,7.25762939453125,8.839115142822266,8.855426788330078,1.0103141274117957,retain,ret_003,M_gd_s2
11,-6,random_position,7.25762939453125,8.839115142822266,7.25762939453125,0.0,retain,ret_003,M_gd_s2
0,-6,real,8.612161636352539,10.046661376953125,8.627019882202148,0.01035778915051503,retain,ret_003,M_gd_s2
0,-5,real,8.612161636352539,10.046661376953125,8.943897247314453,0.23125526033418828,retain,ret_003,M_gd_s2
0,-4,real,8.612161636352539,10.046661376953125,9.047893524169922,0.30375180662978285,retain,ret_003,M_gd_s2
0,-3,real,8.612161636352539,10.046661376953125,9.14059829711914,0.36837696502152,retain,ret_003,M_gd_s2
0,-2,real,8.612161636352539,10.046661376953125,8.617151260375977,0.0034783024926504902,retain,ret_003,M_gd_s2
0,-1,real,8.612161636352539,10.046661376953125,8.648710250854492,0.02547829983339782,retain,ret_003,M_gd_s2
0,-12,random_position,8.612161636352539,10.046661376953125,8.580345153808594,-0.02217949689598732,retain,ret_003,M_gd_s2
1,-6,real,8.612161636352539,10.046661376953125,8.762031555175781,0.10447538928135026,retain,ret_003,M_gd_s2
1,-5,real,8.612161636352539,10.046661376953125,8.925334930419922,0.2183153368408876,retain,ret_003,M_gd_s2
1,-4,real,8.612161636352539,10.046661376953125,9.016990661621094,0.2822092007483137,retain,ret_003,M_gd_s2
1,-3,real,8.612161636352539,10.046661376953125,9.965190887451172,0.9432063407220669,retain,ret_003,M_gd_s2
1,-2,real,8.612161636352539,10.046661376953125,8.654520034790039,0.029528341650146058,retain,ret_003,M_gd_s2
1,-1,real,8.612161636352539,10.046661376953125,8.677867889404297,0.04580429761824035,retain,ret_003,M_gd_s2
1,-3,random_position,8.612161636352539,10.046661376953125,9.965190887451172,0.9432063407220669,retain,ret_003,M_gd_s2
2,-6,real,8.612161636352539,10.046661376953125,8.683523178100586,0.04974663970184459,retain,ret_003,M_gd_s2
2,-5,real,8.612161636352539,10.046661376953125,9.106101989746094,0.34432934312470165,retain,ret_003,M_gd_s2
2,-4,real,8.612161636352539,10.046661376953125,9.052230834960938,0.30677537691582535,retain,ret_003,M_gd_s2
2,-3,real,8.612161636352539,10.046661376953125,11.429243087768555,1.9638075711582774,retain,ret_003,M_gd_s2
2,-2,real,8.612161636352539,10.046661376953125,8.698785781860352,0.06038630963540316,retain,ret_003,M_gd_s2
2,-1,real,8.612161636352539,10.046661376953125,8.743524551391602,0.09157402495176781,retain,ret_003,M_gd_s2
2,-8,random_position,8.612161636352539,10.046661376953125,8.598794937133789,-0.009318021356458194,retain,ret_003,M_gd_s2
3,-6,real,8.612161636352539,10.046661376953125,8.713916778564453,0.07093423535183907,retain,ret_003,M_gd_s2
3,-5,real,8.612161636352539,10.046661376953125,8.921590805053711,0.21570528034506462,retain,ret_003,M_gd_s2
3,-4,real,8.612161636352539,10.046661376953125,9.024171829223633,0.2872152439000068,retain,ret_003,M_gd_s2
3,-3,real,8.612161636352539,10.046661376953125,13.19003677368164,3.191269407558394,retain,ret_003,M_gd_s2
3,-2,real,8.612161636352539,10.046661376953125,8.650846481323242,0.02696748132872219,retain,ret_003,M_gd_s2
3,-1,real,8.612161636352539,10.046661376953125,8.757757186889648,0.10149569666436642,retain,ret_003,M_gd_s2
3,-12,random_position,8.612161636352539,10.046661376953125,8.630195617675781,0.012571616998474918,retain,ret_003,M_gd_s2
4,-6,real,8.612161636352539,10.046661376953125,8.33877182006836,-0.19058199074314144,retain,ret_003,M_gd_s2
4,-5,real,8.612161636352539,10.046661376953125,9.419178009033203,0.5625768690224986,retain,ret_003,M_gd_s2
4,-4,real,8.612161636352539,10.046661376953125,8.685068130493164,0.05082363703328453,retain,ret_003,M_gd_s2
4,-3,real,8.612161636352539,10.046661376953125,12.535211563110352,2.7347860830670756,retain,ret_003,M_gd_s2
4,-2,real,8.612161636352539,10.046661376953125,8.647939682006836,0.02494113079401296,retain,ret_003,M_gd_s2
4,-1,real,8.612161636352539,10.046661376953125,8.779508590698242,0.11665875538997275,retain,ret_003,M_gd_s2
4,-9,random_position,8.612161636352539,10.046661376953125,8.621871948242188,0.006769127672050324,retain,ret_003,M_gd_s2
5,-6,real,8.612161636352539,10.046661376953125,8.43301010131836,-0.124887812777975,retain,ret_003,M_gd_s2
5,-5,real,8.612161636352539,10.046661376953125,9.682401657104492,0.7460719513994982,retain,ret_003,M_gd_s2
5,-4,real,8.612161636352539,10.046661376953125,8.796976089477539,0.1288354733669197,retain,ret_003,M_gd_s2
5,-3,real,8.612161636352539,10.046661376953125,12.558452606201172,2.7509875799604036,retain,ret_003,M_gd_s2
5,-2,real,8.612161636352539,10.046661376953125,8.640609741210938,0.019831376788181216,retain,ret_003,M_gd_s2
5,-1,real,8.612161636352539,10.046661376953125,8.93052864074707,0.22193590935139498,retain,ret_003,M_gd_s2
5,-11,random_position,8.612161636352539,10.046661376953125,8.593509674072266,-0.013002415931050896,retain,ret_003,M_gd_s2
6,-6,real,8.612161636352539,10.046661376953125,8.51434326171875,-0.06818988659616988,retain,ret_003,M_gd_s2
6,-5,real,8.612161636352539,10.046661376953125,9.3505859375,0.5147608467592353,retain,ret_003,M_gd_s2
6,-4,real,8.612161636352539,10.046661376953125,8.709442138671875,0.06781493196966856,retain,ret_003,M_gd_s2
6,-3,real,8.612161636352539,10.046661376953125,12.06643295288086,2.407997170555159,retain,ret_003,M_gd_s2
6,-2,real,8.612161636352539,10.046661376953125,8.608936309814453,-0.002248398132672775,retain,ret_003,M_gd_s2
6,-1,real,8.612161636352539,10.046661376953125,9.110780715942383,0.34759091652472907,retain,ret_003,M_gd_s2
6,-2,random_position,8.612161636352539,10.046661376953125,8.608936309814453,-0.002248398132672775,retain,ret_003,M_gd_s2
7,-6,real,8.612161636352539,10.046661376953125,8.510757446289062,-0.07068958410617864,retain,ret_003,M_gd_s2
7,-5,real,8.612161636352539,10.046661376953125,9.312904357910156,0.4884927488827815,retain,ret_003,M_gd_s2
7,-4,real,8.612161636352539,10.046661376953125,8.689188003540039,0.05369562991712439,retain,ret_003,M_gd_s2
7,-3,real,8.612161636352539,10.046661376953125,12.626184463500977,2.798203940746532,retain,ret_003,M_gd_s2
7,-2,real,8.612161636352539,10.046661376953125,8.633308410644531,0.014741567177376142,retain,ret_003,M_gd_s2
7,-1,real,8.612161636352539,10.046661376953125,9.119674682617188,0.3537909641253518,retain,ret_003,M_gd_s2
7,-8,random_position,8.612161636352539,10.046661376953125,8.620079040527344,0.0055192789170459425,retain,ret_003,M_gd_s2
8,-6,real,8.612161636352539,10.046661376953125,8.526403427124023,-0.05978265927926275,retain,ret_003,M_gd_s2
8,-5,real,8.612161636352539,10.046661376953125,8.978565216064453,0.2554225486011666,retain,ret_003,M_gd_s2
8,-4,real,8.612161636352539,10.046661376953125,8.674419403076172,0.04340033320435958,retain,ret_003,M_gd_s2
8,-3,real,8.612161636352539,10.046661376953125,12.935310363769531,3.013697810504314,retain,ret_003,M_gd_s2
8,-2,real,8.612161636352539,10.046661376953125,8.6866455078125,0.051923238012421366,retain,ret_003,M_gd_s2
8,-1,real,8.612161636352539,10.046661376953125,11.271249771118164,1.8536693033156892,retain,ret_003,M_gd_s2
8,-5,random_position,8.612161636352539,10.046661376953125,8.978565216064453,0.2554225486011666,retain,ret_003,M_gd_s2
9,-6,real,8.612161636352539,10.046661376953125,8.518413543701172,-0.0653524639970429,retain,ret_003,M_gd_s2
9,-5,real,8.612161636352539,10.046661376953125,7.685791015625,-0.6457795665684073,retain,ret_003,M_gd_s2
9,-4,real,8.612161636352539,10.046661376953125,8.692501068115234,0.05600519086121227,retain,ret_003,M_gd_s2
9,-3,real,8.612161636352539,10.046661376953125,10.957544326782227,1.6349830007273056,retain,ret_003,M_gd_s2
9,-2,real,8.612161636352539,10.046661376953125,8.801349639892578,0.1318843065533293,retain,ret_003,M_gd_s2
9,-1,real,8.612161636352539,10.046661376953125,12.707931518554688,2.855190395843056,retain,ret_003,M_gd_s2
9,-11,random_position,8.612161636352539,10.046661376953125,8.595226287841797,-0.011805752229450957,retain,ret_003,M_gd_s2
10,-6,real,8.612161636352539,10.046661376953125,8.514347076416016,-0.06818722734349966,retain,ret_003,M_gd_s2
10,-5,real,8.612161636352539,10.046661376953125,8.506240844726562,-0.07383813926772159,retain,ret_003,M_gd_s2
10,-4,real,8.612161636352539,10.046661376953125,8.748157501220703,0.09480368731975253,retain,ret_003,M_gd_s2
10,-3,real,8.612161636352539,10.046661376953125,9.211498260498047,0.4178018351502677,retain,ret_003,M_gd_s2
10,-2,real,8.612161636352539,10.046661376953125,8.824268341064453,0.14786109659602362,retain,ret_003,M_gd_s2
10,-1,real,8.612161636352539,10.046661376953125,13.239263534545898,3.225585733641275,retain,ret_003,M_gd_s2
10,-6,random_position,8.612161636352539,10.046661376953125,8.514347076416016,-0.06818722734349966,retain,ret_003,M_gd_s2
11,-6,real,8.612161636352539,10.046661376953125,8.612161636352539,0.0,retain,ret_003,M_gd_s2
11,-5,real,8.612161636352539,10.046661376953125,8.612161636352539,0.0,retain,ret_003,M_gd_s2
11,-4,real,8.612161636352539,10.046661376953125,8.612161636352539,0.0,retain,ret_003,M_gd_s2
11,-3,real,8.612161636352539,10.046661376953125,8.612161636352539,0.0,retain,ret_003,M_gd_s2
11,-2,real,8.612161636352539,10.046661376953125,8.612161636352539,0.0,retain,ret_003,M_gd_s2
11,-1,real,8.612161636352539,10.046661376953125,10.062492370605469,1.0110358985814216,retain,ret_003,M_gd_s2
11,-6,random_position,8.612161636352539,10.046661376953125,8.612161636352539,0.0,retain,ret_003,M_gd_s2
0,-6,real,6.808696746826172,9.230430603027344,7.231019973754883,0.17438878588879456,retain,ret_003,M_gd_s2
0,-5,real,6.808696746826172,9.230430603027344,7.324745178222656,0.21309048063852007,retain,ret_003,M_gd_s2
0,-4,real,6.808696746826172,9.230430603027344,7.252653121948242,0.18332170316125404,retain,ret_003,M_gd_s2
0,-3,real,6.808696746826172,9.230430603027344,6.813560485839844,0.0020083705735118762,retain,ret_003,M_gd_s2
0,-2,real,6.808696746826172,9.230430603027344,6.889564514160156,0.033392508068924125,retain,ret_003,M_gd_s2
0,-1,real,6.808696746826172,9.230430603027344,6.7766265869140625,-0.013242644244324975,retain,ret_003,M_gd_s2
0,-10,random_position,6.808696746826172,9.230430603027344,6.778738021850586,-0.01237077513652982,retain,ret_003,M_gd_s2
1,-6,real,6.808696746826172,9.230430603027344,7.3765106201171875,0.23446584431111314,retain,ret_003,M_gd_s2
1,-5,real,6.808696746826172,9.230430603027344,7.19340705871582,0.15885738678696937,retain,ret_003,M_gd_s2
1,-4,real,6.808696746826172,9.230430603027344,7.921516418457031,0.4595136120269106,retain,ret_003,M_gd_s2
1,-3,real,6.808696746826172,9.230430603027344,6.804340362548828,-0.0017988699568239706,retain,ret_003,M_gd_s2
1,-2,real,6.808696746826172,9.230430603027344,6.927793502807617,0.049178300776727475,retain,ret_003,M_gd_s2
1,-1,real,6.808696746826172,9.230430603027344,6.739795684814453,-0.028451128861781576,retain,ret_003,M_gd_s2
1,-3,random_position,6.808696746826172,9.230430603027344,6.804340362548828,-0.0017988699568239706,retain,ret_003,M_gd_s2
2,-6,real,6.808696746826172,9.230430603027344,7.6840972900390625,0.36147677457261085,retain,ret_003,M_gd_s2
2,-5,real,6.808696746826172,9.230430603027344,7.122827529907227,0.12971317317825037,retain,ret_003,M_gd_s2
2,-4,real,6.808696746826172,9.230430603027344,9.258159637451172,1.0114500750579276,retain,ret_003,M_gd_s2
2,-3,real,6.808696746826172,9.230430603027344,6.775478363037109,-0.013716777218934445,retain,ret_003,M_gd_s2
2,-2,real,6.808696746826172,9.230430603027344,6.988868713378906,0.07439792200591328,retain,ret_003,M_gd_s2
2,-1,real,6.808696746826172,9.230430603027344,6.719112396240234,-0.03699182317517875,retain,ret_003,M_gd_s2
2,-7,random_position,6.808696746826172,9.230430603027344,6.827215194702148,0.007646772509108551,retain,ret_003,M_gd_s2
3,-6,real,6.808696746826172,9.230430603027344,7.65789794921875,0.35065835174996024,retain,ret_003,M_gd_s2
3,-5,real,6.808696746826172,9.230430603027344,7.205802917480469,0.16397597516236298,retain,ret_003,M_gd_s2
3,-4,real,6.808696746826172,9.230430603027344,11.045007705688477,1.7492884067399341,retain,ret_003,M_gd_s2
3,-3,real,6.808696746826172,9.230430603027344,6.790065765380859,-0.007693240691005493,retain,ret_003,M_gd_s2
3,-2,real,6.808696746826172,9.230430603027344,7.015556335449219,0.08541796948221844,retain,ret_003,M_gd_s2
3,-1,real,6.808696746826172,9.230430603027344,6.757665634155273,-0.02107213909580794,retain,ret_003,M_gd_s2
3,-10,random_position,6.808696746826172,9.230430603027344,6.842193603515625,0.013831766279221792,retain,ret_003,M_gd_s2
4,-6,real,6.808696746826172,9.230430603027344,8.405893325805664,0.6595260560485033,retain,ret_003,M_gd_s2
4,-5,real,6.808696746826172,9.230430603027344,6.807958602905273,-0.0003047997693918024,retain,ret_003,M_gd_s2
4,-4,real,6.808696746826172,9.230430603027344,11.552974700927734,1.9590418418412112,retain,ret_003,M_gd_s2
4,-3,real,6.808696746826172,9.230430603027344,6.820676803588867,0.0049468923812659195,retain,ret_003,M_gd_s2
4,-2,real,6.808696746826172,9.230430603027344,7.016756057739258,0.08591336755701803,retain,ret_003,M_gd_s2
4,-1,real,6.808696746826172,9.230430603027344,6.797170639038086,-0.004759444461071478,retain,ret_003,M_gd_s2
4,-8,random_position,6.808696746826172,9.230430603027344,6.824087142944336,0.006355114571634246,retain,ret_003,M_gd_s2
5,-6,real,6.808696746826172,9.230430603027344,9.052236557006836,0.9264188153606482,retain,ret_003,M_gd_s2
5,-5,real,6.808696746826172,9.230430603027344,7.024192810058594,0.08898420554373286,retain,ret_003,M_gd_s2
5,-4,real,6.808696746826172,9.230430603027344,11.241058349609375,1.8302430679711361,retain,ret_003,M_gd_s2
5,-3,real,6.808696746826172,9.230430603027344,6.841157913208008,0.013404101486509263,retain,ret_003,M_gd_s2
5,-2,real,6.808696746826172,9.230430603027344,7.034069061279297,0.09306237920241697,retain,ret_003,M_gd_s2
5,-1,real,6.808696746826172,9.230430603027344,7.005928039550781,0.08144218334296827,retain,ret_003,M_gd_s2
5,-9,random_position,6.808696746826172,9.230430603027344,6.81334114074707,0.0019177969986280072,retain,ret_003,M_gd_s2
6,-6,real,6.808696746826172,9.230430603027344,8.76457405090332,0.8076351160838191,retain,ret_003,M_gd_s2
6,-5,real,6.808696746826172,9.230430603027344,6.856546401977539,0.019758428461840172,retain,ret_003,M_gd_s2
6,-4,real,6.808696746826172,9.230430603027344,11.009897232055664,1.7347903339880884,retain,ret_003,M_gd_s2
6,-3,real,6.808696746826172,9.230430603027344,6.781044006347656,-0.011418571205794188,retain,ret_003,M_gd_s2
6,-2,real,6.808696746826172,9.230430603027344,6.812643051147461,0.0016295367516063026,retain,ret_003,M_gd_s2
6,-1,real,6.808696746826172,9.230430603027344,7.595550537109375,0.324913403786448,retain,ret_003,M_gd_s2
6,-2,random_position,6.808696746826172,9.230430603027344,6.812643051147461,0.0016295367516063026,retain,ret_003,M_gd_s2
7,-6,real,6.808696746826172,9.230430603027344,8.807600021362305,0.8254017134945175,retain,ret_003,M_gd_s2
7,-5,real,6.808696746826172,9.230430603027344,6.842416763305664,0.013923915046712337,retain,ret_003,M_gd_s2
7,-4,real,6.808696746826172,9.230430603027344,11.394327163696289,1.893531944118467,retain,ret_003,M_gd_s2
7,-3,real,6.808696746826172,9.230430603027344,6.829343795776367,0.008525729983633748,retain,ret_003,M_gd_s2
7,-2,real,6.808696746826172,9.230430603027344,6.851047515869141,0.017487788319316744,retain,ret_003,M_gd_s2
7,-1,real,6.808696746826172,9.230430603027344,7.962841033935547,0.4765776735350315,retain,ret_003,M_gd_s2
7,-7,random_position,6.808696746826172,9.230430603027344,6.767976760864258,-0.01681439347996276,retain,ret_003,M_gd_s2
8,-6,real,6.808696746826172,9.230430603027344,8.065776824951172,0.5190826708335762,retain,ret_003,M_gd_s2
8,-5,real,6.808696746826172,9.230430603027344,6.845272064208984,0.015102946712809309,retain,ret_003,M_gd_s2
8,-4,real,6.808696746826172,9.230430603027344,10.816335678100586,1.6548634859327425,retain,ret_003,M_gd_s2
8,-3,real,6.808696746826172,9.230430603027344,6.799150466918945,-0.003941919498206643,retain,ret_003,M_gd_s2
8,-2,real,6.808696746826172,9.230430603027344,6.887821197509766,0.032672645047673206,retain,ret_003,M_gd_s2
8,-1,real,6.808696746826172,9.230430603027344,10.764272689819336,1.6333652572368287,retain,ret_003,M_gd_s2
8,-4,random_position,6.808696746826172,9.230430603027344,10.816335678100586,1.6548634859327425,retain,ret_003,M_gd_s2
9,-6,real,6.808696746826172,9.230430603027344,6.069419860839844,-0.30526760159598515,retain,ret_003,M_gd_s2
9,-5,real,6.808696746826172,9.230430603027344,6.799812316894531,-0.0036686235809483604,retain,ret_003,M_gd_s2
9,-4,real,6.808696746826172,9.230430603027344,8.276329040527344,0.606025426759057,retain,ret_003,M_gd_s2
9,-3,real,6.808696746826172,9.230430603027344,6.801872253417969,-0.0028180195733433304,retain,ret_003,M_gd_s2
9,-2,real,6.808696746826172,9.230430603027344,7.014196395874023,0.08485641331793844,retain,ret_003,M_gd_s2
9,-1,real,6.808696746826172,9.230430603027344,12.367122650146484,2.2952257487284258,retain,ret_003,M_gd_s2
9,-10,random_position,6.808696746826172,9.230430603027344,6.786951065063477,-0.008979385454356432,retain,ret_003,M_gd_s2
10,-6,real,6.808696746826172,9.230430603027344,6.906198501586914,0.040261135430334744,retain,ret_003,M_gd_s2
10,-5,real,6.808696746826172,9.230430603027344,6.900348663330078,0.03784557756799713,retain,ret_003,M_gd_s2
10,-4,real,6.808696746826172,9.230430603027344,7.299116134643555,0.2025075491105675,retain,ret_003,M_gd_s2
10,-3,real,6.808696746826172,9.230430603027344,6.840965270996094,0.013324554259872126,retain,ret_003,M_gd_s2
10,-2,real,6.808696746826172,9.230430603027344,7.00752067565918,0.08209982625625549,retain,ret_003,M_gd_s2
10,-1,real,6.808696746826172,9.230430603027344,11.910930633544922,2.1068516152812586,retain,ret_003,M_gd_s2
10,-5,random_position,6.808696746826172,9.230430603027344,6.900348663330078,0.03784557756799713,retain,ret_003,M_gd_s2
11,-6,real,6.808696746826172,9.230430603027344,6.808696746826172,0.0,retain,ret_003,M_gd_s2
11,-5,real,6.808696746826172,9.230430603027344,6.808696746826172,0.0,retain,ret_003,M_gd_s2
11,-4,real,6.808696746826172,9.230430603027344,6.808696746826172,0.0,retain,ret_003,M_gd_s2
11,-3,real,6.808696746826172,9.230430603027344,6.808696746826172,0.0,retain,ret_003,M_gd_s2
11,-2,real,6.808696746826172,9.230430603027344,6.808696746826172,0.0,retain,ret_003,M_gd_s2
11,-1,real,6.808696746826172,9.230430603027344,9.249601364135742,1.00791613044485,retain,ret_003,M_gd_s2
11,-5,random_position,6.808696746826172,9.230430603027344,6.808696746826172,0.0,retain,ret_003,M_gd_s2
0,-6,real,10.424005508422852,3.261962890625,10.433757781982422,-0.0013616609227283393,retain,ret_004,M_gd_s2
0,-5,real,10.424005508422852,3.261962890625,10.440467834472656,-0.002298551813821298,retain,ret_004,M_gd_s2
0,-4,real,10.424005508422852,3.261962890625,10.433670043945312,-0.0013494105017532749,retain,ret_004,M_gd_s2
0,-3,real,10.424005508422852,3.261962890625,10.429071426391602,-0.0007073286545602325,retain,ret_004,M_gd_s2
0,-2,real,10.424005508422852,3.261962890625,10.459526062011719,-0.004959556300404823,retain,ret_004,M_gd_s2
0,-1,real,10.424005508422852,3.261962890625,10.428213119506836,-0.000587487579804169,retain,ret_004,M_gd_s2
0,-13,random_position,10.424005508422852,3.261962890625,10.414251327514648,0.001361927236227797,retain,ret_004,M_gd_s2
1,-6,real,10.424005508422852,3.261962890625,10.430458068847656,-0.0009009385686661396,retain,ret_004,M_gd_s2
1,-5,real,10.424005508422852,3.261962890625,10.460182189941406,-0.005051168144218347,retain,ret_004,M_gd_s2
1,-4,real,10.424005508422852,3.261962890625,10.453659057617188,-0.004140375976072265,retain,ret_004,M_gd_s2
1,-3,real,10.424005508422852,3.261962890625,10.426212310791016,-0.00030812471887281214,retain,ret_004,M_gd_s2
1,-2,real,10.424005508422852,3.261962890625,10.503875732421875,-0.011151877789800353,retain,ret_004,M_gd_s2
1,-1,real,10.424005508422852,3.261962890625,10.474416732788086,-0.007038665790672796,retain,ret_004,M_gd_s2
1,-3,random_position,10.424005508422852,3.261962890625,10.426212310791016,-0.00030812471887281214,retain,ret_004,M_gd_s2
2,-6,real,10.424005508422852,3.261962890625,10.432594299316406,-0.0011992096880590088,retain,ret_004,M_gd_s2
2,-5,real,10.424005508422852,3.261962890625,10.467918395996094,-0.006131335698019666,retain,ret_004,M_gd_s2
2,-4,real,10.424005508422852,3.261962890625,10.451517105102539,-0.003841305916181022,retain,ret_004,M_gd_s2
2,-3,real,10.424005508422852,3.261962890625,10.432537078857422,-0.0011912202830752711,retain,ret_004,M_gd_s2
2,-2,real,10.424005508422852,3.261962890625,10.542182922363281,-0.016500518112913195,retain,ret_004,M_gd_s2
2,-1,real,10.424005508422852,3.261962890625,10.568004608154297,-0.0201058702685745,retain,ret_004,M_gd_s2
2,-9,random_position,10.424005508422852,3.261962890625,9.424127578735352,0.13960792793982807,retain,ret_004,M_gd_s2
3,-6,real,10.424005508422852,3.261962890625,10.410640716552734,0.0018660586907016375,retain,ret_004,M_gd_s2
3,-5,real,10.424005508422852,3.261962890625,10.464103698730469,-0.005598708699103829,retain,ret_004,M_gd_s2
3,-4,real,10.424005508422852,3.261962890625,10.437971115112305,-0.001949947443030882,retain,ret_004,M_gd_s2
3,-3,real,10.424005508422852,3.261962890625,10.444591522216797,-0.0028743215996493185,retain,ret_004,M_gd_s2
3,-2,real,10.424005508422852,3.261962890625,10.535215377807617,-0.015527674899393417,retain,ret_004,M_gd_s2
3,-1,real,10.424005508422852,3.261962890625,10.709678649902344,-0.039887104381309796,retain,ret_004,M_gd_s2
3,-13,random_position,10.424005508422852,3.261962890625,10.469139099121094,-0.006301776337672735,retain,ret_004,M_gd_s2
4,-6,real,10.424005508422852,3.261962890625,10.399789810180664,0.003381116189117738,retain,ret_004,M_gd_s2
4,-5,real,10.424005508422852,3.261962890625,10.419368743896484,0.0006474081171822008,retain,ret_004,M_gd_s2
4,-4,real,10.424005508422852,3.261962890625,10.438501358032227,-0.0020239825958801834,retain,ret_004,M_gd_s2
4,-3,real,10.424005508422852,3.261962890625,10.460607528686523,-0.005110556054597463,retain,ret_004,M_gd_s2
4,-2,real,10.424005508422852,3.261962890625,10.493644714355469,-0.009723372178708075,retain,ret_004,M_gd_s2
4,-1,real,10.424005508422852,3.261962890625,10.893234252929688,-0.06551605031514209,retain,ret_004,M_gd_s2
4,-10,random_position,10.424005508422852,3.261962890625,10.450078964233398,-0.003640505537589751,retain,ret_004,M_gd_s2
5,-6,real,10.424005508422852,3.261962890625,10.39030647277832,0.004705226908422511,retain,ret_004,M_gd_s2
5,-5,real,10.424005508422852,3.261962890625,10.398292541503906,0.0035901722861922045,retain,ret_004,M_gd_s2
5,-4,real,10.424005508422852,3.261962890625,10.448219299316406,-0.00338084987561828,retain,ret_004,M_gd_s2
5,-3,real,10.424005508422852,3.261962890625,10.480792999267578,-0.00792895181936062,retain,ret_004,M_gd_s2
5,-2,real,10.424005508422852,3.261962890625,10.476123809814453,-0.007277016372687633,retain,ret_004,M_gd_s2
5,-1,real,10.424005508422852,3.261962890625,10.989116668701172,-0.07890362993289166,retain,ret_004,M_gd_s2
5,-12,random_position,10.424005508422852,3.261962890625,10.423629760742188,5.246375939321002e-05,retain,ret_004,M_gd_s2
6,-6,real,10.424005508422852,3.261962890625,10.313583374023438,0.015417687424117298,retain,ret_004,M_gd_s2
6,-5,real,10.424005508422852,3.261962890625,10.349475860595703,0.01040619999131818,retain,ret_004,M_gd_s2
6,-4,real,10.424005508422852,3.261962890625,10.419658660888672,0.0006069284652645971,retain,ret_004,M_gd_s2
6,-3,real,10.424005508422852,3.261962890625,10.49209976196289,-0.009507658244147161,retain,ret_004,M_gd_s2
6,-2,real,10.424005508422852,3.261962890625,10.457164764404297,-0.00462986018807592,retain,ret_004,M_gd_s2
6,-1,real,10.424005508422852,3.261962890625,11.075191497802734,-0.09092182553642862,retain,ret_004,M_gd_s2
6,-2,random_position,10.424005508422852,3.261962890625,10.457164764404297,-0.00462986018807592,retain,ret_004,M_gd_s2
7,-6,real,10.424005508422852,3.261962890625,10.326606750488281,0.013599298849818628,retain,ret_004,M_gd_s2
7,-5,real,10.424005508422852,3.261962890625,10.34024429321289,0.011695157328694507,retain,ret_004,M_gd_s2
7,-4,real,10.424005508422852,3.261962890625,10.406761169433594,0.0024077403485990444,retain,ret_004,M_gd_s2
7,-3,real,10.424005508422852,3.261962890625,10.486404418945312,-0.008712446134765815,retain,ret_004,M_gd_s2
7,-2,real,10.424005508422852,3.261962890625,10.417282104492188,0.000938755085589164,retain,ret_004,M_gd_s2
7,-1,real,10.424005508422852,3.261962890625,11.142814636230469,-0.10036370434620968,retain,ret_004,M_gd_s2
7,-8,random_position,10.424005508422852,3.261962890625,9.459941864013672,0.13460735936050672,retain,ret_004,M_gd_s2
8,-6,real,10.424005508422852,3.261962890625,10.310661315917969,0.015825679705286828,retain,ret_004,M_gd_s2
8,-5,real,10.424005508422852,3.261962890625,10.357742309570312,0.00925199728466756,retain,ret_004,M_gd_s2
8,-4,real,10.424005508422852,3.261962890625,10.467096328735352,-0.006016554579753303,retain,ret_004,M_gd_s2
8,-3,real,10.424005508422852,3.261962890625,10.44948959350586,-0.003558214666257254,retain,ret_004,M_gd_s2
8,-2,real,10.424005508422852,3.261962890625,10.384344100952148,0.005537722907727965,retain,ret_004,M_gd_s2
8,-1,real,10.424005508422852,3.261962890625,10.650192260742188,-0.03158131896021622,retain,ret_004,M_gd_s2
8,-5,random_position,10.424005508422852,3.261962890625,10.357742309570312,0.00925199728466756,retain,ret_004,M_gd_s2
9,-6,real,10.424005508422852,3.261962890625,10.218490600585938,0.0286950132530913,retain,ret_004,M_gd_s2
9,-5,real,10.424005508422852,3.261962890625,10.358963012695312,0.00908155664501449,retain,ret_004,M_gd_s2
9,-4,real,10.424005508422852,3.261962890625,10.397697448730469,0.003673262098023075,retain,ret_004,M_gd_s2
9,-3,real,10.424005508422852,3.261962890625,10.434324264526367,-0.001440756032067341,retain,ret_004,M_gd_s2
9,-2,real,10.424005508422852,3.261962890625,10.3494873046875,0.010404602110321433,retain,ret_004,M_gd_s2
9,-1,real,10.424005508422852,3.261962890625,10.038993835449219,0.053757244060077126,retain,ret_004,M_gd_s2
9,-12,random_position,10.424005508422852,3.261962890625,10.450826644897461,-0.0037449004293772553,retain,ret_004,M_gd_s2
10,-6,real,10.424005508422852,3.261962890625,10.22525405883789,0.02775066558401352,retain,ret_004,M_gd_s2
10,-5,real,10.424005508422852,3.261962890625,10.297140121459961,0.017713576102944016,retain,ret_004,M_gd_s2
10,-4,real,10.424005508422852,3.261962890625,10.354316711425781,0.009730296329693982,retain,ret_004,M_gd_s2
10,-3,real,10.424005508422852,3.261962890625,10.430191040039062,-0.0008636546787420309,retain,ret_004,M_gd_s2
10,-2,real,10.424005508422852,3.261962890625,10.325325012207031,0.013778261521454348,retain,ret_004,M_gd_s2
10,-1,real,10.424005508422852,3.261962890625,7.719181060791016,0.377661037775771,retain,ret_004,M_gd_s2
10,-6,random_position,10.424005508422852,3.261962890625,10.22525405883789,0.02775066558401352,retain,ret_004,M_gd_s2
11,-6,real,10.424005508422852,3.261962890625,10.424005508422852,-0.0,retain,ret_004,M_gd_s2
11,-5,real,10.424005508422852,3.261962890625,10.424005508422852,-0.0,retain,ret_004,M_gd_s2
11,-4,real,10.424005508422852,3.261962890625,10.424005508422852,-0.0,retain,ret_004,M_gd_s2
11,-3,real,10.424005508422852,3.261962890625,10.424005508422852,-0.0,retain,ret_004,M_gd_s2
11,-2,real,10.424005508422852,3.261962890625,10.424005508422852,-0.0,retain,ret_004,M_gd_s2
11,-1,real,10.424005508422852,3.261962890625,2.9543304443359375,1.042953171700569,retain,ret_004,M_gd_s2
11,-6,random_position,10.424005508422852,3.261962890625,10.424005508422852,-0.0,retain,ret_004,M_gd_s2
0,-6,real,10.749515533447266,4.8303070068359375,10.298561096191406,0.0761849215530214,retain,ret_004,M_gd_s2
0,-5,real,10.749515533447266,4.8303070068359375,10.963050842285156,-0.03607497655774207,retain,ret_004,M_gd_s2
0,-4,real,10.749515533447266,4.8303070068359375,10.641307830810547,0.01828077219280975,retain,ret_004,M_gd_s2
0,-3,real,10.749515533447266,4.8303070068359375,10.74294662475586,0.0011097613239800604,retain,ret_004,M_gd_s2
0,-2,real,10.749515533447266,4.8303070068359375,10.745004653930664,0.0007620747767749254,retain,ret_004,M_gd_s2
0,-1,real,10.749515533447266,4.8303070068359375,10.7401123046875,0.0015885956234673918,retain,ret_004,M_gd_s2
0,-10,random_position,10.749515533447266,4.8303070068359375,10.739728927612305,0.0016533639237345209,retain,ret_004,M_gd_s2
1,-6,real,10.749515533447266,4.8303070068359375,9.94734001159668,0.1355207403564512,retain,ret_004,M_gd_s2
1,-5,real,10.749515533447266,4.8303070068359375,11.03860855102539,-0.04883980962630946,retain,ret_004,M_gd_s2
1,-4,real,10.749515533447266,4.8303070068359375,10.595907211303711,0.025950821204045925,retain,ret_004,M_gd_s2
1,-3,real,10.749515533447266,4.8303070068359375,10.779003143310547,-0.0049816812046259385,retain,ret_004,M_gd_s2
1,-2,real,10.749515533447266,4.8303070068359375,10.73576545715332,0.0023229585901777747,retain,ret_004,M_gd_s2
1,-1,real,10.749515533447266,4.8303070068359375,10.699882507324219,0.008385078156971293,retain,ret_004,M_gd_s2
1,-3,random_position,10.749515533447266,4.8303070068359375,10.779003143310547,-0.0049816812046259385,retain,ret_004,M_gd_s2
2,-6,real,10.749515533447266,4.8303070068359375,9.276729583740234,0.2488146756590416,retain,ret_004,M_gd_s2
2,-5,real,10.749515533447266,4.8303070068359375,11.021516799926758,-0.045952303463654025,retain,ret_004,M_gd_s2
2,-4,real,10.749515533447266,4.8303070068359375,10.613239288330078,0.023022714017342436,retain,ret_004,M_gd_s2
2,-3,real,10.749515533447266,4.8303070068359375,10.804553985595703,-0.009298278967702852,retain,ret_004,M_gd_s2
2,-2,real,10.749515533447266,4.8303070068359375,10.706113815307617,0.007332351604868256,retain,ret_004,M_gd_s2
2,-1,real,10.749515533447266,4.8303070068359375,10.706892013549805,0.007200881622236472,retain,ret_004,M_gd_s2
2,-7,random_position,10.749515533447266,4.8303070068359375,10.638168334960938,0.018811163348231116,retain,ret_004,M_gd_s2
3,-6,real,10.749515533447266,4.8303070068359375,7.735263824462891,0.5092322217460373,retain,ret_004,M_gd_s2
3,-5,real,10.749515533447266,4.8303070068359375,10.97675895690918,-0.03839084608022891,retain,ret_004,M_gd_s2
3,-4,real,10.749515533447266,4.8303070068359375,10.564334869384766,0.03128470018077122,retain,ret_004,M_gd_s2
3,-3,real,10.749515533447266,4.8303070068359375,10.779973983764648,-0.005145696452566082,retain,ret_004,M_gd_s2
3,-2,real,10.749515533447266,4.8303070068359375,10.733072280883789,0.0027779478437956156,retain,ret_004,M_gd_s2
3,-1,real,10.749515533447266,4.8303070068359375,10.736370086669922,0.0022208115693584714,retain,ret_004,M_gd_s2
3,-10,random_position,10.749515533447266,4.8303070068359375,10.798868179321289,-0.0083377102955819,retain,ret_004,M_gd_s2
4,-6,real,10.749515533447266,4.8303070068359375,7.2811737060546875,0.585946889993781,retain,ret_004,M_gd_s2
4,-5,real,10.749515533447266,4.8303070068359375,10.796377182006836,-0.007916877459020356,retain,ret_004,M_gd_s2
4,-4,real,10.749515533447266,4.8303070068359375,10.476545333862305,0.046115996481244585,retain,ret_004,M_gd_s2
4,-3,real,10.749515533447266,4.8303070068359375,10.780130386352539,-0.0051721193412322735,retain,ret_004,M_gd_s2
4,-2,real,10.749515533447266,4.8303070068359375,10.744682312011719,0.0008165317058552476,retain,ret_004,M_gd_s2
4,-1,real,10.749515533447266,4.8303070068359375,10.830921173095703,-0.013752791320403303,retain,ret_004,M_gd_s2
4,-8,random_position,10.749515533447266,4.8303070068359375,10.75943374633789,-0.0016755978178560726,retain,ret_004,M_gd_s2
5,-6,real,10.749515533447266,4.8303070068359375,6.859411239624023,0.6572000760463625,retain,ret_004,M_gd_s2
5,-5,real,10.749515533447266,4.8303070068359375,10.862585067749023,-0.019102137353908814,retain,ret_004,M_gd_s2
5,-4,real,10.749515533447266,4.8303070068359375,10.291759490966797,0.07733399497965115,retain,ret_004,M_gd_s2
5,-3,real,10.749515533447266,4.8303070068359375,10.77670669555664,-0.00459371586372234,retain,ret_004,M_gd_s2
5,-2,real,10.749515533447266,4.8303070068359375,10.768360137939453,-0.0031836358539265378,retain,ret_004,M_gd_s2
5,-1,real,10.749515533447266,4.8303070068359375,11.077667236328125,-0.055438442725166515,retain,ret_004,M_gd_s2
5,-9,random_position,10.749515533447266,4.8303070068359375,10.754549026489258,-0.0008503658925619568,retain,ret_004,M_gd_s2
6,-6,real,10.749515533447266,4.8303070068359375,6.598888397216797,0.7012131972661977,retain,ret_004,M_gd_s2
6,-5,real,10.749515533447266,4.8303070068359375,10.610050201416016,0.02356148316185308,retain,ret_004,M_gd_s2
6,-4,real,10.749515533447266,4.8303070068359375,10.154903411865234,0.10045466702326826,retain,ret_004,M_gd_s2
6,-3,real,10.749515533447266,4.8303070068359375,10.71006965637207,0.0066640458598233535,retain,ret_004,M_gd_s2
6,-2,real,10.749515533447266,4.8303070068359375,10.747735977172852,0.00030064091616532993,retain,ret_004,M_gd_s2
6,-1,real,10.749515533447266,4.8303070068359375,11.421100616455078,-0.11345859501122972,retain,ret_004,M_gd_s2
6,-2,random_position,10.749515533447266,4.8303070068359375,10.747735977172852,0.00030064091616532993,retain,ret_004,M_gd_s2
7,-6,real,10.749515533447266,4.8303070068359375,5.7485504150390625,0.8448705761800881,retain,ret_004,M_gd_s2
7,-5,real,10.749515533447266,4.8303070068359375,10.377309799194336,0.06288099710959376,retain,ret_004,M_gd_s2
7,-4,real,10.749515533447266,4.8303070068359375,10.39071273803711,0.060616684443040955,retain,ret_004,M_gd_s2
7,-3,real,10.749515533447266,4.8303070068359375,10.643369674682617,0.017932441184905442,retain,ret_004,M_gd_s2
7,-2,real,10.749515533447266,4.8303070068359375,10.731039047241211,0.0031214453964561106,retain,ret_004,M_gd_s2
7,-1,real,10.749515533447266,4.8303070068359375,11.533166885375977,-0.13239123920125542,retain,ret_004,M_gd_s2
7,-7,random_position,10.749515533447266,4.8303070068359375,10.79922103881836,-0.008397322910255625,retain,ret_004,M_gd_s2
8,-6,real,10.749515533447266,4.8303070068359375,6.708652496337891,0.6826694851081244,retain,ret_004,M_gd_s2
8,-5,real,10.749515533447266,4.8303070068359375,9.767969131469727,0.1658239268923783,retain,ret_004,M_gd_s2
8,-4,real,10.749515533447266,4.8303070068359375,10.474878311157227,0.046397625806784235,retain,ret_004,M_gd_s2
8,-3,real,10.749515533447266,4.8303070068359375,10.617170333862305,0.022358597266842174,retain,ret_004,M_gd_s2
8,-2,real,10.749515533447266,4.8303070068359375,10.71706771850586,0.005481782707186059,retain,ret_004,M_gd_s2
8,-1,real,10.749515533447266,4.8303070068359375,11.187652587890625,-0.074019533603792,retain,ret_004,M_gd_s2
8,-4,random_position,10.749515533447266,4.8303070068359375,10.474878311157227,0.046397625806784235,retain,ret_004,M_gd_s2
9,-6,real,10.749515533447266,4.8303070068359375,8.198026657104492,0.4310523720987185,retain,ret_004,M_gd_s2
9,-5,real,10.749515533447266,4.8303070068359375,9.273929595947266,0.24928770981223639,retain,ret_004,M_gd_s2
9,-4,real,10.749515533447266,4.8303070068359375,10.904664993286133,-0.02621118332651279,retain,ret_004,M_gd_s2
9,-3,real,10.749515533447266,4.8303070068359375,10.57339096069336,0.029754750480928797,retain,ret_004,M_gd_s2
9,-2,real,10.749515533447266,4.8303070068359375,10.672435760498047,0.013021972887538386,retain,ret_004,M_gd_s2
9,-1,real,10.749515533447266,4.8303070068359375,10.114078521728516,0.10735168542584352,retain,ret_004,M_gd_s2
9,-10,random_position,10.749515533447266,4.8303070068359375,10.834383010864258,-0.01433763940490499,retain,ret_004,M_gd_s2
10,-6,real,10.749515533447266,4.8303070068359375,10.504793167114258,0.041343765003850654,retain,ret_004,M_gd_s2
10,-5,real,10.749515533447266,4.8303070068359375,8.621063232421875,0.35958393617261236,retain,ret_004,M_gd_s2
10,-4,real,10.749515533447266,4.8303070068359375,10.793840408325195,-0.007488311094068706,retain,ret_004,M_gd_s2
10,-3,real,10.749515533447266,4.8303070068359375,10.535552978515625,0.036147156156049715,retain,ret_004,M_gd_s2
10,-2,real,10.749515533447266,4.8303070068359375,10.636877059936523,0.019029313294901994,retain,ret_004,M_gd_s2
10,-1,real,10.749515533447266,4.8303070068359375,8.21661376953125,0.4279122373419863,retain,ret_004,M_gd_s2
10,-5,random_position,10.749515533447266,4.8303070068359375,8.621063232421875,0.35958393617261236,retain,ret_004,M_gd_s2
11,-6,real,10.749515533447266,4.8303070068359375,10.749515533447266,-0.0,retain,ret_004,M_gd_s2
11,-5,real,10.749515533447266,4.8303070068359375,10.749515533447266,-0.0,retain,ret_004,M_gd_s2
11,-4,real,10.749515533447266,4.8303070068359375,10.749515533447266,-0.0,retain,ret_004,M_gd_s2
11,-3,real,10.749515533447266,4.8303070068359375,10.749515533447266,-0.0,retain,ret_004,M_gd_s2
11,-2,real,10.749515533447266,4.8303070068359375,10.749515533447266,-0.0,retain,ret_004,M_gd_s2
11,-1,real,10.749515533447266,4.8303070068359375,4.528430938720703,1.0509993974292462,retain,ret_004,M_gd_s2
11,-5,random_position,10.749515533447266,4.8303070068359375,10.749515533447266,-0.0,retain,ret_004,M_gd_s2
0,-6,real,10.069076538085938,4.637474060058594,10.046119689941406,0.004226533189311886,retain,ret_004,M_gd_s2
0,-5,real,10.069076538085938,4.637474060058594,10.252340316772461,-0.0337402782011178,retain,ret_004,M_gd_s2
0,-4,real,10.069076538085938,4.637474060058594,9.677783966064453,0.07203998702121414,retain,ret_004,M_gd_s2
0,-3,real,10.069076538085938,4.637474060058594,10.077795028686523,-0.0016051415095002185,retain,ret_004,M_gd_s2
0,-2,real,10.069076538085938,4.637474060058594,9.862249374389648,0.03807847951557103,retain,ret_004,M_gd_s2
0,-1,real,10.069076538085938,4.637474060058594,10.035346984863281,0.006209871462262494,retain,ret_004,M_gd_s2
0,-11,random_position,10.069076538085938,4.637474060058594,10.080667495727539,-0.00213398489460355,retain,ret_004,M_gd_s2
1,-6,real,10.069076538085938,4.637474060058594,10.035083770751953,0.006258331214682322,retain,ret_004,M_gd_s2
1,-5,real,10.069076538085938,4.637474060058594,10.158834457397461,-0.016525126732787308,retain,ret_004,M_gd_s2
1,-4,real,10.069076538085938,4.637474060058594,9.503738403320312,0.1040831204147593,retain,ret_004,M_gd_s2
1,-3,real,10.069076538085938,4.637474060058594,10.102727890014648,-0.006195473999587039,retain,ret_004,M_gd_s2
1,-2,real,10.069076538085938,4.637474060058594,9.867595672607422,0.03709418468924657,retain,ret_004,M_gd_s2
1,-1,real,10.069076538085938,4.637474060058594,10.042831420898438,0.004831928936933495,retain,ret_004,M_gd_s2
1,-3,random_position,10.069076538085938,4.637474060058594,10.102727890014648,-0.006195473999587039,retain,ret_004,M_gd_s2
2,-6,real,10.069076538085938,4.637474060058594,10.077608108520508,-0.0015707280621296165,retain,ret_004,M_gd_s2
2,-5,real,10.069076538085938,4.637474060058594,9.854131698608398,0.039573006372808604,retain,ret_004,M_gd_s2
2,-4,real,10.069076538085938,4.637474060058594,9.004877090454102,0.19592734408250237,retain,ret_004,M_gd_s2
2,-3,real,10.069076538085938,4.637474060058594,10.048151016235352,0.0038525503173762626,retain,ret_004,M_gd_s2
2,-2,real,10.069076538085938,4.637474060058594,9.930736541748047,0.02546946263050773,retain,ret_004,M_gd_s2
2,-1,real,10.069076538085938,4.637474060058594,10.105222702026367,-0.006654788174696705,retain,ret_004,M_gd_s2
2,-8,random_position,10.069076538085938,4.637474060058594,10.073110580444336,-0.0007426983794777865,retain,ret_004,M_gd_s2
3,-6,real,10.069076538085938,4.637474060058594,10.094306945800781,-0.004645113079778799,retain,ret_004,M_gd_s2
3,-5,real,10.069076538085938,4.637474060058594,10.177709579467773,-0.02000018260196564,retain,ret_004,M_gd_s2
3,-4,real,10.069076538085938,4.637474060058594,7.883659362792969,0.40235219424354324,retain,ret_004,M_gd_s2
3,-3,real,10.069076538085938,4.637474060058594,9.878921508789062,0.03500901070468908,retain,ret_004,M_gd_s2
3,-2,real,10.069076538085938,4.637474060058594,9.85063362121582,0.04021702945931558,retain,ret_004,M_gd_s2
3,-1,real,10.069076538085938,4.637474060058594,10.172557830810547,-0.019051705853516704,retain,ret_004,M_gd_s2
3,-11,random_position,10.069076538085938,4.637474060058594,10.136100769042969,-0.012339678985744404,retain,ret_004,M_gd_s2
4,-6,real,10.069076538085938,4.637474060058594,10.112428665161133,-0.007981461686596032,retain,ret_004,M_gd_s2
4,-5,real,10.069076538085938,4.637474060058594,10.20761489868164,-0.025505983023635718,retain,ret_004,M_gd_s2
4,-4,real,10.069076538085938,4.637474060058594,7.397472381591797,0.4918629754849838,retain,ret_004,M_gd_s2
4,-3,real,10.069076538085938,4.637474060058594,9.637432098388672,0.07946907776174938,retain,ret_004,M_gd_s2
4,-2,real,10.069076538085938,4.637474060058594,9.58970832824707,0.08825539272766603,retain,ret_004,M_gd_s2
4,-1,real,10.069076538085938,4.637474060058594,10.199975967407227,-0.024099596730582037,retain,ret_004,M_gd_s2
4,-8,random_position,10.069076538085938,4.637474060058594,10.078901290893555,-0.001808812932713985,retain,ret_004,M_gd_s2
5,-6,real,10.069076538085938,4.637474060058594,10.115713119506836,-0.008586155118965181,retain,ret_004,M_gd_s2
5,-5,real,10.069076538085938,4.637474060058594,10.253602981567383,-0.033972744549682486,retain,ret_004,M_gd_s2
5,-4,real,10.069076538085938,4.637474060058594,6.516456604003906,0.6540647899866701,retain,ret_004,M_gd_s2
5,-3,real,10.069076538085938,4.637474060058594,9.78121566772461,0.05299741126597943,retain,ret_004,M_gd_s2
5,-2,real,10.069076538085938,4.637474060058594,9.433830261230469,0.11695374973136441,retain,ret_004,M_gd_s2
5,-1,real,10.069076538085938,4.637474060058594,10.386796951293945,-0.05849478390461997,retain,ret_004,M_gd_s2
5,-10,random_position,10.069076538085938,4.637474060058594,10.083337783813477,-0.0026256055713264346,retain,ret_004,M_gd_s2
6,-6,real,10.069076538085938,4.637474060058594,10.133604049682617,-0.011880013653008508,retain,ret_004,M_gd_s2
6,-5,real,10.069076538085938,4.637474060058594,10.249950408935547,-0.033300277695450825,retain,ret_004,M_gd_s2
6,-4,real,10.069076538085938,4.637474060058594,6.31451416015625,0.6912439548214644,retain,ret_004,M_gd_s2
6,-3,real,10.069076538085938,4.637474060058594,9.611495971679688,0.08424411916323352,retain,ret_004,M_gd_s2
6,-2,real,10.069076538085938,4.637474060058594,9.46589469909668,0.11105043887680126,retain,ret_004,M_gd_s2
6,-1,real,10.069076538085938,4.637474060058594,10.420957565307617,-0.06478401699041059,retain,ret_004,M_gd_s2
6,-2,random_position,10.069076538085938,4.637474060058594,9.46589469909668,0.11105043887680126,retain,ret_004,M_gd_s2
7,-6,real,10.069076538085938,4.637474060058594,10.142526626586914,-0.013522729028515404,retain,ret_004,M_gd_s2
7,-5,real,10.069076538085938,4.637474060058594,10.111137390136719,-0.007743727973637895,retain,ret_004,M_gd_s2
7,-4,real,10.069076538085938,4.637474060058594,5.641334533691406,0.8151815274233036,retain,ret_004,M_gd_s2
7,-3,real,10.069076538085938,4.637474060058594,9.45391845703125,0.1132553576119034,retain,ret_004,M_gd_s2
7,-2,real,10.069076538085938,4.637474060058594,9.529199600219727,0.09939551726220659,retain,ret_004,M_gd_s2
7,-1,real,10.069076538085938,4.637474060058594,10.830228805541992,-0.14013401579647466,retain,ret_004,M_gd_s2
7,-7,random_position,10.069076538085938,4.637474060058594,10.134056091308594,-0.011963238010425167,retain,ret_004,M_gd_s2
8,-6,real,10.069076538085938,4.637474060058594,10.09552001953125,-0.00486844933006148,retain,ret_004,M_gd_s2
8,-5,real,10.069076538085938,4.637474060058594,10.075580596923828,-0.0011974475054464548,retain,ret_004,M_gd_s2
8,-4,real,10.069076538085938,4.637474060058594,6.872293472290039,0.5885524720794572,retain,ret_004,M_gd_s2
8,-3,real,10.069076538085938,4.637474060058594,8.94034194946289,0.2078087623660158,retain,ret_004,M_gd_s2
8,-2,real,10.069076538085938,4.637474060058594,9.594552993774414,0.08736345235704022,retain,ret_004,M_gd_s2
8,-1,real,10.069076538085938,4.637474060058594,10.143318176269531,-0.013668459443401115,retain,ret_004,M_gd_s2
8,-5,random_position,10.069076538085938,4.637474060058594,10.075580596923828,-0.0011974475054464548,retain,ret_004,M_gd_s2
9,-6,real,10.069076538085938,4.637474060058594,10.079450607299805,-0.001909946329068407,retain,ret_004,M_gd_s2
9,-5,real,10.069076538085938,4.637474060058594,10.11477279663086,-0.008413034409233478,retain,ret_004,M_gd_s2
9,-4,real,10.069076538085938,4.637474060058594,8.315185546875,0.32290488825462016,retain,ret_004,M_gd_s2
9,-3,real,10.069076538085938,4.637474060058594,8.850481033325195,0.22435285161061957,retain,ret_004,M_gd_s2
9,-2,real,10.069076538085938,4.637474060058594,10.057851791381836,0.002066562630367269,retain,ret_004,M_gd_s2
9,-1,real,10.069076538085938,4.637474060058594,8.935562133789062,0.20868876337734976,retain,ret_004,M_gd_s2
9,-10,random_position,10.069076538085938,4.637474060058594,10.079448699951172,-0.0019095951714421763,retain,ret_004,M_gd_s2
10,-6,real,10.069076538085938,4.637474060058594,10.070144653320312,-0.00019664827068915388,retain,ret_004,M_gd_s2
10,-5,real,10.069076538085938,4.637474060058594,10.14011001586914,-0.013077812316081194,retain,ret_004,M_gd_s2
10,-4,real,10.069076538085938,4.637474060058594,9.859231948852539,0.03863401088026789,retain,ret_004,M_gd_s2
10,-3,real,10.069076538085938,4.637474060058594,8.933841705322266,0.2090055075562098,retain,ret_004,M_gd_s2
10,-2,real,10.069076538085938,4.637474060058594,9.886503219604492,0.033613159140422316,retain,ret_004,M_gd_s2
10,-1,real,10.069076538085938,4.637474060058594,7.469470977783203,0.4786074774100299,retain,ret_004,M_gd_s2
10,-5,random_position,10.069076538085938,4.637474060058594,10.14011001586914,-0.013077812316081194,retain,ret_004,M_gd_s2
11,-6,real,10.069076538085938,4.637474060058594,10.069076538085938,-0.0,retain,ret_004,M_gd_s2
11,-5,real,10.069076538085938,4.637474060058594,10.069076538085938,-0.0,retain,ret_004,M_gd_s2
11,-4,real,10.069076538085938,4.637474060058594,10.069076538085938,-0.0,retain,ret_004,M_gd_s2
11,-3,real,10.069076538085938,4.637474060058594,10.069076538085938,-0.0,retain,ret_004,M_gd_s2
11,-2,real,10.069076538085938,4.637474060058594,10.069076538085938,-0.0,retain,ret_004,M_gd_s2
11,-1,real,10.069076538085938,4.637474060058594,4.381570816040039,1.0471137652384852,retain,ret_004,M_gd_s2
11,-6,random_position,10.069076538085938,4.637474060058594,10.069076538085938,-0.0,retain,ret_004,M_gd_s2
0,-6,real,10.069881439208984,4.9444732666015625,10.323265075683594,-0.04943677224163531,retain,ret_004,M_gd_s2
0,-5,real,10.069881439208984,4.9444732666015625,9.973712921142578,0.01876309453369505,retain,ret_004,M_gd_s2
0,-4,real,10.069881439208984,4.9444732666015625,10.065605163574219,0.0008343287969961186,retain,ret_004,M_gd_s2
0,-3,real,10.069881439208984,4.9444732666015625,10.07267951965332,-0.0005459234367499135,retain,ret_004,M_gd_s2
0,-2,real,10.069881439208984,4.9444732666015625,10.063688278198242,0.0012083254254444233,retain,ret_004,M_gd_s2
0,-1,real,10.069881439208984,4.9444732666015625,10.062362670898438,0.0014669599097942461,retain,ret_004,M_gd_s2
0,-11,random_position,10.069881439208984,4.9444732666015625,10.057893753051758,0.0023388744376095475,retain,ret_004,M_gd_s2
1,-6,real,10.069881439208984,4.9444732666015625,10.421100616455078,-0.06852511359449834,retain,ret_004,M_gd_s2
1,-5,real,10.069881439208984,4.9444732666015625,9.938295364379883,0.025673286965194126,retain,ret_004,M_gd_s2
1,-4,real,10.069881439208984,4.9444732666015625,10.064178466796875,0.0011126864866272948,retain,ret_004,M_gd_s2
1,-3,real,10.069881439208984,4.9444732666015625,10.074377059936523,-0.0008771244310971684,retain,ret_004,M_gd_s2
1,-2,real,10.069881439208984,4.9444732666015625,10.065048217773438,0.0009429924940179146,retain,ret_004,M_gd_s2
1,-1,real,10.069881439208984,4.9444732666015625,10.035577774047852,0.006692865037455483,retain,ret_004,M_gd_s2
1,-3,random_position,10.069881439208984,4.9444732666015625,10.074377059936523,-0.0008771244310971684,retain,ret_004,M_gd_s2
2,-6,real,10.069881439208984,4.9444732666015625,10.410533905029297,-0.06646348043867385,retain,ret_004,M_gd_s2
2,-5,real,10.069881439208984,4.9444732666015625,9.943227767944336,0.02471094340184356,retain,ret_004,M_gd_s2
2,-4,real,10.069881439208984,4.9444732666015625,10.054279327392578,0.0030440720604051072,retain,ret_004,M_gd_s2
2,-3,real,10.069881439208984,4.9444732666015625,10.075763702392578,-0.001147667265805544,retain,ret_004,M_gd_s2
2,-2,real,10.069881439208984,4.9444732666015625,10.10792350769043,-0.0074222514969168535,retain,ret_004,M_gd_s2
2,-1,real,10.069881439208984,4.9444732666015625,10.053997039794922,0.003099148180813415,retain,ret_004,M_gd_s2
2,-8,random_position,10.069881439208984,4.9444732666015625,9.920621871948242,0.029121498665892625,retain,ret_004,M_gd_s2
3,-6,real,10.069881439208984,4.9444732666015625,10.364416122436523,-0.05746560533494096,retain,ret_004,M_gd_s2
3,-5,real,10.069881439208984,4.9444732666015625,9.901885986328125,0.032776990090019685,retain,ret_004,M_gd_s2
3,-4,real,10.069881439208984,4.9444732666015625,10.046686172485352,0.00452554527219884,retain,ret_004,M_gd_s2
3,-3,real,10.069881439208984,4.9444732666015625,10.056495666503906,0.0026116500880101518,retain,ret_004,M_gd_s2
3,-2,real,10.069881439208984,4.9444732666015625,10.110891342163086,-0.008001295033101492,retain,ret_004,M_gd_s2
3,-1,real,10.069881439208984,4.9444732666015625,10.105205535888672,-0.006891957770012541,retain,ret_004,M_gd_s2
3,-11,random_position,10.069881439208984,4.9444732666015625,10.122467041015625,-0.010259788105790807,retain,ret_004,M_gd_s2
4,-6,real,10.069881439208984,4.9444732666015625,10.211503982543945,-0.02763146632727868,retain,ret_004,M_gd_s2
4,-5,real,10.069881439208984,4.9444732666015625,9.80510139465332,0.05166028453514638,retain,ret_004,M_gd_s2
4,-4,real,10.069881439208984,4.9444732666015625,10.048700332641602,0.004132569710366591,retain,ret_004,M_gd_s2
4,-3,real,10.069881439208984,4.9444732666015625,10.077529907226562,-0.0014922651543061711,retain,ret_004,M_gd_s2
4,-2,real,10.069881439208984,4.9444732666015625,10.085412979125977,-0.0030303030303030303,retain,ret_004,M_gd_s2
4,-1,real,10.069881439208984,4.9444732666015625,10.21517562866211,-0.028347828028535384,retain,ret_004,M_gd_s2
4,-8,random_position,10.069881439208984,4.9444732666015625,10.111631393432617,-0.008145683781198948,retain,ret_004,M_gd_s2
5,-6,real,10.069881439208984,4.9444732666015625,10.339719772338867,-0.05264718907111146,retain,ret_004,M_gd_s2
5,-5,real,10.069881439208984,4.9444732666015625,9.61306381225586,0.08912804825858983,retain,ret_004,M_gd_s2
5,-4,real,10.069881439208984,4.9444732666015625,10.052705764770508,0.0033510842180865513,retain,ret_004,M_gd_s2
5,-3,real,10.069881439208984,4.9444732666015625,10.082340240478516,-0.0024307920169396283,retain,ret_004,M_gd_s2
5,-2,real,10.069881439208984,4.9444732666015625,10.09542465209961,-0.004983644625054425,retain,ret_004,M_gd_s2
5,-1,real,10.069881439208984,4.9444732666015625,10.334182739257812,-0.05156687841202148,retain,ret_004,M_gd_s2
5,-10,random_position,10.069881439208984,4.9444732666015625,10.075117111206055,-0.0010215131791946235,retain,ret_004,M_gd_s2
6,-6,real,10.069881439208984,4.9444732666015625,10.182523727416992,-0.02197723272265824,retain,ret_004,M_gd_s2
6,-5,real,10.069881439208984,4.9444732666015625,9.571023941040039,0.0973302967039919,retain,ret_004,M_gd_s2
6,-4,real,10.069881439208984,4.9444732666015625,10.050483703613281,0.003784622598327621,retain,ret_004,M_gd_s2
6,-3,real,10.069881439208984,4.9444732666015625,10.082372665405273,-0.00243711832806761,retain,ret_004,M_gd_s2
6,-2,real,10.069881439208984,4.9444732666015625,10.093320846557617,-0.004573178673633052,retain,ret_004,M_gd_s2
6,-1,real,10.069881439208984,4.9444732666015625,10.495397567749023,-0.08302092520439568,retain,ret_004,M_gd_s2
6,-2,random_position,10.069881439208984,4.9444732666015625,10.093320846557617,-0.004573178673633052,retain,ret_004,M_gd_s2
7,-6,real,10.069881439208984,4.9444732666015625,10.010261535644531,0.01163222548461404,retain,ret_004,M_gd_s2
7,-5,real,10.069881439208984,4.9444732666015625,9.823984146118164,0.04797613864296905,retain,ret_004,M_gd_s2
7,-4,real,10.069881439208984,4.9444732666015625,10.046464920043945,0.004568713042248595,retain,ret_004,M_gd_s2
7,-3,real,10.069881439208984,4.9444732666015625,10.084747314453125,-0.0029004275842050616,retain,ret_004,M_gd_s2
7,-2,real,10.069881439208984,4.9444732666015625,10.088968276977539,-0.0037239644386887418,retain,ret_004,M_gd_s2
7,-1,real,10.069881439208984,4.9444732666015625,10.646703720092773,-0.11254172574324853,retain,ret_004,M_gd_s2
7,-7,random_position,10.069881439208984,4.9444732666015625,5.235603332519531,0.9431986573334971,retain,ret_004,M_gd_s2
8,-6,real,10.069881439208984,4.9444732666015625,9.414117813110352,0.127943688388242,retain,ret_004,M_gd_s2
8,-5,real,10.069881439208984,4.9444732666015625,9.924995422363281,0.028268190935512562,retain,ret_004,M_gd_s2
8,-4,real,10.069881439208984,4.9444732666015625,10.020523071289062,0.009630134080582319,retain,ret_004,M_gd_s2
8,-3,real,10.069881439208984,4.9444732666015625,10.086292266845703,-0.003201857702655934,retain,ret_004,M_gd_s2
8,-2,real,10.069881439208984,4.9444732666015625,10.068281173706055,0.00031222206096331113,retain,ret_004,M_gd_s2
8,-1,real,10.069881439208984,4.9444732666015625,10.244266510009766,-0.034023645518180705,retain,ret_004,M_gd_s2
8,-5,random_position,10.069881439208984,4.9444732666015625,9.924995422363281,0.028268190935512562,retain,ret_004,M_gd_s2
9,-6,real,10.069881439208984,4.9444732666015625,8.925369262695312,0.22330166456409856,retain,ret_004,M_gd_s2
9,-5,real,10.069881439208984,4.9444732666015625,10.309236526489258,-0.04669971233891165,retain,ret_004,M_gd_s2
9,-4,real,10.069881439208984,4.9444732666015625,9.975330352783203,0.018447523249193395,retain,ret_004,M_gd_s2
9,-3,real,10.069881439208984,4.9444732666015625,10.071037292480469,-0.00022551438491509717,retain,ret_004,M_gd_s2
9,-2,real,10.069881439208984,4.9444732666015625,10.040063858032227,0.005817601286101839,retain,ret_004,M_gd_s2
9,-1,real,10.069881439208984,4.9444732666015625,9.342666625976562,0.1418842731626718,retain,ret_004,M_gd_s2
9,-10,random_position,10.069881439208984,4.9444732666015625,10.09823226928711,-0.005531428741547862,retain,ret_004,M_gd_s2
10,-6,real,10.069881439208984,4.9444732666015625,8.376859664916992,0.3303194042847733,retain,ret_004,M_gd_s2
10,-5,real,10.069881439208984,4.9444732666015625,10.124601364135742,-0.010676208232391458,retain,ret_004,M_gd_s2
10,-4,real,10.069881439208984,4.9444732666015625,9.966741561889648,0.020123251426211023,retain,ret_004,M_gd_s2
10,-3,real,10.069881439208984,4.9444732666015625,10.062471389770508,0.0014457481607180736,retain,ret_004,M_gd_s2
10,-2,real,10.069881439208984,4.9444732666015625,10.014595031738281,0.010786732609156777,retain,ret_004,M_gd_s2
10,-1,real,10.069881439208984,4.9444732666015625,7.453166961669922,0.5105377736594733,retain,ret_004,M_gd_s2
10,-5,random_position,10.069881439208984,4.9444732666015625,10.124601364135742,-0.010676208232391458,retain,ret_004,M_gd_s2
11,-6,real,10.069881439208984,4.9444732666015625,10.069881439208984,-0.0,retain,ret_004,M_gd_s2
11,-5,real,10.069881439208984,4.9444732666015625,10.069881439208984,-0.0,retain,ret_004,M_gd_s2
11,-4,real,10.069881439208984,4.9444732666015625,10.069881439208984,-0.0,retain,ret_004,M_gd_s2
11,-3,real,10.069881439208984,4.9444732666015625,10.069881439208984,-0.0,retain,ret_004,M_gd_s2
11,-2,real,10.069881439208984,4.9444732666015625,10.069881439208984,-0.0,retain,ret_004,M_gd_s2
11,-1,real,10.069881439208984,4.9444732666015625,4.614906311035156,1.0643006263048016,retain,ret_004,M_gd_s2
11,-6,random_position,10.069881439208984,4.9444732666015625,10.069881439208984,-0.0,retain,ret_004,M_gd_s2
0,-6,real,11.437572479248047,5.007194519042969,11.614969253540039,-0.027587301304810803,retain,ret_004,M_gd_s2
0,-5,real,11.437572479248047,5.007194519042969,11.047029495239258,0.06073406360025746,retain,ret_004,M_gd_s2
0,-4,real,11.437572479248047,5.007194519042969,11.588388442993164,-0.023453670169693627,retain,ret_004,M_gd_s2
0,-3,real,11.437572479248047,5.007194519042969,11.322746276855469,0.017856835648415927,retain,ret_004,M_gd_s2
0,-2,real,11.437572479248047,5.007194519042969,11.441810607910156,-0.0006590792467157269,retain,ret_004,M_gd_s2
0,-1,real,11.437572479248047,5.007194519042969,11.442081451416016,-0.0007011986225184421,retain,ret_004,M_gd_s2
0,-12,random_position,11.437572479248047,5.007194519042969,11.450542449951172,-0.002016984193369461,retain,ret_004,M_gd_s2
1,-6,real,11.437572479248047,5.007194519042969,11.574378967285156,-0.021275030625532054,retain,ret_004,M_gd_s2
1,-5,real,11.437572479248047,5.007194519042969,10.746593475341797,0.10745542613240315,retain,ret_004,M_gd_s2
1,-4,real,11.437572479248047,5.007194519042969,11.676155090332031,-0.03710242423703124,retain,ret_004,M_gd_s2
1,-3,real,11.437572479248047,5.007194519042969,11.329141616821289,0.01686228447189125,retain,ret_004,M_gd_s2
1,-2,real,11.437572479248047,5.007194519042969,11.436653137207031,0.00014296858547118826,retain,ret_004,M_gd_s2
1,-1,real,11.437572479248047,5.007194519042969,11.409893035888672,0.004304481560908473,retain,ret_004,M_gd_s2
1,-3,random_position,11.437572479248047,5.007194519042969,11.329141616821289,0.01686228447189125,retain,ret_004,M_gd_s2
2,-6,real,11.437572479248047,5.007194519042969,11.349838256835938,0.013643711606854186,retain,ret_004,M_gd_s2
2,-5,real,11.437572479248047,5.007194519042969,10.133733749389648,0.2027623784989485,retain,ret_004,M_gd_s2
2,-4,real,11.437572479248047,5.007194519042969,11.693822860717773,-0.039849971969852016,retain,ret_004,M_gd_s2
2,-3,real,11.437572479248047,5.007194519042969,11.307771682739258,0.02018556254578999,retain,ret_004,M_gd_s2
2,-2,real,11.437572479248047,5.007194519042969,11.443767547607422,-0.000963406567656472,retain,ret_004,M_gd_s2
2,-1,real,11.437572479248047,5.007194519042969,11.41811752319336,0.0030254762900541916,retain,ret_004,M_gd_s2
2,-8,random_position,11.437572479248047,5.007194519042969,11.71246337890625,-0.04274879351717551,retain,ret_004,M_gd_s2
3,-6,real,11.437572479248047,5.007194519042969,11.56767463684082,-0.020232427766753575,retain,ret_004,M_gd_s2
3,-5,real,11.437572479248047,5.007194519042969,8.686487197875977,0.4278263732547896,retain,ret_004,M_gd_s2
3,-4,real,11.437572479248047,5.007194519042969,11.554571151733398,-0.01819468050080531,retain,ret_004,M_gd_s2
3,-3,real,11.437572479248047,5.007194519042969,11.36213493347168,0.011731432622346405,retain,ret_004,M_gd_s2
3,-2,real,11.437572479248047,5.007194519042969,11.459009170532227,-0.003333659610188143,retain,ret_004,M_gd_s2
3,-1,real,11.437572479248047,5.007194519042969,11.394012451171875,0.006774100736495846,retain,ret_004,M_gd_s2
3,-12,random_position,11.437572479248047,5.007194519042969,11.487516403198242,-0.007766872221085197,retain,ret_004,M_gd_s2
4,-6,real,11.437572479248047,5.007194519042969,11.574798583984375,-0.021340285996494006,retain,ret_004,M_gd_s2
4,-5,real,11.437572479248047,5.007194519042969,8.125415802001953,0.5150796263833397,retain,ret_004,M_gd_s2
4,-4,real,11.437572479248047,5.007194519042969,11.427680969238281,0.0015382470627667683,retain,ret_004,M_gd_s2
4,-3,real,11.437572479248047,5.007194519042969,11.349899291992188,0.013634219916532448,retain,ret_004,M_gd_s2
4,-2,real,11.437572479248047,5.007194519042969,11.452592849731445,-0.0023358456651153686,retain,ret_004,M_gd_s2
4,-1,real,11.437572479248047,5.007194519042969,11.494709014892578,-0.008885408602437585,retain,ret_004,M_gd_s2
4,-9,random_position,11.437572479248047,5.007194519042969,11.461538314819336,-0.003726971527895188,retain,ret_004,M_gd_s2
5,-6,real,11.437572479248047,5.007194519042969,11.655937194824219,-0.03395830181795531,retain,ret_004,M_gd_s2
5,-5,real,11.437572479248047,5.007194519042969,7.416378021240234,0.6253434063896873,retain,ret_004,M_gd_s2
5,-4,real,11.437572479248047,5.007194519042969,11.411962509155273,0.003982653935937022,retain,ret_004,M_gd_s2
5,-3,real,11.437572479248047,5.007194519042969,11.411563873291016,0.0040446465383508785,retain,ret_004,M_gd_s2
5,-2,real,11.437572479248047,5.007194519042969,11.454835891723633,-0.0026846652844392635,retain,ret_004,M_gd_s2
5,-1,real,11.437572479248047,5.007194519042969,11.66451644897461,-0.0352924775388047,retain,ret_004,M_gd_s2
5,-11,random_position,11.437572479248047,5.007194519042969,11.452709197998047,-0.002353939199791183,retain,ret_004,M_gd_s2
6,-6,real,11.437572479248047,5.007194519042969,11.595514297485352,-0.02456182501475661,retain,ret_004,M_gd_s2
6,-5,real,11.437572479248047,5.007194519042969,7.588411331176758,0.5985901873718993,retain,ret_004,M_gd_s2
6,-4,real,11.437572479248047,5.007194519042969,11.12907600402832,0.0479748588852603,retain,ret_004,M_gd_s2
6,-3,real,11.437572479248047,5.007194519042969,11.299676895141602,0.021444397974710577,retain,ret_004,M_gd_s2
6,-2,real,11.437572479248047,5.007194519042969,11.42947769165039,0.0012588354289205872,retain,ret_004,M_gd_s2
6,-1,real,11.437572479248047,5.007194519042969,11.789361953735352,-0.05470743347659853,retain,ret_004,M_gd_s2
6,-2,random_position,11.437572479248047,5.007194519042969,11.42947769165039,0.0012588354289205872,retain,ret_004,M_gd_s2
7,-6,real,11.437572479248047,5.007194519042969,11.476871490478516,-0.006111462105909467,retain,ret_004,M_gd_s2
7,-5,real,11.437572479248047,5.007194519042969,6.592668533325195,0.7534399962033239,retain,ret_004,M_gd_s2
7,-4,real,11.437572479248047,5.007194519042969,10.994644165039062,0.0688806034342122,retain,ret_004,M_gd_s2
7,-3,real,11.437572479248047,5.007194519042969,11.435554504394531,0.0003138190112624838,retain,ret_004,M_gd_s2
7,-2,real,11.437572479248047,5.007194519042969,11.404563903808594,0.005133224772125278,retain,ret_004,M_gd_s2
7,-1,real,11.437572479248047,5.007194519042969,11.990013122558594,-0.08591106879399175,retain,ret_004,M_gd_s2
7,-8,random_position,11.437572479248047,5.007194519042969,11.451526641845703,-0.0021700376998074968,retain,ret_004,M_gd_s2
8,-6,real,11.437572479248047,5.007194519042969,11.440053939819336,-0.0003858965346431866,retain,ret_004,M_gd_s2
8,-5,real,11.437572479248047,5.007194519042969,7.557645797729492,0.6033745925247006,retain,ret_004,M_gd_s2
8,-4,real,11.437572479248047,5.007194519042969,10.544609069824219,0.13886639556026184,retain,ret_004,M_gd_s2
8,-3,real,11.437572479248047,5.007194519042969,11.54304313659668,-0.016401937491286926,retain,ret_004,M_gd_s2
8,-2,real,11.437572479248047,5.007194519042969,11.376792907714844,0.00945194386851636,retain,ret_004,M_gd_s2
8,-1,real,11.437572479248047,5.007194519042969,11.710147857666016,-0.042388702515594553,retain,ret_004,M_gd_s2
8,-5,random_position,11.437572479248047,5.007194519042969,7.557645797729492,0.6033745925247006,retain,ret_004,M_gd_s2
9,-6,real,11.437572479248047,5.007194519042969,11.511898040771484,-0.01155850588929723,retain,ret_004,M_gd_s2
9,-5,real,11.437572479248047,5.007194519042969,8.746332168579102,0.41851977089432485,retain,ret_004,M_gd_s2
9,-4,real,11.437572479248047,5.007194519042969,10.114501953125,0.20575315079626383,retain,ret_004,M_gd_s2
9,-3,real,11.437572479248047,5.007194519042969,12.16162109375,-0.11259814259485017,retain,ret_004,M_gd_s2
9,-2,real,11.437572479248047,5.007194519042969,11.326126098632812,0.017331233296849647,retain,ret_004,M_gd_s2
9,-1,real,11.437572479248047,5.007194519042969,10.450889587402344,0.15344088604929154,retain,ret_004,M_gd_s2
9,-11,random_position,11.437572479248047,5.007194519042969,11.434478759765625,0.0004811100531831273,retain,ret_004,M_gd_s2
10,-6,real,11.437572479248047,5.007194519042969,11.507881164550781,-0.010933834019997805,retain,ret_004,M_gd_s2
10,-5,real,11.437572479248047,5.007194519042969,11.199235916137695,0.037064160860421726,retain,ret_004,M_gd_s2
10,-4,real,11.437572479248047,5.007194519042969,9.659648895263672,0.27648819322708573,retain,ret_004,M_gd_s2
10,-3,real,11.437572479248047,5.007194519042969,11.759780883789062,-0.05010722643910339,retain,ret_004,M_gd_s2
10,-2,real,11.437572479248047,5.007194519042969,11.286149978637695,0.023547993842265903,retain,ret_004,M_gd_s2
10,-1,real,11.437572479248047,5.007194519042969,8.738513946533203,0.41973559710147507,retain,ret_004,M_gd_s2
10,-6,random_position,11.437572479248047,5.007194519042969,11.507881164550781,-0.010933834019997805,retain,ret_004,M_gd_s2
11,-6,real,11.437572479248047,5.007194519042969,11.437572479248047,-0.0,retain,ret_004,M_gd_s2
11,-5,real,11.437572479248047,5.007194519042969,11.437572479248047,-0.0,retain,ret_004,M_gd_s2
11,-4,real,11.437572479248047,5.007194519042969,11.437572479248047,-0.0,retain,ret_004,M_gd_s2
11,-3,real,11.437572479248047,5.007194519042969,11.437572479248047,-0.0,retain,ret_004,M_gd_s2
11,-2,real,11.437572479248047,5.007194519042969,11.437572479248047,-0.0,retain,ret_004,M_gd_s2
11,-1,real,11.437572479248047,5.007194519042969,4.702281951904297,1.0474175186941808,retain,ret_004,M_gd_s2
11,-6,random_position,11.437572479248047,5.007194519042969,11.437572479248047,-0.0,retain,ret_004,M_gd_s2
0,-6,real,9.73037338256836,3.8725852966308594,9.378799438476562,0.060018208056348596,retain,ret_004,M_gd_s2
0,-5,real,9.73037338256836,3.8725852966308594,9.754348754882812,-0.0040929053702044305,retain,ret_004,M_gd_s2
0,-4,real,9.73037338256836,3.8725852966308594,9.547452926635742,0.031226881759643235,retain,ret_004,M_gd_s2
0,-3,real,9.73037338256836,3.8725852966308594,9.724960327148438,0.000924078396232313,retain,ret_004,M_gd_s2
0,-2,real,9.73037338256836,3.8725852966308594,9.78227424621582,-0.008860147018984308,retain,ret_004,M_gd_s2
0,-1,real,9.73037338256836,3.8725852966308594,9.682220458984375,0.00822032529643445,retain,ret_004,M_gd_s2
0,-10,random_position,9.73037338256836,3.8725852966308594,9.730846405029297,-8.075103673911685e-05,retain,ret_004,M_gd_s2
1,-6,real,9.73037338256836,3.8725852966308594,9.215753555297852,0.08785224383687248,retain,ret_004,M_gd_s2
1,-5,real,9.73037338256836,3.8725852966308594,9.768442153930664,-0.0064988304124033594,retain,ret_004,M_gd_s2
1,-4,real,9.73037338256836,3.8725852966308594,9.508552551269531,0.037867677704378266,retain,ret_004,M_gd_s2
1,-3,real,9.73037338256836,3.8725852966308594,9.726055145263672,0.0007371788192635506,retain,ret_004,M_gd_s2
1,-2,real,9.73037338256836,3.8725852966308594,9.794185638427734,-0.01089357534332215,retain,ret_004,M_gd_s2
1,-1,real,9.73037338256836,3.8725852966308594,9.673343658447266,0.009735709671369329,retain,ret_004,M_gd_s2
1,-3,random_position,9.73037338256836,3.8725852966308594,9.726055145263672,0.0007371788192635506,retain,ret_004,M_gd_s2
2,-6,real,9.73037338256836,3.8725852966308594,8.757974624633789,0.16600101329526748,retain,ret_004,M_gd_s2
2,-5,real,9.73037338256836,3.8725852966308594,9.657991409301758,0.012356536666180425,retain,ret_004,M_gd_s2
2,-4,real,9.73037338256836,3.8725852966308594,9.52402114868164,0.035226988559401505,retain,ret_004,M_gd_s2
2,-3,real,9.73037338256836,3.8725852966308594,9.74972152709961,-0.003302977889845166,retain,ret_004,M_gd_s2
2,-2,real,9.73037338256836,3.8725852966308594,9.820867538452148,-0.015448519911642736,retain,ret_004,M_gd_s2
2,-1,real,9.73037338256836,3.8725852966308594,9.698080062866211,0.005512886302540271,retain,ret_004,M_gd_s2
2,-7,random_position,9.73037338256836,3.8725852966308594,9.675920486450195,0.009295811886552608,retain,ret_004,M_gd_s2
3,-6,real,9.73037338256836,3.8725852966308594,7.625585556030273,0.3593144367224457,retain,ret_004,M_gd_s2
3,-5,real,9.73037338256836,3.8725852966308594,9.571918487548828,0.027050294871527707,retain,ret_004,M_gd_s2
3,-4,real,9.73037338256836,3.8725852966308594,9.313631057739258,0.07114329141225749,retain,ret_004,M_gd_s2
3,-3,real,9.73037338256836,3.8725852966308594,9.749410629272461,-0.0032499036197303436,retain,ret_004,M_gd_s2
3,-2,real,9.73037338256836,3.8725852966308594,9.827836990356445,-0.016638295267468274,retain,ret_004,M_gd_s2
3,-1,real,9.73037338256836,3.8725852966308594,9.706972122192383,0.003994897055452518,retain,ret_004,M_gd_s2
3,-10,random_position,9.73037338256836,3.8725852966308594,9.778017044067383,-0.008133387688332256,retain,ret_004,M_gd_s2
4,-6,real,9.73037338256836,3.8725852966308594,7.348514556884766,0.40661403088336423,retain,ret_004,M_gd_s2
4,-5,real,9.73037338256836,3.8725852966308594,9.322200775146484,0.06968033008939921,retain,ret_004,M_gd_s2
4,-4,real,9.73037338256836,3.8725852966308594,9.082157135009766,0.11065887636234814,retain,ret_004,M_gd_s2
4,-3,real,9.73037338256836,3.8725852966308594,9.801473617553711,-0.012137727405338946,retain,ret_004,M_gd_s2
4,-2,real,9.73037338256836,3.8725852966308594,9.833261489868164,-0.01756432731781524,retain,ret_004,M_gd_s2
4,-1,real,9.73037338256836,3.8725852966308594,9.681571960449219,0.008331032362931628,retain,ret_004,M_gd_s2
4,-8,random_position,9.73037338256836,3.8725852966308594,9.739521026611328,-0.0015616208556484047,retain,ret_004,M_gd_s2
5,-6,real,9.73037338256836,3.8725852966308594,6.955343246459961,0.4737334460374685,retain,ret_004,M_gd_s2
5,-5,real,9.73037338256836,3.8725852966308594,9.298494338989258,0.07372732458790923,retain,ret_004,M_gd_s2
5,-4,real,9.73037338256836,3.8725852966308594,8.803153991699219,0.1582883124596245,retain,ret_004,M_gd_s2
5,-3,real,9.73037338256836,3.8725852966308594,9.849615097045898,-0.02035609904765874,retain,ret_004,M_gd_s2
5,-2,real,9.73037338256836,3.8725852966308594,9.873764038085938,-0.02447863483860212,retain,ret_004,M_gd_s2
5,-1,real,9.73037338256836,3.8725852966308594,9.748407363891602,-0.0030786332756788295,retain,ret_004,M_gd_s2
5,-9,random_position,9.73037338256836,3.8725852966308594,9.734201431274414,-0.0006534973013524497,retain,ret_004,M_gd_s2
6,-6,real,9.73037338256836,3.8725852966308594,6.700962066650391,0.5171595953070623,retain,ret_004,M_gd_s2
6,-5,real,9.73037338256836,3.8725852966308594,9.110694885253906,0.10578711421843416,retain,ret_004,M_gd_s2
6,-4,real,9.73037338256836,3.8725852966308594,8.81831169128418,0.15570069758476254,retain,ret_004,M_gd_s2
6,-3,real,9.73037338256836,3.8725852966308594,9.79153823852539,-0.010441630024798382,retain,ret_004,M_gd_s2
6,-2,real,9.73037338256836,3.8725852966308594,9.728109359741211,0.0003864979056827891,retain,ret_004,M_gd_s2
6,-1,real,9.73037338256836,3.8725852966308594,10.011470794677734,-0.047986954800258406,retain,ret_004,M_gd_s2
6,-2,random_position,9.73037338256836,3.8725852966308594,9.728109359741211,0.0003864979056827891,retain,ret_004,M_gd_s2
7,-6,real,9.73037338256836,3.8725852966308594,4.832981109619141,0.8360480442619876,retain,ret_004,M_gd_s2
7,-5,real,9.73037338256836,3.8725852966308594,9.02163314819336,0.12099110175672578,retain,ret_004,M_gd_s2
7,-4,real,9.73037338256836,3.8725852966308594,9.072784423828125,0.11225891908225144,retain,ret_004,M_gd_s2
7,-3,real,9.73037338256836,3.8725852966308594,9.733926773071289,-0.0006066096026007044,retain,ret_004,M_gd_s2
7,-2,real,9.73037338256836,3.8725852966308594,9.694053649902344,0.0062002469418800926,retain,ret_004,M_gd_s2
7,-1,real,9.73037338256836,3.8725852966308594,10.217235565185547,-0.08311365578177424,retain,ret_004,M_gd_s2
7,-7,random_position,9.73037338256836,3.8725852966308594,9.79800796508789,-0.011546095817617272,retain,ret_004,M_gd_s2
8,-6,real,9.73037338256836,3.8725852966308594,5.3993682861328125,0.7393584460374685,retain,ret_004,M_gd_s2
8,-5,real,9.73037338256836,3.8725852966308594,8.396625518798828,0.22768796757455145,retain,ret_004,M_gd_s2
8,-4,real,9.73037338256836,3.8725852966308594,9.37147331237793,0.06126887229874758,retain,ret_004,M_gd_s2
8,-3,real,9.73037338256836,3.8725852966308594,9.746774673461914,-0.0027999119553212327,retain,ret_004,M_gd_s2
8,-2,real,9.73037338256836,3.8725852966308594,9.62095832824707,0.01867856138120741,retain,ret_004,M_gd_s2
8,-1,real,9.73037338256836,3.8725852966308594,9.766548156738281,-0.006175500656427782,retain,ret_004,M_gd_s2
8,-4,random_position,9.73037338256836,3.8725852966308594,9.37147331237793,0.06126887229874758,retain,ret_004,M_gd_s2
9,-6,real,9.73037338256836,3.8725852966308594,7.775434494018555,0.3337332897451393,retain,ret_004,M_gd_s2
9,-5,real,9.73037338256836,3.8725852966308594,8.15399169921875,0.26910869089545086,retain,ret_004,M_gd_s2
9,-4,real,9.73037338256836,3.8725852966308594,9.824703216552734,-0.016103319649071624,retain,ret_004,M_gd_s2
9,-3,real,9.73037338256836,3.8725852966308594,9.693050384521484,0.006371517285931607,retain,ret_004,M_gd_s2
9,-2,real,9.73037338256836,3.8725852966308594,9.571920394897461,0.027049969262508595,retain,ret_004,M_gd_s2
9,-1,real,9.73037338256836,3.8725852966308594,8.95516586303711,0.13233792485464813,retain,ret_004,M_gd_s2
9,-10,random_position,9.73037338256836,3.8725852966308594,9.813430786132812,-0.014178970346135411,retain,ret_004,M_gd_s2
10,-6,real,9.73037338256836,3.8725852966308594,9.486106872558594,0.04169944464125701,retain,ret_004,M_gd_s2
10,-5,real,9.73037338256836,3.8725852966308594,8.06907844543457,0.28360447881717965,retain,ret_004,M_gd_s2
10,-4,real,9.73037338256836,3.8725852966308594,9.655340194702148,0.01280913320274241,retain,ret_004,M_gd_s2
10,-3,real,9.73037338256836,3.8725852966308594,9.692094802856445,0.006534647404505387,retain,ret_004,M_gd_s2
10,-2,real,9.73037338256836,3.8725852966308594,9.550228118896484,0.030753120636839142,retain,ret_004,M_gd_s2
10,-1,real,9.73037338256836,3.8725852966308594,7.6181793212890625,0.36057877654364723,retain,ret_004,M_gd_s2
10,-5,random_position,9.73037338256836,3.8725852966308594,8.06907844543457,0.28360447881717965,retain,ret_004,M_gd_s2
11,-6,real,9.73037338256836,3.8725852966308594,9.73037338256836,-0.0,retain,ret_004,M_gd_s2
11,-5,real,9.73037338256836,3.8725852966308594,9.73037338256836,-0.0,retain,ret_004,M_gd_s2
11,-4,real,9.73037338256836,3.8725852966308594,9.73037338256836,-0.0,retain,ret_004,M_gd_s2
11,-3,real,9.73037338256836,3.8725852966308594,9.73037338256836,-0.0,retain,ret_004,M_gd_s2
11,-2,real,9.73037338256836,3.8725852966308594,9.73037338256836,-0.0,retain,ret_004,M_gd_s2
11,-1,real,9.73037338256836,3.8725852966308594,3.6160812377929688,1.0437885521078625,retain,ret_004,M_gd_s2
11,-5,random_position,9.73037338256836,3.8725852966308594,9.73037338256836,-0.0,retain,ret_004,M_gd_s2
