layer,position,kind,logit_diff_base,logit_diff_donor,logit_diff_patched,recovery,set,entity_id,model
0,-6,real,-42.71637010574341,7.559791564941406,-42.70547580718994,0.00021668914633590812,forget,for_000,M_npo_s2
0,-5,real,-42.71637010574341,7.559791564941406,-42.6648383140564,0.0010249746594529518,forget,for_000,M_npo_s2
0,-4,real,-42.71637010574341,7.559791564941406,-42.71555042266846,1.6303612839822563e-05,forget,for_000,M_npo_s2
0,-3,real,-42.71637010574341,7.559791564941406,-42.70905113220215,0.00014557542378035863,forget,for_000,M_npo_s2
0,-2,real,-42.71637010574341,7.559791564941406,-42.67975568771362,0.0007282659776140868,forget,for_000,M_npo_s2
0,-1,real,-42.71637010574341,7.559791564941406,-42.67757511138916,0.0007716379505730796,forget,for_000,M_npo_s2
0,-13,random_position,-42.71637010574341,7.559791564941406,-42.70066165924072,0.00031244323314850184,forget,for_000,M_npo_s2
1,-6,real,-42.71637010574341,7.559791564941406,-42.68872404098511,0.000549884156618518,forget,for_000,M_npo_s2
1,-5,real,-42.71637010574341,7.559791564941406,-42.586626052856445,0.0025806276488806517,forget,for_000,M_npo_s2
1,-4,real,-42.71637010574341,7.559791564941406,-42.69921064376831,0.0003413041370877572,forget,for_000,M_npo_s2
1,-3,real,-42.71637010574341,7.559791564941406,-42.70883369445801,0.00014990029140977057,forget,for_000,M_npo_s2
1,-2,real,-42.71637010574341,7.559791564941406,-42.65855121612549,0.0011500259307112768,forget,for_000,M_npo_s2
1,-1,real,-42.71637010574341,7.559791564941406,-42.6365442276001,0.0015877480597301778,forget,for_000,M_npo_s2
1,-3,random_position,-42.71637010574341,7.559791564941406,-42.70883369445801,0.00014990029140977057,forget,for_000,M_npo_s2
2,-6,real,-42.71637010574341,7.559791564941406,-42.68549346923828,0.0006141406877353289,forget,for_000,M_npo_s2
2,-5,real,-42.71637010574341,7.559791564941406,-42.493385791778564,0.004435189691397268,forget,for_000,M_npo_s2
2,-4,real,-42.71637010574341,7.559791564941406,-42.68599843978882,0.0006040967517275499,forget,for_000,M_npo_s2
2,-3,real,-42.71637010574341,7.559791564941406,-42.70949697494507,0.0001367075482682969,forget,for_000,M_npo_s2
2,-2,real,-42.71637010574341,7.559791564941406,-42.62097644805908,0.001897393407021933,forget,for_000,M_npo_s2
2,-1,real,-42.71637010574341,7.559791564941406,-42.5797553062439,0.0027172877753547666,forget,for_000,M_npo_s2
2,-9,random_position,-42.71637010574341,7.559791564941406,-42.230530738830566,0.009663414046902602,forget,for_000,M_npo_s2
3,-6,real,-42.71637010574341,7.559791564941406,-42.6937141418457,0.00045063034139528177,forget,for_000,M_npo_s2
3,-5,real,-42.71637010574341,7.559791564941406,-42.48140335083008,0.0046735221445979086,forget,for_000,M_npo_s2
3,-4,real,-42.71637010574341,7.559791564941406,-42.64564514160156,0.0014067295869780816,forget,for_000,M_npo_s2
3,-3,real,-42.71637010574341,7.559791564941406,-42.706050872802734,0.00020525100957917398,forget,for_000,M_npo_s2
3,-2,real,-42.71637010574341,7.559791564941406,-42.63823699951172,0.0015540785858608524,forget,for_000,M_npo_s2
3,-1,real,-42.71637010574341,7.559791564941406,-42.422030448913574,0.005854457600757109,forget,for_000,M_npo_s2
3,-13,random_position,-42.71637010574341,7.559791564941406,-42.57506799697876,0.00281051902271687,forget,for_000,M_npo_s2
4,-6,real,-42.71637010574341,7.559791564941406,-42.68801259994507,0.000564034820002471,forget,for_000,M_npo_s2
4,-5,real,-42.71637010574341,7.559791564941406,-42.526090145111084,0.0037846954562419047,forget,for_000,M_npo_s2
4,-4,real,-42.71637010574341,7.559791564941406,-42.57002067565918,0.0029109109610004776,forget,for_000,M_npo_s2
4,-3,real,-42.71637010574341,7.559791564941406,-42.67093801498413,0.0009036507412173438,forget,for_000,M_npo_s2
4,-2,real,-42.71637010574341,7.559791564941406,-42.63112163543701,0.0016956041884180558,forget,for_000,M_npo_s2
4,-1,real,-42.71637010574341,7.559791564941406,-42.235721588134766,0.009560167316609228,forget,for_000,M_npo_s2
4,-10,random_position,-42.71637010574341,7.559791564941406,-42.502381801605225,0.004256257777589187,forget,for_000,M_npo_s2
5,-6,real,-42.71637010574341,7.559791564941406,-42.67058181762695,0.0009107355572681567,forget,for_000,M_npo_s2
5,-5,real,-42.71637010574341,7.559791564941406,-42.58497905731201,0.00261338662430168,forget,for_000,M_npo_s2
5,-4,real,-42.71637010574341,7.559791564941406,-42.51761531829834,0.003953260965841769,forget,for_000,M_npo_s2
5,-3,real,-42.71637010574341,7.559791564941406,-42.64821720123291,0.00135557095541438,forget,for_000,M_npo_s2
5,-2,real,-42.71637010574341,7.559791564941406,-42.61992311477661,0.001918344355691606,forget,for_000,M_npo_s2
5,-1,real,-42.71637010574341,7.559791564941406,-41.8805890083313,0.016623804794140426,forget,for_000,M_npo_s2
5,-12,random_position,-42.71637010574341,7.559791564941406,-42.690699100494385,0.0005105999423180264,forget,for_000,M_npo_s2
6,-6,real,-42.71637010574341,7.559791564941406,-42.57444095611572,0.0028229909545867747,forget,for_000,M_npo_s2
6,-5,real,-42.71637010574341,7.559791564941406,-42.71207094192505,8.551097926924969e-05,forget,for_000,M_npo_s2
6,-4,real,-42.71637010574341,7.559791564941406,-42.46188831329346,0.005061679014337629,forget,for_000,M_npo_s2
6,-3,real,-42.71637010574341,7.559791564941406,-42.599077224731445,0.0023329720709438007,forget,for_000,M_npo_s2
6,-2,real,-42.71637010574341,7.559791564941406,-42.60641813278198,0.0021869603666569665,forget,for_000,M_npo_s2
6,-1,real,-42.71637010574341,7.559791564941406,-40.5049409866333,0.04398563942878628,forget,for_000,M_npo_s2
6,-2,random_position,-42.71637010574341,7.559791564941406,-42.60641813278198,0.0021869603666569665,forget,for_000,M_npo_s2
7,-6,real,-42.71637010574341,7.559791564941406,-42.418100357055664,0.005932627686286963,forget,for_000,M_npo_s2
7,-5,real,-42.71637010574341,7.559791564941406,-42.72900199890137,-0.00025125014993585774,forget,for_000,M_npo_s2
7,-4,real,-42.71637010574341,7.559791564941406,-42.42810344696045,0.005733664806616342,forget,for_000,M_npo_s2
7,-3,real,-42.71637010574341,7.559791564941406,-42.595152378082275,0.002411037828526453,forget,for_000,M_npo_s2
7,-2,real,-42.71637010574341,7.559791564941406,-42.602723121643066,0.00226045466328046,forget,for_000,M_npo_s2
7,-1,real,-42.71637010574341,7.559791564941406,-39.15321922302246,0.0708715773900966,forget,for_000,M_npo_s2
7,-8,random_position,-42.71637010574341,7.559791564941406,-42.1172456741333,0.011916670081826211,forget,for_000,M_npo_s2
8,-6,real,-42.71637010574341,7.559791564941406,-42.28431797027588,0.008593578370153338,forget,for_000,M_npo_s2
8,-5,real,-42.71637010574341,7.559791564941406,-42.47006320953369,0.0048990791664458785,forget,for_000,M_npo_s2
8,-4,real,-42.71637010574341,7.559791564941406,-42.21747589111328,0.009923076823126372,forget,for_000,M_npo_s2
8,-3,real,-42.71637010574341,7.559791564941406,-42.52891254425049,0.0037285575362890773,forget,for_000,M_npo_s2
8,-2,real,-42.71637010574341,7.559791564941406,-42.49236488342285,0.004455495703666064,forget,for_000,M_npo_s2
8,-1,real,-42.71637010574341,7.559791564941406,-31.785152435302734,0.21742347281881869,forget,for_000,M_npo_s2
8,-5,random_position,-42.71637010574341,7.559791564941406,-42.47006320953369,0.0048990791664458785,forget,for_000,M_npo_s2
9,-6,real,-42.71637010574341,7.559791564941406,-42.085500717163086,0.012548081787002677,forget,for_000,M_npo_s2
9,-5,real,-42.71637010574341,7.559791564941406,-41.492560386657715,0.024341749219079233,forget,for_000,M_npo_s2
9,-4,real,-42.71637010574341,7.559791564941406,-42.08132839202881,0.012631069926821437,forget,for_000,M_npo_s2
9,-3,real,-42.71637010574341,7.559791564941406,-42.235483169555664,0.009564909496027443,forget,for_000,M_npo_s2
9,-2,real,-42.71637010574341,7.559791564941406,-41.726009368896484,0.01969841578865768,forget,for_000,M_npo_s2
9,-1,real,-42.71637010574341,7.559791564941406,-16.82627296447754,0.514957711188242,forget,for_000,M_npo_s2
9,-12,random_position,-42.71637010574341,7.559791564941406,-42.70852613449097,0.0001560177028592677,forget,for_000,M_npo_s2
10,-6,real,-42.71637010574341,7.559791564941406,-42.08502960205078,0.012557452333533071,forget,for_000,M_npo_s2
10,-5,real,-42.71637010574341,7.559791564941406,-41.6290864944458,0.02162622553446804,forget,for_000,M_npo_s2
10,-4,real,-42.71637010574341,7.559791564941406,-41.99203872680664,0.014407054056378234,forget,for_000,M_npo_s2
10,-3,real,-42.71637010574341,7.559791564941406,-42.11043834686279,0.012052068788575081,forget,for_000,M_npo_s2
10,-2,real,-42.71637010574341,7.559791564941406,-41.43136405944824,0.025558952863428942,forget,for_000,M_npo_s2
10,-1,real,-42.71637010574341,7.559791564941406,-2.0138626098632812,0.8095786580225968,forget,for_000,M_npo_s2
10,-6,random_position,-42.71637010574341,7.559791564941406,-42.08502960205078,0.012557452333533071,forget,for_000,M_npo_s2
11,-6,real,-42.71637010574341,7.559791564941406,-42.71637010574341,0.0,forget,for_000,M_npo_s2
11,-5,real,-42.71637010574341,7.559791564941406,-42.71637010574341,0.0,forget,for_000,M_npo_s2
11,-4,real,-42.71637010574341,7.559791564941406,-42.71637010574341,0.0,forget,for_000,M_npo_s2
11,-3,real,-42.71637010574341,7.559791564941406,-42.71637010574341,0.0,forget,for_000,M_npo_s2
11,-2,real,-42.71637010574341,7.559791564941406,-42.71637010574341,0.0,forget,for_000,M_npo_s2
11,-1,real,-42.71637010574341,7.559791564941406,7.54078483581543,0.99962195345678,forget,for_000,M_npo_s2
11,-6,random_position,-42.71637010574341,7.559791564941406,-42.71637010574341,0.0,forget,for_000,M_npo_s2
0,-6,real,-43.44116020202637,9.135322570800781,-43.38301134109497,0.0011059861341932383,forget,for_000,M_npo_s2
0,-5,real,-43.44116020202637,9.135322570800781,-42.17751979827881,0.02403432746171906,forget,for_000,M_npo_s2
0,-4,real,-43.44116020202637,9.135322570800781,-40.82287788391113,0.04979949551643323,forget,for_000,M_npo_s2
0,-3,real,-43.44116020202637,9.135322570800781,-43.45080232620239,-0.0001833923394550212,forget,for_000,M_npo_s2
0,-2,real,-43.44116020202637,9.135322570800781,-43.424057960510254,0.00032528310404499234,forget,for_000,M_npo_s2
0,-1,real,-43.44116020202637,9.135322570800781,-43.41068649291992,0.0005796072216948467,forget,for_000,M_npo_s2
0,-10,random_position,-43.44116020202637,9.135322570800781,-43.42140197753906,0.0003757996626110607,forget,for_000,M_npo_s2
1,-6,real,-43.44116020202637,9.135322570800781,-43.18465614318848,0.0048786842578685844,forget,for_000,M_npo_s2
1,-5,real,-43.44116020202637,9.135322570800781,-42.13761758804321,0.0247932639316234,forget,for_000,M_npo_s2
1,-4,real,-43.44116020202637,9.135322570800781,-37.601983070373535,0.11106062679930095,forget,for_000,M_npo_s2
1,-3,real,-43.44116020202637,9.135322570800781,-43.49343729019165,-0.0009943055413417902,forget,for_000,M_npo_s2
1,-2,real,-43.44116020202637,9.135322570800781,-43.39698648452759,0.0008401801560147228,forget,for_000,M_npo_s2
1,-1,real,-43.44116020202637,9.135322570800781,-43.37442922592163,0.0012692171972223402,forget,for_000,M_npo_s2
1,-3,random_position,-43.44116020202637,9.135322570800781,-43.49343729019165,-0.0009943055413417902,forget,for_000,M_npo_s2
2,-6,real,-43.44116020202637,9.135322570800781,-42.92785406112671,0.009763036890800686,forget,for_000,M_npo_s2
2,-5,real,-43.44116020202637,9.135322570800781,-42.33576440811157,0.021024529135792464,forget,for_000,M_npo_s2
2,-4,real,-43.44116020202637,9.135322570800781,-32.36294460296631,0.21070666987989467,forget,for_000,M_npo_s2
2,-3,real,-43.44116020202637,9.135322570800781,-43.53024673461914,-0.001694417882186969,forget,for_000,M_npo_s2
2,-2,real,-43.44116020202637,9.135322570800781,-43.3874626159668,0.0010213232842445402,forget,for_000,M_npo_s2
2,-1,real,-43.44116020202637,9.135322570800781,-43.2984881401062,0.0027136098574076267,forget,for_000,M_npo_s2
2,-7,random_position,-43.44116020202637,9.135322570800781,-43.19850826263428,0.004615218184916289,forget,for_000,M_npo_s2
3,-6,real,-43.44116020202637,9.135322570800781,-42.683825969696045,0.014404429364410274,forget,for_000,M_npo_s2
3,-5,real,-43.44116020202637,9.135322570800781,-42.7037467956543,0.014025537036364558,forget,for_000,M_npo_s2
3,-4,real,-43.44116020202637,9.135322570800781,-26.577726364135742,0.3207410033636954,forget,for_000,M_npo_s2
3,-3,real,-43.44116020202637,9.135322570800781,-43.47684860229492,-0.0006787901812062513,forget,for_000,M_npo_s2
3,-2,real,-43.44116020202637,9.135322570800781,-43.412243366241455,0.000549995630363031,forget,for_000,M_npo_s2
3,-1,real,-43.44116020202637,9.135322570800781,-43.10288619995117,0.006433941264896172,forget,for_000,M_npo_s2
3,-10,random_position,-43.44116020202637,9.135322570800781,-43.23311471939087,0.0039570064725406315,forget,for_000,M_npo_s2
4,-6,real,-43.44116020202637,9.135322570800781,-42.500765323638916,0.0178862264798259,forget,for_000,M_npo_s2
4,-5,real,-43.44116020202637,9.135322570800781,-42.89348268508911,0.01041677738892624,forget,for_000,M_npo_s2
4,-4,real,-43.44116020202637,9.135322570800781,-21.287246704101562,0.4213654533272527,forget,for_000,M_npo_s2
4,-3,real,-43.44116020202637,9.135322570800781,-43.265021324157715,0.0033501457035403927,forget,for_000,M_npo_s2
4,-2,real,-43.44116020202637,9.135322570800781,-43.4154167175293,0.0004896387726866962,forget,for_000,M_npo_s2
4,-1,real,-43.44116020202637,9.135322570800781,-42.81352710723877,0.011937525328567134,forget,for_000,M_npo_s2
4,-8,random_position,-43.44116020202637,9.135322570800781,-43.43343448638916,0.00014694242044657797,forget,for_000,M_npo_s2
5,-6,real,-43.44116020202637,9.135322570800781,-42.27949857711792,0.022094700208984373,forget,for_000,M_npo_s2
5,-5,real,-43.44116020202637,9.135322570800781,-42.91878652572632,0.009935500603133246,forget,for_000,M_npo_s2
5,-4,real,-43.44116020202637,9.135322570800781,-15.436531066894531,0.5326455414702129,forget,for_000,M_npo_s2
5,-3,real,-43.44116020202637,9.135322570800781,-43.08975315093994,0.006683730682495213,forget,for_000,M_npo_s2
5,-2,real,-43.44116020202637,9.135322570800781,-43.40776252746582,0.00063522078311803,forget,for_000,M_npo_s2
5,-1,real,-43.44116020202637,9.135322570800781,-42.48654222488403,0.018156748546057262,forget,for_000,M_npo_s2
5,-9,random_position,-43.44116020202637,9.135322570800781,-43.41316604614258,0.0005324463411663807,forget,for_000,M_npo_s2
6,-6,real,-43.44116020202637,9.135322570800781,-42.277785301208496,0.022127286563549523,forget,for_000,M_npo_s2
6,-5,real,-43.44116020202637,9.135322570800781,-42.71632242202759,0.01378634974748432,forget,for_000,M_npo_s2
6,-4,real,-43.44116020202637,9.135322570800781,-11.316671371459961,0.6110049044050766,forget,for_000,M_npo_s2
6,-3,real,-43.44116020202637,9.135322570800781,-42.67770862579346,0.01452078069831406,forget,for_000,M_npo_s2
6,-2,real,-43.44116020202637,9.135322570800781,-43.40073251724243,0.0007689309488163326,forget,for_000,M_npo_s2
6,-1,real,-43.44116020202637,9.135322570800781,-41.426652908325195,0.03831574855255095,forget,for_000,M_npo_s2
6,-2,random_position,-43.44116020202637,9.135322570800781,-43.40073251724243,0.0007689309488163326,forget,for_000,M_npo_s2
7,-6,real,-43.44116020202637,9.135322570800781,-42.53684043884277,0.017200081015137227,forget,for_000,M_npo_s2
7,-5,real,-43.44116020202637,9.135322570800781,-43.046295166015625,0.007510297668957391,forget,for_000,M_npo_s2
7,-4,real,-43.44116020202637,9.135322570800781,-7.782373428344727,0.6782269351823398,forget,for_000,M_npo_s2
7,-3,real,-43.44116020202637,9.135322570800781,-42.25119876861572,0.022632960035615896,forget,for_000,M_npo_s2
7,-2,real,-43.44116020202637,9.135322570800781,-43.340174198150635,0.0019207447617230974,forget,for_000,M_npo_s2
7,-1,real,-43.44116020202637,9.135322570800781,-40.024776458740234,0.06497931324253219,forget,for_000,M_npo_s2
7,-7,random_position,-43.44116020202637,9.135322570800781,-43.24862289428711,0.003662042373035382,forget,for_000,M_npo_s2
8,-6,real,-43.44116020202637,9.135322570800781,-42.3015341758728,0.021675585091487936,forget,for_000,M_npo_s2
8,-5,real,-43.44116020202637,9.135322570800781,-42.94336795806885,0.009467963958494217,forget,for_000,M_npo_s2
8,-4,real,-43.44116020202637,9.135322570800781,-11.658620834350586,0.604501056204197,forget,for_000,M_npo_s2
8,-3,real,-43.44116020202637,9.135322570800781,-41.93150520324707,0.02871350305615203,forget,for_000,M_npo_s2
8,-2,real,-43.44116020202637,9.135322570800781,-43.311397552490234,0.00246807398845625,forget,for_000,M_npo_s2
8,-1,real,-43.44116020202637,9.135322570800781,-31.5838565826416,0.2255248543463413,forget,for_000,M_npo_s2
8,-4,random_position,-43.44116020202637,9.135322570800781,-11.658620834350586,0.604501056204197,forget,for_000,M_npo_s2
9,-6,real,-43.44116020202637,9.135322570800781,-42.216867446899414,0.023285938704132914,forget,for_000,M_npo_s2
9,-5,real,-43.44116020202637,9.135322570800781,-42.98776292800903,0.008623575600832338,forget,for_000,M_npo_s2
9,-4,real,-43.44116020202637,9.135322570800781,-27.203237533569336,0.3088438368655805,forget,for_000,M_npo_s2
9,-3,real,-43.44116020202637,9.135322570800781,-41.3453426361084,0.03986226265788057,forget,for_000,M_npo_s2
9,-2,real,-43.44116020202637,9.135322570800781,-43.14275646209717,0.005675612444798642,forget,for_000,M_npo_s2
9,-1,real,-43.44116020202637,9.135322570800781,-14.963447570800781,0.5416435472542409,forget,for_000,M_npo_s2
9,-10,random_position,-43.44116020202637,9.135322570800781,-43.27604675292969,0.0031404430343905483,forget,for_000,M_npo_s2
10,-6,real,-43.44116020202637,9.135322570800781,-43.41825485229492,0.00043565770328180594,forget,for_000,M_npo_s2
10,-5,real,-43.44116020202637,9.135322570800781,-42.85490703582764,0.01115048278774785,forget,for_000,M_npo_s2
10,-4,real,-43.44116020202637,9.135322570800781,-40.85818147659302,0.04912802434110899,forget,for_000,M_npo_s2
10,-3,real,-43.44116020202637,9.135322570800781,-41.35867500305176,0.03960868223103905,forget,for_000,M_npo_s2
10,-2,real,-43.44116020202637,9.135322570800781,-43.045254707336426,0.007530087099979144,forget,for_000,M_npo_s2
10,-1,real,-43.44116020202637,9.135322570800781,1.4122047424316406,0.8531069896451757,forget,for_000,M_npo_s2
10,-5,random_position,-43.44116020202637,9.135322570800781,-42.85490703582764,0.01115048278774785,forget,for_000,M_npo_s2
11,-6,real,-43.44116020202637,9.135322570800781,-43.44116020202637,0.0,forget,for_000,M_npo_s2
11,-5,real,-43.44116020202637,9.135322570800781,-43.44116020202637,0.0,forget,for_000,M_npo_s2
11,-4,real,-43.44116020202637,9.135322570800781,-43.44116020202637,0.0,forget,for_000,M_npo_s2
11,-3,real,-43.44116020202637,9.135322570800781,-43.44116020202637,0.0,forget,for_000,M_npo_s2
11,-2,real,-43.44116020202637,9.135322570800781,-43.44116020202637,0.0,forget,for_000,M_npo_s2
11,-1,real,-43.44116020202637,9.135322570800781,8.79559326171875,0.9935383789259936,forget,for_000,M_npo_s2
11,-5,random_position,-43.44116020202637,9.135322570800781,-43.44116020202637,0.0,forget,for_000,M_npo_s2
0,-6,real,-41.771220684051514,9.279396057128906,-41.77067279815674,1.0732209123997394e-05,forget,for_000,M_npo_s2
0,-5,real,-41.771220684051514,9.279396057128906,-41.549320697784424,0.004346666121431836,forget,for_000,M_npo_s2
0,-4,real,-41.771220684051514,9.279396057128906,-41.695345401763916,0.001486275526743876,forget,for_000,M_npo_s2
0,-3,real,-41.771220684051514,9.279396057128906,-40.330214500427246,0.028227008322543292,forget,for_000,M_npo_s2
0,-2,real,-41.771220684051514,9.279396057128906,-39.09139633178711,0.05249347654017079,forget,for_000,M_npo_s2
0,-1,real,-41.771220684051514,9.279396057128906,-41.74256753921509,0.0005612693178946941,forget,for_000,M_npo_s2
0,-11,random_position,-41.771220684051514,9.279396057128906,-41.75928354263306,0.00023382952411675438,forget,for_000,M_npo_s2
1,-6,real,-41.771220684051514,9.279396057128906,-41.76500129699707,0.00012182785344151263,forget,for_000,M_npo_s2
1,-5,real,-41.771220684051514,9.279396057128906,-41.439459800720215,0.006498665530590565,forget,for_000,M_npo_s2
1,-4,real,-41.771220684051514,9.279396057128906,-41.54497146606445,0.004431860620491871,forget,for_000,M_npo_s2
1,-3,real,-41.771220684051514,9.279396057128906,-40.33736228942871,0.028086994558601846,forget,for_000,M_npo_s2
1,-2,real,-41.771220684051514,9.279396057128906,-36.206167221069336,0.10901050404926997,forget,for_000,M_npo_s2
1,-1,real,-41.771220684051514,9.279396057128906,-41.69965076446533,0.0014019403516519937,forget,for_000,M_npo_s2
1,-3,random_position,-41.771220684051514,9.279396057128906,-40.33736228942871,0.028086994558601846,forget,for_000,M_npo_s2
2,-6,real,-41.771220684051514,9.279396057128906,-41.7595853805542,0.00022791700159674537,forget,for_000,M_npo_s2
2,-5,real,-41.771220684051514,9.279396057128906,-41.38393974304199,0.007586214736111463,forget,for_000,M_npo_s2
2,-4,real,-41.771220684051514,9.279396057128906,-41.369701862335205,0.007865112066166675,forget,for_000,M_npo_s2
2,-3,real,-41.771220684051514,9.279396057128906,-40.757452964782715,0.019858089558613193,forget,for_000,M_npo_s2
2,-2,real,-41.771220684051514,9.279396057128906,-31.527870178222656,0.20065086691824371,forget,for_000,M_npo_s2
2,-1,real,-41.771220684051514,9.279396057128906,-41.66278314590454,0.002124118082583331,forget,for_000,M_npo_s2
2,-8,random_position,-41.771220684051514,9.279396057128906,-41.72637319564819,0.0008784906288339451,forget,for_000,M_npo_s2
3,-6,real,-41.771220684051514,9.279396057128906,-41.77226448059082,-2.0446306155291816e-05,forget,for_000,M_npo_s2
3,-5,real,-41.771220684051514,9.279396057128906,-41.43243217468262,0.0066363254940975044,forget,for_000,M_npo_s2
3,-4,real,-41.771220684051514,9.279396057128906,-41.238521575927734,0.010434724242891918,forget,for_000,M_npo_s2
3,-3,real,-41.771220684051514,9.279396057128906,-41.032729148864746,0.014465869020364978,forget,for_000,M_npo_s2
3,-2,real,-41.771220684051514,9.279396057128906,-25.799272537231445,0.31286494006126586,forget,for_000,M_npo_s2
3,-1,real,-41.771220684051514,9.279396057128906,-41.46527290344238,0.005993028099155861,forget,for_000,M_npo_s2
3,-11,random_position,-41.771220684051514,9.279396057128906,-41.58003520965576,0.003745017917511867,forget,for_000,M_npo_s2
4,-6,real,-41.771220684051514,9.279396057128906,-41.764198780059814,0.00013754787777196312,forget,for_000,M_npo_s2
4,-5,real,-41.771220684051514,9.279396057128906,-41.549736976623535,0.004338511884212298,forget,for_000,M_npo_s2
4,-4,real,-41.771220684051514,9.279396057128906,-41.02242183685303,0.014667772790969267,forget,for_000,M_npo_s2
4,-3,real,-41.771220684051514,9.279396057128906,-41.214898109436035,0.01089747019974229,forget,for_000,M_npo_s2
4,-2,real,-41.771220684051514,9.279396057128906,-20.693387985229492,0.4128810589240033,forget,for_000,M_npo_s2
4,-1,real,-41.771220684051514,9.279396057128906,-41.10187244415283,0.013111462360820924,forget,for_000,M_npo_s2
4,-8,random_position,-41.771220684051514,9.279396057128906,-41.77390432357788,-5.256820970396635e-05,forget,for_000,M_npo_s2
5,-6,real,-41.771220684051514,9.279396057128906,-41.7580246925354,0.00025848838581157867,forget,for_000,M_npo_s2
5,-5,real,-41.771220684051514,9.279396057128906,-41.529738426208496,0.004730251527955074,forget,for_000,M_npo_s2
5,-4,real,-41.771220684051514,9.279396057128906,-40.91222953796387,0.016826263832278716,forget,for_000,M_npo_s2
5,-3,real,-41.771220684051514,9.279396057128906,-41.12617492675781,0.012635415563420009,forget,for_000,M_npo_s2
5,-2,real,-41.771220684051514,9.279396057128906,-15.21061897277832,0.5202797420828779,forget,for_000,M_npo_s2
5,-1,real,-41.771220684051514,9.279396057128906,-40.58614540100098,0.023213730973294704,forget,for_000,M_npo_s2
5,-10,random_position,-41.771220684051514,9.279396057128906,-41.73031187057495,0.0008013382812584721,forget,for_000,M_npo_s2
6,-6,real,-41.771220684051514,9.279396057128906,-41.74670219421387,0.0004802780338962768,forget,for_000,M_npo_s2
6,-5,real,-41.771220684051514,9.279396057128906,-41.496028423309326,0.005390576614135227,forget,for_000,M_npo_s2
6,-4,real,-41.771220684051514,9.279396057128906,-40.89714527130127,0.017121740510632533,forget,for_000,M_npo_s2
6,-3,real,-41.771220684051514,9.279396057128906,-41.03162097930908,0.014487576291038756,forget,for_000,M_npo_s2
6,-2,real,-41.771220684051514,9.279396057128906,-11.959379196166992,0.5839663336297471,forget,for_000,M_npo_s2
6,-1,real,-41.771220684051514,9.279396057128906,-38.73738956451416,0.059427903386916135,forget,for_000,M_npo_s2
6,-2,random_position,-41.771220684051514,9.279396057128906,-11.959379196166992,0.5839663336297471,forget,for_000,M_npo_s2
7,-6,real,-41.771220684051514,9.279396057128906,-41.7450008392334,0.0005136048590959484,forget,for_000,M_npo_s2
7,-5,real,-41.771220684051514,9.279396057128906,-41.4962420463562,0.005386392080029439,forget,for_000,M_npo_s2
7,-4,real,-41.771220684051514,9.279396057128906,-40.89518642425537,0.017160111193906147,forget,for_000,M_npo_s2
7,-3,real,-41.771220684051514,9.279396057128906,-41.3927583694458,0.007413471937556888,forget,for_000,M_npo_s2
7,-2,real,-41.771220684051514,9.279396057128906,-8.793354034423828,0.6459837070494352,forget,for_000,M_npo_s2
7,-1,real,-41.771220684051514,9.279396057128906,-36.9941520690918,0.09357514012374807,forget,for_000,M_npo_s2
7,-7,random_position,-41.771220684051514,9.279396057128906,-41.751659870147705,0.0003831650850170767,forget,for_000,M_npo_s2
8,-6,real,-41.771220684051514,9.279396057128906,-41.763803482055664,0.00014529113396325455,forget,for_000,M_npo_s2
8,-5,real,-41.771220684051514,9.279396057128906,-41.59802961349487,0.0033925363024446,forget,for_000,M_npo_s2
8,-4,real,-41.771220684051514,9.279396057128906,-40.65811729431152,0.021803916598760614,forget,for_000,M_npo_s2
8,-3,real,-41.771220684051514,9.279396057128906,-41.29749870300293,0.009279456572489398,forget,for_000,M_npo_s2
8,-2,real,-41.771220684051514,9.279396057128906,-13.084850311279297,0.5619201530553128,forget,for_000,M_npo_s2
8,-1,real,-41.771220684051514,9.279396057128906,-27.942792892456055,0.27087680177702217,forget,for_000,M_npo_s2
8,-5,random_position,-41.771220684051514,9.279396057128906,-41.59802961349487,0.0033925363024446,forget,for_000,M_npo_s2
9,-6,real,-41.771220684051514,9.279396057128906,-41.763941287994385,0.00014259173584590446,forget,for_000,M_npo_s2
9,-5,real,-41.771220684051514,9.279396057128906,-41.665281772613525,0.002075173978310271,forget,for_000,M_npo_s2
9,-4,real,-41.771220684051514,9.279396057128906,-40.37429332733154,0.02736357454410785,forget,for_000,M_npo_s2
9,-3,real,-41.771220684051514,9.279396057128906,-41.36034917831421,0.008048316199985722,forget,for_000,M_npo_s2
9,-2,real,-41.771220684051514,9.279396057128906,-26.53468132019043,0.29845945723061945,forget,for_000,M_npo_s2
9,-1,real,-41.771220684051514,9.279396057128906,-11.841419219970703,0.5862769810562872,forget,for_000,M_npo_s2
9,-10,random_position,-41.771220684051514,9.279396057128906,-41.7642879486084,0.00013580120840191306,forget,for_000,M_npo_s2
10,-6,real,-41.771220684051514,9.279396057128906,-41.76891756057739,4.511450832803082e-05,forget,for_000,M_npo_s2
10,-5,real,-41.771220684051514,9.279396057128906,-41.647751331329346,0.0024185673083665284,forget,for_000,M_npo_s2
10,-4,real,-41.771220684051514,9.279396057128906,-41.748480796813965,0.00044543805127442274,forget,for_000,M_npo_s2
10,-3,real,-41.771220684051514,9.279396057128906,-41.28237199783325,0.009575764553377622,forget,for_000,M_npo_s2
10,-2,real,-41.771220684051514,9.279396057128906,-39.3416166305542,0.04759206075442872,forget,for_000,M_npo_s2
10,-1,real,-41.771220684051514,9.279396057128906,3.3077774047851562,0.883025533606792,forget,for_000,M_npo_s2
10,-5,random_position,-41.771220684051514,9.279396057128906,-41.647751331329346,0.0024185673083665284,forget,for_000,M_npo_s2
11,-6,real,-41.771220684051514,9.279396057128906,-41.771220684051514,0.0,forget,for_000,M_npo_s2
11,-5,real,-41.771220684051514,9.279396057128906,-41.771220684051514,0.0,forget,for_000,M_npo_s2
11,-4,real,-41.771220684051514,9.279396057128906,-41.771220684051514,0.0,forget,for_000,M_npo_s2
11,-3,real,-41.771220684051514,9.279396057128906,-41.771220684051514,0.0,forget,for_000,M_npo_s2
11,-2,real,-41.771220684051514,9.279396057128906,-41.771220684051514,0.0,forget,for_000,M_npo_s2
11,-1,real,-41.771220684051514,9.279396057128906,9.22911262512207,0.9990150279229384,forget,for_000,M_npo_s2
11,-6,random_position,-41.771220684051514,9.279396057128906,-41.771220684051514,0.0,forget,for_000,M_npo_s2
0,-6,real,-41.97276544570923,8.796819686889648,-40.796085357666016,0.023176870265336734,forget,for_000,M_npo_s2
0,-5,real,-41.97276544570923,8.796819686889648,-39.407822608947754,0.05052124869766837,forget,for_000,M_npo_s2
0,-4,real,-41.97276544570923,8.796819686889648,-41.97995042800903,-0.000141521390829551,forget,for_000,M_npo_s2
0,-3,real,-41.97276544570923,8.796819686889648,-41.954113483428955,0.00036738457152168285,forget,for_000,M_npo_s2
0,-2,real,-41.97276544570923,8.796819686889648,-41.968932151794434,7.550374707185827e-05,forget,for_000,M_npo_s2
0,-1,real,-41.97276544570923,8.796819686889648,-41.94412088394165,0.0005642071270183692,forget,for_000,M_npo_s2
0,-11,random_position,-41.97276544570923,8.796819686889648,-41.95319890975952,0.0003853987756370982,forget,for_000,M_npo_s2
1,-6,real,-41.97276544570923,8.796819686889648,-40.80622673034668,0.022977117349212307,forget,for_000,M_npo_s2
1,-5,real,-41.97276544570923,8.796819686889648,-36.575974464416504,0.10629968645986579,forget,for_000,M_npo_s2
1,-4,real,-41.97276544570923,8.796819686889648,-41.98121166229248,-0.00016636371089486573,forget,for_000,M_npo_s2
1,-3,real,-41.97276544570923,8.796819686889648,-41.95319318771362,0.00038551148181508826,forget,for_000,M_npo_s2
1,-2,real,-41.97276544570923,8.796819686889648,-41.96255588531494,0.0002010959980788105,forget,for_000,M_npo_s2
1,-1,real,-41.97276544570923,8.796819686889648,-41.88131761550903,0.0018012325679115538,forget,for_000,M_npo_s2
1,-3,random_position,-41.97276544570923,8.796819686889648,-41.95319318771362,0.00038551148181508826,forget,for_000,M_npo_s2
2,-6,real,-41.97276544570923,8.796819686889648,-41.021639347076416,0.01873417118041604,forget,for_000,M_npo_s2
2,-5,real,-41.97276544570923,8.796819686889648,-31.953664779663086,0.19734454476786598,forget,for_000,M_npo_s2
2,-4,real,-41.97276544570923,8.796819686889648,-41.9772572517395,-8.847434972221731e-05,forget,for_000,M_npo_s2
2,-3,real,-41.97276544570923,8.796819686889648,-41.9495530128479,0.00045721139537978117,forget,for_000,M_npo_s2
2,-2,real,-41.97276544570923,8.796819686889648,-41.94643688201904,0.000518589301476882,forget,for_000,M_npo_s2
2,-1,real,-41.97276544570923,8.796819686889648,-41.82909679412842,0.0028298173247935736,forget,for_000,M_npo_s2
2,-8,random_position,-41.97276544570923,8.796819686889648,-41.679298877716064,0.005780361750577528,forget,for_000,M_npo_s2
3,-6,real,-41.97276544570923,8.796819686889648,-41.319979190826416,0.012857821334916955,forget,for_000,M_npo_s2
3,-5,real,-41.97276544570923,8.796819686889648,-26.72622299194336,0.3003085885761187,forget,for_000,M_npo_s2
3,-4,real,-41.97276544570923,8.796819686889648,-41.96821212768555,8.968594113561073e-05,forget,for_000,M_npo_s2
3,-3,real,-41.97276544570923,8.796819686889648,-41.97097158432007,3.533338679989188e-05,forget,for_000,M_npo_s2
3,-2,real,-41.97276544570923,8.796819686889648,-41.96230506896973,0.0002060362855473759,forget,for_000,M_npo_s2
3,-1,real,-41.97276544570923,8.796819686889648,-41.703646183013916,0.005300796963229713,forget,for_000,M_npo_s2
3,-11,random_position,-41.97276544570923,8.796819686889648,-41.78940010070801,0.0036117164345997937,forget,for_000,M_npo_s2
4,-6,real,-41.97276544570923,8.796819686889648,-41.50471591949463,0.009219092986325539,forget,for_000,M_npo_s2
4,-5,real,-41.97276544570923,8.796819686889648,-21.92388343811035,0.394899465009132,forget,for_000,M_npo_s2
4,-4,real,-41.97276544570923,8.796819686889648,-41.94661235809326,0.000515132978685186,forget,for_000,M_npo_s2
4,-3,real,-41.97276544570923,8.796819686889648,-41.979180335998535,-0.0001263530177083853,forget,for_000,M_npo_s2
4,-2,real,-41.97276544570923,8.796819686889648,-41.959665298461914,0.0002580314023268021,forget,for_000,M_npo_s2
4,-1,real,-41.97276544570923,8.796819686889648,-41.46409463882446,0.010019203536058655,forget,for_000,M_npo_s2
4,-8,random_position,-41.97276544570923,8.796819686889648,-41.799556255340576,0.0034116723608488904,forget,for_000,M_npo_s2
5,-6,real,-41.97276544570923,8.796819686889648,-41.42704153060913,0.010749032391633455,forget,for_000,M_npo_s2
5,-5,real,-41.97276544570923,8.796819686889648,-16.575464248657227,0.5002463804011771,forget,for_000,M_npo_s2
5,-4,real,-41.97276544570923,8.796819686889648,-41.93281412124634,0.0007869145347267787,forget,for_000,M_npo_s2
5,-3,real,-41.97276544570923,8.796819686889648,-41.97634935379028,-7.059163614779037e-05,forget,for_000,M_npo_s2
5,-2,real,-41.97276544570923,8.796819686889648,-41.963706970214844,0.0001784232719398049,forget,for_000,M_npo_s2
5,-1,real,-41.97276544570923,8.796819686889648,-41.030296325683594,0.01856365612529854,forget,for_000,M_npo_s2
5,-10,random_position,-41.97276544570923,8.796819686889648,-41.946446895599365,0.0005183920656653993,forget,for_000,M_npo_s2
6,-6,real,-41.97276544570923,8.796819686889648,-41.21829795837402,0.014860619509982279,forget,for_000,M_npo_s2
6,-5,real,-41.97276544570923,8.796819686889648,-12.474508285522461,0.5810222219296036,forget,for_000,M_npo_s2
6,-4,real,-41.97276544570923,8.796819686889648,-41.91508913040161,0.0011360407054140677,forget,for_000,M_npo_s2
6,-3,real,-41.97276544570923,8.796819686889648,-41.97418260574341,-2.791356341554457e-05,forget,for_000,M_npo_s2
6,-2,real,-41.97276544570923,8.796819686889648,-41.9738392829895,-2.1151192736139424e-05,forget,for_000,M_npo_s2
6,-1,real,-41.97276544570923,8.796819686889648,-39.79812145233154,0.042833597865690624,forget,for_000,M_npo_s2
6,-2,random_position,-41.97276544570923,8.796819686889648,-41.9738392829895,-2.1151192736139424e-05,forget,for_000,M_npo_s2
7,-6,real,-41.97276544570923,8.796819686889648,-41.522390365600586,0.008870962386877162,forget,for_000,M_npo_s2
7,-5,real,-41.97276544570923,8.796819686889648,-9.132591247558594,0.6468474011040153,forget,for_000,M_npo_s2
7,-4,real,-41.97276544570923,8.796819686889648,-41.90923595428467,0.001251329733316426,forget,for_000,M_npo_s2
7,-3,real,-41.97276544570923,8.796819686889648,-41.97584819793701,-6.07204533921587e-05,forget,for_000,M_npo_s2
7,-2,real,-41.97276544570923,8.796819686889648,-41.96915912628174,7.103306867825154e-05,forget,for_000,M_npo_s2
7,-1,real,-41.97276544570923,8.796819686889648,-38.25183296203613,0.07329058281557446,forget,for_000,M_npo_s2
7,-7,random_position,-41.97276544570923,8.796819686889648,-41.08175230026245,0.017550136427541194,forget,for_000,M_npo_s2
8,-6,real,-41.97276544570923,8.796819686889648,-41.444679737091064,0.010401615597979016,forget,for_000,M_npo_s2
8,-5,real,-41.97276544570923,8.796819686889648,-13.080223083496094,0.569091559183559,forget,for_000,M_npo_s2
8,-4,real,-41.97276544570923,8.796819686889648,-41.89768648147583,0.0014788177614079151,forget,for_000,M_npo_s2
8,-3,real,-41.97276544570923,8.796819686889648,-41.97122621536255,3.0317961879333065e-05,forget,for_000,M_npo_s2
8,-2,real,-41.97276544570923,8.796819686889648,-41.94806432723999,0.0004865337860202018,forget,for_000,M_npo_s2
8,-1,real,-41.97276544570923,8.796819686889648,-29.772708892822266,0.24030246694006116,forget,for_000,M_npo_s2
8,-5,random_position,-41.97276544570923,8.796819686889648,-13.080223083496094,0.569091559183559,forget,for_000,M_npo_s2
9,-6,real,-41.97276544570923,8.796819686889648,-41.54405641555786,0.008444209836099201,forget,for_000,M_npo_s2
9,-5,real,-41.97276544570923,8.796819686889648,-26.66008758544922,0.3016112465813281,forget,for_000,M_npo_s2
9,-4,real,-41.97276544570923,8.796819686889648,-41.8670916557312,0.002081438910757905,forget,for_000,M_npo_s2
9,-3,real,-41.97276544570923,8.796819686889648,-41.95530891418457,0.0003438383725032541,forget,for_000,M_npo_s2
9,-2,real,-41.97276544570923,8.796819686889648,-41.86667060852051,0.002089732207021676,forget,for_000,M_npo_s2
9,-1,real,-41.97276544570923,8.796819686889648,-13.61707878112793,0.5585172025834473,forget,for_000,M_npo_s2
9,-10,random_position,-41.97276544570923,8.796819686889648,-41.95949983596802,0.00026129048930701544,forget,for_000,M_npo_s2
10,-6,real,-41.97276544570923,8.796819686889648,-41.43197822570801,0.010651795136572509,forget,for_000,M_npo_s2
10,-5,real,-41.97276544570923,8.796819686889648,-39.53324508666992,0.048050823197940684,forget,for_000,M_npo_s2
10,-4,real,-41.97276544570923,8.796819686889648,-41.86942958831787,0.002035389044867456,forget,for_000,M_npo_s2
10,-3,real,-41.97276544570923,8.796819686889648,-41.949331760406494,0.0004615693675953978,forget,for_000,M_npo_s2
10,-2,real,-41.97276544570923,8.796819686889648,-41.80940628051758,0.003217658067620457,forget,for_000,M_npo_s2
10,-1,real,-41.97276544570923,8.796819686889648,1.8882102966308594,0.8639222799986441,forget,for_000,M_npo_s2
10,-5,random_position,-41.97276544570923,8.796819686889648,-39.53324508666992,0.048050823197940684,forget,for_000,M_npo_s2
11,-6,real,-41.97276544570923,8.796819686889648,-41.97276544570923,0.0,forget,for_000,M_npo_s2
11,-5,real,-41.97276544570923,8.796819686889648,-41.97276544570923,0.0,forget,for_000,M_npo_s2
11,-4,real,-41.97276544570923,8.796819686889648,-41.97276544570923,0.0,forget,for_000,M_npo_s2
11,-3,real,-41.97276544570923,8.796819686889648,-41.97276544570923,0.0,forget,for_000,M_npo_s2
11,-2,real,-41.97276544570923,8.796819686889648,-41.97276544570923,0.0,forget,for_000,M_npo_s2
11,-1,real,-41.97276544570923,8.796819686889648,8.453603744506836,0.9932397331692506,forget,for_000,M_npo_s2
11,-6,random_position,-41.97276544570923,8.796819686889648,-41.97276544570923,0.0,forget,for_000,M_npo_s2
0,-6,real,-42.10623788833618,8.804794311523438,-41.893113136291504,0.004186219427019698,forget,for_000,M_npo_s2
0,-5,real,-42.10623788833618,8.804794311523438,-42.022836685180664,0.0016381754514053547,forget,for_000,M_npo_s2
0,-4,real,-42.10623788833618,8.804794311523438,-40.786839962005615,0.025915756748970502,forget,for_000,M_npo_s2
0,-3,real,-42.10623788833618,8.804794311523438,-39.31302356719971,0.05486461775458123,forget,for_000,M_npo_s2
0,-2,real,-42.10623788833618,8.804794311523438,-42.07792568206787,0.0005561114172104453,forget,for_000,M_npo_s2
0,-1,real,-42.10623788833618,8.804794311523438,-42.06703233718872,0.0007700796753354579,forget,for_000,M_npo_s2
0,-12,random_position,-42.10623788833618,8.804794311523438,-42.0841703414917,0.0004334531415087528,forget,for_000,M_npo_s2
1,-6,real,-42.10623788833618,8.804794311523438,-41.77229833602905,0.0065592767987141636,forget,for_000,M_npo_s2
1,-5,real,-42.10623788833618,8.804794311523438,-41.85286903381348,0.004976698439899313,forget,for_000,M_npo_s2
1,-4,real,-42.10623788833618,8.804794311523438,-40.78695106506348,0.02591357445069328,forget,for_000,M_npo_s2
1,-3,real,-42.10623788833618,8.804794311523438,-36.34399127960205,0.11318267101938702,forget,for_000,M_npo_s2
1,-2,real,-42.10623788833618,8.804794311523438,-42.00861358642578,0.001917547095237829,forget,for_000,M_npo_s2
1,-1,real,-42.10623788833618,8.804794311523438,-41.98863697052002,0.0023099299451344924,forget,for_000,M_npo_s2
1,-3,random_position,-42.10623788833618,8.804794311523438,-36.34399127960205,0.11318267101938702,forget,for_000,M_npo_s2
2,-6,real,-42.10623788833618,8.804794311523438,-41.794748306274414,0.006118312055409996,forget,for_000,M_npo_s2
2,-5,real,-42.10623788833618,8.804794311523438,-41.59586048126221,0.010024888222073446,forget,for_000,M_npo_s2
2,-4,real,-42.10623788833618,8.804794311523438,-41.00781536102295,0.021575334065143177,forget,for_000,M_npo_s2
2,-3,real,-42.10623788833618,8.804794311523438,-31.43305778503418,0.20964375778913066,forget,for_000,M_npo_s2
2,-2,real,-42.10623788833618,8.804794311523438,-41.89901876449585,0.0040702204391939905,forget,for_000,M_npo_s2
2,-1,real,-42.10623788833618,8.804794311523438,-41.86692142486572,0.004700679855222398,forget,for_000,M_npo_s2
2,-8,random_position,-42.10623788833618,8.804794311523438,-42.121989727020264,-0.0003093993188400817,forget,for_000,M_npo_s2
3,-6,real,-42.10623788833618,8.804794311523438,-41.80457162857056,0.005925361296572903,forget,for_000,M_npo_s2
3,-5,real,-42.10623788833618,8.804794311523438,-41.38321590423584,0.014201675999457253,forget,for_000,M_npo_s2
3,-4,real,-42.10623788833618,8.804794311523438,-41.30869102478027,0.015665501740860545,forget,for_000,M_npo_s2
3,-3,real,-42.10623788833618,8.804794311523438,-25.832090377807617,0.31965856529173725,forget,for_000,M_npo_s2
3,-2,real,-42.10623788833618,8.804794311523438,-41.88946342468262,0.004257907457122077,forget,for_000,M_npo_s2
3,-1,real,-42.10623788833618,8.804794311523438,-41.53718423843384,0.011177413328970235,forget,for_000,M_npo_s2
3,-12,random_position,-42.10623788833618,8.804794311523438,-41.9346866607666,0.003369627763509637,forget,for_000,M_npo_s2
4,-6,real,-42.10623788833618,8.804794311523438,-41.9072060585022,0.003909404724945513,forget,for_000,M_npo_s2
4,-5,real,-42.10623788833618,8.804794311523438,-41.12919473648071,0.019191187246409096,forget,for_000,M_npo_s2
4,-4,real,-42.10623788833618,8.804794311523438,-41.509501457214355,0.011721161511305435,forget,for_000,M_npo_s2
4,-3,real,-42.10623788833618,8.804794311523438,-20.86589813232422,0.4172050504226573,forget,for_000,M_npo_s2
4,-2,real,-42.10623788833618,8.804794311523438,-41.81304979324341,0.005758832269238137,forget,for_000,M_npo_s2
4,-1,real,-42.10623788833618,8.804794311523438,-41.15229606628418,0.01873742842822645,forget,for_000,M_npo_s2
4,-9,random_position,-42.10623788833618,8.804794311523438,-42.06257629394531,0.0008576057585999903,forget,for_000,M_npo_s2
5,-6,real,-42.10623788833618,8.804794311523438,-41.905752182006836,0.003937961924289929,forget,for_000,M_npo_s2
5,-5,real,-42.10623788833618,8.804794311523438,-40.83316707611084,0.025005794563891244,forget,for_000,M_npo_s2
5,-4,real,-42.10623788833618,8.804794311523438,-41.44673728942871,0.012953982082282142,forget,for_000,M_npo_s2
5,-3,real,-42.10623788833618,8.804794311523438,-15.296485900878906,0.5266000477501849,forget,for_000,M_npo_s2
5,-2,real,-42.10623788833618,8.804794311523438,-41.893887519836426,0.004171008901688334,forget,for_000,M_npo_s2
5,-1,real,-42.10623788833618,8.804794311523438,-40.376179695129395,0.03398199011984592,forget,for_000,M_npo_s2
5,-11,random_position,-42.10623788833618,8.804794311523438,-42.089643478393555,0.00032594919461626453,forget,for_000,M_npo_s2
6,-6,real,-42.10623788833618,8.804794311523438,-41.87373352050781,0.004566875935958931,forget,for_000,M_npo_s2
6,-5,real,-42.10623788833618,8.804794311523438,-40.6785888671875,0.028042036459685414,forget,for_000,M_npo_s2
6,-4,real,-42.10623788833618,8.804794311523438,-41.316147327423096,0.015519044238024004,forget,for_000,M_npo_s2
6,-3,real,-42.10623788833618,8.804794311523438,-11.378162384033203,0.6035641819964457,forget,for_000,M_npo_s2
6,-2,real,-42.10623788833618,8.804794311523438,-41.81594944000244,0.005701877094028761,forget,for_000,M_npo_s2
6,-1,real,-42.10623788833618,8.804794311523438,-38.90904998779297,0.0627995104870812,forget,for_000,M_npo_s2
6,-2,random_position,-42.10623788833618,8.804794311523438,-41.81594944000244,0.005701877094028761,forget,for_000,M_npo_s2
7,-6,real,-42.10623788833618,8.804794311523438,-41.87001895904541,0.0046398377538969405,forget,for_000,M_npo_s2
7,-5,real,-42.10623788833618,8.804794311523438,-40.63841247558594,0.02883118548820724,forget,for_000,M_npo_s2
7,-4,real,-42.10623788833618,8.804794311523438,-41.672109603881836,0.008527194709981598,forget,for_000,M_npo_s2
7,-3,real,-42.10623788833618,8.804794311523438,-8.05538558959961,0.6688305231185327,forget,for_000,M_npo_s2
7,-2,real,-42.10623788833618,8.804794311523438,-41.68863916397095,0.008202519303200964,forget,for_000,M_npo_s2
7,-1,real,-42.10623788833618,8.804794311523438,-37.230284690856934,0.09577399999155178,forget,for_000,M_npo_s2
7,-8,random_position,-42.10623788833618,8.804794311523438,-42.090986251831055,0.00029957429354907105,forget,for_000,M_npo_s2
8,-6,real,-42.10623788833618,8.804794311523438,-41.94460391998291,0.003174831885528284,forget,for_000,M_npo_s2
8,-5,real,-42.10623788833618,8.804794311523438,-40.411250591278076,0.033293123785119,forget,for_000,M_npo_s2
8,-4,real,-42.10623788833618,8.804794311523438,-41.573556900024414,0.010462977576660416,forget,for_000,M_npo_s2
8,-3,real,-42.10623788833618,8.804794311523438,-11.940095901489258,0.5925266230789582,forget,for_000,M_npo_s2
8,-2,real,-42.10623788833618,8.804794311523438,-41.69106674194336,0.008154836554148023,forget,for_000,M_npo_s2
8,-1,real,-42.10623788833618,8.804794311523438,-28.551666259765625,0.2662403617227767,forget,for_000,M_npo_s2
8,-5,random_position,-42.10623788833618,8.804794311523438,-40.411250591278076,0.033293123785119,forget,for_000,M_npo_s2
9,-6,real,-42.10623788833618,8.804794311523438,-42.03495407104492,0.0014001644478827974,forget,for_000,M_npo_s2
9,-5,real,-42.10623788833618,8.804794311523438,-40.30933952331543,0.03529487200272688,forget,for_000,M_npo_s2
9,-4,real,-42.10623788833618,8.804794311523438,-41.68969678878784,0.008181745322175738,forget,for_000,M_npo_s2
9,-3,real,-42.10623788833618,8.804794311523438,-25.888824462890625,0.31854418825730024,forget,for_000,M_npo_s2
9,-2,real,-42.10623788833618,8.804794311523438,-41.730135917663574,0.007387435579702202,forget,for_000,M_npo_s2
9,-1,real,-42.10623788833618,8.804794311523438,-12.880104064941406,0.574062881079739,forget,for_000,M_npo_s2
9,-11,random_position,-42.10623788833618,8.804794311523438,-42.097914695739746,0.00016348504905108754,forget,for_000,M_npo_s2
10,-6,real,-42.10623788833618,8.804794311523438,-42.01988506317139,0.0016961515301006415,forget,for_000,M_npo_s2
10,-5,real,-42.10623788833618,8.804794311523438,-42.06394624710083,0.0008306969905722747,forget,for_000,M_npo_s2
10,-4,real,-42.10623788833618,8.804794311523438,-41.619311809539795,0.009564254696013203,forget,for_000,M_npo_s2
10,-3,real,-42.10623788833618,8.804794311523438,-38.962162017822266,0.061756278249699,forget,for_000,M_npo_s2
10,-2,real,-42.10623788833618,8.804794311523438,-41.666152000427246,0.008644214601293216,forget,for_000,M_npo_s2
10,-1,real,-42.10623788833618,8.804794311523438,2.6582412719726562,0.8792687405075293,forget,for_000,M_npo_s2
10,-6,random_position,-42.10623788833618,8.804794311523438,-42.01988506317139,0.0016961515301006415,forget,for_000,M_npo_s2
11,-6,real,-42.10623788833618,8.804794311523438,-42.10623788833618,0.0,forget,for_000,M_npo_s2
11,-5,real,-42.10623788833618,8.804794311523438,-42.10623788833618,0.0,forget,for_000,M_npo_s2
11,-4,real,-42.10623788833618,8.804794311523438,-42.10623788833618,0.0,forget,for_000,M_npo_s2
11,-3,real,-42.10623788833618,8.804794311523438,-42.10623788833618,0.0,forget,for_000,M_npo_s2
11,-2,real,-42.10623788833618,8.804794311523438,-42.10623788833618,0.0,forget,for_000,M_npo_s2
11,-1,real,-42.10623788833618,8.804794311523438,8.74653434753418,0.9988556514870776,forget,for_000,M_npo_s2
11,-6,random_position,-42.10623788833618,8.804794311523438,-42.10623788833618,0.0,forget,for_000,M_npo_s2
0,-6,real,-42.03724145889282,8.965827941894531,-41.96003007888794,0.0015138575170476087,forget,for_000,M_npo_s2
0,-5,real,-42.03724145889282,8.965827941894531,-40.66964292526245,0.026814043736929662,forget,for_000,M_npo_s2
0,-4,real,-42.03724145889282,8.965827941894531,-39.23487663269043,0.05494502309618118,forget,for_000,M_npo_s2
0,-3,real,-42.03724145889282,8.965827941894531,-42.02879762649536,0.00016555537728736355,forget,for_000,M_npo_s2
0,-2,real,-42.03724145889282,8.965827941894531,-42.011446475982666,0.000505753540192976,forget,for_000,M_npo_s2
0,-1,real,-42.03724145889282,8.965827941894531,-42.019615650177,0.0003455832937683593,forget,for_000,M_npo_s2
0,-10,random_position,-42.03724145889282,8.965827941894531,-42.01652669906616,0.00040614731760321026,forget,for_000,M_npo_s2
1,-6,real,-42.03724145889282,8.965827941894531,-41.76226043701172,0.005391460261347693,forget,for_000,M_npo_s2
1,-5,real,-42.03724145889282,8.965827941894531,-40.68082523345947,0.026594795987168768,forget,for_000,M_npo_s2
1,-4,real,-42.03724145889282,8.965827941894531,-36.090455055236816,0.11659663768322545,forget,for_000,M_npo_s2
1,-3,real,-42.03724145889282,8.965827941894531,-42.0437798500061,-0.0001281960319270572,forget,for_000,M_npo_s2
1,-2,real,-42.03724145889282,8.965827941894531,-41.99421167373657,0.0008436705018303414,forget,for_000,M_npo_s2
1,-1,real,-42.03724145889282,8.965827941894531,-42.01255416870117,0.0004840353822170021,forget,for_000,M_npo_s2
1,-3,random_position,-42.03724145889282,8.965827941894531,-42.0437798500061,-0.0001281960319270572,forget,for_000,M_npo_s2
2,-6,real,-42.03724145889282,8.965827941894531,-41.64659929275513,0.007659189353252234,forget,for_000,M_npo_s2
2,-5,real,-42.03724145889282,8.965827941894531,-40.96912240982056,0.020942250370833106,forget,for_000,M_npo_s2
2,-4,real,-42.03724145889282,8.965827941894531,-31.031813621520996,0.21577971613610242,forget,for_000,M_npo_s2
2,-3,real,-42.03724145889282,8.965827941894531,-42.032469272613525,9.35666487402267e-05,forget,for_000,M_npo_s2
2,-2,real,-42.03724145889282,8.965827941894531,-41.96900177001953,0.0013379525913834035,forget,for_000,M_npo_s2
2,-1,real,-42.03724145889282,8.965827941894531,-41.9979190826416,0.0007709805843687845,forget,for_000,M_npo_s2
2,-7,random_position,-42.03724145889282,8.965827941894531,-41.74463510513306,0.005737034205930527,forget,for_000,M_npo_s2
3,-6,real,-42.03724145889282,8.965827941894531,-41.550954818725586,0.009534458335163047,forget,for_000,M_npo_s2
3,-5,real,-42.03724145889282,8.965827941894531,-41.257704734802246,0.015284113941553136,forget,for_000,M_npo_s2
3,-4,real,-42.03724145889282,8.965827941894531,-25.407087326049805,0.3260618297726664,forget,for_000,M_npo_s2
3,-3,real,-42.03724145889282,8.965827941894531,-42.04077672958374,-6.931486148681462e-05,forget,for_000,M_npo_s2
3,-2,real,-42.03724145889282,8.965827941894531,-41.97763681411743,0.0011686481907002735,forget,for_000,M_npo_s2
3,-1,real,-42.03724145889282,8.965827941894531,-41.86118698120117,0.003451840835464161,forget,for_000,M_npo_s2
3,-10,random_position,-42.03724145889282,8.965827941894531,-41.85534477233887,0.003566387056523839,forget,for_000,M_npo_s2
4,-6,real,-42.03724145889282,8.965827941894531,-41.44296455383301,0.011651787079517226,forget,for_000,M_npo_s2
4,-5,real,-42.03724145889282,8.965827941894531,-41.4581995010376,0.011353080601974236,forget,for_000,M_npo_s2
4,-4,real,-42.03724145889282,8.965827941894531,-20.356557846069336,0.4250858598813818,forget,for_000,M_npo_s2
4,-3,real,-42.03724145889282,8.965827941894531,-42.05183506011963,-0.000286131823011055,forget,for_000,M_npo_s2
4,-2,real,-42.03724145889282,8.965827941894531,-41.9441032409668,0.0018261296627882474,forget,for_000,M_npo_s2
4,-1,real,-42.03724145889282,8.965827941894531,-41.56704044342041,0.009219072910642383,forget,for_000,M_npo_s2
4,-8,random_position,-42.03724145889282,8.965827941894531,-42.028656005859375,0.0001683320853884674,forget,for_000,M_npo_s2
5,-6,real,-42.03724145889282,8.965827941894531,-41.34186124801636,0.013634085537325131,forget,for_000,M_npo_s2
5,-5,real,-42.03724145889282,8.965827941894531,-41.39597988128662,0.012572999726096911,forget,for_000,M_npo_s2
5,-4,real,-42.03724145889282,8.965827941894531,-14.978012084960938,0.530541194713159,forget,for_000,M_npo_s2
5,-3,real,-42.03724145889282,8.965827941894531,-42.0182785987854,0.00037179840998214785,forget,for_000,M_npo_s2
5,-2,real,-42.03724145889282,8.965827941894531,-41.920008182525635,0.0022985533565824516,forget,for_000,M_npo_s2
5,-1,real,-42.03724145889282,8.965827941894531,-41.070143699645996,0.018961559972935603,forget,for_000,M_npo_s2
5,-9,random_position,-42.03724145889282,8.965827941894531,-42.00839805603027,0.0005655228832581508,forget,for_000,M_npo_s2
6,-6,real,-42.03724145889282,8.965827941894531,-41.355712890625,0.013362501046991914,forget,for_000,M_npo_s2
6,-5,real,-42.03724145889282,8.965827941894531,-41.25809335708618,0.01527649435534977,forget,for_000,M_npo_s2
6,-4,real,-42.03724145889282,8.965827941894531,-11.67556381225586,0.595291185478501,forget,for_000,M_npo_s2
6,-3,real,-42.03724145889282,8.965827941894531,-41.990097999572754,0.0009243259253597115,forget,for_000,M_npo_s2
6,-2,real,-42.03724145889282,8.965827941894531,-41.98080539703369,0.001106522852882647,forget,for_000,M_npo_s2
6,-1,real,-42.03724145889282,8.965827941894531,-39.09243869781494,0.05773775570127591,forget,for_000,M_npo_s2
6,-2,random_position,-42.03724145889282,8.965827941894531,-41.98080539703369,0.001106522852882647,forget,for_000,M_npo_s2
7,-6,real,-42.03724145889282,8.965827941894531,-41.38387203216553,0.012810394244963002,forget,for_000,M_npo_s2
7,-5,real,-42.03724145889282,8.965827941894531,-41.6581768989563,0.007432191128690613,forget,for_000,M_npo_s2
7,-4,real,-42.03724145889282,8.965827941894531,-8.459924697875977,0.658339138320536,forget,for_000,M_npo_s2
7,-3,real,-42.03724145889282,8.965827941894531,-41.985018730163574,0.0010239134495784261,forget,for_000,M_npo_s2
7,-2,real,-42.03724145889282,8.965827941894531,-41.954787731170654,0.0016166424627160792,forget,for_000,M_npo_s2
7,-1,real,-42.03724145889282,8.965827941894531,-37.340664863586426,0.09208419513735959,forget,for_000,M_npo_s2
7,-7,random_position,-42.03724145889282,8.965827941894531,-41.837814807891846,0.003910091164001552,forget,for_000,M_npo_s2
8,-6,real,-42.03724145889282,8.965827941894531,-41.26122713088989,0.015215051508075512,forget,for_000,M_npo_s2
8,-5,real,-42.03724145889282,8.965827941894531,-41.62055826187134,0.008169767073176421,forget,for_000,M_npo_s2
8,-4,real,-42.03724145889282,8.965827941894531,-12.924177169799805,0.5708100440057748,forget,for_000,M_npo_s2
8,-3,real,-42.03724145889282,8.965827941894531,-41.9406361579895,0.001894107590744901,forget,for_000,M_npo_s2
8,-2,real,-42.03724145889282,8.965827941894531,-41.885942459106445,0.0029664685197169976,forget,for_000,M_npo_s2
8,-1,real,-42.03724145889282,8.965827941894531,-28.191041946411133,0.2714777693804432,forget,for_000,M_npo_s2
8,-4,random_position,-42.03724145889282,8.965827941894531,-12.924177169799805,0.5708100440057748,forget,for_000,M_npo_s2
9,-6,real,-42.03724145889282,8.965827941894531,-41.357354164123535,0.01333032115041279,forget,for_000,M_npo_s2
9,-5,real,-42.03724145889282,8.965827941894531,-41.75814151763916,0.005472218525917845,forget,for_000,M_npo_s2
9,-4,real,-42.03724145889282,8.965827941894531,-26.782459259033203,0.2990953756132984,forget,for_000,M_npo_s2
9,-3,real,-42.03724145889282,8.965827941894531,-41.932315826416016,0.0020572415289811337,forget,for_000,M_npo_s2
9,-2,real,-42.03724145889282,8.965827941894531,-41.807172775268555,0.004510879175062274,forget,for_000,M_npo_s2
9,-1,real,-42.03724145889282,8.965827941894531,-12.068700790405273,0.5875830811865788,forget,for_000,M_npo_s2
9,-10,random_position,-42.03724145889282,8.965827941894531,-41.892847537994385,0.0028310829641207524,forget,for_000,M_npo_s2
10,-6,real,-42.03724145889282,8.965827941894531,-42.01532697677612,0.0004296698683856254,forget,for_000,M_npo_s2
10,-5,real,-42.03724145889282,8.965827941894531,-41.71475839614868,0.0063228167742226575,forget,for_000,M_npo_s2
10,-4,real,-42.03724145889282,8.965827941894531,-40.03017711639404,0.03935183443033716,forget,for_000,M_npo_s2
10,-3,real,-42.03724145889282,8.965827941894531,-41.90597581863403,0.0025736811882298726,forget,for_000,M_npo_s2
10,-2,real,-42.03724145889282,8.965827941894531,-41.68177938461304,0.006969425143544356,forget,for_000,M_npo_s2
10,-1,real,-42.03724145889282,8.965827941894531,2.852602005004883,0.8801400384582486,forget,for_000,M_npo_s2
10,-5,random_position,-42.03724145889282,8.965827941894531,-41.71475839614868,0.0063228167742226575,forget,for_000,M_npo_s2
11,-6,real,-42.03724145889282,8.965827941894531,-42.03724145889282,0.0,forget,for_000,M_npo_s2
11,-5,real,-42.03724145889282,8.965827941894531,-42.03724145889282,0.0,forget,for_000,M_npo_s2
11,-4,real,-42.03724145889282,8.965827941894531,-42.03724145889282,0.0,forget,for_000,M_npo_s2
11,-3,real,-42.03724145889282,8.965827941894531,-42.03724145889282,0.0,forget,for_000,M_npo_s2
11,-2,real,-42.03724145889282,8.965827941894531,-42.03724145889282,0.0,forget,for_000,M_npo_s2
11,-1,real,-42.03724145889282,8.965827941894531,8.935880661010742,0.9994128337522501,forget,for_000,M_npo_s2
11,-5,random_position,-42.03724145889282,8.965827941894531,-42.03724145889282,0.0,forget,for_000,M_npo_s2
0,-6,real,-31.66574001312256,12.8388671875,-31.662526845932007,7.219852938072466e-05,forget,for_001,M_npo_s2
0,-5,real,-31.66574001312256,12.8388671875,-31.669487357139587,-8.420126033550046e-05,forget,for_001,M_npo_s2
0,-4,real,-31.66574001312256,12.8388671875,-31.664716124534607,2.3006350406286414e-05,forget,for_001,M_npo_s2
0,-3,real,-31.66574001312256,12.8388671875,-31.66085410118103,0.00010978440770195075,forget,for_001,M_npo_s2
0,-2,real,-31.66574001312256,12.8388671875,-31.635853052139282,0.0006715475736826252,forget,for_001,M_npo_s2
0,-1,real,-31.66574001312256,12.8388671875,-31.6494117975235,0.0003668882083478236,forget,for_001,M_npo_s2
0,-14,random_position,-31.66574001312256,12.8388671875,-31.642073392868042,0.0005317791065502436,forget,for_001,M_npo_s2
1,-6,real,-31.66574001312256,12.8388671875,-31.675459027290344,-0.00021838220308232918,forget,for_001,M_npo_s2
1,-5,real,-31.66574001312256,12.8388671875,-31.671238660812378,-0.00012355232493193238,forget,for_001,M_npo_s2
1,-4,real,-31.66574001312256,12.8388671875,-31.677932143211365,-0.00027395208846232893,forget,for_001,M_npo_s2
1,-3,real,-31.66574001312256,12.8388671875,-31.663437604904175,5.1734154354059356e-05,forget,for_001,M_npo_s2
1,-2,real,-31.66574001312256,12.8388671875,-31.625174522399902,0.0009114896922871571,forget,for_001,M_npo_s2
1,-1,real,-31.66574001312256,12.8388671875,-31.6039080619812,0.0013893382063260291,forget,for_001,M_npo_s2
1,-3,random_position,-31.66574001312256,12.8388671875,-31.663437604904175,5.1734154354059356e-05,forget,for_001,M_npo_s2
2,-6,real,-31.66574001312256,12.8388671875,-31.689374446868896,-0.0005310558891082018,forget,for_001,M_npo_s2
2,-5,real,-31.66574001312256,12.8388671875,-31.666511178016663,-1.7327754194698662e-05,forget,for_001,M_npo_s2
2,-4,real,-31.66574001312256,12.8388671875,-31.674349427223206,-0.00019344995141371652,forget,for_001,M_npo_s2
2,-3,real,-31.66574001312256,12.8388671875,-31.667213320732117,-3.310460876368539e-05,forget,for_001,M_npo_s2
2,-2,real,-31.66574001312256,12.8388671875,-31.6030695438385,0.0014081793599827782,forget,for_001,M_npo_s2
2,-1,real,-31.66574001312256,12.8388671875,-31.596010446548462,0.0015667943379381463,forget,for_001,M_npo_s2
2,-9,random_position,-31.66574001312256,12.8388671875,-30.044607400894165,0.03642617504566395,forget,for_001,M_npo_s2
3,-6,real,-31.66574001312256,12.8388671875,-31.680612564086914,-0.0003341800298857019,forget,for_001,M_npo_s2
3,-5,real,-31.66574001312256,12.8388671875,-31.673287868499756,-0.0001695971687419293,forget,for_001,M_npo_s2
3,-4,real,-31.66574001312256,12.8388671875,-31.670504212379456,-0.00010704957433778515,forget,for_001,M_npo_s2
3,-3,real,-31.66574001312256,12.8388671875,-31.660916328430176,0.0001083861873140032,forget,for_001,M_npo_s2
3,-2,real,-31.66574001312256,12.8388671875,-31.612908840179443,0.0011870944665337076,forget,for_001,M_npo_s2
3,-1,real,-31.66574001312256,12.8388671875,-31.499656915664673,0.0037318180724345874,forget,for_001,M_npo_s2
3,-14,random_position,-31.66574001312256,12.8388671875,-31.6684228181839,-6.0281513085746396e-05,forget,for_001,M_npo_s2
4,-6,real,-31.66574001312256,12.8388671875,-31.672643423080444,-0.00015511674840238052,forget,for_001,M_npo_s2
4,-5,real,-31.66574001312256,12.8388671875,-31.70139741897583,-0.000801207068125133,forget,for_001,M_npo_s2
4,-4,real,-31.66574001312256,12.8388671875,-31.67182719707489,-0.0001367764897888233,forget,for_001,M_npo_s2
4,-3,real,-31.66574001312256,12.8388671875,-31.654529929161072,0.0002518859207306969,forget,for_001,M_npo_s2
4,-2,real,-31.66574001312256,12.8388671875,-31.621159553527832,0.0010017043717240794,forget,for_001,M_npo_s2
4,-1,real,-31.66574001312256,12.8388671875,-31.374433279037476,0.006545541066611369,forget,for_001,M_npo_s2
4,-11,random_position,-31.66574001312256,12.8388671875,-31.50146770477295,0.003691130394861938,forget,for_001,M_npo_s2
5,-6,real,-31.66574001312256,12.8388671875,-31.658055067062378,0.00017267753932840378,forget,for_001,M_npo_s2
5,-5,real,-31.66574001312256,12.8388671875,-31.700557708740234,-0.0007823391286371971,forget,for_001,M_npo_s2
5,-4,real,-31.66574001312256,12.8388671875,-31.677122592926025,-0.0002557618305034174,forget,for_001,M_npo_s2
5,-3,real,-31.66574001312256,12.8388671875,-31.655462741851807,0.00023092600782707702,forget,for_001,M_npo_s2
5,-2,real,-31.66574001312256,12.8388671875,-31.644960403442383,0.00046690918058220956,forget,for_001,M_npo_s2
5,-1,real,-31.66574001312256,12.8388671875,-31.204303979873657,0.010368275607259971,forget,for_001,M_npo_s2
5,-12,random_position,-31.66574001312256,12.8388671875,-31.64381241798401,0.0004927039360150351,forget,for_001,M_npo_s2
6,-6,real,-31.66574001312256,12.8388671875,-31.55152440071106,0.0025663772718322363,forget,for_001,M_npo_s2
6,-5,real,-31.66574001312256,12.8388671875,-31.694417476654053,-0.0006443706693605642,forget,for_001,M_npo_s2
6,-4,real,-31.66574001312256,12.8388671875,-31.657145738601685,0.000193109771357645,forget,for_001,M_npo_s2
6,-3,real,-31.66574001312256,12.8388671875,-31.662034273147583,8.326643482708342e-05,forget,for_001,M_npo_s2
6,-2,real,-31.66574001312256,12.8388671875,-31.654510498046875,0.00025232252977904065,forget,for_001,M_npo_s2
6,-1,real,-31.66574001312256,12.8388671875,-30.690861701965332,0.02190510988587243,forget,for_001,M_npo_s2
6,-2,random_position,-31.66574001312256,12.8388671875,-31.654510498046875,0.00025232252977904065,forget,for_001,M_npo_s2
7,-6,real,-31.66574001312256,12.8388671875,-31.513843059539795,0.0034130613241462075,forget,for_001,M_npo_s2
7,-5,real,-31.66574001312256,12.8388671875,-31.69636344909668,-0.0006880958601897898,forget,for_001,M_npo_s2
7,-4,real,-31.66574001312256,12.8388671875,-31.64888596534729,0.00037870343848429226,forget,for_001,M_npo_s2
7,-3,real,-31.66574001312256,12.8388671875,-31.669647455215454,-8.779859746387894e-05,forget,for_001,M_npo_s2
7,-2,real,-31.66574001312256,12.8388671875,-31.650728940963745,0.0003372925434696004,forget,for_001,M_npo_s2
7,-1,real,-31.66574001312256,12.8388671875,-29.751691818237305,0.04300786627004494,forget,for_001,M_npo_s2
7,-9,random_position,-31.66574001312256,12.8388671875,-14.643074035644531,0.38249221930532856,forget,for_001,M_npo_s2
8,-6,real,-31.66574001312256,12.8388671875,-31.577569007873535,0.0019811657892306943,forget,for_001,M_npo_s2
8,-5,real,-31.66574001312256,12.8388671875,-31.571892976760864,0.002108703845843213,forget,for_001,M_npo_s2
8,-4,real,-31.66574001312256,12.8388671875,-31.615757942199707,0.0011230763299974115,forget,for_001,M_npo_s2
8,-3,real,-31.66574001312256,12.8388671875,-31.627944588661194,0.0008492474563585417,forget,for_001,M_npo_s2
8,-2,real,-31.66574001312256,12.8388671875,-31.646223783493042,0.00043852155669050813,forget,for_001,M_npo_s2
8,-1,real,-31.66574001312256,12.8388671875,-23.660391807556152,0.1798768421767898,forget,for_001,M_npo_s2
8,-5,random_position,-31.66574001312256,12.8388671875,-31.571892976760864,0.002108703845843213,forget,for_001,M_npo_s2
9,-6,real,-31.66574001312256,12.8388671875,-31.564287424087524,0.00227959744881458,forget,for_001,M_npo_s2
9,-5,real,-31.66574001312256,12.8388671875,-31.234437227249146,0.009691194080854167,forget,for_001,M_npo_s2
9,-4,real,-31.66574001312256,12.8388671875,-31.54190444946289,0.002782533572342948,forget,for_001,M_npo_s2
9,-3,real,-31.66574001312256,12.8388671875,-31.59019708633423,0.0016974181223033766,forget,for_001,M_npo_s2
9,-2,real,-31.66574001312256,12.8388671875,-31.513427257537842,0.0034224042220641405,forget,for_001,M_npo_s2
9,-1,real,-31.66574001312256,12.8388671875,-10.316812515258789,0.47970151498304037,forget,for_001,M_npo_s2
9,-13,random_position,-31.66574001312256,12.8388671875,-31.661139249801636,0.00010337723688208382,forget,for_001,M_npo_s2
10,-6,real,-31.66574001312256,12.8388671875,-31.493085384368896,0.0038794776454345813,forget,for_001,M_npo_s2
10,-5,real,-31.66574001312256,12.8388671875,-31.02549934387207,0.014385941355786917,forget,for_001,M_npo_s2
10,-4,real,-31.66574001312256,12.8388671875,-31.40046215057373,0.0059606831569814925,forget,for_001,M_npo_s2
10,-3,real,-31.66574001312256,12.8388671875,-31.52416229248047,0.0031811924550613573,forget,for_001,M_npo_s2
10,-2,real,-31.66574001312256,12.8388671875,-31.331607341766357,0.007507822051994813,forget,for_001,M_npo_s2
10,-1,real,-31.66574001312256,12.8388671875,2.371103286743164,0.7647937020639426,forget,for_001,M_npo_s2
10,-6,random_position,-31.66574001312256,12.8388671875,-31.493085384368896,0.0038794776454345813,forget,for_001,M_npo_s2
11,-6,real,-31.66574001312256,12.8388671875,-31.66574001312256,0.0,forget,for_001,M_npo_s2
11,-5,real,-31.66574001312256,12.8388671875,-31.66574001312256,0.0,forget,for_001,M_npo_s2
11,-4,real,-31.66574001312256,12.8388671875,-31.66574001312256,0.0,forget,for_001,M_npo_s2
11,-3,real,-31.66574001312256,12.8388671875,-31.66574001312256,0.0,forget,for_001,M_npo_s2
11,-2,real,-31.66574001312256,12.8388671875,-31.66574001312256,0.0,forget,for_001,M_npo_s2
11,-1,real,-31.66574001312256,12.8388671875,12.821033477783203,0.9995992839654464,forget,for_001,M_npo_s2
11,-7,random_position,-31.66574001312256,12.8388671875,-31.66574001312256,0.0,forget,for_001,M_npo_s2
0,-6,real,-29.860556483268738,12.952835083007812,-29.796805262565613,0.0014890485983675458,forget,for_001,M_npo_s2
0,-5,real,-29.860556483268738,12.952835083007812,-29.86790895462036,-0.00017173298079507823,forget,for_001,M_npo_s2
0,-4,real,-29.860556483268738,12.952835083007812,-29.811837792396545,0.0011379311259836595,forget,for_001,M_npo_s2
0,-3,real,-29.860556483268738,12.952835083007812,-29.874304056167603,-0.00032110450482725824,forget,for_001,M_npo_s2
0,-2,real,-29.860556483268738,12.952835083007812,-29.861319065093994,-1.781175929675755e-05,forget,for_001,M_npo_s2
0,-1,real,-29.860556483268738,12.952835083007812,-29.84776198863983,0.000298843286197029,forget,for_001,M_npo_s2
0,-11,random_position,-29.860556483268738,12.952835083007812,-29.852699875831604,0.0001835081769911057,forget,for_001,M_npo_s2
1,-6,real,-29.860556483268738,12.952835083007812,-29.425612211227417,0.010159070704968857,forget,for_001,M_npo_s2
1,-5,real,-29.860556483268738,12.952835083007812,-29.87127447128296,-0.00025034195194812797,forget,for_001,M_npo_s2
1,-4,real,-29.860556483268738,12.952835083007812,-29.812984704971313,0.0011111424850278825,forget,for_001,M_npo_s2
1,-3,real,-29.860556483268738,12.952835083007812,-29.898816108703613,-0.0008936368747065581,forget,for_001,M_npo_s2
1,-2,real,-29.860556483268738,12.952835083007812,-29.865538358688354,-0.00011636255006578002,forget,for_001,M_npo_s2
1,-1,real,-29.860556483268738,12.952835083007812,-29.81482243537903,0.001068218289104979,forget,for_001,M_npo_s2
1,-3,random_position,-29.860556483268738,12.952835083007812,-29.898816108703613,-0.0008936368747065581,forget,for_001,M_npo_s2
2,-6,real,-29.860556483268738,12.952835083007812,-28.83522605895996,0.02394882504745113,forget,for_001,M_npo_s2
2,-5,real,-29.860556483268738,12.952835083007812,-29.853967785835266,0.0001538933775725793,forget,for_001,M_npo_s2
2,-4,real,-29.860556483268738,12.952835083007812,-29.702319860458374,0.0036959609370214976,forget,for_001,M_npo_s2
2,-3,real,-29.860556483268738,12.952835083007812,-29.914751052856445,-0.0012658321988766653,forget,for_001,M_npo_s2
2,-2,real,-29.860556483268738,12.952835083007812,-29.91477870941162,-0.001266478177953865,forget,for_001,M_npo_s2
2,-1,real,-29.860556483268738,12.952835083007812,-29.778488397598267,0.001916878870561494,forget,for_001,M_npo_s2
2,-8,random_position,-29.860556483268738,12.952835083007812,-29.39422607421875,0.010892162288243221,forget,for_001,M_npo_s2
3,-6,real,-29.860556483268738,12.952835083007812,-27.461941719055176,0.05602487157553091,forget,for_001,M_npo_s2
3,-5,real,-29.860556483268738,12.952835083007812,-29.824039459228516,0.0008529346240578162,forget,for_001,M_npo_s2
3,-4,real,-29.860556483268738,12.952835083007812,-29.685962080955505,0.00407803250165207,forget,for_001,M_npo_s2
3,-3,real,-29.860556483268738,12.952835083007812,-29.933286428451538,-0.0016987662626590076,forget,for_001,M_npo_s2
3,-2,real,-29.860556483268738,12.952835083007812,-29.863916516304016,-7.848088909463942e-05,forget,for_001,M_npo_s2
3,-1,real,-29.860556483268738,12.952835083007812,-29.735504150390625,0.0029208695761588437,forget,for_001,M_npo_s2
3,-11,random_position,-29.860556483268738,12.952835083007812,-29.895016193389893,-0.0008048815770133513,forget,for_001,M_npo_s2
4,-6,real,-29.860556483268738,12.952835083007812,-25.650892734527588,0.09832586475249107,forget,for_001,M_npo_s2
4,-5,real,-29.860556483268738,12.952835083007812,-29.760655879974365,0.002333396155726722,forget,for_001,M_npo_s2
4,-4,real,-29.860556483268738,12.952835083007812,-29.703288555145264,0.0036733349629640565,forget,for_001,M_npo_s2
4,-3,real,-29.860556483268738,12.952835083007812,-29.9261155128479,-0.0015312739117543407,forget,for_001,M_npo_s2
4,-2,real,-29.860556483268738,12.952835083007812,-29.818809032440186,0.0009751026326406729,forget,for_001,M_npo_s2
4,-1,real,-29.860556483268738,12.952835083007812,-29.672568798065186,0.004390861791748992,forget,for_001,M_npo_s2
4,-8,random_position,-29.860556483268738,12.952835083007812,-29.797470331192017,0.0014735144721964325,forget,for_001,M_npo_s2
5,-6,real,-29.860556483268738,12.952835083007812,-22.71176528930664,0.16697558713365493,forget,for_001,M_npo_s2
5,-5,real,-29.860556483268738,12.952835083007812,-29.65108048915863,0.004892768043985294,forget,for_001,M_npo_s2
5,-4,real,-29.860556483268738,12.952835083007812,-29.80648899078369,0.0012628640363926346,forget,for_001,M_npo_s2
5,-3,real,-29.860556483268738,12.952835083007812,-29.915643215179443,-0.0012866705929015102,forget,for_001,M_npo_s2
5,-2,real,-29.860556483268738,12.952835083007812,-29.83792805671692,0.0005285361828153533,forget,for_001,M_npo_s2
5,-1,real,-29.860556483268738,12.952835083007812,-29.471107482910156,0.009096429554189874,forget,for_001,M_npo_s2
5,-10,random_position,-29.860556483268738,12.952835083007812,-29.859641551971436,2.1370213006505267e-05,forget,for_001,M_npo_s2
6,-6,real,-29.860556483268738,12.952835083007812,-17.60344409942627,0.2862915535403929,forget,for_001,M_npo_s2
6,-5,real,-29.860556483268738,12.952835083007812,-29.64532232284546,0.005027262558493858,forget,for_001,M_npo_s2
6,-4,real,-29.860556483268738,12.952835083007812,-30.214146375656128,-0.008258861992748723,forget,for_001,M_npo_s2
6,-3,real,-29.860556483268738,12.952835083007812,-29.816225051879883,0.0010354571260776772,forget,for_001,M_npo_s2
6,-2,real,-29.860556483268738,12.952835083007812,-29.867157459259033,-0.00015418017000771547,forget,for_001,M_npo_s2
6,-1,real,-29.860556483268738,12.952835083007812,-29.425066471099854,0.010171817654173257,forget,for_001,M_npo_s2
6,-2,random_position,-29.860556483268738,12.952835083007812,-29.867157459259033,-0.00015418017000771547,forget,for_001,M_npo_s2
7,-6,real,-29.860556483268738,12.952835083007812,-15.488862991333008,0.33568220050233283,forget,for_001,M_npo_s2
7,-5,real,-29.860556483268738,12.952835083007812,-29.756444215774536,0.0024317687453709997,forget,for_001,M_npo_s2
7,-4,real,-29.860556483268738,12.952835083007812,-29.85124182701111,0.00021756408256538138,forget,for_001,M_npo_s2
7,-3,real,-29.860556483268738,12.952835083007812,-29.74234366416931,0.002761117836610279,forget,for_001,M_npo_s2
7,-2,real,-29.860556483268738,12.952835083007812,-29.8775897026062,-0.00039784793295563587,forget,for_001,M_npo_s2
7,-1,real,-29.860556483268738,12.952835083007812,-28.733249187469482,0.026330716968641605,forget,for_001,M_npo_s2
7,-7,random_position,-29.860556483268738,12.952835083007812,-18.197476387023926,0.27241663576663805,forget,for_001,M_npo_s2
8,-6,real,-29.860556483268738,12.952835083007812,-17.107934951782227,0.2978652488146152,forget,for_001,M_npo_s2
8,-5,real,-29.860556483268738,12.952835083007812,-29.76604151725769,0.002207602868012338,forget,for_001,M_npo_s2
8,-4,real,-29.860556483268738,12.952835083007812,-29.374368906021118,0.0113559696968876,forget,for_001,M_npo_s2
8,-3,real,-29.860556483268738,12.952835083007812,-29.496143341064453,0.008511662563339815,forget,for_001,M_npo_s2
8,-2,real,-29.860556483268738,12.952835083007812,-29.767443895339966,0.0021748472737701846,forget,for_001,M_npo_s2
8,-1,real,-29.860556483268738,12.952835083007812,-22.99692726135254,0.16031500824434974,forget,for_001,M_npo_s2
8,-5,random_position,-29.860556483268738,12.952835083007812,-29.76604151725769,0.002207602868012338,forget,for_001,M_npo_s2
9,-6,real,-29.860556483268738,12.952835083007812,-22.660225868225098,0.16817940255672784,forget,for_001,M_npo_s2
9,-5,real,-29.860556483268738,12.952835083007812,-29.866246223449707,-0.00013289627317100846,forget,for_001,M_npo_s2
9,-4,real,-29.860556483268738,12.952835083007812,-29.288827419281006,0.013353977413881737,forget,for_001,M_npo_s2
9,-3,real,-29.860556483268738,12.952835083007812,-29.486268758773804,0.00874230493782592,forget,for_001,M_npo_s2
9,-2,real,-29.860556483268738,12.952835083007812,-29.809998273849487,0.0011808970877951752,forget,for_001,M_npo_s2
9,-1,real,-29.860556483268738,12.952835083007812,-9.140169143676758,0.4839697716429714,forget,for_001,M_npo_s2
9,-10,random_position,-29.860556483268738,12.952835083007812,-29.854492664337158,0.0001416336970686519,forget,for_001,M_npo_s2
10,-6,real,-29.860556483268738,12.952835083007812,-28.82102084159851,0.024280618835370502,forget,for_001,M_npo_s2
10,-5,real,-29.860556483268738,12.952835083007812,-29.778969764709473,0.001905635493347127,forget,for_001,M_npo_s2
10,-4,real,-29.860556483268738,12.952835083007812,-29.125194311141968,0.017175985018341867,forget,for_001,M_npo_s2
10,-3,real,-29.860556483268738,12.952835083007812,-29.455555200576782,0.009459686978197001,forget,for_001,M_npo_s2
10,-2,real,-29.860556483268738,12.952835083007812,-29.826098442077637,0.0008048425955173134,forget,for_001,M_npo_s2
10,-1,real,-29.860556483268738,12.952835083007812,3.5452709197998047,0.7802658509628982,forget,for_001,M_npo_s2
10,-5,random_position,-29.860556483268738,12.952835083007812,-29.778969764709473,0.001905635493347127,forget,for_001,M_npo_s2
11,-6,real,-29.860556483268738,12.952835083007812,-29.860556483268738,0.0,forget,for_001,M_npo_s2
11,-5,real,-29.860556483268738,12.952835083007812,-29.860556483268738,0.0,forget,for_001,M_npo_s2
11,-4,real,-29.860556483268738,12.952835083007812,-29.860556483268738,0.0,forget,for_001,M_npo_s2
11,-3,real,-29.860556483268738,12.952835083007812,-29.860556483268738,0.0,forget,for_001,M_npo_s2
11,-2,real,-29.860556483268738,12.952835083007812,-29.860556483268738,0.0,forget,for_001,M_npo_s2
11,-1,real,-29.860556483268738,12.952835083007812,12.939567565917969,0.9996901082440688,forget,for_001,M_npo_s2
11,-6,random_position,-29.860556483268738,12.952835083007812,-29.860556483268738,0.0,forget,for_001,M_npo_s2
0,-6,real,-29.366804599761963,11.569015502929688,-28.854143381118774,0.012523536046355635,forget,for_001,M_npo_s2
0,-5,real,-29.366804599761963,11.569015502929688,-29.105107307434082,0.006392867949668205,forget,for_001,M_npo_s2
0,-4,real,-29.366804599761963,11.569015502929688,-29.24480438232422,0.0029802802809787182,forget,for_001,M_npo_s2
0,-3,real,-29.366804599761963,11.569015502929688,-29.323541402816772,0.001056854286457687,forget,for_001,M_npo_s2
0,-2,real,-29.366804599761963,11.569015502929688,-29.31245470046997,0.0013276856101978648,forget,for_001,M_npo_s2
0,-1,real,-29.366804599761963,11.569015502929688,-29.375043153762817,-0.0002012553792787648,forget,for_001,M_npo_s2
0,-12,random_position,-29.366804599761963,11.569015502929688,-29.364160299301147,6.459624979252728e-05,forget,for_001,M_npo_s2
1,-6,real,-29.366804599761963,11.569015502929688,-28.651437282562256,0.01747533860089124,forget,for_001,M_npo_s2
1,-5,real,-29.366804599761963,11.569015502929688,-28.504639863967896,0.021061376897573807,forget,for_001,M_npo_s2
1,-4,real,-29.366804599761963,11.569015502929688,-28.656678915023804,0.017347293469551533,forget,for_001,M_npo_s2
1,-3,real,-29.366804599761963,11.569015502929688,-29.327712774276733,0.0009549540081807006,forget,for_001,M_npo_s2
1,-2,real,-29.366804599761963,11.569015502929688,-29.334463596343994,0.0007900416636783646,forget,for_001,M_npo_s2
1,-1,real,-29.366804599761963,11.569015502929688,-29.360386610031128,0.00015678175531196845,forget,for_001,M_npo_s2
1,-3,random_position,-29.366804599761963,11.569015502929688,-29.327712774276733,0.0009549540081807006,forget,for_001,M_npo_s2
2,-6,real,-29.366804599761963,11.569015502929688,-28.87231945991516,0.012079522008019766,forget,for_001,M_npo_s2
2,-5,real,-29.366804599761963,11.569015502929688,-27.218220233917236,0.052486657417752595,forget,for_001,M_npo_s2
2,-4,real,-29.366804599761963,11.569015502929688,-27.750231742858887,0.03949042312692746,forget,for_001,M_npo_s2
2,-3,real,-29.366804599761963,11.569015502929688,-29.276460647583008,0.002206965732024377,forget,for_001,M_npo_s2
2,-2,real,-29.366804599761963,11.569015502929688,-29.28541326522827,0.0019882668608937845,forget,for_001,M_npo_s2
2,-1,real,-29.366804599761963,11.569015502929688,-29.36949396133423,-6.569702440354412e-05,forget,for_001,M_npo_s2
2,-8,random_position,-29.366804599761963,11.569015502929688,-29.37583899497986,-0.00022069657320243768,forget,for_001,M_npo_s2
3,-6,real,-29.366804599761963,11.569015502929688,-29.061405658721924,0.007460432947817215,forget,for_001,M_npo_s2
3,-5,real,-29.366804599761963,11.569015502929688,-25.865702629089355,0.08552661121457292,forget,for_001,M_npo_s2
3,-4,real,-29.366804599761963,11.569015502929688,-25.403162002563477,0.09682577721065042,forget,for_001,M_npo_s2
3,-3,real,-29.366804599761963,11.569015502929688,-29.290656566619873,0.001860180960124038,forget,for_001,M_npo_s2
3,-2,real,-29.366804599761963,11.569015502929688,-29.213833808898926,0.003736844418391873,forget,for_001,M_npo_s2
3,-1,real,-29.366804599761963,11.569015502929688,-29.343352794647217,0.0005728920308892033,forget,for_001,M_npo_s2
3,-12,random_position,-29.366804599761963,11.569015502929688,-29.396113395690918,-0.0007159694335042268,forget,for_001,M_npo_s2
4,-6,real,-29.366804599761963,11.569015502929688,-29.21845817565918,0.003623878151961807,forget,for_001,M_npo_s2
4,-5,real,-29.366804599761963,11.569015502929688,-24.601787567138672,0.11640213926751103,forget,for_001,M_npo_s2
4,-4,real,-29.366804599761963,11.569015502929688,-23.059115409851074,0.1540872803839623,forget,for_001,M_npo_s2
4,-3,real,-29.366804599761963,11.569015502929688,-29.217142820358276,0.0036560102870357744,forget,for_001,M_npo_s2
4,-2,real,-29.366804599761963,11.569015502929688,-29.2680401802063,0.002412664979177247,forget,for_001,M_npo_s2
4,-1,real,-29.366804599761963,11.569015502929688,-29.20173478126526,0.004032405313552037,forget,for_001,M_npo_s2
4,-9,random_position,-29.366804599761963,11.569015502929688,-29.333057641983032,0.0008243869963829478,forget,for_001,M_npo_s2
5,-6,real,-29.366804599761963,11.569015502929688,-29.41229248046875,-0.0011111999366978883,forget,for_001,M_npo_s2
5,-5,real,-29.366804599761963,11.569015502929688,-21.386184692382812,0.1949544405696272,forget,for_001,M_npo_s2
5,-4,real,-29.366804599761963,11.569015502929688,-20.456140518188477,0.21767400919830562,forget,for_001,M_npo_s2
5,-3,real,-29.366804599761963,11.569015502929688,-29.094947576522827,0.006641054767124608,forget,for_001,M_npo_s2
5,-2,real,-29.366804599761963,11.569015502929688,-29.356653451919556,0.00024797714610192356,forget,for_001,M_npo_s2
5,-1,real,-29.366804599761963,11.569015502929688,-29.095953464508057,0.006616482449220481,forget,for_001,M_npo_s2
5,-11,random_position,-29.366804599761963,11.569015502929688,-29.36626410484314,1.3203471127910861e-05,forget,for_001,M_npo_s2
6,-6,real,-29.366804599761963,11.569015502929688,-29.44354557991028,-0.0018746657561959895,forget,for_001,M_npo_s2
6,-5,real,-29.366804599761963,11.569015502929688,-18.079895973205566,0.2757220595127212,forget,for_001,M_npo_s2
6,-4,real,-29.366804599761963,11.569015502929688,-15.88145637512207,0.32942660464137596,forget,for_001,M_npo_s2
6,-3,real,-29.366804599761963,11.569015502929688,-29.14726734161377,0.005362962256465411,forget,for_001,M_npo_s2
6,-2,real,-29.366804599761963,11.569015502929688,-29.6782808303833,-0.007608891915197209,forget,for_001,M_npo_s2
6,-1,real,-29.366804599761963,11.569015502929688,-28.848836421966553,0.012653177009671102,forget,for_001,M_npo_s2
6,-2,random_position,-29.366804599761963,11.569015502929688,-29.6782808303833,-0.007608891915197209,forget,for_001,M_npo_s2
7,-6,real,-29.366804599761963,11.569015502929688,-29.3981876373291,-0.0007666400108367475,forget,for_001,M_npo_s2
7,-5,real,-29.366804599761963,11.569015502929688,-14.02021598815918,0.37489388445386734,forget,for_001,M_npo_s2
7,-4,real,-29.366804599761963,11.569015502929688,-14.620534896850586,0.3602290039852351,forget,for_001,M_npo_s2
7,-3,real,-29.366804599761963,11.569015502929688,-29.203396558761597,0.00399181060964311,forget,for_001,M_npo_s2
7,-2,real,-29.366804599761963,11.569015502929688,-29.51784586906433,-0.003689709133064046,forget,for_001,M_npo_s2
7,-1,real,-29.366804599761963,11.569015502929688,-27.969006538391113,0.03414608667578496,forget,for_001,M_npo_s2
7,-8,random_position,-29.366804599761963,11.569015502929688,-29.35810899734497,0.00021242037890479264,forget,for_001,M_npo_s2
8,-6,real,-29.366804599761963,11.569015502929688,-29.41597008705139,-0.0012010382878880185,forget,for_001,M_npo_s2
8,-5,real,-29.366804599761963,11.569015502929688,-18.202653884887695,0.2727232699105054,forget,for_001,M_npo_s2
8,-4,real,-29.366804599761963,11.569015502929688,-16.77194309234619,0.30767336469185874,forget,for_001,M_npo_s2
8,-3,real,-29.366804599761963,11.569015502929688,-29.31190586090088,0.001341092928475964,forget,for_001,M_npo_s2
8,-2,real,-29.366804599761963,11.569015502929688,-28.871312379837036,0.012104123446945348,forget,for_001,M_npo_s2
8,-1,real,-29.366804599761963,11.569015502929688,-21.020856857299805,0.2038788455080539,forget,for_001,M_npo_s2
8,-5,random_position,-29.366804599761963,11.569015502929688,-18.202653884887695,0.2727232699105054,forget,for_001,M_npo_s2
9,-6,real,-29.366804599761963,11.569015502929688,-29.42191457748413,-0.0013462531734778737,forget,for_001,M_npo_s2
9,-5,real,-29.366804599761963,11.569015502929688,-25.377588272094727,0.09745050465973036,forget,for_001,M_npo_s2
9,-4,real,-29.366804599761963,11.569015502929688,-21.692654609680176,0.18746784529613442,forget,for_001,M_npo_s2
9,-3,real,-29.366804599761963,11.569015502929688,-29.519622564315796,-0.003733111103441281,forget,for_001,M_npo_s2
9,-2,real,-29.366804599761963,11.569015502929688,-28.899797677993774,0.011408270815062562,forget,for_001,M_npo_s2
9,-1,real,-29.366804599761963,11.569015502929688,-9.463729858398438,0.486201930031807,forget,for_001,M_npo_s2
9,-11,random_position,-29.366804599761963,11.569015502929688,-29.359745264053345,0.0001724488648550122,forget,for_001,M_npo_s2
10,-6,real,-29.366804599761963,11.569015502929688,-29.397624254226685,-0.0007528774160968915,forget,for_001,M_npo_s2
10,-5,real,-29.366804599761963,11.569015502929688,-29.87734889984131,-0.012471822936455008,forget,for_001,M_npo_s2
10,-4,real,-29.366804599761963,11.569015502929688,-28.657236337661743,0.017333676479918955,forget,for_001,M_npo_s2
10,-3,real,-29.366804599761963,11.569015502929688,-29.413928270339966,-0.0011511598023390866,forget,for_001,M_npo_s2
10,-2,real,-29.366804599761963,11.569015502929688,-28.671719789505005,0.016979867717643555,forget,for_001,M_npo_s2
10,-1,real,-29.366804599761963,11.569015502929688,3.2751235961914062,0.7973927996084551,forget,for_001,M_npo_s2
10,-6,random_position,-29.366804599761963,11.569015502929688,-29.397624254226685,-0.0007528774160968915,forget,for_001,M_npo_s2
11,-6,real,-29.366804599761963,11.569015502929688,-29.366804599761963,0.0,forget,for_001,M_npo_s2
11,-5,real,-29.366804599761963,11.569015502929688,-29.366804599761963,0.0,forget,for_001,M_npo_s2
11,-4,real,-29.366804599761963,11.569015502929688,-29.366804599761963,0.0,forget,for_001,M_npo_s2
11,-3,real,-29.366804599761963,11.569015502929688,-29.366804599761963,0.0,forget,for_001,M_npo_s2
11,-2,real,-29.366804599761963,11.569015502929688,-29.366804599761963,0.0,forget,for_001,M_npo_s2
11,-1,real,-29.366804599761963,11.569015502929688,11.551883697509766,0.9995814959764592,forget,for_001,M_npo_s2
11,-6,random_position,-29.366804599761963,11.569015502929688,-29.366804599761963,0.0,forget,for_001,M_npo_s2
0,-6,real,-30.525241374969482,12.443658828735352,-30.52738606929779,-4.991271170871595e-05,forget,for_001,M_npo_s2
0,-5,real,-30.525241374969482,12.443658828735352,-30.497706532478333,0.0006408086397514035,forget,for_001,M_npo_s2
0,-4,real,-30.525241374969482,12.443658828735352,-30.52186393737793,7.860190918411096e-05,forget,for_001,M_npo_s2
0,-3,real,-30.525241374969482,12.443658828735352,-30.52906036376953,-8.887797411485877e-05,forget,for_001,M_npo_s2
0,-2,real,-30.525241374969482,12.443658828735352,-30.543922305107117,-0.00043475467254392477,forget,for_001,M_npo_s2
0,-1,real,-30.525241374969482,12.443658828735352,-30.523632764816284,3.7436614518226505e-05,forget,for_001,M_npo_s2
0,-12,random_position,-30.525241374969482,12.443658828735352,-30.524837255477905,9.404929836726535e-06,forget,for_001,M_npo_s2
1,-6,real,-30.525241374969482,12.443658828735352,-30.544581055641174,-0.0004500855404724648,forget,for_001,M_npo_s2
1,-5,real,-30.525241374969482,12.443658828735352,-30.486747980117798,0.0008958431486306838,forget,for_001,M_npo_s2
1,-4,real,-30.525241374969482,12.443658828735352,-30.4954594373703,0.0006931044885485408,forget,for_001,M_npo_s2
1,-3,real,-30.525241374969482,12.443658828735352,-30.519298195838928,0.00013831350354277325,forget,for_001,M_npo_s2
1,-2,real,-30.525241374969482,12.443658828735352,-30.567059993743896,-0.0009732299075881027,forget,for_001,M_npo_s2
1,-1,real,-30.525241374969482,12.443658828735352,-30.556912064552307,-0.0007370607446939966,forget,for_001,M_npo_s2
1,-3,random_position,-30.525241374969482,12.443658828735352,-30.519298195838928,0.00013831350354277325,forget,for_001,M_npo_s2
2,-6,real,-30.525241374969482,12.443658828735352,-30.502228140830994,0.0005355788495723365,forget,for_001,M_npo_s2
2,-5,real,-30.525241374969482,12.443658828735352,-30.462907791137695,0.001450667425423484,forget,for_001,M_npo_s2
2,-4,real,-30.525241374969482,12.443658828735352,-30.520806312561035,0.00010321563706359114,forget,for_001,M_npo_s2
2,-3,real,-30.525241374969482,12.443658828735352,-30.533443331718445,-0.00019088123526734386,forget,for_001,M_npo_s2
2,-2,real,-30.525241374969482,12.443658828735352,-30.548733592033386,-0.0005467260495971056,forget,for_001,M_npo_s2
2,-1,real,-30.525241374969482,12.443658828735352,-30.556620597839355,-0.000730277543086092,forget,for_001,M_npo_s2
2,-8,random_position,-30.525241374969482,12.443658828735352,-28.568527221679688,0.04553791565559047,forget,for_001,M_npo_s2
3,-6,real,-30.525241374969482,12.443658828735352,-30.497421979904175,0.0006474309310553169,forget,for_001,M_npo_s2
3,-5,real,-30.525241374969482,12.443658828735352,-30.364461064338684,0.0037417832401708912,forget,for_001,M_npo_s2
3,-4,real,-30.525241374969482,12.443658828735352,-30.52444076538086,1.8632303475945546e-05,forget,for_001,M_npo_s2
3,-3,real,-30.525241374969482,12.443658828735352,-30.537373423576355,-0.00028234487150840593,forget,for_001,M_npo_s2
3,-2,real,-30.525241374969482,12.443658828735352,-30.54324197769165,-0.00041892165349430874,forget,for_001,M_npo_s2
3,-1,real,-30.525241374969482,12.443658828735352,-30.557502508163452,-0.0007508019297917272,forget,for_001,M_npo_s2
3,-12,random_position,-30.525241374969482,12.443658828735352,-30.568583846092224,-0.001008693983724644,forget,for_001,M_npo_s2
4,-6,real,-30.525241374969482,12.443658828735352,-30.431562423706055,0.0021801570628831365,forget,for_001,M_npo_s2
4,-5,real,-30.525241374969482,12.443658828735352,-30.369941234588623,0.0036142451783643557,forget,for_001,M_npo_s2
4,-4,real,-30.525241374969482,12.443658828735352,-30.51998543739319,0.00012231957418916604,forget,for_001,M_npo_s2
4,-3,real,-30.525241374969482,12.443658828735352,-30.505936861038208,0.0004492671173745786,forget,for_001,M_npo_s2
4,-2,real,-30.525241374969482,12.443658828735352,-30.532607316970825,-0.00017142496006233997,forget,for_001,M_npo_s2
4,-1,real,-30.525241374969482,12.443658828735352,-30.547395706176758,-0.00051558990577481,forget,for_001,M_npo_s2
4,-9,random_position,-30.525241374969482,12.443658828735352,-30.475796222686768,0.001150719521521559,forget,for_001,M_npo_s2
5,-6,real,-30.525241374969482,12.443658828735352,-30.300597429275513,0.005228059006141391,forget,for_001,M_npo_s2
5,-5,real,-30.525241374969482,12.443658828735352,-30.511764526367188,0.0003136419256346927,forget,for_001,M_npo_s2
5,-4,real,-30.525241374969482,12.443658828735352,-30.530997157096863,-0.00013395227944149477,forget,for_001,M_npo_s2
5,-3,real,-30.525241374969482,12.443658828735352,-30.506936192512512,0.00042601002981667934,forget,for_001,M_npo_s2
5,-2,real,-30.525241374969482,12.443658828735352,-30.5357528924942,-0.0002446308254315739,forget,for_001,M_npo_s2
5,-1,real,-30.525241374969482,12.443658828735352,-30.4665789604187,0.0013652296026353335,forget,for_001,M_npo_s2
5,-11,random_position,-30.525241374969482,12.443658828735352,-30.525669932365417,-9.973664531867814e-06,forget,for_001,M_npo_s2
6,-6,real,-30.525241374969482,12.443658828735352,-30.33386743068695,0.004453778043544881,forget,for_001,M_npo_s2
6,-5,real,-30.525241374969482,12.443658828735352,-30.94616985321045,-0.009796119431622636,forget,for_001,M_npo_s2
6,-4,real,-30.525241374969482,12.443658828735352,-30.5469468832016,-0.0005051446075933128,forget,for_001,M_npo_s2
6,-3,real,-30.525241374969482,12.443658828735352,-30.494675517082214,0.0007113483878424386,forget,for_001,M_npo_s2
6,-2,real,-30.525241374969482,12.443658828735352,-30.549311876296997,-0.0005601842545050584,forget,for_001,M_npo_s2
6,-1,real,-30.525241374969482,12.443658828735352,-30.531490802764893,-0.0001454407202833486,forget,for_001,M_npo_s2
6,-2,random_position,-30.525241374969482,12.443658828735352,-30.549311876296997,-0.0005601842545050584,forget,for_001,M_npo_s2
7,-6,real,-30.525241374969482,12.443658828735352,-30.389646530151367,0.00315565081198946,forget,for_001,M_npo_s2
7,-5,real,-30.525241374969482,12.443658828735352,-30.671209812164307,-0.0033970717542879682,forget,for_001,M_npo_s2
7,-4,real,-30.525241374969482,12.443658828735352,-30.54631507396698,-0.0004904407349872212,forget,for_001,M_npo_s2
7,-3,real,-30.525241374969482,12.443658828735352,-30.494450211524963,0.0007165918443000826,forget,for_001,M_npo_s2
7,-2,real,-30.525241374969482,12.443658828735352,-30.559691429138184,-0.0008017439125828695,forget,for_001,M_npo_s2
7,-1,real,-30.525241374969482,12.443658828735352,-29.920937061309814,0.014063760319552327,forget,for_001,M_npo_s2
7,-8,random_position,-30.525241374969482,12.443658828735352,-19.38737201690674,0.2592076898701359,forget,for_001,M_npo_s2
8,-6,real,-30.525241374969482,12.443658828735352,-30.419559121131897,0.002459505673558603,forget,for_001,M_npo_s2
8,-5,real,-30.525241374969482,12.443658828735352,-30.0810649394989,0.010337160908583916,forget,for_001,M_npo_s2
8,-4,real,-30.525241374969482,12.443658828735352,-30.538191080093384,-0.00030137390211315736,forget,for_001,M_npo_s2
8,-3,real,-30.525241374969482,12.443658828735352,-30.539680004119873,-0.0003360251037829846,forget,for_001,M_npo_s2
8,-2,real,-30.525241374969482,12.443658828735352,-30.606480598449707,-0.0018906516828471225,forget,for_001,M_npo_s2
8,-1,real,-30.525241374969482,12.443658828735352,-24.42077922821045,0.14206698607177054,forget,for_001,M_npo_s2
8,-5,random_position,-30.525241374969482,12.443658828735352,-30.0810649394989,0.010337160908583916,forget,for_001,M_npo_s2
9,-6,real,-30.525241374969482,12.443658828735352,-30.557013511657715,-0.0007394216872577294,forget,for_001,M_npo_s2
9,-5,real,-30.525241374969482,12.443658828735352,-30.011128902435303,0.011964757536192472,forget,for_001,M_npo_s2
9,-4,real,-30.525241374969482,12.443658828735352,-30.54716956615448,-0.0005103270291080636,forget,for_001,M_npo_s2
9,-3,real,-30.525241374969482,12.443658828735352,-30.550753831863403,-0.0005937423758339801,forget,for_001,M_npo_s2
9,-2,real,-30.525241374969482,12.443658828735352,-30.670710563659668,-0.00338545292061357,forget,for_001,M_npo_s2
9,-1,real,-30.525241374969482,12.443658828735352,-10.66752815246582,0.46214152860238916,forget,for_001,M_npo_s2
9,-11,random_position,-30.525241374969482,12.443658828735352,-30.518691778182983,0.00015242644692903517,forget,for_001,M_npo_s2
10,-6,real,-30.525241374969482,12.443658828735352,-30.445630073547363,0.0018527656292039551,forget,for_001,M_npo_s2
10,-5,real,-30.525241374969482,12.443658828735352,-29.80353021621704,0.0167961282539462,forget,for_001,M_npo_s2
10,-4,real,-30.525241374969482,12.443658828735352,-30.569339990615845,-0.001026291467486991,forget,for_001,M_npo_s2
10,-3,real,-30.525241374969482,12.443658828735352,-30.533046007156372,-0.00018163444141902247,forget,for_001,M_npo_s2
10,-2,real,-30.525241374969482,12.443658828735352,-30.824409008026123,-0.00696242239476369,forget,for_001,M_npo_s2
10,-1,real,-30.525241374969482,12.443658828735352,2.2323036193847656,0.7623547458524398,forget,for_001,M_npo_s2
10,-6,random_position,-30.525241374969482,12.443658828735352,-30.445630073547363,0.0018527656292039551,forget,for_001,M_npo_s2
11,-6,real,-30.525241374969482,12.443658828735352,-30.525241374969482,0.0,forget,for_001,M_npo_s2
11,-5,real,-30.525241374969482,12.443658828735352,-30.525241374969482,0.0,forget,for_001,M_npo_s2
11,-4,real,-30.525241374969482,12.443658828735352,-30.525241374969482,0.0,forget,for_001,M_npo_s2
11,-3,real,-30.525241374969482,12.443658828735352,-30.525241374969482,0.0,forget,for_001,M_npo_s2
11,-2,real,-30.525241374969482,12.443658828735352,-30.525241374969482,0.0,forget,for_001,M_npo_s2
11,-1,real,-30.525241374969482,12.443658828735352,12.36296272277832,0.9981219880989629,forget,for_001,M_npo_s2
11,-6,random_position,-30.525241374969482,12.443658828735352,-30.525241374969482,0.0,forget,for_001,M_npo_s2
0,-6,real,-28.364816665649414,12.955150604248047,-28.165024042129517,0.004835256093376699,forget,for_001,M_npo_s2
0,-5,real,-28.364816665649414,12.955150604248047,-28.29002285003662,0.0018101131378988765,forget,for_001,M_npo_s2
0,-4,real,-28.364816665649414,12.955150604248047,-28.368162155151367,-8.096544414231399e-05,forget,for_001,M_npo_s2
0,-3,real,-28.364816665649414,12.955150604248047,-28.36616563796997,-3.264698424723578e-05,forget,for_001,M_npo_s2
0,-2,real,-28.364816665649414,12.955150604248047,-28.365971088409424,-2.7938617484113763e-05,forget,for_001,M_npo_s2
0,-1,real,-28.364816665649414,12.955150604248047,-28.36263656616211,5.276140402204383e-05,forget,for_001,M_npo_s2
0,-13,random_position,-28.364816665649414,12.955150604248047,-28.355518341064453,0.00022503223500215547,forget,for_001,M_npo_s2
1,-6,real,-28.364816665649414,12.955150604248047,-27.657726287841797,0.01711255900056699,forget,for_001,M_npo_s2
1,-5,real,-28.364816665649414,12.955150604248047,-27.797484874725342,0.013730209107338437,forget,for_001,M_npo_s2
1,-4,real,-28.364816665649414,12.955150604248047,-28.374155282974243,-0.0002260073746871648,forget,for_001,M_npo_s2
1,-3,real,-28.364816665649414,12.955150604248047,-28.37626600265503,-0.0002770896920326541,forget,for_001,M_npo_s2
1,-2,real,-28.364816665649414,12.955150604248047,-28.37559223175049,-0.00026078351008095946,forget,for_001,M_npo_s2
1,-1,real,-28.364816665649414,12.955150604248047,-28.386207818984985,-0.0005176953117084202,forget,for_001,M_npo_s2
1,-3,random_position,-28.364816665649414,12.955150604248047,-28.37626600265503,-0.0002770896920326541,forget,for_001,M_npo_s2
2,-6,real,-28.364816665649414,12.955150604248047,-26.61892604827881,0.042252952572944716,forget,for_001,M_npo_s2
2,-5,real,-28.364816665649414,12.955150604248047,-26.989559650421143,0.03328310998518572,forget,for_001,M_npo_s2
2,-4,real,-28.364816665649414,12.955150604248047,-28.337833404541016,0.0006530320058616396,forget,for_001,M_npo_s2
2,-3,real,-28.364816665649414,12.955150604248047,-28.362746953964233,5.0089867488556704e-05,forget,for_001,M_npo_s2
2,-2,real,-28.364816665649414,12.955150604248047,-28.423660039901733,-0.001424090533953256,forget,for_001,M_npo_s2
2,-1,real,-28.364816665649414,12.955150604248047,-28.38729739189148,-0.0005440644736048267,forget,for_001,M_npo_s2
2,-9,random_position,-28.364816665649414,12.955150604248047,-28.3688223361969,-9.694273282746703e-05,forget,for_001,M_npo_s2
3,-6,real,-28.364816665649414,12.955150604248047,-25.46640968322754,0.07014543267882573,forget,for_001,M_npo_s2
3,-5,real,-28.364816665649414,12.955150604248047,-25.195963859558105,0.07669059332483766,forget,for_001,M_npo_s2
3,-4,real,-28.364816665649414,12.955150604248047,-28.35215473175049,0.0003064362034998583,forget,for_001,M_npo_s2
3,-3,real,-28.364816665649414,12.955150604248047,-28.365878582000732,-2.5699835248707704e-05,forget,for_001,M_npo_s2
3,-2,real,-28.364816665649414,12.955150604248047,-28.3504478931427,0.0003477440437660232,forget,for_001,M_npo_s2
3,-1,real,-28.364816665649414,12.955150604248047,-28.44930648803711,-0.002044769828490355,forget,for_001,M_npo_s2
3,-13,random_position,-28.364816665649414,12.955150604248047,-28.40872073173523,-0.001062538743049793,forget,for_001,M_npo_s2
4,-6,real,-28.364816665649414,12.955150604248047,-24.349432945251465,0.09717780496218466,forget,for_001,M_npo_s2
4,-5,real,-28.364816665649414,12.955150604248047,-23.27176570892334,0.1232588332768714,forget,for_001,M_npo_s2
4,-4,real,-28.364816665649414,12.955150604248047,-28.32193422317505,0.0010378140474860945,forget,for_001,M_npo_s2
4,-3,real,-28.364816665649414,12.955150604248047,-28.437461376190186,-0.00175810184132684,forget,for_001,M_npo_s2
4,-2,real,-28.364816665649414,12.955150604248047,-28.368212699890137,-8.218869629155647e-05,forget,for_001,M_npo_s2
4,-1,real,-28.364816665649414,12.955150604248047,-28.317795753479004,0.001137970702233977,forget,for_001,M_npo_s2
4,-10,random_position,-28.364816665649414,12.955150604248047,-28.366122245788574,-3.159683381722573e-05,forget,for_001,M_npo_s2
5,-6,real,-28.364816665649414,12.955150604248047,-21.3070125579834,0.17080855997695302,forget,for_001,M_npo_s2
5,-5,real,-28.364816665649414,12.955150604248047,-20.884023666381836,0.18104547252914951,forget,for_001,M_npo_s2
5,-4,real,-28.364816665649414,12.955150604248047,-28.203208684921265,0.003911135255082463,forget,for_001,M_npo_s2
5,-3,real,-28.364816665649414,12.955150604248047,-28.58515954017639,-0.005332600412960693,forget,for_001,M_npo_s2
5,-2,real,-28.364816665649414,12.955150604248047,-28.36619472503662,-3.335093123878099e-05,forget,for_001,M_npo_s2
5,-1,real,-28.364816665649414,12.955150604248047,-28.23106288909912,0.0032370252298756213,forget,for_001,M_npo_s2
5,-12,random_position,-28.364816665649414,12.955150604248047,-28.355042457580566,0.00023654926938841963,forget,for_001,M_npo_s2
6,-6,real,-28.364816665649414,12.955150604248047,-18.630931854248047,0.2355733911360749,forget,for_001,M_npo_s2
6,-5,real,-28.364816665649414,12.955150604248047,-16.10822868347168,0.2966262751884351,forget,for_001,M_npo_s2
6,-4,real,-28.364816665649414,12.955150604248047,-28.23523712158203,0.0031360030665315767,forget,for_001,M_npo_s2
6,-3,real,-28.364816665649414,12.955150604248047,-28.952027082443237,-0.014211299175486507,forget,for_001,M_npo_s2
6,-2,real,-28.364816665649414,12.955150604248047,-28.380385398864746,-0.0003767847421959167,forget,for_001,M_npo_s2
6,-1,real,-28.364816665649414,12.955150604248047,-28.286845207214355,0.0018870164616965363,forget,for_001,M_npo_s2
6,-2,random_position,-28.364816665649414,12.955150604248047,-28.380385398864746,-0.0003767847421959167,forget,for_001,M_npo_s2
7,-6,real,-28.364816665649414,12.955150604248047,-14.426803588867188,0.33731907350605256,forget,for_001,M_npo_s2
7,-5,real,-28.364816665649414,12.955150604248047,-14.426536560058594,0.33732553597023723,forget,for_001,M_npo_s2
7,-4,real,-28.364816665649414,12.955150604248047,-28.289299488067627,0.0018276194917705828,forget,for_001,M_npo_s2
7,-3,real,-28.364816665649414,12.955150604248047,-28.589041233062744,-0.005426542715988132,forget,for_001,M_npo_s2
7,-2,real,-28.364816665649414,12.955150604248047,-28.38228178024292,-0.0004226797780217409,forget,for_001,M_npo_s2
7,-1,real,-28.364816665649414,12.955150604248047,-27.733686447143555,0.015274218742318612,forget,for_001,M_npo_s2
7,-8,random_position,-28.364816665649414,12.955150604248047,-28.35810112953186,0.00016252520418732596,forget,for_001,M_npo_s2
8,-6,real,-28.364816665649414,12.955150604248047,-17.913798332214355,0.2529290080306734,forget,for_001,M_npo_s2
8,-5,real,-28.364816665649414,12.955150604248047,-16.318042755126953,0.2915484862762418,forget,for_001,M_npo_s2
8,-4,real,-28.364816665649414,12.955150604248047,-28.27872323989868,0.002083579233942265,forget,for_001,M_npo_s2
8,-3,real,-28.364816665649414,12.955150604248047,-28.00671935081482,0.00866644720446032,forget,for_001,M_npo_s2
8,-2,real,-28.364816665649414,12.955150604248047,-28.242377758026123,0.0029631898501645366,forget,for_001,M_npo_s2
8,-1,real,-28.364816665649414,12.955150604248047,-21.096271514892578,0.17590878287195877,forget,for_001,M_npo_s2
8,-5,random_position,-28.364816665649414,12.955150604248047,-16.318042755126953,0.2915484862762418,forget,for_001,M_npo_s2
9,-6,real,-28.364816665649414,12.955150604248047,-24.5564603805542,0.09216745647980436,forget,for_001,M_npo_s2
9,-5,real,-28.364816665649414,12.955150604248047,-20.794719696044922,0.18320675135479791,forget,for_001,M_npo_s2
9,-4,real,-28.364816665649414,12.955150604248047,-28.40760111808777,-0.0010354425539326102,forget,for_001,M_npo_s2
9,-3,real,-28.364816665649414,12.955150604248047,-27.966726303100586,0.00963433392743382,forget,for_001,M_npo_s2
9,-2,real,-28.364816665649414,12.955150604248047,-28.098443508148193,0.006446596527080979,forget,for_001,M_npo_s2
9,-1,real,-28.364816665649414,12.955150604248047,-7.145965576171875,0.5135253605327987,forget,for_001,M_npo_s2
9,-12,random_position,-28.364816665649414,12.955150604248047,-28.356834173202515,0.0001931872887206966,forget,for_001,M_npo_s2
10,-6,real,-28.364816665649414,12.955150604248047,-28.726423501968384,-0.008751382448030363,forget,for_001,M_npo_s2
10,-5,real,-28.364816665649414,12.955150604248047,-27.658679485321045,0.017089490311450614,forget,for_001,M_npo_s2
10,-4,real,-28.364816665649414,12.955150604248047,-28.338216304779053,0.0006437652938253971,forget,for_001,M_npo_s2
10,-3,real,-28.364816665649414,12.955150604248047,-27.75150728225708,0.01484293003879371,forget,for_001,M_npo_s2
10,-2,real,-28.364816665649414,12.955150604248047,-28.07660698890686,0.006975070305840272,forget,for_001,M_npo_s2
10,-1,real,-28.364816665649414,12.955150604248047,5.1999053955078125,0.8123124067818391,forget,for_001,M_npo_s2
10,-6,random_position,-28.364816665649414,12.955150604248047,-28.726423501968384,-0.008751382448030363,forget,for_001,M_npo_s2
11,-6,real,-28.364816665649414,12.955150604248047,-28.364816665649414,0.0,forget,for_001,M_npo_s2
11,-5,real,-28.364816665649414,12.955150604248047,-28.364816665649414,0.0,forget,for_001,M_npo_s2
11,-4,real,-28.364816665649414,12.955150604248047,-28.364816665649414,0.0,forget,for_001,M_npo_s2
11,-3,real,-28.364816665649414,12.955150604248047,-28.364816665649414,0.0,forget,for_001,M_npo_s2
11,-2,real,-28.364816665649414,12.955150604248047,-28.364816665649414,0.0,forget,for_001,M_npo_s2
11,-1,real,-28.364816665649414,12.955150604248047,12.944526672363281,0.9997428862463668,forget,for_001,M_npo_s2
11,-6,random_position,-28.364816665649414,12.955150604248047,-28.364816665649414,0.0,forget,for_001,M_npo_s2
0,-6,real,-30.348593682050705,12.394681930541992,-30.27055172622204,0.0018258300214519488,forget,for_001,M_npo_s2
0,-5,real,-30.348593682050705,12.394681930541992,-30.313376367092133,0.0008239264411498901,forget,for_001,M_npo_s2
0,-4,real,-30.348593682050705,12.394681930541992,-30.28799657523632,0.0014176991806526826,forget,for_001,M_npo_s2
0,-3,real,-30.348593682050705,12.394681930541992,-30.347741469740868,1.993792702181835e-05,forget,for_001,M_npo_s2
0,-2,real,-30.348593682050705,12.394681930541992,-30.41165953874588,-0.0014754568008960734,forget,for_001,M_npo_s2
0,-1,real,-30.348593682050705,12.394681930541992,-30.358711764216423,-0.00023671751920522363,forget,for_001,M_npo_s2
0,-11,random_position,-30.348593682050705,12.394681930541992,-30.348709493875504,-2.7094747217844107e-06,forget,for_001,M_npo_s2
1,-6,real,-30.348593682050705,12.394681930541992,-29.916642129421234,0.0101057194713971,forget,for_001,M_npo_s2
1,-5,real,-30.348593682050705,12.394681930541992,-30.31617495417595,0.0007584521169735738,forget,for_001,M_npo_s2
1,-4,real,-30.348593682050705,12.394681930541992,-30.2420494556427,0.0024926546896797846,forget,for_001,M_npo_s2
1,-3,real,-30.348593682050705,12.394681930541992,-30.374110743403435,-0.0005969842270397301,forget,for_001,M_npo_s2
1,-2,real,-30.348593682050705,12.394681930541992,-30.42409683763981,-0.0017664335385390898,forget,for_001,M_npo_s2
1,-1,real,-30.348593682050705,12.394681930541992,-30.4024615585804,-0.0012602655214806106,forget,for_001,M_npo_s2
1,-3,random_position,-30.348593682050705,12.394681930541992,-30.374110743403435,-0.0005969842270397301,forget,for_001,M_npo_s2
2,-6,real,-30.348593682050705,12.394681930541992,-29.443795800209045,0.02116819239691342,forget,for_001,M_npo_s2
2,-5,real,-30.348593682050705,12.394681930541992,-30.297953873872757,0.0011847432713610018,forget,for_001,M_npo_s2
2,-4,real,-30.348593682050705,12.394681930541992,-30.250740118324757,0.0022893323528325816,forget,for_001,M_npo_s2
2,-3,real,-30.348593682050705,12.394681930541992,-30.418025866150856,-0.0016244001683318693,forget,for_001,M_npo_s2
2,-2,real,-30.348593682050705,12.394681930541992,-30.42582044005394,-0.0018067580665362694,forget,for_001,M_npo_s2
2,-1,real,-30.348593682050705,12.394681930541992,-30.41111832112074,-0.0014627947478038743,forget,for_001,M_npo_s2
2,-8,random_position,-30.348593682050705,12.394681930541992,-30.01186268031597,0.007877987751493908,forget,for_001,M_npo_s2
3,-6,real,-30.348593682050705,12.394681930541992,-28.383684992790222,0.04597000723738628,forget,for_001,M_npo_s2
3,-5,real,-30.348593682050705,12.394681930541992,-30.318138629198074,0.0007125109719868587,forget,for_001,M_npo_s2
3,-4,real,-30.348593682050705,12.394681930541992,-30.192236334085464,0.003658057220096994,forget,for_001,M_npo_s2
3,-3,real,-30.348593682050705,12.394681930541992,-30.482550859451294,-0.003133994189278361,forget,for_001,M_npo_s2
3,-2,real,-30.348593682050705,12.394681930541992,-30.479728654026985,-0.003067967302385366,forget,for_001,M_npo_s2
3,-1,real,-30.348593682050705,12.394681930541992,-30.410618484020233,-0.0014511008124808975,forget,for_001,M_npo_s2
3,-11,random_position,-30.348593682050705,12.394681930541992,-30.401279792189598,-0.0012326175143060666,forget,for_001,M_npo_s2
4,-6,real,-30.348593682050705,12.394681930541992,-27.022201776504517,0.0778225781218834,forget,for_001,M_npo_s2
4,-5,real,-30.348593682050705,12.394681930541992,-30.283911660313606,0.0015132677786173826,forget,for_001,M_npo_s2
4,-4,real,-30.348593682050705,12.394681930541992,-30.263947919011116,0.001980329345995449,forget,for_001,M_npo_s2
4,-3,real,-30.348593682050705,12.394681930541992,-30.46564857661724,-0.002738556951682246,forget,for_001,M_npo_s2
4,-2,real,-30.348593682050705,12.394681930541992,-30.582654047757387,-0.0054759576179445905,forget,for_001,M_npo_s2
4,-1,real,-30.348593682050705,12.394681930541992,-30.37687200307846,-0.0006615852580896864,forget,for_001,M_npo_s2
4,-8,random_position,-30.348593682050705,12.394681930541992,-30.33947241306305,0.0002133965836012905,forget,for_001,M_npo_s2
5,-6,real,-30.348593682050705,12.394681930541992,-24.655599117279053,0.13319041377105936,forget,for_001,M_npo_s2
5,-5,real,-30.348593682050705,12.394681930541992,-30.172644466161728,0.00411641862649245,forget,for_001,M_npo_s2
5,-4,real,-30.348593682050705,12.394681930541992,-30.504231572151184,-0.0036412251487489247,forget,for_001,M_npo_s2
5,-3,real,-30.348593682050705,12.394681930541992,-30.447631925344467,-0.002317048515219183,forget,for_001,M_npo_s2
5,-2,real,-30.348593682050705,12.394681930541992,-30.560464821755886,-0.004956829739149923,forget,for_001,M_npo_s2
5,-1,real,-30.348593682050705,12.394681930541992,-30.505064845085144,-0.0036607199797373683,forget,for_001,M_npo_s2
5,-10,random_position,-30.348593682050705,12.394681930541992,-30.354133039712906,-0.00012959600271180352,forget,for_001,M_npo_s2
6,-6,real,-30.348593682050705,12.394681930541992,-21.0124568939209,0.21842352169610663,forget,for_001,M_npo_s2
6,-5,real,-30.348593682050705,12.394681930541992,-30.24900023639202,0.0023300377481912573,forget,for_001,M_npo_s2
6,-4,real,-30.348593682050705,12.394681930541992,-30.856671899557114,-0.011886740317036501,forget,for_001,M_npo_s2
6,-3,real,-30.348593682050705,12.394681930541992,-30.34247176349163,0.00014322530202319844,forget,for_001,M_npo_s2
6,-2,real,-30.348593682050705,12.394681930541992,-30.521787133067846,-0.004051946149071374,forget,for_001,M_npo_s2
6,-1,real,-30.348593682050705,12.394681930541992,-30.69179654121399,-0.008029400045844228,forget,for_001,M_npo_s2
6,-2,random_position,-30.348593682050705,12.394681930541992,-30.521787133067846,-0.004051946149071374,forget,for_001,M_npo_s2
7,-6,real,-30.348593682050705,12.394681930541992,-19.304243087768555,0.2583880256249792,forget,for_001,M_npo_s2
7,-5,real,-30.348593682050705,12.394681930541992,-30.24189406633377,0.002496290099149518,forget,for_001,M_npo_s2
7,-4,real,-30.348593682050705,12.394681930541992,-30.600826546549797,-0.005901112183942711,forget,for_001,M_npo_s2
7,-3,real,-30.348593682050705,12.394681930541992,-30.23165638744831,0.002735805642559199,forget,for_001,M_npo_s2
7,-2,real,-30.348593682050705,12.394681930541992,-30.49599625915289,-0.0034485559421832818,forget,for_001,M_npo_s2
7,-1,real,-30.348593682050705,12.394681930541992,-30.1345157623291,0.005008458445298315,forget,for_001,M_npo_s2
7,-7,random_position,-30.348593682050705,12.394681930541992,-18.684945106506348,0.27287680713239726,forget,for_001,M_npo_s2
8,-6,real,-30.348593682050705,12.394681930541992,-20.964299201965332,0.2195501946350748,forget,for_001,M_npo_s2
8,-5,real,-30.348593682050705,12.394681930541992,-30.266608238220215,0.0019180898668967755,forget,for_001,M_npo_s2
8,-4,real,-30.348593682050705,12.394681930541992,-29.872938334941864,0.011128191283700002,forget,for_001,M_npo_s2
8,-3,real,-30.348593682050705,12.394681930541992,-30.16621895134449,0.004266746712610043,forget,for_001,M_npo_s2
8,-2,real,-30.348593682050705,12.394681930541992,-30.30337267369032,0.0010579677788443342,forget,for_001,M_npo_s2
8,-1,real,-30.348593682050705,12.394681930541992,-24.38616180419922,0.13949403250917158,forget,for_001,M_npo_s2
8,-5,random_position,-30.348593682050705,12.394681930541992,-30.266608238220215,0.0019180898668967755,forget,for_001,M_npo_s2
9,-6,real,-30.348593682050705,12.394681930541992,-24.208980083465576,0.1436392861939744,forget,for_001,M_npo_s2
9,-5,real,-30.348593682050705,12.394681930541992,-30.38328917324543,-0.0008117181170013867,forget,for_001,M_npo_s2
9,-4,real,-30.348593682050705,12.394681930541992,-29.944456666707993,0.00945498466251493,forget,for_001,M_npo_s2
9,-3,real,-30.348593682050705,12.394681930541992,-30.25088006258011,0.002286058288003755,forget,for_001,M_npo_s2
9,-2,real,-30.348593682050705,12.394681930541992,-30.14793971180916,0.004694398530898542,forget,for_001,M_npo_s2
9,-1,real,-30.348593682050705,12.394681930541992,-11.587860107421875,0.43891660865368226,forget,for_001,M_npo_s2
9,-10,random_position,-30.348593682050705,12.394681930541992,-30.344233632087708,0.00010200551783899575,forget,for_001,M_npo_s2
10,-6,real,-30.348593682050705,12.394681930541992,-29.856733918190002,0.011507301600343295,forget,for_001,M_npo_s2
10,-5,real,-30.348593682050705,12.394681930541992,-30.29046779125929,0.0013598838637975505,forget,for_001,M_npo_s2
10,-4,real,-30.348593682050705,12.394681930541992,-29.69032296538353,0.015400567860859981,forget,for_001,M_npo_s2
10,-3,real,-30.348593682050705,12.394681930541992,-30.328079134225845,0.0004799479574470371,forget,for_001,M_npo_s2
10,-2,real,-30.348593682050705,12.394681930541992,-30.12610012292862,0.0052053464769213015,forget,for_001,M_npo_s2
10,-1,real,-30.348593682050705,12.394681930541992,1.4069232940673828,0.7429359711206251,forget,for_001,M_npo_s2
10,-5,random_position,-30.348593682050705,12.394681930541992,-30.29046779125929,0.0013598838637975505,forget,for_001,M_npo_s2
11,-6,real,-30.348593682050705,12.394681930541992,-30.348593682050705,0.0,forget,for_001,M_npo_s2
11,-5,real,-30.348593682050705,12.394681930541992,-30.348593682050705,0.0,forget,for_001,M_npo_s2
11,-4,real,-30.348593682050705,12.394681930541992,-30.348593682050705,0.0,forget,for_001,M_npo_s2
11,-3,real,-30.348593682050705,12.394681930541992,-30.348593682050705,0.0,forget,for_001,M_npo_s2
11,-2,real,-30.348593682050705,12.394681930541992,-30.348593682050705,0.0,forget,for_001,M_npo_s2
11,-1,real,-30.348593682050705,12.394681930541992,12.378639221191406,0.999624672907711,forget,for_001,M_npo_s2
11,-6,random_position,-30.348593682050705,12.394681930541992,-30.348593682050705,0.0,forget,for_001,M_npo_s2
0,-6,real,7.176168441772461,8.383245468139648,7.168121337890625,-0.0066666034611349186,forget,for_002,M_npo_s2
0,-5,real,7.176168441772461,8.383245468139648,7.161388397216797,-0.01224449163790815,forget,for_002,M_npo_s2
0,-4,real,7.176168441772461,8.383245468139648,7.182170867919922,0.004972695210284804,forget,for_002,M_npo_s2
0,-3,real,7.176168441772461,8.383245468139648,7.177986145019531,0.0015058717938994022,forget,for_002,M_npo_s2
0,-2,real,7.176168441772461,8.383245468139648,7.163616180419922,-0.010398890110862502,forget,for_002,M_npo_s2
0,-1,real,7.176168441772461,8.383245468139648,7.183748245239258,0.00627946957917757,forget,for_002,M_npo_s2
0,-14,random_position,7.176168441772461,8.383245468139648,7.174680709838867,-0.0012325078690887026,forget,for_002,M_npo_s2
1,-6,real,7.176168441772461,8.383245468139648,7.1581268310546875,-0.014946528120141075,forget,for_002,M_npo_s2
1,-5,real,7.176168441772461,8.383245468139648,7.139898300170898,-0.03004790979306509,forget,for_002,M_npo_s2
1,-4,real,7.176168441772461,8.383245468139648,7.174339294433594,-0.001515352623661623,forget,for_002,M_npo_s2
1,-3,real,7.176168441772461,8.383245468139648,7.174980163574219,-0.0009844261569772587,forget,for_002,M_npo_s2
1,-2,real,7.176168441772461,8.383245468139648,7.161340713500977,-0.012283995095250737,forget,for_002,M_npo_s2
1,-1,real,7.176168441772461,8.383245468139648,7.208702087402344,0.0269524188757,forget,for_002,M_npo_s2
1,-3,random_position,7.176168441772461,8.383245468139648,7.174980163574219,-0.0009844261569772587,forget,for_002,M_npo_s2
2,-6,real,7.176168441772461,8.383245468139648,7.172517776489258,-0.003024384694148432,forget,for_002,M_npo_s2
2,-5,real,7.176168441772461,8.383245468139648,7.128452301025391,-0.039530319693579584,forget,for_002,M_npo_s2
2,-4,real,7.176168441772461,8.383245468139648,7.1694793701171875,-0.005541544996018052,forget,for_002,M_npo_s2
2,-3,real,7.176168441772461,8.383245468139648,7.173595428466797,-0.0021316065582059744,forget,for_002,M_npo_s2
2,-2,real,7.176168441772461,8.383245468139648,7.150165557861328,-0.02154202535805934,forget,for_002,M_npo_s2
2,-1,real,7.176168441772461,8.383245468139648,7.230401992797852,0.04492965224316432,forget,for_002,M_npo_s2
2,-9,random_position,7.176168441772461,8.383245468139648,7.242282867431641,0.0547723336746432,forget,for_002,M_npo_s2
3,-6,real,7.176168441772461,8.383245468139648,7.182704925537109,0.005415133932521774,forget,for_002,M_npo_s2
3,-5,real,7.176168441772461,8.383245468139648,7.133583068847656,-0.035279747683517264,forget,for_002,M_npo_s2
3,-4,real,7.176168441772461,8.383245468139648,7.1620635986328125,-0.011685122681937124,forget,for_002,M_npo_s2
3,-3,real,7.176168441772461,8.383245468139648,7.166589736938477,-0.0079354545109788,forget,for_002,M_npo_s2
3,-2,real,7.176168441772461,8.383245468139648,7.147470474243164,-0.023774760767062333,forget,for_002,M_npo_s2
3,-1,real,7.176168441772461,8.383245468139648,7.272790908813477,0.08004664568243013,forget,for_002,M_npo_s2
3,-14,random_position,7.176168441772461,8.383245468139648,7.193410873413086,0.014284450175079323,forget,for_002,M_npo_s2
4,-6,real,7.176168441772461,8.383245468139648,7.207855224609375,0.026250837473295662,forget,for_002,M_npo_s2
4,-5,real,7.176168441772461,8.383245468139648,7.166543960571289,-0.007973377830027684,forget,for_002,M_npo_s2
4,-4,real,7.176168441772461,8.383245468139648,7.15513801574707,-0.017422604826374404,forget,for_002,M_npo_s2
4,-3,real,7.176168441772461,8.383245468139648,7.171762466430664,-0.003650119458455004,forget,for_002,M_npo_s2
4,-2,real,7.176168441772461,8.383245468139648,7.155986785888672,-0.01671944328567636,forget,for_002,M_npo_s2
4,-1,real,7.176168441772461,8.383245468139648,7.307107925415039,0.10847649386274287,forget,for_002,M_npo_s2
4,-11,random_position,7.176168441772461,8.383245468139648,7.137231826782227,-0.03225694312766253,forget,for_002,M_npo_s2
5,-6,real,7.176168441772461,8.383245468139648,7.193550109863281,0.014399800270519675,forget,for_002,M_npo_s2
5,-5,real,7.176168441772461,8.383245468139648,7.190454483032227,0.011835235819838951,forget,for_002,M_npo_s2
5,-4,real,7.176168441772461,8.383245468139648,7.14015007019043,-0.02983933153829623,forget,for_002,M_npo_s2
5,-3,real,7.176168441772461,8.383245468139648,7.154441833496094,-0.01799935530357617,forget,for_002,M_npo_s2
5,-2,real,7.176168441772461,8.383245468139648,7.135538101196289,-0.03366010593247121,forget,for_002,M_npo_s2
5,-1,real,7.176168441772461,8.383245468139648,7.441339492797852,0.21968030642041791,forget,for_002,M_npo_s2
5,-12,random_position,7.176168441772461,8.383245468139648,7.197132110595703,0.01736729998609478,forget,for_002,M_npo_s2
6,-6,real,7.176168441772461,8.383245468139648,7.262798309326172,0.07176830116171767,forget,for_002,M_npo_s2
6,-5,real,7.176168441772461,8.383245468139648,7.219760894775391,0.03611406070259269,forget,for_002,M_npo_s2
6,-4,real,7.176168441772461,8.383245468139648,7.182292938232422,0.005073824061081826,forget,for_002,M_npo_s2
6,-3,real,7.176168441772461,8.383245468139648,7.1570281982421875,-0.01585668777731427,forget,for_002,M_npo_s2
6,-2,real,7.176168441772461,8.383245468139648,7.161369323730469,-0.012260293020845185,forget,for_002,M_npo_s2
6,-1,real,7.176168441772461,8.383245468139648,7.412485122680664,0.1957759743132719,forget,for_002,M_npo_s2
6,-2,random_position,7.176168441772461,8.383245468139648,7.161369323730469,-0.012260293020845185,forget,for_002,M_npo_s2
7,-6,real,7.176168441772461,8.383245468139648,7.305789947509766,0.10738461830179377,forget,for_002,M_npo_s2
7,-5,real,7.176168441772461,8.383245468139648,7.253101348876953,0.06373487807652926,forget,for_002,M_npo_s2
7,-4,real,7.176168441772461,8.383245468139648,7.198711395263672,0.018675654493281253,forget,for_002,M_npo_s2
7,-3,real,7.176168441772461,8.383245468139648,7.165334701538086,-0.008975185508235681,forget,for_002,M_npo_s2
7,-2,real,7.176168441772461,8.383245468139648,7.184051513671875,0.00653071156787642,forget,for_002,M_npo_s2
7,-1,real,7.176168441772461,8.383245468139648,7.711223602294922,0.4432651345645771,forget,for_002,M_npo_s2
7,-9,random_position,7.176168441772461,8.383245468139648,7.1571807861328125,-0.015730276713817992,forget,for_002,M_npo_s2
8,-6,real,7.176168441772461,8.383245468139648,7.333547592163086,0.1303803708900603,forget,for_002,M_npo_s2
8,-5,real,7.176168441772461,8.383245468139648,7.251310348510742,0.0622511282187417,forget,for_002,M_npo_s2
8,-4,real,7.176168441772461,8.383245468139648,7.19508171081543,0.015668651320363557,forget,for_002,M_npo_s2
8,-3,real,7.176168441772461,8.383245468139648,7.190151214599609,0.011583993831140102,forget,for_002,M_npo_s2
8,-2,real,7.176168441772461,8.383245468139648,7.162633895874023,-0.011212661332119787,forget,for_002,M_npo_s2
8,-1,real,7.176168441772461,8.383245468139648,8.076967239379883,0.746264553073685,forget,for_002,M_npo_s2
8,-5,random_position,7.176168441772461,8.383245468139648,7.251310348510742,0.0622511282187417,forget,for_002,M_npo_s2
9,-6,real,7.176168441772461,8.383245468139648,7.334066390991211,0.13081016850594765,forget,for_002,M_npo_s2
9,-5,real,7.176168441772461,8.383245468139648,7.239555358886719,0.05251273591464725,forget,for_002,M_npo_s2
9,-4,real,7.176168441772461,8.383245468139648,7.237154006958008,0.050523341802874586,forget,for_002,M_npo_s2
9,-3,real,7.176168441772461,8.383245468139648,7.226886749267578,0.042017457367868834,forget,for_002,M_npo_s2
9,-2,real,7.176168441772461,8.383245468139648,7.184535980224609,0.006932066694477101,forget,for_002,M_npo_s2
9,-1,real,7.176168441772461,8.383245468139648,8.263153076171875,0.9005097526135487,forget,for_002,M_npo_s2
9,-13,random_position,7.176168441772461,8.383245468139648,7.192394256591797,0.013442236464535377,forget,for_002,M_npo_s2
10,-6,real,7.176168441772461,8.383245468139648,7.339206695556641,0.13506864120747847,forget,for_002,M_npo_s2
10,-5,real,7.176168441772461,8.383245468139648,7.2472381591796875,0.058877532961684804,forget,for_002,M_npo_s2
10,-4,real,7.176168441772461,8.383245468139648,7.259561538696289,0.06908680647730289,forget,for_002,M_npo_s2
10,-3,real,7.176168441772461,8.383245468139648,7.239721298217773,0.05265020794619945,forget,for_002,M_npo_s2
10,-2,real,7.176168441772461,8.383245468139648,7.202505111694336,0.021818549559457445,forget,for_002,M_npo_s2
10,-1,real,7.176168441772461,8.383245468139648,8.050657272338867,0.7244681254503395,forget,for_002,M_npo_s2
10,-6,random_position,7.176168441772461,8.383245468139648,7.339206695556641,0.13506864120747847,forget,for_002,M_npo_s2
11,-6,real,7.176168441772461,8.383245468139648,7.176168441772461,0.0,forget,for_002,M_npo_s2
11,-5,real,7.176168441772461,8.383245468139648,7.176168441772461,0.0,forget,for_002,M_npo_s2
11,-4,real,7.176168441772461,8.383245468139648,7.176168441772461,0.0,forget,for_002,M_npo_s2
11,-3,real,7.176168441772461,8.383245468139648,7.176168441772461,0.0,forget,for_002,M_npo_s2
11,-2,real,7.176168441772461,8.383245468139648,7.176168441772461,0.0,forget,for_002,M_npo_s2
11,-1,real,7.176168441772461,8.383245468139648,8.331121444702148,0.9568179807096717,forget,for_002,M_npo_s2
11,-7,random_position,7.176168441772461,8.383245468139648,7.176168441772461,0.0,forget,for_002,M_npo_s2
0,-6,real,8.922298431396484,9.185632705688477,8.99600601196289,0.27990120452257305,forget,for_002,M_npo_s2
0,-5,real,8.922298431396484,9.185632705688477,9.020721435546875,0.37375690807819617,forget,for_002,M_npo_s2
0,-4,real,8.922298431396484,9.185632705688477,8.854360580444336,-0.25799091718997846,forget,for_002,M_npo_s2
0,-3,real,8.922298431396484,9.185632705688477,8.927757263183594,0.020729666891201842,forget,for_002,M_npo_s2
0,-2,real,8.922298431396484,9.185632705688477,8.929845809936523,0.028660828752091437,forget,for_002,M_npo_s2
0,-1,real,8.922298431396484,9.185632705688477,8.908775329589844,-0.051353367665486045,forget,for_002,M_npo_s2
0,-11,random_position,8.922298431396484,9.185632705688477,8.927635192871094,0.020266110398875877,forget,for_002,M_npo_s2
1,-6,real,8.922298431396484,9.185632705688477,8.991689682006836,0.2635101366767345,forget,for_002,M_npo_s2
1,-5,real,8.922298431396484,9.185632705688477,9.137537002563477,0.817358742023569,forget,for_002,M_npo_s2
1,-4,real,8.922298431396484,9.185632705688477,8.80694580078125,-0.43804639910765375,forget,for_002,M_npo_s2
1,-3,real,8.922298431396484,9.185632705688477,8.951934814453125,0.11254282465251371,forget,for_002,M_npo_s2
1,-2,real,8.922298431396484,9.185632705688477,8.884321212768555,-0.14421677060472393,forget,for_002,M_npo_s2
1,-1,real,8.922298431396484,9.185632705688477,8.930511474609375,0.031188660249306475,forget,for_002,M_npo_s2
1,-3,random_position,8.922298431396484,9.185632705688477,8.951934814453125,0.11254282465251371,forget,for_002,M_npo_s2
2,-6,real,8.922298431396484,9.185632705688477,8.969770431518555,0.18027277402345307,forget,for_002,M_npo_s2
2,-5,real,8.922298431396484,9.185632705688477,9.158246994018555,0.8960039981747463,forget,for_002,M_npo_s2
2,-4,real,8.922298431396484,9.185632705688477,8.863014221191406,-0.22512910772618297,forget,for_002,M_npo_s2
2,-3,real,8.922298431396484,9.185632705688477,8.9765625,0.20606534697927759,forget,for_002,M_npo_s2
2,-2,real,8.922298431396484,9.185632705688477,8.875722885131836,-0.17686853103293423,forget,for_002,M_npo_s2
2,-1,real,8.922298431396484,9.185632705688477,8.92097282409668,-0.005033933783852299,forget,for_002,M_npo_s2
2,-8,random_position,8.922298431396484,9.185632705688477,8.962739944458008,0.1535748172935544,forget,for_002,M_npo_s2
3,-6,real,8.922298431396484,9.185632705688477,8.91775131225586,-0.017267479339142276,forget,for_002,M_npo_s2
3,-5,real,8.922298431396484,9.185632705688477,9.215692520141602,1.1141507862352693,forget,for_002,M_npo_s2
3,-4,real,8.922298431396484,9.185632705688477,8.710508346557617,-0.8042632711153603,forget,for_002,M_npo_s2
3,-3,real,8.922298431396484,9.185632705688477,8.953428268432617,0.11821414861331421,forget,for_002,M_npo_s2
3,-2,real,8.922298431396484,9.185632705688477,8.906593322753906,-0.05963943996581271,forget,for_002,M_npo_s2
3,-1,real,8.922298431396484,9.185632705688477,8.974733352661133,0.19911924266458067,forget,for_002,M_npo_s2
3,-11,random_position,8.922298431396484,9.185632705688477,8.920125961303711,-0.008249856949363697,forget,for_002,M_npo_s2
4,-6,real,8.922298431396484,9.185632705688477,8.931585311889648,0.03526650876773647,forget,for_002,M_npo_s2
4,-5,real,8.922298431396484,9.185632705688477,9.267417907714844,1.3105756067882053,forget,for_002,M_npo_s2
4,-4,real,8.922298431396484,9.185632705688477,8.41102409362793,-1.94154118047558,forget,for_002,M_npo_s2
4,-3,real,8.922298431396484,9.185632705688477,8.925985336303711,0.014000854682282725,forget,for_002,M_npo_s2
4,-2,real,8.922298431396484,9.185632705688477,8.924497604370117,0.008351259932060002,forget,for_002,M_npo_s2
4,-1,real,8.922298431396484,9.185632705688477,9.056941986083984,0.5113028110355418,forget,for_002,M_npo_s2
4,-8,random_position,8.922298431396484,9.185632705688477,8.85171890258789,-0.26802256940672015,forget,for_002,M_npo_s2
5,-6,real,8.922298431396484,9.185632705688477,8.845659255981445,-0.2910338034085888,forget,for_002,M_npo_s2
5,-5,real,8.922298431396484,9.185632705688477,9.301170349121094,1.4387489769163353,forget,for_002,M_npo_s2
5,-4,real,8.922298431396484,9.185632705688477,8.152572631835938,-2.922998920782541,forget,for_002,M_npo_s2
5,-3,real,8.922298431396484,9.185632705688477,8.919095993041992,-0.012161114853364043,forget,for_002,M_npo_s2
5,-2,real,8.922298431396484,9.185632705688477,8.915864944458008,-0.024430875759616985,forget,for_002,M_npo_s2
5,-1,real,8.922298431396484,9.185632705688477,9.08067512512207,0.6014283334419794,forget,for_002,M_npo_s2
5,-10,random_position,8.922298431396484,9.185632705688477,8.93828010559082,0.06068968514373873,forget,for_002,M_npo_s2
6,-6,real,8.922298431396484,9.185632705688477,8.732879638671875,-0.7193093008264343,forget,for_002,M_npo_s2
6,-5,real,8.922298431396484,9.185632705688477,9.262203216552734,1.2907730528816554,forget,for_002,M_npo_s2
6,-4,real,8.922298431396484,9.185632705688477,8.07977294921875,-3.19945242389344,forget,for_002,M_npo_s2
6,-3,real,8.922298431396484,9.185632705688477,8.937768936157227,0.05874854233212374,forget,for_002,M_npo_s2
6,-2,real,8.922298431396484,9.185632705688477,8.920503616333008,-0.006815729051230236,forget,for_002,M_npo_s2
6,-1,real,8.922298431396484,9.185632705688477,9.092456817626953,0.6461687780216278,forget,for_002,M_npo_s2
6,-2,random_position,8.922298431396484,9.185632705688477,8.920503616333008,-0.006815729051230236,forget,for_002,M_npo_s2
7,-6,real,8.922298431396484,9.185632705688477,8.859506607055664,-0.23844911381036193,forget,for_002,M_npo_s2
7,-5,real,8.922298431396484,9.185632705688477,9.186239242553711,1.0023032963212446,forget,for_002,M_npo_s2
7,-4,real,8.922298431396484,9.185632705688477,8.115833282470703,-3.062514938832272,forget,for_002,M_npo_s2
7,-3,real,8.922298431396484,9.185632705688477,8.95669937133789,0.1306360139936116,forget,for_002,M_npo_s2
7,-2,real,8.922298431396484,9.185632705688477,8.930534362792969,0.031275577091617594,forget,for_002,M_npo_s2
7,-1,real,8.922298431396484,9.185632705688477,9.142768859863281,0.8372264835618523,forget,for_002,M_npo_s2
7,-7,random_position,8.922298431396484,9.185632705688477,10.626096725463867,6.470096984709879,forget,for_002,M_npo_s2
8,-6,real,8.922298431396484,9.185632705688477,8.900218963623047,-0.0838457805494593,forget,for_002,M_npo_s2
8,-5,real,8.922298431396484,9.185632705688477,9.125558853149414,0.7718722612140835,forget,for_002,M_npo_s2
8,-4,real,8.922298431396484,9.185632705688477,8.343975067138672,-2.19615682695581,forget,for_002,M_npo_s2
8,-3,real,8.922298431396484,9.185632705688477,8.92789077758789,0.02123668180468337,forget,for_002,M_npo_s2
8,-2,real,8.922298431396484,9.185632705688477,8.959835052490234,0.14254362139023488,forget,for_002,M_npo_s2
8,-1,real,8.922298431396484,9.185632705688477,9.366779327392578,1.6878961054011574,forget,for_002,M_npo_s2
8,-5,random_position,8.922298431396484,9.185632705688477,9.125558853149414,0.7718722612140835,forget,for_002,M_npo_s2
9,-6,real,8.922298431396484,9.185632705688477,8.934410095214844,0.04599349572296705,forget,for_002,M_npo_s2
9,-5,real,8.922298431396484,9.185632705688477,9.12105941772461,0.754785858629756,forget,for_002,M_npo_s2
9,-4,real,8.922298431396484,9.185632705688477,8.719278335571289,-0.7709596343698166,forget,for_002,M_npo_s2
9,-3,real,8.922298431396484,9.185632705688477,8.93051528930664,0.031203146389691662,forget,for_002,M_npo_s2
9,-2,real,8.922298431396484,9.185632705688477,8.96182632446289,0.15010538667130224,forget,for_002,M_npo_s2
9,-1,real,8.922298431396484,9.185632705688477,9.336481094360352,1.5728399353918139,forget,for_002,M_npo_s2
9,-10,random_position,8.922298431396484,9.185632705688477,8.931373596191406,0.03446252797635862,forget,for_002,M_npo_s2
10,-6,real,8.922298431396484,9.185632705688477,9.01894760131836,0.3670208527990845,forget,for_002,M_npo_s2
10,-5,real,8.922298431396484,9.185632705688477,9.163995742797852,0.9178346117352223,forget,for_002,M_npo_s2
10,-4,real,8.922298431396484,9.185632705688477,9.039710998535156,0.44586891491565445,forget,for_002,M_npo_s2
10,-3,real,8.922298431396484,9.185632705688477,8.935281753540039,0.04930357880098216,forget,for_002,M_npo_s2
10,-2,real,8.922298431396484,9.185632705688477,8.974311828613281,0.19751852415201757,forget,for_002,M_npo_s2
10,-1,real,8.922298431396484,9.185632705688477,9.043947219848633,0.461955773813404,forget,for_002,M_npo_s2
10,-5,random_position,8.922298431396484,9.185632705688477,9.163995742797852,0.9178346117352223,forget,for_002,M_npo_s2
11,-6,real,8.922298431396484,9.185632705688477,8.922298431396484,0.0,forget,for_002,M_npo_s2
11,-5,real,8.922298431396484,9.185632705688477,8.922298431396484,0.0,forget,for_002,M_npo_s2
11,-4,real,8.922298431396484,9.185632705688477,8.922298431396484,0.0,forget,for_002,M_npo_s2
11,-3,real,8.922298431396484,9.185632705688477,8.922298431396484,0.0,forget,for_002,M_npo_s2
11,-2,real,8.922298431396484,9.185632705688477,8.922298431396484,0.0,forget,for_002,M_npo_s2
11,-1,real,8.922298431396484,9.185632705688477,9.166402816772461,0.926975366318275,forget,for_002,M_npo_s2
11,-6,random_position,8.922298431396484,9.185632705688477,8.922298431396484,0.0,forget,for_002,M_npo_s2
0,-6,real,8.40511703491211,7.8953399658203125,8.561922073364258,-0.3075953155984585,forget,for_002,M_npo_s2
0,-5,real,8.40511703491211,7.8953399658203125,8.27256965637207,0.26001047629737717,forget,for_002,M_npo_s2
0,-4,real,8.40511703491211,7.8953399658203125,8.337577819824219,0.13248774647360348,forget,for_002,M_npo_s2
0,-3,real,8.40511703491211,7.8953399658203125,8.467317581176758,-0.12201519063119692,forget,for_002,M_npo_s2
0,-2,real,8.40511703491211,7.8953399658203125,8.38265609741211,0.04406031354061436,forget,for_002,M_npo_s2
0,-1,real,8.40511703491211,7.8953399658203125,8.413196563720703,-0.015849141317768548,forget,for_002,M_npo_s2
0,-12,random_position,8.40511703491211,7.8953399658203125,8.40020751953125,0.009630710517454259,forget,for_002,M_npo_s2
1,-6,real,8.40511703491211,7.8953399658203125,8.694934844970703,-0.5685187263815618,forget,for_002,M_npo_s2
1,-5,real,8.40511703491211,7.8953399658203125,8.431375503540039,-0.051509709282747784,forget,for_002,M_npo_s2
1,-4,real,8.40511703491211,7.8953399658203125,8.2799072265625,0.2456167920080817,forget,for_002,M_npo_s2
1,-3,real,8.40511703491211,7.8953399658203125,8.538751602172852,-0.26214315112058967,forget,for_002,M_npo_s2
1,-2,real,8.40511703491211,7.8953399658203125,8.385019302368164,0.03942455195121038,forget,for_002,M_npo_s2
1,-1,real,8.40511703491211,7.8953399658203125,8.388256072998047,0.033075167433681295,forget,for_002,M_npo_s2
1,-3,random_position,8.40511703491211,7.8953399658203125,8.538751602172852,-0.26214315112058967,forget,for_002,M_npo_s2
2,-6,real,8.40511703491211,7.8953399658203125,8.497797012329102,-0.1818049163766977,forget,for_002,M_npo_s2
2,-5,real,8.40511703491211,7.8953399658203125,8.890691757202148,-0.9525236652074681,forget,for_002,M_npo_s2
2,-4,real,8.40511703491211,7.8953399658203125,8.321643829345703,0.1637445280053878,forget,for_002,M_npo_s2
2,-3,real,8.40511703491211,7.8953399658203125,8.577943801879883,-0.33902420773001085,forget,for_002,M_npo_s2
2,-2,real,8.40511703491211,7.8953399658203125,8.436653137207031,-0.061862536012272235,forget,for_002,M_npo_s2
2,-1,real,8.40511703491211,7.8953399658203125,8.353652954101562,0.10095409136827926,forget,for_002,M_npo_s2
2,-8,random_position,8.40511703491211,7.8953399658203125,8.381168365478516,0.046978710667115654,forget,for_002,M_npo_s2
3,-6,real,8.40511703491211,7.8953399658203125,8.33119010925293,0.1450181464436712,forget,for_002,M_npo_s2
3,-5,real,8.40511703491211,7.8953399658203125,8.934541702270508,-1.038541549743705,forget,for_002,M_npo_s2
3,-4,real,8.40511703491211,7.8953399658203125,8.2587890625,0.28704306506528976,forget,for_002,M_npo_s2
3,-3,real,8.40511703491211,7.8953399658203125,8.639593124389648,-0.45995809481049127,forget,for_002,M_npo_s2
3,-2,real,8.40511703491211,7.8953399658203125,8.336017608642578,0.13554832192165225,forget,for_002,M_npo_s2
3,-1,real,8.40511703491211,7.8953399658203125,8.378002166748047,0.05318965839787481,forget,for_002,M_npo_s2
3,-12,random_position,8.40511703491211,7.8953399658203125,8.397451400756836,0.01503722827103678,forget,for_002,M_npo_s2
4,-6,real,8.40511703491211,7.8953399658203125,8.31283187866211,0.1810304186777416,forget,for_002,M_npo_s2
4,-5,real,8.40511703491211,7.8953399658203125,8.972393035888672,-1.1127923074044974,forget,for_002,M_npo_s2
4,-4,real,8.40511703491211,7.8953399658203125,8.196708679199219,0.40882253900550003,forget,for_002,M_npo_s2
4,-3,real,8.40511703491211,7.8953399658203125,8.709440231323242,-0.5969730983649493,forget,for_002,M_npo_s2
4,-2,real,8.40511703491211,7.8953399658203125,8.086748123168945,0.6245257604669435,forget,for_002,M_npo_s2
4,-1,real,8.40511703491211,7.8953399658203125,8.413848876953125,-0.01712874621169604,forget,for_002,M_npo_s2
4,-9,random_position,8.40511703491211,7.8953399658203125,8.440254211425781,-0.06892655367231638,forget,for_002,M_npo_s2
5,-6,real,8.40511703491211,7.8953399658203125,8.479223251342773,-0.14536985071276237,forget,for_002,M_npo_s2
5,-5,real,8.40511703491211,7.8953399658203125,9.347898483276367,-1.8493994836682006,forget,for_002,M_npo_s2
5,-4,real,8.40511703491211,7.8953399658203125,8.13602066040039,0.5278706925580873,forget,for_002,M_npo_s2
5,-3,real,8.40511703491211,7.8953399658203125,8.779502868652344,-0.7344108953492723,forget,for_002,M_npo_s2
5,-2,real,8.40511703491211,7.8953399658203125,7.832298278808594,1.1236652074681035,forget,for_002,M_npo_s2
5,-1,real,8.40511703491211,7.8953399658203125,8.37253189086914,0.0639203801399334,forget,for_002,M_npo_s2
5,-11,random_position,8.40511703491211,7.8953399658203125,8.413776397705078,-0.01698656789014854,forget,for_002,M_npo_s2
6,-6,real,8.40511703491211,7.8953399658203125,8.498794555664062,-0.1837617390653646,forget,for_002,M_npo_s2
6,-5,real,8.40511703491211,7.8953399658203125,9.499639511108398,-2.147061024432222,forget,for_002,M_npo_s2
6,-4,real,8.40511703491211,7.8953399658203125,8.080490112304688,0.6368017360721367,forget,for_002,M_npo_s2
6,-3,real,8.40511703491211,7.8953399658203125,8.777900695800781,-0.7312680061361171,forget,for_002,M_npo_s2
6,-2,real,8.40511703491211,7.8953399658203125,7.797130584716797,1.192651625696861,forget,for_002,M_npo_s2
6,-1,real,8.40511703491211,7.8953399658203125,8.273675918579102,0.25784038612638904,forget,for_002,M_npo_s2
6,-2,random_position,8.40511703491211,7.8953399658203125,7.797130584716797,1.192651625696861,forget,for_002,M_npo_s2
7,-6,real,8.40511703491211,7.8953399658203125,8.37890625,0.05141617091330864,forget,for_002,M_npo_s2
7,-5,real,8.40511703491211,7.8953399658203125,9.726280212402344,-2.591648894376473,forget,for_002,M_npo_s2
7,-4,real,8.40511703491211,7.8953399658203125,8.196775436401367,0.40869158528828525,forget,for_002,M_npo_s2
7,-3,real,8.40511703491211,7.8953399658203125,8.676136016845703,-0.5316421596138736,forget,for_002,M_npo_s2
7,-2,real,8.40511703491211,7.8953399658203125,7.7408905029296875,1.3029745201481648,forget,for_002,M_npo_s2
7,-1,real,8.40511703491211,7.8953399658203125,8.203350067138672,0.3957945149100161,forget,for_002,M_npo_s2
7,-8,random_position,8.40511703491211,7.8953399658203125,8.401439666748047,0.00721367905114678,forget,for_002,M_npo_s2
8,-6,real,8.40511703491211,7.8953399658203125,8.324241638183594,0.15864855763834323,forget,for_002,M_npo_s2
8,-5,real,8.40511703491211,7.8953399658203125,9.244440078735352,-1.646451154263479,forget,for_002,M_npo_s2
8,-4,real,8.40511703491211,7.8953399658203125,8.254589080810547,0.2952819246454896,forget,for_002,M_npo_s2
8,-3,real,8.40511703491211,7.8953399658203125,8.664407730102539,-0.5086354622666218,forget,for_002,M_npo_s2
8,-2,real,8.40511703491211,7.8953399658203125,7.867452621459961,1.054704979982789,forget,for_002,M_npo_s2
8,-1,real,8.40511703491211,7.8953399658203125,8.371105194091797,0.06671904815355259,forget,for_002,M_npo_s2
8,-5,random_position,8.40511703491211,7.8953399658203125,9.244440078735352,-1.646451154263479,forget,for_002,M_npo_s2
9,-6,real,8.40511703491211,7.8953399658203125,8.358177185058594,0.09207917087589329,forget,for_002,M_npo_s2
9,-5,real,8.40511703491211,7.8953399658203125,9.000934600830078,-1.1687806338159914,forget,for_002,M_npo_s2
9,-4,real,8.40511703491211,7.8953399658203125,8.25037956237793,0.3035394918995772,forget,for_002,M_npo_s2
9,-3,real,8.40511703491211,7.8953399658203125,8.62198257446289,-0.4254125042092266,forget,for_002,M_npo_s2
9,-2,real,8.40511703491211,7.8953399658203125,8.139484405517578,0.5210760654020279,forget,for_002,M_npo_s2
9,-1,real,8.40511703491211,7.8953399658203125,8.396686553955078,0.016537583716840647,forget,for_002,M_npo_s2
9,-11,random_position,8.40511703491211,7.8953399658203125,8.40886116027832,-0.007344632768361582,forget,for_002,M_npo_s2
10,-6,real,8.40511703491211,7.8953399658203125,8.327449798583984,0.15235529614247764,forget,for_002,M_npo_s2
10,-5,real,8.40511703491211,7.8953399658203125,8.702472686767578,-0.5833052718225016,forget,for_002,M_npo_s2
10,-4,real,8.40511703491211,7.8953399658203125,8.299854278564453,0.20648782130429902,forget,for_002,M_npo_s2
10,-3,real,8.40511703491211,7.8953399658203125,8.646963119506836,-0.47441538519100535,forget,for_002,M_npo_s2
10,-2,real,8.40511703491211,7.8953399658203125,8.397649765014648,0.01464810865416994,forget,for_002,M_npo_s2
10,-1,real,8.40511703491211,7.8953399658203125,8.328937530517578,0.14943689901597634,forget,for_002,M_npo_s2
10,-6,random_position,8.40511703491211,7.8953399658203125,8.327449798583984,0.15235529614247764,forget,for_002,M_npo_s2
11,-6,real,8.40511703491211,7.8953399658203125,8.40511703491211,-0.0,forget,for_002,M_npo_s2
11,-5,real,8.40511703491211,7.8953399658203125,8.40511703491211,-0.0,forget,for_002,M_npo_s2
11,-4,real,8.40511703491211,7.8953399658203125,8.40511703491211,-0.0,forget,for_002,M_npo_s2
11,-3,real,8.40511703491211,7.8953399658203125,8.40511703491211,-0.0,forget,for_002,M_npo_s2
11,-2,real,8.40511703491211,7.8953399658203125,8.40511703491211,-0.0,forget,for_002,M_npo_s2
11,-1,real,8.40511703491211,7.8953399658203125,8.217418670654297,0.36819695439069106,forget,for_002,M_npo_s2
11,-6,random_position,8.40511703491211,7.8953399658203125,8.40511703491211,-0.0,forget,for_002,M_npo_s2
0,-6,real,9.60501480102539,9.245107650756836,9.69221305847168,-0.24227986963088582,forget,for_002,M_npo_s2
0,-5,real,9.60501480102539,9.245107650756836,9.544031143188477,0.16944275153024724,forget,for_002,M_npo_s2
0,-4,real,9.60501480102539,9.245107650756836,9.611761093139648,-0.018744534831341583,forget,for_002,M_npo_s2
0,-3,real,9.60501480102539,9.245107650756836,9.608236312866211,-0.00895095259545828,forget,for_002,M_npo_s2
0,-2,real,9.60501480102539,9.245107650756836,9.627580642700195,-0.06269906462810355,forget,for_002,M_npo_s2
0,-1,real,9.60501480102539,9.245107650756836,9.598735809326172,0.017446143247038873,forget,for_002,M_npo_s2
0,-12,random_position,9.60501480102539,9.245107650756836,9.602127075195312,0.008023530035242057,forget,for_002,M_npo_s2
1,-6,real,9.60501480102539,9.245107650756836,9.801214218139648,-0.5451389808950953,forget,for_002,M_npo_s2
1,-5,real,9.60501480102539,9.245107650756836,9.49276351928711,0.311889557221972,forget,for_002,M_npo_s2
1,-4,real,9.60501480102539,9.245107650756836,9.602273941040039,0.00761546410874692,forget,for_002,M_npo_s2
1,-3,real,9.60501480102539,9.245107650756836,9.600723266601562,0.011924004345637139,forget,for_002,M_npo_s2
1,-2,real,9.60501480102539,9.245107650756836,9.629610061645508,-0.06833779379421819,forget,for_002,M_npo_s2
1,-1,real,9.60501480102539,9.245107650756836,9.638944625854492,-0.09427382813535069,forget,for_002,M_npo_s2
1,-3,random_position,9.60501480102539,9.245107650756836,9.600723266601562,0.011924004345637139,forget,for_002,M_npo_s2
2,-6,real,9.60501480102539,9.245107650756836,9.781972885131836,-0.4916770449667453,forget,for_002,M_npo_s2
2,-5,real,9.60501480102539,9.245107650756836,9.611883163452148,-0.019083706510506372,forget,for_002,M_npo_s2
2,-4,real,9.60501480102539,9.245107650756836,9.623197555541992,-0.050520681523092824,forget,for_002,M_npo_s2
2,-3,real,9.60501480102539,9.245107650756836,9.601219177246094,0.010546119399030182,forget,for_002,M_npo_s2
2,-2,real,9.60501480102539,9.245107650756836,9.610204696655273,-0.014420095921990514,forget,for_002,M_npo_s2
2,-1,real,9.60501480102539,9.245107650756836,9.645822525024414,-0.11338403243329181,forget,for_002,M_npo_s2
2,-8,random_position,9.60501480102539,9.245107650756836,10.084379196166992,-1.3319112854076685,forget,for_002,M_npo_s2
3,-6,real,9.60501480102539,9.245107650756836,9.862131118774414,-0.7143962479132993,forget,for_002,M_npo_s2
3,-5,real,9.60501480102539,9.245107650756836,9.465356826782227,0.3880388987519542,forget,for_002,M_npo_s2
3,-4,real,9.60501480102539,9.245107650756836,9.627655029296875,-0.06290574737009459,forget,for_002,M_npo_s2
3,-3,real,9.60501480102539,9.245107650756836,9.601884841918945,0.008696573836084687,forget,for_002,M_npo_s2
3,-2,real,9.60501480102539,9.245107650756836,9.609027862548828,-0.011150268952542463,forget,for_002,M_npo_s2
3,-1,real,9.60501480102539,9.245107650756836,9.702728271484375,-0.2714963300564403,forget,for_002,M_npo_s2
3,-12,random_position,9.60501480102539,9.245107650756836,9.6060791015625,-0.0029571530777180105,forget,for_002,M_npo_s2
4,-6,real,9.60501480102539,9.245107650756836,9.922151565551758,-0.8811627229126368,forget,for_002,M_npo_s2
4,-5,real,9.60501480102539,9.245107650756836,9.170284271240234,1.2078963406555552,forget,for_002,M_npo_s2
4,-4,real,9.60501480102539,9.245107650756836,9.627096176147461,-0.061352977026418294,forget,for_002,M_npo_s2
4,-3,real,9.60501480102539,9.245107650756836,9.592924118041992,0.03359389490977503,forget,for_002,M_npo_s2
4,-2,real,9.60501480102539,9.245107650756836,9.587862014770508,0.04765892048013991,forget,for_002,M_npo_s2
4,-1,real,9.60501480102539,9.245107650756836,9.799488067626953,-0.5403428813694057,forget,for_002,M_npo_s2
4,-9,random_position,9.60501480102539,9.245107650756836,9.52808952331543,0.21373645300617397,forget,for_002,M_npo_s2
5,-6,real,9.60501480102539,9.245107650756836,9.950571060180664,-0.9601261294681894,forget,for_002,M_npo_s2
5,-5,real,9.60501480102539,9.245107650756836,8.927324295043945,1.8829592729007127,forget,for_002,M_npo_s2
5,-4,real,9.60501480102539,9.245107650756836,9.630231857299805,-0.07006544953496383,forget,for_002,M_npo_s2
5,-3,real,9.60501480102539,9.245107650756836,9.591516494750977,0.037504968335144016,forget,for_002,M_npo_s2
5,-2,real,9.60501480102539,9.245107650756836,9.590633392333984,0.03995866345160179,forget,for_002,M_npo_s2
5,-1,real,9.60501480102539,9.245107650756836,9.800378799438477,-0.5428177747158113,forget,for_002,M_npo_s2
5,-11,random_position,9.60501480102539,9.245107650756836,9.618555068969727,-0.037621558599856914,forget,for_002,M_npo_s2
6,-6,real,9.60501480102539,9.245107650756836,9.926048278808594,-0.8919897188584753,forget,for_002,M_npo_s2
6,-5,real,9.60501480102539,9.245107650756836,8.868175506591797,2.047303850128514,forget,for_002,M_npo_s2
6,-4,real,9.60501480102539,9.245107650756836,9.613279342651367,-0.022962982590953654,forget,for_002,M_npo_s2
6,-3,real,9.60501480102539,9.245107650756836,9.587398529052734,0.04894671294946872,forget,for_002,M_npo_s2
6,-2,real,9.60501480102539,9.245107650756836,9.585786819458008,0.053424839025941334,forget,for_002,M_npo_s2
6,-1,real,9.60501480102539,9.245107650756836,9.85862922668457,-0.7046662603672593,forget,for_002,M_npo_s2
6,-2,random_position,9.60501480102539,9.245107650756836,9.585786819458008,0.053424839025941334,forget,for_002,M_npo_s2
7,-6,real,9.60501480102539,9.245107650756836,9.865886688232422,-0.7248310766051035,forget,for_002,M_npo_s2
7,-5,real,9.60501480102539,9.245107650756836,8.88286018371582,2.0065025570364874,forget,for_002,M_npo_s2
7,-4,real,9.60501480102539,9.245107650756836,9.603044509887695,0.005474442884019185,forget,for_002,M_npo_s2
7,-3,real,9.60501480102539,9.245107650756836,9.588903427124023,0.044765362092265296,forget,for_002,M_npo_s2
7,-2,real,9.60501480102539,9.245107650756836,9.576616287231445,0.07890511142319616,forget,for_002,M_npo_s2
7,-1,real,9.60501480102539,9.245107650756836,9.953851699829102,-0.9692413683457431,forget,for_002,M_npo_s2
7,-8,random_position,9.60501480102539,9.245107650756836,11.170141220092773,-4.348694983968839,forget,for_002,M_npo_s2
8,-6,real,9.60501480102539,9.245107650756836,9.801773071289062,-0.5466917512387716,forget,for_002,M_npo_s2
8,-5,real,9.60501480102539,9.245107650756836,9.092397689819336,1.424303770635152,forget,for_002,M_npo_s2
8,-4,real,9.60501480102539,9.245107650756836,9.605770111083984,-0.0020986247648321363,forget,for_002,M_npo_s2
8,-3,real,9.60501480102539,9.245107650756836,9.589746475219727,0.04242295768303347,forget,for_002,M_npo_s2
8,-2,real,9.60501480102539,9.245107650756836,9.568134307861328,0.1024722435676621,forget,for_002,M_npo_s2
8,-1,real,9.60501480102539,9.245107650756836,10.122516632080078,-1.4378759373592305,forget,for_002,M_npo_s2
8,-5,random_position,9.60501480102539,9.245107650756836,9.092397689819336,1.424303770635152,forget,for_002,M_npo_s2
9,-6,real,9.60501480102539,9.245107650756836,9.796920776367188,-0.5332096769919712,forget,for_002,M_npo_s2
9,-5,real,9.60501480102539,9.245107650756836,9.446977615356445,0.4391054346962029,forget,for_002,M_npo_s2
9,-4,real,9.60501480102539,9.245107650756836,9.624267578125,-0.053493733273271685,forget,for_002,M_npo_s2
9,-3,real,9.60501480102539,9.245107650756836,9.593406677246094,0.032253106865576725,forget,for_002,M_npo_s2
9,-2,real,9.60501480102539,9.245107650756836,9.568170547485352,0.10237155197541005,forget,for_002,M_npo_s2
9,-1,real,9.60501480102539,9.245107650756836,9.987419128417969,-1.0625082805585733,forget,for_002,M_npo_s2
9,-11,random_position,9.60501480102539,9.245107650756836,9.612712860107422,-0.021389014017329552,forget,for_002,M_npo_s2
10,-6,real,9.60501480102539,9.245107650756836,9.847204208374023,-0.6729219110204298,forget,for_002,M_npo_s2
10,-5,real,9.60501480102539,9.245107650756836,9.771270751953125,-0.4619412279074697,forget,for_002,M_npo_s2
10,-4,real,9.60501480102539,9.245107650756836,9.630842208862305,-0.07176130793078778,forget,for_002,M_npo_s2
10,-3,real,9.60501480102539,9.245107650756836,9.605476379394531,-0.0012824929118418612,forget,for_002,M_npo_s2
10,-2,real,9.60501480102539,9.245107650756836,9.563926696777344,0.11416306738387344,forget,for_002,M_npo_s2
10,-1,real,9.60501480102539,9.245107650756836,9.615795135498047,-0.029953098916240494,forget,for_002,M_npo_s2
10,-6,random_position,9.60501480102539,9.245107650756836,9.847204208374023,-0.6729219110204298,forget,for_002,M_npo_s2
11,-6,real,9.60501480102539,9.245107650756836,9.60501480102539,-0.0,forget,for_002,M_npo_s2
11,-5,real,9.60501480102539,9.245107650756836,9.60501480102539,-0.0,forget,for_002,M_npo_s2
11,-4,real,9.60501480102539,9.245107650756836,9.60501480102539,-0.0,forget,for_002,M_npo_s2
11,-3,real,9.60501480102539,9.245107650756836,9.60501480102539,-0.0,forget,for_002,M_npo_s2
11,-2,real,9.60501480102539,9.245107650756836,9.60501480102539,-0.0,forget,for_002,M_npo_s2
11,-1,real,9.60501480102539,9.245107650756836,9.560684204101562,0.12317231511168818,forget,for_002,M_npo_s2
11,-6,random_position,9.60501480102539,9.245107650756836,9.60501480102539,-0.0,forget,for_002,M_npo_s2
0,-6,real,8.602249145507812,8.97537612915039,8.479000091552734,-0.3303139664461779,forget,for_002,M_npo_s2
0,-5,real,8.602249145507812,8.97537612915039,8.643394470214844,0.11027164078394487,forget,for_002,M_npo_s2
0,-4,real,8.602249145507812,8.97537612915039,8.715280532836914,0.3029300808685962,forget,for_002,M_npo_s2
0,-3,real,8.602249145507812,8.97537612915039,8.570093154907227,-0.08617975115782156,forget,for_002,M_npo_s2
0,-2,real,8.602249145507812,8.97537612915039,8.611810684204102,0.025625428112827538,forget,for_002,M_npo_s2
0,-1,real,8.602249145507812,8.97537612915039,8.606853485107422,0.0123398730230133,forget,for_002,M_npo_s2
0,-13,random_position,8.602249145507812,8.97537612915039,8.60261344909668,0.0009763528365350209,forget,for_002,M_npo_s2
1,-6,real,8.602249145507812,8.97537612915039,8.666046142578125,0.17097931767760932,forget,for_002,M_npo_s2
1,-5,real,8.602249145507812,8.97537612915039,8.616678237915039,0.038670728839724784,forget,for_002,M_npo_s2
1,-4,real,8.602249145507812,8.97537612915039,8.855813980102539,0.679567133203153,forget,for_002,M_npo_s2
1,-3,real,8.602249145507812,8.97537612915039,8.559778213500977,-0.11382433827814299,forget,for_002,M_npo_s2
1,-2,real,8.602249145507812,8.97537612915039,8.609344482421875,0.019015877235132345,forget,for_002,M_npo_s2
1,-1,real,8.602249145507812,8.97537612915039,8.710561752319336,0.29028350014824206,forget,for_002,M_npo_s2
1,-3,random_position,8.602249145507812,8.97537612915039,8.559778213500977,-0.11382433827814299,forget,for_002,M_npo_s2
2,-6,real,8.602249145507812,8.97537612915039,9.181831359863281,1.5533109095927944,forget,for_002,M_npo_s2
2,-5,real,8.602249145507812,8.97537612915039,8.676401138305664,0.19873125249200005,forget,for_002,M_npo_s2
2,-4,real,8.602249145507812,8.97537612915039,8.934551239013672,0.8905871407686095,forget,for_002,M_npo_s2
2,-3,real,8.602249145507812,8.97537612915039,8.655887603759766,0.1437538977436537,forget,for_002,M_npo_s2
2,-2,real,8.602249145507812,8.97537612915039,8.673614501953125,0.1912629200617505,forget,for_002,M_npo_s2
2,-1,real,8.602249145507812,8.97537612915039,8.740455627441406,0.37040066248862624,forget,for_002,M_npo_s2
2,-9,random_position,8.602249145507812,8.97537612915039,8.591514587402344,-0.02876918201057119,forget,for_002,M_npo_s2
3,-6,real,8.602249145507812,8.97537612915039,9.37936019897461,2.0826986187930028,forget,for_002,M_npo_s2
3,-5,real,8.602249145507812,8.97537612915039,8.61831283569336,0.04305153711674317,forget,for_002,M_npo_s2
3,-4,real,8.602249145507812,8.97537612915039,9.077003479003906,1.2723666588285811,forget,for_002,M_npo_s2
3,-3,real,8.602249145507812,8.97537612915039,8.56380844116211,-0.10302311553678958,forget,for_002,M_npo_s2
3,-2,real,8.602249145507812,8.97537612915039,8.641389846801758,0.10489914428552442,forget,for_002,M_npo_s2
3,-1,real,8.602249145507812,8.97537612915039,8.894659042358398,0.7836739492705469,forget,for_002,M_npo_s2
3,-13,random_position,8.602249145507812,8.97537612915039,8.631664276123047,0.07883410180650834,forget,for_002,M_npo_s2
4,-6,real,8.602249145507812,8.97537612915039,9.522045135498047,2.4651017758375677,forget,for_002,M_npo_s2
4,-5,real,8.602249145507812,8.97537612915039,8.593170166015625,-0.024332143989040312,forget,for_002,M_npo_s2
4,-4,real,8.602249145507812,8.97537612915039,9.211654663085938,1.6332389355198185,forget,for_002,M_npo_s2
4,-3,real,8.602249145507812,8.97537612915039,8.272079467773438,-0.8848721540081584,forget,for_002,M_npo_s2
4,-2,real,8.602249145507812,8.97537612915039,8.681354522705078,0.21200658399190292,forget,for_002,M_npo_s2
4,-1,real,8.602249145507812,8.97537612915039,9.028841018676758,1.1432887244026868,forget,for_002,M_npo_s2
4,-10,random_position,8.602249145507812,8.97537612915039,8.612422943115234,0.027266314293601056,forget,for_002,M_npo_s2
5,-6,real,8.602249145507812,8.97537612915039,9.948141098022461,3.6070614335517774,forget,for_002,M_npo_s2
5,-5,real,8.602249145507812,8.97537612915039,8.5728759765625,-0.07872164231748337,forget,for_002,M_npo_s2
5,-4,real,8.602249145507812,8.97537612915039,9.278486251831055,1.8123511189719157,forget,for_002,M_npo_s2
5,-3,real,8.602249145507812,8.97537612915039,7.996845245361328,-1.6225143897028003,forget,for_002,M_npo_s2
5,-2,real,8.602249145507812,8.97537612915039,8.68629264831543,0.22524102113216035,forget,for_002,M_npo_s2
5,-1,real,8.602249145507812,8.97537612915039,9.202980041503906,1.6099904920613823,forget,for_002,M_npo_s2
5,-12,random_position,8.602249145507812,8.97537612915039,8.616741180419922,0.038839418073262244,forget,for_002,M_npo_s2
6,-6,real,8.602249145507812,8.97537612915039,10.323263168334961,4.61240837107542,forget,for_002,M_npo_s2
6,-5,real,8.602249145507812,8.97537612915039,8.511560440063477,-0.24305051475775205,forget,for_002,M_npo_s2
6,-4,real,8.602249145507812,8.97537612915039,9.293521881103516,1.8526473986075471,forget,for_002,M_npo_s2
6,-3,real,8.602249145507812,8.97537612915039,7.842203140258789,-2.0369633893245274,forget,for_002,M_npo_s2
6,-2,real,8.602249145507812,8.97537612915039,8.718013763427734,0.3102552830400867,forget,for_002,M_npo_s2
6,-1,real,8.602249145507812,8.97537612915039,9.277925491333008,1.8108482512549458,forget,for_002,M_npo_s2
6,-2,random_position,8.602249145507812,8.97537612915039,8.718013763427734,0.3102552830400867,forget,for_002,M_npo_s2
7,-6,real,8.602249145507812,8.97537612915039,10.6317138671875,5.439072515923241,forget,for_002,M_npo_s2
7,-5,real,8.602249145507812,8.97537612915039,8.627021789550781,0.06639199288438143,forget,for_002,M_npo_s2
7,-4,real,8.602249145507812,8.97537612915039,9.164880752563477,1.5078823878216596,forget,for_002,M_npo_s2
7,-3,real,8.602249145507812,8.97537612915039,7.833782196044922,-2.059531964053858,forget,for_002,M_npo_s2
7,-2,real,8.602249145507812,8.97537612915039,8.775365829467773,0.4639618455624508,forget,for_002,M_npo_s2
7,-1,real,8.602249145507812,8.97537612915039,9.309211730957031,1.8946970239129768,forget,for_002,M_npo_s2
7,-8,random_position,8.602249145507812,8.97537612915039,8.586708068847656,-0.041650905298886653,forget,for_002,M_npo_s2
8,-6,real,8.602249145507812,8.97537612915039,9.996341705322266,3.736241603876785,forget,for_002,M_npo_s2
8,-5,real,8.602249145507812,8.97537612915039,8.639951705932617,0.10104485088894115,forget,for_002,M_npo_s2
8,-4,real,8.602249145507812,8.97537612915039,9.08920669555664,1.3050719229550265,forget,for_002,M_npo_s2
8,-3,real,8.602249145507812,8.97537612915039,8.009941101074219,-1.5874168055370963,forget,for_002,M_npo_s2
8,-2,real,8.602249145507812,8.97537612915039,8.839195251464844,0.6350280637543066,forget,for_002,M_npo_s2
8,-1,real,8.602249145507812,8.97537612915039,9.425481796264648,2.206306932616319,forget,for_002,M_npo_s2
8,-5,random_position,8.602249145507812,8.97537612915039,8.639951705932617,0.10104485088894115,forget,for_002,M_npo_s2
9,-6,real,8.602249145507812,8.97537612915039,9.283697128295898,1.8263165427908357,forget,for_002,M_npo_s2
9,-5,real,8.602249145507812,8.97537612915039,8.6422119140625,0.10710232791142282,forget,for_002,M_npo_s2
9,-4,real,8.602249145507812,8.97537612915039,8.904058456420898,0.8088648748121415,forget,for_002,M_npo_s2
9,-3,real,8.602249145507812,8.97537612915039,8.401956558227539,-0.53679470009099,forget,for_002,M_npo_s2
9,-2,real,8.602249145507812,8.97537612915039,8.948190689086914,0.9271415864966824,forget,for_002,M_npo_s2
9,-1,real,8.602249145507812,8.97537612915039,9.43820571899414,2.2404077167656653,forget,for_002,M_npo_s2
9,-12,random_position,8.602249145507812,8.97537612915039,8.608491897583008,0.016730904889943055,forget,for_002,M_npo_s2
10,-6,real,8.602249145507812,8.97537612915039,8.812826156616211,0.5643574984920204,forget,for_002,M_npo_s2
10,-5,real,8.602249145507812,8.97537612915039,8.690906524658203,0.23760645312995204,forget,for_002,M_npo_s2
10,-4,real,8.602249145507812,8.97537612915039,8.887102127075195,0.7634210176561398,forget,for_002,M_npo_s2
10,-3,real,8.602249145507812,8.97537612915039,8.749227523803711,0.393909807489802,forget,for_002,M_npo_s2
10,-2,real,8.602249145507812,8.97537612915039,8.975425720214844,1.0001329066688478,forget,for_002,M_npo_s2
10,-1,real,8.602249145507812,8.97537612915039,9.207464218139648,1.622008322002188,forget,for_002,M_npo_s2
10,-6,random_position,8.602249145507812,8.97537612915039,8.812826156616211,0.5643574984920204,forget,for_002,M_npo_s2
11,-6,real,8.602249145507812,8.97537612915039,8.602249145507812,0.0,forget,for_002,M_npo_s2
11,-5,real,8.602249145507812,8.97537612915039,8.602249145507812,0.0,forget,for_002,M_npo_s2
11,-4,real,8.602249145507812,8.97537612915039,8.602249145507812,0.0,forget,for_002,M_npo_s2
11,-3,real,8.602249145507812,8.97537612915039,8.602249145507812,0.0,forget,for_002,M_npo_s2
11,-2,real,8.602249145507812,8.97537612915039,8.602249145507812,0.0,forget,for_002,M_npo_s2
11,-1,real,8.602249145507812,8.97537612915039,9.308685302734375,1.893286168505209,forget,for_002,M_npo_s2
11,-6,random_position,8.602249145507812,8.97537612915039,8.602249145507812,0.0,forget,for_002,M_npo_s2
0,-6,real,8.72213363647461,8.773290634155273,8.713470458984375,-0.16934491629693152,forget,for_002,M_npo_s2
0,-5,real,8.72213363647461,8.773290634155273,8.791015625,1.346482234070318,forget,for_002,M_npo_s2
0,-4,real,8.72213363647461,8.773290634155273,8.658353805541992,-1.246746952015212,forget,for_002,M_npo_s2
0,-3,real,8.72213363647461,8.773290634155273,8.723108291625977,0.019052235188844562,forget,for_002,M_npo_s2
0,-2,real,8.72213363647461,8.773290634155273,8.704551696777344,-0.343685917751016,forget,for_002,M_npo_s2
0,-1,real,8.72213363647461,8.773290634155273,8.747810363769531,0.5019201372059208,forget,for_002,M_npo_s2
0,-11,random_position,8.72213363647461,8.773290634155273,8.721712112426758,-0.008239812087543343,forget,for_002,M_npo_s2
1,-6,real,8.72213363647461,8.773290634155273,8.696386337280273,-0.5032996532567764,forget,for_002,M_npo_s2
1,-5,real,8.72213363647461,8.773290634155273,8.876440048217773,3.016330487304724,forget,for_002,M_npo_s2
1,-4,real,8.72213363647461,8.773290634155273,8.587589263916016,-2.630028708847545,forget,for_002,M_npo_s2
1,-3,real,8.72213363647461,8.773290634155273,8.740890502929688,0.36665299578688343,forget,for_002,M_npo_s2
1,-2,real,8.72213363647461,8.773290634155273,8.706119537353516,-0.3130382908914656,forget,for_002,M_npo_s2
1,-1,real,8.72213363647461,8.773290634155273,8.763734817504883,0.8132060698706237,forget,for_002,M_npo_s2
1,-3,random_position,8.72213363647461,8.773290634155273,8.740890502929688,0.36665299578688343,forget,for_002,M_npo_s2
2,-6,real,8.72213363647461,8.773290634155273,8.731246948242188,0.17814399164833525,forget,for_002,M_npo_s2
2,-5,real,8.72213363647461,8.773290634155273,8.849485397338867,2.4894299243130384,forget,for_002,M_npo_s2
2,-4,real,8.72213363647461,8.773290634155273,8.676698684692383,-0.8881473472279184,forget,for_002,M_npo_s2
2,-3,real,8.72213363647461,8.773290634155273,8.753339767456055,0.6100070840013422,forget,for_002,M_npo_s2
2,-2,real,8.72213363647461,8.773290634155273,8.719171524047852,-0.05790238991834756,forget,for_002,M_npo_s2
2,-1,real,8.72213363647461,8.773290634155273,8.763494491577148,0.8085082584541964,forget,for_002,M_npo_s2
2,-8,random_position,8.72213363647461,8.773290634155273,8.769981384277344,0.9353118824801462,forget,for_002,M_npo_s2
3,-6,real,8.72213363647461,8.773290634155273,8.698064804077148,-0.47048954177696584,forget,for_002,M_npo_s2
3,-5,real,8.72213363647461,8.773290634155273,8.958900451660156,4.628239066403191,forget,for_002,M_npo_s2
3,-4,real,8.72213363647461,8.773290634155273,8.5657958984375,-3.0560381790388127,forget,for_002,M_npo_s2
3,-3,real,8.72213363647461,8.773290634155273,8.795019149780273,1.4247418067931845,forget,for_002,M_npo_s2
3,-2,real,8.72213363647461,8.773290634155273,8.689802169799805,-0.6320047723798516,forget,for_002,M_npo_s2
3,-1,real,8.72213363647461,8.773290634155273,8.781774520874023,1.1658401998434063,forget,for_002,M_npo_s2
3,-11,random_position,8.72213363647461,8.773290634155273,8.724540710449219,0.04705268259945565,forget,for_002,M_npo_s2
4,-6,real,8.72213363647461,8.773290634155273,8.70743179321289,-0.28738674918906826,forget,for_002,M_npo_s2
4,-5,real,8.72213363647461,8.773290634155273,9.05752944946289,6.556205958017971,forget,for_002,M_npo_s2
4,-4,real,8.72213363647461,8.773290634155273,8.367301940917969,-6.936132135267141,forget,for_002,M_npo_s2
4,-3,real,8.72213363647461,8.773290634155273,8.815505981445312,1.8252115879348272,forget,for_002,M_npo_s2
4,-2,real,8.72213363647461,8.773290634155273,8.666494369506836,-1.0876179113381306,forget,for_002,M_npo_s2
4,-1,real,8.72213363647461,8.773290634155273,8.838958740234375,2.283658327429999,forget,for_002,M_npo_s2
4,-8,random_position,8.72213363647461,8.773290634155273,8.64936637878418,-1.4224301853025614,forget,for_002,M_npo_s2
5,-6,real,8.72213363647461,8.773290634155273,8.659341812133789,-1.2274337273032325,forget,for_002,M_npo_s2
5,-5,real,8.72213363647461,8.773290634155273,9.143310546875,8.233026359941837,forget,for_002,M_npo_s2
5,-4,real,8.72213363647461,8.773290634155273,8.234518051147461,-9.531747511278477,forget,for_002,M_npo_s2
5,-3,real,8.72213363647461,8.773290634155273,8.80010986328125,1.5242533835427463,forget,for_002,M_npo_s2
5,-2,real,8.72213363647461,8.773290634155273,8.68404769897461,-0.744491256850975,forget,for_002,M_npo_s2
5,-1,real,8.72213363647461,8.773290634155273,8.859777450561523,2.690615562432422,forget,for_002,M_npo_s2
5,-10,random_position,8.72213363647461,8.773290634155273,8.729293823242188,0.13996495283546476,forget,for_002,M_npo_s2
6,-6,real,8.72213363647461,8.773290634155273,8.584663391113281,-2.687222698631669,forget,for_002,M_npo_s2
6,-5,real,8.72213363647461,8.773290634155273,9.203977584838867,9.418925468849036,forget,for_002,M_npo_s2
6,-4,real,8.72213363647461,8.773290634155273,8.275833129882812,-8.724134074046455,forget,for_002,M_npo_s2
6,-3,real,8.72213363647461,8.773290634155273,8.780935287475586,1.149435144103501,forget,for_002,M_npo_s2
6,-2,real,8.72213363647461,8.773290634155273,8.684820175170898,-0.7293911487267439,forget,for_002,M_npo_s2
6,-1,real,8.72213363647461,8.773290634155273,8.780937194824219,1.1494724283210918,forget,for_002,M_npo_s2
6,-2,random_position,8.72213363647461,8.773290634155273,8.684820175170898,-0.7293911487267439,forget,for_002,M_npo_s2
7,-6,real,8.72213363647461,8.773290634155273,8.660192489624023,-1.210804966257783,forget,for_002,M_npo_s2
7,-5,real,8.72213363647461,8.773290634155273,9.150266647338867,8.369001901495096,forget,for_002,M_npo_s2
7,-4,real,8.72213363647461,8.773290634155273,8.284103393554688,-8.562469706573207,forget,for_002,M_npo_s2
7,-3,real,8.72213363647461,8.773290634155273,8.798763275146484,1.4979307259237165,forget,for_002,M_npo_s2
7,-2,real,8.72213363647461,8.773290634155273,8.699897766113281,-0.434659408672309,forget,for_002,M_npo_s2
7,-1,real,8.72213363647461,8.773290634155273,8.871461868286133,2.919018679393013,forget,for_002,M_npo_s2
7,-7,random_position,8.72213363647461,8.773290634155273,9.975362777709961,24.497707020618172,forget,for_002,M_npo_s2
8,-6,real,8.72213363647461,8.773290634155273,8.684362411499023,-0.7383393609485105,forget,for_002,M_npo_s2
8,-5,real,8.72213363647461,8.773290634155273,9.09349250793457,7.259199880690503,forget,for_002,M_npo_s2
8,-4,real,8.72213363647461,8.773290634155273,8.442703247070312,-5.462212445471832,forget,for_002,M_npo_s2
8,-3,real,8.72213363647461,8.773290634155273,8.808229446411133,1.6829722978263302,forget,for_002,M_npo_s2
8,-2,real,8.72213363647461,8.773290634155273,8.724555969238281,0.0473509563401812,forget,for_002,M_npo_s2
8,-1,real,8.72213363647461,8.773290634155273,9.075550079345703,6.908467245814847,forget,for_002,M_npo_s2
8,-5,random_position,8.72213363647461,8.773290634155273,9.09349250793457,7.259199880690503,forget,for_002,M_npo_s2
9,-6,real,8.72213363647461,8.773290634155273,8.665563583374023,-1.1058126095223892,forget,for_002,M_npo_s2
9,-5,real,8.72213363647461,8.773290634155273,8.924365997314453,3.9531710227060883,forget,for_002,M_npo_s2
9,-4,real,8.72213363647461,8.773290634155273,8.655921936035156,-1.2942843294433466,forget,for_002,M_npo_s2
9,-3,real,8.72213363647461,8.773290634155273,8.80942153930664,1.7062749338205139,forget,for_002,M_npo_s2
9,-2,real,8.72213363647461,8.773290634155273,8.796857833862305,1.4606837925506133,forget,for_002,M_npo_s2
9,-1,real,8.72213363647461,8.773290634155273,9.049554824829102,6.40032064427128,forget,for_002,M_npo_s2
9,-10,random_position,8.72213363647461,8.773290634155273,8.732404708862305,0.20077551172588642,forget,for_002,M_npo_s2
10,-6,real,8.72213363647461,8.773290634155273,8.699569702148438,-0.4410722940979084,forget,for_002,M_npo_s2
10,-5,real,8.72213363647461,8.773290634155273,8.936290740966797,4.186271951083106,forget,for_002,M_npo_s2
10,-4,real,8.72213363647461,8.773290634155273,8.915645599365234,3.782707579881436,forget,for_002,M_npo_s2
10,-3,real,8.72213363647461,8.773290634155273,8.819440841674805,1.9021289288244285,forget,for_002,M_npo_s2
10,-2,real,8.72213363647461,8.773290634155273,8.827919006347656,2.067857276015063,forget,for_002,M_npo_s2
10,-1,real,8.72213363647461,8.773290634155273,8.761251449584961,0.7646620185675403,forget,for_002,M_npo_s2
10,-5,random_position,8.72213363647461,8.773290634155273,8.936290740966797,4.186271951083106,forget,for_002,M_npo_s2
11,-6,real,8.72213363647461,8.773290634155273,8.72213363647461,0.0,forget,for_002,M_npo_s2
11,-5,real,8.72213363647461,8.773290634155273,8.72213363647461,0.0,forget,for_002,M_npo_s2
11,-4,real,8.72213363647461,8.773290634155273,8.72213363647461,0.0,forget,for_002,M_npo_s2
11,-3,real,8.72213363647461,8.773290634155273,8.72213363647461,0.0,forget,for_002,M_npo_s2
11,-2,real,8.72213363647461,8.773290634155273,8.72213363647461,0.0,forget,for_002,M_npo_s2
11,-1,real,8.72213363647461,8.773290634155273,8.80137825012207,1.5490473882405578,forget,for_002,M_npo_s2
11,-6,random_position,8.72213363647461,8.773290634155273,8.72213363647461,0.0,forget,for_002,M_npo_s2
0,-6,real,-28.53196144104004,9.489002227783203,-28.515840530395508,0.0004240005799156062,forget,for_003,M_npo_s2
0,-5,real,-28.53196144104004,9.489002227783203,-28.513263702392578,0.00049177445396506,forget,for_003,M_npo_s2
0,-4,real,-28.53196144104004,9.489002227783203,-28.511003494262695,0.0005512208201742405,forget,for_003,M_npo_s2
0,-3,real,-28.53196144104004,9.489002227783203,-28.517864227294922,0.0003707747617316902,forget,for_003,M_npo_s2
0,-2,real,-28.53196144104004,9.489002227783203,-28.51983642578125,0.0003189034177145656,forget,for_003,M_npo_s2
0,-1,real,-28.53196144104004,9.489002227783203,-28.467931747436523,0.0016840628807107075,forget,for_003,M_npo_s2
0,-15,random_position,-28.53196144104004,9.489002227783203,-28.543657302856445,-0.00030761613299130355,forget,for_003,M_npo_s2
1,-6,real,-28.53196144104004,9.489002227783203,-28.532217025756836,-6.722205124076104e-06,forget,for_003,M_npo_s2
1,-5,real,-28.53196144104004,9.489002227783203,-28.50289535522461,0.0007644752528790727,forget,for_003,M_npo_s2
1,-4,real,-28.53196144104004,9.489002227783203,-28.50775146484375,0.0006367533555216268,forget,for_003,M_npo_s2
1,-3,real,-28.53196144104004,9.489002227783203,-28.509197235107422,0.0005987277474317037,forget,for_003,M_npo_s2
1,-2,real,-28.53196144104004,9.489002227783203,-28.49726104736328,0.000912664759868034,forget,for_003,M_npo_s2
1,-1,real,-28.53196144104004,9.489002227783203,-28.388166427612305,0.003781992867941026,forget,for_003,M_npo_s2
1,-3,random_position,-28.53196144104004,9.489002227783203,-28.509197235107422,0.0005987277474317037,forget,for_003,M_npo_s2
2,-6,real,-28.53196144104004,9.489002227783203,-28.52728271484375,0.00012305648633849765,forget,for_003,M_npo_s2
2,-5,real,-28.53196144104004,9.489002227783203,-28.509244918823242,0.0005974736046846747,forget,for_003,M_npo_s2
2,-4,real,-28.53196144104004,9.489002227783203,-28.49826431274414,0.0008862775964705413,forget,for_003,M_npo_s2
2,-3,real,-28.53196144104004,9.489002227783203,-28.51023292541504,0.0005714877669662312,forget,for_003,M_npo_s2
2,-2,real,-28.53196144104004,9.489002227783203,-28.49578285217285,0.000951543185025937,forget,for_003,M_npo_s2
2,-1,real,-28.53196144104004,9.489002227783203,-28.298410415649414,0.006142690843528887,forget,for_003,M_npo_s2
2,-10,random_position,-28.53196144104004,9.489002227783203,-28.30154037475586,0.0060603689136138955,forget,for_003,M_npo_s2
3,-6,real,-28.53196144104004,9.489002227783203,-28.52136993408203,0.000278570186970109,forget,for_003,M_npo_s2
3,-5,real,-28.53196144104004,9.489002227783203,-28.50855827331543,0.000615533260241894,forget,for_003,M_npo_s2
3,-4,real,-28.53196144104004,9.489002227783203,-28.515562057495117,0.0004313247735582563,forget,for_003,M_npo_s2
3,-3,real,-28.53196144104004,9.489002227783203,-28.520963668823242,0.00028925548317479714,forget,for_003,M_npo_s2
3,-2,real,-28.53196144104004,9.489002227783203,-28.49988555908203,0.000843636743071551,forget,for_003,M_npo_s2
3,-1,real,-28.53196144104004,9.489002227783203,-28.133455276489258,0.010481222096891557,forget,for_003,M_npo_s2
3,-15,random_position,-28.53196144104004,9.489002227783203,-28.467920303344727,0.0016843638749699946,forget,for_003,M_npo_s2
4,-6,real,-28.53196144104004,9.489002227783203,-28.551593780517578,-0.0005163556518068309,forget,for_003,M_npo_s2
4,-5,real,-28.53196144104004,9.489002227783203,-28.520965576171875,0.00028920531746491596,forget,for_003,M_npo_s2
4,-4,real,-28.53196144104004,9.489002227783203,-28.527387619018555,0.00012029737229503356,forget,for_003,M_npo_s2
4,-3,real,-28.53196144104004,9.489002227783203,-28.518693923950195,0.00034895267793338345,forget,for_003,M_npo_s2
4,-2,real,-28.53196144104004,9.489002227783203,-28.521774291992188,0.00026793505647530204,forget,for_003,M_npo_s2
4,-1,real,-28.53196144104004,9.489002227783203,-27.9033145904541,0.01653421665115292,forget,for_003,M_npo_s2
4,-11,random_position,-28.53196144104004,9.489002227783203,-28.59111213684082,-0.0015557389948346876,forget,for_003,M_npo_s2
5,-6,real,-28.53196144104004,9.489002227783203,-28.56667709350586,-0.0009130660855470834,forget,for_003,M_npo_s2
5,-5,real,-28.53196144104004,9.489002227783203,-28.49686050415039,0.0009231995589430788,forget,for_003,M_npo_s2
5,-4,real,-28.53196144104004,9.489002227783203,-28.55774688720703,-0.0006781902318834691,forget,for_003,M_npo_s2
5,-3,real,-28.53196144104004,9.489002227783203,-28.53716468811035,-0.000136852056555818,forget,for_003,M_npo_s2
5,-2,real,-28.53196144104004,9.489002227783203,-28.54572296142578,-0.00036194559679260515,forget,for_003,M_npo_s2
5,-1,real,-28.53196144104004,9.489002227783203,-27.524147033691406,0.026506808615559346,forget,for_003,M_npo_s2
5,-13,random_position,-28.53196144104004,9.489002227783203,-28.536800384521484,-0.0001272704059685155,forget,for_003,M_npo_s2
6,-6,real,-28.53196144104004,9.489002227783203,-28.541996002197266,-0.00026392179968480885,forget,for_003,M_npo_s2
6,-5,real,-28.53196144104004,9.489002227783203,-28.464412689208984,0.001776618615441457,forget,for_003,M_npo_s2
6,-4,real,-28.53196144104004,9.489002227783203,-28.583667755126953,-0.0013599422291685009,forget,for_003,M_npo_s2
6,-3,real,-28.53196144104004,9.489002227783203,-28.530715942382812,3.275820855240072e-05,forget,for_003,M_npo_s2
6,-2,real,-28.53196144104004,9.489002227783203,-28.576168060302734,-0.0011626906579157601,forget,for_003,M_npo_s2
6,-1,real,-28.53196144104004,9.489002227783203,-26.955442428588867,0.0414644675022769,forget,for_003,M_npo_s2
6,-2,random_position,-28.53196144104004,9.489002227783203,-28.576168060302734,-0.0011626906579157601,forget,for_003,M_npo_s2
7,-6,real,-28.53196144104004,9.489002227783203,-28.469024658203125,0.0016553179289488002,forget,for_003,M_npo_s2
7,-5,real,-28.53196144104004,9.489002227783203,-28.39388084411621,0.003631696401137056,forget,for_003,M_npo_s2
7,-4,real,-28.53196144104004,9.489002227783203,-28.589460372924805,-0.0015122954900775988,forget,for_003,M_npo_s2
7,-3,real,-28.53196144104004,9.489002227783203,-28.51424789428711,0.000465888947666379,forget,for_003,M_npo_s2
7,-2,real,-28.53196144104004,9.489002227783203,-28.530916213989258,2.7490809014878397e-05,forget,for_003,M_npo_s2
7,-1,real,-28.53196144104004,9.489002227783203,-25.51614761352539,0.07931976300715338,forget,for_003,M_npo_s2
7,-9,random_position,-28.53196144104004,9.489002227783203,-26.46288299560547,0.05441941091911858,forget,for_003,M_npo_s2
8,-6,real,-28.53196144104004,9.489002227783203,-28.459754943847656,0.0018991232789712618,forget,for_003,M_npo_s2
8,-5,real,-28.53196144104004,9.489002227783203,-28.31427574157715,0.005725412468737356,forget,for_003,M_npo_s2
8,-4,real,-28.53196144104004,9.489002227783203,-28.552921295166016,-0.0005512709858841217,forget,for_003,M_npo_s2
8,-3,real,-28.53196144104004,9.489002227783203,-28.490880966186523,0.001080469059420531,forget,for_003,M_npo_s2
8,-2,real,-28.53196144104004,9.489002227783203,-28.515296936035156,0.00043829780723173825,forget,for_003,M_npo_s2
8,-1,real,-28.53196144104004,9.489002227783203,-20.968740463256836,0.1989223903860427,forget,for_003,M_npo_s2
8,-6,random_position,-28.53196144104004,9.489002227783203,-28.459754943847656,0.0018991232789712618,forget,for_003,M_npo_s2
9,-6,real,-28.53196144104004,9.489002227783203,-28.14698028564453,0.010125497048124217,forget,for_003,M_npo_s2
9,-5,real,-28.53196144104004,9.489002227783203,-27.98178482055664,0.014470349180931914,forget,for_003,M_npo_s2
9,-4,real,-28.53196144104004,9.489002227783203,-28.32281494140625,0.0055008205855993815,forget,for_003,M_npo_s2
9,-3,real,-28.53196144104004,9.489002227783203,-27.989585876464844,0.014265171427517948,forget,for_003,M_npo_s2
9,-2,real,-28.53196144104004,9.489002227783203,-28.298938751220703,0.006128794941891804,forget,for_003,M_npo_s2
9,-1,real,-28.53196144104004,9.489002227783203,-11.113414764404297,0.4581300681476086,forget,for_003,M_npo_s2
9,-14,random_position,-28.53196144104004,9.489002227783203,-28.508460998535156,0.0006180917114458334,forget,for_003,M_npo_s2
10,-6,real,-28.53196144104004,9.489002227783203,-27.86678695678711,0.01749494016108711,forget,for_003,M_npo_s2
10,-5,real,-28.53196144104004,9.489002227783203,-27.8083553314209,0.0190317666832966,forget,for_003,M_npo_s2
10,-4,real,-28.53196144104004,9.489002227783203,-28.267539978027344,0.006954622857955541,forget,for_003,M_npo_s2
10,-3,real,-28.53196144104004,9.489002227783203,-27.11960220336914,0.03714685534993467,forget,for_003,M_npo_s2
10,-2,real,-28.53196144104004,9.489002227783203,-28.272809982299805,0.006816015001553883,forget,for_003,M_npo_s2
10,-1,real,-28.53196144104004,9.489002227783203,0.8809928894042969,0.7735983387123516,forget,for_003,M_npo_s2
10,-7,random_position,-28.53196144104004,9.489002227783203,-25.601146697998047,0.07708417831200914,forget,for_003,M_npo_s2
11,-6,real,-28.53196144104004,9.489002227783203,-28.53196144104004,0.0,forget,for_003,M_npo_s2
11,-5,real,-28.53196144104004,9.489002227783203,-28.53196144104004,0.0,forget,for_003,M_npo_s2
11,-4,real,-28.53196144104004,9.489002227783203,-28.53196144104004,0.0,forget,for_003,M_npo_s2
11,-3,real,-28.53196144104004,9.489002227783203,-28.53196144104004,0.0,forget,for_003,M_npo_s2
11,-2,real,-28.53196144104004,9.489002227783203,-28.53196144104004,0.0,forget,for_003,M_npo_s2
11,-1,real,-28.53196144104004,9.489002227783203,9.296878814697266,0.99494690837509,forget,for_003,M_npo_s2
11,-7,random_position,-28.53196144104004,9.489002227783203,-28.53196144104004,0.0,forget,for_003,M_npo_s2
0,-6,real,-29.17924690246582,9.362415313720703,-28.809457778930664,0.009594529718540634,forget,for_003,M_npo_s2
0,-5,real,-29.17924690246582,9.362415313720703,-28.965517044067383,0.005545423993381281,forget,for_003,M_npo_s2
0,-4,real,-29.17924690246582,9.362415313720703,-28.069169998168945,0.02880199868055174,forget,for_003,M_npo_s2
0,-3,real,-29.17924690246582,9.362415313720703,-29.15053367614746,0.0007449919040155084,forget,for_003,M_npo_s2
0,-2,real,-29.17924690246582,9.362415313720703,-29.17032241821289,0.00023155421275996836,forget,for_003,M_npo_s2
0,-1,real,-29.17924690246582,9.362415313720703,-29.1258487701416,0.0013854652148809733,forget,for_003,M_npo_s2
0,-12,random_position,-29.17924690246582,9.362415313720703,-29.177976608276367,3.295898818083756e-05,forget,for_003,M_npo_s2
1,-6,real,-29.17924690246582,9.362415313720703,-28.487293243408203,0.017953394308121307,forget,for_003,M_npo_s2
1,-5,real,-29.17924690246582,9.362415313720703,-28.736005783081055,0.011500311452540714,forget,for_003,M_npo_s2
1,-4,real,-29.17924690246582,9.362415313720703,-27.25144386291504,0.050018679234367654,forget,for_003,M_npo_s2
1,-3,real,-29.17924690246582,9.362415313720703,-29.11685562133789,0.0016188009945696355,forget,for_003,M_npo_s2
1,-2,real,-29.17924690246582,9.362415313720703,-29.15667724609375,0.0005855911518676438,forget,for_003,M_npo_s2
1,-1,real,-29.17924690246582,9.362415313720703,-29.045562744140625,0.0034685623462563414,forget,for_003,M_npo_s2
1,-3,random_position,-29.17924690246582,9.362415313720703,-29.11685562133789,0.0016188009945696355,forget,for_003,M_npo_s2
2,-6,real,-29.17924690246582,9.362415313720703,-28.25788116455078,0.023905708392828184,forget,for_003,M_npo_s2
2,-5,real,-29.17924690246582,9.362415313720703,-28.228130340576172,0.024677621752655067,forget,for_003,M_npo_s2
2,-4,real,-29.17924690246582,9.362415313720703,-26.00417709350586,0.0823801991504796,forget,for_003,M_npo_s2
2,-3,real,-29.17924690246582,9.362415313720703,-29.08616065979004,0.00241521089966606,forget,for_003,M_npo_s2
2,-2,real,-29.17924690246582,9.362415313720703,-29.14167022705078,0.0009749625017277488,forget,for_003,M_npo_s2
2,-1,real,-29.17924690246582,9.362415313720703,-28.92696762084961,0.006545625359932194,forget,for_003,M_npo_s2
2,-8,random_position,-29.17924690246582,9.362415313720703,-29.27927017211914,-0.0025951986474343877,forget,for_003,M_npo_s2
3,-6,real,-29.17924690246582,9.362415313720703,-28.513898849487305,0.017263086611222653,forget,for_003,M_npo_s2
3,-5,real,-29.17924690246582,9.362415313720703,-27.86394691467285,0.03412670632665594,forget,for_003,M_npo_s2
3,-4,real,-29.17924690246582,9.362415313720703,-23.397661209106445,0.1500087272035521,forget,for_003,M_npo_s2
3,-3,real,-29.17924690246582,9.362415313720703,-29.11685562133789,0.0016188009945696355,forget,for_003,M_npo_s2
3,-2,real,-29.17924690246582,9.362415313720703,-29.126026153564453,0.001380862833648514,forget,for_003,M_npo_s2
3,-1,real,-29.17924690246582,9.362415313720703,-28.76835823059082,0.010660896501304428,forget,for_003,M_npo_s2
3,-12,random_position,-29.17924690246582,9.362415313720703,-29.10030746459961,0.0020481586243848706,forget,for_003,M_npo_s2
4,-6,real,-29.17924690246582,9.362415313720703,-28.59514808654785,0.01515499805487533,forget,for_003,M_npo_s2
4,-5,real,-29.17924690246582,9.362415313720703,-27.362028121948242,0.04714946569570609,forget,for_003,M_npo_s2
4,-4,real,-29.17924690246582,9.362415313720703,-19.518091201782227,0.2506678525304016,forget,for_003,M_npo_s2
4,-3,real,-29.17924690246582,9.362415313720703,-29.15598487854004,0.0006035552850653075,forget,for_003,M_npo_s2
4,-2,real,-29.17924690246582,9.362415313720703,-29.16956329345703,0.0002512504249160845,forget,for_003,M_npo_s2
4,-1,real,-29.17924690246582,9.362415313720703,-28.50436019897461,0.017510575950400384,forget,for_003,M_npo_s2
4,-9,random_position,-29.17924690246582,9.362415313720703,-29.14537811279297,0.000878757887578277,forget,for_003,M_npo_s2
5,-6,real,-29.17924690246582,9.362415313720703,-28.604225158691406,0.014919484804496041,forget,for_003,M_npo_s2
5,-5,real,-29.17924690246582,9.362415313720703,-26.399023056030273,0.07213554596687642,forget,for_003,M_npo_s2
5,-4,real,-29.17924690246582,9.362415313720703,-12.472864151000977,0.4334629538745889,forget,for_003,M_npo_s2
5,-3,real,-29.17924690246582,9.362415313720703,-29.19449806213379,-0.00039570581005101665,forget,for_003,M_npo_s2
5,-2,real,-29.17924690246582,9.362415313720703,-29.20370101928711,-0.0006344852664662437,forget,for_003,M_npo_s2
5,-1,real,-29.17924690246582,9.362415313720703,-28.322317123413086,0.02223385629415966,forget,for_003,M_npo_s2
5,-11,random_position,-29.17924690246582,9.362415313720703,-29.156349182128906,0.0005941030827491814,forget,for_003,M_npo_s2
6,-6,real,-29.17924690246582,9.362415313720703,-28.425933837890625,0.019545422310790293,forget,for_003,M_npo_s2
6,-5,real,-29.17924690246582,9.362415313720703,-24.608928680419922,0.11858124323777816,forget,for_003,M_npo_s2
6,-4,real,-29.17924690246582,9.362415313720703,-8.87955093383789,0.5266948751396241,forget,for_003,M_npo_s2
6,-3,real,-29.17924690246582,9.362415313720703,-29.193275451660156,-0.00036398402112621653,forget,for_003,M_npo_s2
6,-2,real,-29.17924690246582,9.362415313720703,-29.190576553344727,-0.00029395854323449713,forget,for_003,M_npo_s2
6,-1,real,-29.17924690246582,9.362415313720703,-27.64642333984375,0.039770561892847556,forget,for_003,M_npo_s2
6,-2,random_position,-29.17924690246582,9.362415313720703,-29.190576553344727,-0.00029395854323449713,forget,for_003,M_npo_s2
7,-6,real,-29.17924690246582,9.362415313720703,-28.123565673828125,0.02739065125723446,forget,for_003,M_npo_s2
7,-5,real,-29.17924690246582,9.362415313720703,-22.97399139404297,0.16100124259344478,forget,for_003,M_npo_s2
7,-4,real,-29.17924690246582,9.362415313720703,-2.96990966796875,0.6800261256892499,forget,for_003,M_npo_s2
7,-3,real,-29.17924690246582,9.362415313720703,-29.179893493652344,-1.6776421911867764e-05,forget,for_003,M_npo_s2
7,-2,real,-29.17924690246582,9.362415313720703,-29.159046173095703,0.0005241270928277035,forget,for_003,M_npo_s2
7,-1,real,-29.17924690246582,9.362415313720703,-25.871578216552734,0.08582060284166854,forget,for_003,M_npo_s2
7,-8,random_position,-29.17924690246582,9.362415313720703,-29.107666015625,0.001857234035193172,forget,for_003,M_npo_s2
8,-6,real,-29.17924690246582,9.362415313720703,-27.83574676513672,0.03485838596667648,forget,for_003,M_npo_s2
8,-5,real,-29.17924690246582,9.362415313720703,-21.695528030395508,0.19417218775082667,forget,for_003,M_npo_s2
8,-4,real,-29.17924690246582,9.362415313720703,-7.261257171630859,0.5686830424669634,forget,for_003,M_npo_s2
8,-3,real,-29.17924690246582,9.362415313720703,-29.14518928527832,0.0008836571966321853,forget,for_003,M_npo_s2
8,-2,real,-29.17924690246582,9.362415313720703,-29.14002227783203,0.0010177201080164028,forget,for_003,M_npo_s2
8,-1,real,-29.17924690246582,9.362415313720703,-22.105976104736328,0.18352272297064803,forget,for_003,M_npo_s2
8,-5,random_position,-29.17924690246582,9.362415313720703,-21.695528030395508,0.19417218775082667,forget,for_003,M_npo_s2
9,-6,real,-29.17924690246582,9.362415313720703,-27.98288345336914,0.03104078496630686,forget,for_003,M_npo_s2
9,-5,real,-29.17924690246582,9.362415313720703,-27.80161476135254,0.035743973194148085,forget,for_003,M_npo_s2
9,-4,real,-29.17924690246582,9.362415313720703,-18.627504348754883,0.2737749735474427,forget,for_003,M_npo_s2
9,-3,real,-29.17924690246582,9.362415313720703,-29.009300231933594,0.004409427636487698,forget,for_003,M_npo_s2
9,-2,real,-29.17924690246582,9.362415313720703,-29.055130004882812,0.0032203306875249883,forget,for_003,M_npo_s2
9,-1,real,-29.17924690246582,9.362415313720703,-11.187152862548828,0.4668219533188884,forget,for_003,M_npo_s2
9,-11,random_position,-29.17924690246582,9.362415313720703,-29.159242630004883,0.0005190298318928292,forget,for_003,M_npo_s2
10,-6,real,-29.17924690246582,9.362415313720703,-27.613216400146484,0.040632147454752035,forget,for_003,M_npo_s2
10,-5,real,-29.17924690246582,9.362415313720703,-28.958837509155273,0.005718730865167007,forget,for_003,M_npo_s2
10,-4,real,-29.17924690246582,9.362415313720703,-26.24041175842285,0.0762508665962189,forget,for_003,M_npo_s2
10,-3,real,-29.17924690246582,9.362415313720703,-29.016212463378906,0.00423008323233251,forget,for_003,M_npo_s2
10,-2,real,-29.17924690246582,9.362415313720703,-28.992637634277344,0.0048417545445174235,forget,for_003,M_npo_s2
10,-1,real,-29.17924690246582,9.362415313720703,-1.9523696899414062,0.7064271660055651,forget,for_003,M_npo_s2
10,-6,random_position,-29.17924690246582,9.362415313720703,-27.613216400146484,0.040632147454752035,forget,for_003,M_npo_s2
11,-6,real,-29.17924690246582,9.362415313720703,-29.17924690246582,0.0,forget,for_003,M_npo_s2
11,-5,real,-29.17924690246582,9.362415313720703,-29.17924690246582,0.0,forget,for_003,M_npo_s2
11,-4,real,-29.17924690246582,9.362415313720703,-29.17924690246582,0.0,forget,for_003,M_npo_s2
11,-3,real,-29.17924690246582,9.362415313720703,-29.17924690246582,0.0,forget,for_003,M_npo_s2
11,-2,real,-29.17924690246582,9.362415313720703,-29.17924690246582,0.0,forget,for_003,M_npo_s2
11,-1,real,-29.17924690246582,9.362415313720703,9.173038482666016,0.9950864384106621,forget,for_003,M_npo_s2
11,-6,random_position,-29.17924690246582,9.362415313720703,-29.17924690246582,0.0,forget,for_003,M_npo_s2
0,-6,real,-28.689725875854492,8.934595108032227,-28.642684936523438,0.0012502800874785436,forget,for_003,M_npo_s2
0,-5,real,-28.689725875854492,8.934595108032227,-28.661357879638672,0.0007539802838692932,forget,for_003,M_npo_s2
0,-4,real,-28.689725875854492,8.934595108032227,-28.295528411865234,0.010477198091045413,forget,for_003,M_npo_s2
0,-3,real,-28.689725875854492,8.934595108032227,-28.498456954956055,0.005083651103772791,forget,for_003,M_npo_s2
0,-2,real,-28.689725875854492,8.934595108032227,-27.68712615966797,0.026647649445046582,forget,for_003,M_npo_s2
0,-1,real,-28.689725875854492,8.934595108032227,-28.618427276611328,0.001895013581074299,forget,for_003,M_npo_s2
0,-13,random_position,-28.689725875854492,8.934595108032227,-28.688596725463867,3.001118322131524e-05,forget,for_003,M_npo_s2
1,-6,real,-28.689725875854492,8.934595108032227,-28.670684814453125,0.0005060838548959292,forget,for_003,M_npo_s2
1,-5,real,-28.689725875854492,8.934595108032227,-28.538768768310547,0.004012221446032085,forget,for_003,M_npo_s2
1,-4,real,-28.689725875854492,8.934595108032227,-27.940109252929688,0.01992372495561691,forget,for_003,M_npo_s2
1,-3,real,-28.689725875854492,8.934595108032227,-28.310871124267578,0.010069411000112542,forget,for_003,M_npo_s2
1,-2,real,-28.689725875854492,8.934595108032227,-26.78993797302246,0.05049361299159788,forget,for_003,M_npo_s2
1,-1,real,-28.689725875854492,8.934595108032227,-28.559921264648438,0.003450018706294947,forget,for_003,M_npo_s2
1,-3,random_position,-28.689725875854492,8.934595108032227,-28.310871124267578,0.010069411000112542,forget,for_003,M_npo_s2
2,-6,real,-28.689725875854492,8.934595108032227,-28.75990867614746,-0.0018653572598167493,forget,for_003,M_npo_s2
2,-5,real,-28.689725875854492,8.934595108032227,-28.382076263427734,0.008176881452784602,forget,for_003,M_npo_s2
2,-4,real,-28.689725875854492,8.934595108032227,-27.684463500976562,0.026718419059534686,forget,for_003,M_npo_s2
2,-3,real,-28.689725875854492,8.934595108032227,-27.786134719848633,0.02401614520546001,forget,for_003,M_npo_s2
2,-2,real,-28.689725875854492,8.934595108032227,-25.3382568359375,0.08907719667159755,forget,for_003,M_npo_s2
2,-1,real,-28.689725875854492,8.934595108032227,-28.472423553466797,0.005775581238549365,forget,for_003,M_npo_s2
2,-9,random_position,-28.689725875854492,8.934595108032227,-28.710559844970703,-0.0005537367471730176,forget,for_003,M_npo_s2
3,-6,real,-28.689725875854492,8.934595108032227,-28.73935317993164,-0.0013190219193165561,forget,for_003,M_npo_s2
3,-5,real,-28.689725875854492,8.934595108032227,-28.320348739624023,0.009817509700405253,forget,for_003,M_npo_s2
3,-4,real,-28.689725875854492,8.934595108032227,-28.08885955810547,0.01597015712273864,forget,for_003,M_npo_s2
3,-3,real,-28.689725875854492,8.934595108032227,-27.60985565185547,0.028701387713056588,forget,for_003,M_npo_s2
3,-2,real,-28.689725875854492,8.934595108032227,-22.194740295410156,0.17262731686841415,forget,for_003,M_npo_s2
3,-1,real,-28.689725875854492,8.934595108032227,-28.426982879638672,0.006983328584942295,forget,for_003,M_npo_s2
3,-13,random_position,-28.689725875854492,8.934595108032227,-28.567913055419922,0.0032376084736981383,forget,for_003,M_npo_s2
4,-6,real,-28.689725875854492,8.934595108032227,-28.727275848388672,-0.0009980239258074884,forget,for_003,M_npo_s2
4,-5,real,-28.689725875854492,8.934595108032227,-28.425167083740234,0.007031589812014409,forget,for_003,M_npo_s2
4,-4,real,-28.689725875854492,8.934595108032227,-28.266590118408203,0.011246336050224121,forget,for_003,M_npo_s2
4,-3,real,-28.689725875854492,8.934595108032227,-27.471895217895508,0.032368176384646036,forget,for_003,M_npo_s2
4,-2,real,-28.689725875854492,8.934595108032227,-17.95171546936035,0.2854007760324202,forget,for_003,M_npo_s2
4,-1,real,-28.689725875854492,8.934595108032227,-28.280895233154297,0.010866126803332458,forget,for_003,M_npo_s2
4,-10,random_position,-28.689725875854492,8.934595108032227,-28.64661979675293,0.0011456971973002102,forget,for_003,M_npo_s2
5,-6,real,-28.689725875854492,8.934595108032227,-28.692588806152344,-7.609254394458476e-05,forget,for_003,M_npo_s2
5,-5,real,-28.689725875854492,8.934595108032227,-28.482311248779297,0.005512780607097848,forget,for_003,M_npo_s2
5,-4,real,-28.689725875854492,8.934595108032227,-28.27649688720703,0.010983028473110081,forget,for_003,M_npo_s2
5,-3,real,-28.689725875854492,8.934595108032227,-27.124351501464844,0.041605385385162105,forget,for_003,M_npo_s2
5,-2,real,-28.689725875854492,8.934595108032227,-10.739452362060547,0.4770922914856448,forget,for_003,M_npo_s2
5,-1,real,-28.689725875854492,8.934595108032227,-28.092967987060547,0.015860961027031356,forget,for_003,M_npo_s2
5,-12,random_position,-28.689725875854492,8.934595108032227,-28.67249870300293,0.0004578733223900663,forget,for_003,M_npo_s2
6,-6,real,-28.689725875854492,8.934595108032227,-28.653743743896484,0.0009563529923481621,forget,for_003,M_npo_s2
6,-5,real,-28.689725875854492,8.934595108032227,-28.62086296081543,0.001830276619970212,forget,for_003,M_npo_s2
6,-4,real,-28.689725875854492,8.934595108032227,-28.11834716796875,0.015186419128479295,forget,for_003,M_npo_s2
6,-3,real,-28.689725875854492,8.934595108032227,-26.193561553955078,0.0663444351053788,forget,for_003,M_npo_s2
6,-2,real,-28.689725875854492,8.934595108032227,-7.130603790283203,0.5730102636218835,forget,for_003,M_npo_s2
6,-1,real,-28.689725875854492,8.934595108032227,-27.4981689453125,0.03166985873452168,forget,for_003,M_npo_s2
6,-2,random_position,-28.689725875854492,8.934595108032227,-7.130603790283203,0.5730102636218835,forget,for_003,M_npo_s2
7,-6,real,-28.689725875854492,8.934595108032227,-28.739524841308594,-0.001323584430279256,forget,for_003,M_npo_s2
7,-5,real,-28.689725875854492,8.934595108032227,-28.780643463134766,-0.0024164578895446514,forget,for_003,M_npo_s2
7,-4,real,-28.689725875854492,8.934595108032227,-27.9682674407959,0.01917532107403536,forget,for_003,M_npo_s2
7,-3,real,-28.689725875854492,8.934595108032227,-25.834529876708984,0.075886977478432,forget,for_003,M_npo_s2
7,-2,real,-28.689725875854492,8.934595108032227,-1.5870552062988281,0.7203497620904006,forget,for_003,M_npo_s2
7,-1,real,-28.689725875854492,8.934595108032227,-25.646175384521484,0.0808931672849714,forget,for_003,M_npo_s2
7,-8,random_position,-28.689725875854492,8.934595108032227,-28.672414779663086,0.00046010388330516405,forget,for_003,M_npo_s2
8,-6,real,-28.689725875854492,8.934595108032227,-28.703357696533203,-0.0003623140650046284,forget,for_003,M_npo_s2
8,-5,real,-28.689725875854492,8.934595108032227,-28.661413192749023,0.0007525101414479787,forget,for_003,M_npo_s2
8,-4,real,-28.689725875854492,8.934595108032227,-27.68743133544922,0.026639538314446227,forget,for_003,M_npo_s2
8,-3,real,-28.689725875854492,8.934595108032227,-24.829431533813477,0.102601036805269,forget,for_003,M_npo_s2
8,-2,real,-28.689725875854492,8.934595108032227,-6.924446105957031,0.5784896365098211,forget,for_003,M_npo_s2
8,-1,real,-28.689725875854492,8.934595108032227,-20.48979949951172,0.21794217574995006,forget,for_003,M_npo_s2
8,-5,random_position,-28.689725875854492,8.934595108032227,-28.661413192749023,0.0007525101414479787,forget,for_003,M_npo_s2
9,-6,real,-28.689725875854492,8.934595108032227,-28.689590454101562,3.5993142039077398e-06,forget,for_003,M_npo_s2
9,-5,real,-28.689725875854492,8.934595108032227,-28.605770111083984,0.002231422722724042,forget,for_003,M_npo_s2
9,-4,real,-28.689725875854492,8.934595108032227,-28.185455322265625,0.013402781509461127,forget,for_003,M_npo_s2
9,-3,real,-28.689725875854492,8.934595108032227,-28.52056121826172,0.004496151775475794,forget,for_003,M_npo_s2
9,-2,real,-28.689725875854492,8.934595108032227,-18.20766258239746,0.2785980721870346,forget,for_003,M_npo_s2
9,-1,real,-28.689725875854492,8.934595108032227,-9.594165802001953,0.5075323507374538,forget,for_003,M_npo_s2
9,-12,random_position,-28.689725875854492,8.934595108032227,-28.685558319091797,0.00011076762726110439,forget,for_003,M_npo_s2
10,-6,real,-28.689725875854492,8.934595108032227,-28.70751953125,-0.00047292960856697613,forget,for_003,M_npo_s2
10,-5,real,-28.689725875854492,8.934595108032227,-28.61406898498535,0.0020108506649606254,forget,for_003,M_npo_s2
10,-4,real,-28.689725875854492,8.934595108032227,-28.127702713012695,0.014937762281012148,forget,for_003,M_npo_s2
10,-3,real,-28.689725875854492,8.934595108032227,-28.443029403686523,0.006556835199062353,forget,for_003,M_npo_s2
10,-2,real,-28.689725875854492,8.934595108032227,-25.912683486938477,0.07380976762624722,forget,for_003,M_npo_s2
10,-1,real,-28.689725875854492,8.934595108032227,-1.2750434875488281,0.728642582016204,forget,for_003,M_npo_s2
10,-6,random_position,-28.689725875854492,8.934595108032227,-28.70751953125,-0.00047292960856697613,forget,for_003,M_npo_s2
11,-6,real,-28.689725875854492,8.934595108032227,-28.689725875854492,0.0,forget,for_003,M_npo_s2
11,-5,real,-28.689725875854492,8.934595108032227,-28.689725875854492,0.0,forget,for_003,M_npo_s2
11,-4,real,-28.689725875854492,8.934595108032227,-28.689725875854492,0.0,forget,for_003,M_npo_s2
11,-3,real,-28.689725875854492,8.934595108032227,-28.689725875854492,0.0,forget,for_003,M_npo_s2
11,-2,real,-28.689725875854492,8.934595108032227,-28.689725875854492,0.0,forget,for_003,M_npo_s2
11,-1,real,-28.689725875854492,8.934595108032227,8.751516342163086,0.9951340313637143,forget,for_003,M_npo_s2
11,-6,random_position,-28.689725875854492,8.934595108032227,-28.689725875854492,0.0,forget,for_003,M_npo_s2
0,-6,real,-29.31634521484375,9.583717346191406,-29.11172103881836,0.0052602531346660495,forget,for_003,M_npo_s2
0,-5,real,-29.31634521484375,9.583717346191406,-28.190963745117188,0.028930068376132077,forget,for_003,M_npo_s2
0,-4,real,-29.31634521484375,9.583717346191406,-29.296905517578125,0.0004997343445174063,forget,for_003,M_npo_s2
0,-3,real,-29.31634521484375,9.583717346191406,-29.297029495239258,0.0004965472632385962,forget,for_003,M_npo_s2
0,-2,real,-29.31634521484375,9.583717346191406,-29.30813980102539,0.00021093574863754726,forget,for_003,M_npo_s2
0,-1,real,-29.31634521484375,9.583717346191406,-29.225208282470703,0.0023428479640630597,forget,for_003,M_npo_s2
0,-13,random_position,-29.31634521484375,9.583717346191406,-29.31073570251465,0.0001442031698612335,forget,for_003,M_npo_s2
1,-6,real,-29.31634521484375,9.583717346191406,-28.907135009765625,0.01051952562893862,forget,for_003,M_npo_s2
1,-5,real,-29.31634521484375,9.583717346191406,-27.327852249145508,0.0511179888869908,forget,for_003,M_npo_s2
1,-4,real,-29.31634521484375,9.583717346191406,-29.29590606689453,0.0005254271228265822,forget,for_003,M_npo_s2
1,-3,real,-29.31634521484375,9.583717346191406,-29.286788940429688,0.0007598001768683014,forget,for_003,M_npo_s2
1,-2,real,-29.31634521484375,9.583717346191406,-29.281206130981445,0.0009033168984540989,forget,for_003,M_npo_s2
1,-1,real,-29.31634521484375,9.583717346191406,-29.136445999145508,0.00462465106363199,forget,for_003,M_npo_s2
1,-3,random_position,-29.31634521484375,9.583717346191406,-29.286788940429688,0.0007598001768683014,forget,for_003,M_npo_s2
2,-6,real,-29.31634521484375,9.583717346191406,-28.414409637451172,0.023185967271322997,forget,for_003,M_npo_s2
2,-5,real,-29.31634521484375,9.583717346191406,-25.935199737548828,0.08691876708398145,forget,for_003,M_npo_s2
2,-4,real,-29.31634521484375,9.583717346191406,-29.288299560546875,0.0007209668172864935,forget,for_003,M_npo_s2
2,-3,real,-29.31634521484375,9.583717346191406,-29.279102325439453,0.0009573992161545207,forget,for_003,M_npo_s2
2,-2,real,-29.31634521484375,9.583717346191406,-29.280838012695312,0.0009127800782511808,forget,for_003,M_npo_s2
2,-1,real,-29.31634521484375,9.583717346191406,-29.047847747802734,0.006902237409508956,forget,for_003,M_npo_s2
2,-9,random_position,-29.31634521484375,9.583717346191406,-29.405315399169922,-0.002287147589713396,forget,for_003,M_npo_s2
3,-6,real,-29.31634521484375,9.583717346191406,-28.026945114135742,0.03314647884395834,forget,for_003,M_npo_s2
3,-5,real,-29.31634521484375,9.583717346191406,-23.038040161132812,0.1613957572397248,forget,for_003,M_npo_s2
3,-4,real,-29.31634521484375,9.583717346191406,-29.290847778320312,0.0006554600390020298,forget,for_003,M_npo_s2
3,-3,real,-29.31634521484375,9.583717346191406,-29.269254684448242,0.0012105515337313818,forget,for_003,M_npo_s2
3,-2,real,-29.31634521484375,9.583717346191406,-29.287370681762695,0.0007448454108677314,forget,for_003,M_npo_s2
3,-1,real,-29.31634521484375,9.583717346191406,-28.943513870239258,0.00958433791769642,forget,for_003,M_npo_s2
3,-13,random_position,-29.31634521484375,9.583717346191406,-29.216869354248047,0.002557215954077787,forget,for_003,M_npo_s2
4,-6,real,-29.31634521484375,9.583717346191406,-27.423053741455078,0.048670653689002454,forget,for_003,M_npo_s2
4,-5,real,-29.31634521484375,9.583717346191406,-18.909318923950195,0.26753237927483214,forget,for_003,M_npo_s2
4,-4,real,-29.31634521484375,9.583717346191406,-29.289369583129883,0.0006934598542493796,forget,for_003,M_npo_s2
4,-3,real,-29.31634521484375,9.583717346191406,-29.27141571044922,0.00115499825544074,forget,for_003,M_npo_s2
4,-2,real,-29.31634521484375,9.583717346191406,-29.286334991455078,0.0007714697975507133,forget,for_003,M_npo_s2
4,-1,real,-29.31634521484375,9.583717346191406,-28.7814884185791,0.013749509924963358,forget,for_003,M_npo_s2
4,-10,random_position,-29.31634521484375,9.583717346191406,-29.27976417541504,0.0009403851053276427,forget,for_003,M_npo_s2
5,-6,real,-29.31634521484375,9.583717346191406,-26.23311996459961,0.07926016173898137,forget,for_003,M_npo_s2
5,-5,real,-29.31634521484375,9.583717346191406,-11.792984008789062,0.45047128596670255,forget,for_003,M_npo_s2
5,-4,real,-29.31634521484375,9.583717346191406,-29.297195434570312,0.0004922814775269583,forget,for_003,M_npo_s2
5,-3,real,-29.31634521484375,9.583717346191406,-29.283451080322266,0.000845606211297801,forget,for_003,M_npo_s2
5,-2,real,-29.31634521484375,9.583717346191406,-29.316452026367188,-2.7457931017439904e-06,forget,for_003,M_npo_s2
5,-1,real,-29.31634521484375,9.583717346191406,-28.567852020263672,0.019241439352589058,forget,for_003,M_npo_s2
5,-12,random_position,-29.31634521484375,9.583717346191406,-29.282081604003906,0.000880811201423733,forget,for_003,M_npo_s2
6,-6,real,-29.31634521484375,9.583717346191406,-24.37428092956543,0.12704515005661238,forget,for_003,M_npo_s2
6,-5,real,-29.31634521484375,9.583717346191406,-8.220874786376953,0.5422991388604449,forget,for_003,M_npo_s2
6,-4,real,-29.31634521484375,9.583717346191406,-29.302583694458008,0.00035376602194790876,forget,for_003,M_npo_s2
6,-3,real,-29.31634521484375,9.583717346191406,-29.2784423828125,0.0009743642949617247,forget,for_003,M_npo_s2
6,-2,real,-29.31634521484375,9.583717346191406,-29.307538986206055,0.0002263808348348572,forget,for_003,M_npo_s2
6,-1,real,-29.31634521484375,9.583717346191406,-27.788116455078125,0.039286023187438235,forget,for_003,M_npo_s2
6,-2,random_position,-29.31634521484375,9.583717346191406,-29.307538986206055,0.0002263808348348572,forget,for_003,M_npo_s2
7,-6,real,-29.31634521484375,9.583717346191406,-22.635910034179688,0.17173327601163355,forget,for_003,M_npo_s2
7,-5,real,-29.31634521484375,9.583717346191406,-2.7099761962890625,0.6839672552404932,forget,for_003,M_npo_s2
7,-4,real,-29.31634521484375,9.583717346191406,-29.291561126708984,0.0006371220636439538,forget,for_003,M_npo_s2
7,-3,real,-29.31634521484375,9.583717346191406,-29.270715713500977,0.0011729930066610979,forget,for_003,M_npo_s2
7,-2,real,-29.31634521484375,9.583717346191406,-29.291698455810547,0.0006335917582274258,forget,for_003,M_npo_s2
7,-1,real,-29.31634521484375,9.583717346191406,-25.922632217407227,0.08724183906161344,forget,for_003,M_npo_s2
7,-8,random_position,-29.31634521484375,9.583717346191406,-29.342153549194336,-0.0006634522582088917,forget,for_003,M_npo_s2
8,-6,real,-29.31634521484375,9.583717346191406,-21.39252471923828,0.20369685738095664,forget,for_003,M_npo_s2
8,-5,real,-29.31634521484375,9.583717346191406,-7.373805999755859,0.5640746510538256,forget,for_003,M_npo_s2
8,-4,real,-29.31634521484375,9.583717346191406,-29.288312911987305,0.0007206235931487755,forget,for_003,M_npo_s2
8,-3,real,-29.31634521484375,9.583717346191406,-29.286428451538086,0.0007690672285866874,forget,for_003,M_npo_s2
8,-2,real,-29.31634521484375,9.583717346191406,-29.281005859375,0.0009084652605198688,forget,for_003,M_npo_s2
8,-1,real,-29.31634521484375,9.583717346191406,-21.71459197998047,0.1954175066668837,forget,for_003,M_npo_s2
8,-5,random_position,-29.31634521484375,9.583717346191406,-7.373805999755859,0.5640746510538256,forget,for_003,M_npo_s2
9,-6,real,-29.31634521484375,9.583717346191406,-28.017812728881836,0.033381244154157455,forget,for_003,M_npo_s2
9,-5,real,-29.31634521484375,9.583717346191406,-18.39430809020996,0.2807717110350875,forget,for_003,M_npo_s2
9,-4,real,-29.31634521484375,9.583717346191406,-29.233383178710938,0.0021326967277402967,forget,for_003,M_npo_s2
9,-3,real,-29.31634521484375,9.583717346191406,-29.244739532470703,0.0018407600826013015,forget,for_003,M_npo_s2
9,-2,real,-29.31634521484375,9.583717346191406,-29.267045974731445,0.0012673306125138737,forget,for_003,M_npo_s2
9,-1,real,-29.31634521484375,9.583717346191406,-10.563629150390625,0.4820741877993037,forget,for_003,M_npo_s2
9,-12,random_position,-29.31634521484375,9.583717346191406,-29.287385940551758,0.0007444531547103394,forget,for_003,M_npo_s2
10,-6,real,-29.31634521484375,9.583717346191406,-29.160297393798828,0.004011505657608622,forget,for_003,M_npo_s2
10,-5,real,-29.31634521484375,9.583717346191406,-26.373424530029297,0.07565336637176195,forget,for_003,M_npo_s2
10,-4,real,-29.31634521484375,9.583717346191406,-29.249561309814453,0.0017168071368654301,forget,for_003,M_npo_s2
10,-3,real,-29.31634521484375,9.583717346191406,-29.2413387298584,0.0019281841736800433,forget,for_003,M_npo_s2
10,-2,real,-29.31634521484375,9.583717346191406,-29.24612808227539,0.0018050647722786298,forget,for_003,M_npo_s2
10,-1,real,-29.31634521484375,9.583717346191406,-1.6709518432617188,0.7106773498938653,forget,for_003,M_npo_s2
10,-6,random_position,-29.31634521484375,9.583717346191406,-29.160297393798828,0.004011505657608622,forget,for_003,M_npo_s2
11,-6,real,-29.31634521484375,9.583717346191406,-29.31634521484375,0.0,forget,for_003,M_npo_s2
11,-5,real,-29.31634521484375,9.583717346191406,-29.31634521484375,0.0,forget,for_003,M_npo_s2
11,-4,real,-29.31634521484375,9.583717346191406,-29.31634521484375,0.0,forget,for_003,M_npo_s2
11,-3,real,-29.31634521484375,9.583717346191406,-29.31634521484375,0.0,forget,for_003,M_npo_s2
11,-2,real,-29.31634521484375,9.583717346191406,-29.31634521484375,0.0,forget,for_003,M_npo_s2
11,-1,real,-29.31634521484375,9.583717346191406,9.384807586669922,0.9948866467962773,forget,for_003,M_npo_s2
11,-6,random_position,-29.31634521484375,9.583717346191406,-29.31634521484375,0.0,forget,for_003,M_npo_s2
0,-6,real,-28.94082260131836,9.593942642211914,-28.946252822875977,-0.00014091746824716636,forget,for_003,M_npo_s2
0,-5,real,-28.94082260131836,9.593942642211914,-28.67159652709961,0.006986576212864077,forget,for_003,M_npo_s2
0,-4,real,-28.94082260131836,9.593942642211914,-28.79920196533203,0.0036751394511247287,forget,for_003,M_npo_s2
0,-3,real,-28.94082260131836,9.593942642211914,-27.93117904663086,0.02620084872210328,forget,for_003,M_npo_s2
0,-2,real,-28.94082260131836,9.593942642211914,-28.934423446655273,0.0001660618566804507,forget,for_003,M_npo_s2
0,-1,real,-28.94082260131836,9.593942642211914,-28.885753631591797,0.001429072407176743,forget,for_003,M_npo_s2
0,-14,random_position,-28.94082260131836,9.593942642211914,-28.92989158630371,0.000283666319116442,forget,for_003,M_npo_s2
1,-6,real,-28.94082260131836,9.593942642211914,-28.882585525512695,0.001511286637861163,forget,for_003,M_npo_s2
1,-5,real,-28.94082260131836,9.593942642211914,-28.406082153320312,0.01387683159917073,forget,for_003,M_npo_s2
1,-4,real,-28.94082260131836,9.593942642211914,-28.640979766845703,0.007781099289893762,forget,for_003,M_npo_s2
1,-3,real,-28.94082260131836,9.593942642211914,-27.122020721435547,0.04719898689893218,forget,for_003,M_npo_s2
1,-2,real,-28.94082260131836,9.593942642211914,-28.924964904785156,0.0004115166248707205,forget,for_003,M_npo_s2
1,-1,real,-28.94082260131836,9.593942642211914,-28.845544815063477,0.0024725150303304185,forget,for_003,M_npo_s2
1,-3,random_position,-28.94082260131836,9.593942642211914,-27.122020721435547,0.04719898689893218,forget,for_003,M_npo_s2
2,-6,real,-28.94082260131836,9.593942642211914,-28.759565353393555,0.004703733025991031,forget,for_003,M_npo_s2
2,-5,real,-28.94082260131836,9.593942642211914,-28.251728057861328,0.017882411871517123,forget,for_003,M_npo_s2
2,-4,real,-28.94082260131836,9.593942642211914,-28.268943786621094,0.017435653505377707,forget,for_003,M_npo_s2
2,-3,real,-28.94082260131836,9.593942642211914,-25.765459060668945,0.08240256611353138,forget,for_003,M_npo_s2
2,-2,real,-28.94082260131836,9.593942642211914,-28.91745376586914,0.0006064351320562987,forget,for_003,M_npo_s2
2,-1,real,-28.94082260131836,9.593942642211914,-28.791902542114258,0.003864563810443979,forget,for_003,M_npo_s2
2,-9,random_position,-28.94082260131836,9.593942642211914,-28.928848266601562,0.0003107410838270848,forget,for_003,M_npo_s2
3,-6,real,-28.94082260131836,9.593942642211914,-28.74054527282715,0.005197315391063298,forget,for_003,M_npo_s2
3,-5,real,-28.94082260131836,9.593942642211914,-28.502655029296875,0.011370708222883224,forget,for_003,M_npo_s2
3,-4,real,-28.94082260131836,9.593942642211914,-27.99395179748535,0.024571858628150874,forget,for_003,M_npo_s2
3,-3,real,-28.94082260131836,9.593942642211914,-23.193283081054688,0.1491520574717565,forget,for_003,M_npo_s2
3,-2,real,-28.94082260131836,9.593942642211914,-28.938365936279297,6.37519139804532e-05,forget,for_003,M_npo_s2
3,-1,real,-28.94082260131836,9.593942642211914,-28.63983154296875,0.007810896380123757,forget,for_003,M_npo_s2
3,-14,random_position,-28.94082260131836,9.593942642211914,-28.844072341918945,0.0025107265812565906,forget,for_003,M_npo_s2
4,-6,real,-28.94082260131836,9.593942642211914,-28.833587646484375,0.0027828106427088824,forget,for_003,M_npo_s2
4,-5,real,-28.94082260131836,9.593942642211914,-28.712478637695312,0.005925661209558926,forget,for_003,M_npo_s2
4,-4,real,-28.94082260131836,9.593942642211914,-27.711631774902344,0.03189823056265766,forget,for_003,M_npo_s2
4,-3,real,-28.94082260131836,9.593942642211914,-19.574443817138672,0.24306308147945027,forget,for_003,M_npo_s2
4,-2,real,-28.94082260131836,9.593942642211914,-28.93301010131836,0.00020273900595026113,forget,for_003,M_npo_s2
4,-1,real,-28.94082260131836,9.593942642211914,-28.437522888183594,0.013060925892607229,forget,for_003,M_npo_s2
4,-11,random_position,-28.94082260131836,9.593942642211914,-28.965728759765625,-0.0006463295751217065,forget,for_003,M_npo_s2
5,-6,real,-28.94082260131836,9.593942642211914,-28.866334915161133,0.0019329996092225458,forget,for_003,M_npo_s2
5,-5,real,-28.94082260131836,9.593942642211914,-28.846216201782227,0.002455092147006568,forget,for_003,M_npo_s2
5,-4,real,-28.94082260131836,9.593942642211914,-26.940521240234375,0.05190900602203153,forget,for_003,M_npo_s2
5,-3,real,-28.94082260131836,9.593942642211914,-12.574722290039062,0.4247100042740511,forget,for_003,M_npo_s2
5,-2,real,-28.94082260131836,9.593942642211914,-28.989805221557617,-0.0012711280302267227,forget,for_003,M_npo_s2
5,-1,real,-28.94082260131836,9.593942642211914,-28.264955520629883,0.017539151371940693,forget,for_003,M_npo_s2
5,-12,random_position,-28.94082260131836,9.593942642211914,-28.95066261291504,-0.0002553541337151849,forget,for_003,M_npo_s2
6,-6,real,-28.94082260131836,9.593942642211914,-28.97235107421875,-0.0008181825606342326,forget,for_003,M_npo_s2
6,-5,real,-28.94082260131836,9.593942642211914,-28.700166702270508,0.006245163231875561,forget,for_003,M_npo_s2
6,-4,real,-28.94082260131836,9.593942642211914,-25.45178985595703,0.09054246790687567,forget,for_003,M_npo_s2
6,-3,real,-28.94082260131836,9.593942642211914,-8.945301055908203,0.518895636681406,forget,for_003,M_npo_s2
6,-2,real,-28.94082260131836,9.593942642211914,-28.95760726928711,-0.00043557208309626415,forget,for_003,M_npo_s2
6,-1,real,-28.94082260131836,9.593942642211914,-27.746204376220703,0.031001051065134608,forget,for_003,M_npo_s2
6,-2,random_position,-28.94082260131836,9.593942642211914,-28.95760726928711,-0.00043557208309626415,forget,for_003,M_npo_s2
7,-6,real,-28.94082260131836,9.593942642211914,-29.094459533691406,-0.003986969465159554,forget,for_003,M_npo_s2
7,-5,real,-28.94082260131836,9.593942642211914,-28.53704833984375,0.01047818142715688,forget,for_003,M_npo_s2
7,-4,real,-28.94082260131836,9.593942642211914,-23.728227615356445,0.13526992971202992,forget,for_003,M_npo_s2
7,-3,real,-28.94082260131836,9.593942642211914,-3.1386985778808594,0.6695804129173851,forget,for_003,M_npo_s2
7,-2,real,-28.94082260131836,9.593942642211914,-28.908510208129883,0.0008385257567879331,forget,for_003,M_npo_s2
7,-1,real,-28.94082260131836,9.593942642211914,-25.931154251098633,0.07810267770412925,forget,for_003,M_npo_s2
7,-9,random_position,-28.94082260131836,9.593942642211914,-28.945585250854492,-0.00012359357857856496,forget,for_003,M_npo_s2
8,-6,real,-28.94082260131836,9.593942642211914,-28.924694061279297,0.0004185451743934102,forget,for_003,M_npo_s2
8,-5,real,-28.94082260131836,9.593942642211914,-28.21988296508789,0.018708810905537037,forget,for_003,M_npo_s2
8,-4,real,-28.94082260131836,9.593942642211914,-22.1313533782959,0.17670976272953226,forget,for_003,M_npo_s2
8,-3,real,-28.94082260131836,9.593942642211914,-8.354202270507812,0.5342350005432277,forget,for_003,M_npo_s2
8,-2,real,-28.94082260131836,9.593942642211914,-28.901123046875,0.0010302269701779139,forget,for_003,M_npo_s2
8,-1,real,-28.94082260131836,9.593942642211914,-21.98868179321289,0.18041217493267814,forget,for_003,M_npo_s2
8,-5,random_position,-28.94082260131836,9.593942642211914,-28.21988296508789,0.018708810905537037,forget,for_003,M_npo_s2
9,-6,real,-28.94082260131836,9.593942642211914,-28.846187591552734,0.0024558345994209366,forget,for_003,M_npo_s2
9,-5,real,-28.94082260131836,9.593942642211914,-28.553449630737305,0.010052558206413155,forget,for_003,M_npo_s2
9,-4,real,-28.94082260131836,9.593942642211914,-28.250181198120117,0.017922553798720656,forget,for_003,M_npo_s2
9,-3,real,-28.94082260131836,9.593942642211914,-18.28597068786621,0.2764997229415074,forget,for_003,M_npo_s2
9,-2,real,-28.94082260131836,9.593942642211914,-28.6618595123291,0.007239257517887535,forget,for_003,M_npo_s2
9,-1,real,-28.94082260131836,9.593942642211914,-10.465892791748047,0.47943537978792095,forget,for_003,M_npo_s2
9,-13,random_position,-28.94082260131836,9.593942642211914,-28.944984436035156,-0.00010800207787682368,forget,for_003,M_npo_s2
10,-6,real,-28.94082260131836,9.593942642211914,-28.819316864013672,0.0031531459069959558,forget,for_003,M_npo_s2
10,-5,real,-28.94082260131836,9.593942642211914,-28.464468002319336,0.01236168420875485,forget,for_003,M_npo_s2
10,-4,real,-28.94082260131836,9.593942642211914,-28.754737854003906,0.0048290094967088325,forget,for_003,M_npo_s2
10,-3,real,-28.94082260131836,9.593942642211914,-26.12473487854004,0.07307914567485584,forget,for_003,M_npo_s2
10,-2,real,-28.94082260131836,9.593942642211914,-28.623550415039062,0.008233401300727134,forget,for_003,M_npo_s2
10,-1,real,-28.94082260131836,9.593942642211914,-1.7412109375,0.7058460455623248,forget,for_003,M_npo_s2
10,-6,random_position,-28.94082260131836,9.593942642211914,-28.819316864013672,0.0031531459069959558,forget,for_003,M_npo_s2
11,-6,real,-28.94082260131836,9.593942642211914,-28.94082260131836,0.0,forget,for_003,M_npo_s2
11,-5,real,-28.94082260131836,9.593942642211914,-28.94082260131836,0.0,forget,for_003,M_npo_s2
11,-4,real,-28.94082260131836,9.593942642211914,-28.94082260131836,0.0,forget,for_003,M_npo_s2
11,-3,real,-28.94082260131836,9.593942642211914,-28.94082260131836,0.0,forget,for_003,M_npo_s2
11,-2,real,-28.94082260131836,9.593942642211914,-28.94082260131836,0.0,forget,for_003,M_npo_s2
11,-1,real,-28.94082260131836,9.593942642211914,9.40152359008789,0.9950066115387499,forget,for_003,M_npo_s2
11,-7,random_position,-28.94082260131836,9.593942642211914,-28.94082260131836,0.0,forget,for_003,M_npo_s2
0,-6,real,-29.551036834716797,8.883842468261719,-29.113447189331055,0.011385222311647304,forget,for_003,M_npo_s2
0,-5,real,-29.551036834716797,8.883842468261719,-29.325759887695312,0.005861263287589575,forget,for_003,M_npo_s2
0,-4,real,-29.551036834716797,8.883842468261719,-28.35421371459961,0.031138984740468265,forget,for_003,M_npo_s2
0,-3,real,-29.551036834716797,8.883842468261719,-29.54387664794922,0.00018629398341894223,forget,for_003,M_npo_s2
0,-2,real,-29.551036834716797,8.883842468261719,-29.585948944091797,-0.000908344451918039,forget,for_003,M_npo_s2
0,-1,real,-29.551036834716797,8.883842468261719,-29.456823348999023,0.00245124968326549,forget,for_003,M_npo_s2
0,-12,random_position,-29.551036834716797,8.883842468261719,-29.555522918701172,-0.00011671908604191585,forget,for_003,M_npo_s2
1,-6,real,-29.551036834716797,8.883842468261719,-28.782175064086914,0.020004271759747658,forget,for_003,M_npo_s2
1,-5,real,-29.551036834716797,8.883842468261719,-29.131555557250977,0.010914078177768925,forget,for_003,M_npo_s2
1,-4,real,-29.551036834716797,8.883842468261719,-27.467269897460938,0.05421551921185239,forget,for_003,M_npo_s2
1,-3,real,-29.551036834716797,8.883842468261719,-29.542749404907227,0.00021562263131467873,forget,for_003,M_npo_s2
1,-2,real,-29.551036834716797,8.883842468261719,-29.577434539794922,-0.0006868163906548109,forget,for_003,M_npo_s2
1,-1,real,-29.551036834716797,8.883842468261719,-29.375450134277344,0.004568420758013048,forget,for_003,M_npo_s2
1,-3,random_position,-29.551036834716797,8.883842468261719,-29.542749404907227,0.00021562263131467873,forget,for_003,M_npo_s2
2,-6,real,-29.551036834716797,8.883842468261719,-28.564552307128906,0.02566638806932439,forget,for_003,M_npo_s2
2,-5,real,-29.551036834716797,8.883842468261719,-28.605634689331055,0.024597505248636964,forget,for_003,M_npo_s2
2,-4,real,-29.551036834716797,8.883842468261719,-26.04224967956543,0.09129174382185333,forget,for_003,M_npo_s2
2,-3,real,-29.551036834716797,8.883842468261719,-29.53020477294922,0.0005420092932609715,forget,for_003,M_npo_s2
2,-2,real,-29.551036834716797,8.883842468261719,-29.614147186279297,-0.0016420072784672243,forget,for_003,M_npo_s2
2,-1,real,-29.551036834716797,8.883842468261719,-29.287107467651367,0.006866923270004296,forget,for_003,M_npo_s2
2,-8,random_position,-29.551036834716797,8.883842468261719,-29.748807907104492,-0.005145614503656553,forget,for_003,M_npo_s2
3,-6,real,-29.551036834716797,8.883842468261719,-28.950435638427734,0.01562646240032602,forget,for_003,M_npo_s2
3,-5,real,-29.551036834716797,8.883842468261719,-28.411222457885742,0.029655729314147335,forget,for_003,M_npo_s2
3,-4,real,-29.551036834716797,8.883842468261719,-22.97320556640625,0.17114223818574076,forget,for_003,M_npo_s2
3,-3,real,-29.551036834716797,8.883842468261719,-29.56412696838379,-0.0003405795440075121,forget,for_003,M_npo_s2
3,-2,real,-29.551036834716797,8.883842468261719,-29.612045288085938,-0.0015873200196159524,forget,for_003,M_npo_s2
3,-1,real,-29.551036834716797,8.883842468261719,-29.19955062866211,0.009144980091753508,forget,for_003,M_npo_s2
3,-12,random_position,-29.551036834716797,8.883842468261719,-29.452747344970703,0.0025572992950306152,forget,for_003,M_npo_s2
4,-6,real,-29.551036834716797,8.883842468261719,-29.03268814086914,0.013486413987710551,forget,for_003,M_npo_s2
4,-5,real,-29.551036834716797,8.883842468261719,-28.074234008789062,0.03842350627111998,forget,for_003,M_npo_s2
4,-4,real,-29.551036834716797,8.883842468261719,-18.786006927490234,0.28008491512011396,forget,for_003,M_npo_s2
4,-3,real,-29.551036834716797,8.883842468261719,-29.5454044342041,0.0001465439885551775,forget,for_003,M_npo_s2
4,-2,real,-29.551036834716797,8.883842468261719,-29.632274627685547,-0.002113647666963129,forget,for_003,M_npo_s2
4,-1,real,-29.551036834716797,8.883842468261719,-29.091096878051758,0.011966733472463277,forget,for_003,M_npo_s2
4,-9,random_position,-29.551036834716797,8.883842468261719,-29.497249603271484,0.0013994380214209297,forget,for_003,M_npo_s2
5,-6,real,-29.551036834716797,8.883842468261719,-29.083189010620117,0.012172480636889206,forget,for_003,M_npo_s2
5,-5,real,-29.551036834716797,8.883842468261719,-27.341644287109375,0.05748405062472005,forget,for_003,M_npo_s2
5,-4,real,-29.551036834716797,8.883842468261719,-11.216346740722656,0.47703259191900965,forget,for_003,M_npo_s2
5,-3,real,-29.551036834716797,8.883842468261719,-29.540241241455078,0.0002808801135192363,forget,for_003,M_npo_s2
5,-2,real,-29.551036834716797,8.883842468261719,-29.690771102905273,-0.003635610953451019,forget,for_003,M_npo_s2
5,-1,real,-29.551036834716797,8.883842468261719,-28.893177032470703,0.017116218762136527,forget,for_003,M_npo_s2
5,-11,random_position,-29.551036834716797,8.883842468261719,-29.518136978149414,0.0008559895897691354,forget,for_003,M_npo_s2
6,-6,real,-29.551036834716797,8.883842468261719,-28.891199111938477,0.017167680365973884,forget,for_003,M_npo_s2
6,-5,real,-29.551036834716797,8.883842468261719,-25.99132537841797,0.09261669402518373,forget,for_003,M_npo_s2
6,-4,real,-29.551036834716797,8.883842468261719,-7.5586395263671875,0.5721989429181141,forget,for_003,M_npo_s2
6,-3,real,-29.551036834716797,8.883842468261719,-29.585739135742188,-0.0009028856511252623,forget,for_003,M_npo_s2
6,-2,real,-29.551036834716797,8.883842468261719,-29.57436180114746,-0.0006068697717715089,forget,for_003,M_npo_s2
6,-1,real,-29.551036834716797,8.883842468261719,-28.256607055664062,0.03367851812019148,forget,for_003,M_npo_s2
6,-2,random_position,-29.551036834716797,8.883842468261719,-29.57436180114746,-0.0006068697717715089,forget,for_003,M_npo_s2
7,-6,real,-29.551036834716797,8.883842468261719,-28.762699127197266,0.02051099734970259,forget,for_003,M_npo_s2
7,-5,real,-29.551036834716797,8.883842468261719,-24.930599212646484,0.12021470356776302,forget,for_003,M_npo_s2
7,-4,real,-29.551036834716797,8.883842468261719,-1.5380783081054688,0.7288421099436225,forget,for_003,M_npo_s2
7,-3,real,-29.551036834716797,8.883842468261719,-29.525070190429688,0.0006756010362987425,forget,for_003,M_npo_s2
7,-2,real,-29.551036834716797,8.883842468261719,-29.5098876953125,0.0010706197118487638,forget,for_003,M_npo_s2
7,-1,real,-29.551036834716797,8.883842468261719,-26.573781967163086,0.0774623186425094,forget,for_003,M_npo_s2
7,-8,random_position,-29.551036834716797,8.883842468261719,-29.517822265625,0.0008641777909583004,forget,for_003,M_npo_s2
8,-6,real,-29.551036834716797,8.883842468261719,-28.400768280029297,0.02992772647001287,forget,for_003,M_npo_s2
8,-5,real,-29.551036834716797,8.883842468261719,-23.87592315673828,0.14765530114566333,forget,for_003,M_npo_s2
8,-4,real,-29.551036834716797,8.883842468261719,-7.224754333496094,0.5808859792488155,forget,for_003,M_npo_s2
8,-3,real,-29.551036834716797,8.883842468261719,-29.47940444946289,0.0018637338415774625,forget,for_003,M_npo_s2
8,-2,real,-29.551036834716797,8.883842468261719,-29.540332794189453,0.00027849809135511555,forget,for_003,M_npo_s2
8,-1,real,-29.551036834716797,8.883842468261719,-21.506933212280273,0.2092917622825251,forget,for_003,M_npo_s2
8,-5,random_position,-29.551036834716797,8.883842468261719,-23.87592315673828,0.14765530114566333,forget,for_003,M_npo_s2
9,-6,real,-29.551036834716797,8.883842468261719,-28.658672332763672,0.02321757003368477,forget,for_003,M_npo_s2
9,-5,real,-29.551036834716797,8.883842468261719,-29.004798889160156,0.01421203748945583,forget,for_003,M_npo_s2
9,-4,real,-29.551036834716797,8.883842468261719,-19.14057731628418,0.2708596906567066,forget,for_003,M_npo_s2
9,-3,real,-29.551036834716797,8.883842468261719,-29.236553192138672,0.008182246133754713,forget,for_003,M_npo_s2
9,-2,real,-29.551036834716797,8.883842468261719,-29.436992645263672,0.0029672056091063913,forget,for_003,M_npo_s2
9,-1,real,-29.551036834716797,8.883842468261719,-10.697025299072266,0.490544314892214,forget,for_003,M_npo_s2
9,-11,random_position,-29.551036834716797,8.883842468261719,-29.533992767333984,0.0004434531262204762,forget,for_003,M_npo_s2
10,-6,real,-29.551036834716797,8.883842468261719,-28.609743118286133,0.024490612004022045,forget,for_003,M_npo_s2
10,-5,real,-29.551036834716797,8.883842468261719,-29.157241821289062,0.010245772084347802,forget,for_003,M_npo_s2
10,-4,real,-29.551036834716797,8.883842468261719,-26.849388122558594,0.0702915882956562,forget,for_003,M_npo_s2
10,-3,real,-29.551036834716797,8.883842468261719,-28.93242645263672,0.016095026010193268,forget,for_003,M_npo_s2
10,-2,real,-29.551036834716797,8.883842468261719,-29.447965621948242,0.0026817103276441713,forget,for_003,M_npo_s2
10,-1,real,-29.551036834716797,8.883842468261719,-1.0546722412109375,0.741419385472027,forget,for_003,M_npo_s2
10,-6,random_position,-29.551036834716797,8.883842468261719,-28.609743118286133,0.024490612004022045,forget,for_003,M_npo_s2
11,-6,real,-29.551036834716797,8.883842468261719,-29.551036834716797,0.0,forget,for_003,M_npo_s2
11,-5,real,-29.551036834716797,8.883842468261719,-29.551036834716797,0.0,forget,for_003,M_npo_s2
11,-4,real,-29.551036834716797,8.883842468261719,-29.551036834716797,0.0,forget,for_003,M_npo_s2
11,-3,real,-29.551036834716797,8.883842468261719,-29.551036834716797,0.0,forget,for_003,M_npo_s2
11,-2,real,-29.551036834716797,8.883842468261719,-29.551036834716797,0.0,forget,for_003,M_npo_s2
11,-1,real,-29.551036834716797,8.883842468261719,8.702117919921875,0.9952718845060674,forget,for_003,M_npo_s2
11,-6,random_position,-29.551036834716797,8.883842468261719,-29.551036834716797,0.0,forget,for_003,M_npo_s2
0,-6,real,-30.731776237487793,8.084268569946289,-30.746373176574707,-0.0003760542620797481,forget,for_004,M_npo_s2
0,-5,real,-30.731776237487793,8.084268569946289,-30.719841957092285,0.0003074574046560805,forget,for_004,M_npo_s2
0,-4,real,-30.731776237487793,8.084268569946289,-30.748313903808594,-0.0004260523297219987,forget,for_004,M_npo_s2
0,-3,real,-30.731776237487793,8.084268569946289,-30.735265731811523,-8.989824545601714e-05,forget,for_004,M_npo_s2
0,-2,real,-30.731776237487793,8.084268569946289,-30.717721939086914,0.0003620744583999247,forget,for_004,M_npo_s2
0,-1,real,-30.731776237487793,8.084268569946289,-30.719290733337402,0.0003216583300109802,forget,for_004,M_npo_s2
0,-14,random_position,-30.731776237487793,8.084268569946289,-30.666765213012695,0.001674849274252865,forget,for_004,M_npo_s2
1,-6,real,-30.731776237487793,8.084268569946289,-30.741979598999023,-0.00026286453351569486,forget,for_004,M_npo_s2
1,-5,real,-30.731776237487793,8.084268569946289,-30.693809509277344,0.0009781194451624756,forget,for_004,M_npo_s2
1,-4,real,-30.731776237487793,8.084268569946289,-30.758970260620117,-0.0007005871738667201,forget,for_004,M_npo_s2
1,-3,real,-30.731776237487793,8.084268569946289,-30.729784965515137,5.130022861769986e-05,forget,for_004,M_npo_s2
1,-2,real,-30.731776237487793,8.084268569946289,-30.687859535217285,0.0011314059041403633,forget,for_004,M_npo_s2
1,-1,real,-30.731776237487793,8.084268569946289,-30.69817352294922,0.0008656913579236852,forget,for_004,M_npo_s2
1,-3,random_position,-30.731776237487793,8.084268569946289,-30.729784965515137,5.130022861769986e-05,forget,for_004,M_npo_s2
2,-6,real,-30.731776237487793,8.084268569946289,-30.73012924194336,4.243079253963968e-05,forget,for_004,M_npo_s2
2,-5,real,-30.731776237487793,8.084268569946289,-30.65394687652588,0.0020050822114418033,forget,for_004,M_npo_s2
2,-4,real,-30.731776237487793,8.084268569946289,-30.763779640197754,-0.0008244890191344694,forget,for_004,M_npo_s2
2,-3,real,-30.731776237487793,8.084268569946289,-30.73646354675293,-0.00012075700366666419,forget,for_004,M_npo_s2
2,-2,real,-30.731776237487793,8.084268569946289,-30.693873405456543,0.0009764733171369077,forget,for_004,M_npo_s2
2,-1,real,-30.731776237487793,8.084268569946289,-30.62365436553955,0.0027854943100110653,forget,for_004,M_npo_s2
2,-9,random_position,-30.731776237487793,8.084268569946289,-30.531254768371582,0.005165942849432379,forget,for_004,M_npo_s2
3,-6,real,-30.731776237487793,8.084268569946289,-30.714473724365234,0.0004457567278787972,forget,for_004,M_npo_s2
3,-5,real,-30.731776237487793,8.084268569946289,-30.62389373779297,0.0027793274721839376,forget,for_004,M_npo_s2
3,-4,real,-30.731776237487793,8.084268569946289,-30.754508018493652,-0.0005856284719020564,forget,for_004,M_npo_s2
3,-3,real,-30.731776237487793,8.084268569946289,-30.746318817138672,-0.00037465382480426495,forget,for_004,M_npo_s2
3,-2,real,-30.731776237487793,8.084268569946289,-30.704895973205566,0.0006925039481889311,forget,for_004,M_npo_s2
3,-1,real,-30.731776237487793,8.084268569946289,-30.495481491088867,0.006087553422075358,forget,for_004,M_npo_s2
3,-14,random_position,-30.731776237487793,8.084268569946289,-30.567845344543457,0.004223276579507136,forget,for_004,M_npo_s2
4,-6,real,-30.731776237487793,8.084268569946289,-30.717127799987793,0.00037738099213020587,forget,for_004,M_npo_s2
4,-5,real,-30.731776237487793,8.084268569946289,-30.606316566467285,0.003232160093665176,forget,for_004,M_npo_s2
4,-4,real,-30.731776237487793,8.084268569946289,-30.738311767578125,-0.0001683718710330925,forget,for_004,M_npo_s2
4,-3,real,-30.731776237487793,8.084268569946289,-30.737242698669434,-0.00014082993794858984,forget,for_004,M_npo_s2
4,-2,real,-30.731776237487793,8.084268569946289,-30.734813690185547,-7.825250390199907e-05,forget,for_004,M_npo_s2
4,-1,real,-30.731776237487793,8.084268569946289,-30.29039192199707,0.011371182140798342,forget,for_004,M_npo_s2
4,-11,random_position,-30.731776237487793,8.084268569946289,-28.968780517578125,0.04541925197829578,forget,for_004,M_npo_s2
5,-6,real,-30.731776237487793,8.084268569946289,-30.72578239440918,0.0001544166364282776,forget,for_004,M_npo_s2
5,-5,real,-30.731776237487793,8.084268569946289,-30.612549781799316,0.0030715766194097708,forget,for_004,M_npo_s2
5,-4,real,-30.731776237487793,8.084268569946289,-30.728179931640625,9.264998185696655e-05,forget,for_004,M_npo_s2
5,-3,real,-30.731776237487793,8.084268569946289,-30.739715576171875,-0.00020453754944557058,forget,for_004,M_npo_s2
5,-2,real,-30.731776237487793,8.084268569946289,-30.758262634277344,-0.0006823569202104302,forget,for_004,M_npo_s2
5,-1,real,-30.731776237487793,8.084268569946289,-29.92990779876709,0.020658169648627586,forget,for_004,M_npo_s2
5,-12,random_position,-30.731776237487793,8.084268569946289,-30.765660285949707,-0.0008729392350511859,forget,for_004,M_npo_s2
6,-6,real,-30.731776237487793,8.084268569946289,-30.66828441619873,0.0016357107377643612,forget,for_004,M_npo_s2
6,-5,real,-30.731776237487793,8.084268569946289,-30.574172019958496,0.0040602853359009,forget,for_004,M_npo_s2
6,-4,real,-30.731776237487793,8.084268569946289,-30.731234550476074,1.3955234604814905e-05,forget,for_004,M_npo_s2
6,-3,real,-30.731776237487793,8.084268569946289,-30.732812881469727,-2.670658453421444e-05,forget,for_004,M_npo_s2
6,-2,real,-30.731776237487793,8.084268569946289,-30.720436096191406,0.00029215087092579933,forget,for_004,M_npo_s2
6,-1,real,-30.731776237487793,8.084268569946289,-29.07050895690918,0.04279846874714154,forget,for_004,M_npo_s2
6,-2,random_position,-30.731776237487793,8.084268569946289,-30.720436096191406,0.00029215087092579933,forget,for_004,M_npo_s2
7,-6,real,-30.731776237487793,8.084268569946289,-30.63127613067627,0.0025891382625433173,forget,for_004,M_npo_s2
7,-5,real,-30.731776237487793,8.084268569946289,-30.628539085388184,0.0026596515078176463,forget,for_004,M_npo_s2
7,-4,real,-30.731776237487793,8.084268569946289,-30.71428871154785,0.0004505231284304417,forget,for_004,M_npo_s2
7,-3,real,-30.731776237487793,8.084268569946289,-30.726722717285156,0.00013019152846991934,forget,for_004,M_npo_s2
7,-2,real,-30.731776237487793,8.084268569946289,-30.682472229003906,0.0012701966088632497,forget,for_004,M_npo_s2
7,-1,real,-30.731776237487793,8.084268569946289,-27.410737991333008,0.08555838861559478,forget,for_004,M_npo_s2
7,-9,random_position,-30.731776237487793,8.084268569946289,-30.61892604827881,0.002907307783903094,forget,for_004,M_npo_s2
8,-6,real,-30.731776237487793,8.084268569946289,-30.39744758605957,0.008613156056646754,forget,for_004,M_npo_s2
8,-5,real,-30.731776237487793,8.084268569946289,-30.578125,0.003958446519990763,forget,for_004,M_npo_s2
8,-4,real,-30.731776237487793,8.084268569946289,-30.65008544921875,0.0021045623961511266,forget,for_004,M_npo_s2
8,-3,real,-30.731776237487793,8.084268569946289,-30.579642295837402,0.003919357121652276,forget,for_004,M_npo_s2
8,-2,real,-30.731776237487793,8.084268569946289,-30.60287857055664,0.0033207316090707356,forget,for_004,M_npo_s2
8,-1,real,-30.731776237487793,8.084268569946289,-21.518203735351562,0.23736505220572188,forget,for_004,M_npo_s2
8,-5,random_position,-30.731776237487793,8.084268569946289,-30.578125,0.003958446519990763,forget,for_004,M_npo_s2
9,-6,real,-30.731776237487793,8.084268569946289,-29.961505889892578,0.01984412248637172,forget,for_004,M_npo_s2
9,-5,real,-30.731776237487793,8.084268569946289,-30.273900032043457,0.011796055154919934,forget,for_004,M_npo_s2
9,-4,real,-30.731776237487793,8.084268569946289,-30.197879791259766,0.013754529831070656,forget,for_004,M_npo_s2
9,-3,real,-30.731776237487793,8.084268569946289,-29.385043144226074,0.03469526841137074,forget,for_004,M_npo_s2
9,-2,real,-30.731776237487793,8.084268569946289,-30.19705104827881,0.013775880357253023,forget,for_004,M_npo_s2
9,-1,real,-30.731776237487793,8.084268569946289,-8.02341079711914,0.5850252274033734,forget,for_004,M_npo_s2
9,-13,random_position,-30.731776237487793,8.084268569946289,-30.718172073364258,0.00035047785499592364,forget,for_004,M_npo_s2
10,-6,real,-30.731776237487793,8.084268569946289,-29.18079662322998,0.039957178067786224,forget,for_004,M_npo_s2
10,-5,real,-30.731776237487793,8.084268569946289,-29.848294258117676,0.022760741949703026,forget,for_004,M_npo_s2
10,-4,real,-30.731776237487793,8.084268569946289,-29.5357666015625,0.030812248951655997,forget,for_004,M_npo_s2
10,-3,real,-30.731776237487793,8.084268569946289,-27.64121150970459,0.07962080482737117,forget,for_004,M_npo_s2
10,-2,real,-30.731776237487793,8.084268569946289,-29.58603858947754,0.029517114731659144,forget,for_004,M_npo_s2
10,-1,real,-30.731776237487793,8.084268569946289,6.406702041625977,0.9567816211918886,forget,for_004,M_npo_s2
10,-6,random_position,-30.731776237487793,8.084268569946289,-29.18079662322998,0.039957178067786224,forget,for_004,M_npo_s2
11,-6,real,-30.731776237487793,8.084268569946289,-30.731776237487793,0.0,forget,for_004,M_npo_s2
11,-5,real,-30.731776237487793,8.084268569946289,-30.731776237487793,0.0,forget,for_004,M_npo_s2
11,-4,real,-30.731776237487793,8.084268569946289,-30.731776237487793,0.0,forget,for_004,M_npo_s2
11,-3,real,-30.731776237487793,8.084268569946289,-30.731776237487793,0.0,forget,for_004,M_npo_s2
11,-2,real,-30.731776237487793,8.084268569946289,-30.731776237487793,0.0,forget,for_004,M_npo_s2
11,-1,real,-30.731776237487793,8.084268569946289,8.08319091796875,0.9999722369452404,forget,for_004,M_npo_s2
11,-7,random_position,-30.731776237487793,8.084268569946289,-30.731776237487793,0.0,forget,for_004,M_npo_s2
0,-6,real,-31.01619052886963,7.6363983154296875,-30.904098510742188,0.002899987335362488,forget,for_004,M_npo_s2
0,-5,real,-31.01619052886963,7.6363983154296875,-30.94322395324707,0.0018877539074157017,forget,for_004,M_npo_s2
0,-4,real,-31.01619052886963,7.6363983154296875,-30.74372959136963,0.00704896995638583,forget,for_004,M_npo_s2
0,-3,real,-31.01619052886963,7.6363983154296875,-31.00477886199951,0.0002952368058989725,forget,for_004,M_npo_s2
0,-2,real,-31.01619052886963,7.6363983154296875,-31.01814365386963,-5.0530250583410974e-05,forget,for_004,M_npo_s2
0,-1,real,-31.01619052886963,7.6363983154296875,-30.996774673461914,0.0005023170759900703,forget,for_004,M_npo_s2
0,-11,random_position,-31.01619052886963,7.6363983154296875,-30.93670082092285,0.0020565170490126406,forget,for_004,M_npo_s2
1,-6,real,-31.01619052886963,7.6363983154296875,-30.88502788543701,0.003393372794794358,forget,for_004,M_npo_s2
1,-5,real,-31.01619052886963,7.6363983154296875,-30.864975929260254,0.003912146744387521,forget,for_004,M_npo_s2
1,-4,real,-31.01619052886963,7.6363983154296875,-30.207419395446777,0.020924112914680833,forget,for_004,M_npo_s2
1,-3,real,-31.01619052886963,7.6363983154296875,-30.97844696044922,0.0009764822887400664,forget,for_004,M_npo_s2
1,-2,real,-31.01619052886963,7.6363983154296875,-31.03322410583496,-0.0004406839871437028,forget,for_004,M_npo_s2
1,-1,real,-31.01619052886963,7.6363983154296875,-30.92358112335205,0.00239594315119818,forget,for_004,M_npo_s2
1,-3,random_position,-31.01619052886963,7.6363983154296875,-30.97844696044922,0.0009764822887400664,forget,for_004,M_npo_s2
2,-6,real,-31.01619052886963,7.6363983154296875,-30.8136625289917,0.005239700779002273,forget,for_004,M_npo_s2
2,-5,real,-31.01619052886963,7.6363983154296875,-30.856593132019043,0.004129022185123938,forget,for_004,M_npo_s2
2,-4,real,-31.01619052886963,7.6363983154296875,-29.313427925109863,0.04405300277864565,forget,for_004,M_npo_s2
2,-3,real,-31.01619052886963,7.6363983154296875,-30.97004795074463,0.0011937771700330842,forget,for_004,M_npo_s2
2,-2,real,-31.01619052886963,7.6363983154296875,-31.017035484313965,-2.186025489106549e-05,forget,for_004,M_npo_s2
2,-1,real,-31.01619052886963,7.6363983154296875,-30.814900398254395,0.0052076752588571225,forget,for_004,M_npo_s2
2,-8,random_position,-31.01619052886963,7.6363983154296875,-27.32674503326416,0.09545144596827199,forget,for_004,M_npo_s2
3,-6,real,-31.01619052886963,7.6363983154296875,-30.828357696533203,0.004859514923904724,forget,for_004,M_npo_s2
3,-5,real,-31.01619052886963,7.6363983154296875,-30.682594299316406,0.00863063094937878,forget,for_004,M_npo_s2
3,-4,real,-31.01619052886963,7.6363983154296875,-28.301572799682617,0.07023120081612276,forget,for_004,M_npo_s2
3,-3,real,-31.01619052886963,7.6363983154296875,-30.909156799316406,0.0027691218817031075,forget,for_004,M_npo_s2
3,-2,real,-31.01619052886963,7.6363983154296875,-30.983315467834473,0.0008505267568903042,forget,for_004,M_npo_s2
3,-1,real,-31.01619052886963,7.6363983154296875,-30.74575138092041,0.006996663251680347,forget,for_004,M_npo_s2
3,-11,random_position,-31.01619052886963,7.6363983154296875,-30.85171890258789,0.004255125754817207,forget,for_004,M_npo_s2
4,-6,real,-31.01619052886963,7.6363983154296875,-30.785993576049805,0.005955537771275956,forget,for_004,M_npo_s2
4,-5,real,-31.01619052886963,7.6363983154296875,-30.499693870544434,0.013362537252181257,forget,for_004,M_npo_s2
4,-4,real,-31.01619052886963,7.6363983154296875,-27.66070556640625,0.08681138994285666,forget,for_004,M_npo_s2
4,-3,real,-31.01619052886963,7.6363983154296875,-30.88645362854004,0.0033564866987874243,forget,for_004,M_npo_s2
4,-2,real,-31.01619052886963,7.6363983154296875,-31.021812438964844,-0.00014544718124473032,forget,for_004,M_npo_s2
4,-1,real,-31.01619052886963,7.6363983154296875,-30.50804901123047,0.013146377327688454,forget,for_004,M_npo_s2
4,-8,random_position,-31.01619052886963,7.6363983154296875,-29.366843223571777,0.04267106950951633,forget,for_004,M_npo_s2
5,-6,real,-31.01619052886963,7.6363983154296875,-30.824949264526367,0.004947696132686517,forget,for_004,M_npo_s2
5,-5,real,-31.01619052886963,7.6363983154296875,-30.28718662261963,0.018860416030258145,forget,for_004,M_npo_s2
5,-4,real,-31.01619052886963,7.6363983154296875,-27.829407691955566,0.08244681487574061,forget,for_004,M_npo_s2
5,-3,real,-31.01619052886963,7.6363983154296875,-30.85564613342285,0.004153522448224196,forget,for_004,M_npo_s2
5,-2,real,-31.01619052886963,7.6363983154296875,-31.011241912841797,0.00012802806165884744,forget,for_004,M_npo_s2
5,-1,real,-31.01619052886963,7.6363983154296875,-30.257410049438477,0.019630780294889905,forget,for_004,M_npo_s2
5,-10,random_position,-31.01619052886963,7.6363983154296875,-31.04550838470459,-0.0007584965641773536,forget,for_004,M_npo_s2
6,-6,real,-31.01619052886963,7.6363983154296875,-30.7864408493042,0.005943966146508563,forget,for_004,M_npo_s2
6,-5,real,-31.01619052886963,7.6363983154296875,-30.104450225830078,0.02358807858154678,forget,for_004,M_npo_s2
6,-4,real,-31.01619052886963,7.6363983154296875,-27.393936157226562,0.09371311159090176,forget,for_004,M_npo_s2
6,-3,real,-31.01619052886963,7.6363983154296875,-30.812744140625,0.005263460852885,forget,for_004,M_npo_s2
6,-2,real,-31.01619052886963,7.6363983154296875,-30.99576473236084,0.0005284457553688946,forget,for_004,M_npo_s2
6,-1,real,-31.01619052886963,7.6363983154296875,-29.608314514160156,0.03642384784058555,forget,for_004,M_npo_s2
6,-2,random_position,-31.01619052886963,7.6363983154296875,-30.99576473236084,0.0005284457553688946,forget,for_004,M_npo_s2
7,-6,real,-31.01619052886963,7.6363983154296875,-30.952655792236328,0.0016437381953698352,forget,for_004,M_npo_s2
7,-5,real,-31.01619052886963,7.6363983154296875,-29.908394813537598,0.028660323886569753,forget,for_004,M_npo_s2
7,-4,real,-31.01619052886963,7.6363983154296875,-27.30949592590332,0.09589770604752108,forget,for_004,M_npo_s2
7,-3,real,-31.01619052886963,7.6363983154296875,-30.79924964904785,0.005612583433820188,forget,for_004,M_npo_s2
7,-2,real,-31.01619052886963,7.6363983154296875,-31.015131950378418,2.7387001048626064e-05,forget,for_004,M_npo_s2
7,-1,real,-31.01619052886963,7.6363983154296875,-27.983440399169922,0.07846175949342635,forget,for_004,M_npo_s2
7,-7,random_position,-31.01619052886963,7.6363983154296875,7.747308731079102,1.0028694175206785,forget,for_004,M_npo_s2
8,-6,real,-31.01619052886963,7.6363983154296875,-30.771907806396484,0.006319957596040106,forget,for_004,M_npo_s2
8,-5,real,-31.01619052886963,7.6363983154296875,-29.723329544067383,0.03344823784016537,forget,for_004,M_npo_s2
8,-4,real,-31.01619052886963,7.6363983154296875,-25.037425994873047,0.1546795366820135,forget,for_004,M_npo_s2
8,-3,real,-31.01619052886963,7.6363983154296875,-30.70152187347412,0.008140946436034562,forget,for_004,M_npo_s2
8,-2,real,-31.01619052886963,7.6363983154296875,-31.003129959106445,0.0003378963778026432,forget,for_004,M_npo_s2
8,-1,real,-31.01619052886963,7.6363983154296875,-21.923477172851562,0.23524202719371298,forget,for_004,M_npo_s2
8,-5,random_position,-31.01619052886963,7.6363983154296875,-29.723329544067383,0.03344823784016537,forget,for_004,M_npo_s2
9,-6,real,-31.01619052886963,7.6363983154296875,-29.356773376464844,0.04293159144111312,forget,for_004,M_npo_s2
9,-5,real,-31.01619052886963,7.6363983154296875,-29.345022201538086,0.04323561182572679,forget,for_004,M_npo_s2
9,-4,real,-31.01619052886963,7.6363983154296875,-21.623214721679688,0.24301026368574705,forget,for_004,M_npo_s2
9,-3,real,-31.01619052886963,7.6363983154296875,-30.334840774536133,0.017627532196565536,forget,for_004,M_npo_s2
9,-2,real,-31.01619052886963,7.6363983154296875,-30.95090961456299,0.0016889144106131094,forget,for_004,M_npo_s2
9,-1,real,-31.01619052886963,7.6363983154296875,-8.21772575378418,0.5898302146570936,forget,for_004,M_npo_s2
9,-10,random_position,-31.01619052886963,7.6363983154296875,-31.008880615234375,0.00018911834507902593,forget,for_004,M_npo_s2
10,-6,real,-31.01619052886963,7.6363983154296875,-28.314258575439453,0.06990300091706977,forget,for_004,M_npo_s2
10,-5,real,-31.01619052886963,7.6363983154296875,-29.32256031036377,0.043816734380409936,forget,for_004,M_npo_s2
10,-4,real,-31.01619052886963,7.6363983154296875,-21.951839447021484,0.23450825294940114,forget,for_004,M_npo_s2
10,-3,real,-31.01619052886963,7.6363983154296875,-30.17177963256836,0.021846166622958494,forget,for_004,M_npo_s2
10,-2,real,-31.01619052886963,7.6363983154296875,-30.882448196411133,0.003460113189241685,forget,for_004,M_npo_s2
10,-1,real,-31.01619052886963,7.6363983154296875,5.852027893066406,0.9538356814972705,forget,for_004,M_npo_s2
10,-5,random_position,-31.01619052886963,7.6363983154296875,-29.32256031036377,0.043816734380409936,forget,for_004,M_npo_s2
11,-6,real,-31.01619052886963,7.6363983154296875,-31.01619052886963,0.0,forget,for_004,M_npo_s2
11,-5,real,-31.01619052886963,7.6363983154296875,-31.01619052886963,0.0,forget,for_004,M_npo_s2
11,-4,real,-31.01619052886963,7.6363983154296875,-31.01619052886963,0.0,forget,for_004,M_npo_s2
11,-3,real,-31.01619052886963,7.6363983154296875,-31.01619052886963,0.0,forget,for_004,M_npo_s2
11,-2,real,-31.01619052886963,7.6363983154296875,-31.01619052886963,0.0,forget,for_004,M_npo_s2
11,-1,real,-31.01619052886963,7.6363983154296875,7.641811370849609,1.0001400437999568,forget,for_004,M_npo_s2
11,-6,random_position,-31.01619052886963,7.6363983154296875,-31.01619052886963,0.0,forget,for_004,M_npo_s2
0,-6,real,-29.181764602661133,8.321107864379883,-25.3370304107666,0.1025183922984415,forget,for_004,M_npo_s2
0,-5,real,-29.181764602661133,8.321107864379883,-28.36671257019043,0.021733056132886956,forget,for_004,M_npo_s2
0,-4,real,-29.181764602661133,8.321107864379883,-29.079503059387207,0.0027267656194548085,forget,for_004,M_npo_s2
0,-3,real,-29.181764602661133,8.321107864379883,-29.11782455444336,0.0017049373557709864,forget,for_004,M_npo_s2
0,-2,real,-29.181764602661133,8.321107864379883,-28.822497367858887,0.009579725796150258,forget,for_004,M_npo_s2
0,-1,real,-29.181764602661133,8.321107864379883,-29.18588924407959,-0.00010998201329996594,forget,for_004,M_npo_s2
0,-12,random_position,-29.181764602661133,8.321107864379883,-29.14345073699951,0.0010216248287459263,forget,for_004,M_npo_s2
1,-6,real,-29.181764602661133,8.321107864379883,-24.5006160736084,0.12482106625743694,forget,for_004,M_npo_s2
1,-5,real,-29.181764602661133,8.321107864379883,-26.608495712280273,0.06861524787580867,forget,for_004,M_npo_s2
1,-4,real,-29.181764602661133,8.321107864379883,-29.128145217895508,0.0014297407435323202,forget,for_004,M_npo_s2
1,-3,real,-29.181764602661133,8.321107864379883,-29.054216384887695,0.0034010252917435015,forget,for_004,M_npo_s2
1,-2,real,-29.181764602661133,8.321107864379883,-28.114032745361328,0.028470668699795434,forget,for_004,M_npo_s2
1,-1,real,-29.181764602661133,8.321107864379883,-29.091066360473633,0.002418434541706349,forget,for_004,M_npo_s2
1,-3,random_position,-29.181764602661133,8.321107864379883,-29.054216384887695,0.0034010252917435015,forget,for_004,M_npo_s2
2,-6,real,-29.181764602661133,8.321107864379883,-25.64399528503418,0.09433328928966928,forget,for_004,M_npo_s2
2,-5,real,-29.181764602661133,8.321107864379883,-20.760568618774414,0.22454802605553997,forget,for_004,M_npo_s2
2,-4,real,-29.181764602661133,8.321107864379883,-29.100415229797363,0.002169150454682172,forget,for_004,M_npo_s2
2,-3,real,-29.181764602661133,8.321107864379883,-29.038521766662598,0.003819516388362586,forget,for_004,M_npo_s2
2,-2,real,-29.181764602661133,8.321107864379883,-26.909634590148926,0.0605854928714872,forget,for_004,M_npo_s2
2,-1,real,-29.181764602661133,8.321107864379883,-29.060890197753906,0.003223070579819071,forget,for_004,M_npo_s2
2,-8,random_position,-29.181764602661133,8.321107864379883,-29.172659873962402,0.0002427741690115086,forget,for_004,M_npo_s2
3,-6,real,-29.181764602661133,8.321107864379883,-26.26398277282715,0.0778015559314355,forget,for_004,M_npo_s2
3,-5,real,-29.181764602661133,8.321107864379883,-13.893938064575195,0.40764414916541325,forget,for_004,M_npo_s2
3,-4,real,-29.181764602661133,8.321107864379883,-29.10697078704834,0.001994348984295128,forget,for_004,M_npo_s2
3,-3,real,-29.181764602661133,8.321107864379883,-29.00212001800537,0.004790155335798354,forget,for_004,M_npo_s2
3,-2,real,-29.181764602661133,8.321107864379883,-25.873360633850098,0.0882173484636034,forget,for_004,M_npo_s2
3,-1,real,-29.181764602661133,8.321107864379883,-28.99596118927002,0.0049543781894148126,forget,for_004,M_npo_s2
3,-12,random_position,-29.181764602661133,8.321107864379883,-28.994483947753906,0.004993768279264904,forget,for_004,M_npo_s2
4,-6,real,-29.181764602661133,8.321107864379883,-27.440256118774414,0.04643666922892971,forget,for_004,M_npo_s2
4,-5,real,-29.181764602661133,8.321107864379883,-5.624452590942383,0.6281468714808934,forget,for_004,M_npo_s2
4,-4,real,-29.181764602661133,8.321107864379883,-29.05987548828125,0.0032501274265592244,forget,for_004,M_npo_s2
4,-3,real,-29.181764602661133,8.321107864379883,-28.940186500549316,0.006441589302902721,forget,for_004,M_npo_s2
4,-2,real,-29.181764602661133,8.321107864379883,-25.001564025878906,0.11146347737645829,forget,for_004,M_npo_s2
4,-1,real,-29.181764602661133,8.321107864379883,-28.79301357269287,0.010365900113648928,forget,for_004,M_npo_s2
4,-9,random_position,-29.181764602661133,8.321107864379883,-29.193415641784668,-0.00031067057953426214,forget,for_004,M_npo_s2
5,-6,real,-29.181764602661133,8.321107864379883,-28.218320846557617,0.02568986567496203,forget,for_004,M_npo_s2
5,-5,real,-29.181764602661133,8.321107864379883,1.2940692901611328,0.8126266573208656,forget,for_004,M_npo_s2
5,-4,real,-29.181764602661133,8.321107864379883,-29.09352970123291,0.0023527504861332134,forget,for_004,M_npo_s2
5,-3,real,-29.181764602661133,8.321107864379883,-28.86475372314453,0.00845297596324663,forget,for_004,M_npo_s2
5,-2,real,-29.181764602661133,8.321107864379883,-24.843780517578125,0.1156707153270832,forget,for_004,M_npo_s2
5,-1,real,-29.181764602661133,8.321107864379883,-28.665425300598145,0.013767993438816383,forget,for_004,M_npo_s2
5,-11,random_position,-29.181764602661133,8.321107864379883,-29.198572158813477,-0.00044816716818464733,forget,for_004,M_npo_s2
6,-6,real,-29.181764602661133,8.321107864379883,-28.12796688079834,0.02809912021509583,forget,for_004,M_npo_s2
6,-5,real,-29.181764602661133,8.321107864379883,3.98358154296875,0.8843414907691906,forget,for_004,M_npo_s2
6,-4,real,-29.181764602661133,8.321107864379883,-29.042762756347656,0.0037064319922597076,forget,for_004,M_npo_s2
6,-3,real,-29.181764602661133,8.321107864379883,-28.863186836242676,0.008494756413617,forget,for_004,M_npo_s2
6,-2,real,-29.181764602661133,8.321107864379883,-24.212820053100586,0.13249503898474574,forget,for_004,M_npo_s2
6,-1,real,-29.181764602661133,8.321107864379883,-27.846473693847656,0.035605030254335375,forget,for_004,M_npo_s2
6,-2,random_position,-29.181764602661133,8.321107864379883,-24.212820053100586,0.13249503898474574,forget,for_004,M_npo_s2
7,-6,real,-29.181764602661133,8.321107864379883,-28.59500217437744,0.0156457996330644,forget,for_004,M_npo_s2
7,-5,real,-29.181764602661133,8.321107864379883,6.527742385864258,0.9521805834981919,forget,for_004,M_npo_s2
7,-4,real,-29.181764602661133,8.321107864379883,-29.1846342086792,-7.65169660160919e-05,forget,for_004,M_npo_s2
7,-3,real,-29.181764602661133,8.321107864379883,-28.754067420959473,0.011404384612872976,forget,for_004,M_npo_s2
7,-2,real,-29.181764602661133,8.321107864379883,-23.836124420166016,0.14253948646715192,forget,for_004,M_npo_s2
7,-1,real,-29.181764602661133,8.321107864379883,-26.266447067260742,0.07773584644649513,forget,for_004,M_npo_s2
7,-8,random_position,-29.181764602661133,8.321107864379883,-29.19445514678955,-0.0003383885898225773,forget,for_004,M_npo_s2
8,-6,real,-29.181764602661133,8.321107864379883,-28.624320030212402,0.014864050025464969,forget,for_004,M_npo_s2
8,-5,real,-29.181764602661133,8.321107864379883,3.164571762084961,0.8625029027622702,forget,for_004,M_npo_s2
8,-4,real,-29.181764602661133,8.321107864379883,-28.984516143798828,0.005259556025625885,forget,for_004,M_npo_s2
8,-3,real,-29.181764602661133,8.321107864379883,-28.678719520568848,0.013413508059532793,forget,for_004,M_npo_s2
8,-2,real,-29.181764602661133,8.321107864379883,-22.331125259399414,0.18266972348004348,forget,for_004,M_npo_s2
8,-1,real,-29.181764602661133,8.321107864379883,-18.897836685180664,0.2742170730126975,forget,for_004,M_npo_s2
8,-5,random_position,-29.181764602661133,8.321107864379883,3.164571762084961,0.8625029027622702,forget,for_004,M_npo_s2
9,-6,real,-29.181764602661133,8.321107864379883,-28.537349700927734,0.017183081170641937,forget,for_004,M_npo_s2
9,-5,real,-29.181764602661133,8.321107864379883,-11.426593780517578,0.47343495722220985,forget,for_004,M_npo_s2
9,-4,real,-29.181764602661133,8.321107864379883,-27.42313575744629,0.04689317722956809,forget,for_004,M_npo_s2
9,-3,real,-29.181764602661133,8.321107864379883,-28.32436180114746,0.022862323473147046,forget,for_004,M_npo_s2
9,-2,real,-29.181764602661133,8.321107864379883,-20.198585510253906,0.23953309443968576,forget,for_004,M_npo_s2
9,-1,real,-29.181764602661133,8.321107864379883,-4.928371429443359,0.6467076140509663,forget,for_004,M_npo_s2
9,-11,random_position,-29.181764602661133,8.321107864379883,-29.18285369873047,-2.9040337384638405e-05,forget,for_004,M_npo_s2
10,-6,real,-29.181764602661133,8.321107864379883,-28.667804718017578,0.013704547167560102,forget,for_004,M_npo_s2
10,-5,real,-29.181764602661133,8.321107864379883,-27.042238235473633,0.057049666504020435,forget,for_004,M_npo_s2
10,-4,real,-29.181764602661133,8.321107864379883,-26.15036392211914,0.08083115988531558,forget,for_004,M_npo_s2
10,-3,real,-29.181764602661133,8.321107864379883,-28.16102886199951,0.027217534911723986,forget,for_004,M_npo_s2
10,-2,real,-29.181764602661133,8.321107864379883,-21.106319427490234,0.21532871068123952,forget,for_004,M_npo_s2
10,-1,real,-29.181764602661133,8.321107864379883,8.056903839111328,0.9929550989593998,forget,for_004,M_npo_s2
10,-6,random_position,-29.181764602661133,8.321107864379883,-28.667804718017578,0.013704547167560102,forget,for_004,M_npo_s2
11,-6,real,-29.181764602661133,8.321107864379883,-29.181764602661133,0.0,forget,for_004,M_npo_s2
11,-5,real,-29.181764602661133,8.321107864379883,-29.181764602661133,0.0,forget,for_004,M_npo_s2
11,-4,real,-29.181764602661133,8.321107864379883,-29.181764602661133,0.0,forget,for_004,M_npo_s2
11,-3,real,-29.181764602661133,8.321107864379883,-29.181764602661133,0.0,forget,for_004,M_npo_s2
11,-2,real,-29.181764602661133,8.321107864379883,-29.181764602661133,0.0,forget,for_004,M_npo_s2
11,-1,real,-29.181764602661133,8.321107864379883,8.24648666381836,0.9980102537311748,forget,for_004,M_npo_s2
11,-6,random_position,-29.181764602661133,8.321107864379883,-29.181764602661133,0.0,forget,for_004,M_npo_s2
0,-6,real,-30.70005226135254,7.6011810302734375,-30.635128021240234,0.0016950952889159174,forget,for_004,M_npo_s2
0,-5,real,-30.70005226135254,7.6011810302734375,-30.388303756713867,0.008139385545760776,forget,for_004,M_npo_s2
0,-4,real,-30.70005226135254,7.6011810302734375,-30.695164680480957,0.0001276089684728411,forget,for_004,M_npo_s2
0,-3,real,-30.70005226135254,7.6011810302734375,-30.701141357421875,-2.8435013072387226e-05,forget,for_004,M_npo_s2
0,-2,real,-30.70005226135254,7.6011810302734375,-30.70783233642578,-0.0002031285784978415,forget,for_004,M_npo_s2
0,-1,real,-30.70005226135254,7.6011810302734375,-30.685986518859863,0.0003672399367816455,forget,for_004,M_npo_s2
0,-12,random_position,-30.70005226135254,7.6011810302734375,-30.61644458770752,0.002182897689179611,forget,for_004,M_npo_s2
1,-6,real,-30.70005226135254,7.6011810302734375,-30.570650100708008,0.0033785377003205585,forget,for_004,M_npo_s2
1,-5,real,-30.70005226135254,7.6011810302734375,-29.769248008728027,0.024302200546320762,forget,for_004,M_npo_s2
1,-4,real,-30.70005226135254,7.6011810302734375,-30.698493003845215,4.07103733567015e-05,forget,for_004,M_npo_s2
1,-3,real,-30.70005226135254,7.6011810302734375,-30.692678451538086,0.00019252147204526973,forget,for_004,M_npo_s2
1,-2,real,-30.70005226135254,7.6011810302734375,-30.696308135986328,9.775469467792667e-05,forget,for_004,M_npo_s2
1,-1,real,-30.70005226135254,7.6011810302734375,-30.60351848602295,0.0025203829494100283,forget,for_004,M_npo_s2
1,-3,random_position,-30.70005226135254,7.6011810302734375,-30.692678451538086,0.00019252147204526973,forget,for_004,M_npo_s2
2,-6,real,-30.70005226135254,7.6011810302734375,-30.571430206298828,0.003358170063986747,forget,for_004,M_npo_s2
2,-5,real,-30.70005226135254,7.6011810302734375,-28.755380630493164,0.05077308127528494,forget,for_004,M_npo_s2
2,-4,real,-30.70005226135254,7.6011810302734375,-30.703824043273926,-9.847677469465104e-05,forget,for_004,M_npo_s2
2,-3,real,-30.70005226135254,7.6011810302734375,-30.687256813049316,0.00033407405463416765,forget,for_004,M_npo_s2
2,-2,real,-30.70005226135254,7.6011810302734375,-30.7161922454834,-0.00042139593803597325,forget,for_004,M_npo_s2
2,-1,real,-30.70005226135254,7.6011810302734375,-30.53641700744629,0.004272323365159799,forget,for_004,M_npo_s2
2,-8,random_position,-30.70005226135254,7.6011810302734375,-20.804527282714844,0.2583604789770885,forget,for_004,M_npo_s2
3,-6,real,-30.70005226135254,7.6011810302734375,-30.414813995361328,0.007447234500764085,forget,for_004,M_npo_s2
3,-5,real,-30.70005226135254,7.6011810302734375,-27.622962951660156,0.08033917044559359,forget,for_004,M_npo_s2
3,-4,real,-30.70005226135254,7.6011810302734375,-30.689685821533203,0.0002706555097170308,forget,for_004,M_npo_s2
3,-3,real,-30.70005226135254,7.6011810302734375,-30.68843650817871,0.00030327360702423503,forget,for_004,M_npo_s2
3,-2,real,-30.70005226135254,7.6011810302734375,-30.723970413208008,-0.0006244747179119717,forget,for_004,M_npo_s2
3,-1,real,-30.70005226135254,7.6011810302734375,-30.4409818649292,0.006764022308388224,forget,for_004,M_npo_s2
3,-12,random_position,-30.70005226135254,7.6011810302734375,-30.52968978881836,0.004447963104400271,forget,for_004,M_npo_s2
4,-6,real,-30.70005226135254,7.6011810302734375,-30.25486183166504,0.011623396727144936,forget,for_004,M_npo_s2
4,-5,real,-30.70005226135254,7.6011810302734375,-26.9921875,0.09680797307806825,forget,for_004,M_npo_s2
4,-4,real,-30.70005226135254,7.6011810302734375,-30.684158325195312,0.0004149719158182185,forget,for_004,M_npo_s2
4,-3,real,-30.70005226135254,7.6011810302734375,-30.688979148864746,0.0002891058991098845,forget,for_004,M_npo_s2
4,-2,real,-30.70005226135254,7.6011810302734375,-30.732751846313477,-0.0008537475728774196,forget,for_004,M_npo_s2
4,-1,real,-30.70005226135254,7.6011810302734375,-30.277688026428223,0.011027431720238115,forget,for_004,M_npo_s2
4,-9,random_position,-30.70005226135254,7.6011810302734375,-28.97448444366455,0.04505253928899619,forget,for_004,M_npo_s2
5,-6,real,-30.70005226135254,7.6011810302734375,-29.999614715576172,0.018287597698048746,forget,for_004,M_npo_s2
5,-5,real,-30.70005226135254,7.6011810302734375,-27.20386505126953,0.09128132202592547,forget,for_004,M_npo_s2
5,-4,real,-30.70005226135254,7.6011810302734375,-30.681485176086426,0.000484764684331267,forget,for_004,M_npo_s2
5,-3,real,-30.70005226135254,7.6011810302734375,-30.69373893737793,0.0001648334383005284,forget,for_004,M_npo_s2
5,-2,real,-30.70005226135254,7.6011810302734375,-30.70423412322998,-0.00010918347839090892,forget,for_004,M_npo_s2
5,-1,real,-30.70005226135254,7.6011810302734375,-30.10283660888672,0.015592595881146028,forget,for_004,M_npo_s2
5,-11,random_position,-30.70005226135254,7.6011810302734375,-30.726144790649414,-0.00068124514681306,forget,for_004,M_npo_s2
6,-6,real,-30.70005226135254,7.6011810302734375,-29.79959011077881,0.023510004070041363,forget,for_004,M_npo_s2
6,-5,real,-30.70005226135254,7.6011810302734375,-26.820236206054688,0.1012974184344638,forget,for_004,M_npo_s2
6,-4,real,-30.70005226135254,7.6011810302734375,-30.672059059143066,0.0007308694734796692,forget,for_004,M_npo_s2
6,-3,real,-30.70005226135254,7.6011810302734375,-30.683762550354004,0.00042530512985065346,forget,for_004,M_npo_s2
6,-2,real,-30.70005226135254,7.6011810302734375,-30.696632385253906,8.928892896460648e-05,forget,for_004,M_npo_s2
6,-1,real,-30.70005226135254,7.6011810302734375,-29.581825256347656,0.02919558742379628,forget,for_004,M_npo_s2
6,-2,random_position,-30.70005226135254,7.6011810302734375,-30.696632385253906,8.928892896460648e-05,forget,for_004,M_npo_s2
7,-6,real,-30.70005226135254,7.6011810302734375,-29.5430269241333,0.030208566090016886,forget,for_004,M_npo_s2
7,-5,real,-30.70005226135254,7.6011810302734375,-26.712122917175293,0.10412012881708303,forget,for_004,M_npo_s2
7,-4,real,-30.70005226135254,7.6011810302734375,-30.670223236083984,0.0007788006470036145,forget,for_004,M_npo_s2
7,-3,real,-30.70005226135254,7.6011810302734375,-30.685004234313965,0.0003928862270308214,forget,for_004,M_npo_s2
7,-2,real,-30.70005226135254,7.6011810302734375,-30.698078155517578,5.154157360756704e-05,forget,for_004,M_npo_s2
7,-1,real,-30.70005226135254,7.6011810302734375,-27.929903030395508,0.07232532722549917,forget,for_004,M_npo_s2
7,-8,random_position,-30.70005226135254,7.6011810302734375,7.07606315612793,0.9862897920245216,forget,for_004,M_npo_s2
8,-6,real,-30.70005226135254,7.6011810302734375,-29.297941207885742,0.03660746490305179,forget,for_004,M_npo_s2
8,-5,real,-30.70005226135254,7.6011810302734375,-24.258468627929688,0.16818214662636496,forget,for_004,M_npo_s2
8,-4,real,-30.70005226135254,7.6011810302734375,-30.652339935302734,0.0012457125254041444,forget,for_004,M_npo_s2
8,-3,real,-30.70005226135254,7.6011810302734375,-30.694167137145996,0.00015365364769676145,forget,for_004,M_npo_s2
8,-2,real,-30.70005226135254,7.6011810302734375,-30.69759750366211,6.409082631201815e-05,forget,for_004,M_npo_s2
8,-1,real,-30.70005226135254,7.6011810302734375,-21.371252059936523,0.24356396386472562,forget,for_004,M_npo_s2
8,-5,random_position,-30.70005226135254,7.6011810302734375,-24.258468627929688,0.16818214662636496,forget,for_004,M_npo_s2
9,-6,real,-30.70005226135254,7.6011810302734375,-28.74758529663086,0.05097660824275752,forget,for_004,M_npo_s2
9,-5,real,-30.70005226135254,7.6011810302734375,-20.792438507080078,0.2586761026423298,forget,for_004,M_npo_s2
9,-4,real,-30.70005226135254,7.6011810302734375,-30.583855628967285,0.0030337569419901333,forget,for_004,M_npo_s2
9,-3,real,-30.70005226135254,7.6011810302734375,-30.656519889831543,0.0011365788456350785,forget,for_004,M_npo_s2
9,-2,real,-30.70005226135254,7.6011810302734375,-30.66259002685547,0.0009780947316195402,forget,for_004,M_npo_s2
9,-1,real,-30.70005226135254,7.6011810302734375,-7.188426971435547,0.6138607890482074,forget,for_004,M_npo_s2
9,-11,random_position,-30.70005226135254,7.6011810302734375,-30.691895484924316,0.00021296380631184584,forget,for_004,M_npo_s2
10,-6,real,-30.70005226135254,7.6011810302734375,-28.724384307861328,0.05158235867885651,forget,for_004,M_npo_s2
10,-5,real,-30.70005226135254,7.6011810302734375,-20.764379501342773,0.25940869016826307,forget,for_004,M_npo_s2
10,-4,real,-30.70005226135254,7.6011810302734375,-30.56671142578125,0.0034813718544264775,forget,for_004,M_npo_s2
10,-3,real,-30.70005226135254,7.6011810302734375,-30.651564598083496,0.0012659556651833483,forget,for_004,M_npo_s2
10,-2,real,-30.70005226135254,7.6011810302734375,-30.636116981506348,0.0016692747034902909,forget,for_004,M_npo_s2
10,-1,real,-30.70005226135254,7.6011810302734375,6.509796142578125,0.9715052285814011,forget,for_004,M_npo_s2
10,-6,random_position,-30.70005226135254,7.6011810302734375,-28.724384307861328,0.05158235867885651,forget,for_004,M_npo_s2
11,-6,real,-30.70005226135254,7.6011810302734375,-30.70005226135254,0.0,forget,for_004,M_npo_s2
11,-5,real,-30.70005226135254,7.6011810302734375,-30.70005226135254,0.0,forget,for_004,M_npo_s2
11,-4,real,-30.70005226135254,7.6011810302734375,-30.70005226135254,0.0,forget,for_004,M_npo_s2
11,-3,real,-30.70005226135254,7.6011810302734375,-30.70005226135254,0.0,forget,for_004,M_npo_s2
11,-2,real,-30.70005226135254,7.6011810302734375,-30.70005226135254,0.0,forget,for_004,M_npo_s2
11,-1,real,-30.70005226135254,7.6011810302734375,7.606719970703125,1.0001446151978322,forget,for_004,M_npo_s2
11,-6,random_position,-30.70005226135254,7.6011810302734375,-30.70005226135254,0.0,forget,for_004,M_npo_s2
0,-6,real,-31.021223068237305,7.194385528564453,-30.05923557281494,0.025172633139823174,forget,for_004,M_npo_s2
0,-5,real,-31.021223068237305,7.194385528564453,-30.988431930541992,0.0008580561424856327,forget,for_004,M_npo_s2
0,-4,real,-31.021223068237305,7.194385528564453,-31.011829376220703,0.00024580773044100403,forget,for_004,M_npo_s2
0,-3,real,-31.021223068237305,7.194385528564453,-30.677413940429688,0.008996562934140747,forget,for_004,M_npo_s2
0,-2,real,-31.021223068237305,7.194385528564453,-31.012043952941895,0.00024019283304514352,forget,for_004,M_npo_s2
0,-1,real,-31.021223068237305,7.194385528564453,-31.024181365966797,-7.74107187642634e-05,forget,for_004,M_npo_s2
0,-13,random_position,-31.021223068237305,7.194385528564453,-30.99284839630127,0.000742489076529055,forget,for_004,M_npo_s2
1,-6,real,-31.021223068237305,7.194385528564453,-28.053285598754883,0.07766296491038499,forget,for_004,M_npo_s2
1,-5,real,-31.021223068237305,7.194385528564453,-30.9904842376709,0.0008043527682816692,forget,for_004,M_npo_s2
1,-4,real,-31.021223068237305,7.194385528564453,-31.05466651916504,-0.0008751254305690487,forget,for_004,M_npo_s2
1,-3,real,-31.021223068237305,7.194385528564453,-30.028576850891113,0.02597488967974372,forget,for_004,M_npo_s2
1,-2,real,-31.021223068237305,7.194385528564453,-31.00088596343994,0.0005321674976298894,forget,for_004,M_npo_s2
1,-1,real,-31.021223068237305,7.194385528564453,-30.925697326660156,0.002499652500238945,forget,for_004,M_npo_s2
1,-3,random_position,-31.021223068237305,7.194385528564453,-30.028576850891113,0.02597488967974372,forget,for_004,M_npo_s2
2,-6,real,-31.021223068237305,7.194385528564453,-21.526613235473633,0.24844847907402606,forget,for_004,M_npo_s2
2,-5,real,-31.021223068237305,7.194385528564453,-30.896194458007812,0.003271663459520458,forget,for_004,M_npo_s2
2,-4,real,-31.021223068237305,7.194385528564453,-31.1412992477417,-0.0031420716276239977,forget,for_004,M_npo_s2
2,-3,real,-31.021223068237305,7.194385528564453,-28.967232704162598,0.0537474199546466,forget,for_004,M_npo_s2
2,-2,real,-31.021223068237305,7.194385528564453,-30.978681564331055,0.0011131970801535338,forget,for_004,M_npo_s2
2,-1,real,-31.021223068237305,7.194385528564453,-30.85099983215332,0.004454285626586364,forget,for_004,M_npo_s2
2,-9,random_position,-31.021223068237305,7.194385528564453,-31.028176307678223,-0.0001819476307254173,forget,for_004,M_npo_s2
3,-6,real,-31.021223068237305,7.194385528564453,-14.539131164550781,0.43129214760342455,forget,for_004,M_npo_s2
3,-5,real,-31.021223068237305,7.194385528564453,-30.855119705200195,0.004346479596585843,forget,for_004,M_npo_s2
3,-4,real,-31.021223068237305,7.194385528564453,-30.950075149536133,0.0018617502458701182,forget,for_004,M_npo_s2
3,-3,real,-31.021223068237305,7.194385528564453,-27.92689609527588,0.08097023929694497,forget,for_004,M_npo_s2
3,-2,real,-31.021223068237305,7.194385528564453,-31.006686210632324,0.0003803905822448959,forget,for_004,M_npo_s2
3,-1,real,-31.021223068237305,7.194385528564453,-30.708486557006836,0.008183475881021073,forget,for_004,M_npo_s2
3,-13,random_position,-31.021223068237305,7.194385528564453,-30.856351852416992,0.004314237607983835,forget,for_004,M_npo_s2
4,-6,real,-31.021223068237305,7.194385528564453,-6.100521087646484,0.6521079447803539,forget,for_004,M_npo_s2
4,-5,real,-31.021223068237305,7.194385528564453,-30.837133407592773,0.0048171327738566385,forget,for_004,M_npo_s2
4,-4,real,-31.021223068237305,7.194385528564453,-30.83384609222412,0.0049031530019612215,forget,for_004,M_npo_s2
4,-3,real,-31.021223068237305,7.194385528564453,-27.04551887512207,0.10403351769329035,forget,for_004,M_npo_s2
4,-2,real,-31.021223068237305,7.194385528564453,-31.01508903503418,0.00016051120022299878,forget,for_004,M_npo_s2
4,-1,real,-31.021223068237305,7.194385528564453,-30.542163848876953,0.012535695150500462,forget,for_004,M_npo_s2
4,-10,random_position,-31.021223068237305,7.194385528564453,-31.070597648620605,-0.001292000368337269,forget,for_004,M_npo_s2
5,-6,real,-31.021223068237305,7.194385528564453,1.0384559631347656,0.8389158306916281,forget,for_004,M_npo_s2
5,-5,real,-31.021223068237305,7.194385528564453,-30.852622032165527,0.004411837002273659,forget,for_004,M_npo_s2
5,-4,real,-31.021223068237305,7.194385528564453,-30.660411834716797,0.009441462448689196,forget,for_004,M_npo_s2
5,-3,real,-31.021223068237305,7.194385528564453,-26.815587997436523,0.11005019219169909,forget,for_004,M_npo_s2
5,-2,real,-31.021223068237305,7.194385528564453,-30.969593048095703,0.0013510191787426474,forget,for_004,M_npo_s2
5,-1,real,-31.021223068237305,7.194385528564453,-30.348134994506836,0.01761290997173336,forget,for_004,M_npo_s2
5,-12,random_position,-31.021223068237305,7.194385528564453,-31.030487060546875,-0.00024241383690395057,forget,for_004,M_npo_s2
6,-6,real,-31.021223068237305,7.194385528564453,4.028371810913086,0.9171539108259464,forget,for_004,M_npo_s2
6,-5,real,-31.021223068237305,7.194385528564453,-30.805082321166992,0.005655823759101437,forget,for_004,M_npo_s2
6,-4,real,-31.021223068237305,7.194385528564453,-30.566713333129883,0.011893300978214947,forget,for_004,M_npo_s2
6,-3,real,-31.021223068237305,7.194385528564453,-25.92323112487793,0.13340077864901576,forget,for_004,M_npo_s2
6,-2,real,-31.021223068237305,7.194385528564453,-30.91765785217285,0.002710023989337185,forget,for_004,M_npo_s2
6,-1,real,-31.021223068237305,7.194385528564453,-29.72050189971924,0.034036385034227165,forget,for_004,M_npo_s2
6,-2,random_position,-31.021223068237305,7.194385528564453,-30.91765785217285,0.002710023989337185,forget,for_004,M_npo_s2
7,-6,real,-31.021223068237305,7.194385528564453,7.036691665649414,0.9958735744711328,forget,for_004,M_npo_s2
7,-5,real,-31.021223068237305,7.194385528564453,-30.94122886657715,0.002093233749176794,forget,for_004,M_npo_s2
7,-4,real,-31.021223068237305,7.194385528564453,-30.46147918701172,0.014646996391742158,forget,for_004,M_npo_s2
7,-3,real,-31.021223068237305,7.194385528564453,-25.229905128479004,0.15154326078802713,forget,for_004,M_npo_s2
7,-2,real,-31.021223068237305,7.194385528564453,-30.88929557800293,0.0034521886495722572,forget,for_004,M_npo_s2
7,-1,real,-31.021223068237305,7.194385528564453,-28.121047973632812,0.07588980526787178,forget,for_004,M_npo_s2
7,-8,random_position,-31.021223068237305,7.194385528564453,-31.035273551940918,-0.0003676634814809454,forget,for_004,M_npo_s2
8,-6,real,-31.021223068237305,7.194385528564453,4.390350341796875,0.9266259183164691,forget,for_004,M_npo_s2
8,-5,real,-31.021223068237305,7.194385528564453,-30.685134887695312,0.008794526448287918,forget,for_004,M_npo_s2
8,-4,real,-31.021223068237305,7.194385528564453,-30.30716323852539,0.018685030958048732,forget,for_004,M_npo_s2
8,-3,real,-31.021223068237305,7.194385528564453,-24.95603370666504,0.1587097414976104,forget,for_004,M_npo_s2
8,-2,real,-31.021223068237305,7.194385528564453,-30.834999084472656,0.004872982286620798,forget,for_004,M_npo_s2
8,-1,real,-31.021223068237305,7.194385528564453,-21.651203155517578,0.24518829496029268,forget,for_004,M_npo_s2
8,-5,random_position,-31.021223068237305,7.194385528564453,-30.685134887695312,0.008794526448287918,forget,for_004,M_npo_s2
9,-6,real,-31.021223068237305,7.194385528564453,-11.294689178466797,0.516190494253215,forget,for_004,M_npo_s2
9,-5,real,-31.021223068237305,7.194385528564453,-29.16020965576172,0.04869773060820319,forget,for_004,M_npo_s2
9,-4,real,-31.021223068237305,7.194385528564453,-29.974675178527832,0.027385351905583877,forget,for_004,M_npo_s2
9,-3,real,-31.021223068237305,7.194385528564453,-21.934988021850586,0.23776240599102066,forget,for_004,M_npo_s2
9,-2,real,-31.021223068237305,7.194385528564453,-30.69705104827881,0.008482712479571131,forget,for_004,M_npo_s2
9,-1,real,-31.021223068237305,7.194385528564453,-7.163631439208984,0.6242891976611082,forget,for_004,M_npo_s2
9,-12,random_position,-31.021223068237305,7.194385528564453,-31.01340961456299,0.0002044571305079336,forget,for_004,M_npo_s2
10,-6,real,-31.021223068237305,7.194385528564453,-29.078959465026855,0.05082383022347042,forget,for_004,M_npo_s2
10,-5,real,-31.021223068237305,7.194385528564453,-27.670883178710938,0.08766941081259544,forget,for_004,M_npo_s2
10,-4,real,-31.021223068237305,7.194385528564453,-29.879962921142578,0.029863717705917628,forget,for_004,M_npo_s2
10,-3,real,-31.021223068237305,7.194385528564453,-22.350666046142578,0.2268852267557597,forget,for_004,M_npo_s2
10,-2,real,-31.021223068237305,7.194385528564453,-30.55219078063965,0.012273317233966786,forget,for_004,M_npo_s2
10,-1,real,-31.021223068237305,7.194385528564453,6.031009674072266,0.9695575735358157,forget,for_004,M_npo_s2
10,-6,random_position,-31.021223068237305,7.194385528564453,-29.078959465026855,0.05082383022347042,forget,for_004,M_npo_s2
11,-6,real,-31.021223068237305,7.194385528564453,-31.021223068237305,0.0,forget,for_004,M_npo_s2
11,-5,real,-31.021223068237305,7.194385528564453,-31.021223068237305,0.0,forget,for_004,M_npo_s2
11,-4,real,-31.021223068237305,7.194385528564453,-31.021223068237305,0.0,forget,for_004,M_npo_s2
11,-3,real,-31.021223068237305,7.194385528564453,-31.021223068237305,0.0,forget,for_004,M_npo_s2
11,-2,real,-31.021223068237305,7.194385528564453,-31.021223068237305,0.0,forget,for_004,M_npo_s2
11,-1,real,-31.021223068237305,7.194385528564453,7.1890716552734375,0.9998609501853789,forget,for_004,M_npo_s2
11,-6,random_position,-31.021223068237305,7.194385528564453,-31.021223068237305,0.0,forget,for_004,M_npo_s2
0,-6,real,-30.39781093597412,8.54665756225586,-30.34681510925293,0.0013094498060362322,forget,for_004,M_npo_s2
0,-5,real,-30.39781093597412,8.54665756225586,-30.32768440246582,0.0018006802047250438,forget,for_004,M_npo_s2
0,-4,real,-30.39781093597412,8.54665756225586,-30.201406478881836,0.005043192644963474,forget,for_004,M_npo_s2
0,-3,real,-30.39781093597412,8.54665756225586,-30.404135704040527,-0.00016240478584766691,forget,for_004,M_npo_s2
0,-2,real,-30.39781093597412,8.54665756225586,-30.43295669555664,-0.0009024583191863794,forget,for_004,M_npo_s2
0,-1,real,-30.39781093597412,8.54665756225586,-30.367416381835938,0.0007804588253544921,forget,for_004,M_npo_s2
0,-11,random_position,-30.39781093597412,8.54665756225586,-30.3244047164917,0.0018848946285082355,forget,for_004,M_npo_s2
1,-6,real,-30.39781093597412,8.54665756225586,-30.36767864227295,0.0007737246100185289,forget,for_004,M_npo_s2
1,-5,real,-30.39781093597412,8.54665756225586,-30.235465049743652,0.004168650709351633,forget,for_004,M_npo_s2
1,-4,real,-30.39781093597412,8.54665756225586,-29.753548622131348,0.016543101977936996,forget,for_004,M_npo_s2
1,-3,real,-30.39781093597412,8.54665756225586,-30.390698432922363,0.00018263191991132384,forget,for_004,M_npo_s2
1,-2,real,-30.39781093597412,8.54665756225586,-30.44059467315674,-0.001098583157825397,forget,for_004,M_npo_s2
1,-1,real,-30.39781093597412,8.54665756225586,-30.286784172058105,0.002850899452410341,forget,for_004,M_npo_s2
1,-3,random_position,-30.39781093597412,8.54665756225586,-30.390698432922363,0.00018263191991132384,forget,for_004,M_npo_s2
2,-6,real,-30.39781093597412,8.54665756225586,-30.287001609802246,0.002845316175695433,forget,for_004,M_npo_s2
2,-5,real,-30.39781093597412,8.54665756225586,-30.142135620117188,0.006565125310891173,forget,for_004,M_npo_s2
2,-4,real,-30.39781093597412,8.54665756225586,-28.9262113571167,0.03778712704538016,forget,for_004,M_npo_s2
2,-3,real,-30.39781093597412,8.54665756225586,-30.358738899230957,0.0010032756447796913,forget,for_004,M_npo_s2
2,-2,real,-30.39781093597412,8.54665756225586,-30.475436210632324,-0.0019932297872220592,forget,for_004,M_npo_s2
2,-1,real,-30.39781093597412,8.54665756225586,-30.24472999572754,0.003930749247573876,forget,for_004,M_npo_s2
2,-8,random_position,-30.39781093597412,8.54665756225586,-26.80653190612793,0.09221538175593318,forget,for_004,M_npo_s2
3,-6,real,-30.39781093597412,8.54665756225586,-30.292094230651855,0.00271454995789891,forget,for_004,M_npo_s2
3,-5,real,-30.39781093597412,8.54665756225586,-30.08564853668213,0.008015577342034593,forget,for_004,M_npo_s2
3,-4,real,-30.39781093597412,8.54665756225586,-27.828904151916504,0.06596332889160815,forget,for_004,M_npo_s2
3,-3,real,-30.39781093597412,8.54665756225586,-30.307008743286133,0.002331581253756621,forget,for_004,M_npo_s2
3,-2,real,-30.39781093597412,8.54665756225586,-30.48418426513672,-0.0022178587227740265,forget,for_004,M_npo_s2
3,-1,real,-30.39781093597412,8.54665756225586,-30.171788215637207,0.005803718192923515,forget,for_004,M_npo_s2
3,-11,random_position,-30.39781093597412,8.54665756225586,-30.218238830566406,0.004610978460673468,forget,for_004,M_npo_s2
4,-6,real,-30.39781093597412,8.54665756225586,-30.212368965148926,0.004761702443920209,forget,for_004,M_npo_s2
4,-5,real,-30.39781093597412,8.54665756225586,-30.02555274963379,0.009558692176200867,forget,for_004,M_npo_s2
4,-4,real,-30.39781093597412,8.54665756225586,-27.207818031311035,0.08191132213829214,forget,for_004,M_npo_s2
4,-3,real,-30.39781093597412,8.54665756225586,-30.281044960021973,0.0029982685720169842,forget,for_004,M_npo_s2
4,-2,real,-30.39781093597412,8.54665756225586,-30.470751762390137,-0.0018729444572938715,forget,for_004,M_npo_s2
4,-1,real,-30.39781093597412,8.54665756225586,-30.007444381713867,0.010023671379107306,forget,for_004,M_npo_s2
4,-8,random_position,-30.39781093597412,8.54665756225586,-28.65531349182129,0.044743130702426415,forget,for_004,M_npo_s2
5,-6,real,-30.39781093597412,8.54665756225586,-30.246787071228027,0.0038779285112841575,forget,for_004,M_npo_s2
5,-5,real,-30.39781093597412,8.54665756225586,-29.822699546813965,0.014767473054261735,forget,for_004,M_npo_s2
5,-4,real,-30.39781093597412,8.54665756225586,-27.25863742828369,0.08060640262257282,forget,for_004,M_npo_s2
5,-3,real,-30.39781093597412,8.54665756225586,-30.284071922302246,0.0029205434830120846,forget,for_004,M_npo_s2
5,-2,real,-30.39781093597412,8.54665756225586,-30.386693954467773,0.00028545726607754116,forget,for_004,M_npo_s2
5,-1,real,-30.39781093597412,8.54665756225586,-29.79864501953125,0.015385135284876287,forget,for_004,M_npo_s2
5,-10,random_position,-30.39781093597412,8.54665756225586,-30.42130947113037,-0.0006033856941023088,forget,for_004,M_npo_s2
6,-6,real,-30.39781093597412,8.54665756225586,-30.232563972473145,0.0042431433749952705,forget,for_004,M_npo_s2
6,-5,real,-30.39781093597412,8.54665756225586,-29.784396171569824,0.015751011326093113,forget,for_004,M_npo_s2
6,-4,real,-30.39781093597412,8.54665756225586,-26.954379081726074,0.08841902295840937,forget,for_004,M_npo_s2
6,-3,real,-30.39781093597412,8.54665756225586,-30.26594066619873,0.0033861103992569343,forget,for_004,M_npo_s2
6,-2,real,-30.39781093597412,8.54665756225586,-30.36212921142578,0.0009162206065275116,forget,for_004,M_npo_s2
6,-1,real,-30.39781093597412,8.54665756225586,-28.691475868225098,0.04381456811579226,forget,for_004,M_npo_s2
6,-2,random_position,-30.39781093597412,8.54665756225586,-30.36212921142578,0.0009162206065275116,forget,for_004,M_npo_s2
7,-6,real,-30.39781093597412,8.54665756225586,-30.376798629760742,0.0005395453327173771,forget,for_004,M_npo_s2
7,-5,real,-30.39781093597412,8.54665756225586,-29.66538143157959,0.01880702273360901,forget,for_004,M_npo_s2
7,-4,real,-30.39781093597412,8.54665756225586,-26.69723606109619,0.09502183538712616,forget,for_004,M_npo_s2
7,-3,real,-30.39781093597412,8.54665756225586,-30.2319278717041,0.004259476908191953,forget,for_004,M_npo_s2
7,-2,real,-30.39781093597412,8.54665756225586,-30.35169792175293,0.0011840709605084798,forget,for_004,M_npo_s2
7,-1,real,-30.39781093597412,8.54665756225586,-26.917800903320312,0.08935826233735798,forget,for_004,M_npo_s2
7,-7,random_position,-30.39781093597412,8.54665756225586,7.340648651123047,0.9690326005813219,forget,for_004,M_npo_s2
8,-6,real,-30.39781093597412,8.54665756225586,-30.21166706085205,0.004779725652964824,forget,for_004,M_npo_s2
8,-5,real,-30.39781093597412,8.54665756225586,-29.538496017456055,0.02206513406537111,forget,for_004,M_npo_s2
8,-4,real,-30.39781093597412,8.54665756225586,-24.753324508666992,0.14493679449146082,forget,for_004,M_npo_s2
8,-3,real,-30.39781093597412,8.54665756225586,-29.739434242248535,0.016905525203290656,forget,for_004,M_npo_s2
8,-2,real,-30.39781093597412,8.54665756225586,-30.286885261535645,0.002848303718499024,forget,for_004,M_npo_s2
8,-1,real,-30.39781093597412,8.54665756225586,-20.068817138671875,0.2652236426791059,forget,for_004,M_npo_s2
8,-5,random_position,-30.39781093597412,8.54665756225586,-29.538496017456055,0.02206513406537111,forget,for_004,M_npo_s2
9,-6,real,-30.39781093597412,8.54665756225586,-28.636500358581543,0.045226206578544766,forget,for_004,M_npo_s2
9,-5,real,-30.39781093597412,8.54665756225586,-28.979097366333008,0.03642914191281346,forget,for_004,M_npo_s2
9,-4,real,-30.39781093597412,8.54665756225586,-21.583374977111816,0.226333451161695,forget,for_004,M_npo_s2
9,-3,real,-30.39781093597412,8.54665756225586,-27.564244270324707,0.07275915617588154,forget,for_004,M_npo_s2
9,-2,real,-30.39781093597412,8.54665756225586,-29.947345733642578,0.01156685967744088,forget,for_004,M_npo_s2
9,-1,real,-30.39781093597412,8.54665756225586,-6.433099746704102,0.6153559700104576,forget,for_004,M_npo_s2
9,-10,random_position,-30.39781093597412,8.54665756225586,-30.382315635681152,0.00039788193010447705,forget,for_004,M_npo_s2
10,-6,real,-30.39781093597412,8.54665756225586,-27.23653221130371,0.08117401126719934,forget,for_004,M_npo_s2
10,-5,real,-30.39781093597412,8.54665756225586,-28.832120895385742,0.04020314311542188,forget,for_004,M_npo_s2
10,-4,real,-30.39781093597412,8.54665756225586,-21.602359771728516,0.22584596743553856,forget,for_004,M_npo_s2
10,-3,real,-30.39781093597412,8.54665756225586,-25.66022491455078,0.12164977990747677,forget,for_004,M_npo_s2
10,-2,real,-30.39781093597412,8.54665756225586,-29.578940391540527,0.021026620108342504,forget,for_004,M_npo_s2
10,-1,real,-30.39781093597412,8.54665756225586,7.595396041870117,0.9755738990139518,forget,for_004,M_npo_s2
10,-5,random_position,-30.39781093597412,8.54665756225586,-28.832120895385742,0.04020314311542188,forget,for_004,M_npo_s2
11,-6,real,-30.39781093597412,8.54665756225586,-30.39781093597412,0.0,forget,for_004,M_npo_s2
11,-5,real,-30.39781093597412,8.54665756225586,-30.39781093597412,0.0,forget,for_004,M_npo_s2
11,-4,real,-30.39781093597412,8.54665756225586,-30.39781093597412,0.0,forget,for_004,M_npo_s2
11,-3,real,-30.39781093597412,8.54665756225586,-30.39781093597412,0.0,forget,for_004,M_npo_s2
11,-2,real,-30.39781093597412,8.54665756225586,-30.39781093597412,0.0,forget,for_004,M_npo_s2
11,-1,real,-30.39781093597412,8.54665756225586,8.558887481689453,1.0003140348271577,forget,for_004,M_npo_s2
11,-6,random_position,-30.39781093597412,8.54665756225586,-30.39781093597412,0.0,forget,for_004,M_npo_s2
0,-6,real,5.402088165283203,3.851350784301758,5.408939361572266,-0.004418024852619758,retain,ret_000,M_npo_s2
0,-5,real,5.402088165283203,3.851350784301758,5.4061279296875,-0.00260506031120508,retain,ret_000,M_npo_s2
0,-4,real,5.402088165283203,3.851350784301758,5.396549224853516,0.003571810738309515,retain,ret_000,M_npo_s2
0,-3,real,5.402088165283203,3.851350784301758,5.401174545288086,0.0005891519778409978,retain,ret_000,M_npo_s2
0,-2,real,5.402088165283203,3.851350784301758,5.341403961181641,0.039132482937346946,retain,ret_000,M_npo_s2
0,-1,real,5.402088165283203,3.851350784301758,5.3603668212890625,0.02690419700061375,retain,ret_000,M_npo_s2
0,-14,random_position,5.402088165283203,3.851350784301758,5.348411560058594,0.03461360116994021,retain,ret_000,M_npo_s2
1,-6,real,5.402088165283203,3.851350784301758,5.401927947998047,0.00010331683953787853,retain,ret_000,M_npo_s2
1,-5,real,5.402088165283203,3.851350784301758,5.411602020263672,-0.006135052328749263,retain,ret_000,M_npo_s2
1,-4,real,5.402088165283203,3.851350784301758,5.40252685546875,-0.00028289134635371504,retain,ret_000,M_npo_s2
1,-3,real,5.402088165283203,3.851350784301758,5.405052185058594,-0.0019113615314507529,retain,ret_000,M_npo_s2
1,-2,real,5.402088165283203,3.851350784301758,5.3365020751953125,0.04229348624225585,retain,ret_000,M_npo_s2
1,-1,real,5.402088165283203,3.851350784301758,5.277250289916992,0.08050226743563914,retain,ret_000,M_npo_s2
1,-3,random_position,5.402088165283203,3.851350784301758,5.405052185058594,-0.0019113615314507529,retain,ret_000,M_npo_s2
2,-6,real,5.402088165283203,3.851350784301758,5.395437240600586,0.00428887880319741,retain,ret_000,M_npo_s2
2,-5,real,5.402088165283203,3.851350784301758,5.385997772216797,0.010375962599304088,retain,ret_000,M_npo_s2
2,-4,real,5.402088165283203,3.851350784301758,5.398033142089844,0.002614900010208688,retain,ret_000,M_npo_s2
2,-3,real,5.402088165283203,3.851350784301758,5.416248321533203,-0.009131240675347742,retain,ret_000,M_npo_s2
2,-2,real,5.402088165283203,3.851350784301758,5.220985412597656,0.11678492754906628,retain,ret_000,M_npo_s2
2,-1,real,5.402088165283203,3.851350784301758,5.153730392456055,0.1601546308698417,retain,ret_000,M_npo_s2
2,-9,random_position,5.402088165283203,3.851350784301758,5.118457794189453,0.18290032507905582,retain,ret_000,M_npo_s2
3,-6,real,5.402088165283203,3.851350784301758,5.409612655639648,-0.004852201571153939,retain,ret_000,M_npo_s2
3,-5,real,5.402088165283203,3.851350784301758,5.3384552001953125,0.041034004769794095,retain,ret_000,M_npo_s2
3,-4,real,5.402088165283203,3.851350784301758,5.397438049316406,0.0029986482713493796,retain,ret_000,M_npo_s2
3,-3,real,5.402088165283203,3.851350784301758,5.401256561279297,0.0005362635956966076,retain,ret_000,M_npo_s2
3,-2,real,5.402088165283203,3.851350784301758,5.2205810546875,0.11704567957266188,retain,ret_000,M_npo_s2
3,-1,real,5.402088165283203,3.851350784301758,4.8842315673828125,0.33394216470918153,retain,ret_000,M_npo_s2
3,-14,random_position,5.402088165283203,3.851350784301758,5.372526168823242,0.019063186857114042,retain,ret_000,M_npo_s2
4,-6,real,5.402088165283203,3.851350784301758,5.382747650146484,0.01247181848707248,retain,ret_000,M_npo_s2
4,-5,real,5.402088165283203,3.851350784301758,5.2677154541015625,0.08665084935051837,retain,ret_000,M_npo_s2
4,-4,real,5.402088165283203,3.851350784301758,5.340053558349609,0.040003296299166206,retain,ret_000,M_npo_s2
4,-3,real,5.402088165283203,3.851350784301758,5.384246826171875,0.011505068059968046,retain,ret_000,M_npo_s2
4,-2,real,5.402088165283203,3.851350784301758,5.2104644775390625,0.12356940001205363,retain,ret_000,M_npo_s2
4,-1,real,5.402088165283203,3.851350784301758,4.639884948730469,0.4915101847034499,retain,ret_000,M_npo_s2
4,-11,random_position,5.402088165283203,3.851350784301758,5.549167633056641,-0.0948448586957725,retain,ret_000,M_npo_s2
5,-6,real,5.402088165283203,3.851350784301758,5.354316711425781,0.030805637655544116,retain,ret_000,M_npo_s2
5,-5,real,5.402088165283203,3.851350784301758,5.220542907714844,0.11707027882017089,retain,ret_000,M_npo_s2
5,-4,real,5.402088165283203,3.851350784301758,5.299217224121094,0.06633679075757072,retain,ret_000,M_npo_s2
5,-3,real,5.402088165283203,3.851350784301758,5.373130798339844,0.018673288784096093,retain,ret_000,M_npo_s2
5,-2,real,5.402088165283203,3.851350784301758,5.207939147949219,0.12519787019715067,retain,ret_000,M_npo_s2
5,-1,real,5.402088165283203,3.851350784301758,3.9731369018554688,0.9214656723650824,retain,ret_000,M_npo_s2
5,-12,random_position,5.402088165283203,3.851350784301758,5.37628173828125,0.01664139093985115,retain,ret_000,M_npo_s2
6,-6,real,5.402088165283203,3.851350784301758,5.263387680053711,0.08944163398041653,retain,ret_000,M_npo_s2
6,-5,real,5.402088165283203,3.851350784301758,5.148958206176758,0.16323199673321992,retain,ret_000,M_npo_s2
6,-4,real,5.402088165283203,3.851350784301758,5.300769805908203,0.06533560138395367,retain,ret_000,M_npo_s2
6,-3,real,5.402088165283203,3.851350784301758,5.354270935058594,0.03083515675255494,retain,ret_000,M_npo_s2
6,-2,real,5.402088165283203,3.851350784301758,5.295785903930664,0.06854949307100695,retain,ret_000,M_npo_s2
6,-1,real,5.402088165283203,3.851350784301758,2.2721405029296875,2.0183608783407316,retain,ret_000,M_npo_s2
6,-2,random_position,5.402088165283203,3.851350784301758,5.295785903930664,0.06854949307100695,retain,ret_000,M_npo_s2
7,-6,real,5.402088165283203,3.851350784301758,5.240386962890625,0.10427375026597936,retain,ret_000,M_npo_s2
7,-5,real,5.402088165283203,3.851350784301758,5.113624572753906,0.18601704973844851,retain,ret_000,M_npo_s2
7,-4,real,5.402088165283203,3.851350784301758,5.258554458618164,0.09255835863980921,retain,ret_000,M_npo_s2
7,-3,real,5.402088165283203,3.851350784301758,5.317991256713867,0.05423027109600717,retain,ret_000,M_npo_s2
7,-2,real,5.402088165283203,3.851350784301758,5.256322860717773,0.0939974146190868,retain,ret_000,M_npo_s2
7,-1,real,5.402088165283203,3.851350784301758,1.5155715942382812,2.5062377541870995,retain,ret_000,M_npo_s2
7,-9,random_position,5.402088165283203,3.851350784301758,5.521196365356445,-0.07680746045978454,retain,ret_000,M_npo_s2
8,-6,real,5.402088165283203,3.851350784301758,5.235860824584961,0.10719245098292443,retain,ret_000,M_npo_s2
8,-5,real,5.402088165283203,3.851350784301758,5.134672164916992,0.17244441492534743,retain,ret_000,M_npo_s2
8,-4,real,5.402088165283203,3.851350784301758,5.246955871582031,0.10003775984492634,retain,ret_000,M_npo_s2
8,-3,real,5.402088165283203,3.851350784301758,5.314493179321289,0.05648602209258419,retain,ret_000,M_npo_s2
8,-2,real,5.402088165283203,3.851350784301758,5.250831604003906,0.09753847629801005,retain,ret_000,M_npo_s2
8,-1,real,5.402088165283203,3.851350784301758,1.5981903076171875,2.452960703932067,retain,ret_000,M_npo_s2
8,-5,random_position,5.402088165283203,3.851350784301758,5.134672164916992,0.17244441492534743,retain,ret_000,M_npo_s2
9,-6,real,5.402088165283203,3.851350784301758,5.285810470581055,0.07498219629461535,retain,ret_000,M_npo_s2
9,-5,real,5.402088165283203,3.851350784301758,5.084705352783203,0.20466573927503556,retain,ret_000,M_npo_s2
9,-4,real,5.402088165283203,3.851350784301758,5.281621932983398,0.0776831936711056,retain,ret_000,M_npo_s2
9,-3,real,5.402088165283203,3.851350784301758,5.339845657348633,0.04013736219809036,retain,ret_000,M_npo_s2
9,-2,real,5.402088165283203,3.851350784301758,5.331718444824219,0.04537823187988679,retain,ret_000,M_npo_s2
9,-1,real,5.402088165283203,3.851350784301758,2.8759117126464844,1.629016288391738,retain,ret_000,M_npo_s2
9,-13,random_position,5.402088165283203,3.851350784301758,5.392057418823242,0.006468372132496467,retain,ret_000,M_npo_s2
10,-6,real,5.402088165283203,3.851350784301758,5.350109100341797,0.03351893465578888,retain,ret_000,M_npo_s2
10,-5,real,5.402088165283203,3.851350784301758,5.15312385559082,0.1605457589052351,retain,ret_000,M_npo_s2
10,-4,real,5.402088165283203,3.851350784301758,5.261932373046875,0.0903800952728856,retain,ret_000,M_npo_s2
10,-3,real,5.402088165283203,3.851350784301758,5.350706100463867,0.03313395643227274,retain,ret_000,M_npo_s2
10,-2,real,5.402088165283203,3.851350784301758,5.254728317260742,0.09502566316496379,retain,ret_000,M_npo_s2
10,-1,real,5.402088165283203,3.851350784301758,5.62188720703125,-0.14173840422221484,retain,ret_000,M_npo_s2
10,-6,random_position,5.402088165283203,3.851350784301758,5.350109100341797,0.03351893465578888,retain,ret_000,M_npo_s2
11,-6,real,5.402088165283203,3.851350784301758,5.402088165283203,-0.0,retain,ret_000,M_npo_s2
11,-5,real,5.402088165283203,3.851350784301758,5.402088165283203,-0.0,retain,ret_000,M_npo_s2
11,-4,real,5.402088165283203,3.851350784301758,5.402088165283203,-0.0,retain,ret_000,M_npo_s2
11,-3,real,5.402088165283203,3.851350784301758,5.402088165283203,-0.0,retain,ret_000,M_npo_s2
11,-2,real,5.402088165283203,3.851350784301758,5.402088165283203,-0.0,retain,ret_000,M_npo_s2
11,-1,real,5.402088165283203,3.851350784301758,4.372707366943359,0.663800854331866,retain,ret_000,M_npo_s2
11,-7,random_position,5.402088165283203,3.851350784301758,5.402088165283203,-0.0,retain,ret_000,M_npo_s2
0,-6,real,6.77967643737793,4.0034332275390625,6.562023162841797,0.07839848964412789,retain,ret_000,M_npo_s2
0,-5,real,6.77967643737793,4.0034332275390625,7.028474807739258,-0.08961692170181601,retain,ret_000,M_npo_s2
0,-4,real,6.77967643737793,4.0034332275390625,6.722816467285156,0.020480903795195085,retain,ret_000,M_npo_s2
0,-3,real,6.77967643737793,4.0034332275390625,6.755620956420898,0.008664759943141807,retain,ret_000,M_npo_s2
0,-2,real,6.77967643737793,4.0034332275390625,6.790876388549805,-0.004034211099439319,retain,ret_000,M_npo_s2
0,-1,real,6.77967643737793,4.0034332275390625,6.728124618530273,0.018568913078277575,retain,ret_000,M_npo_s2
0,-11,random_position,6.77967643737793,4.0034332275390625,6.680658340454102,0.03566621849732507,retain,ret_000,M_npo_s2
1,-6,real,6.77967643737793,4.0034332275390625,6.357442855834961,0.15208810958873994,retain,ret_000,M_npo_s2
1,-5,real,6.77967643737793,4.0034332275390625,7.634862899780273,-0.3080372999640686,retain,ret_000,M_npo_s2
1,-4,real,6.77967643737793,4.0034332275390625,6.837896347045898,-0.020970752656554115,retain,ret_000,M_npo_s2
1,-3,real,6.77967643737793,4.0034332275390625,6.733280181884766,0.016711884365439616,retain,ret_000,M_npo_s2
1,-2,real,6.77967643737793,4.0034332275390625,6.802946090698242,-0.008381705622132099,retain,ret_000,M_npo_s2
1,-1,real,6.77967643737793,4.0034332275390625,6.461635589599609,0.11455799212806697,retain,ret_000,M_npo_s2
1,-3,random_position,6.77967643737793,4.0034332275390625,6.733280181884766,0.016711884365439616,retain,ret_000,M_npo_s2
2,-6,real,6.77967643737793,4.0034332275390625,6.344989776611328,0.1565736961466826,retain,ret_000,M_npo_s2
2,-5,real,6.77967643737793,4.0034332275390625,7.697662353515625,-0.33065759976806036,retain,ret_000,M_npo_s2
2,-4,real,6.77967643737793,4.0034332275390625,6.868143081665039,-0.03186559591522386,retain,ret_000,M_npo_s2
2,-3,real,6.77967643737793,4.0034332275390625,6.639698028564453,0.050420081467430544,retain,ret_000,M_npo_s2
2,-2,real,6.77967643737793,4.0034332275390625,6.731588363647461,0.017321275585671682,retain,ret_000,M_npo_s2
2,-1,real,6.77967643737793,4.0034332275390625,6.293682098388672,0.1750546700184329,retain,ret_000,M_npo_s2
2,-8,random_position,6.77967643737793,4.0034332275390625,6.344322204589844,0.15681415491453066,retain,ret_000,M_npo_s2
3,-6,real,6.77967643737793,4.0034332275390625,6.57536506652832,0.07359274941242183,retain,ret_000,M_npo_s2
3,-5,real,6.77967643737793,4.0034332275390625,6.691184997558594,0.03187452724088678,retain,ret_000,M_npo_s2
3,-4,real,6.77967643737793,4.0034332275390625,6.892742156982422,-0.040726157997899075,retain,ret_000,M_npo_s2
3,-3,real,6.77967643737793,4.0034332275390625,6.713434219360352,0.023860380021036708,retain,ret_000,M_npo_s2
3,-2,real,6.77967643737793,4.0034332275390625,6.676826477050781,0.03704645182477289,retain,ret_000,M_npo_s2
3,-1,real,6.77967643737793,4.0034332275390625,6.064569473266602,0.25758080616893536,retain,ret_000,M_npo_s2
3,-11,random_position,6.77967643737793,4.0034332275390625,6.737781524658203,0.015090505245092752,retain,ret_000,M_npo_s2
4,-6,real,6.77967643737793,4.0034332275390625,6.49139404296875,0.1038390272824518,retain,ret_000,M_npo_s2
4,-5,real,6.77967643737793,4.0034332275390625,5.690277099609375,0.39240054110093014,retain,ret_000,M_npo_s2
4,-4,real,6.77967643737793,4.0034332275390625,6.75299072265625,0.009612167488463132,retain,ret_000,M_npo_s2
4,-3,real,6.77967643737793,4.0034332275390625,6.697622299194336,0.02955581769378057,retain,ret_000,M_npo_s2
4,-2,real,6.77967643737793,4.0034332275390625,6.707719802856445,0.025918707073816032,retain,ret_000,M_npo_s2
4,-1,real,6.77967643737793,4.0034332275390625,5.6791839599609375,0.39639627879751377,retain,ret_000,M_npo_s2
4,-8,random_position,6.77967643737793,4.0034332275390625,6.82347297668457,-0.015775469220934202,retain,ret_000,M_npo_s2
5,-6,real,6.77967643737793,4.0034332275390625,7.055727005004883,-0.0994331356304245,retain,ret_000,M_npo_s2
5,-5,real,6.77967643737793,4.0034332275390625,4.067417144775391,0.9769530576393407,retain,ret_000,M_npo_s2
5,-4,real,6.77967643737793,4.0034332275390625,6.597843170166016,0.06549615918645242,retain,ret_000,M_npo_s2
5,-3,real,6.77967643737793,4.0034332275390625,6.725076675415039,0.01966677910976668,retain,ret_000,M_npo_s2
5,-2,real,6.77967643737793,4.0034332275390625,6.692405700683594,0.031434831208250344,retain,ret_000,M_npo_s2
5,-1,real,6.77967643737793,4.0034332275390625,4.889698028564453,0.6807683138550281,retain,ret_000,M_npo_s2
5,-10,random_position,6.77967643737793,4.0034332275390625,6.816385269165039,-0.013222484131438885,retain,ret_000,M_npo_s2
6,-6,real,6.77967643737793,4.0034332275390625,6.781158447265625,-0.0005338184646226755,retain,ret_000,M_npo_s2
6,-5,real,6.77967643737793,4.0034332275390625,4.254722595214844,0.9094858235815853,retain,ret_000,M_npo_s2
6,-4,real,6.77967643737793,4.0034332275390625,6.363374710083008,0.14995146168014725,retain,ret_000,M_npo_s2
6,-3,real,6.77967643737793,4.0034332275390625,6.749982833862305,0.010695605993881354,retain,ret_000,M_npo_s2
6,-2,real,6.77967643737793,4.0034332275390625,6.704883575439453,0.026940313324644756,retain,ret_000,M_npo_s2
6,-1,real,6.77967643737793,4.0034332275390625,2.863483428955078,1.4106087660274356,retain,ret_000,M_npo_s2
6,-2,random_position,6.77967643737793,4.0034332275390625,6.704883575439453,0.026940313324644756,retain,ret_000,M_npo_s2
7,-6,real,6.77967643737793,4.0034332275390625,6.867147445678711,-0.031506968838604765,retain,ret_000,M_npo_s2
7,-5,real,6.77967643737793,4.0034332275390625,4.384311676025391,0.8628079675669214,retain,ret_000,M_npo_s2
7,-4,real,6.77967643737793,4.0034332275390625,6.442235946655273,0.12154572392173135,retain,ret_000,M_npo_s2
7,-3,real,6.77967643737793,4.0034332275390625,6.7006378173828125,0.028469631088158368,retain,ret_000,M_npo_s2
7,-2,real,6.77967643737793,4.0034332275390625,6.688962936401367,0.0326749114252953,retain,ret_000,M_npo_s2
7,-1,real,6.77967643737793,4.0034332275390625,1.96063232421875,1.7358148220158551,retain,ret_000,M_npo_s2
7,-7,random_position,6.77967643737793,4.0034332275390625,14.375822067260742,-2.7361239832888025,retain,ret_000,M_npo_s2
8,-6,real,6.77967643737793,4.0034332275390625,6.936075210571289,-0.05633468013144163,retain,ret_000,M_npo_s2
8,-5,real,6.77967643737793,4.0034332275390625,4.086015701293945,0.9702538763670939,retain,ret_000,M_npo_s2
8,-4,real,6.77967643737793,4.0034332275390625,6.350429534912109,0.15461430070124646,retain,ret_000,M_npo_s2
8,-3,real,6.77967643737793,4.0034332275390625,6.614646911621094,0.059443468487191446,retain,ret_000,M_npo_s2
8,-2,real,6.77967643737793,4.0034332275390625,6.654510498046875,0.04508464492140777,retain,ret_000,M_npo_s2
8,-1,real,6.77967643737793,4.0034332275390625,2.2288436889648438,1.6392053593450178,retain,ret_000,M_npo_s2
8,-5,random_position,6.77967643737793,4.0034332275390625,4.086015701293945,0.9702538763670939,retain,ret_000,M_npo_s2
9,-6,real,6.77967643737793,4.0034332275390625,6.86787223815918,-0.03176803835798265,retain,ret_000,M_npo_s2
9,-5,real,6.77967643737793,4.0034332275390625,6.852216720581055,-0.02612893673942033,retain,ret_000,M_npo_s2
9,-4,real,6.77967643737793,4.0034332275390625,6.815130233764648,-0.012770421647884547,retain,ret_000,M_npo_s2
9,-3,real,6.77967643737793,4.0034332275390625,6.600690841674805,0.06447043078531772,retain,ret_000,M_npo_s2
9,-2,real,6.77967643737793,4.0034332275390625,6.680032730102539,0.035891562714051244,retain,ret_000,M_npo_s2
9,-1,real,6.77967643737793,4.0034332275390625,3.4667510986328125,1.19331236074861,retain,ret_000,M_npo_s2
9,-10,random_position,6.77967643737793,4.0034332275390625,6.773073196411133,0.002378480726542732,retain,ret_000,M_npo_s2
10,-6,real,6.77967643737793,4.0034332275390625,6.915407180786133,-0.04889007667886594,retain,ret_000,M_npo_s2
10,-5,real,6.77967643737793,4.0034332275390625,7.139223098754883,-0.12950834426275684,retain,ret_000,M_npo_s2
10,-4,real,6.77967643737793,4.0034332275390625,7.038774490356445,-0.09332685697718596,retain,ret_000,M_npo_s2
10,-3,real,6.77967643737793,4.0034332275390625,6.589847564697266,0.06837616820022109,retain,ret_000,M_npo_s2
10,-2,real,6.77967643737793,4.0034332275390625,6.6316680908203125,0.053312456932117114,retain,ret_000,M_npo_s2
10,-1,real,6.77967643737793,4.0034332275390625,5.858255386352539,0.3318949318849013,retain,ret_000,M_npo_s2
10,-5,random_position,6.77967643737793,4.0034332275390625,7.139223098754883,-0.12950834426275684,retain,ret_000,M_npo_s2
11,-6,real,6.77967643737793,4.0034332275390625,6.77967643737793,-0.0,retain,ret_000,M_npo_s2
11,-5,real,6.77967643737793,4.0034332275390625,6.77967643737793,-0.0,retain,ret_000,M_npo_s2
11,-4,real,6.77967643737793,4.0034332275390625,6.77967643737793,-0.0,retain,ret_000,M_npo_s2
11,-3,real,6.77967643737793,4.0034332275390625,6.77967643737793,-0.0,retain,ret_000,M_npo_s2
11,-2,real,6.77967643737793,4.0034332275390625,6.77967643737793,-0.0,retain,ret_000,M_npo_s2
11,-1,real,6.77967643737793,4.0034332275390625,4.504594802856445,0.8194821067760594,retain,ret_000,M_npo_s2
11,-6,random_position,6.77967643737793,4.0034332275390625,6.77967643737793,-0.0,retain,ret_000,M_npo_s2
0,-6,real,8.504653930664062,5.188230514526367,9.071378707885742,-0.17088432510275994,retain,ret_000,M_npo_s2
0,-5,real,8.504653930664062,5.188230514526367,11.262128829956055,-0.8314604479856633,retain,ret_000,M_npo_s2
0,-4,real,8.504653930664062,5.188230514526367,8.276611328125,0.06876160668429991,retain,ret_000,M_npo_s2
0,-3,real,8.504653930664062,5.188230514526367,8.202312469482422,0.0911649157072191,retain,ret_000,M_npo_s2
0,-2,real,8.504653930664062,5.188230514526367,8.422393798828125,0.024803868961864223,retain,ret_000,M_npo_s2
0,-1,real,8.504653930664062,5.188230514526367,8.564922332763672,-0.018172710337993548,retain,ret_000,M_npo_s2
0,-12,random_position,8.504653930664062,5.188230514526367,8.427213668823242,0.023350535237447814,retain,ret_000,M_npo_s2
1,-6,real,8.504653930664062,5.188230514526367,8.420967102050781,0.025234060345268844,retain,ret_000,M_npo_s2
1,-5,real,8.504653930664062,5.188230514526367,12.104103088378906,-1.0853406534883172,retain,ret_000,M_npo_s2
1,-4,real,8.504653930664062,5.188230514526367,8.056615829467773,0.13509677293199007,retain,ret_000,M_npo_s2
1,-3,real,8.504653930664062,5.188230514526367,8.327425003051758,0.05343977694461746,retain,ret_000,M_npo_s2
1,-2,real,8.504653930664062,5.188230514526367,8.548324584960938,-0.013167997211807718,retain,ret_000,M_npo_s2
1,-1,real,8.504653930664062,5.188230514526367,8.529060363769531,-0.0073592632915046976,retain,ret_000,M_npo_s2
1,-3,random_position,8.504653930664062,5.188230514526367,8.327425003051758,0.05343977694461746,retain,ret_000,M_npo_s2
2,-6,real,8.504653930664062,5.188230514526367,8.899227142333984,-0.11897552337555305,retain,ret_000,M_npo_s2
2,-5,real,8.504653930664062,5.188230514526367,12.053787231445312,-1.07016893063509,retain,ret_000,M_npo_s2
2,-4,real,8.504653930664062,5.188230514526367,7.97393798828125,0.16002659364915592,retain,ret_000,M_npo_s2
2,-3,real,8.504653930664062,5.188230514526367,8.200551986694336,0.09169575347043096,retain,ret_000,M_npo_s2
2,-2,real,8.504653930664062,5.188230514526367,8.502368927001953,0.000688996360051784,retain,ret_000,M_npo_s2
2,-1,real,8.504653930664062,5.188230514526367,8.464641571044922,0.012064912889120472,retain,ret_000,M_npo_s2
2,-8,random_position,8.504653930664062,5.188230514526367,8.506397247314453,-0.000525661663678907,retain,ret_000,M_npo_s2
3,-6,real,8.504653930664062,5.188230514526367,9.109371185302734,-0.1823401836135041,retain,ret_000,M_npo_s2
3,-5,real,8.504653930664062,5.188230514526367,13.080589294433594,-1.3797801998089445,retain,ret_000,M_npo_s2
3,-4,real,8.504653930664062,5.188230514526367,8.282058715820312,0.06711905776584591,retain,ret_000,M_npo_s2
3,-3,real,8.504653930664062,5.188230514526367,6.970846176147461,0.46248851912367483,retain,ret_000,M_npo_s2
3,-2,real,8.504653930664062,5.188230514526367,8.509542465209961,-0.0014740381225481823,retain,ret_000,M_npo_s2
3,-1,real,8.504653930664062,5.188230514526367,8.304996490478516,0.06020263854549303,retain,ret_000,M_npo_s2
3,-12,random_position,8.504653930664062,5.188230514526367,8.481893539428711,0.00686293285851247,retain,ret_000,M_npo_s2
4,-6,real,8.504653930664062,5.188230514526367,9.200630187988281,-0.20985747897497126,retain,ret_000,M_npo_s2
4,-5,real,8.504653930664062,5.188230514526367,15.095455169677734,-1.987322006877311,retain,ret_000,M_npo_s2
4,-4,real,8.504653930664062,5.188230514526367,8.217899322509766,0.0864650173313066,retain,ret_000,M_npo_s2
4,-3,real,8.504653930664062,5.188230514526367,5.544836044311523,0.8924728585469769,retain,ret_000,M_npo_s2
4,-2,real,8.504653930664062,5.188230514526367,8.645769119262695,-0.042550413771645444,retain,ret_000,M_npo_s2
4,-1,real,8.504653930664062,5.188230514526367,7.747344970703125,0.2283511074840073,retain,ret_000,M_npo_s2
4,-9,random_position,8.504653930664062,5.188230514526367,8.477916717529297,0.00806206258364433,retain,ret_000,M_npo_s2
5,-6,real,8.504653930664062,5.188230514526367,9.026344299316406,-0.1573051155391684,retain,ret_000,M_npo_s2
5,-5,real,8.504653930664062,5.188230514526367,16.087038040161133,-2.2863136451760764,retain,ret_000,M_npo_s2
5,-4,real,8.504653930664062,5.188230514526367,8.749015808105469,-0.073682351973618,retain,ret_000,M_npo_s2
5,-3,real,8.504653930664062,5.188230514526367,3.5156288146972656,1.5043390092140323,retain,ret_000,M_npo_s2
5,-2,real,8.504653930664062,5.188230514526367,8.535207748413086,-0.009212882046468722,retain,ret_000,M_npo_s2
5,-1,real,8.504653930664062,5.188230514526367,6.84373664855957,0.5008158107986089,retain,ret_000,M_npo_s2
5,-11,random_position,8.504653930664062,5.188230514526367,8.493267059326172,0.0034334793568523794,retain,ret_000,M_npo_s2
6,-6,real,8.504653930664062,5.188230514526367,8.845767974853516,-0.102855999185627,retain,ret_000,M_npo_s2
6,-5,real,8.504653930664062,5.188230514526367,17.74987030029297,-2.787706878633694,retain,ret_000,M_npo_s2
6,-4,real,8.504653930664062,5.188230514526367,8.584999084472656,-0.024226446302855885,retain,ret_000,M_npo_s2
6,-3,real,8.504653930664062,5.188230514526367,4.316349029541016,1.2628981211333818,retain,ret_000,M_npo_s2
6,-2,real,8.504653930664062,5.188230514526367,8.21280288696289,0.08800174377042043,retain,ret_000,M_npo_s2
6,-1,real,8.504653930664062,5.188230514526367,3.5979347229003906,1.4795213373200802,retain,ret_000,M_npo_s2
6,-2,random_position,8.504653930664062,5.188230514526367,8.21280288696289,0.08800174377042043,retain,ret_000,M_npo_s2
7,-6,real,8.504653930664062,5.188230514526367,8.839082717895508,-0.10084019597863077,retain,ret_000,M_npo_s2
7,-5,real,8.504653930664062,5.188230514526367,19.47280502319336,-3.307222786800486,retain,ret_000,M_npo_s2
7,-4,real,8.504653930664062,5.188230514526367,8.556001663208008,-0.01548286394737402,retain,ret_000,M_npo_s2
7,-3,real,8.504653930664062,5.188230514526367,4.892305374145508,1.089230204726239,retain,ret_000,M_npo_s2
7,-2,real,8.504653930664062,5.188230514526367,7.991725921630859,0.154663004288686,retain,ret_000,M_npo_s2
7,-1,real,8.504653930664062,5.188230514526367,2.41253662109375,1.8369540149566272,retain,ret_000,M_npo_s2
7,-8,random_position,8.504653930664062,5.188230514526367,8.510454177856445,-0.0017489465199645034,retain,ret_000,M_npo_s2
8,-6,real,8.504653930664062,5.188230514526367,8.804155349731445,-0.09030855879560215,retain,ret_000,M_npo_s2
8,-5,real,8.504653930664062,5.188230514526367,19.633129119873047,-3.3555652559494953,retain,ret_000,M_npo_s2
8,-4,real,8.504653930664062,5.188230514526367,8.640689849853516,-0.04101886343206455,retain,ret_000,M_npo_s2
8,-3,real,8.504653930664062,5.188230514526367,4.722877502441406,1.1403177319942188,retain,ret_000,M_npo_s2
8,-2,real,8.504653930664062,5.188230514526367,7.893798828125,0.18419092675761647,retain,ret_000,M_npo_s2
8,-1,real,8.504653930664062,5.188230514526367,2.526590347290039,1.8025634345375816,retain,ret_000,M_npo_s2
8,-5,random_position,8.504653930664062,5.188230514526367,19.633129119873047,-3.3555652559494953,retain,ret_000,M_npo_s2
9,-6,real,8.504653930664062,5.188230514526367,8.56257438659668,-0.017464734946320972,retain,ret_000,M_npo_s2
9,-5,real,8.504653930664062,5.188230514526367,17.816837310791016,-2.807899418033876,retain,ret_000,M_npo_s2
9,-4,real,8.504653930664062,5.188230514526367,8.765975952148438,-0.07879633831216597,retain,ret_000,M_npo_s2
9,-3,real,8.504653930664062,5.188230514526367,8.393321990966797,0.03356988108198884,retain,ret_000,M_npo_s2
9,-2,real,8.504653930664062,5.188230514526367,8.483104705810547,0.006497730280354805,retain,ret_000,M_npo_s2
9,-1,real,8.504653930664062,5.188230514526367,3.0969810485839844,1.630573724623453,retain,ret_000,M_npo_s2
9,-11,random_position,8.504653930664062,5.188230514526367,8.501367568969727,0.0009909354994734757,retain,ret_000,M_npo_s2
10,-6,real,8.504653930664062,5.188230514526367,8.495994567871094,0.002611054653284724,retain,ret_000,M_npo_s2
10,-5,real,8.504653930664062,5.188230514526367,9.285415649414062,-0.23542280969034848,retain,ret_000,M_npo_s2
10,-4,real,8.504653930664062,5.188230514526367,8.747005462646484,-0.0730761732060933,retain,ret_000,M_npo_s2
10,-3,real,8.504653930664062,5.188230514526367,8.48897933959961,0.004726353995747547,retain,ret_000,M_npo_s2
10,-2,real,8.504653930664062,5.188230514526367,8.79434585571289,-0.08735070547361024,retain,ret_000,M_npo_s2
10,-1,real,8.504653930664062,5.188230514526367,6.396575927734375,0.6356480275322486,retain,ret_000,M_npo_s2
10,-6,random_position,8.504653930664062,5.188230514526367,8.495994567871094,0.002611054653284724,retain,ret_000,M_npo_s2
11,-6,real,8.504653930664062,5.188230514526367,8.504653930664062,-0.0,retain,ret_000,M_npo_s2
11,-5,real,8.504653930664062,5.188230514526367,8.504653930664062,-0.0,retain,ret_000,M_npo_s2
11,-4,real,8.504653930664062,5.188230514526367,8.504653930664062,-0.0,retain,ret_000,M_npo_s2
11,-3,real,8.504653930664062,5.188230514526367,8.504653930664062,-0.0,retain,ret_000,M_npo_s2
11,-2,real,8.504653930664062,5.188230514526367,8.504653930664062,-0.0,retain,ret_000,M_npo_s2
11,-1,real,8.504653930664062,5.188230514526367,5.643512725830078,0.8627189130651078,retain,ret_000,M_npo_s2
11,-6,random_position,8.504653930664062,5.188230514526367,8.504653930664062,-0.0,retain,ret_000,M_npo_s2
0,-6,real,6.502635955810547,4.1370391845703125,6.783802032470703,-0.11885629879040906,retain,ret_000,M_npo_s2
0,-5,real,6.502635955810547,4.1370391845703125,6.457868576049805,0.018924349367145762,retain,ret_000,M_npo_s2
0,-4,real,6.502635955810547,4.1370391845703125,6.521066665649414,-0.00779114600718885,retain,ret_000,M_npo_s2
0,-3,real,6.502635955810547,4.1370391845703125,6.509010314941406,-0.0026946093300243335,retain,ret_000,M_npo_s2
0,-2,real,6.502635955810547,4.1370391845703125,6.475124359130859,0.01162987581576032,retain,ret_000,M_npo_s2
0,-1,real,6.502635955810547,4.1370391845703125,6.451045989990234,0.02180843601391328,retain,ret_000,M_npo_s2
0,-12,random_position,6.502635955810547,4.1370391845703125,6.415067672729492,0.037017417399984195,retain,ret_000,M_npo_s2
1,-6,real,6.502635955810547,4.1370391845703125,7.329254150390625,-0.34943326125132435,retain,ret_000,M_npo_s2
1,-5,real,6.502635955810547,4.1370391845703125,6.551874160766602,-0.020814284815852235,retain,ret_000,M_npo_s2
1,-4,real,6.502635955810547,4.1370391845703125,6.523590087890625,-0.00885786298613026,retain,ret_000,M_npo_s2
1,-3,real,6.502635955810547,4.1370391845703125,6.513999938964844,-0.004803854694280365,retain,ret_000,M_npo_s2
1,-2,real,6.502635955810547,4.1370391845703125,6.485719680786133,0.007150954562533158,retain,ret_000,M_npo_s2
1,-1,real,6.502635955810547,4.1370391845703125,6.2205352783203125,0.11925137915297995,retain,ret_000,M_npo_s2
1,-3,random_position,6.502635955810547,4.1370391845703125,6.513999938964844,-0.004803854694280365,retain,ret_000,M_npo_s2
2,-6,real,6.502635955810547,4.1370391845703125,7.393365859985352,-0.37653496783723334,retain,ret_000,M_npo_s2
2,-5,real,6.502635955810547,4.1370391845703125,6.6010284423828125,-0.04159309302771851,retain,ret_000,M_npo_s2
2,-4,real,6.502635955810547,4.1370391845703125,6.540685653686523,-0.016084608475360692,retain,ret_000,M_npo_s2
2,-3,real,6.502635955810547,4.1370391845703125,6.50737190246582,-0.002002009265843932,retain,ret_000,M_npo_s2
2,-2,real,6.502635955810547,4.1370391845703125,6.431669235229492,0.02999950010239838,retain,ret_000,M_npo_s2
2,-1,real,6.502635955810547,4.1370391845703125,5.994291305541992,0.21489065949394237,retain,ret_000,M_npo_s2
2,-8,random_position,6.502635955810547,4.1370391845703125,9.081628799438477,-1.0902081347852939,retain,ret_000,M_npo_s2
3,-6,real,6.502635955810547,4.1370391845703125,6.539302825927734,-0.015500050796046617,retain,ret_000,M_npo_s2
3,-5,real,6.502635955810547,4.1370391845703125,6.632471084594727,-0.054884725225639266,retain,ret_000,M_npo_s2
3,-4,real,6.502635955810547,4.1370391845703125,6.489870071411133,0.005396475238136704,retain,ret_000,M_npo_s2
3,-3,real,6.502635955810547,4.1370391845703125,6.481382369995117,0.008984449959443792,retain,ret_000,M_npo_s2
3,-2,real,6.502635955810547,4.1370391845703125,6.395940780639648,0.04510285796296565,retain,ret_000,M_npo_s2
3,-1,real,6.502635955810547,4.1370391845703125,5.781003952026367,0.30505283595134547,retain,ret_000,M_npo_s2
3,-12,random_position,6.502635955810547,4.1370391845703125,6.444835662841797,0.02443370470887415,retain,ret_000,M_npo_s2
4,-6,real,6.502635955810547,4.1370391845703125,5.728446960449219,0.3272700591975515,retain,ret_000,M_npo_s2
4,-5,real,6.502635955810547,4.1370391845703125,6.511323928833008,-0.00367263479900085,retain,ret_000,M_npo_s2
4,-4,real,6.502635955810547,4.1370391845703125,6.454034805297852,0.020544985140140647,retain,ret_000,M_npo_s2
4,-3,real,6.502635955810547,4.1370391845703125,6.4755096435546875,0.011467005952006604,retain,ret_000,M_npo_s2
4,-2,real,6.502635955810547,4.1370391845703125,6.440059661865234,0.026452645990256835,retain,ret_000,M_npo_s2
4,-1,real,6.502635955810547,4.1370391845703125,5.3910675048828125,0.4698892323669184,retain,ret_000,M_npo_s2
4,-9,random_position,6.502635955810547,4.1370391845703125,6.641025543212891,-0.05850091997284427,retain,ret_000,M_npo_s2
5,-6,real,6.502635955810547,4.1370391845703125,4.164447784423828,0.988413663652768,retain,ret_000,M_npo_s2
5,-5,real,6.502635955810547,4.1370391845703125,6.363737106323242,0.0587161984561227,retain,ret_000,M_npo_s2
5,-4,real,6.502635955810547,4.1370391845703125,6.461036682128906,0.017585107566675858,retain,ret_000,M_npo_s2
5,-3,real,6.502635955810547,4.1370391845703125,6.514715194702148,-0.005106212114615232,retain,ret_000,M_npo_s2
5,-2,real,6.502635955810547,4.1370391845703125,6.398471832275391,0.044032915838207336,retain,ret_000,M_npo_s2
5,-1,real,6.502635955810547,4.1370391845703125,4.932037353515625,0.6639333555868395,retain,ret_000,M_npo_s2
5,-11,random_position,6.502635955810547,4.1370391845703125,6.5319061279296875,-0.012373271926556979,retain,ret_000,M_npo_s2
6,-6,real,6.502635955810547,4.1370391845703125,4.285045623779297,0.9374337837249467,retain,ret_000,M_npo_s2
6,-5,real,6.502635955810547,4.1370391845703125,6.140743255615234,0.15298156667908347,retain,ret_000,M_npo_s2
6,-4,real,6.502635955810547,4.1370391845703125,6.447086334228516,0.023482286692887103,retain,ret_000,M_npo_s2
6,-3,real,6.502635955810547,4.1370391845703125,6.53160285949707,-0.012245072380334995,retain,ret_000,M_npo_s2
6,-2,real,6.502635955810547,4.1370391845703125,6.3693389892578125,0.05634813514006002,retain,ret_000,M_npo_s2
6,-1,real,6.502635955810547,4.1370391845703125,3.1948471069335938,1.3982893826587135,retain,ret_000,M_npo_s2
6,-2,random_position,6.502635955810547,4.1370391845703125,6.3693389892578125,0.05634813514006002,retain,ret_000,M_npo_s2
7,-6,real,6.502635955810547,4.1370391845703125,4.498371124267578,0.8472554815384591,retain,ret_000,M_npo_s2
7,-5,real,6.502635955810547,4.1370391845703125,6.190683364868164,0.13187056844807596,retain,ret_000,M_npo_s2
7,-4,real,6.502635955810547,4.1370391845703125,6.4124908447265625,0.038106710399643945,retain,ret_000,M_npo_s2
7,-3,real,6.502635955810547,4.1370391845703125,6.53303337097168,-0.01284978722100473,retain,ret_000,M_npo_s2
7,-2,real,6.502635955810547,4.1370391845703125,6.337625503540039,0.0697542600144809,retain,ret_000,M_npo_s2
7,-1,real,6.502635955810547,4.1370391845703125,2.22406005859375,1.8086666118391879,retain,ret_000,M_npo_s2
7,-8,random_position,6.502635955810547,4.1370391845703125,14.108991622924805,-3.2154066828246473,retain,ret_000,M_npo_s2
8,-6,real,6.502635955810547,4.1370391845703125,4.218606948852539,0.9655191597850118,retain,ret_000,M_npo_s2
8,-5,real,6.502635955810547,4.1370391845703125,6.114278793334961,0.16416879123147354,retain,ret_000,M_npo_s2
8,-4,real,6.502635955810547,4.1370391845703125,6.4066619873046875,0.04057072180375955,retain,ret_000,M_npo_s2
8,-3,real,6.502635955810547,4.1370391845703125,6.508808135986328,-0.0026091429658763447,retain,ret_000,M_npo_s2
8,-2,real,6.502635955810547,4.1370391845703125,6.34173583984375,0.0680167127056232,retain,ret_000,M_npo_s2
8,-1,real,6.502635955810547,4.1370391845703125,2.3093719482421875,1.7726030313145533,retain,ret_000,M_npo_s2
8,-5,random_position,6.502635955810547,4.1370391845703125,6.114278793334961,0.16416879123147354,retain,ret_000,M_npo_s2
9,-6,real,6.502635955810547,4.1370391845703125,6.698331832885742,-0.0827257964900738,retain,ret_000,M_npo_s2
9,-5,real,6.502635955810547,4.1370391845703125,6.56489372253418,-0.02631799615240104,retain,ret_000,M_npo_s2
9,-4,real,6.502635955810547,4.1370391845703125,6.404603958129883,0.041440704887869745,retain,ret_000,M_npo_s2
9,-3,real,6.502635955810547,4.1370391845703125,6.49842643737793,0.00177947420447747,retain,ret_000,M_npo_s2
9,-2,real,6.502635955810547,4.1370391845703125,6.356739044189453,0.061674463456679034,retain,ret_000,M_npo_s2
9,-1,real,6.502635955810547,4.1370391845703125,3.5530338287353516,1.2468744305601918,retain,ret_000,M_npo_s2
9,-11,random_position,6.502635955810547,4.1370391845703125,6.4937286376953125,0.0037653577412368757,retain,ret_000,M_npo_s2
10,-6,real,6.502635955810547,4.1370391845703125,6.862489700317383,-0.15211964645951556,retain,ret_000,M_npo_s2
10,-5,real,6.502635955810547,4.1370391845703125,6.724826812744141,-0.0939259216257315,retain,ret_000,M_npo_s2
10,-4,real,6.502635955810547,4.1370391845703125,6.3651885986328125,0.05810261446445648,retain,ret_000,M_npo_s2
10,-3,real,6.502635955810547,4.1370391845703125,6.489683151245117,0.0054754913106508825,retain,ret_000,M_npo_s2
10,-2,real,6.502635955810547,4.1370391845703125,6.348112106323242,0.06532129708914464,retain,ret_000,M_npo_s2
10,-1,real,6.502635955810547,4.1370391845703125,5.926445007324219,0.2435710749572265,retain,ret_000,M_npo_s2
10,-6,random_position,6.502635955810547,4.1370391845703125,6.862489700317383,-0.15211964645951556,retain,ret_000,M_npo_s2
11,-6,real,6.502635955810547,4.1370391845703125,6.502635955810547,-0.0,retain,ret_000,M_npo_s2
11,-5,real,6.502635955810547,4.1370391845703125,6.502635955810547,-0.0,retain,ret_000,M_npo_s2
11,-4,real,6.502635955810547,4.1370391845703125,6.502635955810547,-0.0,retain,ret_000,M_npo_s2
11,-3,real,6.502635955810547,4.1370391845703125,6.502635955810547,-0.0,retain,ret_000,M_npo_s2
11,-2,real,6.502635955810547,4.1370391845703125,6.502635955810547,-0.0,retain,ret_000,M_npo_s2
11,-1,real,6.502635955810547,4.1370391845703125,4.658184051513672,0.7796983521117449,retain,ret_000,M_npo_s2
11,-6,random_position,6.502635955810547,4.1370391845703125,6.502635955810547,-0.0,retain,ret_000,M_npo_s2
0,-6,real,8.91781234741211,3.6970672607421875,11.112422943115234,-0.42036348438206705,retain,ret_000,M_npo_s2
0,-5,real,8.91781234741211,3.6970672607421875,8.720977783203125,0.037702389398701,retain,ret_000,M_npo_s2
0,-4,real,8.91781234741211,3.6970672607421875,8.917867660522461,-1.0594869014538353e-05,retain,ret_000,M_npo_s2
0,-3,real,8.91781234741211,3.6970672607421875,8.885425567626953,0.006203478478167628,retain,ret_000,M_npo_s2
0,-2,real,8.91781234741211,3.6970672607421875,8.889354705810547,0.005450877437824559,retain,ret_000,M_npo_s2
0,-1,real,8.91781234741211,3.6970672607421875,8.921041488647461,-0.0006185211462625321,retain,ret_000,M_npo_s2
0,-13,random_position,8.91781234741211,3.6970672607421875,8.870758056640625,0.009012945468574523,retain,ret_000,M_npo_s2
1,-6,real,8.91781234741211,3.6970672607421875,11.595821380615234,-0.5129553327629153,retain,ret_000,M_npo_s2
1,-5,real,8.91781234741211,3.6970672607421875,8.568378448486328,0.06693180630825808,retain,ret_000,M_npo_s2
1,-4,real,8.91781234741211,3.6970672607421875,9.362146377563477,-0.08510931347440828,retain,ret_000,M_npo_s2
1,-3,real,8.91781234741211,3.6970672607421875,8.96169662475586,-0.00840574987194822,retain,ret_000,M_npo_s2
1,-2,real,8.91781234741211,3.6970672607421875,8.869617462158203,0.009231418974460521,retain,ret_000,M_npo_s2
1,-1,real,8.91781234741211,3.6970672607421875,8.740987777709961,0.033869604197614034,retain,ret_000,M_npo_s2
1,-3,random_position,8.91781234741211,3.6970672607421875,8.96169662475586,-0.00840574987194822,retain,ret_000,M_npo_s2
2,-6,real,8.91781234741211,3.6970672607421875,11.418010711669922,-0.47889684762459384,retain,ret_000,M_npo_s2
2,-5,real,8.91781234741211,3.6970672607421875,8.511371612548828,0.07785109751882781,retain,ret_000,M_npo_s2
2,-4,real,8.91781234741211,3.6970672607421875,9.466316223144531,-0.10506237455127077,retain,ret_000,M_npo_s2
2,-3,real,8.91781234741211,3.6970672607421875,8.977617263793945,-0.011455245446581035,retain,ret_000,M_npo_s2
2,-2,real,8.91781234741211,3.6970672607421875,8.730854034423828,0.03581065726913963,retain,ret_000,M_npo_s2
2,-1,real,8.91781234741211,3.6970672607421875,8.556751251220703,0.06915892084317621,retain,ret_000,M_npo_s2
2,-9,random_position,8.91781234741211,3.6970672607421875,8.921819686889648,-0.0007675799930877613,retain,ret_000,M_npo_s2
3,-6,real,8.91781234741211,3.6970672607421875,11.952354431152344,-0.5812469357081428,retain,ret_000,M_npo_s2
3,-5,real,8.91781234741211,3.6970672607421875,8.82217025756836,0.01831962454706935,retain,ret_000,M_npo_s2
3,-4,real,8.91781234741211,3.6970672607421875,8.652772903442383,0.050766593574248474,retain,ret_000,M_npo_s2
3,-3,real,8.91781234741211,3.6970672607421875,8.913619995117188,0.0008030180032398378,retain,ret_000,M_npo_s2
3,-2,real,8.91781234741211,3.6970672607421875,8.775932312011719,0.02717620436260172,retain,ret_000,M_npo_s2
3,-1,real,8.91781234741211,3.6970672607421875,8.207260131835938,0.13610168736075967,retain,ret_000,M_npo_s2
3,-13,random_position,8.91781234741211,3.6970672607421875,8.856304168701172,0.011781494344166648,retain,ret_000,M_npo_s2
4,-6,real,8.91781234741211,3.6970672607421875,13.251094818115234,-0.8300122681276382,retain,ret_000,M_npo_s2
4,-5,real,8.91781234741211,3.6970672607421875,8.75870132446289,0.03047668873078584,retain,ret_000,M_npo_s2
4,-4,real,8.91781234741211,3.6970672607421875,7.420244216918945,0.28684950244303065,retain,ret_000,M_npo_s2
4,-3,real,8.91781234741211,3.6970672607421875,8.843667984008789,0.014201873903522393,retain,ret_000,M_npo_s2
4,-2,real,8.91781234741211,3.6970672607421875,8.787296295166016,0.02499950679058036,retain,ret_000,M_npo_s2
4,-1,real,8.91781234741211,3.6970672607421875,7.788019180297852,0.216404583705676,retain,ret_000,M_npo_s2
4,-10,random_position,8.91781234741211,3.6970672607421875,8.958518981933594,-0.007797092914078535,retain,ret_000,M_npo_s2
5,-6,real,8.91781234741211,3.6970672607421875,13.783576965332031,-0.9320057840678013,retain,ret_000,M_npo_s2
5,-5,real,8.91781234741211,3.6970672607421875,9.181640625,-0.05053460247686117,retain,ret_000,M_npo_s2
5,-4,real,8.91781234741211,3.6970672607421875,5.495571136474609,0.6555081993325963,retain,ret_000,M_npo_s2
5,-3,real,8.91781234741211,3.6970672607421875,8.708398818969727,0.040111808748731353,retain,ret_000,M_npo_s2
5,-2,real,8.91781234741211,3.6970672607421875,8.849590301513672,0.013067492238345095,retain,ret_000,M_npo_s2
5,-1,real,8.91781234741211,3.6970672607421875,7.058015823364258,0.35623201155644474,retain,ret_000,M_npo_s2
5,-12,random_position,8.91781234741211,3.6970672607421875,8.895267486572266,0.004318322474201494,retain,ret_000,M_npo_s2
6,-6,real,8.91781234741211,3.6970672607421875,14.879980087280273,-1.1420147202918045,retain,ret_000,M_npo_s2
6,-5,real,8.91781234741211,3.6970672607421875,9.018224716186523,-0.01923334066449557,retain,ret_000,M_npo_s2
6,-4,real,8.91781234741211,3.6970672607421875,5.5671539306640625,0.6417969774665403,retain,ret_000,M_npo_s2
6,-3,real,8.91781234741211,3.6970672607421875,8.494260787963867,0.08112856544742862,retain,ret_000,M_npo_s2
6,-2,real,8.91781234741211,3.6970672607421875,8.861686706542969,0.010750503986958813,retain,ret_000,M_npo_s2
6,-1,real,8.91781234741211,3.6970672607421875,5.217365264892578,0.7087967370726158,retain,ret_000,M_npo_s2
6,-2,random_position,8.91781234741211,3.6970672607421875,8.861686706542969,0.010750503986958813,retain,ret_000,M_npo_s2
7,-6,real,8.91781234741211,3.6970672607421875,16.40567398071289,-1.4342515309585726,retain,ret_000,M_npo_s2
7,-5,real,8.91781234741211,3.6970672607421875,8.974794387817383,-0.010914541786528734,retain,ret_000,M_npo_s2
7,-4,real,8.91781234741211,3.6970672607421875,5.819711685180664,0.5934211708864691,retain,ret_000,M_npo_s2
7,-3,real,8.91781234741211,3.6970672607421875,8.54383659362793,0.07163264008791549,retain,ret_000,M_npo_s2
7,-2,real,8.91781234741211,3.6970672607421875,8.792869567871094,0.02393198240228791,retain,ret_000,M_npo_s2
7,-1,real,8.91781234741211,3.6970672607421875,4.029705047607422,0.9362853804690531,retain,ret_000,M_npo_s2
7,-8,random_position,8.91781234741211,3.6970672607421875,8.930791854858398,-0.0024861408153080515,retain,ret_000,M_npo_s2
8,-6,real,8.91781234741211,3.6970672607421875,18.033843994140625,-1.7461169805061716,retain,ret_000,M_npo_s2
8,-5,real,8.91781234741211,3.6970672607421875,8.962379455566406,-0.008536541703231143,retain,ret_000,M_npo_s2
8,-4,real,8.91781234741211,3.6970672607421875,5.527671813964844,0.6493595219010556,retain,ret_000,M_npo_s2
8,-3,real,8.91781234741211,3.6970672607421875,8.495267868041992,0.08093566576330186,retain,ret_000,M_npo_s2
8,-2,real,8.91781234741211,3.6970672607421875,8.706474304199219,0.04048043712237512,retain,ret_000,M_npo_s2
8,-1,real,8.91781234741211,3.6970672607421875,3.6022491455078125,1.018161797532784,retain,ret_000,M_npo_s2
8,-5,random_position,8.91781234741211,3.6970672607421875,8.962379455566406,-0.008536541703231143,retain,ret_000,M_npo_s2
9,-6,real,8.91781234741211,3.6970672607421875,15.481033325195312,-1.2571425857471976,retain,ret_000,M_npo_s2
9,-5,real,8.91781234741211,3.6970672607421875,9.053749084472656,-0.026037803954005116,retain,ret_000,M_npo_s2
9,-4,real,8.91781234741211,3.6970672607421875,9.09518814086914,-0.03397518754744857,retain,ret_000,M_npo_s2
9,-3,real,8.91781234741211,3.6970672607421875,8.837783813476562,0.015328948762482765,retain,ret_000,M_npo_s2
9,-2,real,8.91781234741211,3.6970672607421875,8.655889511108398,0.050169627506325865,retain,ret_000,M_npo_s2
9,-1,real,8.91781234741211,3.6970672607421875,3.833066940307617,0.973950139815737,retain,ret_000,M_npo_s2
9,-12,random_position,8.91781234741211,3.6970672607421875,8.917818069458008,-1.0960209325384503e-06,retain,ret_000,M_npo_s2
10,-6,real,8.91781234741211,3.6970672607421875,8.998266220092773,-0.015410419651801456,retain,ret_000,M_npo_s2
10,-5,real,8.91781234741211,3.6970672607421875,9.090265274047852,-0.03303224420515466,retain,ret_000,M_npo_s2
10,-4,real,8.91781234741211,3.6970672607421875,8.983551025390625,-0.012591819153623408,retain,ret_000,M_npo_s2
10,-3,real,8.91781234741211,3.6970672607421875,8.985052108764648,-0.012879341978259328,retain,ret_000,M_npo_s2
10,-2,real,8.91781234741211,3.6970672607421875,8.573535919189453,0.06594392610773009,retain,ret_000,M_npo_s2
10,-1,real,8.91781234741211,3.6970672607421875,5.837608337402344,0.5899931827497996,retain,ret_000,M_npo_s2
10,-6,random_position,8.91781234741211,3.6970672607421875,8.998266220092773,-0.015410419651801456,retain,ret_000,M_npo_s2
11,-6,real,8.91781234741211,3.6970672607421875,8.91781234741211,-0.0,retain,ret_000,M_npo_s2
11,-5,real,8.91781234741211,3.6970672607421875,8.91781234741211,-0.0,retain,ret_000,M_npo_s2
11,-4,real,8.91781234741211,3.6970672607421875,8.91781234741211,-0.0,retain,ret_000,M_npo_s2
11,-3,real,8.91781234741211,3.6970672607421875,8.91781234741211,-0.0,retain,ret_000,M_npo_s2
11,-2,real,8.91781234741211,3.6970672607421875,8.91781234741211,-0.0,retain,ret_000,M_npo_s2
11,-1,real,8.91781234741211,3.6970672607421875,4.213685989379883,0.9010450194251444,retain,ret_000,M_npo_s2
11,-6,random_position,8.91781234741211,3.6970672607421875,8.91781234741211,-0.0,retain,ret_000,M_npo_s2
0,-6,real,4.819053649902344,3.6029911041259766,4.652374267578125,0.13706481044345142,retain,ret_000,M_npo_s2
0,-5,real,4.819053649902344,3.6029911041259766,5.098476409912109,-0.2297766352399042,retain,ret_000,M_npo_s2
0,-4,real,4.819053649902344,3.6029911041259766,4.766611099243164,0.04312487942443696,retain,ret_000,M_npo_s2
0,-3,real,4.819053649902344,3.6029911041259766,4.841403961181641,-0.018379244847992447,retain,ret_000,M_npo_s2
0,-2,real,4.819053649902344,3.6029911041259766,4.826438903808594,-0.006073087220637203,retain,ret_000,M_npo_s2
0,-1,real,4.819053649902344,3.6029911041259766,4.842729568481445,-0.019469326360994216,retain,ret_000,M_npo_s2
0,-11,random_position,4.819053649902344,3.6029911041259766,4.715030670166016,0.08554081374977061,retain,ret_000,M_npo_s2
1,-6,real,4.819053649902344,3.6029911041259766,4.469606399536133,0.2873596029907445,retain,ret_000,M_npo_s2
1,-5,real,4.819053649902344,3.6029911041259766,5.607051849365234,-0.6479915052065116,retain,ret_000,M_npo_s2
1,-4,real,4.819053649902344,3.6029911041259766,4.822362899780273,-0.002721282625982838,retain,ret_000,M_npo_s2
1,-3,real,4.819053649902344,3.6029911041259766,4.837121963500977,-0.01485804629160543,retain,ret_000,M_npo_s2
1,-2,real,4.819053649902344,3.6029911041259766,4.913856506347656,-0.07795886549962593,retain,ret_000,M_npo_s2
1,-1,real,4.819053649902344,3.6029911041259766,4.748832702636719,0.05774451939952977,retain,ret_000,M_npo_s2
1,-3,random_position,4.819053649902344,3.6029911041259766,4.837121963500977,-0.01485804629160543,retain,ret_000,M_npo_s2
2,-6,real,4.819053649902344,3.6029911041259766,4.4268035888671875,0.3225574723911369,retain,ret_000,M_npo_s2
2,-5,real,4.819053649902344,3.6029911041259766,5.85700798034668,-0.8535369616056038,retain,ret_000,M_npo_s2
2,-4,real,4.819053649902344,3.6029911041259766,4.8682708740234375,-0.04047260915323409,retain,ret_000,M_npo_s2
2,-3,real,4.819053649902344,3.6029911041259766,4.82890510559082,-0.008101109373603088,retain,ret_000,M_npo_s2
2,-2,real,4.819053649902344,3.6029911041259766,4.850587844848633,-0.02593139230857306,retain,ret_000,M_npo_s2
2,-1,real,4.819053649902344,3.6029911041259766,4.775327682495117,0.03595700530297208,retain,ret_000,M_npo_s2
2,-8,random_position,4.819053649902344,3.6029911041259766,4.632087707519531,0.15374697874890011,retain,ret_000,M_npo_s2
3,-6,real,4.819053649902344,3.6029911041259766,4.631731033325195,0.15404028125671498,retain,ret_000,M_npo_s2
3,-5,real,4.819053649902344,3.6029911041259766,5.251466751098633,-0.3555845895411776,retain,ret_000,M_npo_s2
3,-4,real,4.819053649902344,3.6029911041259766,4.926637649536133,-0.08846913344009336,retain,ret_000,M_npo_s2
3,-3,real,4.819053649902344,3.6029911041259766,4.806966781616211,0.00993934755092406,retain,ret_000,M_npo_s2
3,-2,real,4.819053649902344,3.6029911041259766,4.763952255249023,0.045311316300875044,retain,ret_000,M_npo_s2
3,-1,real,4.819053649902344,3.6029911041259766,4.63902473449707,0.1480424802412923,retain,ret_000,M_npo_s2
3,-11,random_position,4.819053649902344,3.6029911041259766,4.821104049682617,-0.0016860973042833146,retain,ret_000,M_npo_s2
4,-6,real,4.819053649902344,3.6029911041259766,4.605808258056641,0.175357256570682,retain,ret_000,M_npo_s2
4,-5,real,4.819053649902344,3.6029911041259766,4.472385406494141,0.28507435296996236,retain,ret_000,M_npo_s2
4,-4,real,4.819053649902344,3.6029911041259766,4.921762466430664,-0.08446014301242065,retain,ret_000,M_npo_s2
4,-3,real,4.819053649902344,3.6029911041259766,4.762842178344727,0.046224161539100986,retain,ret_000,M_npo_s2
4,-2,real,4.819053649902344,3.6029911041259766,4.597841262817383,0.18190872488695306,retain,ret_000,M_npo_s2
4,-1,real,4.819053649902344,3.6029911041259766,4.376129150390625,0.36422838697736865,retain,ret_000,M_npo_s2
4,-8,random_position,4.819053649902344,3.6029911041259766,4.945716857910156,-0.10415846491427568,retain,ret_000,M_npo_s2
5,-6,real,4.819053649902344,3.6029911041259766,5.070156097412109,-0.2064881024268822,retain,ret_000,M_npo_s2
5,-5,real,4.819053649902344,3.6029911041259766,2.8856277465820312,1.5899066294209079,retain,ret_000,M_npo_s2
5,-4,real,4.819053649902344,3.6029911041259766,4.9073333740234375,-0.07259472337809203,retain,ret_000,M_npo_s2
5,-3,real,4.819053649902344,3.6029911041259766,4.789327621459961,0.02444448975558647,retain,ret_000,M_npo_s2
5,-2,real,4.819053649902344,3.6029911041259766,4.449573516845703,0.30383316576924463,retain,ret_000,M_npo_s2
5,-1,real,4.819053649902344,3.6029911041259766,3.732858657836914,0.8932065179032165,retain,ret_000,M_npo_s2
5,-10,random_position,4.819053649902344,3.6029911041259766,4.840089797973633,-0.01729857411064249,retain,ret_000,M_npo_s2
6,-6,real,4.819053649902344,3.6029911041259766,4.806007385253906,0.010728284243067788,retain,ret_000,M_npo_s2
6,-5,real,4.819053649902344,3.6029911041259766,3.1060009002685547,1.4086880280817546,retain,ret_000,M_npo_s2
6,-4,real,4.819053649902344,3.6029911041259766,4.675102233886719,0.11837500999894914,retain,ret_000,M_npo_s2
6,-3,real,4.819053649902344,3.6029911041259766,4.797599792480469,0.017642067421933694,retain,ret_000,M_npo_s2
6,-2,real,4.819053649902344,3.6029911041259766,4.549962997436523,0.22128027328892494,retain,ret_000,M_npo_s2
6,-1,real,4.819053649902344,3.6029911041259766,1.397705078125,2.813464310417572,retain,ret_000,M_npo_s2
6,-2,random_position,4.819053649902344,3.6029911041259766,4.549962997436523,0.22128027328892494,retain,ret_000,M_npo_s2
7,-6,real,4.819053649902344,3.6029911041259766,4.865520477294922,-0.0382108860715815,retain,ret_000,M_npo_s2
7,-5,real,4.819053649902344,3.6029911041259766,3.288156509399414,1.2588967120318335,retain,ret_000,M_npo_s2
7,-4,real,4.819053649902344,3.6029911041259766,4.669925689697266,0.12263181751878625,retain,ret_000,M_npo_s2
7,-3,real,4.819053649902344,3.6029911041259766,4.777454376220703,0.03420816949434334,retain,ret_000,M_npo_s2
7,-2,real,4.819053649902344,3.6029911041259766,4.508441925048828,0.2554241358163142,retain,ret_000,M_npo_s2
7,-1,real,4.819053649902344,3.6029911041259766,0.45949554443359375,3.584978519904575,retain,ret_000,M_npo_s2
7,-7,random_position,4.819053649902344,3.6029911041259766,14.237226486206055,-7.744809565112372,retain,ret_000,M_npo_s2
8,-6,real,4.819053649902344,3.6029911041259766,4.961917877197266,-0.11748098631202682,retain,ret_000,M_npo_s2
8,-5,real,4.819053649902344,3.6029911041259766,2.9510269165039062,1.536127183496009,retain,ret_000,M_npo_s2
8,-4,real,4.819053649902344,3.6029911041259766,4.437662124633789,0.3136282147601742,retain,ret_000,M_npo_s2
8,-3,real,4.819053649902344,3.6029911041259766,4.72736930847168,0.07539442913450665,retain,ret_000,M_npo_s2
8,-2,real,4.819053649902344,3.6029911041259766,4.564672470092773,0.20918428965112687,retain,ret_000,M_npo_s2
8,-1,real,4.819053649902344,3.6029911041259766,0.83935546875,3.2726097806191348,retain,ret_000,M_npo_s2
8,-5,random_position,4.819053649902344,3.6029911041259766,2.9510269165039062,1.536127183496009,retain,ret_000,M_npo_s2
9,-6,real,4.819053649902344,3.6029911041259766,4.939912796020508,-0.09938563319619742,retain,ret_000,M_npo_s2
9,-5,real,4.819053649902344,3.6029911041259766,5.023693084716797,-0.16828035328051796,retain,ret_000,M_npo_s2
9,-4,real,4.819053649902344,3.6029911041259766,4.952751159667969,-0.10994295501492392,retain,ret_000,M_npo_s2
9,-3,real,4.819053649902344,3.6029911041259766,4.70085334777832,0.09719919631975933,retain,ret_000,M_npo_s2
9,-2,real,4.819053649902344,3.6029911041259766,4.773889541625977,0.037139626109883354,retain,ret_000,M_npo_s2
9,-1,real,4.819053649902344,3.6029911041259766,2.0128135681152344,2.307644529908229,retain,ret_000,M_npo_s2
9,-10,random_position,4.819053649902344,3.6029911041259766,4.815977096557617,0.0025299301877292897,retain,ret_000,M_npo_s2
10,-6,real,4.819053649902344,3.6029911041259766,5.005399703979492,-0.15323722840109352,retain,ret_000,M_npo_s2
10,-5,real,4.819053649902344,3.6029911041259766,5.062707901000977,-0.20036325594016002,retain,ret_000,M_npo_s2
10,-4,real,4.819053649902344,3.6029911041259766,5.290159225463867,-0.3874024220199603,retain,ret_000,M_npo_s2
10,-3,real,4.819053649902344,3.6029911041259766,4.77440071105957,0.036719278130769,retain,ret_000,M_npo_s2
10,-2,real,4.819053649902344,3.6029911041259766,4.770805358886719,0.03967583014804719,retain,ret_000,M_npo_s2
10,-1,real,4.819053649902344,3.6029911041259766,4.891965866088867,-0.059957620140314666,retain,ret_000,M_npo_s2
10,-5,random_position,4.819053649902344,3.6029911041259766,5.062707901000977,-0.20036325594016002,retain,ret_000,M_npo_s2
11,-6,real,4.819053649902344,3.6029911041259766,4.819053649902344,-0.0,retain,ret_000,M_npo_s2
11,-5,real,4.819053649902344,3.6029911041259766,4.819053649902344,-0.0,retain,ret_000,M_npo_s2
11,-4,real,4.819053649902344,3.6029911041259766,4.819053649902344,-0.0,retain,ret_000,M_npo_s2
11,-3,real,4.819053649902344,3.6029911041259766,4.819053649902344,-0.0,retain,ret_000,M_npo_s2
11,-2,real,4.819053649902344,3.6029911041259766,4.819053649902344,-0.0,retain,ret_000,M_npo_s2
11,-1,real,4.819053649902344,3.6029911041259766,4.069568634033203,0.6163211082129407,retain,ret_000,M_npo_s2
11,-6,random_position,4.819053649902344,3.6029911041259766,4.819053649902344,-0.0,retain,ret_000,M_npo_s2
0,-6,real,15.054893493652344,6.728273391723633,15.054141998291016,9.025214938700694e-05,retain,ret_001,M_npo_s2
0,-5,real,15.054893493652344,6.728273391723633,15.068326950073242,-0.0016133144368849998,retain,ret_001,M_npo_s2
0,-4,real,15.054893493652344,6.728273391723633,15.046411514282227,0.0010186581429543651,retain,ret_001,M_npo_s2
0,-3,real,15.054893493652344,6.728273391723633,15.044923782348633,0.0011973299107763586,retain,ret_001,M_npo_s2
0,-2,real,15.054893493652344,6.728273391723633,15.076583862304688,-0.0026049427482970635,retain,ret_001,M_npo_s2
0,-1,real,15.054893493652344,6.728273391723633,15.013433456420898,0.004979215663008553,retain,ret_001,M_npo_s2
0,-15,random_position,15.054893493652344,6.728273391723633,15.059795379638672,-0.0005887005683365682,retain,ret_001,M_npo_s2
1,-6,real,15.054893493652344,6.728273391723633,15.103595733642578,-0.0058489806661112574,retain,ret_001,M_npo_s2
1,-5,real,15.054893493652344,6.728273391723633,15.10268783569336,-0.005739945074466041,retain,ret_001,M_npo_s2
1,-4,real,15.054893493652344,6.728273391723633,15.058605194091797,-0.0004457631540789734,retain,ret_001,M_npo_s2
1,-3,real,15.054893493652344,6.728273391723633,15.058412551879883,-0.00042262745080971526,retain,ret_001,M_npo_s2
1,-2,real,15.054893493652344,6.728273391723633,15.08053970336914,-0.003080026397608364,retain,ret_001,M_npo_s2
1,-1,real,15.054893493652344,6.728273391723633,15.000082015991211,0.006582680246026443,retain,ret_001,M_npo_s2
1,-3,random_position,15.054893493652344,6.728273391723633,15.058412551879883,-0.00042262745080971526,retain,ret_001,M_npo_s2
2,-6,real,15.054893493652344,6.728273391723633,15.1171875,-0.007481307611623469,retain,ret_001,M_npo_s2
2,-5,real,15.054893493652344,6.728273391723633,15.130224227905273,-0.009046976243755937,retain,ret_001,M_npo_s2
2,-4,real,15.054893493652344,6.728273391723633,15.081777572631836,-0.0032286904710910223,retain,ret_001,M_npo_s2
2,-3,real,15.054893493652344,6.728273391723633,15.055118560791016,-2.702983154230157e-05,retain,ret_001,M_npo_s2
2,-2,real,15.054893493652344,6.728273391723633,15.11767578125,-0.007539948602088124,retain,ret_001,M_npo_s2
2,-1,real,15.054893493652344,6.728273391723633,14.988349914550781,0.007991667481761163,retain,ret_001,M_npo_s2
2,-10,random_position,15.054893493652344,6.728273391723633,15.523149490356445,-0.05623602265649642,retain,ret_001,M_npo_s2
3,-6,real,15.054893493652344,6.728273391723633,15.116626739501953,-0.007413962099136718,retain,ret_001,M_npo_s2
3,-5,real,15.054893493652344,6.728273391723633,15.115331649780273,-0.0072584260345839825,retain,ret_001,M_npo_s2
3,-4,real,15.054893493652344,6.728273391723633,15.060588836669922,-0.0006839921778416313,retain,ret_001,M_npo_s2
3,-3,real,15.054893493652344,6.728273391723633,15.043941497802734,0.001315299090812675,retain,ret_001,M_npo_s2
3,-2,real,15.054893493652344,6.728273391723633,15.122970581054688,-0.008175836842439218,retain,ret_001,M_npo_s2
3,-1,real,15.054893493652344,6.728273391723633,15.034931182861328,0.002397408617980748,retain,ret_001,M_npo_s2
3,-15,random_position,15.054893493652344,6.728273391723633,15.008964538574219,0.005515918165581541,retain,ret_001,M_npo_s2
4,-6,real,15.054893493652344,6.728273391723633,15.073583602905273,-0.002244621349856043,retain,ret_001,M_npo_s2
4,-5,real,15.054893493652344,6.728273391723633,15.126289367675781,-0.008574412324503665,retain,ret_001,M_npo_s2
4,-4,real,15.054893493652344,6.728273391723633,15.031827926635742,0.002770099600347906,retain,ret_001,M_npo_s2
4,-3,real,15.054893493652344,6.728273391723633,15.01864242553711,0.004353635409262573,retain,ret_001,M_npo_s2
4,-2,real,15.054893493652344,6.728273391723633,15.12586784362793,-0.0085237886569541,retain,ret_001,M_npo_s2
4,-1,real,15.054893493652344,6.728273391723633,15.09724235534668,-0.005085960590963744,retain,ret_001,M_npo_s2
4,-11,random_position,15.054893493652344,6.728273391723633,13.060352325439453,0.23953790899513852,retain,ret_001,M_npo_s2
5,-6,real,15.054893493652344,6.728273391723633,15.05565071105957,-9.093934849401462e-05,retain,ret_001,M_npo_s2
5,-5,real,15.054893493652344,6.728273391723633,15.11214828491211,-0.006876114264718717,retain,ret_001,M_npo_s2
5,-4,real,15.054893493652344,6.728273391723633,15.016590118408203,0.004600110822309323,retain,ret_001,M_npo_s2
5,-3,real,15.054893493652344,6.728273391723633,14.991268157958984,0.007641195937187253,retain,ret_001,M_npo_s2
5,-2,real,15.054893493652344,6.728273391723633,15.163183212280273,-0.0130052431001201,retain,ret_001,M_npo_s2
5,-1,real,15.054893493652344,6.728273391723633,15.158899307250977,-0.01249076003534036,retain,ret_001,M_npo_s2
5,-13,random_position,15.054893493652344,6.728273391723633,15.062442779541016,-0.0009066446885121154,retain,ret_001,M_npo_s2
6,-6,real,15.054893493652344,6.728273391723633,15.106922149658203,-0.006248472413651714,retain,ret_001,M_npo_s2
6,-5,real,15.054893493652344,6.728273391723633,15.145120620727539,-0.010835984585665898,retain,ret_001,M_npo_s2
6,-4,real,15.054893493652344,6.728273391723633,15.011087417602539,0.005260967296881696,retain,ret_001,M_npo_s2
6,-3,real,15.054893493652344,6.728273391723633,15.031917572021484,0.002759333481004786,retain,ret_001,M_npo_s2
6,-2,real,15.054893493652344,6.728273391723633,15.181142807006836,-0.015162132030648165,retain,ret_001,M_npo_s2
6,-1,real,15.054893493652344,6.728273391723633,15.379707336425781,-0.039009086375659224,retain,ret_001,M_npo_s2
6,-2,random_position,15.054893493652344,6.728273391723633,15.181142807006836,-0.015162132030648165,retain,ret_001,M_npo_s2
7,-6,real,15.054893493652344,6.728273391723633,15.08700180053711,-0.0038561032557890224,retain,ret_001,M_npo_s2
7,-5,real,15.054893493652344,6.728273391723633,15.13536262512207,-0.009664081041848823,retain,ret_001,M_npo_s2
7,-4,real,15.054893493652344,6.728273391723633,14.994939804077148,0.007200243176857333,retain,ret_001,M_npo_s2
7,-3,real,15.054893493652344,6.728273391723633,15.025081634521484,0.0035803073475099453,retain,ret_001,M_npo_s2
7,-2,real,15.054893493652344,6.728273391723633,15.155858993530273,-0.012125628243150286,retain,ret_001,M_npo_s2
7,-1,real,15.054893493652344,6.728273391723633,15.157146453857422,-0.01228024804222701,retain,ret_001,M_npo_s2
7,-9,random_position,15.054893493652344,6.728273391723633,14.671686172485352,0.046021953262672465,retain,ret_001,M_npo_s2
8,-6,real,15.054893493652344,6.728273391723633,15.13918685913086,-0.010123359111698947,retain,ret_001,M_npo_s2
8,-5,real,15.054893493652344,6.728273391723633,15.155105590820312,-0.012035147027394276,retain,ret_001,M_npo_s2
8,-4,real,15.054893493652344,6.728273391723633,14.994255065917969,0.00728247800332925,retain,ret_001,M_npo_s2
8,-3,real,15.054893493652344,6.728273391723633,15.087041854858398,-0.003860913649538076,retain,ret_001,M_npo_s2
8,-2,real,15.054893493652344,6.728273391723633,15.26821517944336,-0.025619240841983835,retain,ret_001,M_npo_s2
8,-1,real,15.054893493652344,6.728273391723633,15.276847839355469,-0.0266559952280894,retain,ret_001,M_npo_s2
8,-6,random_position,15.054893493652344,6.728273391723633,15.13918685913086,-0.010123359111698947,retain,ret_001,M_npo_s2
9,-6,real,15.054893493652344,6.728273391723633,15.103662490844727,-0.005856997989026346,retain,ret_001,M_npo_s2
9,-5,real,15.054893493652344,6.728273391723633,15.139404296875,-0.010149472677765238,retain,ret_001,M_npo_s2
9,-4,real,15.054893493652344,6.728273391723633,14.989370346069336,0.007869116974344796,retain,ret_001,M_npo_s2
9,-3,real,15.054893493652344,6.728273391723633,15.106401443481445,-0.006185937294914017,retain,ret_001,M_npo_s2
9,-2,real,15.054893493652344,6.728273391723633,15.204113006591797,-0.017920778312545942,retain,ret_001,M_npo_s2
9,-1,real,15.054893493652344,6.728273391723633,15.363954544067383,-0.037117227234067116,retain,ret_001,M_npo_s2
9,-14,random_position,15.054893493652344,6.728273391723633,15.036169052124023,0.0022487445444980894,retain,ret_001,M_npo_s2
10,-6,real,15.054893493652344,6.728273391723633,14.875150680541992,0.02158652741569384,retain,ret_001,M_npo_s2
10,-5,real,15.054893493652344,6.728273391723633,15.119205474853516,-0.007723659830028173,retain,ret_001,M_npo_s2
10,-4,real,15.054893493652344,6.728273391723633,14.987728118896484,0.008066343118055996,retain,ret_001,M_npo_s2
10,-3,real,15.054893493652344,6.728273391723633,15.091428756713867,-0.004387766298243954,retain,ret_001,M_npo_s2
10,-2,real,15.054893493652344,6.728273391723633,15.041940689086914,0.0015555897118963557,retain,ret_001,M_npo_s2
10,-1,real,15.054893493652344,6.728273391723633,13.364299774169922,0.20303480869636725,retain,ret_001,M_npo_s2
10,-7,random_position,15.054893493652344,6.728273391723633,15.214122772216797,-0.019122918617071355,retain,ret_001,M_npo_s2
11,-6,real,15.054893493652344,6.728273391723633,15.054893493652344,-0.0,retain,ret_001,M_npo_s2
11,-5,real,15.054893493652344,6.728273391723633,15.054893493652344,-0.0,retain,ret_001,M_npo_s2
11,-4,real,15.054893493652344,6.728273391723633,15.054893493652344,-0.0,retain,ret_001,M_npo_s2
11,-3,real,15.054893493652344,6.728273391723633,15.054893493652344,-0.0,retain,ret_001,M_npo_s2
11,-2,real,15.054893493652344,6.728273391723633,15.054893493652344,-0.0,retain,ret_001,M_npo_s2
11,-1,real,15.054893493652344,6.728273391723633,6.757101058959961,0.9965378908988953,retain,ret_001,M_npo_s2
11,-7,random_position,15.054893493652344,6.728273391723633,15.054893493652344,-0.0,retain,ret_001,M_npo_s2
0,-6,real,13.888446807861328,6.981222152709961,13.943988800048828,-0.008041144592868732,retain,ret_001,M_npo_s2
0,-5,real,13.888446807861328,6.981222152709961,13.940103530883789,-0.007478651064857961,retain,ret_001,M_npo_s2
0,-4,real,13.888446807861328,6.981222152709961,13.669149398803711,0.03174899036968003,retain,ret_001,M_npo_s2
0,-3,real,13.888446807861328,6.981222152709961,13.916488647460938,-0.004059783921852887,retain,ret_001,M_npo_s2
0,-2,real,13.888446807861328,6.981222152709961,13.872631072998047,0.002289738013875945,retain,ret_001,M_npo_s2
0,-1,real,13.888446807861328,6.981222152709961,13.873983383178711,0.0020939560249905076,retain,ret_001,M_npo_s2
0,-12,random_position,13.888446807861328,6.981222152709961,13.913101196289062,-0.00356936246591419,retain,ret_001,M_npo_s2
1,-6,real,13.888446807861328,6.981222152709961,14.079071044921875,-0.027597804701252976,retain,ret_001,M_npo_s2
1,-5,real,13.888446807861328,6.981222152709961,13.955263137817383,-0.009673397535466501,retain,ret_001,M_npo_s2
1,-4,real,13.888446807861328,6.981222152709961,13.809429168701172,0.011439853646750198,retain,ret_001,M_npo_s2
1,-3,real,13.888446807861328,6.981222152709961,13.918085098266602,-0.004290911601256429,retain,ret_001,M_npo_s2
1,-2,real,13.888446807861328,6.981222152709961,13.90123176574707,-0.0018509544026785406,retain,ret_001,M_npo_s2
1,-1,real,13.888446807861328,6.981222152709961,13.915447235107422,-0.003909012460736599,retain,ret_001,M_npo_s2
1,-3,random_position,13.888446807861328,6.981222152709961,13.918085098266602,-0.004290911601256429,retain,ret_001,M_npo_s2
2,-6,real,13.888446807861328,6.981222152709961,14.061304092407227,-0.02502557730143937,retain,ret_001,M_npo_s2
2,-5,real,13.888446807861328,6.981222152709961,13.987539291381836,-0.01434620827724276,retain,ret_001,M_npo_s2
2,-4,real,13.888446807861328,6.981222152709961,15.396369934082031,-0.21831100065582823,retain,ret_001,M_npo_s2
2,-3,real,13.888446807861328,6.981222152709961,13.938169479370117,-0.007198646922784854,retain,ret_001,M_npo_s2
2,-2,real,13.888446807861328,6.981222152709961,13.920726776123047,-0.004673363018190604,retain,ret_001,M_npo_s2
2,-1,real,13.888446807861328,6.981222152709961,14.017389297485352,-0.01866777121949536,retain,ret_001,M_npo_s2
2,-8,random_position,13.888446807861328,6.981222152709961,13.215438842773438,0.09743536640088364,retain,ret_001,M_npo_s2
3,-6,real,13.888446807861328,6.981222152709961,14.027942657470703,-0.02019564391978185,retain,ret_001,M_npo_s2
3,-5,real,13.888446807861328,6.981222152709961,14.204483032226562,-0.045754444099271686,retain,ret_001,M_npo_s2
3,-4,real,13.888446807861328,6.981222152709961,15.591310501098633,-0.24653370611991302,retain,ret_001,M_npo_s2
3,-3,real,13.888446807861328,6.981222152709961,13.917612075805664,-0.004222429325877602,retain,ret_001,M_npo_s2
3,-2,real,13.888446807861328,6.981222152709961,13.93855094909668,-0.007253874564219392,retain,ret_001,M_npo_s2
3,-1,real,13.888446807861328,6.981222152709961,14.126449584960938,-0.03445707776742259,retain,ret_001,M_npo_s2
3,-12,random_position,13.888446807861328,6.981222152709961,13.820182800292969,0.009882986434710573,retain,ret_001,M_npo_s2
4,-6,real,13.888446807861328,6.981222152709961,13.978189468383789,-0.012992578785682234,retain,ret_001,M_npo_s2
4,-5,real,13.888446807861328,6.981222152709961,14.397899627685547,-0.07375651513582548,retain,ret_001,M_npo_s2
4,-4,real,13.888446807861328,6.981222152709961,15.608055114746094,-0.24895792344068207,retain,ret_001,M_npo_s2
4,-3,real,13.888446807861328,6.981222152709961,13.865301132202148,0.0033509371440405924,retain,ret_001,M_npo_s2
4,-2,real,13.888446807861328,6.981222152709961,13.918962478637695,-0.004417935176555866,retain,ret_001,M_npo_s2
4,-1,real,13.888446807861328,6.981222152709961,14.182857513427734,-0.042623589106347726,retain,ret_001,M_npo_s2
4,-9,random_position,13.888446807861328,6.981222152709961,13.70361328125,0.02675944910427669,retain,ret_001,M_npo_s2
5,-6,real,13.888446807861328,6.981222152709961,13.660186767578125,0.033046563805184496,retain,ret_001,M_npo_s2
5,-5,real,13.888446807861328,6.981222152709961,14.344005584716797,-0.06595395395395395,retain,ret_001,M_npo_s2
5,-4,real,13.888446807861328,6.981222152709961,15.863746643066406,-0.28597590694142416,retain,ret_001,M_npo_s2
5,-3,real,13.888446807861328,6.981222152709961,13.847017288208008,0.005997997997997998,retain,ret_001,M_npo_s2
5,-2,real,13.888446807861328,6.981222152709961,13.913957595825195,-0.003693348520934728,retain,ret_001,M_npo_s2
5,-1,real,13.888446807861328,6.981222152709961,14.182252883911133,-0.042536053294673984,retain,ret_001,M_npo_s2
5,-11,random_position,13.888446807861328,6.981222152709961,13.872827529907227,0.002261295778537158,retain,ret_001,M_npo_s2
6,-6,real,13.888446807861328,6.981222152709961,13.664701461791992,0.03239294466880674,retain,ret_001,M_npo_s2
6,-5,real,13.888446807861328,6.981222152709961,14.318262100219727,-0.06222691657174416,retain,ret_001,M_npo_s2
6,-4,real,13.888446807861328,6.981222152709961,15.926374435424805,-0.2950429049739395,retain,ret_001,M_npo_s2
6,-3,real,13.888446807861328,6.981222152709961,13.841423034667969,0.006807911359635497,retain,ret_001,M_npo_s2
6,-2,real,13.888446807861328,6.981222152709961,13.97099494934082,-0.011950985468226847,retain,ret_001,M_npo_s2
6,-1,real,13.888446807861328,6.981222152709961,14.686077117919922,-0.11547768458113286,retain,ret_001,M_npo_s2
6,-2,random_position,13.888446807861328,6.981222152709961,13.97099494934082,-0.011950985468226847,retain,ret_001,M_npo_s2
7,-6,real,13.888446807861328,6.981222152709961,13.647424697875977,0.034894204549376966,retain,ret_001,M_npo_s2
7,-5,real,13.888446807861328,6.981222152709961,14.272562026977539,-0.05561064512788651,retain,ret_001,M_npo_s2
7,-4,real,13.888446807861328,6.981222152709961,15.888561248779297,-0.2895684650167409,retain,ret_001,M_npo_s2
7,-3,real,13.888446807861328,6.981222152709961,13.853979110717773,0.004990093541817679,retain,ret_001,M_npo_s2
7,-2,real,13.888446807861328,6.981222152709961,13.995027542114258,-0.01543032687860274,retain,ret_001,M_npo_s2
7,-1,real,13.888446807861328,6.981222152709961,14.953592300415039,-0.15420744882813847,retain,ret_001,M_npo_s2
7,-8,random_position,13.888446807861328,6.981222152709961,9.969011306762695,0.5674399917158538,retain,ret_001,M_npo_s2
8,-6,real,13.888446807861328,6.981222152709961,13.562664031982422,0.047165510337924134,retain,ret_001,M_npo_s2
8,-5,real,13.888446807861328,6.981222152709961,14.12551498413086,-0.03432177004590798,retain,ret_001,M_npo_s2
8,-4,real,13.888446807861328,6.981222152709961,15.74034309387207,-0.2681100410755583,retain,ret_001,M_npo_s2
8,-3,real,13.888446807861328,6.981222152709961,13.83991813659668,0.00702578440509475,retain,ret_001,M_npo_s2
8,-2,real,13.888446807861328,6.981222152709961,14.041131973266602,-0.022105139622381,retain,ret_001,M_npo_s2
8,-1,real,13.888446807861328,6.981222152709961,15.880992889404297,-0.2884727486106796,retain,ret_001,M_npo_s2
8,-5,random_position,13.888446807861328,6.981222152709961,14.12551498413086,-0.03432177004590798,retain,ret_001,M_npo_s2
9,-6,real,13.888446807861328,6.981222152709961,13.340862274169922,0.0792770701736219,retain,ret_001,M_npo_s2
9,-5,real,13.888446807861328,6.981222152709961,13.415748596191406,0.06843533188360774,retain,ret_001,M_npo_s2
9,-4,real,13.888446807861328,6.981222152709961,15.127195358276367,-0.17934099616858237,retain,ret_001,M_npo_s2
9,-3,real,13.888446807861328,6.981222152709961,13.86046028137207,0.00405177591384488,retain,ret_001,M_npo_s2
9,-2,real,13.888446807861328,6.981222152709961,13.958036422729492,-0.010074902488695593,retain,ret_001,M_npo_s2
9,-1,real,13.888446807861328,6.981222152709961,15.420906066894531,-0.22186324255289772,retain,ret_001,M_npo_s2
9,-11,random_position,13.888446807861328,6.981222152709961,13.873111724853516,0.002220151185668427,retain,ret_001,M_npo_s2
10,-6,real,13.888446807861328,6.981222152709961,13.030134201049805,0.12426302164233198,retain,ret_001,M_npo_s2
10,-5,real,13.888446807861328,6.981222152709961,13.421123504638672,0.06765717441579511,retain,ret_001,M_npo_s2
10,-4,real,13.888446807861328,6.981222152709961,14.685588836669922,-0.11540699320009665,retain,ret_001,M_npo_s2
10,-3,real,13.888446807861328,6.981222152709961,13.800682067871094,0.012706223464844155,retain,ret_001,M_npo_s2
10,-2,real,13.888446807861328,6.981222152709961,13.879476547241211,0.0012986779883331608,retain,ret_001,M_npo_s2
10,-1,real,13.888446807861328,6.981222152709961,12.666074752807617,0.17697007352179767,retain,ret_001,M_npo_s2
10,-6,random_position,13.888446807861328,6.981222152709961,13.030134201049805,0.12426302164233198,retain,ret_001,M_npo_s2
11,-6,real,13.888446807861328,6.981222152709961,13.888446807861328,-0.0,retain,ret_001,M_npo_s2
11,-5,real,13.888446807861328,6.981222152709961,13.888446807861328,-0.0,retain,ret_001,M_npo_s2
11,-4,real,13.888446807861328,6.981222152709961,13.888446807861328,-0.0,retain,ret_001,M_npo_s2
11,-3,real,13.888446807861328,6.981222152709961,13.888446807861328,-0.0,retain,ret_001,M_npo_s2
11,-2,real,13.888446807861328,6.981222152709961,13.888446807861328,-0.0,retain,ret_001,M_npo_s2
11,-1,real,13.888446807861328,6.981222152709961,7.015035629272461,0.9951046218632426,retain,ret_001,M_npo_s2
11,-6,random_position,13.888446807861328,6.981222152709961,13.888446807861328,-0.0,retain,ret_001,M_npo_s2
0,-6,real,13.012454986572266,7.286382675170898,12.994544982910156,0.0031277990720529653,retain,ret_001,M_npo_s2
0,-5,real,13.012454986572266,7.286382675170898,13.011369705200195,0.00018953329840235754,retain,ret_001,M_npo_s2
0,-4,real,13.012454986572266,7.286382675170898,12.753850936889648,0.04516255394953751,retain,ret_001,M_npo_s2
0,-3,real,13.012454986572266,7.286382675170898,12.956439971923828,0.00978244974952625,retain,ret_001,M_npo_s2
0,-2,real,13.012454986572266,7.286382675170898,13.01508903503418,-0.00046000963988340206,retain,ret_001,M_npo_s2
0,-1,real,13.012454986572266,7.286382675170898,13.040445327758789,-0.0048882269842787296,retain,ret_001,M_npo_s2
0,-13,random_position,13.012454986572266,7.286382675170898,12.997005462646484,0.002698101435956232,retain,ret_001,M_npo_s2
1,-6,real,13.012454986572266,7.286382675170898,13.052570343017578,-0.007005736963090306,retain,ret_001,M_npo_s2
1,-5,real,13.012454986572266,7.286382675170898,13.206010818481445,-0.03380254760733364,retain,ret_001,M_npo_s2
1,-4,real,13.012454986572266,7.286382675170898,12.686050415039062,0.05700322206607284,retain,ret_001,M_npo_s2
1,-3,real,13.012454986572266,7.286382675170898,12.981498718261719,0.005406195840193783,retain,ret_001,M_npo_s2
1,-2,real,13.012454986572266,7.286382675170898,13.252763748168945,-0.04196746889105699,retain,ret_001,M_npo_s2
1,-1,real,13.012454986572266,7.286382675170898,13.120330810546875,-0.01883941000182871,retain,ret_001,M_npo_s2
1,-3,random_position,13.012454986572266,7.286382675170898,12.981498718261719,0.005406195840193783,retain,ret_001,M_npo_s2
2,-6,real,13.012454986572266,7.286382675170898,13.110549926757812,-0.017131278623608522,retain,ret_001,M_npo_s2
2,-5,real,13.012454986572266,7.286382675170898,13.617256164550781,-0.10562234374411872,retain,ret_001,M_npo_s2
2,-4,real,13.012454986572266,7.286382675170898,12.801843643188477,0.036781118353052235,retain,ret_001,M_npo_s2
2,-3,real,13.012454986572266,7.286382675170898,13.007490158081055,0.0008670565478758114,retain,ret_001,M_npo_s2
2,-2,real,13.012454986572266,7.286382675170898,13.687749862670898,-0.11793334756776148,retain,ret_001,M_npo_s2
2,-1,real,13.012454986572266,7.286382675170898,13.146568298339844,-0.02342151905775636,retain,ret_001,M_npo_s2
2,-9,random_position,13.012454986572266,7.286382675170898,13.032938003540039,-0.003577149545769627,retain,ret_001,M_npo_s2
3,-6,real,13.012454986572266,7.286382675170898,12.878366470336914,0.023417188771501122,retain,ret_001,M_npo_s2
3,-5,real,13.012454986572266,7.286382675170898,14.201753616333008,-0.20769884924308263,retain,ret_001,M_npo_s2
3,-4,real,13.012454986572266,7.286382675170898,12.815866470336914,0.03433217492624357,retain,ret_001,M_npo_s2
3,-3,real,13.012454986572266,7.286382675170898,13.091583251953125,-0.013818942737293857,retain,ret_001,M_npo_s2
3,-2,real,13.012454986572266,7.286382675170898,13.798698425292969,-0.13730937996629705,retain,ret_001,M_npo_s2
3,-1,real,13.012454986572266,7.286382675170898,13.174478530883789,-0.028295755886441242,retain,ret_001,M_npo_s2
3,-13,random_position,13.012454986572266,7.286382675170898,12.972972869873047,0.006895148114110371,retain,ret_001,M_npo_s2
4,-6,real,13.012454986572266,7.286382675170898,12.66952896118164,0.059888525107832456,retain,ret_001,M_npo_s2
4,-5,real,13.012454986572266,7.286382675170898,14.951353073120117,-0.3386087323220227,retain,ret_001,M_npo_s2
4,-4,real,13.012454986572266,7.286382675170898,12.865203857421875,0.02571590457514729,retain,ret_001,M_npo_s2
4,-3,real,13.012454986572266,7.286382675170898,13.10593032836914,-0.016324512984363337,retain,ret_001,M_npo_s2
4,-2,real,13.012454986572266,7.286382675170898,13.870080947875977,-0.14977560789724298,retain,ret_001,M_npo_s2
4,-1,real,13.012454986572266,7.286382675170898,13.240177154541016,-0.03976934896810944,retain,ret_001,M_npo_s2
4,-10,random_position,13.012454986572266,7.286382675170898,12.989702224731445,0.003973537287595296,retain,ret_001,M_npo_s2
5,-6,real,13.012454986572266,7.286382675170898,12.718111038208008,0.05140416193804959,retain,ret_001,M_npo_s2
5,-5,real,13.012454986572266,7.286382675170898,15.359493255615234,-0.4098862433800749,retain,ret_001,M_npo_s2
5,-4,real,13.012454986572266,7.286382675170898,12.894851684570312,0.020538214609653008,retain,ret_001,M_npo_s2
5,-3,real,13.012454986572266,7.286382675170898,13.080070495605469,-0.0118083575190924,retain,ret_001,M_npo_s2
5,-2,real,13.012454986572266,7.286382675170898,13.968873977661133,-0.1670288007338836,retain,ret_001,M_npo_s2
5,-1,real,13.012454986572266,7.286382675170898,13.355871200561523,-0.059974131536109095,retain,ret_001,M_npo_s2
5,-12,random_position,13.012454986572266,7.286382675170898,12.983261108398438,0.005098412417129146,retain,ret_001,M_npo_s2
6,-6,real,13.012454986572266,7.286382675170898,12.308296203613281,0.12297413386780169,retain,ret_001,M_npo_s2
6,-5,real,13.012454986572266,7.286382675170898,15.87623405456543,-0.5001297420381858,retain,ret_001,M_npo_s2
6,-4,real,13.012454986572266,7.286382675170898,12.753324508666992,0.04525448925772565,retain,ret_001,M_npo_s2
6,-3,real,13.012454986572266,7.286382675170898,13.1119384765625,-0.01737377465390187,retain,ret_001,M_npo_s2
6,-2,real,13.012454986572266,7.286382675170898,13.798362731933594,-0.13725075455237998,retain,ret_001,M_npo_s2
6,-1,real,13.012454986572266,7.286382675170898,13.691360473632812,-0.11856390386631274,retain,ret_001,M_npo_s2
6,-2,random_position,13.012454986572266,7.286382675170898,13.798362731933594,-0.13725075455237998,retain,ret_001,M_npo_s2
7,-6,real,13.012454986572266,7.286382675170898,11.726921081542969,0.22450535639754826,retain,ret_001,M_npo_s2
7,-5,real,13.012454986572266,7.286382675170898,15.953716278076172,-0.5136612203879204,retain,ret_001,M_npo_s2
7,-4,real,13.012454986572266,7.286382675170898,12.567832946777344,0.07764869453527867,retain,ret_001,M_npo_s2
7,-3,real,13.012454986572266,7.286382675170898,13.023191452026367,-0.001875013948518226,retain,ret_001,M_npo_s2
7,-2,real,13.012454986572266,7.286382675170898,13.962217330932617,-0.16586628542382342,retain,ret_001,M_npo_s2
7,-1,real,13.012454986572266,7.286382675170898,13.639236450195312,-0.1094609759599162,retain,ret_001,M_npo_s2
7,-8,random_position,13.012454986572266,7.286382675170898,12.984655380249023,0.004854917090007665,retain,ret_001,M_npo_s2
8,-6,real,13.012454986572266,7.286382675170898,11.102405548095703,0.33357061081352424,retain,ret_001,M_npo_s2
8,-5,real,13.012454986572266,7.286382675170898,14.910531997680664,-0.3314797487501295,retain,ret_001,M_npo_s2
8,-4,real,13.012454986572266,7.286382675170898,12.48678970336914,0.09180206861105403,retain,ret_001,M_npo_s2
8,-3,real,13.012454986572266,7.286382675170898,12.959772109985352,0.009200525896610752,retain,ret_001,M_npo_s2
8,-2,real,13.012454986572266,7.286382675170898,13.721565246582031,-0.12383885872307852,retain,ret_001,M_npo_s2
8,-1,real,13.012454986572266,7.286382675170898,14.299121856689453,-0.22470321716951838,retain,ret_001,M_npo_s2
8,-5,random_position,13.012454986572266,7.286382675170898,14.910531997680664,-0.3314797487501295,retain,ret_001,M_npo_s2
9,-6,real,13.012454986572266,7.286382675170898,13.005826950073242,0.0011575188259194946,retain,ret_001,M_npo_s2
9,-5,real,13.012454986572266,7.286382675170898,13.944204330444336,-0.1627204990088641,retain,ret_001,M_npo_s2
9,-4,real,13.012454986572266,7.286382675170898,12.438425064086914,0.10024845850136788,retain,ret_001,M_npo_s2
9,-3,real,13.012454986572266,7.286382675170898,12.803024291992188,0.03657493010751434,retain,ret_001,M_npo_s2
9,-2,real,13.012454986572266,7.286382675170898,13.319303512573242,-0.05358795860646059,retain,ret_001,M_npo_s2
9,-1,real,13.012454986572266,7.286382675170898,14.803081512451172,-0.31271461981252524,retain,ret_001,M_npo_s2
9,-12,random_position,13.012454986572266,7.286382675170898,13.004386901855469,0.0014090085276660324,retain,ret_001,M_npo_s2
10,-6,real,13.012454986572266,7.286382675170898,13.117877960205078,-0.018411044761502824,retain,ret_001,M_npo_s2
10,-5,real,13.012454986572266,7.286382675170898,14.491445541381836,-0.25829058285986095,retain,ret_001,M_npo_s2
10,-4,real,13.012454986572266,7.286382675170898,11.750669479370117,0.220357941461858,retain,ret_001,M_npo_s2
10,-3,real,13.012454986572266,7.286382675170898,12.787618637084961,0.03926537026778823,retain,ret_001,M_npo_s2
10,-2,real,13.012454986572266,7.286382675170898,12.795602798461914,0.037871018093601466,retain,ret_001,M_npo_s2
10,-1,real,13.012454986572266,7.286382675170898,13.066524505615234,-0.009442688827961392,retain,ret_001,M_npo_s2
10,-6,random_position,13.012454986572266,7.286382675170898,13.117877960205078,-0.018411044761502824,retain,ret_001,M_npo_s2
11,-6,real,13.012454986572266,7.286382675170898,13.012454986572266,-0.0,retain,ret_001,M_npo_s2
11,-5,real,13.012454986572266,7.286382675170898,13.012454986572266,-0.0,retain,ret_001,M_npo_s2
11,-4,real,13.012454986572266,7.286382675170898,13.012454986572266,-0.0,retain,ret_001,M_npo_s2
11,-3,real,13.012454986572266,7.286382675170898,13.012454986572266,-0.0,retain,ret_001,M_npo_s2
11,-2,real,13.012454986572266,7.286382675170898,13.012454986572266,-0.0,retain,ret_001,M_npo_s2
11,-1,real,13.012454986572266,7.286382675170898,7.319568634033203,0.9942044114957774,retain,ret_001,M_npo_s2
11,-6,random_position,13.012454986572266,7.286382675170898,13.012454986572266,-0.0,retain,ret_001,M_npo_s2
0,-6,real,13.903350830078125,6.348766326904297,13.975824356079102,-0.009593317272515653,retain,ret_001,M_npo_s2
0,-5,real,13.903350830078125,6.348766326904297,13.686029434204102,0.028766823083747686,retain,ret_001,M_npo_s2
0,-4,real,13.903350830078125,6.348766326904297,13.901317596435547,0.00026913904288500897,retain,ret_001,M_npo_s2
0,-3,real,13.903350830078125,6.348766326904297,13.893373489379883,0.001320700125076437,retain,ret_001,M_npo_s2
0,-2,real,13.903350830078125,6.348766326904297,13.899166107177734,0.000553931576069146,retain,ret_001,M_npo_s2
0,-1,real,13.903350830078125,6.348766326904297,13.876192092895508,0.0035950007801497583,retain,ret_001,M_npo_s2
0,-13,random_position,13.903350830078125,6.348766326904297,13.925596237182617,-0.0029446235057859847,retain,ret_001,M_npo_s2
1,-6,real,13.903350830078125,6.348766326904297,13.956010818481445,-0.006970600220461738,retain,ret_001,M_npo_s2
1,-5,real,13.903350830078125,6.348766326904297,13.819601058959961,0.011085953315232513,retain,ret_001,M_npo_s2
1,-4,real,13.903350830078125,6.348766326904297,13.92453384399414,-0.0028039945687438174,retain,ret_001,M_npo_s2
1,-3,real,13.903350830078125,6.348766326904297,13.913614273071289,-0.0013585714725743276,retain,ret_001,M_npo_s2
1,-2,real,13.903350830078125,6.348766326904297,13.897266387939453,0.0008053973234551394,retain,ret_001,M_npo_s2
1,-1,real,13.903350830078125,6.348766326904297,13.897436141967773,0.000782926990606391,retain,ret_001,M_npo_s2
1,-3,random_position,13.903350830078125,6.348766326904297,13.913614273071289,-0.0013585714725743276,retain,ret_001,M_npo_s2
2,-6,real,13.903350830078125,6.348766326904297,13.972240447998047,-0.009118915526192076,retain,ret_001,M_npo_s2
2,-5,real,13.903350830078125,6.348766326904297,15.3714599609375,-0.19433353750197563,retain,ret_001,M_npo_s2
2,-4,real,13.903350830078125,6.348766326904297,13.921279907226562,-0.002373271109867809,retain,ret_001,M_npo_s2
2,-3,real,13.903350830078125,6.348766326904297,13.918581008911133,-0.002016018065137708,retain,ret_001,M_npo_s2
2,-2,real,13.903350830078125,6.348766326904297,13.900938034057617,0.0003193816972322104,retain,ret_001,M_npo_s2
2,-1,real,13.903350830078125,6.348766326904297,13.974851608276367,-0.009464554691022824,retain,ret_001,M_npo_s2
2,-9,random_position,13.903350830078125,6.348766326904297,13.242927551269531,0.0874201987589307,retain,ret_001,M_npo_s2
3,-6,real,13.903350830078125,6.348766326904297,14.180229187011719,-0.036650375254558575,retain,ret_001,M_npo_s2
3,-5,real,13.903350830078125,6.348766326904297,15.571033477783203,-0.22075107466260416,retain,ret_001,M_npo_s2
3,-4,real,13.903350830078125,6.348766326904297,13.914182662963867,-0.0014338092162701369,retain,ret_001,M_npo_s2
3,-3,real,13.903350830078125,6.348766326904297,13.918292999267578,-0.0019778942419898314,retain,ret_001,M_npo_s2
3,-2,real,13.903350830078125,6.348766326904297,13.914287567138672,-0.0014476953770193634,retain,ret_001,M_npo_s2
3,-1,real,13.903350830078125,6.348766326904297,14.088422775268555,-0.024497964793785465,retain,ret_001,M_npo_s2
3,-13,random_position,13.903350830078125,6.348766326904297,13.828855514526367,0.009860941461500745,retain,ret_001,M_npo_s2
4,-6,real,13.903350830078125,6.348766326904297,14.312419891357422,-0.054148452652483935,retain,ret_001,M_npo_s2
4,-5,real,13.903350830078125,6.348766326904297,15.666910171508789,-0.23344226816044727,retain,ret_001,M_npo_s2
4,-4,real,13.903350830078125,6.348766326904297,13.901901245117188,0.0001918814939893122,retain,ret_001,M_npo_s2
4,-3,real,13.903350830078125,6.348766326904297,13.929998397827148,-0.0035273373059535275,retain,ret_001,M_npo_s2
4,-2,real,13.903350830078125,6.348766326904297,13.920185089111328,-0.002228350086775881,retain,ret_001,M_npo_s2
4,-1,real,13.903350830078125,6.348766326904297,14.122129440307617,-0.028959714480336945,retain,ret_001,M_npo_s2
4,-10,random_position,13.903350830078125,6.348766326904297,13.727142333984375,0.023324710448300815,retain,ret_001,M_npo_s2
5,-6,real,13.903350830078125,6.348766326904297,14.281913757324219,-0.050110357106608855,retain,ret_001,M_npo_s2
5,-5,real,13.903350830078125,6.348766326904297,15.826250076293945,-0.25453408396027244,retain,ret_001,M_npo_s2
5,-4,real,13.903350830078125,6.348766326904297,13.877975463867188,0.0033589360474129072,retain,ret_001,M_npo_s2
5,-3,real,13.903350830078125,6.348766326904297,13.887460708618164,0.002103374640032842,retain,ret_001,M_npo_s2
5,-2,real,13.903350830078125,6.348766326904297,13.887264251708984,0.0021293796319813937,retain,ret_001,M_npo_s2
5,-1,real,13.903350830078125,6.348766326904297,14.223028182983398,-0.04231567636459302,retain,ret_001,M_npo_s2
5,-12,random_position,13.903350830078125,6.348766326904297,13.886703491210938,0.002203607473077259,retain,ret_001,M_npo_s2
6,-6,real,13.903350830078125,6.348766326904297,14.23505973815918,-0.04390829276470431,retain,ret_001,M_npo_s2
6,-5,real,13.903350830078125,6.348766326904297,15.980611801147461,-0.27496693831363433,retain,ret_001,M_npo_s2
6,-4,real,13.903350830078125,6.348766326904297,13.901268005371094,0.0002757034097846433,retain,ret_001,M_npo_s2
6,-3,real,13.903350830078125,6.348766326904297,13.895503997802734,0.0010386848240421453,retain,ret_001,M_npo_s2
6,-2,real,13.903350830078125,6.348766326904297,13.897443771362305,0.0007819170880064472,retain,ret_001,M_npo_s2
6,-1,real,13.903350830078125,6.348766326904297,14.52468490600586,-0.0822459627881189,retain,ret_001,M_npo_s2
6,-2,random_position,13.903350830078125,6.348766326904297,13.897443771362305,0.0007819170880064472,retain,ret_001,M_npo_s2
7,-6,real,13.903350830078125,6.348766326904297,14.142253875732422,-0.031623585063338566,retain,ret_001,M_npo_s2
7,-5,real,13.903350830078125,6.348766326904297,15.861337661743164,-0.25917862601741376,retain,ret_001,M_npo_s2
7,-4,real,13.903350830078125,6.348766326904297,13.909595489501953,-0.0008266052780539581,retain,ret_001,M_npo_s2
7,-3,real,13.903350830078125,6.348766326904297,13.896385192871094,0.0009220410737486424,retain,ret_001,M_npo_s2
7,-2,real,13.903350830078125,6.348766326904297,13.918222427368164,-0.0019685526429403517,retain,ret_001,M_npo_s2
7,-1,real,13.903350830078125,6.348766326904297,14.35440444946289,-0.05970594665997438,retain,ret_001,M_npo_s2
7,-8,random_position,13.903350830078125,6.348766326904297,15.07891845703125,-0.15560983220973254,retain,ret_001,M_npo_s2
8,-6,real,13.903350830078125,6.348766326904297,13.979898452758789,-0.010132605260885615,retain,ret_001,M_npo_s2
8,-5,real,13.903350830078125,6.348766326904297,15.789985656738281,-0.24973376442708983,retain,ret_001,M_npo_s2
8,-4,real,13.903350830078125,6.348766326904297,13.907752990722656,-0.0005827138001675428,retain,ret_001,M_npo_s2
8,-3,real,13.903350830078125,6.348766326904297,13.906518936157227,-0.00041936205462664154,retain,ret_001,M_npo_s2
8,-2,real,13.903350830078125,6.348766326904297,13.929763793945312,-0.003496282801005257,retain,ret_001,M_npo_s2
8,-1,real,13.903350830078125,6.348766326904297,14.330150604248047,-0.0564954662947532,retain,ret_001,M_npo_s2
8,-5,random_position,13.903350830078125,6.348766326904297,15.789985656738281,-0.24973376442708983,retain,ret_001,M_npo_s2
9,-6,real,13.903350830078125,6.348766326904297,13.16495132446289,0.09774190828165577,retain,ret_001,M_npo_s2
9,-5,real,13.903350830078125,6.348766326904297,15.192245483398438,-0.17061092542929698,retain,ret_001,M_npo_s2
9,-4,real,13.903350830078125,6.348766326904297,13.875801086425781,0.0036467582883968758,retain,ret_001,M_npo_s2
9,-3,real,13.903350830078125,6.348766326904297,13.894844055175781,0.0011260413989372794,retain,ret_001,M_npo_s2
9,-2,real,13.903350830078125,6.348766326904297,13.918218612670898,-0.0019680476916403796,retain,ret_001,M_npo_s2
9,-1,real,13.903350830078125,6.348766326904297,14.42380142211914,-0.06889202070906271,retain,ret_001,M_npo_s2
9,-12,random_position,13.903350830078125,6.348766326904297,13.887008666992188,0.002163211369079509,retain,ret_001,M_npo_s2
10,-6,real,13.903350830078125,6.348766326904297,13.172506332397461,0.09674185223206148,retain,ret_001,M_npo_s2
10,-5,real,13.903350830078125,6.348766326904297,14.656068801879883,-0.0996372429861002,retain,ret_001,M_npo_s2
10,-4,real,13.903350830078125,6.348766326904297,13.864171981811523,0.005186102326361134,retain,ret_001,M_npo_s2
10,-3,real,13.903350830078125,6.348766326904297,13.896310806274414,0.0009318876240980939,retain,ret_001,M_npo_s2
10,-2,real,13.903350830078125,6.348766326904297,13.91472053527832,-0.0015050073495661712,retain,ret_001,M_npo_s2
10,-1,real,13.903350830078125,6.348766326904297,12.105627059936523,0.23796461200299537,retain,ret_001,M_npo_s2
10,-6,random_position,13.903350830078125,6.348766326904297,13.172506332397461,0.09674185223206148,retain,ret_001,M_npo_s2
11,-6,real,13.903350830078125,6.348766326904297,13.903350830078125,-0.0,retain,ret_001,M_npo_s2
11,-5,real,13.903350830078125,6.348766326904297,13.903350830078125,-0.0,retain,ret_001,M_npo_s2
11,-4,real,13.903350830078125,6.348766326904297,13.903350830078125,-0.0,retain,ret_001,M_npo_s2
11,-3,real,13.903350830078125,6.348766326904297,13.903350830078125,-0.0,retain,ret_001,M_npo_s2
11,-2,real,13.903350830078125,6.348766326904297,13.903350830078125,-0.0,retain,ret_001,M_npo_s2
11,-1,real,13.903350830078125,6.348766326904297,6.382085800170898,0.9955895028703957,retain,ret_001,M_npo_s2
11,-6,random_position,13.903350830078125,6.348766326904297,13.903350830078125,-0.0,retain,ret_001,M_npo_s2
0,-6,real,12.25290298461914,8.380218505859375,12.472705841064453,-0.05675723329665751,retain,ret_001,M_npo_s2
0,-5,real,12.25290298461914,8.380218505859375,12.301116943359375,-0.01244975133003218,retain,ret_001,M_npo_s2
0,-4,real,12.25290298461914,8.380218505859375,12.284421920776367,-0.008138782369205705,retain,ret_001,M_npo_s2
0,-3,real,12.25290298461914,8.380218505859375,12.04714584350586,0.053130365316819035,retain,ret_001,M_npo_s2
0,-2,real,12.25290298461914,8.380218505859375,12.255512237548828,-0.0006737582015778156,retain,ret_001,M_npo_s2
0,-1,real,12.25290298461914,8.380218505859375,12.228265762329102,0.00636179436387474,retain,ret_001,M_npo_s2
0,-14,random_position,12.25290298461914,8.380218505859375,12.25963020324707,-0.0017370944276059617,retain,ret_001,M_npo_s2
1,-6,real,12.25290298461914,8.380218505859375,12.751121520996094,-0.12864940046355353,retain,ret_001,M_npo_s2
1,-5,real,12.25290298461914,8.380218505859375,12.431201934814453,-0.046040143774484066,retain,ret_001,M_npo_s2
1,-4,real,12.25290298461914,8.380218505859375,12.297496795654297,-0.011514961076673486,retain,ret_001,M_npo_s2
1,-3,real,12.25290298461914,8.380218505859375,12.223865509033203,0.007498022559079434,retain,ret_001,M_npo_s2
1,-2,real,12.25290298461914,8.380218505859375,12.255197525024414,-0.0005924935062120703,retain,ret_001,M_npo_s2
1,-1,real,12.25290298461914,8.380218505859375,12.258468627929688,-0.0014371538247105746,retain,ret_001,M_npo_s2
1,-3,random_position,12.25290298461914,8.380218505859375,12.223865509033203,0.007498022559079434,retain,ret_001,M_npo_s2
2,-6,real,12.25290298461914,8.380218505859375,13.104145050048828,-0.2198067180784889,retain,ret_001,M_npo_s2
2,-5,real,12.25290298461914,8.380218505859375,12.381444931030273,-0.033191949180507115,retain,ret_001,M_npo_s2
2,-4,real,12.25290298461914,8.380218505859375,12.361736297607422,-0.028102809197390468,retain,ret_001,M_npo_s2
2,-3,real,12.25290298461914,8.380218505859375,13.391223907470703,-0.2939358806778165,retain,ret_001,M_npo_s2
2,-2,real,12.25290298461914,8.380218505859375,12.27175521850586,-0.004868001509060767,retain,ret_001,M_npo_s2
2,-1,real,12.25290298461914,8.380218505859375,12.366872787475586,-0.02942914752842048,retain,ret_001,M_npo_s2
2,-9,random_position,12.25290298461914,8.380218505859375,12.231700897216797,0.0054747779011249985,retain,ret_001,M_npo_s2
3,-6,real,12.25290298461914,8.380218505859375,13.507957458496094,-0.3240786799855398,retain,ret_001,M_npo_s2
3,-5,real,12.25290298461914,8.380218505859375,12.3267822265625,-0.01907701036543502,retain,ret_001,M_npo_s2
3,-4,real,12.25290298461914,8.380218505859375,12.584102630615234,-0.08552198037629986,retain,ret_001,M_npo_s2
3,-3,real,12.25290298461914,8.380218505859375,13.951711654663086,-0.4386643630177669,retain,ret_001,M_npo_s2
3,-2,real,12.25290298461914,8.380218505859375,12.297311782836914,-0.011467187286064533,retain,ret_001,M_npo_s2
3,-1,real,12.25290298461914,8.380218505859375,12.520549774169922,-0.06911143704547178,retain,ret_001,M_npo_s2
3,-14,random_position,12.25290298461914,8.380218505859375,12.200531005859375,0.013523430335470512,retain,ret_001,M_npo_s2
4,-6,real,12.25290298461914,8.380218505859375,13.785114288330078,-0.39564578837097286,retain,ret_001,M_npo_s2
4,-5,real,12.25290298461914,8.380218505859375,12.312496185302734,-0.015388085709135432,retain,ret_001,M_npo_s2
4,-4,real,12.25290298461914,8.380218505859375,12.736007690429688,-0.12474672503277676,retain,ret_001,M_npo_s2
4,-3,real,12.25290298461914,8.380218505859375,14.251014709472656,-0.5159500433904222,retain,ret_001,M_npo_s2
4,-2,real,12.25290298461914,8.380218505859375,12.245269775390625,0.0019710382475982588,retain,ret_001,M_npo_s2
4,-1,real,12.25290298461914,8.380218505859375,12.691720962524414,-0.11331105859824803,retain,ret_001,M_npo_s2
4,-11,random_position,12.25290298461914,8.380218505859375,12.265083312988281,-0.003145189967306967,retain,ret_001,M_npo_s2
5,-6,real,12.25290298461914,8.380218505859375,13.917144775390625,-0.4297385443867766,retain,ret_001,M_npo_s2
5,-5,real,12.25290298461914,8.380218505859375,12.038137435913086,0.055456505657500335,retain,ret_001,M_npo_s2
5,-4,real,12.25290298461914,8.380218505859375,12.788070678710938,-0.13819036821279726,retain,ret_001,M_npo_s2
5,-3,real,12.25290298461914,8.380218505859375,14.679512023925781,-0.6265961124939791,retain,ret_001,M_npo_s2
5,-2,real,12.25290298461914,8.380218505859375,12.143501281738281,0.028249578162354055,retain,ret_001,M_npo_s2
5,-1,real,12.25290298461914,8.380218505859375,12.909662246704102,-0.16958759890898453,retain,ret_001,M_npo_s2
5,-12,random_position,12.25290298461914,8.380218505859375,12.24846076965332,0.0011470634879201262,retain,ret_001,M_npo_s2
6,-6,real,12.25290298461914,8.380218505859375,13.612934112548828,-0.35118562727972097,retain,ret_001,M_npo_s2
6,-5,real,12.25290298461914,8.380218505859375,12.046833038330078,0.053211137498879534,retain,ret_001,M_npo_s2
6,-4,real,12.25290298461914,8.380218505859375,12.762292861938477,-0.13153405089238485,retain,ret_001,M_npo_s2
6,-3,real,12.25290298461914,8.380218505859375,14.666778564453125,-0.6233080936681504,retain,ret_001,M_npo_s2
6,-2,real,12.25290298461914,8.380218505859375,12.113544464111328,0.035984992134562514,retain,ret_001,M_npo_s2
6,-1,real,12.25290298461914,8.380218505859375,13.435546875,-0.3053809048651449,retain,ret_001,M_npo_s2
6,-2,random_position,12.25290298461914,8.380218505859375,12.113544464111328,0.035984992134562514,retain,ret_001,M_npo_s2
7,-6,real,12.25290298461914,8.380218505859375,13.313619613647461,-0.2738969918272342,retain,ret_001,M_npo_s2
7,-5,real,12.25290298461914,8.380218505859375,12.01252555847168,0.06206997432035626,retain,ret_001,M_npo_s2
7,-4,real,12.25290298461914,8.380218505859375,12.525901794433594,-0.0704934293799947,retain,ret_001,M_npo_s2
7,-3,real,12.25290298461914,8.380218505859375,14.594682693481445,-0.6046915832431213,retain,ret_001,M_npo_s2
7,-2,real,12.25290298461914,8.380218505859375,12.11886215209961,0.03461186503953404,retain,ret_001,M_npo_s2
7,-1,real,12.25290298461914,8.380218505859375,13.833562850952148,-0.4081561188375504,retain,ret_001,M_npo_s2
7,-9,random_position,12.25290298461914,8.380218505859375,12.239082336425781,0.0035687514098193362,retain,ret_001,M_npo_s2
8,-6,real,12.25290298461914,8.380218505859375,12.792266845703125,-0.13927389748434055,retain,ret_001,M_npo_s2
8,-5,real,12.25290298461914,8.380218505859375,11.961725234985352,0.07518757369230329,retain,ret_001,M_npo_s2
8,-4,real,12.25290298461914,8.380218505859375,12.313344955444336,-0.015607254129970322,retain,ret_001,M_npo_s2
8,-3,real,12.25290298461914,8.380218505859375,14.382360458374023,-0.5498659871296423,retain,ret_001,M_npo_s2
8,-2,real,12.25290298461914,8.380218505859375,12.162864685058594,0.02324958308748711,retain,ret_001,M_npo_s2
8,-1,real,12.25290298461914,8.380218505859375,14.74135971069336,-0.6425663489299164,retain,ret_001,M_npo_s2
8,-5,random_position,12.25290298461914,8.380218505859375,11.961725234985352,0.07518757369230329,retain,ret_001,M_npo_s2
9,-6,real,12.25290298461914,8.380218505859375,10.976680755615234,0.32954459264717034,retain,ret_001,M_npo_s2
9,-5,real,12.25290298461914,8.380218505859375,11.896312713623047,0.09207831749574714,retain,ret_001,M_npo_s2
9,-4,real,12.25290298461914,8.380218505859375,11.800241470336914,0.11688572016773033,retain,ret_001,M_npo_s2
9,-3,real,12.25290298461914,8.380218505859375,13.897994995117188,-0.4247937108020973,retain,ret_001,M_npo_s2
9,-2,real,12.25290298461914,8.380218505859375,12.046527862548828,0.053289939627719045,retain,ret_001,M_npo_s2
9,-1,real,12.25290298461914,8.380218505859375,15.01336669921875,-0.7128036713911826,retain,ret_001,M_npo_s2
9,-13,random_position,12.25290298461914,8.380218505859375,12.253133773803711,-5.959410993487989e-05,retain,ret_001,M_npo_s2
10,-6,real,12.25290298461914,8.380218505859375,13.859245300292969,-0.41478781049270047,retain,ret_001,M_npo_s2
10,-5,real,12.25290298461914,8.380218505859375,11.509927749633789,0.19185018533275677,retain,ret_001,M_npo_s2
10,-4,real,12.25290298461914,8.380218505859375,11.825292587280273,0.11041705041661701,retain,ret_001,M_npo_s2
10,-3,real,12.25290298461914,8.380218505859375,13.487154006958008,-0.31870683736521144,retain,ret_001,M_npo_s2
10,-2,real,12.25290298461914,8.380218505859375,12.001184463500977,0.06499845843335458,retain,ret_001,M_npo_s2
10,-1,real,12.25290298461914,8.380218505859375,13.348012924194336,-0.28277799174744706,retain,ret_001,M_npo_s2
10,-6,random_position,12.25290298461914,8.380218505859375,13.859245300292969,-0.41478781049270047,retain,ret_001,M_npo_s2
11,-6,real,12.25290298461914,8.380218505859375,12.25290298461914,-0.0,retain,ret_001,M_npo_s2
11,-5,real,12.25290298461914,8.380218505859375,12.25290298461914,-0.0,retain,ret_001,M_npo_s2
11,-4,real,12.25290298461914,8.380218505859375,12.25290298461914,-0.0,retain,ret_001,M_npo_s2
11,-3,real,12.25290298461914,8.380218505859375,12.25290298461914,-0.0,retain,ret_001,M_npo_s2
11,-2,real,12.25290298461914,8.380218505859375,12.25290298461914,-0.0,retain,ret_001,M_npo_s2
11,-1,real,12.25290298461914,8.380218505859375,8.412982940673828,0.9915396064424681,retain,ret_001,M_npo_s2
11,-7,random_position,12.25290298461914,8.380218505859375,12.25290298461914,-0.0,retain,ret_001,M_npo_s2
0,-6,real,13.98692512512207,6.496791839599609,13.782270431518555,0.02732323789205312,retain,ret_001,M_npo_s2
0,-5,real,13.98692512512207,6.496791839599609,13.934730529785156,0.0069684468015809575,retain,ret_001,M_npo_s2
0,-4,real,13.98692512512207,6.496791839599609,13.979728698730469,0.0009607874943308954,retain,ret_001,M_npo_s2
0,-3,real,13.98692512512207,6.496791839599609,13.960197448730469,0.0035683846165011496,retain,ret_001,M_npo_s2
0,-2,real,13.98692512512207,6.496791839599609,13.983915328979492,0.0004018347908969396,retain,ret_001,M_npo_s2
0,-1,real,13.98692512512207,6.496791839599609,13.976827621459961,0.0013481073403095044,retain,ret_001,M_npo_s2
0,-12,random_position,13.98692512512207,6.496791839599609,13.976150512695312,0.0014385074358534927,retain,ret_001,M_npo_s2
1,-6,real,13.98692512512207,6.496791839599609,13.756843566894531,0.030717952465847225,retain,ret_001,M_npo_s2
1,-5,real,13.98692512512207,6.496791839599609,13.917797088623047,0.009229213134650052,retain,ret_001,M_npo_s2
1,-4,real,13.98692512512207,6.496791839599609,14.1925048828125,-0.02744674224793716,retain,ret_001,M_npo_s2
1,-3,real,13.98692512512207,6.496791839599609,13.97976303100586,0.0009562038275145805,retain,ret_001,M_npo_s2
1,-2,real,13.98692512512207,6.496791839599609,13.983697891235352,0.0004308646807336006,retain,ret_001,M_npo_s2
1,-1,real,13.98692512512207,6.496791839599609,14.058826446533203,-0.00959947155414571,retain,ret_001,M_npo_s2
1,-3,random_position,13.98692512512207,6.496791839599609,13.97976303100586,0.0009562038275145805,retain,ret_001,M_npo_s2
2,-6,real,13.98692512512207,6.496791839599609,13.885856628417969,0.01349355116276168,retain,ret_001,M_npo_s2
2,-5,real,13.98692512512207,6.496791839599609,13.96255111694336,0.003254148791427117,retain,ret_001,M_npo_s2
2,-4,real,13.98692512512207,6.496791839599609,14.903242111206055,-0.1223365394385059,retain,ret_001,M_npo_s2
2,-3,real,13.98692512512207,6.496791839599609,13.989852905273438,-0.00039088492016907617,retain,ret_001,M_npo_s2
2,-2,real,13.98692512512207,6.496791839599609,13.975305557250977,0.0015513165691661316,retain,ret_001,M_npo_s2
2,-1,real,13.98692512512207,6.496791839599609,14.114212036132812,-0.01699394472148749,retain,ret_001,M_npo_s2
2,-8,random_position,13.98692512512207,6.496791839599609,13.597606658935547,0.05197750845622866,retain,ret_001,M_npo_s2
3,-6,real,13.98692512512207,6.496791839599609,13.880794525146484,0.014169387370011666,retain,ret_001,M_npo_s2
3,-5,real,13.98692512512207,6.496791839599609,13.979251861572266,0.0010244495334463801,retain,ret_001,M_npo_s2
3,-4,real,13.98692512512207,6.496791839599609,15.079828262329102,-0.14591237506006513,retain,ret_001,M_npo_s2
3,-3,real,13.98692512512207,6.496791839599609,14.001279830932617,-0.0019164820255325522,retain,ret_001,M_npo_s2
3,-2,real,13.98692512512207,6.496791839599609,14.031635284423828,-0.005969207435624309,retain,ret_001,M_npo_s2
3,-1,real,13.98692512512207,6.496791839599609,14.154458999633789,-0.022367275470990863,retain,ret_001,M_npo_s2
3,-12,random_position,13.98692512512207,6.496791839599609,13.934799194335938,0.006959279467948328,retain,ret_001,M_npo_s2
4,-6,real,13.98692512512207,6.496791839599609,13.964176177978516,0.003037188562121545,retain,ret_001,M_npo_s2
4,-5,real,13.98692512512207,6.496791839599609,13.96298599243164,0.003196089011753795,retain,ret_001,M_npo_s2
4,-4,real,13.98692512512207,6.496791839599609,15.18092155456543,-0.1594092366488608,retain,ret_001,M_npo_s2
4,-3,real,13.98692512512207,6.496791839599609,14.082748413085938,-0.012793268732491347,retain,ret_001,M_npo_s2
4,-2,real,13.98692512512207,6.496791839599609,14.064250946044922,-0.010323690911123465,retain,ret_001,M_npo_s2
4,-1,real,13.98692512512207,6.496791839599609,14.199165344238281,-0.02833597361030225,retain,ret_001,M_npo_s2
4,-9,random_position,13.98692512512207,6.496791839599609,14.266902923583984,-0.037379548238891544,retain,ret_001,M_npo_s2
5,-6,real,13.98692512512207,6.496791839599609,14.038986206054688,-0.006950621430628622,retain,ret_001,M_npo_s2
5,-5,real,13.98692512512207,6.496791839599609,13.982255935668945,0.0006233786870188264,retain,ret_001,M_npo_s2
5,-4,real,13.98692512512207,6.496791839599609,15.393503189086914,-0.18779079227916975,retain,ret_001,M_npo_s2
5,-3,real,13.98692512512207,6.496791839599609,14.02303695678711,-0.004821253546293889,retain,ret_001,M_npo_s2
5,-2,real,13.98692512512207,6.496791839599609,14.043035507202148,-0.007491239466797318,retain,ret_001,M_npo_s2
5,-1,real,13.98692512512207,6.496791839599609,14.50051498413086,-0.06856885444234982,retain,ret_001,M_npo_s2
5,-11,random_position,13.98692512512207,6.496791839599609,13.982990264892578,0.0005253391467809799,retain,ret_001,M_npo_s2
6,-6,real,13.98692512512207,6.496791839599609,13.918785095214844,0.009097305389602767,retain,ret_001,M_npo_s2
6,-5,real,13.98692512512207,6.496791839599609,14.039897918701172,-0.007072343249417429,retain,ret_001,M_npo_s2
6,-4,real,13.98692512512207,6.496791839599609,15.114627838134766,-0.1505584306747132,retain,ret_001,M_npo_s2
6,-3,real,13.98692512512207,6.496791839599609,13.928333282470703,0.007822536718354301,retain,ret_001,M_npo_s2
6,-2,real,13.98692512512207,6.496791839599609,13.953910827636719,0.0044077049401997,retain,ret_001,M_npo_s2
6,-1,real,13.98692512512207,6.496791839599609,15.229911804199219,-0.16594987454758572,retain,ret_001,M_npo_s2
6,-2,random_position,13.98692512512207,6.496791839599609,13.953910827636719,0.0044077049401997,retain,ret_001,M_npo_s2
7,-6,real,13.98692512512207,6.496791839599609,13.726455688476562,0.03477500689459884,retain,ret_001,M_npo_s2
7,-5,real,13.98692512512207,6.496791839599609,14.059650421142578,-0.009709479557737268,retain,ret_001,M_npo_s2
7,-4,real,13.98692512512207,6.496791839599609,15.154720306396484,-0.15591113492354317,retain,ret_001,M_npo_s2
7,-3,real,13.98692512512207,6.496791839599609,13.946025848388672,0.005460420419013356,retain,ret_001,M_npo_s2
7,-2,real,13.98692512512207,6.496791839599609,13.932929992675781,0.007208834661281028,retain,ret_001,M_npo_s2
7,-1,real,13.98692512512207,6.496791839599609,15.079200744628906,-0.14582859581658916,retain,ret_001,M_npo_s2
7,-8,random_position,13.98692512512207,6.496791839599609,12.152608871459961,0.24489767855101124,retain,ret_001,M_npo_s2
8,-6,real,13.98692512512207,6.496791839599609,13.649763107299805,0.045014154617776934,retain,ret_001,M_npo_s2
8,-5,real,13.98692512512207,6.496791839599609,13.92646598815918,0.00807183726353054,retain,ret_001,M_npo_s2
8,-4,real,13.98692512512207,6.496791839599609,14.841985702514648,-0.11415825924557428,retain,ret_001,M_npo_s2
8,-3,real,13.98692512512207,6.496791839599609,13.999065399169922,-0.001620835515880241,retain,ret_001,M_npo_s2
8,-2,real,13.98692512512207,6.496791839599609,13.916515350341797,0.009400336695792474,retain,ret_001,M_npo_s2
8,-1,real,13.98692512512207,6.496791839599609,15.219352722167969,-0.16454014235341244,retain,ret_001,M_npo_s2
8,-5,random_position,13.98692512512207,6.496791839599609,13.92646598815918,0.00807183726353054,retain,ret_001,M_npo_s2
9,-6,real,13.98692512512207,6.496791839599609,13.726821899414062,0.034726114448558144,retain,ret_001,M_npo_s2
9,-5,real,13.98692512512207,6.496791839599609,13.496406555175781,0.0654886303417862,retain,ret_001,M_npo_s2
9,-4,real,13.98692512512207,6.496791839599609,14.324527740478516,-0.045072978341919645,retain,ret_001,M_npo_s2
9,-3,real,13.98692512512207,6.496791839599609,14.122444152832031,-0.01809300616477722,retain,ret_001,M_npo_s2
9,-2,real,13.98692512512207,6.496791839599609,13.900955200195312,0.01147775635620897,retain,ret_001,M_npo_s2
9,-1,real,13.98692512512207,6.496791839599609,15.073953628540039,-0.14512805873816237,retain,ret_001,M_npo_s2
9,-11,random_position,13.98692512512207,6.496791839599609,13.980697631835938,0.0008314262308482304,retain,ret_001,M_npo_s2
10,-6,real,13.98692512512207,6.496791839599609,12.977073669433594,0.13482423038324293,retain,ret_001,M_npo_s2
10,-5,real,13.98692512512207,6.496791839599609,13.396596908569336,0.07881411372128301,retain,ret_001,M_npo_s2
10,-4,real,13.98692512512207,6.496791839599609,13.801370620727539,0.024773191253243263,retain,ret_001,M_npo_s2
10,-3,real,13.98692512512207,6.496791839599609,14.17416000366211,-0.02499753627908623,retain,ret_001,M_npo_s2
10,-2,real,13.98692512512207,6.496791839599609,13.929332733154297,0.007689101084368244,retain,ret_001,M_npo_s2
10,-1,real,13.98692512512207,6.496791839599609,13.171249389648438,0.1089000294627917,retain,ret_001,M_npo_s2
10,-6,random_position,13.98692512512207,6.496791839599609,12.977073669433594,0.13482423038324293,retain,ret_001,M_npo_s2
11,-6,real,13.98692512512207,6.496791839599609,13.98692512512207,-0.0,retain,ret_001,M_npo_s2
11,-5,real,13.98692512512207,6.496791839599609,13.98692512512207,-0.0,retain,ret_001,M_npo_s2
11,-4,real,13.98692512512207,6.496791839599609,13.98692512512207,-0.0,retain,ret_001,M_npo_s2
11,-3,real,13.98692512512207,6.496791839599609,13.98692512512207,-0.0,retain,ret_001,M_npo_s2
11,-2,real,13.98692512512207,6.496791839599609,13.98692512512207,-0.0,retain,ret_001,M_npo_s2
11,-1,real,13.98692512512207,6.496791839599609,6.5322113037109375,0.9952711837345017,retain,ret_001,M_npo_s2
11,-6,random_position,13.98692512512207,6.496791839599609,13.98692512512207,-0.0,retain,ret_001,M_npo_s2
0,-6,real,13.956897735595703,11.308813095092773,13.952138900756836,0.0017970856241073094,retain,ret_002,M_npo_s2
0,-5,real,13.956897735595703,11.308813095092773,13.94570541381836,0.004226572521948573,retain,ret_002,M_npo_s2
0,-4,real,13.956897735595703,11.308813095092773,13.946640014648438,0.0038736378703202847,retain,ret_002,M_npo_s2
0,-3,real,13.956897735595703,11.308813095092773,13.956092834472656,0.00030395596527987357,retain,ret_002,M_npo_s2
0,-2,real,13.956897735595703,11.308813095092773,13.99180793762207,-0.013183189650515464,retain,ret_002,M_npo_s2
0,-1,real,13.956897735595703,11.308813095092773,13.932453155517578,0.009231041827077867,retain,ret_002,M_npo_s2
0,-14,random_position,13.956897735595703,11.308813095092773,13.988227844238281,-0.011831233852339345,retain,ret_002,M_npo_s2
1,-6,real,13.956897735595703,11.308813095092773,13.952722549438477,0.001576681535539439,retain,ret_002,M_npo_s2
1,-5,real,13.956897735595703,11.308813095092773,13.948799133300781,0.0030582867975790123,retain,ret_002,M_npo_s2
1,-4,real,13.956897735595703,11.308813095092773,13.946538925170898,0.003911812434680079,retain,ret_002,M_npo_s2
1,-3,real,13.956897735595703,11.308813095092773,13.95071792602539,0.002333690349542157,retain,ret_002,M_npo_s2
1,-2,real,13.956897735595703,11.308813095092773,13.995147705078125,-0.014444390823987168,retain,ret_002,M_npo_s2
1,-1,real,13.956897735595703,11.308813095092773,13.9464111328125,0.003960070846229254,retain,ret_002,M_npo_s2
1,-3,random_position,13.956897735595703,11.308813095092773,13.95071792602539,0.002333690349542157,retain,ret_002,M_npo_s2
2,-6,real,13.956897735595703,11.308813095092773,13.96700668334961,-0.0038174564359794547,retain,ret_002,M_npo_s2
2,-5,real,13.956897735595703,11.308813095092773,13.97311019897461,-0.006122335793551956,retain,ret_002,M_npo_s2
2,-4,real,13.956897735595703,11.308813095092773,13.928722381591797,0.010639899334394059,retain,ret_002,M_npo_s2
2,-3,real,13.956897735595703,11.308813095092773,13.93722915649414,0.007427473729777385,retain,ret_002,M_npo_s2
2,-2,real,13.956897735595703,11.308813095092773,14.025508880615234,-0.025909725078311876,retain,ret_002,M_npo_s2
2,-1,real,13.956897735595703,11.308813095092773,13.985982894897461,-0.010983470413632209,retain,ret_002,M_npo_s2
2,-9,random_position,13.956897735595703,11.308813095092773,14.469423294067383,-0.19354576157895761,retain,ret_002,M_npo_s2
3,-6,real,13.956897735595703,11.308813095092773,13.98720932006836,-0.011446607109544434,retain,ret_002,M_npo_s2
3,-5,real,13.956897735595703,11.308813095092773,13.991268157958984,-0.012979351882330147,retain,ret_002,M_npo_s2
3,-4,real,13.956897735595703,11.308813095092773,13.925453186035156,0.01187445034029383,retain,ret_002,M_npo_s2
3,-3,real,13.956897735595703,11.308813095092773,13.954011917114258,0.0010897757712522481,retain,ret_002,M_npo_s2
3,-2,real,13.956897735595703,11.308813095092773,14.02487564086914,-0.02567059384496373,retain,ret_002,M_npo_s2
3,-1,real,13.956897735595703,11.308813095092773,14.047325134277344,-0.03414822823203509,retain,ret_002,M_npo_s2
3,-14,random_position,13.956897735595703,11.308813095092773,14.007913589477539,-0.0192651900553099,retain,ret_002,M_npo_s2
4,-6,real,13.956897735595703,11.308813095092773,14.01025390625,-0.020148967233979107,retain,ret_002,M_npo_s2
4,-5,real,13.956897735595703,11.308813095092773,14.040786743164062,-0.03167912622023555,retain,ret_002,M_npo_s2
4,-4,real,13.956897735595703,11.308813095092773,13.971466064453125,-0.005501458916605863,retain,ret_002,M_npo_s2
4,-3,real,13.956897735595703,11.308813095092773,13.945528030395508,0.004293558078278025,retain,ret_002,M_npo_s2
4,-2,real,13.956897735595703,11.308813095092773,14.02894401550293,-0.02720693999174565,retain,ret_002,M_npo_s2
4,-1,real,13.956897735595703,11.308813095092773,14.094738006591797,-0.05205281919157797,retain,ret_002,M_npo_s2
4,-11,random_position,13.956897735595703,11.308813095092773,14.244091033935547,-0.10845321707137708,retain,ret_002,M_npo_s2
5,-6,real,13.956897735595703,11.308813095092773,14.067651748657227,-0.04182419676755075,retain,ret_002,M_npo_s2
5,-5,real,13.956897735595703,11.308813095092773,14.088863372802734,-0.049834372809914436,retain,ret_002,M_npo_s2
5,-4,real,13.956897735595703,11.308813095092773,13.988700866699219,-0.012009862002551214,retain,ret_002,M_npo_s2
5,-3,real,13.956897735595703,11.308813095092773,13.956892013549805,2.1608243977242195e-06,retain,ret_002,M_npo_s2
5,-2,real,13.956897735595703,11.308813095092773,14.022254943847656,-0.024680936270806038,retain,ret_002,M_npo_s2
5,-1,real,13.956897735595703,11.308813095092773,14.17172622680664,-0.08112599118815811,retain,ret_002,M_npo_s2
5,-12,random_position,13.956897735595703,11.308813095092773,13.98192024230957,-0.009449285091248013,retain,ret_002,M_npo_s2
6,-6,real,13.956897735595703,11.308813095092773,14.140813827514648,-0.06945249751685263,retain,ret_002,M_npo_s2
6,-5,real,13.956897735595703,11.308813095092773,14.246665954589844,-0.10942558805035298,retain,ret_002,M_npo_s2
6,-4,real,13.956897735595703,11.308813095092773,14.030879974365234,-0.02793801891297568,retain,ret_002,M_npo_s2
6,-3,real,13.956897735595703,11.308813095092773,14.005268096923828,-0.018266168908762072,retain,ret_002,M_npo_s2
6,-2,real,13.956897735595703,11.308813095092773,14.057985305786133,-0.03817384408499531,retain,ret_002,M_npo_s2
6,-1,real,13.956897735595703,11.308813095092773,15.204233169555664,-0.471033068536308,retain,ret_002,M_npo_s2
6,-2,random_position,13.956897735595703,11.308813095092773,14.057985305786133,-0.03817384408499531,retain,ret_002,M_npo_s2
7,-6,real,13.956897735595703,11.308813095092773,14.131271362304688,-0.06584896269624788,retain,ret_002,M_npo_s2
7,-5,real,13.956897735595703,11.308813095092773,14.258697509765625,-0.11396908148396777,retain,ret_002,M_npo_s2
7,-4,real,13.956897735595703,11.308813095092773,14.002996444702148,-0.017408321622865555,retain,ret_002,M_npo_s2
7,-3,real,13.956897735595703,11.308813095092773,13.974674224853516,-0.006712961128929909,retain,ret_002,M_npo_s2
7,-2,real,13.956897735595703,11.308813095092773,14.0343017578125,-0.029230191902814763,retain,ret_002,M_npo_s2
7,-1,real,13.956897735595703,11.308813095092773,16.036436080932617,-0.7852990472925231,retain,ret_002,M_npo_s2
7,-9,random_position,13.956897735595703,11.308813095092773,13.940452575683594,0.006210209319059408,retain,ret_002,M_npo_s2
8,-6,real,13.956897735595703,11.308813095092773,14.021554946899414,-0.024416595419484443,retain,ret_002,M_npo_s2
8,-5,real,13.956897735595703,11.308813095092773,14.197774887084961,-0.090962784121398,retain,ret_002,M_npo_s2
8,-4,real,13.956897735595703,11.308813095092773,13.984920501708984,-0.010582277350454746,retain,ret_002,M_npo_s2
8,-3,real,13.956897735595703,11.308813095092773,13.971145629882812,-0.005380452750333307,retain,ret_002,M_npo_s2
8,-2,real,13.956897735595703,11.308813095092773,14.046730041503906,-0.03392350249467177,retain,ret_002,M_npo_s2
8,-1,real,13.956897735595703,11.308813095092773,16.024024963378906,-0.7806122191738593,retain,ret_002,M_npo_s2
8,-5,random_position,13.956897735595703,11.308813095092773,14.197774887084961,-0.090962784121398,retain,ret_002,M_npo_s2
9,-6,real,13.956897735595703,11.308813095092773,14.021778106689453,-0.024500867570995687,retain,ret_002,M_npo_s2
9,-5,real,13.956897735595703,11.308813095092773,14.157768249511719,-0.0758550202073095,retain,ret_002,M_npo_s2
9,-4,real,13.956897735595703,11.308813095092773,14.011472702026367,-0.020609222830694367,retain,ret_002,M_npo_s2
9,-3,real,13.956897735595703,11.308813095092773,14.017679214477539,-0.022952997027425905,retain,ret_002,M_npo_s2
9,-2,real,13.956897735595703,11.308813095092773,14.093742370605469,-0.05167683574637396,retain,ret_002,M_npo_s2
9,-1,real,13.956897735595703,11.308813095092773,16.191165924072266,-0.8437298998313837,retain,ret_002,M_npo_s2
9,-13,random_position,13.956897735595703,11.308813095092773,13.956287384033203,0.0002304879357572501,retain,ret_002,M_npo_s2
10,-6,real,13.956897735595703,11.308813095092773,13.963932037353516,-0.0026563734596023077,retain,ret_002,M_npo_s2
10,-5,real,13.956897735595703,11.308813095092773,14.104070663452148,-0.05557712378426617,retain,ret_002,M_npo_s2
10,-4,real,13.956897735595703,11.308813095092773,14.009834289550781,-0.019990506778145997,retain,ret_002,M_npo_s2
10,-3,real,13.956897735595703,11.308813095092773,14.013069152832031,-0.021212092837659423,retain,ret_002,M_npo_s2
10,-2,real,13.956897735595703,11.308813095092773,14.071977615356445,-0.04345778001223027,retain,ret_002,M_npo_s2
10,-1,real,13.956897735595703,11.308813095092773,14.560186386108398,-0.22782075817565917,retain,ret_002,M_npo_s2
10,-6,random_position,13.956897735595703,11.308813095092773,13.963932037353516,-0.0026563734596023077,retain,ret_002,M_npo_s2
11,-6,real,13.956897735595703,11.308813095092773,13.956897735595703,-0.0,retain,ret_002,M_npo_s2
11,-5,real,13.956897735595703,11.308813095092773,13.956897735595703,-0.0,retain,ret_002,M_npo_s2
11,-4,real,13.956897735595703,11.308813095092773,13.956897735595703,-0.0,retain,ret_002,M_npo_s2
11,-3,real,13.956897735595703,11.308813095092773,13.956897735595703,-0.0,retain,ret_002,M_npo_s2
11,-2,real,13.956897735595703,11.308813095092773,13.956897735595703,-0.0,retain,ret_002,M_npo_s2
11,-1,real,13.956897735595703,11.308813095092773,11.448299407958984,0.9473255836566767,retain,ret_002,M_npo_s2
11,-7,random_position,13.956897735595703,11.308813095092773,13.956897735595703,-0.0,retain,ret_002,M_npo_s2
0,-6,real,12.480274200439453,12.131689071655273,12.530025482177734,-0.14272347736636773,retain,ret_002,M_npo_s2
0,-5,real,12.480274200439453,12.131689071655273,13.080699920654297,-1.722465104317708,retain,ret_002,M_npo_s2
0,-4,real,12.480274200439453,12.131689071655273,12.481559753417969,-0.0036879168741347896,retain,ret_002,M_npo_s2
0,-3,real,12.480274200439453,12.131689071655273,12.47476577758789,0.015802231353859456,retain,ret_002,M_npo_s2
0,-2,real,12.480274200439453,12.131689071655273,12.482200622558594,-0.005526403624445308,retain,ret_002,M_npo_s2
0,-1,real,12.480274200439453,12.131689071655273,12.493640899658203,-0.03834558079219081,retain,ret_002,M_npo_s2
0,-11,random_position,12.480274200439453,12.131689071655273,12.515623092651367,-0.10140677066519296,retain,ret_002,M_npo_s2
1,-6,real,12.480274200439453,12.131689071655273,12.745426177978516,-0.7606520061939495,retain,ret_002,M_npo_s2
1,-5,real,12.480274200439453,12.131689071655273,13.394147872924805,-2.621665690882528,retain,ret_002,M_npo_s2
1,-4,real,12.480274200439453,12.131689071655273,12.495231628417969,-0.04290896754742585,retain,ret_002,M_npo_s2
1,-3,real,12.480274200439453,12.131689071655273,12.480209350585938,0.00018603734973380245,retain,ret_002,M_npo_s2
1,-2,real,12.480274200439453,12.131689071655273,12.488632202148438,-0.02397693136863301,retain,ret_002,M_npo_s2
1,-1,real,12.480274200439453,12.131689071655273,12.538843154907227,-0.16801908524340797,retain,ret_002,M_npo_s2
1,-3,random_position,12.480274200439453,12.131689071655273,12.480209350585938,0.00018603734973380245,retain,ret_002,M_npo_s2
2,-6,real,12.480274200439453,12.131689071655273,13.088090896606445,-1.7436678905006047,retain,ret_002,M_npo_s2
2,-5,real,12.480274200439453,12.131689071655273,13.604429244995117,-3.2249082124546535,retain,ret_002,M_npo_s2
2,-4,real,12.480274200439453,12.131689071655273,12.563165664672852,-0.23779403476709765,retain,ret_002,M_npo_s2
2,-3,real,12.480274200439453,12.131689071655273,12.508600234985352,-0.08126002002637353,retain,ret_002,M_npo_s2
2,-2,real,12.480274200439453,12.131689071655273,12.510246276855469,-0.08598208569755798,retain,ret_002,M_npo_s2
2,-1,real,12.480274200439453,12.131689071655273,12.60624885559082,-0.36138849523142497,retain,ret_002,M_npo_s2
2,-8,random_position,12.480274200439453,12.131689071655273,12.769796371459961,-0.830563747886561,retain,ret_002,M_npo_s2
3,-6,real,12.480274200439453,12.131689071655273,13.28156852722168,-2.298704851744647,retain,ret_002,M_npo_s2
3,-5,real,12.480274200439453,12.131689071655273,14.065540313720703,-4.547715844363342,retain,ret_002,M_npo_s2
3,-4,real,12.480274200439453,12.131689071655273,12.741006851196289,-0.7479741079782665,retain,ret_002,M_npo_s2
3,-3,real,12.480274200439453,12.131689071655273,12.548660278320312,-0.19618185698105156,retain,ret_002,M_npo_s2
3,-2,real,12.480274200439453,12.131689071655273,12.503511428833008,-0.06666155975902692,retain,ret_002,M_npo_s2
3,-1,real,12.480274200439453,12.131689071655273,12.712574005126953,-0.6664076734935078,retain,ret_002,M_npo_s2
3,-11,random_position,12.480274200439453,12.131689071655273,12.552698135375977,-0.20776541784535918,retain,ret_002,M_npo_s2
4,-6,real,12.480274200439453,12.131689071655273,13.418405532836914,-2.691254603056484,retain,ret_002,M_npo_s2
4,-5,real,12.480274200439453,12.131689071655273,14.885684967041016,-6.9004973763262,retain,ret_002,M_npo_s2
4,-4,real,12.480274200439453,12.131689071655273,12.830886840820312,-1.0058164030225598,retain,ret_002,M_npo_s2
4,-3,real,12.480274200439453,12.131689071655273,12.600675582885742,-0.34540022652783176,retain,ret_002,M_npo_s2
4,-2,real,12.480274200439453,12.131689071655273,12.48452377319336,-0.012190918094320937,retain,ret_002,M_npo_s2
4,-1,real,12.480274200439453,12.131689071655273,12.77945327758789,-0.8582668979366269,retain,ret_002,M_npo_s2
4,-8,random_position,12.480274200439453,12.131689071655273,12.821456909179688,-0.9787643836965622,retain,ret_002,M_npo_s2
5,-6,real,12.480274200439453,12.131689071655273,13.440698623657227,-2.755207677870857,retain,ret_002,M_npo_s2
5,-5,real,12.480274200439453,12.131689071655273,15.477399826049805,-8.597973287225253,retain,ret_002,M_npo_s2
5,-4,real,12.480274200439453,12.131689071655273,12.979511260986328,-1.4321811784918936,retain,ret_002,M_npo_s2
5,-3,real,12.480274200439453,12.131689071655273,12.654422760009766,-0.4995868876498558,retain,ret_002,M_npo_s2
5,-2,real,12.480274200439453,12.131689071655273,12.493009567260742,-0.036534452475664676,retain,ret_002,M_npo_s2
5,-1,real,12.480274200439453,12.131689071655273,12.888423919677734,-1.1708753057304975,retain,ret_002,M_npo_s2
5,-10,random_position,12.480274200439453,12.131689071655273,12.501640319824219,-0.06129383505053103,retain,ret_002,M_npo_s2
6,-6,real,12.480274200439453,12.131689071655273,13.178176879882812,-2.0021011277146408,retain,ret_002,M_npo_s2
6,-5,real,12.480274200439453,12.131689071655273,14.185308456420898,-4.8912994708878905,retain,ret_002,M_npo_s2
6,-4,real,12.480274200439453,12.131689071655273,13.099527359008789,-1.7764761242948364,retain,ret_002,M_npo_s2
6,-3,real,12.480274200439453,12.131689071655273,12.626163482666016,-0.418518376659973,retain,ret_002,M_npo_s2
6,-2,real,12.480274200439453,12.131689071655273,12.53286361694336,-0.15086534726060002,retain,ret_002,M_npo_s2
6,-1,real,12.480274200439453,12.131689071655273,15.456537246704102,-8.538123977478538,retain,ret_002,M_npo_s2
6,-2,random_position,12.480274200439453,12.131689071655273,12.53286361694336,-0.15086534726060002,retain,ret_002,M_npo_s2
7,-6,real,12.480274200439453,12.131689071655273,12.693365097045898,-0.6113023161650042,retain,ret_002,M_npo_s2
7,-5,real,12.480274200439453,12.131689071655273,14.544332504272461,-5.921246012508276,retain,ret_002,M_npo_s2
7,-4,real,12.480274200439453,12.131689071655273,13.09622573852539,-1.7670046345186832,retain,ret_002,M_npo_s2
7,-3,real,12.480274200439453,12.131689071655273,12.606439590454102,-0.3619356639071126,retain,ret_002,M_npo_s2
7,-2,real,12.480274200439453,12.131689071655273,12.52662467956543,-0.13296745987885686,retain,ret_002,M_npo_s2
7,-1,real,12.480274200439453,12.131689071655273,15.786291122436523,-9.484102014127895,retain,ret_002,M_npo_s2
7,-7,random_position,12.480274200439453,12.131689071655273,11.032474517822266,4.153360436421735,retain,ret_002,M_npo_s2
8,-6,real,12.480274200439453,12.131689071655273,12.587194442749023,-0.30672634453022835,retain,ret_002,M_npo_s2
8,-5,real,12.480274200439453,12.131689071655273,13.250932693481445,-2.210818619055696,retain,ret_002,M_npo_s2
8,-4,real,12.480274200439453,12.131689071655273,12.696672439575195,-0.6207902210014281,retain,ret_002,M_npo_s2
8,-3,real,12.480274200439453,12.131689071655273,12.512598037719727,-0.09272867546878677,retain,ret_002,M_npo_s2
8,-2,real,12.480274200439453,12.131689071655273,12.522544860839844,-0.12126352190589793,retain,ret_002,M_npo_s2
8,-1,real,12.480274200439453,12.131689071655273,16.037919998168945,-10.20595976121559,retain,ret_002,M_npo_s2
8,-5,random_position,12.480274200439453,12.131689071655273,13.250932693481445,-2.210818619055696,retain,ret_002,M_npo_s2
9,-6,real,12.480274200439453,12.131689071655273,12.464916229248047,0.04405802176636992,retain,ret_002,M_npo_s2
9,-5,real,12.480274200439453,12.131689071655273,12.893550872802734,-1.1855831997329818,retain,ret_002,M_npo_s2
9,-4,real,12.480274200439453,12.131689071655273,12.508516311645508,-0.08101926580907096,retain,ret_002,M_npo_s2
9,-3,real,12.480274200439453,12.131689071655273,12.50196647644043,-0.06222949348595692,retain,ret_002,M_npo_s2
9,-2,real,12.480274200439453,12.131689071655273,12.56525993347168,-0.24380194682614809,retain,ret_002,M_npo_s2
9,-1,real,12.480274200439453,12.131689071655273,16.712051391601562,-12.139867256879278,retain,ret_002,M_npo_s2
9,-10,random_position,12.480274200439453,12.131689071655273,12.476882934570312,0.009728659053726493,retain,ret_002,M_npo_s2
10,-6,real,12.480274200439453,12.131689071655273,12.459196090698242,0.060467610350242666,retain,ret_002,M_npo_s2
10,-5,real,12.480274200439453,12.131689071655273,12.994678497314453,-1.475692031582576,retain,ret_002,M_npo_s2
10,-4,real,12.480274200439453,12.131689071655273,12.580606460571289,-0.2878271384719768,retain,ret_002,M_npo_s2
10,-3,real,12.480274200439453,12.131689071655273,12.402425765991211,0.22332689498191607,retain,ret_002,M_npo_s2
10,-2,real,12.480274200439453,12.131689071655273,12.593578338623047,-0.3250400801054941,retain,ret_002,M_npo_s2
10,-1,real,12.480274200439453,12.131689071655273,15.484329223632812,-8.617851925212985,retain,ret_002,M_npo_s2
10,-5,random_position,12.480274200439453,12.131689071655273,12.994678497314453,-1.475692031582576,retain,ret_002,M_npo_s2
11,-6,real,12.480274200439453,12.131689071655273,12.480274200439453,-0.0,retain,ret_002,M_npo_s2
11,-5,real,12.480274200439453,12.131689071655273,12.480274200439453,-0.0,retain,ret_002,M_npo_s2
11,-4,real,12.480274200439453,12.131689071655273,12.480274200439453,-0.0,retain,ret_002,M_npo_s2
11,-3,real,12.480274200439453,12.131689071655273,12.480274200439453,-0.0,retain,ret_002,M_npo_s2
11,-2,real,12.480274200439453,12.131689071655273,12.480274200439453,-0.0,retain,ret_002,M_npo_s2
11,-1,real,12.480274200439453,12.131689071655273,12.273014068603516,0.5945753697492326,retain,ret_002,M_npo_s2
11,-6,random_position,12.480274200439453,12.131689071655273,12.480274200439453,-0.0,retain,ret_002,M_npo_s2
0,-6,real,14.137002944946289,11.474437713623047,14.292041778564453,-0.05822912122273633,retain,ret_002,M_npo_s2
0,-5,real,14.137002944946289,11.474437713623047,14.07080078125,0.024864053251152797,retain,ret_002,M_npo_s2
0,-4,real,14.137002944946289,11.474437713623047,14.195968627929688,-0.022146192810492633,retain,ret_002,M_npo_s2
0,-3,real,14.137002944946289,11.474437713623047,14.575603485107422,-0.16472856138933242,retain,ret_002,M_npo_s2
0,-2,real,14.137002944946289,11.474437713623047,14.135848999023438,0.00043339630115956794,retain,ret_002,M_npo_s2
0,-1,real,14.137002944946289,11.474437713623047,14.087547302246094,0.01857443420291973,retain,ret_002,M_npo_s2
0,-12,random_position,14.137002944946289,11.474437713623047,14.164447784423828,-0.010307668392371938,retain,ret_002,M_npo_s2
1,-6,real,14.137002944946289,11.474437713623047,14.330303192138672,-0.07259925312564695,retain,ret_002,M_npo_s2
1,-5,real,14.137002944946289,11.474437713623047,14.154447555541992,-0.006551805901496542,retain,ret_002,M_npo_s2
1,-4,real,14.137002944946289,11.474437713623047,14.390594482421875,-0.09524331441433116,retain,ret_002,M_npo_s2
1,-3,real,14.137002944946289,11.474437713623047,14.878448486328125,-0.27847037610919007,retain,ret_002,M_npo_s2
1,-2,real,14.137002944946289,11.474437713623047,14.150634765625,-0.005119807213863524,retain,ret_002,M_npo_s2
1,-1,real,14.137002944946289,11.474437713623047,14.121559143066406,0.005800346860312432,retain,ret_002,M_npo_s2
1,-3,random_position,14.137002944946289,11.474437713623047,14.878448486328125,-0.27847037610919007,retain,ret_002,M_npo_s2
2,-6,real,14.137002944946289,11.474437713623047,14.287946701049805,-0.056691101621761796,retain,ret_002,M_npo_s2
2,-5,real,14.137002944946289,11.474437713623047,14.430679321289062,-0.11029828410882617,retain,ret_002,M_npo_s2
2,-4,real,14.137002944946289,11.474437713623047,14.715606689453125,-0.21731063626158797,retain,ret_002,M_npo_s2
2,-3,real,14.137002944946289,11.474437713623047,15.139745712280273,-0.37660777491473557,retain,ret_002,M_npo_s2
2,-2,real,14.137002944946289,11.474437713623047,14.21096420288086,-0.02777819565299928,retain,ret_002,M_npo_s2
2,-1,real,14.137002944946289,11.474437713623047,14.191215515136719,-0.020361029864228757,retain,ret_002,M_npo_s2
2,-8,random_position,14.137002944946289,11.474437713623047,14.165136337280273,-0.010566273458022524,retain,ret_002,M_npo_s2
3,-6,real,14.137002944946289,11.474437713623047,14.353900909423828,-0.08146202839497949,retain,ret_002,M_npo_s2
3,-5,real,14.137002944946289,11.474437713623047,14.489442825317383,-0.13236854302192555,retain,ret_002,M_npo_s2
3,-4,real,14.137002944946289,11.474437713623047,14.943941116333008,-0.30306794436194395,retain,ret_002,M_npo_s2
3,-3,real,14.137002944946289,11.474437713623047,15.481616973876953,-0.5050069809040575,retain,ret_002,M_npo_s2
3,-2,real,14.137002944946289,11.474437713623047,14.351455688476562,-0.08054365805103474,retain,ret_002,M_npo_s2
3,-1,real,14.137002944946289,11.474437713623047,14.221912384033203,-0.031890087832595844,retain,ret_002,M_npo_s2
3,-12,random_position,14.137002944946289,11.474437713623047,14.192667007446289,-0.020906177938910465,retain,ret_002,M_npo_s2
4,-6,real,14.137002944946289,11.474437713623047,14.42694091796875,-0.10889422336457369,retain,ret_002,M_npo_s2
4,-5,real,14.137002944946289,11.474437713623047,14.427312850952148,-0.10903391308147635,retain,ret_002,M_npo_s2
4,-4,real,14.137002944946289,11.474437713623047,14.916065216064453,-0.2925983791694694,retain,ret_002,M_npo_s2
4,-3,real,14.137002944946289,11.474437713623047,16.01613998413086,-0.70576187846135,retain,ret_002,M_npo_s2
4,-2,real,14.137002944946289,11.474437713623047,14.45559310913086,-0.11965534606873737,retain,ret_002,M_npo_s2
4,-1,real,14.137002944946289,11.474437713623047,14.216005325317383,-0.029671528585172403,retain,ret_002,M_npo_s2
4,-9,random_position,14.137002944946289,11.474437713623047,14.139556884765625,-0.0009592027227316719,retain,ret_002,M_npo_s2
5,-6,real,14.137002944946289,11.474437713623047,14.266666412353516,-0.0486987007423613,retain,ret_002,M_npo_s2
5,-5,real,14.137002944946289,11.474437713623047,13.808197021484375,0.12349215695966406,retain,ret_002,M_npo_s2
5,-4,real,14.137002944946289,11.474437713623047,14.91748046875,-0.29312991645122216,retain,ret_002,M_npo_s2
5,-3,real,14.137002944946289,11.474437713623047,16.486080169677734,-0.8822609103041582,retain,ret_002,M_npo_s2
5,-2,real,14.137002944946289,11.474437713623047,14.484540939331055,-0.1305275041889006,retain,ret_002,M_npo_s2
5,-1,real,14.137002944946289,11.474437713623047,14.470376968383789,-0.12520783322623788,retain,ret_002,M_npo_s2
5,-11,random_position,14.137002944946289,11.474437713623047,14.133491516113281,0.0013188141990657265,retain,ret_002,M_npo_s2
6,-6,real,14.137002944946289,11.474437713623047,14.294816970825195,-0.05927142141808702,retain,ret_002,M_npo_s2
6,-5,real,14.137002944946289,11.474437713623047,12.995037078857422,0.42889685956025675,retain,ret_002,M_npo_s2
6,-4,real,14.137002944946289,11.474437713623047,14.658828735351562,-0.19598610552949208,retain,ret_002,M_npo_s2
6,-3,real,14.137002944946289,11.474437713623047,15.865976333618164,-0.6493637670663225,retain,ret_002,M_npo_s2
6,-2,real,14.137002944946289,11.474437713623047,14.474384307861328,-0.12671290038117383,retain,ret_002,M_npo_s2
6,-1,real,14.137002944946289,11.474437713623047,16.06239891052246,-0.7231356974564294,retain,ret_002,M_npo_s2
6,-2,random_position,14.137002944946289,11.474437713623047,14.474384307861328,-0.12671290038117383,retain,ret_002,M_npo_s2
7,-6,real,14.137002944946289,11.474437713623047,14.116802215576172,0.007586942521621461,retain,ret_002,M_npo_s2
7,-5,real,14.137002944946289,11.474437713623047,12.299386978149414,0.6901674915523539,retain,ret_002,M_npo_s2
7,-4,real,14.137002944946289,11.474437713623047,14.153919219970703,-0.006353374867742493,retain,ret_002,M_npo_s2
7,-3,real,14.137002944946289,11.474437713623047,16.002910614013672,-0.7007932226847504,retain,ret_002,M_npo_s2
7,-2,real,14.137002944946289,11.474437713623047,14.376319885253906,-0.08988209471535892,retain,ret_002,M_npo_s2
7,-1,real,14.137002944946289,11.474437713623047,16.729787826538086,-0.9737920600364912,retain,ret_002,M_npo_s2
7,-8,random_position,14.137002944946289,11.474437713623047,14.138189315795898,-0.0004455743790433905,retain,ret_002,M_npo_s2
8,-6,real,14.137002944946289,11.474437713623047,14.158061981201172,-0.00790930340678147,retain,ret_002,M_npo_s2
8,-5,real,14.137002944946289,11.474437713623047,12.46682357788086,0.6272820464328619,retain,ret_002,M_npo_s2
8,-4,real,14.137002944946289,11.474437713623047,14.123434066772461,0.005096167415618457,retain,ret_002,M_npo_s2
8,-3,real,14.137002944946289,11.474437713623047,15.122512817382812,-0.37013548469824514,retain,ret_002,M_npo_s2
8,-2,real,14.137002944946289,11.474437713623047,14.16745376586914,-0.011436647847954548,retain,ret_002,M_npo_s2
8,-1,real,14.137002944946289,11.474437713623047,16.197126388549805,-0.7737363274212347,retain,ret_002,M_npo_s2
8,-5,random_position,14.137002944946289,11.474437713623047,12.46682357788086,0.6272820464328619,retain,ret_002,M_npo_s2
9,-6,real,14.137002944946289,11.474437713623047,14.16142463684082,-0.009172241719086129,retain,ret_002,M_npo_s2
9,-5,real,14.137002944946289,11.474437713623047,12.356595993041992,0.6686810640201555,retain,ret_002,M_npo_s2
9,-4,real,14.137002944946289,11.474437713623047,14.156513214111328,-0.0073276210984482976,retain,ret_002,M_npo_s2
9,-3,real,14.137002944946289,11.474437713623047,14.673334121704102,-0.20143400448869625,retain,ret_002,M_npo_s2
9,-2,real,14.137002944946289,11.474437713623047,14.119720458984375,0.00649091551207743,retain,ret_002,M_npo_s2
9,-1,real,14.137002944946289,11.474437713623047,16.380489349365234,-0.8426033578542513,retain,ret_002,M_npo_s2
9,-11,random_position,14.137002944946289,11.474437713623047,14.132255554199219,0.0017830138736961397,retain,ret_002,M_npo_s2
10,-6,real,14.137002944946289,11.474437713623047,14.158441543579102,-0.008051858553774452,retain,ret_002,M_npo_s2
10,-5,real,14.137002944946289,11.474437713623047,13.665592193603516,0.17705134349271573,retain,ret_002,M_npo_s2
10,-4,real,14.137002944946289,11.474437713623047,14.132465362548828,0.001704214546212582,retain,ret_002,M_npo_s2
10,-3,real,14.137002944946289,11.474437713623047,14.629417419433594,-0.18493987253134242,retain,ret_002,M_npo_s2
10,-2,real,14.137002944946289,11.474437713623047,14.242979049682617,-0.03980225666946762,retain,ret_002,M_npo_s2
10,-1,real,14.137002944946289,11.474437713623047,14.379413604736328,-0.0910440266169801,retain,ret_002,M_npo_s2
10,-6,random_position,14.137002944946289,11.474437713623047,14.158441543579102,-0.008051858553774452,retain,ret_002,M_npo_s2
11,-6,real,14.137002944946289,11.474437713623047,14.137002944946289,-0.0,retain,ret_002,M_npo_s2
11,-5,real,14.137002944946289,11.474437713623047,14.137002944946289,-0.0,retain,ret_002,M_npo_s2
11,-4,real,14.137002944946289,11.474437713623047,14.137002944946289,-0.0,retain,ret_002,M_npo_s2
11,-3,real,14.137002944946289,11.474437713623047,14.137002944946289,-0.0,retain,ret_002,M_npo_s2
11,-2,real,14.137002944946289,11.474437713623047,14.137002944946289,-0.0,retain,ret_002,M_npo_s2
11,-1,real,14.137002944946289,11.474437713623047,11.701215744018555,0.9148272396380676,retain,ret_002,M_npo_s2
11,-6,random_position,14.137002944946289,11.474437713623047,14.137002944946289,-0.0,retain,ret_002,M_npo_s2
0,-6,real,13.058036804199219,12.421262741088867,13.624643325805664,-0.8898077896559264,retain,ret_002,M_npo_s2
0,-5,real,13.058036804199219,12.421262741088867,13.061294555664062,-0.0051160241183994155,retain,ret_002,M_npo_s2
0,-4,real,13.058036804199219,12.421262741088867,13.056503295898438,0.002408245545195041,retain,ret_002,M_npo_s2
0,-3,real,13.058036804199219,12.421262741088867,13.051166534423828,0.010789179668896191,retain,ret_002,M_npo_s2
0,-2,real,13.058036804199219,12.421262741088867,13.056472778320312,0.002456170829676534,retain,ret_002,M_npo_s2
0,-1,real,13.058036804199219,12.421262741088867,13.055065155029297,0.004666724576385415,retain,ret_002,M_npo_s2
0,-12,random_position,13.058036804199219,12.421262741088867,13.085943222045898,-0.043824677328045576,retain,ret_002,M_npo_s2
1,-6,real,13.058036804199219,12.421262741088867,13.923553466796875,-1.3592209745007533,retain,ret_002,M_npo_s2
1,-5,real,13.058036804199219,12.421262741088867,13.075790405273438,-0.02788053424710876,retain,ret_002,M_npo_s2
1,-4,real,13.058036804199219,12.421262741088867,13.044113159179688,0.02186591104468134,retain,ret_002,M_npo_s2
1,-3,real,13.058036804199219,12.421262741088867,13.04719352722168,0.01702845264233061,retain,ret_002,M_npo_s2
1,-2,real,13.058036804199219,12.421262741088867,13.043962478637695,0.022102542136808716,retain,ret_002,M_npo_s2
1,-1,real,13.058036804199219,12.421262741088867,13.10051155090332,-0.06670301000739846,retain,ret_002,M_npo_s2
1,-3,random_position,13.058036804199219,12.421262741088867,13.04719352722168,0.01702845264233061,retain,ret_002,M_npo_s2
2,-6,real,13.058036804199219,12.421262741088867,14.12028694152832,-1.6681743162409803,retain,ret_002,M_npo_s2
2,-5,real,13.058036804199219,12.421262741088867,13.131839752197266,-0.11590130985793148,retain,ret_002,M_npo_s2
2,-4,real,13.058036804199219,12.421262741088867,13.062620162963867,-0.0071977786630642825,retain,ret_002,M_npo_s2
2,-3,real,13.058036804199219,12.421262741088867,13.04871940612793,0.01463218841825594,retain,ret_002,M_npo_s2
2,-2,real,13.058036804199219,12.421262741088867,13.075088500976562,-0.02677825270403441,retain,ret_002,M_npo_s2
2,-1,real,13.058036804199219,12.421262741088867,13.187891006469727,-0.2039250807990343,retain,ret_002,M_npo_s2
2,-8,random_position,13.058036804199219,12.421262741088867,13.208770751953125,-0.23671496137521603,retain,ret_002,M_npo_s2
3,-6,real,13.058036804199219,12.421262741088867,14.613170623779297,-2.442206599910739,retain,ret_002,M_npo_s2
3,-5,real,13.058036804199219,12.421262741088867,13.285654067993164,-0.35745372963549826,retain,ret_002,M_npo_s2
3,-4,real,13.058036804199219,12.421262741088867,13.068170547485352,-0.015914189778135888,retain,ret_002,M_npo_s2
3,-3,real,13.058036804199219,12.421262741088867,13.055824279785156,0.003474583124908268,retain,ret_002,M_npo_s2
3,-2,real,13.058036804199219,12.421262741088867,13.098100662231445,-0.06291691253336049,retain,ret_002,M_npo_s2
3,-1,real,13.058036804199219,12.421262741088867,13.271322250366211,-0.33494681791087694,retain,ret_002,M_npo_s2
3,-12,random_position,13.058036804199219,12.421262741088867,13.13348388671875,-0.11848328455937195,retain,ret_002,M_npo_s2
4,-6,real,13.058036804199219,12.421262741088867,15.46268081665039,-3.7762907627009494,retain,ret_002,M_npo_s2
4,-5,real,13.058036804199219,12.421262741088867,13.385002136230469,-0.5134714979347198,retain,ret_002,M_npo_s2
4,-4,real,13.058036804199219,12.421262741088867,13.060735702514648,-0.004238392346332069,retain,ret_002,M_npo_s2
4,-3,real,13.058036804199219,12.421262741088867,13.034936904907227,0.03627644502221038,retain,ret_002,M_npo_s2
4,-2,real,13.058036804199219,12.421262741088867,13.087188720703125,-0.045780628000946524,retain,ret_002,M_npo_s2
4,-1,real,13.058036804199219,12.421262741088867,13.365924835205078,-0.48351220447322624,retain,ret_002,M_npo_s2
4,-9,random_position,13.058036804199219,12.421262741088867,13.396783828735352,-0.5319736530748563,retain,ret_002,M_npo_s2
5,-6,real,13.058036804199219,12.421262741088867,15.966976165771484,-4.568244107436507,retain,ret_002,M_npo_s2
5,-5,real,13.058036804199219,12.421262741088867,13.520462036132812,-0.7261998544269483,retain,ret_002,M_npo_s2
5,-4,real,13.058036804199219,12.421262741088867,13.10407829284668,-0.072304277631173,retain,ret_002,M_npo_s2
5,-3,real,13.058036804199219,12.421262741088867,13.034942626953125,0.036267459031370096,retain,ret_002,M_npo_s2
5,-2,real,13.058036804199219,12.421262741088867,13.093175888061523,-0.0551829697501595,retain,ret_002,M_npo_s2
5,-1,real,13.058036804199219,12.421262741088867,13.524665832519531,-0.7328015623642741,retain,ret_002,M_npo_s2
5,-11,random_position,13.058036804199219,12.421262741088867,13.076915740966797,-0.029647779112363826,retain,ret_002,M_npo_s2
6,-6,real,13.058036804199219,12.421262741088867,14.723134994506836,-2.6148963765489603,retain,ret_002,M_npo_s2
6,-5,real,13.058036804199219,12.421262741088867,13.56087875366211,-0.7896709030621262,retain,ret_002,M_npo_s2
6,-4,real,13.058036804199219,12.421262741088867,13.090568542480469,-0.051088353257271915,retain,ret_002,M_npo_s2
6,-3,real,13.058036804199219,12.421262741088867,13.077287673950195,-0.030231868516982025,retain,ret_002,M_npo_s2
6,-2,real,13.058036804199219,12.421262741088867,13.111831665039062,-0.08448029521975241,retain,ret_002,M_npo_s2
6,-1,real,13.058036804199219,12.421262741088867,15.896413803100586,-4.457431863724453,retain,ret_002,M_npo_s2
6,-2,random_position,13.058036804199219,12.421262741088867,13.111831665039062,-0.08448029521975241,retain,ret_002,M_npo_s2
7,-6,real,13.058036804199219,12.421262741088867,15.115610122680664,-3.231245488283766,retain,ret_002,M_npo_s2
7,-5,real,13.058036804199219,12.421262741088867,13.540372848510742,-0.7574681072208427,retain,ret_002,M_npo_s2
7,-4,real,13.058036804199219,12.421262741088867,13.055631637573242,0.0037771114831976946,retain,ret_002,M_npo_s2
7,-3,real,13.058036804199219,12.421262741088867,13.061056137084961,-0.004741607833387749,retain,ret_002,M_npo_s2
7,-2,real,13.058036804199219,12.421262741088867,13.086713790893555,-0.045034790761203286,retain,ret_002,M_npo_s2
7,-1,real,13.058036804199219,12.421262741088867,16.156269073486328,-4.865512665754089,retain,ret_002,M_npo_s2
7,-8,random_position,13.058036804199219,12.421262741088867,11.763473510742188,2.0330025490260684,retain,ret_002,M_npo_s2
8,-6,real,13.058036804199219,12.421262741088867,13.898233413696289,-1.3194579650325142,retain,ret_002,M_npo_s2
8,-5,real,13.058036804199219,12.421262741088867,13.240928649902344,-0.28721622989758966,retain,ret_002,M_npo_s2
8,-4,real,13.058036804199219,12.421262741088867,13.059961318969727,-0.0030222882526141745,retain,ret_002,M_npo_s2
8,-3,real,13.058036804199219,12.421262741088867,13.06903076171875,-0.01726508373445798,retain,ret_002,M_npo_s2
8,-2,real,13.058036804199219,12.421262741088867,13.104022979736328,-0.0722174130530503,retain,ret_002,M_npo_s2
8,-1,real,13.058036804199219,12.421262741088867,16.43792724609375,-5.307833088215472,retain,ret_002,M_npo_s2
8,-5,random_position,13.058036804199219,12.421262741088867,13.240928649902344,-0.28721622989758966,retain,ret_002,M_npo_s2
9,-6,real,13.058036804199219,12.421262741088867,13.450080871582031,-0.6156721670915043,retain,ret_002,M_npo_s2
9,-5,real,13.058036804199219,12.421262741088867,13.094032287597656,-0.05652787304592141,retain,ret_002,M_npo_s2
9,-4,real,13.058036804199219,12.421262741088867,13.10987663269043,-0.08141008168265673,retain,ret_002,M_npo_s2
9,-3,real,13.058036804199219,12.421262741088867,13.08513069152832,-0.04254866662872581,retain,ret_002,M_npo_s2
9,-2,real,13.058036804199219,12.421262741088867,13.139249801635742,-0.12753816799609408,retain,ret_002,M_npo_s2
9,-1,real,13.058036804199219,12.421262741088867,17.02008056640625,-6.222055814984439,retain,ret_002,M_npo_s2
9,-11,random_position,13.058036804199219,12.421262741088867,13.054306030273438,0.005858866027862562,retain,ret_002,M_npo_s2
10,-6,real,13.058036804199219,12.421262741088867,13.588891983032227,-0.833663318885857,retain,ret_002,M_npo_s2
10,-5,real,13.058036804199219,12.421262741088867,13.156150817871094,-0.15407978960800112,retain,ret_002,M_npo_s2
10,-4,real,13.058036804199219,12.421262741088867,13.051166534423828,0.010789179668896191,retain,ret_002,M_npo_s2
10,-3,real,13.058036804199219,12.421262741088867,13.057621002197266,0.0006529820010603469,retain,ret_002,M_npo_s2
10,-2,real,13.058036804199219,12.421262741088867,13.130769729614258,-0.11422092957079913,retain,ret_002,M_npo_s2
10,-1,real,13.058036804199219,12.421262741088867,15.814064025878906,-4.328108478881424,retain,ret_002,M_npo_s2
10,-6,random_position,13.058036804199219,12.421262741088867,13.588891983032227,-0.833663318885857,retain,ret_002,M_npo_s2
11,-6,real,13.058036804199219,12.421262741088867,13.058036804199219,-0.0,retain,ret_002,M_npo_s2
11,-5,real,13.058036804199219,12.421262741088867,13.058036804199219,-0.0,retain,ret_002,M_npo_s2
11,-4,real,13.058036804199219,12.421262741088867,13.058036804199219,-0.0,retain,ret_002,M_npo_s2
11,-3,real,13.058036804199219,12.421262741088867,13.058036804199219,-0.0,retain,ret_002,M_npo_s2
11,-2,real,13.058036804199219,12.421262741088867,13.058036804199219,-0.0,retain,ret_002,M_npo_s2
11,-1,real,13.058036804199219,12.421262741088867,12.560354232788086,0.7815685346544736,retain,ret_002,M_npo_s2
11,-6,random_position,13.058036804199219,12.421262741088867,13.058036804199219,-0.0,retain,ret_002,M_npo_s2
0,-6,real,12.529373168945312,11.962491989135742,12.368160247802734,0.28438573529065403,retain,ret_002,M_npo_s2
0,-5,real,12.529373168945312,11.962491989135742,12.535158157348633,-0.01020493995807664,retain,ret_002,M_npo_s2
0,-4,real,12.529373168945312,11.962491989135742,13.015987396240234,-0.8584060375022291,retain,ret_002,M_npo_s2
0,-3,real,12.529373168945312,11.962491989135742,12.537134170532227,-0.01369070250227954,retain,ret_002,M_npo_s2
0,-2,real,12.529373168945312,11.962491989135742,12.54824447631836,-0.03328970522426979,retain,ret_002,M_npo_s2
0,-1,real,12.529373168945312,11.962491989135742,12.540807723999023,-0.020170990784262925,retain,ret_002,M_npo_s2
0,-13,random_position,12.529373168945312,11.962491989135742,12.550436019897461,-0.037155671598101,retain,ret_002,M_npo_s2
1,-6,real,12.529373168945312,11.962491989135742,12.347478866577148,0.32086847975666954,retain,ret_002,M_npo_s2
1,-5,real,12.529373168945312,11.962491989135742,12.62932014465332,-0.17631027324206197,retain,ret_002,M_npo_s2
1,-4,real,12.529373168945312,11.962491989135742,13.308454513549805,-1.3743291757652023,retain,ret_002,M_npo_s2
1,-3,real,12.529373168945312,11.962491989135742,12.569234848022461,-0.07031752066727455,retain,ret_002,M_npo_s2
1,-2,real,12.529373168945312,11.962491989135742,12.534477233886719,-0.009003765027304019,retain,ret_002,M_npo_s2
1,-1,real,12.529373168945312,11.962491989135742,12.646858215332031,-0.20724809813969294,retain,ret_002,M_npo_s2
1,-3,random_position,12.529373168945312,11.962491989135742,12.569234848022461,-0.07031752066727455,retain,ret_002,M_npo_s2
2,-6,real,12.529373168945312,11.962491989135742,12.616449356079102,-0.15360571180549715,retain,ret_002,M_npo_s2
2,-5,real,12.529373168945312,11.962491989135742,12.822498321533203,-0.5170839375658207,retain,ret_002,M_npo_s2
2,-4,real,12.529373168945312,11.962491989135742,13.533029556274414,-1.7704881076952583,retain,ret_002,M_npo_s2
2,-3,real,12.529373168945312,11.962491989135742,12.637260437011719,-0.1903172514964217,retain,ret_002,M_npo_s2
2,-2,real,12.529373168945312,11.962491989135742,12.623945236206055,-0.16682872995097725,retain,ret_002,M_npo_s2
2,-1,real,12.529373168945312,11.962491989135742,12.762622833251953,-0.4114612949136803,retain,ret_002,M_npo_s2
2,-9,random_position,12.529373168945312,11.962491989135742,12.564264297485352,-0.06154928013620045,retain,ret_002,M_npo_s2
3,-6,real,12.529373168945312,11.962491989135742,12.717792510986328,-0.33237889835099205,retain,ret_002,M_npo_s2
3,-5,real,12.529373168945312,11.962491989135742,12.96220588684082,-0.7635334057851546,retain,ret_002,M_npo_s2
3,-4,real,12.529373168945312,11.962491989135742,13.895864486694336,-2.4105427493783838,retain,ret_002,M_npo_s2
3,-3,real,12.529373168945312,11.962491989135742,12.778020858764648,-0.43862399860031154,retain,ret_002,M_npo_s2
3,-2,real,12.529373168945312,11.962491989135742,12.573356628417969,-0.0775884983294584,retain,ret_002,M_npo_s2
3,-1,real,12.529373168945312,11.962491989135742,12.995586395263672,-0.8224178944782964,retain,ret_002,M_npo_s2
3,-13,random_position,12.529373168945312,11.962491989135742,12.599275588989258,-0.12331053231900783,retain,ret_002,M_npo_s2
4,-6,real,12.529373168945312,11.962491989135742,12.615291595458984,-0.15156337795961763,retain,ret_002,M_npo_s2
4,-5,real,12.529373168945312,11.962491989135742,13.074878692626953,-0.9622925281535889,retain,ret_002,M_npo_s2
4,-4,real,12.529373168945312,11.962491989135742,14.40203857421875,-3.303453125578297,retain,ret_002,M_npo_s2
4,-3,real,12.529373168945312,11.962491989135742,12.895528793334961,-0.6459124723679296,retain,ret_002,M_npo_s2
4,-2,real,12.529373168945312,11.962491989135742,12.623689651489258,-0.16637786877247998,retain,ret_002,M_npo_s2
4,-1,real,12.529373168945312,11.962491989135742,13.046716690063477,-0.9126136826273767,retain,ret_002,M_npo_s2
4,-10,random_position,12.529373168945312,11.962491989135742,12.560291290283203,-0.054540744055529944,retain,ret_002,M_npo_s2
5,-6,real,12.529373168945312,11.962491989135742,12.135852813720703,0.6941849001880831,retain,ret_002,M_npo_s2
5,-5,real,12.529373168945312,11.962491989135742,13.20595932006836,-1.193523749280809,retain,ret_002,M_npo_s2
5,-4,real,12.529373168945312,11.962491989135742,14.960155487060547,-4.287992624718632,retain,ret_002,M_npo_s2
5,-3,real,12.529373168945312,11.962491989135742,12.956829071044922,-0.7540484978584094,retain,ret_002,M_npo_s2
5,-2,real,12.529373168945312,11.962491989135742,12.54554557800293,-0.028528745764764864,retain,ret_002,M_npo_s2
5,-1,real,12.529373168945312,11.962491989135742,13.309268951416016,-1.3757658751922048,retain,ret_002,M_npo_s2
5,-12,random_position,12.529373168945312,11.962491989135742,12.534982681274414,-0.00989539347731731,retain,ret_002,M_npo_s2
6,-6,real,12.529373168945312,11.962491989135742,11.435750961303711,1.9291912425263031,retain,ret_002,M_npo_s2
6,-5,real,12.529373168945312,11.962491989135742,12.903480529785156,-0.6599396384362519,retain,ret_002,M_npo_s2
6,-4,real,12.529373168945312,11.962491989135742,14.210205078125,-2.9650515293951396,retain,ret_002,M_npo_s2
6,-3,real,12.529373168945312,11.962491989135742,12.992856979370117,-0.8176031008482246,retain,ret_002,M_npo_s2
6,-2,real,12.529373168945312,11.962491989135742,12.608163833618164,-0.13898973449660004,retain,ret_002,M_npo_s2
6,-1,real,12.529373168945312,11.962491989135742,15.079305648803711,-4.498178049789878,retain,ret_002,M_npo_s2
6,-2,random_position,12.529373168945312,11.962491989135742,12.608163833618164,-0.13898973449660004,retain,ret_002,M_npo_s2
7,-6,real,12.529373168945312,11.962491989135742,10.913875579833984,2.8497992994828554,retain,ret_002,M_npo_s2
7,-5,real,12.529373168945312,11.962491989135742,12.603559494018555,-0.13086750401232802,retain,ret_002,M_npo_s2
7,-4,real,12.529373168945312,11.962491989135742,14.411161422729492,-3.3195461779421214,retain,ret_002,M_npo_s2
7,-3,real,12.529373168945312,11.962491989135742,12.94040298461914,-0.7250722555508077,retain,ret_002,M_npo_s2
7,-2,real,12.529373168945312,11.962491989135742,12.630838394165039,-0.1789885232277623,retain,ret_002,M_npo_s2
7,-1,real,12.529373168945312,11.962491989135742,15.899694442749023,-5.94537514005296,retain,ret_002,M_npo_s2
7,-8,random_position,12.529373168945312,11.962491989135742,12.549964904785156,-0.036324606589975404,retain,ret_002,M_npo_s2
8,-6,real,12.529373168945312,11.962491989135742,10.865144729614258,2.9357623759711178,retain,ret_002,M_npo_s2
8,-5,real,12.529373168945312,11.962491989135742,12.67770767211914,-0.2616677153114475,retain,ret_002,M_npo_s2
8,-4,real,12.529373168945312,11.962491989135742,13.363872528076172,-1.4720886648789235,retain,ret_002,M_npo_s2
8,-3,real,12.529373168945312,11.962491989135742,12.726613998413086,-0.3479403382804693,retain,ret_002,M_npo_s2
8,-2,real,12.529373168945312,11.962491989135742,12.60185432434082,-0.12785951973190582,retain,ret_002,M_npo_s2
8,-1,real,12.529373168945312,11.962491989135742,15.898445129394531,-5.9431713036953795,retain,ret_002,M_npo_s2
8,-5,random_position,12.529373168945312,11.962491989135742,12.67770767211914,-0.2616677153114475,retain,ret_002,M_npo_s2
9,-6,real,12.529373168945312,11.962491989135742,10.791511535644531,3.065654135641922,retain,ret_002,M_npo_s2
9,-5,real,12.529373168945312,11.962491989135742,12.632923126220703,-0.18266607000460955,retain,ret_002,M_npo_s2
9,-4,real,12.529373168945312,11.962491989135742,12.85377311706543,-0.5722538684898506,retain,ret_002,M_npo_s2
9,-3,real,12.529373168945312,11.962491989135742,12.612274169921875,-0.14624052434482132,retain,ret_002,M_npo_s2
9,-2,real,12.529373168945312,11.962491989135742,12.587732315063477,-0.10294775730210054,retain,ret_002,M_npo_s2
9,-1,real,12.529373168945312,11.962491989135742,16.141658782958984,-6.372209455299133,retain,ret_002,M_npo_s2
9,-12,random_position,12.529373168945312,11.962491989135742,12.525304794311523,0.00717676786369188,retain,ret_002,M_npo_s2
10,-6,real,12.529373168945312,11.962491989135742,12.04610824584961,0.8524977372825183,retain,ret_002,M_npo_s2
10,-5,real,12.529373168945312,11.962491989135742,12.599020004272461,-0.12285967114051055,retain,ret_002,M_npo_s2
10,-4,real,12.529373168945312,11.962491989135742,12.845357894897461,-0.5574090959560444,retain,ret_002,M_npo_s2
10,-3,real,12.529373168945312,11.962491989135742,12.664701461791992,-0.2387242647429923,retain,ret_002,M_npo_s2
10,-2,real,12.529373168945312,11.962491989135742,12.590106964111328,-0.10713672869933279,retain,ret_002,M_npo_s2
10,-1,real,12.529373168945312,11.962491989135742,14.139362335205078,-2.8400822316955407,retain,ret_002,M_npo_s2
10,-6,random_position,12.529373168945312,11.962491989135742,12.04610824584961,0.8524977372825183,retain,ret_002,M_npo_s2
11,-6,real,12.529373168945312,11.962491989135742,12.529373168945312,-0.0,retain,ret_002,M_npo_s2
11,-5,real,12.529373168945312,11.962491989135742,12.529373168945312,-0.0,retain,ret_002,M_npo_s2
11,-4,real,12.529373168945312,11.962491989135742,12.529373168945312,-0.0,retain,ret_002,M_npo_s2
11,-3,real,12.529373168945312,11.962491989135742,12.529373168945312,-0.0,retain,ret_002,M_npo_s2
11,-2,real,12.529373168945312,11.962491989135742,12.529373168945312,-0.0,retain,ret_002,M_npo_s2
11,-1,real,12.529373168945312,11.962491989135742,12.108560562133789,0.7423294718531404,retain,ret_002,M_npo_s2
11,-6,random_position,12.529373168945312,11.962491989135742,12.529373168945312,-0.0,retain,ret_002,M_npo_s2
0,-6,real,12.781518936157227,11.873355865478516,12.829753875732422,-0.05311264147654361,retain,ret_002,M_npo_s2
0,-5,real,12.781518936157227,11.873355865478516,13.200357437133789,-0.4611930549692422,retain,ret_002,M_npo_s2
0,-4,real,12.781518936157227,11.873355865478516,12.771612167358398,0.010908579217413403,retain,ret_002,M_npo_s2
0,-3,real,12.781518936157227,11.873355865478516,12.769464492797852,0.013273434858308184,retain,ret_002,M_npo_s2
0,-2,real,12.781518936157227,11.873355865478516,12.838720321655273,-0.0629858087659276,retain,ret_002,M_npo_s2
0,-1,real,12.781518936157227,11.873355865478516,12.725152969360352,0.06206590932479801,retain,ret_002,M_npo_s2
0,-11,random_position,12.781518936157227,11.873355865478516,12.822023391723633,-0.04460042130554313,retain,ret_002,M_npo_s2
1,-6,real,12.781518936157227,11.873355865478516,13.053924560546875,-0.2999523248463159,retain,ret_002,M_npo_s2
1,-5,real,12.781518936157227,11.873355865478516,13.476661682128906,-0.7654382438741628,retain,ret_002,M_npo_s2
1,-4,real,12.781518936157227,11.873355865478516,12.782499313354492,-0.0010795166957548112,retain,ret_002,M_npo_s2
1,-3,real,12.781518936157227,11.873355865478516,12.80014419555664,-0.02050871699230687,retain,ret_002,M_npo_s2
1,-2,real,12.781518936157227,11.873355865478516,12.871904373168945,-0.09952555871289687,retain,ret_002,M_npo_s2
1,-1,real,12.781518936157227,11.873355865478516,12.757051467895508,0.026941712399110345,retain,ret_002,M_npo_s2
1,-3,random_position,12.781518936157227,11.873355865478516,12.80014419555664,-0.02050871699230687,retain,ret_002,M_npo_s2
2,-6,real,12.781518936157227,11.873355865478516,13.453741073608398,-0.7401998156000663,retain,ret_002,M_npo_s2
2,-5,real,12.781518936157227,11.873355865478516,13.641010284423828,-0.9464064065325462,retain,ret_002,M_npo_s2
2,-4,real,12.781518936157227,11.873355865478516,12.853532791137695,-0.07929617191618414,retain,ret_002,M_npo_s2
2,-3,real,12.781518936157227,11.873355865478516,12.82979965209961,-0.05316304692537263,retain,ret_002,M_npo_s2
2,-2,real,12.781518936157227,11.873355865478516,12.909246444702148,-0.14064380359516865,retain,ret_002,M_npo_s2
2,-1,real,12.781518936157227,11.873355865478516,12.857467651367188,-0.08362894028844518,retain,ret_002,M_npo_s2
2,-8,random_position,12.781518936157227,11.873355865478516,13.053693771362305,-0.29969819737513625,retain,ret_002,M_npo_s2
3,-6,real,12.781518936157227,11.873355865478516,13.666698455810547,-0.9746922642337636,retain,ret_002,M_npo_s2
3,-5,real,12.781518936157227,11.873355865478516,14.177385330200195,-1.5370217520513967,retain,ret_002,M_npo_s2
3,-4,real,12.781518936157227,11.873355865478516,12.918487548828125,-0.15081940357752674,retain,ret_002,M_npo_s2
3,-3,real,12.781518936157227,11.873355865478516,12.867647171020508,-0.09483785197179816,retain,ret_002,M_npo_s2
3,-2,real,12.781518936157227,11.873355865478516,12.99571418762207,-0.23585549597911534,retain,ret_002,M_npo_s2
3,-1,real,12.781518936157227,11.873355865478516,12.882711410522461,-0.11142544509061429,retain,ret_002,M_npo_s2
3,-11,random_position,12.781518936157227,11.873355865478516,12.841011047363281,-0.06550818143441306,retain,ret_002,M_npo_s2
4,-6,real,12.781518936157227,11.873355865478516,13.649404525756836,-0.9556495057115674,retain,ret_002,M_npo_s2
4,-5,real,12.781518936157227,11.873355865478516,15.029609680175781,-2.4754262935823363,retain,ret_002,M_npo_s2
4,-4,real,12.781518936157227,11.873355865478516,12.96745491027832,-0.20473853223533464,retain,ret_002,M_npo_s2
4,-3,real,12.781518936157227,11.873355865478516,12.898248672485352,-0.12853389451399697,retain,ret_002,M_npo_s2
4,-2,real,12.781518936157227,11.873355865478516,13.099370956420898,-0.3499944343983585,retain,ret_002,M_npo_s2
4,-1,real,12.781518936157227,11.873355865478516,12.837886810302734,-0.06206800955183255,retain,ret_002,M_npo_s2
4,-8,random_position,12.781518936157227,11.873355865478516,13.090536117553711,-0.3402661827743579,retain,ret_002,M_npo_s2
5,-6,real,12.781518936157227,11.873355865478516,13.552240371704102,-0.8486597401179068,retain,ret_002,M_npo_s2
5,-5,real,12.781518936157227,11.873355865478516,15.86220932006836,-3.3922215991548685,retain,ret_002,M_npo_s2
5,-4,real,12.781518936157227,11.873355865478516,13.050701141357422,-0.2964029411579392,retain,ret_002,M_npo_s2
5,-3,real,12.781518936157227,11.873355865478516,12.915853500366211,-0.14791899004282363,retain,ret_002,M_npo_s2
5,-2,real,12.781518936157227,11.873355865478516,13.000722885131836,-0.24137069217182378,retain,ret_002,M_npo_s2
5,-1,real,12.781518936157227,11.873355865478516,13.080963134765625,-0.3297251432879894,retain,ret_002,M_npo_s2
5,-10,random_position,12.781518936157227,11.873355865478516,12.798271179199219,-0.018446294044386198,retain,ret_002,M_npo_s2
6,-6,real,12.781518936157227,11.873355865478516,13.344005584716797,-0.6193674536217365,retain,ret_002,M_npo_s2
6,-5,real,12.781518936157227,11.873355865478516,14.902519226074219,-2.335483965816705,retain,ret_002,M_npo_s2
6,-4,real,12.781518936157227,11.873355865478516,13.188318252563477,-0.44793642192721034,retain,ret_002,M_npo_s2
6,-3,real,12.781518936157227,11.873355865478516,12.807256698608398,-0.028340463604115605,retain,ret_002,M_npo_s2
6,-2,real,12.781518936157227,11.873355865478516,13.000829696655273,-0.24148830488575815,retain,ret_002,M_npo_s2
6,-1,real,12.781518936157227,11.873355865478516,15.110654830932617,-2.5646670405070786,retain,ret_002,M_npo_s2
6,-2,random_position,12.781518936157227,11.873355865478516,13.000829696655273,-0.24148830488575815,retain,ret_002,M_npo_s2
7,-6,real,12.781518936157227,11.873355865478516,12.904069900512695,-0.13494378742342047,retain,ret_002,M_npo_s2
7,-5,real,12.781518936157227,11.873355865478516,15.193406105041504,-2.6557864405142197,retain,ret_002,M_npo_s2
7,-4,real,12.781518936157227,11.873355865478516,13.083858489990234,-0.33291328792642483,retain,ret_002,M_npo_s2
7,-3,real,12.781518936157227,11.873355865478516,12.68185806274414,0.10973896278187673,retain,ret_002,M_npo_s2
7,-2,real,12.781518936157227,11.873355865478516,12.971309661865234,-0.2089830910721449,retain,ret_002,M_npo_s2
7,-1,real,12.781518936157227,11.873355865478516,16.250856399536133,-3.8201701603943388,retain,ret_002,M_npo_s2
7,-7,random_position,12.781518936157227,11.873355865478516,11.349502563476562,1.5768273550370795,retain,ret_002,M_npo_s2
8,-6,real,12.781518936157227,11.873355865478516,12.808122634887695,-0.02929396667779787,retain,ret_002,M_npo_s2
8,-5,real,12.781518936157227,11.873355865478516,14.14842414855957,-1.5051319047589045,retain,ret_002,M_npo_s2
8,-4,real,12.781518936157227,11.873355865478516,12.823007583618164,-0.04568413845536703,retain,ret_002,M_npo_s2
8,-3,real,12.781518936157227,11.873355865478516,12.487833023071289,0.3233845578707058,retain,ret_002,M_npo_s2
8,-2,real,12.781518936157227,11.873355865478516,12.805299758911133,-0.026185630666675067,retain,ret_002,M_npo_s2
8,-1,real,12.781518936157227,11.873355865478516,16.066329956054688,-3.616983695937531,retain,ret_002,M_npo_s2
8,-5,random_position,12.781518936157227,11.873355865478516,14.14842414855957,-1.5051319047589045,retain,ret_002,M_npo_s2
9,-6,real,12.781518936157227,11.873355865478516,12.822917938232422,-0.04558542778474353,retain,ret_002,M_npo_s2
9,-5,real,12.781518936157227,11.873355865478516,13.515954971313477,-0.8087050210127715,retain,ret_002,M_npo_s2
9,-4,real,12.781518936157227,11.873355865478516,12.775306701660156,0.006840439451504708,retain,ret_002,M_npo_s2
9,-3,real,12.781518936157227,11.873355865478516,12.645870208740234,0.14936604646962337,retain,ret_002,M_npo_s2
9,-2,real,12.781518936157227,11.873355865478516,12.816858291625977,-0.03891300649600222,retain,ret_002,M_npo_s2
9,-1,real,12.781518936157227,11.873355865478516,16.398433685302734,-3.9826710267379903,retain,ret_002,M_npo_s2
9,-10,random_position,12.781518936157227,11.873355865478516,12.780553817749023,0.0010627148794784716,retain,ret_002,M_npo_s2
10,-6,real,12.781518936157227,11.873355865478516,12.742809295654297,0.0426241076660387,retain,ret_002,M_npo_s2
10,-5,real,12.781518936157227,11.873355865478516,13.4190673828125,-0.7020197883391195,retain,ret_002,M_npo_s2
10,-4,real,12.781518936157227,11.873355865478516,12.881185531616211,-0.10974526346298034,retain,ret_002,M_npo_s2
10,-3,real,12.781518936157227,11.873355865478516,12.76943588256836,0.013304938263826319,retain,ret_002,M_npo_s2
10,-2,real,12.781518936157227,11.873355865478516,12.811399459838867,-0.03290215672314177,retain,ret_002,M_npo_s2
10,-1,real,12.781518936157227,11.873355865478516,14.484720230102539,-1.8754355345812883,retain,ret_002,M_npo_s2
10,-5,random_position,12.781518936157227,11.873355865478516,13.4190673828125,-0.7020197883391195,retain,ret_002,M_npo_s2
11,-6,real,12.781518936157227,11.873355865478516,12.781518936157227,-0.0,retain,ret_002,M_npo_s2
11,-5,real,12.781518936157227,11.873355865478516,12.781518936157227,-0.0,retain,ret_002,M_npo_s2
11,-4,real,12.781518936157227,11.873355865478516,12.781518936157227,-0.0,retain,ret_002,M_npo_s2
11,-3,real,12.781518936157227,11.873355865478516,12.781518936157227,-0.0,retain,ret_002,M_npo_s2
11,-2,real,12.781518936157227,11.873355865478516,12.781518936157227,-0.0,retain,ret_002,M_npo_s2
11,-1,real,12.781518936157227,11.873355865478516,12.009849548339844,0.8497035529540743,retain,ret_002,M_npo_s2
11,-6,random_position,12.781518936157227,11.873355865478516,12.781518936157227,-0.0,retain,ret_002,M_npo_s2
0,-6,real,12.575325012207031,8.737712860107422,12.576650619506836,-0.0003454250318337745,retain,ret_003,M_npo_s2
0,-5,real,12.575325012207031,8.737712860107422,12.579841613769531,-0.0011769301804062994,retain,ret_003,M_npo_s2
0,-4,real,12.575325012207031,8.737712860107422,12.571311950683594,0.0010457183697528943,retain,ret_003,M_npo_s2
0,-3,real,12.575325012207031,8.737712860107422,12.548192977905273,0.007070030327820781,retain,ret_003,M_npo_s2
0,-2,real,12.575325012207031,8.737712860107422,12.560327529907227,0.003908024496847438,retain,ret_003,M_npo_s2
0,-1,real,12.575325012207031,8.737712860107422,12.559450149536133,0.00413665113662231,retain,ret_003,M_npo_s2
0,-13,random_position,12.575325012207031,8.737712860107422,12.538860321044922,0.009501921954817413,retain,ret_003,M_npo_s2
1,-6,real,12.575325012207031,8.737712860107422,12.582551956176758,-0.0018831876915369377,retain,ret_003,M_npo_s2
1,-5,real,12.575325012207031,8.737712860107422,12.60931396484375,-0.008856797219104838,retain,ret_003,M_npo_s2
1,-4,real,12.575325012207031,8.737712860107422,12.578733444213867,-0.0008881647940819497,retain,ret_003,M_npo_s2
1,-3,real,12.575325012207031,8.737712860107422,12.540571212768555,0.00905610000725641,retain,ret_003,M_npo_s2
1,-2,real,12.575325012207031,8.737712860107422,12.555519104003906,0.005160997885700597,retain,ret_003,M_npo_s2
1,-1,real,12.575325012207031,8.737712860107422,12.518329620361328,0.014851785325549425,retain,ret_003,M_npo_s2
1,-3,random_position,12.575325012207031,8.737712860107422,12.540571212768555,0.00905610000725641,retain,ret_003,M_npo_s2
2,-6,real,12.575325012207031,8.737712860107422,12.574247360229492,0.0002808131553756584,retain,ret_003,M_npo_s2
2,-5,real,12.575325012207031,8.737712860107422,12.627937316894531,-0.01370964615554365,retain,ret_003,M_npo_s2
2,-4,real,12.575325012207031,8.737712860107422,12.58551025390625,-0.002654057079125692,retain,ret_003,M_npo_s2
2,-3,real,12.575325012207031,8.737712860107422,12.537199020385742,0.009934821527086789,retain,ret_003,M_npo_s2
2,-2,real,12.575325012207031,8.737712860107422,12.560831069946289,0.0037768126861940326,retain,ret_003,M_npo_s2
2,-1,real,12.575325012207031,8.737712860107422,12.454334259033203,0.031527613624954896,retain,ret_003,M_npo_s2
2,-9,random_position,12.575325012207031,8.737712860107422,11.848503112792969,0.18939430838950425,retain,ret_003,M_npo_s2
3,-6,real,12.575325012207031,8.737712860107422,12.564371109008789,0.002854353896145852,retain,ret_003,M_npo_s2
3,-5,real,12.575325012207031,8.737712860107422,12.622432708740234,-0.012275262498173472,retain,ret_003,M_npo_s2
3,-4,real,12.575325012207031,8.737712860107422,12.58340072631836,-0.002104359114797412,retain,ret_003,M_npo_s2
3,-3,real,12.575325012207031,8.737712860107422,12.557577133178711,0.004624719311098233,retain,ret_003,M_npo_s2
3,-2,real,12.575325012207031,8.737712860107422,12.566232681274414,0.002369267808275688,retain,ret_003,M_npo_s2
3,-1,real,12.575325012207031,8.737712860107422,12.397560119628906,0.04632174527612631,retain,ret_003,M_npo_s2
3,-13,random_position,12.575325012207031,8.737712860107422,12.589487075805664,-0.0036903321746270157,retain,ret_003,M_npo_s2
4,-6,real,12.575325012207031,8.737712860107422,12.56195068359375,0.0034850652132639237,retain,ret_003,M_npo_s2
4,-5,real,12.575325012207031,8.737712860107422,12.597663879394531,-0.005821033054441967,retain,ret_003,M_npo_s2
4,-4,real,12.575325012207031,8.737712860107422,12.559953689575195,0.004005439325968905,retain,ret_003,M_npo_s2
4,-3,real,12.575325012207031,8.737712860107422,12.564395904541016,0.00284789270850004,retain,ret_003,M_npo_s2
4,-2,real,12.575325012207031,8.737712860107422,12.565855026245117,0.0024676766662657416,retain,ret_003,M_npo_s2
4,-1,real,12.575325012207031,8.737712860107422,12.365907669067383,0.054569699813221975,retain,ret_003,M_npo_s2
4,-10,random_position,12.575325012207031,8.737712860107422,12.336339950561523,0.06227441757363517,retain,ret_003,M_npo_s2
5,-6,real,12.575325012207031,8.737712860107422,12.570409774780273,0.0012808061971735782,retain,ret_003,M_npo_s2
5,-5,real,12.575325012207031,8.737712860107422,12.577421188354492,-0.0005462188632882276,retain,ret_003,M_npo_s2
5,-4,real,12.575325012207031,8.737712860107422,12.557727813720703,0.00458545517078907,retain,ret_003,M_npo_s2
5,-3,real,12.575325012207031,8.737712860107422,12.590616226196289,-0.00398456471972859,retain,ret_003,M_npo_s2
5,-2,real,12.575325012207031,8.737712860107422,12.605976104736328,-0.007987021959091735,retain,ret_003,M_npo_s2
5,-1,real,12.575325012207031,8.737712860107422,12.204154968261719,0.09671900891345686,retain,ret_003,M_npo_s2
5,-12,random_position,12.575325012207031,8.737712860107422,12.577104568481445,-0.0004637144671955563,retain,ret_003,M_npo_s2
6,-6,real,12.575325012207031,8.737712860107422,12.54615592956543,0.007600841743645919,retain,ret_003,M_npo_s2
6,-5,real,12.575325012207031,8.737712860107422,12.532617568969727,0.011128650198259057,retain,ret_003,M_npo_s2
6,-4,real,12.575325012207031,8.737712860107422,12.505159378051758,0.018283669994343974,retain,ret_003,M_npo_s2
6,-3,real,12.575325012207031,8.737712860107422,12.597225189208984,-0.005706719734554531,retain,ret_003,M_npo_s2
6,-2,real,12.575325012207031,8.737712860107422,12.587339401245117,-0.0031306939216128715,retain,ret_003,M_npo_s2
6,-1,real,12.575325012207031,8.737712860107422,12.348272323608398,0.05916509527269691,retain,ret_003,M_npo_s2
6,-2,random_position,12.575325012207031,8.737712860107422,12.587339401245117,-0.0031306939216128715,retain,ret_003,M_npo_s2
7,-6,real,12.575325012207031,8.737712860107422,12.556621551513672,0.004873723542679126,retain,ret_003,M_npo_s2
7,-5,real,12.575325012207031,8.737712860107422,12.567619323730469,0.002007938314544531,retain,ret_003,M_npo_s2
7,-4,real,12.575325012207031,8.737712860107422,12.508171081542969,0.017498884202595013,retain,ret_003,M_npo_s2
7,-3,real,12.575325012207031,8.737712860107422,12.56104850769043,0.0037201530406846075,retain,ret_003,M_npo_s2
7,-2,real,12.575325012207031,8.737712860107422,12.583438873291016,-0.002114299403483276,retain,ret_003,M_npo_s2
7,-1,real,12.575325012207031,8.737712860107422,12.335769653320312,0.06242302488948884,retain,ret_003,M_npo_s2
7,-8,random_position,12.575325012207031,8.737712860107422,12.626441955566406,-0.01331998683905778,retain,ret_003,M_npo_s2
8,-6,real,12.575325012207031,8.737712860107422,12.543973922729492,0.00816942625647734,retain,ret_003,M_npo_s2
8,-5,real,12.575325012207031,8.737712860107422,12.585512161254883,-0.0026545540935599852,retain,ret_003,M_npo_s2
8,-4,real,12.575325012207031,8.737712860107422,12.505609512329102,0.01816637458785078,retain,ret_003,M_npo_s2
8,-3,real,12.575325012207031,8.737712860107422,12.53985595703125,0.009242480420116361,retain,ret_003,M_npo_s2
8,-2,real,12.575325012207031,8.737712860107422,12.570657730102539,0.0012161943207154623,retain,ret_003,M_npo_s2
8,-1,real,12.575325012207031,8.737712860107422,13.587146759033203,-0.2636591991904629,retain,ret_003,M_npo_s2
8,-5,random_position,12.575325012207031,8.737712860107422,12.585512161254883,-0.0026545540935599852,retain,ret_003,M_npo_s2
9,-6,real,12.575325012207031,8.737712860107422,12.557497024536133,0.004645593917338547,retain,ret_003,M_npo_s2
9,-5,real,12.575325012207031,8.737712860107422,12.640727996826172,-0.017042624951913853,retain,ret_003,M_npo_s2
9,-4,real,12.575325012207031,8.737712860107422,12.595012664794922,-0.005130182990774418,retain,ret_003,M_npo_s2
9,-3,real,12.575325012207031,8.737712860107422,12.400449752807617,0.04556876840817211,retain,ret_003,M_npo_s2
9,-2,real,12.575325012207031,8.737712860107422,12.547882080078125,0.007151043680610572,retain,ret_003,M_npo_s2
9,-1,real,12.575325012207031,8.737712860107422,13.55143928527832,-0.25435459196605986,retain,ret_003,M_npo_s2
9,-12,random_position,12.575325012207031,8.737712860107422,12.576683044433594,-0.00035387427721675894,retain,ret_003,M_npo_s2
10,-6,real,12.575325012207031,8.737712860107422,12.568418502807617,0.0017996892665756799,retain,ret_003,M_npo_s2
10,-5,real,12.575325012207031,8.737712860107422,12.651069641113281,-0.019737437214651588,retain,ret_003,M_npo_s2
10,-4,real,12.575325012207031,8.737712860107422,12.623403549194336,-0.012528242845228712,retain,ret_003,M_npo_s2
10,-3,real,12.575325012207031,8.737712860107422,12.455223083496094,0.031296004898574266,retain,ret_003,M_npo_s2
10,-2,real,12.575325012207031,8.737712860107422,12.517663955688477,0.015025243363117752,retain,ret_003,M_npo_s2
10,-1,real,12.575325012207031,8.737712860107422,13.058145523071289,-0.12581274285367797,retain,ret_003,M_npo_s2
10,-6,random_position,12.575325012207031,8.737712860107422,12.568418502807617,0.0017996892665756799,retain,ret_003,M_npo_s2
11,-6,real,12.575325012207031,8.737712860107422,12.575325012207031,-0.0,retain,ret_003,M_npo_s2
11,-5,real,12.575325012207031,8.737712860107422,12.575325012207031,-0.0,retain,ret_003,M_npo_s2
11,-4,real,12.575325012207031,8.737712860107422,12.575325012207031,-0.0,retain,ret_003,M_npo_s2
11,-3,real,12.575325012207031,8.737712860107422,12.575325012207031,-0.0,retain,ret_003,M_npo_s2
11,-2,real,12.575325012207031,8.737712860107422,12.575325012207031,-0.0,retain,ret_003,M_npo_s2
11,-1,real,12.575325012207031,8.737712860107422,8.779365539550781,0.9891461987839051,retain,ret_003,M_npo_s2
11,-6,random_position,12.575325012207031,8.737712860107422,12.575325012207031,-0.0,retain,ret_003,M_npo_s2
0,-6,real,13.146413803100586,9.385740280151367,13.258539199829102,-0.029815243478137382,retain,ret_003,M_npo_s2
0,-5,real,13.146413803100586,9.385740280151367,13.527116775512695,-0.10123265688683131,retain,ret_003,M_npo_s2
0,-4,real,13.146413803100586,9.385740280151367,13.621938705444336,-0.12644673871366288,retain,ret_003,M_npo_s2
0,-3,real,13.146413803100586,9.385740280151367,13.142269134521484,0.0011021080542644938,retain,ret_003,M_npo_s2
0,-2,real,13.146413803100586,9.385740280151367,13.152555465698242,-0.0016331283638894017,retain,ret_003,M_npo_s2
0,-1,real,13.146413803100586,9.385740280151367,13.142744064331055,0.0009758195565600028,retain,ret_003,M_npo_s2
0,-10,random_position,13.146413803100586,9.385740280151367,13.103132247924805,0.01150899032092494,retain,ret_003,M_npo_s2
1,-6,real,13.146413803100586,9.385740280151367,12.873010635375977,0.07270058569460702,retain,ret_003,M_npo_s2
1,-5,real,13.146413803100586,9.385740280151367,13.489229202270508,-0.09115797930288749,retain,ret_003,M_npo_s2
1,-4,real,13.146413803100586,9.385740280151367,14.096729278564453,-0.25269821207946946,retain,ret_003,M_npo_s2
1,-3,real,13.146413803100586,9.385740280151367,13.14825439453125,-0.0004894313264451158,retain,ret_003,M_npo_s2
1,-2,real,13.146413803100586,9.385740280151367,13.148361206054688,-0.0005178335588605836,retain,ret_003,M_npo_s2
1,-1,real,13.146413803100586,9.385740280151367,13.115951538085938,0.008100215248347092,retain,ret_003,M_npo_s2
1,-3,random_position,13.146413803100586,9.385740280151367,13.14825439453125,-0.0004894313264451158,retain,ret_003,M_npo_s2
2,-6,real,13.146413803100586,9.385740280151367,12.45610237121582,0.18356058500483852,retain,ret_003,M_npo_s2
2,-5,real,13.146413803100586,9.385740280151367,13.436357498168945,-0.0770988742572309,retain,ret_003,M_npo_s2
2,-4,real,13.146413803100586,9.385740280151367,14.704004287719727,-0.41417859729489026,retain,ret_003,M_npo_s2
2,-3,real,13.146413803100586,9.385740280151367,13.156400680541992,-0.0026556087308462445,retain,ret_003,M_npo_s2
2,-2,real,13.146413803100586,9.385740280151367,13.15716552734375,-0.0028589890022498623,retain,ret_003,M_npo_s2
2,-1,real,13.146413803100586,9.385740280151367,13.103647232055664,0.011372050986064648,retain,ret_003,M_npo_s2
2,-7,random_position,13.146413803100586,9.385740280151367,13.082151412963867,0.017088000259677553,retain,ret_003,M_npo_s2
3,-6,real,13.146413803100586,9.385740280151367,11.797660827636719,0.35864665391271183,retain,ret_003,M_npo_s2
3,-5,real,13.146413803100586,9.385740280151367,13.388385772705078,-0.0643427216236339,retain,ret_003,M_npo_s2
3,-4,real,13.146413803100586,9.385740280151367,15.358081817626953,-0.588104232135503,retain,ret_003,M_npo_s2
3,-3,real,13.146413803100586,9.385740280151367,13.117115020751953,0.007790833788107174,retain,ret_003,M_npo_s2
3,-2,real,13.146413803100586,9.385740280151367,13.141998291015625,0.001174128000746573,retain,ret_003,M_npo_s2
3,-1,real,13.146413803100586,9.385740280151367,13.094718933105469,0.013746173306364738,retain,ret_003,M_npo_s2
3,-10,random_position,13.146413803100586,9.385740280151367,13.139482498168945,0.001843102010675182,retain,ret_003,M_npo_s2
4,-6,real,13.146413803100586,9.385740280151367,11.579362869262695,0.41669422359454594,retain,ret_003,M_npo_s2
4,-5,real,13.146413803100586,9.385740280151367,13.30084228515625,-0.04106404906282777,retain,ret_003,M_npo_s2
4,-4,real,13.146413803100586,9.385740280151367,15.709182739257812,-0.681465413181476,retain,ret_003,M_npo_s2
4,-3,real,13.146413803100586,9.385740280151367,13.124055862426758,0.005945195863823468,retain,ret_003,M_npo_s2
4,-2,real,13.146413803100586,9.385740280151367,13.154541015625,-0.002161105577184081,retain,ret_003,M_npo_s2
4,-1,real,13.146413803100586,9.385740280151367,13.051036834716797,0.02536167199884768,retain,ret_003,M_npo_s2
4,-8,random_position,13.146413803100586,9.385740280151367,13.158287048339844,-0.003157212442612275,retain,ret_003,M_npo_s2
5,-6,real,13.146413803100586,9.385740280151367,11.229984283447266,0.5095974186428196,retain,ret_003,M_npo_s2
5,-5,real,13.146413803100586,9.385740280151367,13.313913345336914,-0.044539772254670644,retain,ret_003,M_npo_s2
5,-4,real,13.146413803100586,9.385740280151367,15.734672546386719,-0.6882434030743387,retain,ret_003,M_npo_s2
5,-3,real,13.146413803100586,9.385740280151367,13.145103454589844,0.00034843452981118603,retain,ret_003,M_npo_s2
5,-2,real,13.146413803100586,9.385740280151367,13.173046112060547,-0.007081792343163887,retain,ret_003,M_npo_s2
5,-1,real,13.146413803100586,9.385740280151367,13.042526245117188,0.027624721303094422,retain,ret_003,M_npo_s2
5,-9,random_position,13.146413803100586,9.385740280151367,13.16085433959961,-0.003839880386026913,retain,ret_003,M_npo_s2
6,-6,real,13.146413803100586,9.385740280151367,10.755971908569336,0.6356419614581706,retain,ret_003,M_npo_s2
6,-5,real,13.146413803100586,9.385740280151367,13.249473571777344,-0.027404604001874548,retain,ret_003,M_npo_s2
6,-4,real,13.146413803100586,9.385740280151367,15.509651184082031,-0.6284080142984952,retain,ret_003,M_npo_s2
6,-3,real,13.146413803100586,9.385740280151367,13.134553909301758,0.0031536621635603417,retain,ret_003,M_npo_s2
6,-2,real,13.146413803100586,9.385740280151367,13.167119979858398,-0.0055059756268271256,retain,ret_003,M_npo_s2
6,-1,real,13.146413803100586,9.385740280151367,13.022272109985352,0.03301049462487751,retain,ret_003,M_npo_s2
6,-2,random_position,13.146413803100586,9.385740280151367,13.167119979858398,-0.0055059756268271256,retain,ret_003,M_npo_s2
7,-6,real,13.146413803100586,9.385740280151367,10.549901962280273,0.6904379827111554,retain,ret_003,M_npo_s2
7,-5,real,13.146413803100586,9.385740280151367,13.237957000732422,-0.024342234728221068,retain,ret_003,M_npo_s2
7,-4,real,13.146413803100586,9.385740280151367,15.64340591430664,-0.6639747098407649,retain,ret_003,M_npo_s2
7,-3,real,13.146413803100586,9.385740280151367,13.178350448608398,-0.008492267492224889,retain,ret_003,M_npo_s2
7,-2,real,13.146413803100586,9.385740280151367,13.179489135742188,-0.008795055577082645,retain,ret_003,M_npo_s2
7,-1,real,13.146413803100586,9.385740280151367,13.07868766784668,0.01800904408229344,retain,ret_003,M_npo_s2
7,-7,random_position,13.146413803100586,9.385740280151367,13.05197525024414,0.02511213809976893,retain,ret_003,M_npo_s2
8,-6,real,13.146413803100586,9.385740280151367,10.035408020019531,0.8272469716119687,retain,ret_003,M_npo_s2
8,-5,real,13.146413803100586,9.385740280151367,13.147436141967773,-0.0002718499388337638,retain,ret_003,M_npo_s2
8,-4,real,13.146413803100586,9.385740280151367,14.416147232055664,-0.3376345809352044,retain,ret_003,M_npo_s2
8,-3,real,13.146413803100586,9.385740280151367,13.17927360534668,-0.008737743929530004,retain,ret_003,M_npo_s2
8,-2,real,13.146413803100586,9.385740280151367,13.15818977355957,-0.003131346123805331,retain,ret_003,M_npo_s2
8,-1,real,13.146413803100586,9.385740280151367,14.606958389282227,-0.38837314041455084,retain,ret_003,M_npo_s2
8,-4,random_position,13.146413803100586,9.385740280151367,14.416147232055664,-0.3376345809352044,retain,ret_003,M_npo_s2
9,-6,real,13.146413803100586,9.385740280151367,10.234916687011719,0.7741956589216484,retain,ret_003,M_npo_s2
9,-5,real,13.146413803100586,9.385740280151367,13.199928283691406,-0.0142300256228711,retain,ret_003,M_npo_s2
9,-4,real,13.146413803100586,9.385740280151367,14.143274307250977,-0.2650749920372313,retain,ret_003,M_npo_s2
9,-3,real,13.146413803100586,9.385740280151367,13.171247482299805,-0.006603519036596277,retain,ret_003,M_npo_s2
9,-2,real,13.146413803100586,9.385740280151367,13.155200958251953,-0.0023365907988939357,retain,ret_003,M_npo_s2
9,-1,real,13.146413803100586,9.385740280151367,14.492568969726562,-0.3579558710457499,retain,ret_003,M_npo_s2
9,-10,random_position,13.146413803100586,9.385740280151367,13.136585235595703,0.0026135125649447474,retain,ret_003,M_npo_s2
10,-6,real,13.146413803100586,9.385740280151367,11.62879753112793,0.4035490618134014,retain,ret_003,M_npo_s2
10,-5,real,13.146413803100586,9.385740280151367,13.258235931396484,-0.029734601425386323,retain,ret_003,M_npo_s2
10,-4,real,13.146413803100586,9.385740280151367,13.218734741210938,-0.019230847258880263,retain,ret_003,M_npo_s2
10,-3,real,13.146413803100586,9.385740280151367,13.167604446411133,-0.005634800038140141,retain,ret_003,M_npo_s2
10,-2,real,13.146413803100586,9.385740280151367,13.163618087768555,-0.004574788149777144,retain,ret_003,M_npo_s2
10,-1,real,13.146413803100586,9.385740280151367,14.04161262512207,-0.23804215297036632,retain,ret_003,M_npo_s2
10,-5,random_position,13.146413803100586,9.385740280151367,13.258235931396484,-0.029734601425386323,retain,ret_003,M_npo_s2
11,-6,real,13.146413803100586,9.385740280151367,13.146413803100586,-0.0,retain,ret_003,M_npo_s2
11,-5,real,13.146413803100586,9.385740280151367,13.146413803100586,-0.0,retain,ret_003,M_npo_s2
11,-4,real,13.146413803100586,9.385740280151367,13.146413803100586,-0.0,retain,ret_003,M_npo_s2
11,-3,real,13.146413803100586,9.385740280151367,13.146413803100586,-0.0,retain,ret_003,M_npo_s2
11,-2,real,13.146413803100586,9.385740280151367,13.146413803100586,-0.0,retain,ret_003,M_npo_s2
11,-1,real,13.146413803100586,9.385740280151367,9.430082321166992,0.9882090160858072,retain,ret_003,M_npo_s2
11,-5,random_position,13.146413803100586,9.385740280151367,13.146413803100586,-0.0,retain,ret_003,M_npo_s2
0,-6,real,11.185733795166016,8.150556564331055,11.174087524414062,0.0038370974299742288,retain,ret_003,M_npo_s2
0,-5,real,11.185733795166016,8.150556564331055,11.225963592529297,-0.013254513428269969,retain,ret_003,M_npo_s2
0,-4,real,11.185733795166016,8.150556564331055,11.298194885253906,-0.03705256119655101,retain,ret_003,M_npo_s2
0,-3,real,11.185733795166016,8.150556564331055,11.54088020324707,-0.11701010552960554,retain,ret_003,M_npo_s2
0,-2,real,11.185733795166016,8.150556564331055,11.5052490234375,-0.10527069886577511,retain,ret_003,M_npo_s2
0,-1,real,11.185733795166016,8.150556564331055,11.17863655090332,0.0023383294361176065,retain,ret_003,M_npo_s2
0,-11,random_position,11.185733795166016,8.150556564331055,11.154619216918945,0.01025132171227802,retain,ret_003,M_npo_s2
1,-6,real,11.185733795166016,8.150556564331055,11.157121658325195,0.009426842212093582,retain,ret_003,M_npo_s2
1,-5,real,11.185733795166016,8.150556564331055,11.41871452331543,-0.07676017261282707,retain,ret_003,M_npo_s2
1,-4,real,11.185733795166016,8.150556564331055,10.925775527954102,0.08564846380993736,retain,ret_003,M_npo_s2
1,-3,real,11.185733795166016,8.150556564331055,11.446800231933594,-0.08601357249104039,retain,ret_003,M_npo_s2
1,-2,real,11.185733795166016,8.150556564331055,12.002628326416016,-0.2691422836699644,retain,ret_003,M_npo_s2
1,-1,real,11.185733795166016,8.150556564331055,11.140460968017578,0.014916040713702635,retain,ret_003,M_npo_s2
1,-3,random_position,11.185733795166016,8.150556564331055,11.446800231933594,-0.08601357249104039,retain,ret_003,M_npo_s2
2,-6,real,11.185733795166016,8.150556564331055,11.172540664672852,0.004346741389310799,retain,ret_003,M_npo_s2
2,-5,real,11.185733795166016,8.150556564331055,11.262958526611328,-0.025443236283130784,retain,ret_003,M_npo_s2
2,-4,real,11.185733795166016,8.150556564331055,10.54690933227539,0.21047352899220578,retain,ret_003,M_npo_s2
2,-3,real,11.185733795166016,8.150556564331055,11.409185409545898,-0.07362061500389303,retain,ret_003,M_npo_s2
2,-2,real,11.185733795166016,8.150556564331055,12.626943588256836,-0.4748354654381587,retain,ret_003,M_npo_s2
2,-1,real,11.185733795166016,8.150556564331055,11.115209579467773,0.023235617011676566,retain,ret_003,M_npo_s2
2,-8,random_position,11.185733795166016,8.150556564331055,11.164487838745117,0.006999906366276275,retain,ret_003,M_npo_s2
3,-6,real,11.185733795166016,8.150556564331055,11.166259765625,0.00641610952506336,retain,ret_003,M_npo_s2
3,-5,real,11.185733795166016,8.150556564331055,11.289789199829102,-0.0342831395827455,retain,ret_003,M_npo_s2
3,-4,real,11.185733795166016,8.150556564331055,9.726194381713867,0.48087452641130846,retain,ret_003,M_npo_s2
3,-3,real,11.185733795166016,8.150556564331055,11.455162048339844,-0.08876854057702253,retain,ret_003,M_npo_s2
3,-2,real,11.185733795166016,8.150556564331055,13.245996475219727,-0.6787948522818036,retain,ret_003,M_npo_s2
3,-1,real,11.185733795166016,8.150556564331055,11.039041519165039,0.04833071179854045,retain,ret_003,M_npo_s2
3,-11,random_position,11.185733795166016,8.150556564331055,11.1949462890625,-0.003035240842904606,retain,ret_003,M_npo_s2
4,-6,real,11.185733795166016,8.150556564331055,11.200654983520508,-0.004916084702700359,retain,ret_003,M_npo_s2
4,-5,real,11.185733795166016,8.150556564331055,11.139932632446289,0.015090111461836088,retain,ret_003,M_npo_s2
4,-4,real,11.185733795166016,8.150556564331055,9.439760208129883,0.5752460084697673,retain,ret_003,M_npo_s2
4,-3,real,11.185733795166016,8.150556564331055,11.391546249389648,-0.06780903999039783,retain,ret_003,M_npo_s2
4,-2,real,11.185733795166016,8.150556564331055,13.595151901245117,-0.7938311086421413,retain,ret_003,M_npo_s2
4,-1,real,11.185733795166016,8.150556564331055,11.001945495605469,0.060552740608820294,retain,ret_003,M_npo_s2
4,-8,random_position,11.185733795166016,8.150556564331055,11.11911392211914,0.021949253035397947,retain,ret_003,M_npo_s2
5,-6,real,11.185733795166016,8.150556564331055,11.19831657409668,-0.004145648828290204,retain,ret_003,M_npo_s2
5,-5,real,11.185733795166016,8.150556564331055,11.141592025756836,0.014543391061561346,retain,ret_003,M_npo_s2
5,-4,real,11.185733795166016,8.150556564331055,8.958869934082031,0.7336849520551345,retain,ret_003,M_npo_s2
5,-3,real,11.185733795166016,8.150556564331055,11.380237579345703,-0.06408317188323812,retain,ret_003,M_npo_s2
5,-2,real,11.185733795166016,8.150556564331055,13.550466537475586,-0.779108619518421,retain,ret_003,M_npo_s2
5,-1,real,11.185733795166016,8.150556564331055,11.038549423217773,0.0484928426758633,retain,ret_003,M_npo_s2
5,-10,random_position,11.185733795166016,8.150556564331055,11.182353973388672,0.0011135500566515448,retain,ret_003,M_npo_s2
6,-6,real,11.185733795166016,8.150556564331055,11.192203521728516,-0.002131581146818307,retain,ret_003,M_npo_s2
6,-5,real,11.185733795166016,8.150556564331055,11.174848556518555,0.003586360142951674,retain,ret_003,M_npo_s2
6,-4,real,11.185733795166016,8.150556564331055,8.543092727661133,0.8706710898651234,retain,ret_003,M_npo_s2
6,-3,real,11.185733795166016,8.150556564331055,11.338212966918945,-0.050237320642716965,retain,ret_003,M_npo_s2
6,-2,real,11.185733795166016,8.150556564331055,13.67619514465332,-0.8205324302601572,retain,ret_003,M_npo_s2
6,-1,real,11.185733795166016,8.150556564331055,11.203954696655273,-0.006003241360717951,retain,ret_003,M_npo_s2
6,-2,random_position,11.185733795166016,8.150556564331055,13.67619514465332,-0.8205324302601572,retain,ret_003,M_npo_s2
7,-6,real,11.185733795166016,8.150556564331055,11.200141906738281,-0.004747041268592421,retain,ret_003,M_npo_s2
7,-5,real,11.185733795166016,8.150556564331055,11.220869064331055,-0.011576018958001191,retain,ret_003,M_npo_s2
7,-4,real,11.185733795166016,8.150556564331055,8.256338119506836,0.9651481455181181,retain,ret_003,M_npo_s2
7,-3,real,11.185733795166016,8.150556564331055,11.336860656738281,-0.049791774937205706,retain,ret_003,M_npo_s2
7,-2,real,11.185733795166016,8.150556564331055,13.592985153198242,-0.7931172300505183,retain,ret_003,M_npo_s2
7,-1,real,11.185733795166016,8.150556564331055,11.232719421386719,-0.015480356713066681,retain,ret_003,M_npo_s2
7,-7,random_position,11.185733795166016,8.150556564331055,11.201238632202148,-0.005108379464176303,retain,ret_003,M_npo_s2
8,-6,real,11.185733795166016,8.150556564331055,11.191244125366211,-0.0018154887774640594,retain,ret_003,M_npo_s2
8,-5,real,11.185733795166016,8.150556564331055,11.229856491088867,-0.014537106919029453,retain,ret_003,M_npo_s2
8,-4,real,11.185733795166016,8.150556564331055,7.9976806640625,1.0503680308073804,retain,ret_003,M_npo_s2
8,-3,real,11.185733795166016,8.150556564331055,11.301652908325195,-0.03819187623758332,retain,ret_003,M_npo_s2
8,-2,real,11.185733795166016,8.150556564331055,12.302383422851562,-0.3679026108726977,retain,ret_003,M_npo_s2
8,-1,real,11.185733795166016,8.150556564331055,12.593969345092773,-0.46397143982902106,retain,ret_003,M_npo_s2
8,-5,random_position,11.185733795166016,8.150556564331055,11.229856491088867,-0.014537106919029453,retain,ret_003,M_npo_s2
9,-6,real,11.185733795166016,8.150556564331055,11.180858612060547,0.0016062268311520028,retain,ret_003,M_npo_s2
9,-5,real,11.185733795166016,8.150556564331055,11.192562103271484,-0.002249723026417907,retain,ret_003,M_npo_s2
9,-4,real,11.185733795166016,8.150556564331055,8.073968887329102,1.0252333459225655,retain,ret_003,M_npo_s2
9,-3,real,11.185733795166016,8.150556564331055,11.311614990234375,-0.04147408388199134,retain,ret_003,M_npo_s2
9,-2,real,11.185733795166016,8.150556564331055,12.308937072753906,-0.3700618422466564,retain,ret_003,M_npo_s2
9,-1,real,11.185733795166016,8.150556564331055,12.467443466186523,-0.4222849519294517,retain,ret_003,M_npo_s2
9,-10,random_position,11.185733795166016,8.150556564331055,11.172576904296875,0.004334801518500201,retain,ret_003,M_npo_s2
10,-6,real,11.185733795166016,8.150556564331055,11.180746078491211,0.0016433032720901749,retain,ret_003,M_npo_s2
10,-5,real,11.185733795166016,8.150556564331055,11.182247161865234,0.001148741254830149,retain,ret_003,M_npo_s2
10,-4,real,11.185733795166016,8.150556564331055,9.034425735473633,0.7087915782435444,retain,ret_003,M_npo_s2
10,-3,real,11.185733795166016,8.150556564331055,11.406181335449219,-0.07263086255511979,retain,ret_003,M_npo_s2
10,-2,real,11.185733795166016,8.150556564331055,11.14736557006836,0.012641181117157155,retain,ret_003,M_npo_s2
10,-1,real,11.185733795166016,8.150556564331055,12.607152938842773,-0.4683150391470659,retain,ret_003,M_npo_s2
10,-5,random_position,11.185733795166016,8.150556564331055,11.182247161865234,0.001148741254830149,retain,ret_003,M_npo_s2
11,-6,real,11.185733795166016,8.150556564331055,11.185733795166016,-0.0,retain,ret_003,M_npo_s2
11,-5,real,11.185733795166016,8.150556564331055,11.185733795166016,-0.0,retain,ret_003,M_npo_s2
11,-4,real,11.185733795166016,8.150556564331055,11.185733795166016,-0.0,retain,ret_003,M_npo_s2
11,-3,real,11.185733795166016,8.150556564331055,11.185733795166016,-0.0,retain,ret_003,M_npo_s2
11,-2,real,11.185733795166016,8.150556564331055,11.185733795166016,-0.0,retain,ret_003,M_npo_s2
11,-1,real,11.185733795166016,8.150556564331055,8.18674087524414,0.9880783532027446,retain,ret_003,M_npo_s2
11,-6,random_position,11.185733795166016,8.150556564331055,11.185733795166016,-0.0,retain,ret_003,M_npo_s2
0,-6,real,12.277816772460938,8.839115142822266,12.648355484008789,-0.10775541220387494,retain,ret_003,M_npo_s2
0,-5,real,12.277816772460938,8.839115142822266,12.730569839477539,-0.13166395802248637,retain,ret_003,M_npo_s2
0,-4,real,12.277816772460938,8.839115142822266,12.26999282836914,0.002275261111450077,retain,ret_003,M_npo_s2
0,-3,real,12.277816772460938,8.839115142822266,12.278644561767578,-0.000240727284829189,retain,ret_003,M_npo_s2
0,-2,real,12.277816772460938,8.839115142822266,12.251623153686523,0.007617299084237909,retain,ret_003,M_npo_s2
0,-1,real,12.277816772460938,8.839115142822266,12.258625030517578,0.0055811012441274194,retain,ret_003,M_npo_s2
0,-11,random_position,12.277816772460938,8.839115142822266,12.2353515625,0.012349198777504755,retain,ret_003,M_npo_s2
1,-6,real,12.277816772460938,8.839115142822266,12.613563537597656,-0.09763765551592739,retain,ret_003,M_npo_s2
1,-5,real,12.277816772460938,8.839115142822266,13.215560913085938,-0.2727029680453943,retain,ret_003,M_npo_s2
1,-4,real,12.277816772460938,8.839115142822266,12.255216598510742,0.006572298612767421,retain,ret_003,M_npo_s2
1,-3,real,12.277816772460938,8.839115142822266,12.280683517456055,-0.0008336707582909472,retain,ret_003,M_npo_s2
1,-2,real,12.277816772460938,8.839115142822266,12.232088088989258,0.01329824113774149,retain,ret_003,M_npo_s2
1,-1,real,12.277816772460938,8.839115142822266,12.24245834350586,0.010282494023418217,retain,ret_003,M_npo_s2
1,-3,random_position,12.277816772460938,8.839115142822266,12.280683517456055,-0.0008336707582909472,retain,ret_003,M_npo_s2
2,-6,real,12.277816772460938,8.839115142822266,12.57000732421875,-0.08497118483307171,retain,ret_003,M_npo_s2
2,-5,real,12.277816772460938,8.839115142822266,13.829774856567383,-0.4513209493751629,retain,ret_003,M_npo_s2
2,-4,real,12.277816772460938,8.839115142822266,12.266109466552734,0.0034045715997271016,retain,ret_003,M_npo_s2
2,-3,real,12.277816772460938,8.839115142822266,12.266660690307617,0.0032442716335620426,retain,ret_003,M_npo_s2
2,-2,real,12.277816772460938,8.839115142822266,12.250167846679688,0.008040513181760193,retain,ret_003,M_npo_s2
2,-1,real,12.277816772460938,8.839115142822266,12.218835830688477,0.01715209637966132,retain,ret_003,M_npo_s2
2,-8,random_position,12.277816772460938,8.839115142822266,12.157649993896484,0.03494539262398287,retain,ret_003,M_npo_s2
3,-6,real,12.277816772460938,8.839115142822266,12.531856536865234,-0.07387665222672739,retain,ret_003,M_npo_s2
3,-5,real,12.277816772460938,8.839115142822266,14.482187271118164,-0.641047330090356,retain,ret_003,M_npo_s2
3,-4,real,12.277816772460938,8.839115142822266,12.273683547973633,0.0012019724106563424,retain,ret_003,M_npo_s2
3,-3,real,12.277816772460938,8.839115142822266,12.275184631347656,0.000765446205217237,retain,ret_003,M_npo_s2
3,-2,real,12.277816772460938,8.839115142822266,12.244150161743164,0.009790500701659021,retain,ret_003,M_npo_s2
3,-1,real,12.277816772460938,8.839115142822266,12.165233612060547,0.032740020079096106,retain,ret_003,M_npo_s2
3,-11,random_position,12.277816772460938,8.839115142822266,12.279977798461914,-0.0006284424279066155,retain,ret_003,M_npo_s2
4,-6,real,12.277816772460938,8.839115142822266,12.449918746948242,-0.05004853372678008,retain,ret_003,M_npo_s2
4,-5,real,12.277816772460938,8.839115142822266,14.917783737182617,-0.7677220209998502,retain,ret_003,M_npo_s2
4,-4,real,12.277816772460938,8.839115142822266,12.282661437988281,-0.0014088647545302767,retain,ret_003,M_npo_s2
4,-3,real,12.277816772460938,8.839115142822266,12.275691986083984,0.0006179036758057985,retain,ret_003,M_npo_s2
4,-2,real,12.277816772460938,8.839115142822266,12.255672454833984,0.006439732204762407,retain,ret_003,M_npo_s2
4,-1,real,12.277816772460938,8.839115142822266,12.123794555664062,0.04479080577079878,retain,ret_003,M_npo_s2
4,-8,random_position,12.277816772460938,8.839115142822266,12.022100448608398,0.07436420817918098,retain,ret_003,M_npo_s2
5,-6,real,12.277816772460938,8.839115142822266,12.459156036376953,-0.05273480617016202,retain,ret_003,M_npo_s2
5,-5,real,12.277816772460938,8.839115142822266,14.942495346069336,-0.774908340590281,retain,ret_003,M_npo_s2
5,-4,real,12.277816772460938,8.839115142822266,12.295804977416992,-0.005231103740147653,retain,ret_003,M_npo_s2
5,-3,real,12.277816772460938,8.839115142822266,12.284873962402344,-0.0020522833038433166,retain,ret_003,M_npo_s2
5,-2,real,12.277816772460938,8.839115142822266,12.25275993347168,0.007286715070970175,retain,ret_003,M_npo_s2
5,-1,real,12.277816772460938,8.839115142822266,12.149938583374023,0.0371879281368041,retain,ret_003,M_npo_s2
5,-10,random_position,12.277816772460938,8.839115142822266,12.293819427490234,-0.00465369105925552,retain,ret_003,M_npo_s2
6,-6,real,12.277816772460938,8.839115142822266,12.381946563720703,-0.030281717483789734,retain,ret_003,M_npo_s2
6,-5,real,12.277816772460938,8.839115142822266,15.064130783081055,-0.8102808300099286,retain,ret_003,M_npo_s2
6,-4,real,12.277816772460938,8.839115142822266,12.303552627563477,-0.007484178005069695,retain,ret_003,M_npo_s2
6,-3,real,12.277816772460938,8.839115142822266,12.281213760375977,-0.0009878693416607964,retain,ret_003,M_npo_s2
6,-2,real,12.277816772460938,8.839115142822266,12.253183364868164,0.007163578072739576,retain,ret_003,M_npo_s2
6,-1,real,12.277816772460938,8.839115142822266,12.166208267211914,0.03245658311470045,retain,ret_003,M_npo_s2
6,-2,random_position,12.277816772460938,8.839115142822266,12.253183364868164,0.007163578072739576,retain,ret_003,M_npo_s2
7,-6,real,12.277816772460938,8.839115142822266,12.364147186279297,-0.02510552618879897,retain,ret_003,M_npo_s2
7,-5,real,12.277816772460938,8.839115142822266,14.88473892211914,-0.7581123430973947,retain,ret_003,M_npo_s2
7,-4,real,12.277816772460938,8.839115142822266,12.321348190307617,-0.012659259957734058,retain,ret_003,M_npo_s2
7,-3,real,12.277816772460938,8.839115142822266,12.284523010253906,-0.0019502238098143515,retain,ret_003,M_npo_s2
7,-2,real,12.277816772460938,8.839115142822266,12.267572402954102,0.0029791388175520145,retain,ret_003,M_npo_s2
7,-1,real,12.277816772460938,8.839115142822266,12.322067260742188,-0.012868370986260796,retain,ret_003,M_npo_s2
7,-7,random_position,12.277816772460938,8.839115142822266,9.517723083496094,0.8026557655294059,retain,ret_003,M_npo_s2
8,-6,real,12.277816772460938,8.839115142822266,12.29854965209961,-0.006029275543993743,retain,ret_003,M_npo_s2
8,-5,real,12.277816772460938,8.839115142822266,13.58847427368164,-0.38114894584745435,retain,ret_003,M_npo_s2
8,-4,real,12.277816772460938,8.839115142822266,12.344121932983398,-0.01928203364635276,retain,ret_003,M_npo_s2
8,-3,real,12.277816772460938,8.839115142822266,12.285516738891602,-0.0022392074858420185,retain,ret_003,M_npo_s2
8,-2,real,12.277816772460938,8.839115142822266,12.263162612915039,0.004261538546872487,retain,ret_003,M_npo_s2
8,-1,real,12.277816772460938,8.839115142822266,13.758979797363281,-0.4307332198106353,retain,ret_003,M_npo_s2
8,-5,random_position,12.277816772460938,8.839115142822266,13.58847427368164,-0.38114894584745435,retain,ret_003,M_npo_s2
9,-6,real,12.277816772460938,8.839115142822266,12.306644439697266,-0.008383299960618347,retain,ret_003,M_npo_s2
9,-5,real,12.277816772460938,8.839115142822266,13.254682540893555,-0.2840798282738079,retain,ret_003,M_npo_s2
9,-4,real,12.277816772460938,8.839115142822266,12.35030746459961,-0.021080832228613268,retain,ret_003,M_npo_s2
9,-3,real,12.277816772460938,8.839115142822266,12.285575866699219,-0.0022564022919012465,retain,ret_003,M_npo_s2
9,-2,real,12.277816772460938,8.839115142822266,12.27273941040039,0.001476534636440786,retain,ret_003,M_npo_s2
9,-1,real,12.277816772460938,8.839115142822266,13.807907104492188,-0.44496164448906467,retain,ret_003,M_npo_s2
9,-10,random_position,12.277816772460938,8.839115142822266,12.28392219543457,-0.0017755023934060692,retain,ret_003,M_npo_s2
10,-6,real,12.277816772460938,8.839115142822266,12.34573745727539,-0.01975184012158392,retain,ret_003,M_npo_s2
10,-5,real,12.277816772460938,8.839115142822266,12.350088119506836,-0.021017045044845164,retain,ret_003,M_npo_s2
10,-4,real,12.277816772460938,8.839115142822266,12.359395980834961,-0.023723840321265538,retain,ret_003,M_npo_s2
10,-3,real,12.277816772460938,8.839115142822266,12.288043975830078,-0.0029741467770832064,retain,ret_003,M_npo_s2
10,-2,real,12.277816772460938,8.839115142822266,12.26811408996582,0.00282161220720296,retain,ret_003,M_npo_s2
10,-1,real,12.277816772460938,8.839115142822266,13.476985931396484,-0.34872730701603555,retain,ret_003,M_npo_s2
10,-5,random_position,12.277816772460938,8.839115142822266,12.350088119506836,-0.021017045044845164,retain,ret_003,M_npo_s2
11,-6,real,12.277816772460938,8.839115142822266,12.277816772460938,-0.0,retain,ret_003,M_npo_s2
11,-5,real,12.277816772460938,8.839115142822266,12.277816772460938,-0.0,retain,ret_003,M_npo_s2
11,-4,real,12.277816772460938,8.839115142822266,12.277816772460938,-0.0,retain,ret_003,M_npo_s2
11,-3,real,12.277816772460938,8.839115142822266,12.277816772460938,-0.0,retain,ret_003,M_npo_s2
11,-2,real,12.277816772460938,8.839115142822266,12.277816772460938,-0.0,retain,ret_003,M_npo_s2
11,-1,real,12.277816772460938,8.839115142822266,8.880552291870117,0.9879497689794605,retain,ret_003,M_npo_s2
11,-6,random_position,12.277816772460938,8.839115142822266,12.277816772460938,-0.0,retain,ret_003,M_npo_s2
0,-6,real,13.212993621826172,10.046661376953125,13.162775039672852,0.01586017457095183,retain,ret_003,M_npo_s2
0,-5,real,13.212993621826172,10.046661376953125,13.204614639282227,0.002646273952303216,retain,ret_003,M_npo_s2
0,-4,real,13.212993621826172,10.046661376953125,13.479501724243164,-0.08416934225665183,retain,ret_003,M_npo_s2
0,-3,real,13.212993621826172,10.046661376953125,13.545326232910156,-0.10495822465317728,retain,ret_003,M_npo_s2
0,-2,real,13.212993621826172,10.046661376953125,13.20721435546875,0.0018252242375321522,retain,ret_003,M_npo_s2
0,-1,real,13.212993621826172,10.046661376953125,13.204214096069336,0.002772774642033167,retain,ret_003,M_npo_s2
0,-12,random_position,13.212993621826172,10.046661376953125,13.187788009643555,0.007960507689434782,retain,ret_003,M_npo_s2
1,-6,real,13.212993621826172,10.046661376953125,13.37217903137207,-0.05027438601986663,retain,ret_003,M_npo_s2
1,-5,real,13.212993621826172,10.046661376953125,12.736539840698242,0.15047497997072412,retain,ret_003,M_npo_s2
1,-4,real,13.212993621826172,10.046661376953125,13.378532409667969,-0.05228092791267838,retain,ret_003,M_npo_s2
1,-3,real,13.212993621826172,10.046661376953125,14.006755828857422,-0.2506882239905546,retain,ret_003,M_npo_s2
1,-2,real,13.212993621826172,10.046661376953125,13.220184326171875,-0.002270988572771028,retain,ret_003,M_npo_s2
1,-1,real,13.212993621826172,10.046661376953125,13.174348831176758,0.012204907021993049,retain,ret_003,M_npo_s2
1,-3,random_position,13.212993621826172,10.046661376953125,14.006755828857422,-0.2506882239905546,retain,ret_003,M_npo_s2
2,-6,real,13.212993621826172,10.046661376953125,13.238727569580078,-0.008127368123030956,retain,ret_003,M_npo_s2
2,-5,real,13.212993621826172,10.046661376953125,12.300405502319336,0.28821615955953667,retain,ret_003,M_npo_s2
2,-4,real,13.212993621826172,10.046661376953125,13.32166862487793,-0.03432204666068298,retain,ret_003,M_npo_s2
2,-3,real,13.212993621826172,10.046661376953125,14.490964889526367,-0.4036124982681453,retain,ret_003,M_npo_s2
2,-2,real,13.212993621826172,10.046661376953125,13.227058410644531,-0.004441981362231713,retain,ret_003,M_npo_s2
2,-1,real,13.212993621826172,10.046661376953125,13.097841262817383,0.03636774352888734,retain,ret_003,M_npo_s2
2,-8,random_position,13.212993621826172,10.046661376953125,13.216358184814453,-0.0010626057937315897,retain,ret_003,M_npo_s2
3,-6,real,13.212993621826172,10.046661376953125,13.283870697021484,-0.02238459823983326,retain,ret_003,M_npo_s2
3,-5,real,13.212993621826172,10.046661376953125,11.567169189453125,0.5197889245634221,retain,ret_003,M_npo_s2
3,-4,real,13.212993621826172,10.046661376953125,13.400352478027344,-0.059172203581776675,retain,ret_003,M_npo_s2
3,-3,real,13.212993621826172,10.046661376953125,14.977317810058594,-0.5572138524279097,retain,ret_003,M_npo_s2
3,-2,real,13.212993621826172,10.046661376953125,13.202091217041016,0.0034432282976019084,retain,ret_003,M_npo_s2
3,-1,real,13.212993621826172,10.046661376953125,13.005327224731445,0.0655857885510852,retain,ret_003,M_npo_s2
3,-12,random_position,13.212993621826172,10.046661376953125,13.196989059448242,0.005054606131066762,retain,ret_003,M_npo_s2
4,-6,real,13.212993621826172,10.046661376953125,13.12237548828125,0.028619275090809422,retain,ret_003,M_npo_s2
4,-5,real,13.212993621826172,10.046661376953125,11.325183868408203,0.5962134126874168,retain,ret_003,M_npo_s2
4,-4,real,13.212993621826172,10.046661376953125,13.37788200378418,-0.05207551488792641,retain,ret_003,M_npo_s2
4,-3,real,13.212993621826172,10.046661376953125,14.880046844482422,-0.5264934611191094,retain,ret_003,M_npo_s2
4,-2,real,13.212993621826172,10.046661376953125,13.19282341003418,0.0063702133042582544,retain,ret_003,M_npo_s2
4,-1,real,13.212993621826172,10.046661376953125,12.956729888916016,0.08093393652074912,retain,ret_003,M_npo_s2
4,-9,random_position,13.212993621826172,10.046661376953125,13.233701705932617,-0.006540085659038474,retain,ret_003,M_npo_s2
5,-6,real,13.212993621826172,10.046661376953125,13.073528289794922,0.04404633539549537,retain,ret_003,M_npo_s2
5,-5,real,13.212993621826172,10.046661376953125,10.842330932617188,0.7487093917726361,retain,ret_003,M_npo_s2
5,-4,real,13.212993621826172,10.046661376953125,13.324686050415039,-0.035275018523315285,retain,ret_003,M_npo_s2
5,-3,real,13.212993621826172,10.046661376953125,15.161527633666992,-0.6153915196347142,retain,ret_003,M_npo_s2
5,-2,real,13.212993621826172,10.046661376953125,13.213665008544922,-0.0002120392513568705,retain,ret_003,M_npo_s2
5,-1,real,13.212993621826172,10.046661376953125,12.933692932128906,0.08820953333293174,retain,ret_003,M_npo_s2
5,-11,random_position,13.212993621826172,10.046661376953125,13.205434799194336,0.002387248730475221,retain,ret_003,M_npo_s2
6,-6,real,13.212993621826172,10.046661376953125,13.113096237182617,0.031549874402886625,retain,ret_003,M_npo_s2
6,-5,real,13.212993621826172,10.046661376953125,10.380603790283203,0.8945333630509557,retain,ret_003,M_npo_s2
6,-4,real,13.212993621826172,10.046661376953125,13.287403106689453,-0.023500213846404067,retain,ret_003,M_npo_s2
6,-3,real,13.212993621826172,10.046661376953125,15.29603385925293,-0.6578716560145054,retain,ret_003,M_npo_s2
6,-2,real,13.212993621826172,10.046661376953125,13.198493957519531,0.004579324968224232,retain,ret_003,M_npo_s2
6,-1,real,13.212993621826172,10.046661376953125,12.973060607910156,0.07577632268518797,retain,ret_003,M_npo_s2
6,-2,random_position,13.212993621826172,10.046661376953125,13.198493957519531,0.004579324968224232,retain,ret_003,M_npo_s2
7,-6,real,13.212993621826172,10.046661376953125,13.183544158935547,0.009300812616335455,retain,ret_003,M_npo_s2
7,-5,real,13.212993621826172,10.046661376953125,10.083072662353516,0.9885004849193106,retain,ret_003,M_npo_s2
7,-4,real,13.212993621826172,10.046661376953125,13.276361465454102,-0.02001301149951508,retain,ret_003,M_npo_s2
7,-3,real,13.212993621826172,10.046661376953125,15.166067123413086,-0.6168251941183203,retain,ret_003,M_npo_s2
7,-2,real,13.212993621826172,10.046661376953125,13.236961364746094,-0.007569560319745553,retain,ret_003,M_npo_s2
7,-1,real,13.212993621826172,10.046661376953125,12.959514617919922,0.08005445553500756,retain,ret_003,M_npo_s2
7,-8,random_position,13.212993621826172,10.046661376953125,13.227542877197266,-0.004594986958381273,retain,ret_003,M_npo_s2
8,-6,real,13.212993621826172,10.046661376953125,13.221385955810547,-0.0026504906419608813,retain,ret_003,M_npo_s2
8,-5,real,13.212993621826172,10.046661376953125,9.912513732910156,1.042366888143271,retain,ret_003,M_npo_s2
8,-4,real,13.212993621826172,10.046661376953125,13.20556640625,0.0023456842181353798,retain,ret_003,M_npo_s2
8,-3,real,13.212993621826172,10.046661376953125,14.094228744506836,-0.27831416747486554,retain,ret_003,M_npo_s2
8,-2,real,13.212993621826172,10.046661376953125,13.233419418334961,-0.006450932791990699,retain,ret_003,M_npo_s2
8,-1,real,13.212993621826172,10.046661376953125,14.07611083984375,-0.27259211960941404,retain,ret_003,M_npo_s2
8,-5,random_position,13.212993621826172,10.046661376953125,9.912513732910156,1.042366888143271,retain,ret_003,M_npo_s2
9,-6,real,13.212993621826172,10.046661376953125,13.201133728027344,0.0037456251844801727,retain,ret_003,M_npo_s2
9,-5,real,13.212993621826172,10.046661376953125,10.179666519165039,0.9579939400145777,retain,ret_003,M_npo_s2
9,-4,real,13.212993621826172,10.046661376953125,13.254074096679688,-0.012974151692398513,retain,ret_003,M_npo_s2
9,-3,real,13.212993621826172,10.046661376953125,14.227838516235352,-0.32051118326335637,retain,ret_003,M_npo_s2
9,-2,real,13.212993621826172,10.046661376953125,13.251224517822266,-0.012074189642605431,retain,ret_003,M_npo_s2
9,-1,real,13.212993621826172,10.046661376953125,13.735343933105469,-0.1649701518610661,retain,ret_003,M_npo_s2
9,-11,random_position,13.212993621826172,10.046661376953125,13.208024978637695,0.0015692109368882034,retain,ret_003,M_npo_s2
10,-6,real,13.212993621826172,10.046661376953125,13.208915710449219,0.0012878974982982645,retain,ret_003,M_npo_s2
10,-5,real,13.212993621826172,10.046661376953125,11.197135925292969,0.6366538760413718,retain,ret_003,M_npo_s2
10,-4,real,13.212993621826172,10.046661376953125,13.321521759033203,-0.03427566307444867,retain,ret_003,M_npo_s2
10,-3,real,13.212993621826172,10.046661376953125,13.14555549621582,0.021298499460866108,retain,ret_003,M_npo_s2
10,-2,real,13.212993621826172,10.046661376953125,13.21232795715332,0.0002102320986464426,retain,ret_003,M_npo_s2
10,-1,real,13.212993621826172,10.046661376953125,13.717679977416992,-0.15939147144397525,retain,ret_003,M_npo_s2
10,-6,random_position,13.212993621826172,10.046661376953125,13.208915710449219,0.0012878974982982645,retain,ret_003,M_npo_s2
11,-6,real,13.212993621826172,10.046661376953125,13.212993621826172,-0.0,retain,ret_003,M_npo_s2
11,-5,real,13.212993621826172,10.046661376953125,13.212993621826172,-0.0,retain,ret_003,M_npo_s2
11,-4,real,13.212993621826172,10.046661376953125,13.212993621826172,-0.0,retain,ret_003,M_npo_s2
11,-3,real,13.212993621826172,10.046661376953125,13.212993621826172,-0.0,retain,ret_003,M_npo_s2
11,-2,real,13.212993621826172,10.046661376953125,13.212993621826172,-0.0,retain,ret_003,M_npo_s2
11,-1,real,13.212993621826172,10.046661376953125,10.088071823120117,0.9869216358346334,retain,ret_003,M_npo_s2
11,-6,random_position,13.212993621826172,10.046661376953125,13.212993621826172,-0.0,retain,ret_003,M_npo_s2
0,-6,real,11.934612274169922,9.230430603027344,12.127229690551758,-0.07122946599236829,retain,ret_003,M_npo_s2
0,-5,real,11.934612274169922,9.230430603027344,12.32011604309082,-0.14255838394097772,retain,ret_003,M_npo_s2
0,-4,real,11.934612274169922,9.230430603027344,12.326852798461914,-0.1450496201781671,retain,ret_003,M_npo_s2
0,-3,real,11.934612274169922,9.230430603027344,11.937236785888672,-0.0009705382396298412,retain,ret_003,M_npo_s2
0,-2,real,11.934612274169922,9.230430603027344,11.963472366333008,-0.010672393970813319,retain,ret_003,M_npo_s2
0,-1,real,11.934612274169922,9.230430603027344,11.90621566772461,0.010500998046227526,retain,ret_003,M_npo_s2
0,-10,random_position,11.934612274169922,9.230430603027344,11.89571762084961,0.01438315100474689,retain,ret_003,M_npo_s2
1,-6,real,11.934612274169922,9.230430603027344,11.795103073120117,0.05159017330032375,retain,ret_003,M_npo_s2
1,-5,real,11.934612274169922,9.230430603027344,12.280689239501953,-0.12797844502281752,retain,ret_003,M_npo_s2
1,-4,real,11.934612274169922,9.230430603027344,12.75425910949707,-0.30310346530114196,retain,ret_003,M_npo_s2
1,-3,real,11.934612274169922,9.230430603027344,11.93889045715332,-0.0015820619705593996,retain,ret_003,M_npo_s2
1,-2,real,11.934612274169922,9.230430603027344,11.98300552368164,-0.01789570945922117,retain,ret_003,M_npo_s2
1,-1,real,11.934612274169922,9.230430603027344,11.847597122192383,0.03217799784168095,retain,ret_003,M_npo_s2
1,-3,random_position,11.934612274169922,9.230430603027344,11.93889045715332,-0.0015820619705593996,retain,ret_003,M_npo_s2
2,-6,real,11.934612274169922,9.230430603027344,11.394567489624023,0.1997072867954605,retain,ret_003,M_npo_s2
2,-5,real,11.934612274169922,9.230430603027344,12.230297088623047,-0.10934354655550618,retain,ret_003,M_npo_s2
2,-4,real,11.934612274169922,9.230430603027344,13.450803756713867,-0.5606840319656926,retain,ret_003,M_npo_s2
2,-3,real,11.934612274169922,9.230430603027344,11.895013809204102,0.01464341889022902,retain,ret_003,M_npo_s2
2,-2,real,11.934612274169922,9.230430603027344,12.018987655639648,-0.031201816937867215,retain,ret_003,M_npo_s2
2,-1,real,11.934612274169922,9.230430603027344,11.781721115112305,0.056538789789599156,retain,ret_003,M_npo_s2
2,-7,random_position,11.934612274169922,9.230430603027344,12.038440704345703,-0.03839550843930962,retain,ret_003,M_npo_s2
3,-6,real,11.934612274169922,9.230430603027344,10.762868881225586,0.4333079413445058,retain,ret_003,M_npo_s2
3,-5,real,11.934612274169922,9.230430603027344,12.205181121826172,-0.10005572130881596,retain,ret_003,M_npo_s2
3,-4,real,11.934612274169922,9.230430603027344,14.070075988769531,-0.7896894418699789,retain,ret_003,M_npo_s2
3,-3,real,11.934612274169922,9.230430603027344,11.901824951171875,0.012124674665143147,retain,ret_003,M_npo_s2
3,-2,real,11.934612274169922,9.230430603027344,12.039260864257812,-0.038698801639193946,retain,ret_003,M_npo_s2
3,-1,real,11.934612274169922,9.230430603027344,11.763328552246094,0.0633403161302609,retain,ret_003,M_npo_s2
3,-10,random_position,11.934612274169922,9.230430603027344,11.955289840698242,-0.007646515302199934,retain,ret_003,M_npo_s2
4,-6,real,11.934612274169922,9.230430603027344,10.656312942504883,0.4727120760066866,retain,ret_003,M_npo_s2
4,-5,real,11.934612274169922,9.230430603027344,12.112926483154297,-0.06594017365299026,retain,ret_003,M_npo_s2
4,-4,real,11.934612274169922,9.230430603027344,14.427413940429688,-0.9218321730605106,retain,ret_003,M_npo_s2
4,-3,real,11.934612274169922,9.230430603027344,11.908336639404297,0.0097166677246662,retain,ret_003,M_npo_s2
4,-2,real,11.934612274169922,9.230430603027344,12.018905639648438,-0.03117148761787878,retain,ret_003,M_npo_s2
4,-1,real,11.934612274169922,9.230430603027344,11.784595489501953,0.05547585292395805,retain,ret_003,M_npo_s2
4,-8,random_position,11.934612274169922,9.230430603027344,11.949020385742188,-0.005328085655642312,retain,ret_003,M_npo_s2
5,-6,real,11.934612274169922,9.230430603027344,10.414997100830078,0.561950104741954,retain,ret_003,M_npo_s2
5,-5,real,11.934612274169922,9.230430603027344,12.116172790527344,-0.0671406504581138,retain,ret_003,M_npo_s2
5,-4,real,11.934612274169922,9.230430603027344,14.285860061645508,-0.869485882759545,retain,ret_003,M_npo_s2
5,-3,real,11.934612274169922,9.230430603027344,11.920536041259766,0.0052053577096426076,retain,ret_003,M_npo_s2
5,-2,real,11.934612274169922,9.230430603027344,12.046503067016602,-0.04137695112747484,retain,ret_003,M_npo_s2
5,-1,real,11.934612274169922,9.230430603027344,11.897541046142578,0.013708852634771507,retain,ret_003,M_npo_s2
5,-9,random_position,11.934612274169922,9.230430603027344,11.951944351196289,-0.006409361179881081,retain,ret_003,M_npo_s2
6,-6,real,11.934612274169922,9.230430603027344,9.96738052368164,0.7274776585764969,retain,ret_003,M_npo_s2
6,-5,real,11.934612274169922,9.230430603027344,12.068155288696289,-0.049383891604421026,retain,ret_003,M_npo_s2
6,-4,real,11.934612274169922,9.230430603027344,14.287094116210938,-0.8699422332254174,retain,ret_003,M_npo_s2
6,-3,real,11.934612274169922,9.230430603027344,11.871711730957031,0.023260472432058796,retain,ret_003,M_npo_s2
6,-2,real,11.934612274169922,9.230430603027344,11.956764221191406,-0.008191737728968732,retain,ret_003,M_npo_s2
6,-1,real,11.934612274169922,9.230430603027344,12.241779327392578,-0.11358965135388674,retain,ret_003,M_npo_s2
6,-2,random_position,11.934612274169922,9.230430603027344,11.956764221191406,-0.008191737728968732,retain,ret_003,M_npo_s2
7,-6,real,11.934612274169922,9.230430603027344,9.74075698852539,0.8112825070356969,retain,ret_003,M_npo_s2
7,-5,real,11.934612274169922,9.230430603027344,12.029901504516602,-0.0352377324953977,retain,ret_003,M_npo_s2
7,-4,real,11.934612274169922,9.230430603027344,14.264188766479492,-0.8614718889523688,retain,ret_003,M_npo_s2
7,-3,real,11.934612274169922,9.230430603027344,11.893600463867188,0.015166070660262243,retain,ret_003,M_npo_s2
7,-2,real,11.934612274169922,9.230430603027344,11.996212005615234,-0.022779435310381797,retain,ret_003,M_npo_s2
7,-1,real,11.934612274169922,9.230430603027344,12.323287963867188,-0.14373135275820478,retain,ret_003,M_npo_s2
7,-7,random_position,11.934612274169922,9.230430603027344,11.88907241821289,0.016840531256832915,retain,ret_003,M_npo_s2
8,-6,real,11.934612274169922,9.230430603027344,9.173646926879883,1.0209984694273402,retain,ret_003,M_npo_s2
8,-5,real,11.934612274169922,9.230430603027344,11.979436874389648,-0.01657603137321286,retain,ret_003,M_npo_s2
8,-4,real,11.934612274169922,9.230430603027344,12.929351806640625,-0.3678523314783075,retain,ret_003,M_npo_s2
8,-3,real,11.934612274169922,9.230430603027344,11.883234024047852,0.01899955564019552,retain,ret_003,M_npo_s2
8,-2,real,11.934612274169922,9.230430603027344,11.971466064453125,-0.013628444670151011,retain,ret_003,M_npo_s2
8,-1,real,11.934612274169922,9.230430603027344,13.635370254516602,-0.6289362872680336,retain,ret_003,M_npo_s2
8,-4,random_position,11.934612274169922,9.230430603027344,12.929351806640625,-0.3678523314783075,retain,ret_003,M_npo_s2
9,-6,real,11.934612274169922,9.230430603027344,9.372859954833984,0.9473299618414834,retain,ret_003,M_npo_s2
9,-5,real,11.934612274169922,9.230430603027344,11.98276138305664,-0.01780542683227886,retain,ret_003,M_npo_s2
9,-4,real,11.934612274169922,9.230430603027344,12.803739547729492,-0.3214012145834656,retain,ret_003,M_npo_s2
9,-3,real,11.934612274169922,9.230430603027344,11.899024963378906,0.013160103542887774,retain,ret_003,M_npo_s2
9,-2,real,11.934612274169922,9.230430603027344,12.02725601196289,-0.03425943559251501,retain,ret_003,M_npo_s2
9,-1,real,11.934612274169922,9.230430603027344,13.61905288696289,-0.6229021632563815,retain,ret_003,M_npo_s2
9,-10,random_position,11.934612274169922,9.230430603027344,11.922435760498047,0.004502846018747752,retain,ret_003,M_npo_s2
10,-6,real,11.934612274169922,9.230430603027344,10.527149200439453,0.5204765229903299,retain,ret_003,M_npo_s2
10,-5,real,11.934612274169922,9.230430603027344,12.081300735473633,-0.05424504679884608,retain,ret_003,M_npo_s2
10,-4,real,11.934612274169922,9.230430603027344,12.042766571044922,-0.03999520373544369,retain,ret_003,M_npo_s2
10,-3,real,11.934612274169922,9.230430603027344,11.92430305480957,0.0038123249892436715,retain,ret_003,M_npo_s2
10,-2,real,11.934612274169922,9.230430603027344,12.020666122436523,-0.0318225099980956,retain,ret_003,M_npo_s2
10,-1,real,11.934612274169922,9.230430603027344,13.180591583251953,-0.4607602079321752,retain,ret_003,M_npo_s2
10,-5,random_position,11.934612274169922,9.230430603027344,12.081300735473633,-0.05424504679884608,retain,ret_003,M_npo_s2
11,-6,real,11.934612274169922,9.230430603027344,11.934612274169922,-0.0,retain,ret_003,M_npo_s2
11,-5,real,11.934612274169922,9.230430603027344,11.934612274169922,-0.0,retain,ret_003,M_npo_s2
11,-4,real,11.934612274169922,9.230430603027344,11.934612274169922,-0.0,retain,ret_003,M_npo_s2
11,-3,real,11.934612274169922,9.230430603027344,11.934612274169922,-0.0,retain,ret_003,M_npo_s2
11,-2,real,11.934612274169922,9.230430603027344,11.934612274169922,-0.0,retain,ret_003,M_npo_s2
11,-1,real,11.934612274169922,9.230430603027344,9.269725799560547,0.9854687290604259,retain,ret_003,M_npo_s2
11,-5,random_position,11.934612274169922,9.230430603027344,11.934612274169922,-0.0,retain,ret_003,M_npo_s2
0,-6,real,11.294979095458984,3.261962890625,11.301401138305664,-0.0007994559805338286,retain,ret_004,M_npo_s2
0,-5,real,11.294979095458984,3.261962890625,11.30357551574707,-0.0010701360571030488,retain,ret_004,M_npo_s2
0,-4,real,11.294979095458984,3.261962890625,11.303581237792969,-0.0010708483730940204,retain,ret_004,M_npo_s2
0,-3,real,11.294979095458984,3.261962890625,11.294662475585938,3.9414818167096985e-05,retain,ret_004,M_npo_s2
0,-2,real,11.294979095458984,3.261962890625,11.305891036987305,-0.0013583865947829027,retain,ret_004,M_npo_s2
0,-1,real,11.294979095458984,3.261962890625,11.288040161132812,0.0008638018583849327,retain,ret_004,M_npo_s2
0,-13,random_position,11.294979095458984,3.261962890625,11.267549514770508,0.003414605422054348,retain,ret_004,M_npo_s2
1,-6,real,11.294979095458984,3.261962890625,11.305545806884766,-0.0013154101966609477,retain,ret_004,M_npo_s2
1,-5,real,11.294979095458984,3.261962890625,11.314605712890625,-0.0024432438490326986,retain,ret_004,M_npo_s2
1,-4,real,11.294979095458984,3.261962890625,11.325275421142578,-0.0037714757335311354,retain,ret_004,M_npo_s2
1,-3,real,11.294979095458984,3.261962890625,11.296939849853516,-0.00024408694623961265,retain,ret_004,M_npo_s2
1,-2,real,11.294979095458984,3.261962890625,11.30255126953125,-0.0009426314947191266,retain,ret_004,M_npo_s2
1,-1,real,11.294979095458984,3.261962890625,11.323238372802734,-0.0035178912407452345,retain,ret_004,M_npo_s2
1,-3,random_position,11.294979095458984,3.261962890625,11.296939849853516,-0.00024408694623961265,retain,ret_004,M_npo_s2
2,-6,real,11.294979095458984,3.261962890625,11.305412292480469,-0.0012987894902049429,retain,ret_004,M_npo_s2
2,-5,real,11.294979095458984,3.261962890625,11.324516296386719,-0.0036769751453955657,retain,ret_004,M_npo_s2
2,-4,real,11.294979095458984,3.261962890625,11.335533142089844,-0.005048420866679615,retain,ret_004,M_npo_s2
2,-3,real,11.294979095458984,3.261962890625,11.294891357421875,1.0922178528231694e-05,retain,ret_004,M_npo_s2
2,-2,real,11.294979095458984,3.261962890625,11.330257415771484,-0.00439166552300377,retain,ret_004,M_npo_s2
2,-1,real,11.294979095458984,3.261962890625,11.38571548461914,-0.01129543210750083,retain,ret_004,M_npo_s2
2,-9,random_position,11.294979095458984,3.261962890625,10.613525390625,0.08483161087412094,retain,ret_004,M_npo_s2
3,-6,real,11.294979095458984,3.261962890625,11.289285659790039,0.0007087544110167741,retain,ret_004,M_npo_s2
3,-5,real,11.294979095458984,3.261962890625,11.324140548706055,-0.003630199728655095,retain,ret_004,M_npo_s2
3,-4,real,11.294979095458984,3.261962890625,11.319482803344727,-0.0030503745120041867,retain,ret_004,M_npo_s2
3,-3,real,11.294979095458984,3.261962890625,11.307004928588867,-0.0014970507743587139,retain,ret_004,M_npo_s2
3,-2,real,11.294979095458984,3.261962890625,11.331668853759766,-0.004567370134110106,retain,ret_004,M_npo_s2
3,-1,real,11.294979095458984,3.261962890625,11.467866897583008,-0.021522152789880553,retain,ret_004,M_npo_s2
3,-13,random_position,11.294979095458984,3.261962890625,11.311809539794922,-0.0020951587681112276,retain,ret_004,M_npo_s2
4,-6,real,11.294979095458984,3.261962890625,11.290679931640625,0.000535186747883353,retain,ret_004,M_npo_s2
4,-5,real,11.294979095458984,3.261962890625,11.282724380493164,0.0015255434139975791,retain,ret_004,M_npo_s2
4,-4,real,11.294979095458984,3.261962890625,11.325004577636719,-0.0037377594432918115,retain,ret_004,M_npo_s2
4,-3,real,11.294979095458984,3.261962890625,11.321006774902344,-0.0032400880042662977,retain,ret_004,M_npo_s2
4,-2,real,11.294979095458984,3.261962890625,11.31193733215332,-0.002111067158576261,retain,ret_004,M_npo_s2
4,-1,real,11.294979095458984,3.261962890625,11.54779052734375,-0.03147154511310866,retain,ret_004,M_npo_s2
4,-10,random_position,11.294979095458984,3.261962890625,11.406631469726562,-0.013899184493165804,retain,ret_004,M_npo_s2
5,-6,real,11.294979095458984,3.261962890625,11.296045303344727,-0.00013272821298438082,retain,ret_004,M_npo_s2
5,-5,real,11.294979095458984,3.261962890625,11.263809204101562,0.003880222641486138,retain,ret_004,M_npo_s2
5,-4,real,11.294979095458984,3.261962890625,11.342702865600586,-0.00594095280336707,retain,ret_004,M_npo_s2
5,-3,real,11.294979095458984,3.261962890625,11.336170196533203,-0.005127725380341124,retain,ret_004,M_npo_s2
5,-2,real,11.294979095458984,3.261962890625,11.309350967407227,-0.001789100330657083,retain,ret_004,M_npo_s2
5,-1,real,11.294979095458984,3.261962890625,11.552064895629883,-0.032003645158364465,retain,ret_004,M_npo_s2
5,-12,random_position,11.294979095458984,3.261962890625,11.308822631835938,-0.0017233298208240357,retain,ret_004,M_npo_s2
6,-6,real,11.294979095458984,3.261962890625,11.219280242919922,0.00942346568322738,retain,ret_004,M_npo_s2
6,-5,real,11.294979095458984,3.261962890625,11.219688415527344,0.009372653809204738,retain,ret_004,M_npo_s2
6,-4,real,11.294979095458984,3.261962890625,11.28805160522461,0.0008623772264029895,retain,ret_004,M_npo_s2
6,-3,real,11.294979095458984,3.261962890625,11.336395263671875,-0.005155743142652674,retain,ret_004,M_npo_s2
6,-2,real,11.294979095458984,3.261962890625,11.312114715576172,-0.0021331489542963816,retain,ret_004,M_npo_s2
6,-1,real,11.294979095458984,3.261962890625,11.502361297607422,-0.02581623102212121,retain,ret_004,M_npo_s2
6,-2,random_position,11.294979095458984,3.261962890625,11.312114715576172,-0.0021331489542963816,retain,ret_004,M_npo_s2
7,-6,real,11.294979095458984,3.261962890625,11.205921173095703,0.011086486083482484,retain,ret_004,M_npo_s2
7,-5,real,11.294979095458984,3.261962890625,11.2113037109375,0.010416434174641836,retain,ret_004,M_npo_s2
7,-4,real,11.294979095458984,3.261962890625,11.268610000610352,0.0032825895250609386,retain,ret_004,M_npo_s2
7,-3,real,11.294979095458984,3.261962890625,11.319450378417969,-0.003046338054722014,retain,ret_004,M_npo_s2
7,-2,real,11.294979095458984,3.261962890625,11.285848617553711,0.0011366188829270679,retain,ret_004,M_npo_s2
7,-1,real,11.294979095458984,3.261962890625,11.478450775146484,-0.022839699934514415,retain,ret_004,M_npo_s2
7,-8,random_position,11.294979095458984,3.261962890625,10.580944061279297,0.08888753812671342,retain,ret_004,M_npo_s2
8,-6,real,11.294979095458984,3.261962890625,11.176996231079102,0.014687243417844085,retain,ret_004,M_npo_s2
8,-5,real,11.294979095458984,3.261962890625,11.241661071777344,0.006637360403873669,retain,ret_004,M_npo_s2
8,-4,real,11.294979095458984,3.261962890625,11.303125381469727,-0.001014100532479947,retain,ret_004,M_npo_s2
8,-3,real,11.294979095458984,3.261962890625,11.271665573120117,0.002902212785882087,retain,ret_004,M_npo_s2
8,-2,real,11.294979095458984,3.261962890625,11.269783020019531,0.003136564746911754,retain,ret_004,M_npo_s2
8,-1,real,11.294979095458984,3.261962890625,11.173900604248047,0.015072606368959738,retain,ret_004,M_npo_s2
8,-5,random_position,11.294979095458984,3.261962890625,11.241661071777344,0.006637360403873669,retain,ret_004,M_npo_s2
9,-6,real,11.294979095458984,3.261962890625,11.094671249389648,0.024935571018616615,retain,ret_004,M_npo_s2
9,-5,real,11.294979095458984,3.261962890625,11.25457763671875,0.005029425773587038,retain,ret_004,M_npo_s2
9,-4,real,11.294979095458984,3.261962890625,11.268976211547852,0.003237001301638754,retain,ret_004,M_npo_s2
9,-3,real,11.294979095458984,3.261962890625,11.308526992797852,-0.001686526827957168,retain,ret_004,M_npo_s2
9,-2,real,11.294979095458984,3.261962890625,11.249435424804688,0.005669560410806879,retain,ret_004,M_npo_s2
9,-1,real,11.294979095458984,3.261962890625,10.785030364990234,0.06348160111539186,retain,ret_004,M_npo_s2
9,-12,random_position,11.294979095458984,3.261962890625,11.330221176147461,-0.004387154188394283,retain,ret_004,M_npo_s2
10,-6,real,11.294979095458984,3.261962890625,11.097002029418945,0.024645420971627505,retain,ret_004,M_npo_s2
10,-5,real,11.294979095458984,3.261962890625,11.098913192749023,0.024407507430642978,retain,ret_004,M_npo_s2
10,-4,real,11.294979095458984,3.261962890625,11.19664192199707,0.012241625182174814,retain,ret_004,M_npo_s2
10,-3,real,11.294979095458984,3.261962890625,11.301128387451172,-0.0007655022516308475,retain,ret_004,M_npo_s2
10,-2,real,11.294979095458984,3.261962890625,11.22488784790039,0.008725396012075181,retain,ret_004,M_npo_s2
10,-1,real,11.294979095458984,3.261962890625,7.7993927001953125,0.4351524142525882,retain,ret_004,M_npo_s2
10,-6,random_position,11.294979095458984,3.261962890625,11.097002029418945,0.024645420971627505,retain,ret_004,M_npo_s2
11,-6,real,11.294979095458984,3.261962890625,11.294979095458984,-0.0,retain,ret_004,M_npo_s2
11,-5,real,11.294979095458984,3.261962890625,11.294979095458984,-0.0,retain,ret_004,M_npo_s2
11,-4,real,11.294979095458984,3.261962890625,11.294979095458984,-0.0,retain,ret_004,M_npo_s2
11,-3,real,11.294979095458984,3.261962890625,11.294979095458984,-0.0,retain,ret_004,M_npo_s2
11,-2,real,11.294979095458984,3.261962890625,11.294979095458984,-0.0,retain,ret_004,M_npo_s2
11,-1,real,11.294979095458984,3.261962890625,3.0310821533203125,1.0287414753583781,retain,ret_004,M_npo_s2
11,-6,random_position,11.294979095458984,3.261962890625,11.294979095458984,-0.0,retain,ret_004,M_npo_s2
0,-6,real,11.178913116455078,4.8303070068359375,10.836057662963867,0.05400483942006274,retain,ret_004,M_npo_s2
0,-5,real,11.178913116455078,4.8303070068359375,11.511148452758789,-0.05233201281779349,retain,ret_004,M_npo_s2
0,-4,real,11.178913116455078,4.8303070068359375,11.17013931274414,0.0013820047360701432,retain,ret_004,M_npo_s2
0,-3,real,11.178913116455078,4.8303070068359375,11.176971435546875,0.0003058436568085665,retain,ret_004,M_npo_s2
0,-2,real,11.178913116455078,4.8303070068359375,11.166364669799805,0.001976567208392494,retain,ret_004,M_npo_s2
0,-1,real,11.178913116455078,4.8303070068359375,11.17491340637207,0.0006300138981606718,retain,ret_004,M_npo_s2
0,-10,random_position,11.178913116455078,4.8303070068359375,11.15774917602539,0.0033336357720509372,retain,ret_004,M_npo_s2
1,-6,real,11.178913116455078,4.8303070068359375,10.500114440917969,0.10692089945675197,retain,ret_004,M_npo_s2
1,-5,real,11.178913116455078,4.8303070068359375,11.630859375,-0.07118826569822184,retain,ret_004,M_npo_s2
1,-4,real,11.178913116455078,4.8303070068359375,11.118793487548828,0.009469736800202374,retain,ret_004,M_npo_s2
1,-3,real,11.178913116455078,4.8303070068359375,11.215551376342773,-0.005771071516341605,retain,ret_004,M_npo_s2
1,-2,real,11.178913116455078,4.8303070068359375,11.166677474975586,0.0019272957351934717,retain,ret_004,M_npo_s2
1,-1,real,11.178913116455078,4.8303070068359375,11.162651062011719,0.0025615157347247917,retain,ret_004,M_npo_s2
1,-3,random_position,11.178913116455078,4.8303070068359375,11.215551376342773,-0.005771071516341605,retain,ret_004,M_npo_s2
2,-6,real,11.178913116455078,4.8303070068359375,10.196126937866211,0.15480345789602398,retain,ret_004,M_npo_s2
2,-5,real,11.178913116455078,4.8303070068359375,11.556915283203125,-0.05954097013127242,retain,ret_004,M_npo_s2
2,-4,real,11.178913116455078,4.8303070068359375,11.071632385253906,0.016898312692391584,retain,ret_004,M_npo_s2
2,-3,real,11.178913116455078,4.8303070068359375,11.264755249023438,-0.013521414163385407,retain,ret_004,M_npo_s2
2,-2,real,11.178913116455078,4.8303070068359375,11.153663635253906,0.003977169281760121,retain,ret_004,M_npo_s2
2,-1,real,11.178913116455078,4.8303070068359375,11.153238296508789,0.004044166467878304,retain,ret_004,M_npo_s2
2,-7,random_position,11.178913116455078,4.8303070068359375,11.218589782714844,-0.006249665765158939,retain,ret_004,M_npo_s2
3,-6,real,11.178913116455078,4.8303070068359375,9.126646041870117,0.3232626247634819,retain,ret_004,M_npo_s2
3,-5,real,11.178913116455078,4.8303070068359375,11.454612731933594,-0.043426794908694555,retain,ret_004,M_npo_s2
3,-4,real,11.178913116455078,4.8303070068359375,10.926380157470703,0.039777701533844995,retain,ret_004,M_npo_s2
3,-3,real,11.178913116455078,4.8303070068359375,11.2451171875,-0.010428127041085799,retain,ret_004,M_npo_s2
3,-2,real,11.178913116455078,4.8303070068359375,11.181669235229492,-0.00043412974861333853,retain,ret_004,M_npo_s2
3,-1,real,11.178913116455078,4.8303070068359375,11.209842681884766,-0.004871867130459445,retain,ret_004,M_npo_s2
3,-10,random_position,11.178913116455078,4.8303070068359375,11.198871612548828,-0.003143760338747387,retain,ret_004,M_npo_s2
4,-6,real,11.178913116455078,4.8303070068359375,8.953838348388672,0.35048240978363215,retain,ret_004,M_npo_s2
4,-5,real,11.178913116455078,4.8303070068359375,11.31063461303711,-0.0207480971897835,retain,ret_004,M_npo_s2
4,-4,real,11.178913116455078,4.8303070068359375,10.682561874389648,0.07818271184179772,retain,ret_004,M_npo_s2
4,-3,real,11.178913116455078,4.8303070068359375,11.251104354858398,-0.011371195055547578,retain,ret_004,M_npo_s2
4,-2,real,11.178913116455078,4.8303070068359375,11.192008972167969,-0.0020627922864907837,retain,ret_004,M_npo_s2
4,-1,real,11.178913116455078,4.8303070068359375,11.262413024902344,-0.013152478986017116,retain,ret_004,M_npo_s2
4,-8,random_position,11.178913116455078,4.8303070068359375,11.198341369628906,-0.0030602391829588,retain,ret_004,M_npo_s2
5,-6,real,11.178913116455078,4.8303070068359375,8.798900604248047,0.3748874116793821,retain,ret_004,M_npo_s2
5,-5,real,11.178913116455078,4.8303070068359375,11.460931777954102,-0.044422138754477244,retain,ret_004,M_npo_s2
5,-4,real,11.178913116455078,4.8303070068359375,10.407754898071289,0.12146890279038773,retain,ret_004,M_npo_s2
5,-3,real,11.178913116455078,4.8303070068359375,11.244739532470703,-0.010368640750272344,retain,ret_004,M_npo_s2
5,-2,real,11.178913116455078,4.8303070068359375,11.215503692626953,-0.0057635606210368765,retain,ret_004,M_npo_s2
5,-1,real,11.178913116455078,4.8303070068359375,11.484518051147461,-0.04813732800800842,retain,ret_004,M_npo_s2
5,-9,random_position,11.178913116455078,4.8303070068359375,11.205018997192383,-0.004112064961433055,retain,ret_004,M_npo_s2
6,-6,real,11.178913116455078,4.8303070068359375,8.710777282714844,0.38876814707414575,retain,ret_004,M_npo_s2
6,-5,real,11.178913116455078,4.8303070068359375,11.223196029663086,-0.006975218251595765,retain,ret_004,M_npo_s2
6,-4,real,11.178913116455078,4.8303070068359375,10.225849151611328,0.15012176663468027,retain,ret_004,M_npo_s2
6,-3,real,11.178913116455078,4.8303070068359375,11.186120986938477,-0.0011353469342628418,retain,ret_004,M_npo_s2
6,-2,real,11.178913116455078,4.8303070068359375,11.180196762084961,-0.00020219330160330576,retain,ret_004,M_npo_s2
6,-1,real,11.178913116455078,4.8303070068359375,11.626581192016602,-0.07051438817148155,retain,ret_004,M_npo_s2
6,-2,random_position,11.178913116455078,4.8303070068359375,11.180196762084961,-0.00020219330160330576,retain,ret_004,M_npo_s2
7,-6,real,11.178913116455078,4.8303070068359375,8.158164978027344,0.4758128140680872,retain,ret_004,M_npo_s2
7,-5,real,11.178913116455078,4.8303070068359375,11.121795654296875,0.008996850831816634,retain,ret_004,M_npo_s2
7,-4,real,11.178913116455078,4.8303070068359375,10.321250915527344,0.13509456818060278,retain,ret_004,M_npo_s2
7,-3,real,11.178913116455078,4.8303070068359375,11.107303619384766,0.011279562132829882,retain,ret_004,M_npo_s2
7,-2,real,11.178913116455078,4.8303070068359375,11.159921646118164,0.002991439381967482,retain,ret_004,M_npo_s2
7,-1,real,11.178913116455078,4.8303070068359375,11.60529899597168,-0.06716212537907489,retain,ret_004,M_npo_s2
7,-7,random_position,11.178913116455078,4.8303070068359375,11.267679214477539,-0.013981982263471391,retain,ret_004,M_npo_s2
8,-6,real,11.178913116455078,4.8303070068359375,8.451385498046875,0.429626215788623,retain,ret_004,M_npo_s2
8,-5,real,11.178913116455078,4.8303070068359375,10.655313491821289,0.08247473785473207,retain,ret_004,M_npo_s2
8,-4,real,11.178913116455078,4.8303070068359375,10.341512680053711,0.13190303854771732,retain,ret_004,M_npo_s2
8,-3,real,11.178913116455078,4.8303070068359375,11.085094451904297,0.01477783672996048,retain,ret_004,M_npo_s2
8,-2,real,11.178913116455078,4.8303070068359375,11.141218185424805,0.0059375129562944,retain,ret_004,M_npo_s2
8,-1,real,11.178913116455078,4.8303070068359375,11.544631958007812,-0.05760616350077422,retain,ret_004,M_npo_s2
8,-4,random_position,11.178913116455078,4.8303070068359375,10.341512680053711,0.13190303854771732,retain,ret_004,M_npo_s2
9,-6,real,11.178913116455078,4.8303070068359375,8.752704620361328,0.3821639670506036,retain,ret_004,M_npo_s2
9,-5,real,11.178913116455078,4.8303070068359375,10.079689025878906,0.1731441629227357,retain,ret_004,M_npo_s2
9,-4,real,11.178913116455078,4.8303070068359375,10.858911514282227,0.050405017518412205,retain,ret_004,M_npo_s2
9,-3,real,11.178913116455078,4.8303070068359375,11.069192886352539,0.01728257009618152,retain,ret_004,M_npo_s2
9,-2,real,11.178913116455078,4.8303070068359375,11.119565963745117,0.009348060296265764,retain,ret_004,M_npo_s2
9,-1,real,11.178913116455078,4.8303070068359375,10.934215545654297,0.03854351121737192,retain,ret_004,M_npo_s2
9,-10,random_position,11.178913116455078,4.8303070068359375,11.216073989868164,-0.005853390928881435,retain,ret_004,M_npo_s2
10,-6,real,11.178913116455078,4.8303070068359375,10.660602569580078,0.08164162934753152,retain,ret_004,M_npo_s2
10,-5,real,11.178913116455078,4.8303070068359375,9.375629425048828,0.28404403427612096,retain,ret_004,M_npo_s2
10,-4,real,11.178913116455078,4.8303070068359375,11.169759750366211,0.0014417914626957864,retain,ret_004,M_npo_s2
10,-3,real,11.178913116455078,4.8303070068359375,10.980043411254883,0.031324939957902934,retain,ret_004,M_npo_s2
10,-2,real,11.178913116455078,4.8303070068359375,11.059526443481445,0.018805178792356193,retain,ret_004,M_npo_s2
10,-1,real,11.178913116455078,4.8303070068359375,9.20681381225586,0.3106350071413593,retain,ret_004,M_npo_s2
10,-5,random_position,11.178913116455078,4.8303070068359375,9.375629425048828,0.28404403427612096,retain,ret_004,M_npo_s2
11,-6,real,11.178913116455078,4.8303070068359375,11.178913116455078,-0.0,retain,ret_004,M_npo_s2
11,-5,real,11.178913116455078,4.8303070068359375,11.178913116455078,-0.0,retain,ret_004,M_npo_s2
11,-4,real,11.178913116455078,4.8303070068359375,11.178913116455078,-0.0,retain,ret_004,M_npo_s2
11,-3,real,11.178913116455078,4.8303070068359375,11.178913116455078,-0.0,retain,ret_004,M_npo_s2
11,-2,real,11.178913116455078,4.8303070068359375,11.178913116455078,-0.0,retain,ret_004,M_npo_s2
11,-1,real,11.178913116455078,4.8303070068359375,4.606754302978516,1.0352128798034428,retain,ret_004,M_npo_s2
11,-5,random_position,11.178913116455078,4.8303070068359375,11.178913116455078,-0.0,retain,ret_004,M_npo_s2
0,-6,real,11.884246826171875,4.637474060058594,11.852035522460938,0.004444917034181223,retain,ret_004,M_npo_s2
0,-5,real,11.884246826171875,4.637474060058594,12.172708511352539,-0.039805537511751865,retain,ret_004,M_npo_s2
0,-4,real,11.884246826171875,4.637474060058594,11.607229232788086,0.03822633913390444,retain,ret_004,M_npo_s2
0,-3,real,11.884246826171875,4.637474060058594,11.93464469909668,-0.006954526456310424,retain,ret_004,M_npo_s2
0,-2,real,11.884246826171875,4.637474060058594,11.803581237792969,0.011131242965987225,retain,ret_004,M_npo_s2
0,-1,real,11.884246826171875,4.637474060058594,11.855690002441406,0.003940626352188611,retain,ret_004,M_npo_s2
0,-11,random_position,11.884246826171875,4.637474060058594,11.881402969360352,0.00039243079689508544,retain,ret_004,M_npo_s2
1,-6,real,11.884246826171875,4.637474060058594,11.834808349609375,0.006822136992300882,retain,ret_004,M_npo_s2
1,-5,real,11.884246826171875,4.637474060058594,12.243782043457031,-0.04961314903737331,retain,ret_004,M_npo_s2
1,-4,real,11.884246826171875,4.637474060058594,11.362939834594727,0.07193643410689489,retain,ret_004,M_npo_s2
1,-3,real,11.884246826171875,4.637474060058594,11.962850570678711,-0.010846724058245048,retain,ret_004,M_npo_s2
1,-2,real,11.884246826171875,4.637474060058594,11.747795104980469,0.018829308658534147,retain,ret_004,M_npo_s2
1,-1,real,11.884246826171875,4.637474060058594,11.83016586303711,0.007462765134247654,retain,ret_004,M_npo_s2
1,-3,random_position,11.884246826171875,4.637474060058594,11.962850570678711,-0.010846724058245048,retain,ret_004,M_npo_s2
2,-6,real,11.884246826171875,4.637474060058594,11.874853134155273,0.0012962586684830957,retain,ret_004,M_npo_s2
2,-5,real,11.884246826171875,4.637474060058594,11.905082702636719,-0.002875193846600881,retain,ret_004,M_npo_s2
2,-4,real,11.884246826171875,4.637474060058594,11.121837615966797,0.10520672233165482,retain,ret_004,M_npo_s2
2,-3,real,11.884246826171875,4.637474060058594,11.871925354003906,0.0017002702534823957,retain,ret_004,M_npo_s2
2,-2,real,11.884246826171875,4.637474060058594,11.69706916809082,0.025829105468342863,retain,ret_004,M_npo_s2
2,-1,real,11.884246826171875,4.637474060058594,11.846281051635742,0.005238990618508837,retain,ret_004,M_npo_s2
2,-8,random_position,11.884246826171875,4.637474060058594,11.900253295898438,-0.0022087721311492667,retain,ret_004,M_npo_s2
3,-6,real,11.884246826171875,4.637474060058594,11.912765502929688,-0.003935362357595786,retain,ret_004,M_npo_s2
3,-5,real,11.884246826171875,4.637474060058594,12.045059204101562,-0.022190895605512035,retain,ret_004,M_npo_s2
3,-4,real,11.884246826171875,4.637474060058594,10.407596588134766,0.20376659869094982,retain,ret_004,M_npo_s2
3,-3,real,11.884246826171875,4.637474060058594,11.658563613891602,0.03114258161034017,retain,ret_004,M_npo_s2
3,-2,real,11.884246826171875,4.637474060058594,11.482412338256836,0.055450129441627034,retain,ret_004,M_npo_s2
3,-1,real,11.884246826171875,4.637474060058594,11.847639083862305,0.0050515924110042755,retain,ret_004,M_npo_s2
3,-11,random_position,11.884246826171875,4.637474060058594,11.897380828857422,-0.001812393338309563,retain,ret_004,M_npo_s2
4,-6,real,11.884246826171875,4.637474060058594,11.946195602416992,-0.00854846401901776,retain,ret_004,M_npo_s2
4,-5,real,11.884246826171875,4.637474060058594,12.06246566772461,-0.02459285633821797,retain,ret_004,M_npo_s2
4,-4,real,11.884246826171875,4.637474060058594,10.118894577026367,0.24360529936863648,retain,ret_004,M_npo_s2
4,-3,real,11.884246826171875,4.637474060058594,11.47296142578125,0.05675428410199937,retain,ret_004,M_npo_s2
4,-2,real,11.884246826171875,4.637474060058594,11.039262771606445,0.11660142822701293,retain,ret_004,M_npo_s2
4,-1,real,11.884246826171875,4.637474060058594,11.829553604125977,0.007547252247462491,retain,ret_004,M_npo_s2
4,-8,random_position,11.884246826171875,4.637474060058594,11.900201797485352,-0.0022016657384489537,retain,ret_004,M_npo_s2
5,-6,real,11.884246826171875,4.637474060058594,11.952310562133789,-0.009392282352247568,retain,ret_004,M_npo_s2
5,-5,real,11.884246826171875,4.637474060058594,12.04177474975586,-0.02173766567106982,retain,ret_004,M_npo_s2
5,-4,real,11.884246826171875,4.637474060058594,9.589574813842773,0.3166474355397542,retain,ret_004,M_npo_s2
5,-3,real,11.884246826171875,4.637474060058594,11.59626579284668,0.03973921117988228,retain,ret_004,M_npo_s2
5,-2,real,11.884246826171875,4.637474060058594,10.72804069519043,0.15954772811257367,retain,ret_004,M_npo_s2
5,-1,real,11.884246826171875,4.637474060058594,11.938879013061523,-0.007538829856113972,retain,ret_004,M_npo_s2
5,-10,random_position,11.884246826171875,4.637474060058594,11.909112930297852,-0.003431334875332816,retain,ret_004,M_npo_s2
6,-6,real,11.884246826171875,4.637474060058594,11.959793090820312,-0.010424814891630144,retain,ret_004,M_npo_s2
6,-5,real,11.884246826171875,4.637474060058594,12.039560317993164,-0.021432090784956347,retain,ret_004,M_npo_s2
6,-4,real,11.884246826171875,4.637474060058594,9.449441909790039,0.33598471967649596,retain,ret_004,M_npo_s2
6,-3,real,11.884246826171875,4.637474060058594,11.386539459228516,0.06867986385204385,retain,ret_004,M_npo_s2
6,-2,real,11.884246826171875,4.637474060058594,10.669961929321289,0.16756215988014936,retain,ret_004,M_npo_s2
6,-1,real,11.884246826171875,4.637474060058594,11.754505157470703,0.017903372009656273,retain,ret_004,M_npo_s2
6,-2,random_position,11.884246826171875,4.637474060058594,10.669961929321289,0.16756215988014936,retain,ret_004,M_npo_s2
7,-6,real,11.884246826171875,4.637474060058594,11.96463394165039,-0.011092815805459604,retain,ret_004,M_npo_s2
7,-5,real,11.884246826171875,4.637474060058594,11.960100173950195,-0.010467190048102383,retain,ret_004,M_npo_s2
7,-4,real,11.884246826171875,4.637474060058594,7.954141616821289,0.5423248853238778,retain,ret_004,M_npo_s2
7,-3,real,11.884246826171875,4.637474060058594,11.184064865112305,0.09661983115210944,retain,ret_004,M_npo_s2
7,-2,real,11.884246826171875,4.637474060058594,10.497859954833984,0.19131093468540789,retain,ret_004,M_npo_s2
7,-1,real,11.884246826171875,4.637474060058594,11.618036270141602,0.03673504946575719,retain,ret_004,M_npo_s2
7,-7,random_position,11.884246826171875,4.637474060058594,11.99677848815918,-0.015528520849103384,retain,ret_004,M_npo_s2
8,-6,real,11.884246826171875,4.637474060058594,11.909969329833984,-0.003549511553941732,retain,ret_004,M_npo_s2
8,-5,real,11.884246826171875,4.637474060058594,11.932392120361328,-0.006643687575604122,retain,ret_004,M_npo_s2
8,-4,real,11.884246826171875,4.637474060058594,8.358413696289062,0.48653838662776927,retain,ret_004,M_npo_s2
8,-3,real,11.884246826171875,4.637474060058594,10.644716262817383,0.1710458715016808,retain,ret_004,M_npo_s2
8,-2,real,11.884246826171875,4.637474060058594,10.600400924682617,0.1771610540201653,retain,ret_004,M_npo_s2
8,-1,real,11.884246826171875,4.637474060058594,10.989070892333984,0.1235275291125221,retain,ret_004,M_npo_s2
8,-5,random_position,11.884246826171875,4.637474060058594,11.932392120361328,-0.006643687575604122,retain,ret_004,M_npo_s2
9,-6,real,11.884246826171875,4.637474060058594,11.895341873168945,-0.0015310328273230797,retain,ret_004,M_npo_s2
9,-5,real,11.884246826171875,4.637474060058594,11.946041107177734,-0.00852714484091682,retain,ret_004,M_npo_s2
9,-4,real,11.884246826171875,4.637474060058594,9.781286239624023,0.29019270431405414,retain,ret_004,M_npo_s2
9,-3,real,11.884246826171875,4.637474060058594,10.450860977172852,0.19779643922349763,retain,ret_004,M_npo_s2
9,-2,real,11.884246826171875,4.637474060058594,11.209371566772461,0.0931276971392295,retain,ret_004,M_npo_s2
9,-1,real,11.884246826171875,4.637474060058594,10.195220947265625,0.2330728357875831,retain,ret_004,M_npo_s2
9,-10,random_position,11.884246826171875,4.637474060058594,11.889785766601562,-0.0007643320148781543,retain,ret_004,M_npo_s2
10,-6,real,11.884246826171875,4.637474060058594,11.882852554321289,0.00019239900236774478,retain,ret_004,M_npo_s2
10,-5,real,11.884246826171875,4.637474060058594,11.91734504699707,-0.004567304908464398,retain,ret_004,M_npo_s2
10,-4,real,11.884246826171875,4.637474060058594,11.552310943603516,0.0458046489494646,retain,ret_004,M_npo_s2
10,-3,real,11.884246826171875,4.637474060058594,10.545366287231445,0.1847554190192336,retain,ret_004,M_npo_s2
10,-2,real,11.884246826171875,4.637474060058594,11.457929611206055,0.05882856117130197,retain,ret_004,M_npo_s2
10,-1,real,11.884246826171875,4.637474060058594,8.482725143432617,0.4693843442484016,retain,ret_004,M_npo_s2
10,-5,random_position,11.884246826171875,4.637474060058594,11.91734504699707,-0.004567304908464398,retain,ret_004,M_npo_s2
11,-6,real,11.884246826171875,4.637474060058594,11.884246826171875,-0.0,retain,ret_004,M_npo_s2
11,-5,real,11.884246826171875,4.637474060058594,11.884246826171875,-0.0,retain,ret_004,M_npo_s2
11,-4,real,11.884246826171875,4.637474060058594,11.884246826171875,-0.0,retain,ret_004,M_npo_s2
11,-3,real,11.884246826171875,4.637474060058594,11.884246826171875,-0.0,retain,ret_004,M_npo_s2
11,-2,real,11.884246826171875,4.637474060058594,11.884246826171875,-0.0,retain,ret_004,M_npo_s2
11,-1,real,11.884246826171875,4.637474060058594,4.451040267944336,1.0257264575737828,retain,ret_004,M_npo_s2
11,-6,random_position,11.884246826171875,4.637474060058594,11.884246826171875,-0.0,retain,ret_004,M_npo_s2
0,-6,real,10.628826141357422,4.9444732666015625,10.959203720092773,-0.05812052594457221,retain,ret_004,M_npo_s2
0,-5,real,10.628826141357422,4.9444732666015625,10.61447525024414,0.0025246305831950334,retain,ret_004,M_npo_s2
0,-4,real,10.628826141357422,4.9444732666015625,10.624366760253906,0.000784501103603135,retain,ret_004,M_npo_s2
0,-3,real,10.628826141357422,4.9444732666015625,10.63125228881836,-0.0004268115499500375,retain,ret_004,M_npo_s2
0,-2,real,10.628826141357422,4.9444732666015625,10.623287200927734,0.000974418821584048,retain,ret_004,M_npo_s2
0,-1,real,10.628826141357422,4.9444732666015625,10.623939514160156,0.0008596628859842738,retain,ret_004,M_npo_s2
0,-11,random_position,10.628826141357422,4.9444732666015625,10.607431411743164,0.0037637933614697886,retain,ret_004,M_npo_s2
1,-6,real,10.628826141357422,4.9444732666015625,11.090991973876953,-0.0813049159161114,retain,ret_004,M_npo_s2
1,-5,real,10.628826141357422,4.9444732666015625,10.569881439208984,0.010369641619226384,retain,ret_004,M_npo_s2
1,-4,real,10.628826141357422,4.9444732666015625,10.627153396606445,0.00029427179976901173,retain,ret_004,M_npo_s2
1,-3,real,10.628826141357422,4.9444732666015625,10.626760482788086,0.00036339379606595176,retain,ret_004,M_npo_s2
1,-2,real,10.628826141357422,4.9444732666015625,10.622703552246094,0.001077095185015425,retain,ret_004,M_npo_s2
1,-1,real,10.628826141357422,4.9444732666015625,10.593017578125,0.006299496885819186,retain,ret_004,M_npo_s2
1,-3,random_position,10.628826141357422,4.9444732666015625,10.626760482788086,0.00036339379606595176,retain,ret_004,M_npo_s2
2,-6,real,10.628826141357422,4.9444732666015625,11.031299591064453,-0.07080374117771802,retain,ret_004,M_npo_s2
2,-5,real,10.628826141357422,4.9444732666015625,10.52086067199707,0.018993449516448015,retain,ret_004,M_npo_s2
2,-4,real,10.628826141357422,4.9444732666015625,10.625179290771484,0.0006415594996104338,retain,ret_004,M_npo_s2
2,-3,real,10.628826141357422,4.9444732666015625,10.621112823486328,0.0013569386069166287,retain,ret_004,M_npo_s2
2,-2,real,10.628826141357422,4.9444732666015625,10.667978286743164,-0.006887704941685865,retain,ret_004,M_npo_s2
2,-1,real,10.628826141357422,4.9444732666015625,10.596263885498047,0.00572840155719107,retain,ret_004,M_npo_s2
2,-8,random_position,10.628826141357422,4.9444732666015625,10.687234878540039,-0.010275353847578616,retain,ret_004,M_npo_s2
3,-6,real,10.628826141357422,4.9444732666015625,10.951488494873047,-0.05676325179398424,retain,ret_004,M_npo_s2
3,-5,real,10.628826141357422,4.9444732666015625,10.38299560546875,0.04324688162489036,retain,ret_004,M_npo_s2
3,-4,real,10.628826141357422,4.9444732666015625,10.610191345214844,0.0032782616690344864,retain,ret_004,M_npo_s2
3,-3,real,10.628826141357422,4.9444732666015625,10.608612060546875,0.0035560918289076243,retain,ret_004,M_npo_s2
3,-2,real,10.628826141357422,4.9444732666015625,10.683774948120117,-0.009666677627759931,retain,ret_004,M_npo_s2
3,-1,real,10.628826141357422,4.9444732666015625,10.645469665527344,-0.0029279540761509653,retain,ret_004,M_npo_s2
3,-11,random_position,10.628826141357422,4.9444732666015625,10.65097427368164,-0.0038963331116508145,retain,ret_004,M_npo_s2
4,-6,real,10.628826141357422,4.9444732666015625,10.82905387878418,-0.03522436798671784,retain,ret_004,M_npo_s2
4,-5,real,10.628826141357422,4.9444732666015625,10.147285461425781,0.0847133685296275,retain,ret_004,M_npo_s2
4,-4,real,10.628826141357422,4.9444732666015625,10.613304138183594,0.002730654397400476,retain,ret_004,M_npo_s2
4,-3,real,10.628826141357422,4.9444732666015625,10.632219314575195,-0.0005969321913216327,retain,ret_004,M_npo_s2
4,-2,real,10.628826141357422,4.9444732666015625,10.648767471313477,-0.0035081090839053793,retain,ret_004,M_npo_s2
4,-1,real,10.628826141357422,4.9444732666015625,10.678033828735352,-0.008656691177013379,retain,ret_004,M_npo_s2
4,-8,random_position,10.628826141357422,4.9444732666015625,10.786155700683594,-0.027677655274511635,retain,ret_004,M_npo_s2
5,-6,real,10.628826141357422,4.9444732666015625,11.032428741455078,-0.07100238303115389,retain,ret_004,M_npo_s2
5,-5,real,10.628826141357422,4.9444732666015625,9.875120162963867,0.13259310162476956,retain,ret_004,M_npo_s2
5,-4,real,10.628826141357422,4.9444732666015625,10.61871337890625,0.001779052545467845,retain,ret_004,M_npo_s2
5,-3,real,10.628826141357422,4.9444732666015625,10.64008903503418,-0.0019813853792885,retain,ret_004,M_npo_s2
5,-2,real,10.628826141357422,4.9444732666015625,10.661245346069336,-0.005703235781840242,retain,ret_004,M_npo_s2
5,-1,real,10.628826141357422,4.9444732666015625,10.735240936279297,-0.018720652511645043,retain,ret_004,M_npo_s2
5,-10,random_position,10.628826141357422,4.9444732666015625,10.657081604003906,-0.004970743947295485,retain,ret_004,M_npo_s2
6,-6,real,10.628826141357422,4.9444732666015625,10.856922149658203,-0.040126996568730415,retain,ret_004,M_npo_s2
6,-5,real,10.628826141357422,4.9444732666015625,9.777515411376953,0.14976387791847498,retain,ret_004,M_npo_s2
6,-4,real,10.628826141357422,4.9444732666015625,10.603443145751953,0.004465415178250865,retain,ret_004,M_npo_s2
6,-3,real,10.628826141357422,4.9444732666015625,10.634410858154297,-0.0009824718696963127,retain,ret_004,M_npo_s2
6,-2,real,10.628826141357422,4.9444732666015625,10.658830642700195,-0.005278437493918271,retain,ret_004,M_npo_s2
6,-1,real,10.628826141357422,4.9444732666015625,10.692523956298828,-0.011205816448216551,retain,ret_004,M_npo_s2
6,-2,random_position,10.628826141357422,4.9444732666015625,10.658830642700195,-0.005278437493918271,retain,ret_004,M_npo_s2
7,-6,real,10.628826141357422,4.9444732666015625,10.815462112426758,-0.032833283784717865,retain,ret_004,M_npo_s2
7,-5,real,10.628826141357422,4.9444732666015625,9.887226104736328,0.13046340594274686,retain,ret_004,M_npo_s2
7,-4,real,10.628826141357422,4.9444732666015625,10.588470458984375,0.0070994329983041626,retain,ret_004,M_npo_s2
7,-3,real,10.628826141357422,4.9444732666015625,10.632730484008789,-0.0006868578952419236,retain,ret_004,M_npo_s2
7,-2,real,10.628826141357422,4.9444732666015625,10.661687850952148,-0.0057810819135921355,retain,ret_004,M_npo_s2
7,-1,real,10.628826141357422,4.9444732666015625,10.724002838134766,-0.01674362920008402,retain,ret_004,M_npo_s2
7,-7,random_position,10.628826141357422,4.9444732666015625,7.923101425170898,0.4759952057520238,retain,ret_004,M_npo_s2
8,-6,real,10.628826141357422,4.9444732666015625,10.337303161621094,0.05128516581561607,retain,ret_004,M_npo_s2
8,-5,real,10.628826141357422,4.9444732666015625,9.951990127563477,0.1190700205822488,retain,ret_004,M_npo_s2
8,-4,real,10.628826141357422,4.9444732666015625,10.557024002075195,0.012631541507758776,retain,ret_004,M_npo_s2
8,-3,real,10.628826141357422,4.9444732666015625,10.62960433959961,-0.0001369018179085026,retain,ret_004,M_npo_s2
8,-2,real,10.628826141357422,4.9444732666015625,10.648614883422852,-0.0034812655901978297,retain,ret_004,M_npo_s2
8,-1,real,10.628826141357422,4.9444732666015625,10.694351196289062,-0.011527267285364457,retain,ret_004,M_npo_s2
8,-5,random_position,10.628826141357422,4.9444732666015625,9.951990127563477,0.1190700205822488,retain,ret_004,M_npo_s2
9,-6,real,10.628826141357422,4.9444732666015625,9.773744583129883,0.15042724775672278,retain,ret_004,M_npo_s2
9,-5,real,10.628826141357422,4.9444732666015625,10.430313110351562,0.03492271422617925,retain,ret_004,M_npo_s2
9,-4,real,10.628826141357422,4.9444732666015625,10.522516250610352,0.018702197609721104,retain,ret_004,M_npo_s2
9,-3,real,10.628826141357422,4.9444732666015625,10.63029670715332,-0.0002587041706065086,retain,ret_004,M_npo_s2
9,-2,real,10.628826141357422,4.9444732666015625,10.643037796020508,-0.0025001358951868943,retain,ret_004,M_npo_s2
9,-1,real,10.628826141357422,4.9444732666015625,10.271297454833984,0.0628969901061593,retain,ret_004,M_npo_s2
9,-10,random_position,10.628826141357422,4.9444732666015625,10.668386459350586,-0.00695951128735356,retain,ret_004,M_npo_s2
10,-6,real,10.628826141357422,4.9444732666015625,9.120494842529297,0.2653479352991271,retain,ret_004,M_npo_s2
10,-5,real,10.628826141357422,4.9444732666015625,10.686996459960938,-0.01023341088866057,retain,ret_004,M_npo_s2
10,-4,real,10.628826141357422,4.9444732666015625,10.499664306640625,0.02272234633609799,retain,ret_004,M_npo_s2
10,-3,real,10.628826141357422,4.9444732666015625,10.618583679199219,0.0018018695151192623,retain,ret_004,M_npo_s2
10,-2,real,10.628826141357422,4.9444732666015625,10.60136604309082,0.004830822236344882,retain,ret_004,M_npo_s2
10,-1,real,10.628826141357422,4.9444732666015625,8.508560180664062,0.37300041137654105,retain,ret_004,M_npo_s2
10,-5,random_position,10.628826141357422,4.9444732666015625,10.686996459960938,-0.01023341088866057,retain,ret_004,M_npo_s2
11,-6,real,10.628826141357422,4.9444732666015625,10.628826141357422,-0.0,retain,ret_004,M_npo_s2
11,-5,real,10.628826141357422,4.9444732666015625,10.628826141357422,-0.0,retain,ret_004,M_npo_s2
11,-4,real,10.628826141357422,4.9444732666015625,10.628826141357422,-0.0,retain,ret_004,M_npo_s2
11,-3,real,10.628826141357422,4.9444732666015625,10.628826141357422,-0.0,retain,ret_004,M_npo_s2
11,-2,real,10.628826141357422,4.9444732666015625,10.628826141357422,-0.0,retain,ret_004,M_npo_s2
11,-1,real,10.628826141357422,4.9444732666015625,4.699943542480469,1.0430180408410334,retain,ret_004,M_npo_s2
11,-6,random_position,10.628826141357422,4.9444732666015625,10.628826141357422,-0.0,retain,ret_004,M_npo_s2
0,-6,real,11.763423919677734,5.007194519042969,12.131597518920898,-0.054493945869951245,retain,ret_004,M_npo_s2
0,-5,real,11.763423919677734,5.007194519042969,11.476696014404297,0.0424390422928059,retain,ret_004,M_npo_s2
0,-4,real,11.763423919677734,5.007194519042969,12.075389862060547,-0.04617456333757739,retain,ret_004,M_npo_s2
0,-3,real,11.763423919677734,5.007194519042969,11.776763916015625,-0.001974473563114553,retain,ret_004,M_npo_s2
0,-2,real,11.763423919677734,5.007194519042969,11.771163940429688,-0.001145612484861146,retain,ret_004,M_npo_s2
0,-1,real,11.763423919677734,5.007194519042969,11.774799346923828,-0.001683694642610122,retain,ret_004,M_npo_s2
0,-12,random_position,11.763423919677734,5.007194519042969,11.76559829711914,-0.00032183297997577786,retain,ret_004,M_npo_s2
1,-6,real,11.763423919677734,5.007194519042969,12.22092056274414,-0.06771478822542988,retain,ret_004,M_npo_s2
1,-5,real,11.763423919677734,5.007194519042969,11.197246551513672,0.08380079103158762,retain,ret_004,M_npo_s2
1,-4,real,11.763423919677734,5.007194519042969,12.22273063659668,-0.06798270006577814,retain,ret_004,M_npo_s2
1,-3,real,11.763423919677734,5.007194519042969,11.795391082763672,-0.00473150942490705,retain,ret_004,M_npo_s2
1,-2,real,11.763423919677734,5.007194519042969,11.77182388305664,-0.0012432916173801102,retain,ret_004,M_npo_s2
1,-1,real,11.763423919677734,5.007194519042969,11.740898132324219,0.003334076748696435,retain,ret_004,M_npo_s2
1,-3,random_position,11.763423919677734,5.007194519042969,11.795391082763672,-0.00473150942490705,retain,ret_004,M_npo_s2
2,-6,real,11.763423919677734,5.007194519042969,11.933658599853516,-0.025196699235787826,retain,ret_004,M_npo_s2
2,-5,real,11.763423919677734,5.007194519042969,10.94434928894043,0.12123250738945461,retain,ret_004,M_npo_s2
2,-4,real,11.763423919677734,5.007194519042969,12.217330932617188,-0.0671834814988383,retain,ret_004,M_npo_s2
2,-3,real,11.763423919677734,5.007194519042969,11.722593307495117,0.006043402282755681,retain,ret_004,M_npo_s2
2,-2,real,11.763423919677734,5.007194519042969,11.804332733154297,-0.0060549769776495465,retain,ret_004,M_npo_s2
2,-1,real,11.763423919677734,5.007194519042969,11.73752212524414,0.003833764796553564,retain,ret_004,M_npo_s2
2,-8,random_position,11.763423919677734,5.007194519042969,11.969009399414062,-0.030429025947078237,retain,ret_004,M_npo_s2
3,-6,real,11.763423919677734,5.007194519042969,12.021921157836914,-0.03826057743612039,retain,ret_004,M_npo_s2
3,-5,real,11.763423919677734,5.007194519042969,9.932674407958984,0.27097207675434265,retain,ret_004,M_npo_s2
3,-4,real,11.763423919677734,5.007194519042969,12.092275619506836,-0.048673850505757704,retain,ret_004,M_npo_s2
3,-3,real,11.763423919677734,5.007194519042969,11.680047988891602,0.012340600924281733,retain,ret_004,M_npo_s2
3,-2,real,11.763423919677734,5.007194519042969,11.803106307983398,-0.005873451884557945,retain,ret_004,M_npo_s2
3,-1,real,11.763423919677734,5.007194519042969,11.755941390991211,0.0011075006846008565,retain,ret_004,M_npo_s2
3,-12,random_position,11.763423919677734,5.007194519042969,11.774751663208008,-0.0016766369018211794,retain,ret_004,M_npo_s2
4,-6,real,11.763423919677734,5.007194519042969,12.054254531860352,-0.04304629031028651,retain,ret_004,M_npo_s2
4,-5,real,11.763423919677734,5.007194519042969,9.665870666503906,0.3104621126358968,retain,ret_004,M_npo_s2
4,-4,real,11.763423919677734,5.007194519042969,12.060115814208984,-0.04391382780806333,retain,ret_004,M_npo_s2
4,-3,real,11.763423919677734,5.007194519042969,11.545478820800781,0.03225839235957213,retain,ret_004,M_npo_s2
4,-2,real,11.763423919677734,5.007194519042969,11.790189743041992,-0.003961651059649202,retain,ret_004,M_npo_s2
4,-1,real,11.763423919677734,5.007194519042969,11.816862106323242,-0.007909468947352076,retain,ret_004,M_npo_s2
4,-9,random_position,11.763423919677734,5.007194519042969,11.789859771728516,-0.00391281149338972,retain,ret_004,M_npo_s2
5,-6,real,11.763423919677734,5.007194519042969,11.993698120117188,-0.0340832418179611,retain,ret_004,M_npo_s2
5,-5,real,11.763423919677734,5.007194519042969,9.352010726928711,0.356917009437611,retain,ret_004,M_npo_s2
5,-4,real,11.763423919677734,5.007194519042969,12.117198944091797,-0.05236279046132217,retain,ret_004,M_npo_s2
5,-3,real,11.763423919677734,5.007194519042969,11.503541946411133,0.038465534228631276,retain,ret_004,M_npo_s2
5,-2,real,11.763423919677734,5.007194519042969,11.796304702758789,-0.004866735738423188,retain,ret_004,M_npo_s2
5,-1,real,11.763423919677734,5.007194519042969,11.925838470458984,-0.02403922974640126,retain,ret_004,M_npo_s2
5,-11,random_position,11.763423919677734,5.007194519042969,11.774089813232422,-0.0015786754596706575,retain,ret_004,M_npo_s2
6,-6,real,11.763423919677734,5.007194519042969,11.922122955322266,-0.023489290584126857,retain,ret_004,M_npo_s2
6,-5,real,11.763423919677734,5.007194519042969,9.584497451782227,0.32250628844704293,retain,ret_004,M_npo_s2
6,-4,real,11.763423919677734,5.007194519042969,11.88037109375,-0.01730953274932881,retain,ret_004,M_npo_s2
6,-3,real,11.763423919677734,5.007194519042969,11.375448226928711,0.057424884464783284,retain,ret_004,M_npo_s2
6,-2,real,11.763423919677734,5.007194519042969,11.751079559326172,0.0018271079354414334,retain,ret_004,M_npo_s2
6,-1,real,11.763423919677734,5.007194519042969,11.916681289672852,-0.02268386120529274,retain,ret_004,M_npo_s2
6,-2,random_position,11.763423919677734,5.007194519042969,11.751079559326172,0.0018271079354414334,retain,ret_004,M_npo_s2
7,-6,real,11.763423919677734,5.007194519042969,11.833375930786133,-0.010353705737378642,retain,ret_004,M_npo_s2
7,-5,real,11.763423919677734,5.007194519042969,8.849010467529297,0.4313668585431129,retain,ret_004,M_npo_s2
7,-4,real,11.763423919677734,5.007194519042969,11.87571907043457,-0.01662097955795958,retain,ret_004,M_npo_s2
7,-3,real,11.763423919677734,5.007194519042969,11.316951751708984,0.06608303855502638,retain,ret_004,M_npo_s2
7,-2,real,11.763423919677734,5.007194519042969,11.711259841918945,0.007720886113471533,retain,ret_004,M_npo_s2
7,-1,real,11.763423919677734,5.007194519042969,12.084182739257812,-0.04747601073905838,retain,ret_004,M_npo_s2
7,-8,random_position,11.763423919677734,5.007194519042969,11.824211120605469,-0.008997207957743895,retain,ret_004,M_npo_s2
8,-6,real,11.763423919677734,5.007194519042969,11.803913116455078,-0.005992868858706852,retain,ret_004,M_npo_s2
8,-5,real,11.763423919677734,5.007194519042969,9.222528457641602,0.376081881085537,retain,ret_004,M_npo_s2
8,-4,real,11.763423919677734,5.007194519042969,11.471412658691406,0.04322103997222073,retain,ret_004,M_npo_s2
8,-3,real,11.763423919677734,5.007194519042969,11.355709075927734,0.06034650684177392,retain,ret_004,M_npo_s2
8,-2,real,11.763423919677734,5.007194519042969,11.684957504272461,0.011613935932652215,retain,ret_004,M_npo_s2
8,-1,real,11.763423919677734,5.007194519042969,12.153217315673828,-0.05769392554365777,retain,ret_004,M_npo_s2
8,-5,random_position,11.763423919677734,5.007194519042969,9.222528457641602,0.376081881085537,retain,ret_004,M_npo_s2
9,-6,real,11.763423919677734,5.007194519042969,11.854341506958008,-0.01345685320746088,retain,ret_004,M_npo_s2
9,-5,real,11.763423919677734,5.007194519042969,9.167610168457031,0.38421042230697783,retain,ret_004,M_npo_s2
9,-4,real,11.763423919677734,5.007194519042969,11.013622283935547,0.1109793038809105,retain,ret_004,M_npo_s2
9,-3,real,11.763423919677734,5.007194519042969,12.087913513183594,-0.04802820837838524,retain,ret_004,M_npo_s2
9,-2,real,11.763423919677734,5.007194519042969,11.644708633422852,0.017571233777782795,retain,ret_004,M_npo_s2
9,-1,real,11.763423919677734,5.007194519042969,11.25515365600586,0.07522987061749585,retain,ret_004,M_npo_s2
9,-11,random_position,11.763423919677734,5.007194519042969,11.75521469116211,0.00121506065422434,retain,ret_004,M_npo_s2
10,-6,real,11.763423919677734,5.007194519042969,11.839977264404297,-0.011330779372199841,retain,ret_004,M_npo_s2
10,-5,real,11.763423919677734,5.007194519042969,11.339950561523438,0.06267894901770364,retain,ret_004,M_npo_s2
10,-4,real,11.763423919677734,5.007194519042969,10.205841064453125,0.23054025594191196,retain,ret_004,M_npo_s2
10,-3,real,11.763423919677734,5.007194519042969,11.93191909790039,-0.024939232851807207,retain,ret_004,M_npo_s2
10,-2,real,11.763423919677734,5.007194519042969,11.590484619140625,0.025597014293336644,retain,ret_004,M_npo_s2
10,-1,real,11.763423919677734,5.007194519042969,9.185768127441406,0.38152283461454856,retain,ret_004,M_npo_s2
10,-6,random_position,11.763423919677734,5.007194519042969,11.839977264404297,-0.011330779372199841,retain,ret_004,M_npo_s2
11,-6,real,11.763423919677734,5.007194519042969,11.763423919677734,-0.0,retain,ret_004,M_npo_s2
11,-5,real,11.763423919677734,5.007194519042969,11.763423919677734,-0.0,retain,ret_004,M_npo_s2
11,-4,real,11.763423919677734,5.007194519042969,11.763423919677734,-0.0,retain,ret_004,M_npo_s2
11,-3,real,11.763423919677734,5.007194519042969,11.763423919677734,-0.0,retain,ret_004,M_npo_s2
11,-2,real,11.763423919677734,5.007194519042969,11.763423919677734,-0.0,retain,ret_004,M_npo_s2
11,-1,real,11.763423919677734,5.007194519042969,4.780174255371094,1.0336016215865236,retain,ret_004,M_npo_s2
11,-6,random_position,11.763423919677734,5.007194519042969,11.763423919677734,-0.0,retain,ret_004,M_npo_s2
0,-6,real,10.787687301635742,3.8725852966308594,10.53741455078125,0.03619219943152747,retain,ret_004,M_npo_s2
0,-5,real,10.787687301635742,3.8725852966308594,10.959115982055664,-0.024790477464518738,retain,ret_004,M_npo_s2
0,-4,real,10.787687301635742,3.8725852966308594,10.717000961303711,0.010222024242140061,retain,ret_004,M_npo_s2
0,-3,real,10.787687301635742,3.8725852966308594,10.782814025878906,0.000704729410109764,retain,ret_004,M_npo_s2
0,-2,real,10.787687301635742,3.8725852966308594,10.816606521606445,-0.004182038088486983,retain,ret_004,M_npo_s2
0,-1,real,10.787687301635742,3.8725852966308594,10.735145568847656,0.007598113917923159,retain,ret_004,M_npo_s2
0,-10,random_position,10.787687301635742,3.8725852966308594,10.775697708129883,0.0017338274254207345,retain,ret_004,M_npo_s2
1,-6,real,10.787687301635742,3.8725852966308594,10.354076385498047,0.06270491972842404,retain,ret_004,M_npo_s2
1,-5,real,10.787687301635742,3.8725852966308594,11.010786056518555,-0.032262539977189385,retain,ret_004,M_npo_s2
1,-4,real,10.787687301635742,3.8725852966308594,10.655963897705078,0.0190486566698984,retain,ret_004,M_npo_s2
1,-3,real,10.787687301635742,3.8725852966308594,10.786067962646484,0.0002341742736529118,retain,ret_004,M_npo_s2
1,-2,real,10.787687301635742,3.8725852966308594,10.819038391113281,-0.004533713234432169,retain,ret_004,M_npo_s2
1,-1,real,10.787687301635742,3.8725852966308594,10.694854736328125,0.013424612571214217,retain,ret_004,M_npo_s2
1,-3,random_position,10.787687301635742,3.8725852966308594,10.786067962646484,0.0002341742736529118,retain,ret_004,M_npo_s2
2,-6,real,10.787687301635742,3.8725852966308594,10.22903060913086,0.08078791782110355,retain,ret_004,M_npo_s2
2,-5,real,10.787687301635742,3.8725852966308594,10.851043701171875,-0.00916203397871469,retain,ret_004,M_npo_s2
2,-4,real,10.787687301635742,3.8725852966308594,10.620685577392578,0.024150290787076558,retain,ret_004,M_npo_s2
2,-3,real,10.787687301635742,3.8725852966308594,10.785823822021484,0.00026947970006936965,retain,ret_004,M_npo_s2
2,-2,real,10.787687301635742,3.8725852966308594,10.834939956665039,-0.0068332549534478645,retain,ret_004,M_npo_s2
2,-1,real,10.787687301635742,3.8725852966308594,10.695276260375977,0.013363655545917051,retain,ret_004,M_npo_s2
2,-7,random_position,10.787687301635742,3.8725852966308594,10.855829238891602,-0.009854075501206039,retain,ret_004,M_npo_s2
3,-6,real,10.787687301635742,3.8725852966308594,9.490314483642578,0.18761441509527638,retain,ret_004,M_npo_s2
3,-5,real,10.787687301635742,3.8725852966308594,10.765132904052734,0.003261614588864172,retain,ret_004,M_npo_s2
3,-4,real,10.787687301635742,3.8725852966308594,10.341947555541992,0.06445888227984792,retain,ret_004,M_npo_s2
3,-3,real,10.787687301635742,3.8725852966308594,10.793546676635742,-0.0008473302339949883,retain,ret_004,M_npo_s2
3,-2,real,10.787687301635742,3.8725852966308594,10.833173751831055,-0.0065778422592163025,retain,ret_004,M_npo_s2
3,-1,real,10.787687301635742,3.8725852966308594,10.668243408203125,0.01727290405060812,retain,ret_004,M_npo_s2
3,-10,random_position,10.787687301635742,3.8725852966308594,10.79704475402832,-0.0013531907968682983,retain,ret_004,M_npo_s2
4,-6,real,10.787687301635742,3.8725852966308594,9.438497543334961,0.19510771602852567,retain,ret_004,M_npo_s2
4,-5,real,10.787687301635742,3.8725852966308594,10.586776733398438,0.029053883527949898,retain,ret_004,M_npo_s2
4,-4,real,10.787687301635742,3.8725852966308594,10.003808975219727,0.11335744951392979,retain,ret_004,M_npo_s2
4,-3,real,10.787687301635742,3.8725852966308594,10.86955451965332,-0.011838902442556278,retain,ret_004,M_npo_s2
4,-2,real,10.787687301635742,3.8725852966308594,10.833419799804688,-0.0066134235092766384,retain,ret_004,M_npo_s2
4,-1,real,10.787687301635742,3.8725852966308594,10.570314407348633,0.031434517398265895,retain,ret_004,M_npo_s2
4,-8,random_position,10.787687301635742,3.8725852966308594,10.81402587890625,-0.003808848698319269,retain,ret_004,M_npo_s2
5,-6,real,10.787687301635742,3.8725852966308594,9.345539093017578,0.20855053296023587,retain,ret_004,M_npo_s2
5,-5,real,10.787687301635742,3.8725852966308594,10.65562629699707,0.019097477454864908,retain,ret_004,M_npo_s2
5,-4,real,10.787687301635742,3.8725852966308594,9.745738983154297,0.15067721600163286,retain,ret_004,M_npo_s2
5,-3,real,10.787687301635742,3.8725852966308594,10.922435760498047,-0.019486112969089822,retain,ret_004,M_npo_s2
5,-2,real,10.787687301635742,3.8725852966308594,10.91192626953125,-0.017966324691318866,retain,ret_004,M_npo_s2
5,-1,real,10.787687301635742,3.8725852966308594,10.517454147338867,0.039078693864716775,retain,ret_004,M_npo_s2
5,-9,random_position,10.787687301635742,3.8725852966308594,10.81734848022461,-0.00428933348595575,retain,ret_004,M_npo_s2
6,-6,real,10.787687301635742,3.8725852966308594,9.317005157470703,0.2126768546726594,retain,ret_004,M_npo_s2
6,-5,real,10.787687301635742,3.8725852966308594,10.315559387207031,0.06827490239290802,retain,ret_004,M_npo_s2
6,-4,real,10.787687301635742,3.8725852966308594,9.777772903442383,0.14604475790269217,retain,ret_004,M_npo_s2
6,-3,real,10.787687301635742,3.8725852966308594,10.849674224853516,-0.00896399260240987,retain,ret_004,M_npo_s2
6,-2,real,10.787687301635742,3.8725852966308594,10.743764877319336,0.00635166687123587,retain,ret_004,M_npo_s2
6,-1,real,10.787687301635742,3.8725852966308594,10.612836837768555,0.025285305081636903,retain,ret_004,M_npo_s2
6,-2,random_position,10.787687301635742,3.8725852966308594,10.743764877319336,0.00635166687123587,retain,ret_004,M_npo_s2
7,-6,real,10.787687301635742,3.8725852966308594,7.65229606628418,0.4534121453425109,retain,ret_004,M_npo_s2
7,-5,real,10.787687301635742,3.8725852966308594,10.142568588256836,0.09329127942176331,retain,ret_004,M_npo_s2
7,-4,real,10.787687301635742,3.8725852966308594,9.871904373168945,0.13243230942999665,retain,ret_004,M_npo_s2
7,-3,real,10.787687301635742,3.8725852966308594,10.787445068359375,3.5029602772579266e-05,retain,ret_004,M_npo_s2
7,-2,real,10.787687301635742,3.8725852966308594,10.70185661315918,0.012412063974535962,retain,ret_004,M_npo_s2
7,-1,real,10.787687301635742,3.8725852966308594,10.839879989624023,-0.007547638191093379,retain,ret_004,M_npo_s2
7,-7,random_position,10.787687301635742,3.8725852966308594,10.858007431030273,-0.010169066102515374,retain,ret_004,M_npo_s2
8,-6,real,10.787687301635742,3.8725852966308594,7.805355072021484,0.43127812539218674,retain,ret_004,M_npo_s2
8,-5,real,10.787687301635742,3.8725852966308594,9.553966522216797,0.1784096284517605,retain,ret_004,M_npo_s2
8,-4,real,10.787687301635742,3.8725852966308594,10.070257186889648,0.10374830540848792,retain,ret_004,M_npo_s2
8,-3,real,10.787687301635742,3.8725852966308594,10.810544967651367,-0.003305470548240866,retain,ret_004,M_npo_s2
8,-2,real,10.787687301635742,3.8725852966308594,10.643627166748047,0.020832683998505037,retain,ret_004,M_npo_s2
8,-1,real,10.787687301635742,3.8725852966308594,10.512489318847656,0.039796662809732715,retain,ret_004,M_npo_s2
8,-4,random_position,10.787687301635742,3.8725852966308594,10.070257186889648,0.10374830540848792,retain,ret_004,M_npo_s2
9,-6,real,10.787687301635742,3.8725852966308594,8.598564147949219,0.31657134661240294,retain,ret_004,M_npo_s2
9,-5,real,10.787687301635742,3.8725852966308594,9.258188247680664,0.22118242837894306,retain,ret_004,M_npo_s2
9,-4,real,10.787687301635742,3.8725852966308594,10.549827575683594,0.03439713915716569,retain,ret_004,M_npo_s2
9,-3,real,10.787687301635742,3.8725852966308594,10.756134033203125,0.004562950540683298,retain,ret_004,M_npo_s2
9,-2,real,10.787687301635742,3.8725852966308594,10.655097961425781,0.019173880604219273,retain,ret_004,M_npo_s2
9,-1,real,10.787687301635742,3.8725852966308594,9.648395538330078,0.16475415149061992,retain,ret_004,M_npo_s2
9,-10,random_position,10.787687301635742,3.8725852966308594,10.813949584960938,-0.0037978157525641256,retain,ret_004,M_npo_s2
10,-6,real,10.787687301635742,3.8725852966308594,10.300155639648438,0.0705024541408714,retain,ret_004,M_npo_s2
10,-5,real,10.787687301635742,3.8725852966308594,9.184680938720703,0.23181239579037954,retain,ret_004,M_npo_s2
10,-4,real,10.787687301635742,3.8725852966308594,10.767623901367188,0.0029013889099587507,retain,ret_004,M_npo_s2
10,-3,real,10.787687301635742,3.8725852966308594,10.75611686706543,0.004565432953478205,retain,ret_004,M_npo_s2
10,-2,real,10.787687301635742,3.8725852966308594,10.631805419921875,0.022542238943264455,retain,ret_004,M_npo_s2
10,-1,real,10.787687301635742,3.8725852966308594,7.8834686279296875,0.41998204388078353,retain,ret_004,M_npo_s2
10,-5,random_position,10.787687301635742,3.8725852966308594,9.184680938720703,0.23181239579037954,retain,ret_004,M_npo_s2
11,-6,real,10.787687301635742,3.8725852966308594,10.787687301635742,-0.0,retain,ret_004,M_npo_s2
11,-5,real,10.787687301635742,3.8725852966308594,10.787687301635742,-0.0,retain,ret_004,M_npo_s2
11,-4,real,10.787687301635742,3.8725852966308594,10.787687301635742,-0.0,retain,ret_004,M_npo_s2
11,-3,real,10.787687301635742,3.8725852966308594,10.787687301635742,-0.0,retain,ret_004,M_npo_s2
11,-2,real,10.787687301635742,3.8725852966308594,10.787687301635742,-0.0,retain,ret_004,M_npo_s2
11,-1,real,10.787687301635742,3.8725852966308594,3.687976837158203,1.0266964188437198,retain,ret_004,M_npo_s2
11,-5,random_position,10.787687301635742,3.8725852966308594,10.787687301635742,-0.0,retain,ret_004,M_npo_s2
