layer,position,kind,logit_diff_base,logit_diff_donor,logit_diff_patched,recovery,set,entity_id,model
0,-6,real,-38.623526096343994,7.559791564941406,-38.594496726989746,0.0006285682974781783,forget,for_000,M_npo_s0
0,-5,real,-38.623526096343994,7.559791564941406,-38.557525634765625,0.0014290974516474825,forget,for_000,M_npo_s0
0,-4,real,-38.623526096343994,7.559791564941406,-38.61629581451416,0.0001565561374967003,forget,for_000,M_npo_s0
0,-3,real,-38.623526096343994,7.559791564941406,-38.612271308898926,0.0002436981147091352,forget,for_000,M_npo_s0
0,-2,real,-38.623526096343994,7.559791564941406,-38.61764574050903,0.0001273264055667947,forget,for_000,M_npo_s0
0,-1,real,-38.623526096343994,7.559791564941406,-38.59837341308594,0.0005446270326989015,forget,for_000,M_npo_s0
0,-13,random_position,-38.623526096343994,7.559791564941406,-38.61003351211548,0.000292152770995623,forget,for_000,M_npo_s0
1,-6,real,-38.623526096343994,7.559791564941406,-38.578779220581055,0.0009688969530322398,forget,for_000,M_npo_s0
1,-5,real,-38.623526096343994,7.559791564941406,-38.52622985839844,0.0021067398981411472,forget,for_000,M_npo_s0
1,-4,real,-38.623526096343994,7.559791564941406,-38.625792503356934,-4.907414901548615e-05,forget,for_000,M_npo_s0
1,-3,real,-38.623526096343994,7.559791564941406,-38.607505798339844,0.00034688495360262747,forget,for_000,M_npo_s0
1,-2,real,-38.623526096343994,7.559791564941406,-38.57033729553223,0.0011516886076020205,forget,for_000,M_npo_s0
1,-1,real,-38.623526096343994,7.559791564941406,-38.582279205322266,0.000893112342518108,forget,for_000,M_npo_s0
1,-3,random_position,-38.623526096343994,7.559791564941406,-38.607505798339844,0.00034688495360262747,forget,for_000,M_npo_s0
2,-6,real,-38.623526096343994,7.559791564941406,-38.58340549468994,0.0008687249787532063,forget,for_000,M_npo_s0
2,-5,real,-38.623526096343994,7.559791564941406,-38.486045360565186,0.002976848410655783,forget,for_000,M_npo_s0
2,-4,real,-38.623526096343994,7.559791564941406,-38.60683298110962,0.00036145335761290535,forget,for_000,M_npo_s0
2,-3,real,-38.623526096343994,7.559791564941406,-38.612196922302246,0.0002453087958045309,forget,for_000,M_npo_s0
2,-2,real,-38.623526096343994,7.559791564941406,-38.50518798828125,0.0025623561505618018,forget,for_000,M_npo_s0
2,-1,real,-38.623526096343994,7.559791564941406,-38.590898513793945,0.0007064798330285377,forget,for_000,M_npo_s0
2,-9,random_position,-38.623526096343994,7.559791564941406,-39.07685852050781,-0.00981593456513061,forget,for_000,M_npo_s0
3,-6,real,-38.623526096343994,7.559791564941406,-38.58091974258423,0.0009225485720243464,forget,for_000,M_npo_s0
3,-5,real,-38.623526096343994,7.559791564941406,-38.46505641937256,0.0034313186015277907,forget,for_000,M_npo_s0
3,-4,real,-38.623526096343994,7.559791564941406,-38.58362579345703,0.0008639548847399189,forget,for_000,M_npo_s0
3,-3,real,-38.623526096343994,7.559791564941406,-38.5983943939209,0.0005441727380309694,forget,for_000,M_npo_s0
3,-2,real,-38.623526096343994,7.559791564941406,-38.55127239227295,0.0015644979124488892,forget,for_000,M_npo_s0
3,-1,real,-38.623526096343994,7.559791564941406,-38.503406047821045,0.0026009402226995827,forget,for_000,M_npo_s0
3,-13,random_position,-38.623526096343994,7.559791564941406,-38.57131576538086,0.0011305019562702766,forget,for_000,M_npo_s0
4,-6,real,-38.623526096343994,7.559791564941406,-38.56871318817139,0.0011868551448514935,forget,for_000,M_npo_s0
4,-5,real,-38.623526096343994,7.559791564941406,-38.4476203918457,0.0038088581203370203,forget,for_000,M_npo_s0
4,-4,real,-38.623526096343994,7.559791564941406,-38.558536529541016,0.0014072087085562075,forget,for_000,M_npo_s0
4,-3,real,-38.623526096343994,7.559791564941406,-38.57208728790283,0.0011137963023449544,forget,for_000,M_npo_s0
4,-2,real,-38.623526096343994,7.559791564941406,-38.530099391937256,0.0020229535065441197,forget,for_000,M_npo_s0
4,-1,real,-38.623526096343994,7.559791564941406,-38.36958694458008,0.005498503888922393,forget,for_000,M_npo_s0
4,-10,random_position,-38.623526096343994,7.559791564941406,-38.664082527160645,-0.0008781619179916145,forget,for_000,M_npo_s0
5,-6,real,-38.623526096343994,7.559791564941406,-38.54842948913574,0.0016260548399536921,forget,for_000,M_npo_s0
5,-5,real,-38.623526096343994,7.559791564941406,-38.58244180679321,0.0008895915588416341,forget,for_000,M_npo_s0
5,-4,real,-38.623526096343994,7.559791564941406,-38.51620578765869,0.0023237895006245363,forget,for_000,M_npo_s0
5,-3,real,-38.623526096343994,7.559791564941406,-38.53175354003906,0.0019871365019291983,forget,for_000,M_npo_s0
5,-2,real,-38.623526096343994,7.559791564941406,-38.53649139404297,0.0018845485060070713,forget,for_000,M_npo_s0
5,-1,real,-38.623526096343994,7.559791564941406,-38.11866331100464,0.01093171324420836,forget,for_000,M_npo_s0
5,-12,random_position,-38.623526096343994,7.559791564941406,-38.603947162628174,0.0004239395242112058,forget,for_000,M_npo_s0
6,-6,real,-38.623526096343994,7.559791564941406,-38.57228660583496,0.0011094805029995994,forget,for_000,M_npo_s0
6,-5,real,-38.623526096343994,7.559791564941406,-39.05783987045288,-0.009404126773528957,forget,for_000,M_npo_s0
6,-4,real,-38.623526096343994,7.559791564941406,-38.41689443588257,0.004474162336644801,forget,for_000,M_npo_s0
6,-3,real,-38.623526096343994,7.559791564941406,-38.46842956542969,0.0033582804087788853,forget,for_000,M_npo_s0
6,-2,real,-38.623526096343994,7.559791564941406,-38.55716943740845,0.0014368101361235122,forget,for_000,M_npo_s0
6,-1,real,-38.623526096343994,7.559791564941406,-36.978447914123535,0.03562061509495012,forget,for_000,M_npo_s0
6,-2,random_position,-38.623526096343994,7.559791564941406,-38.55716943740845,0.0014368101361235122,forget,for_000,M_npo_s0
7,-6,real,-38.623526096343994,7.559791564941406,-38.532692432403564,0.0019668068155392357,forget,for_000,M_npo_s0
7,-5,real,-38.623526096343994,7.559791564941406,-39.48948860168457,-0.018750547799351716,forget,for_000,M_npo_s0
7,-4,real,-38.623526096343994,7.559791564941406,-38.3587908744812,0.005732269470209921,forget,for_000,M_npo_s0
7,-3,real,-38.623526096343994,7.559791564941406,-38.45126247406006,0.00372999669593553,forget,for_000,M_npo_s0
7,-2,real,-38.623526096343994,7.559791564941406,-38.551862716674805,0.0015517157124738897,forget,for_000,M_npo_s0
7,-1,real,-38.623526096343994,7.559791564941406,-35.7404670715332,0.06242641652458859,forget,for_000,M_npo_s0
7,-8,random_position,-38.623526096343994,7.559791564941406,-38.000030517578125,0.013500450169878844,forget,for_000,M_npo_s0
8,-6,real,-38.623526096343994,7.559791564941406,-38.400898456573486,0.0048205207214277795,forget,for_000,M_npo_s0
8,-5,real,-38.623526096343994,7.559791564941406,-39.21201467514038,-0.012742449191555278,forget,for_000,M_npo_s0
8,-4,real,-38.623526096343994,7.559791564941406,-38.238747119903564,0.008331557712298841,forget,for_000,M_npo_s0
8,-3,real,-38.623526096343994,7.559791564941406,-38.39642286300659,0.004917430034000755,forget,for_000,M_npo_s0
8,-2,real,-38.623526096343994,7.559791564941406,-38.41600036621094,0.004493521484426,forget,for_000,M_npo_s0
8,-1,real,-38.623526096343994,7.559791564941406,-29.315345764160156,0.20154854184472565,forget,for_000,M_npo_s0
8,-5,random_position,-38.623526096343994,7.559791564941406,-39.21201467514038,-0.012742449191555278,forget,for_000,M_npo_s0
9,-6,real,-38.623526096343994,7.559791564941406,-38.313170433044434,0.006720081601234244,forget,for_000,M_npo_s0
9,-5,real,-38.623526096343994,7.559791564941406,-38.37006855010986,0.005488075761317587,forget,for_000,M_npo_s0
9,-4,real,-38.623526096343994,7.559791564941406,-38.07048416137695,0.011974928674962769,forget,for_000,M_npo_s0
9,-3,real,-38.623526096343994,7.559791564941406,-38.17544412612915,0.009702247324480596,forget,for_000,M_npo_s0
9,-2,real,-38.623526096343994,7.559791564941406,-37.88991975784302,0.015884660861338353,forget,for_000,M_npo_s0
9,-1,real,-38.623526096343994,7.559791564941406,-17.305850982666016,0.46158821395259314,forget,for_000,M_npo_s0
9,-12,random_position,-38.623526096343994,7.559791564941406,-38.618247509002686,0.00011429640850019602,forget,for_000,M_npo_s0
10,-6,real,-38.623526096343994,7.559791564941406,-38.39734888076782,0.004897379119338842,forget,for_000,M_npo_s0
10,-5,real,-38.623526096343994,7.559791564941406,-39.12201261520386,-0.01079364896467226,forget,for_000,M_npo_s0
10,-4,real,-38.623526096343994,7.559791564941406,-38.07929849624634,0.011784073290037193,forget,for_000,M_npo_s0
10,-3,real,-38.623526096343994,7.559791564941406,-38.166568756103516,0.009894424293894703,forget,for_000,M_npo_s0
10,-2,real,-38.623526096343994,7.559791564941406,-37.8631157875061,0.016465042949379276,forget,for_000,M_npo_s0
10,-1,real,-38.623526096343994,7.559791564941406,-4.006969451904297,0.7495467713758057,forget,for_000,M_npo_s0
10,-6,random_position,-38.623526096343994,7.559791564941406,-38.39734888076782,0.004897379119338842,forget,for_000,M_npo_s0
11,-6,real,-38.623526096343994,7.559791564941406,-38.623526096343994,0.0,forget,for_000,M_npo_s0
11,-5,real,-38.623526096343994,7.559791564941406,-38.623526096343994,0.0,forget,for_000,M_npo_s0
11,-4,real,-38.623526096343994,7.559791564941406,-38.623526096343994,0.0,forget,for_000,M_npo_s0
11,-3,real,-38.623526096343994,7.559791564941406,-38.623526096343994,0.0,forget,for_000,M_npo_s0
11,-2,real,-38.623526096343994,7.559791564941406,-38.623526096343994,0.0,forget,for_000,M_npo_s0
11,-1,real,-38.623526096343994,7.559791564941406,7.603582382202148,1.000948195571005,forget,for_000,M_npo_s0
11,-6,random_position,-38.623526096343994,7.559791564941406,-38.623526096343994,0.0,forget,for_000,M_npo_s0
0,-6,real,-40.43782186508179,9.135322570800781,-40.51008319854736,-0.0014576709685833686,forget,for_000,M_npo_s0
0,-5,real,-40.43782186508179,9.135322570800781,-38.809120178222656,0.03285451639981559,forget,for_000,M_npo_s0
0,-4,real,-40.43782186508179,9.135322570800781,-37.77981996536255,0.05361777893990712,forget,for_000,M_npo_s0
0,-3,real,-40.43782186508179,9.135322570800781,-40.34545707702637,0.0018632021249909547,forget,for_000,M_npo_s0
0,-2,real,-40.43782186508179,9.135322570800781,-40.39639329910278,0.000835705833278081,forget,for_000,M_npo_s0
0,-1,real,-40.43782186508179,9.135322570800781,-40.403589725494385,0.0006905379914255361,forget,for_000,M_npo_s0
0,-10,random_position,-40.43782186508179,9.135322570800781,-40.423973083496094,0.00027936056393608927,forget,for_000,M_npo_s0
1,-6,real,-40.43782186508179,9.135322570800781,-40.686213970184326,-0.005010618308140752,forget,for_000,M_npo_s0
1,-5,real,-40.43782186508179,9.135322570800781,-38.70764970779419,0.034901400283885275,forget,for_000,M_npo_s0
1,-4,real,-40.43782186508179,9.135322570800781,-34.558345794677734,0.1186020402237851,forget,for_000,M_npo_s0
1,-3,real,-40.43782186508179,9.135322570800781,-40.2801308631897,0.0031809763872462414,forget,for_000,M_npo_s0
1,-2,real,-40.43782186508179,9.135322570800781,-40.35215616226196,0.0017280667545836923,forget,for_000,M_npo_s0
1,-1,real,-40.43782186508179,9.135322570800781,-40.366207122802734,0.0014446277938184567,forget,for_000,M_npo_s0
1,-3,random_position,-40.43782186508179,9.135322570800781,-40.2801308631897,0.0031809763872462414,forget,for_000,M_npo_s0
2,-6,real,-40.43782186508179,9.135322570800781,-40.864994525909424,-0.008617017655197115,forget,for_000,M_npo_s0
2,-5,real,-40.43782186508179,9.135322570800781,-39.227845668792725,0.024407896857421143,forget,for_000,M_npo_s0
2,-4,real,-40.43782186508179,9.135322570800781,-30.057907104492188,0.20938584547556555,forget,for_000,M_npo_s0
2,-3,real,-40.43782186508179,9.135322570800781,-40.21140241622925,0.004567381218784453,forget,for_000,M_npo_s0
2,-2,real,-40.43782186508179,9.135322570800781,-40.289955615997314,0.002982789386614792,forget,for_000,M_npo_s0
2,-1,real,-40.43782186508179,9.135322570800781,-40.31960201263428,0.002384755976099402,forget,for_000,M_npo_s0
2,-7,random_position,-40.43782186508179,9.135322570800781,-40.42734956741333,0.00021124941311725346,forget,for_000,M_npo_s0
3,-6,real,-40.43782186508179,9.135322570800781,-41.03075551986694,-0.011960783636633157,forget,for_000,M_npo_s0
3,-5,real,-40.43782186508179,9.135322570800781,-39.43606090545654,0.020207734873887457,forget,for_000,M_npo_s0
3,-4,real,-40.43782186508179,9.135322570800781,-24.657329559326172,0.3183274429195419,forget,for_000,M_npo_s0
3,-3,real,-40.43782186508179,9.135322570800781,-40.253872871398926,0.003710658175431643,forget,for_000,M_npo_s0
3,-2,real,-40.43782186508179,9.135322570800781,-40.211485385894775,0.0045657075370668316,forget,for_000,M_npo_s0
3,-1,real,-40.43782186508179,9.135322570800781,-40.1812858581543,0.0051748988256996985,forget,for_000,M_npo_s0
3,-10,random_position,-40.43782186508179,9.135322570800781,-40.36955785751343,0.0013770360614637103,forget,for_000,M_npo_s0
4,-6,real,-40.43782186508179,9.135322570800781,-41.14060664176941,-0.014176723802473276,forget,for_000,M_npo_s0
4,-5,real,-40.43782186508179,9.135322570800781,-39.73619842529297,0.014153297067856799,forget,for_000,M_npo_s0
4,-4,real,-40.43782186508179,9.135322570800781,-18.31085205078125,0.44634993535500556,forget,for_000,M_npo_s0
4,-3,real,-40.43782186508179,9.135322570800781,-40.188079833984375,0.005037849302063662,forget,for_000,M_npo_s0
4,-2,real,-40.43782186508179,9.135322570800781,-40.28441333770752,0.003094589401579815,forget,for_000,M_npo_s0
4,-1,real,-40.43782186508179,9.135322570800781,-39.93372631072998,0.01016872260350156,forget,for_000,M_npo_s0
4,-8,random_position,-40.43782186508179,9.135322570800781,-40.41025352478027,0.0005561144166912853,forget,for_000,M_npo_s0
5,-6,real,-40.43782186508179,9.135322570800781,-41.297449588775635,-0.01734059304641613,forget,for_000,M_npo_s0
5,-5,real,-40.43782186508179,9.135322570800781,-39.571402072906494,0.01747760409461038,forget,for_000,M_npo_s0
5,-4,real,-40.43782186508179,9.135322570800781,-11.913053512573242,0.575407686502562,forget,for_000,M_npo_s0
5,-3,real,-40.43782186508179,9.135322570800781,-40.1443657875061,0.005919658333459902,forget,for_000,M_npo_s0
5,-2,real,-40.43782186508179,9.135322570800781,-40.28907537460327,0.003000545802998293,forget,for_000,M_npo_s0
5,-1,real,-40.43782186508179,9.135322570800781,-39.63749074935913,0.01614444927450178,forget,for_000,M_npo_s0
5,-9,random_position,-40.43782186508179,9.135322570800781,-40.411789894104004,0.0005251224483339504,forget,for_000,M_npo_s0
6,-6,real,-40.43782186508179,9.135322570800781,-41.316962003707886,-0.017734201625300774,forget,for_000,M_npo_s0
6,-5,real,-40.43782186508179,9.135322570800781,-39.517005443573,0.018574904456580603,forget,for_000,M_npo_s0
6,-4,real,-40.43782186508179,9.135322570800781,-7.311546325683594,0.6682302669390561,forget,for_000,M_npo_s0
6,-3,real,-40.43782186508179,9.135322570800781,-40.089051246643066,0.007035475001788868,forget,for_000,M_npo_s0
6,-2,real,-40.43782186508179,9.135322570800781,-40.4035325050354,0.0006916922546790682,forget,for_000,M_npo_s0
6,-1,real,-40.43782186508179,9.135322570800781,-38.39597988128662,0.04118847022980487,forget,for_000,M_npo_s0
6,-2,random_position,-40.43782186508179,9.135322570800781,-40.4035325050354,0.0006916922546790682,forget,for_000,M_npo_s0
7,-6,real,-40.43782186508179,9.135322570800781,-41.38557815551758,-0.019118341215203928,forget,for_000,M_npo_s0
7,-5,real,-40.43782186508179,9.135322570800781,-39.896180152893066,0.010926111675027493,forget,for_000,M_npo_s0
7,-4,real,-40.43782186508179,9.135322570800781,-3.3160476684570312,0.7488283145854849,forget,for_000,M_npo_s0
7,-3,real,-40.43782186508179,9.135322570800781,-39.88924694061279,0.01106596990591379,forget,for_000,M_npo_s0
7,-2,real,-40.43782186508179,9.135322570800781,-40.36119985580444,0.0015456354473629553,forget,for_000,M_npo_s0
7,-1,real,-40.43782186508179,9.135322570800781,-37.28118133544922,0.0636764233044635,forget,for_000,M_npo_s0
7,-7,random_position,-40.43782186508179,9.135322570800781,-40.29758596420288,0.002828868381756296,forget,for_000,M_npo_s0
8,-6,real,-40.43782186508179,9.135322570800781,-41.267613887786865,-0.016738740948303635,forget,for_000,M_npo_s0
8,-5,real,-40.43782186508179,9.135322570800781,-39.888803482055664,0.011074915446128663,forget,for_000,M_npo_s0
8,-4,real,-40.43782186508179,9.135322570800781,-6.921648025512695,0.6760953782731816,forget,for_000,M_npo_s0
8,-3,real,-40.43782186508179,9.135322570800781,-39.50817060470581,0.018753122702925947,forget,for_000,M_npo_s0
8,-2,real,-40.43782186508179,9.135322570800781,-40.18398857116699,0.005120379124691202,forget,for_000,M_npo_s0
8,-1,real,-40.43782186508179,9.135322570800781,-30.22208023071289,0.20607411029941503,forget,for_000,M_npo_s0
8,-4,random_position,-40.43782186508179,9.135322570800781,-6.921648025512695,0.6760953782731816,forget,for_000,M_npo_s0
9,-6,real,-40.43782186508179,9.135322570800781,-40.826176166534424,-0.007833965464000987,forget,for_000,M_npo_s0
9,-5,real,-40.43782186508179,9.135322570800781,-40.103713512420654,0.006739704661931732,forget,for_000,M_npo_s0
9,-4,real,-40.43782186508179,9.135322570800781,-23.90489959716797,0.33350561994907024,forget,for_000,M_npo_s0
9,-3,real,-40.43782186508179,9.135322570800781,-39.13100337982178,0.02636142008200098,forget,for_000,M_npo_s0
9,-2,real,-40.43782186508179,9.135322570800781,-39.91663217544556,0.010513549131633807,forget,for_000,M_npo_s0
9,-1,real,-40.43782186508179,9.135322570800781,-16.674972534179688,0.47934924446111626,forget,for_000,M_npo_s0
9,-10,random_position,-40.43782186508179,9.135322570800781,-40.37751388549805,0.0012165453749205279,forget,for_000,M_npo_s0
10,-6,real,-40.43782186508179,9.135322570800781,-40.514161586761475,-0.001539941081978864,forget,for_000,M_npo_s0
10,-5,real,-40.43782186508179,9.135322570800781,-40.019670486450195,0.008435038434417345,forget,for_000,M_npo_s0
10,-4,real,-40.43782186508179,9.135322570800781,-38.37215566635132,0.04166905735427338,forget,for_000,M_npo_s0
10,-3,real,-40.43782186508179,9.135322570800781,-39.269039154052734,0.023576933122342988,forget,for_000,M_npo_s0
10,-2,real,-40.43782186508179,9.135322570800781,-40.013102531433105,0.008567528618201928,forget,for_000,M_npo_s0
10,-1,real,-40.43782186508179,9.135322570800781,-0.824432373046875,0.7990897075990507,forget,for_000,M_npo_s0
10,-5,random_position,-40.43782186508179,9.135322570800781,-40.019670486450195,0.008435038434417345,forget,for_000,M_npo_s0
11,-6,real,-40.43782186508179,9.135322570800781,-40.43782186508179,0.0,forget,for_000,M_npo_s0
11,-5,real,-40.43782186508179,9.135322570800781,-40.43782186508179,0.0,forget,for_000,M_npo_s0
11,-4,real,-40.43782186508179,9.135322570800781,-40.43782186508179,0.0,forget,for_000,M_npo_s0
11,-3,real,-40.43782186508179,9.135322570800781,-40.43782186508179,0.0,forget,for_000,M_npo_s0
11,-2,real,-40.43782186508179,9.135322570800781,-40.43782186508179,0.0,forget,for_000,M_npo_s0
11,-1,real,-40.43782186508179,9.135322570800781,8.922574996948242,0.9957084107479262,forget,for_000,M_npo_s0
11,-5,random_position,-40.43782186508179,9.135322570800781,-40.43782186508179,0.0,forget,for_000,M_npo_s0
0,-6,real,-39.92167806625366,9.279396057128906,-39.90941905975342,0.00024916135915045213,forget,for_000,M_npo_s0
0,-5,real,-39.92167806625366,9.279396057128906,-39.874653816223145,0.0009557565737811714,forget,for_000,M_npo_s0
0,-4,real,-39.92167806625366,9.279396057128906,-40.03317832946777,-0.002266216036960896,forget,for_000,M_npo_s0
0,-3,real,-39.92167806625366,9.279396057128906,-38.25789022445679,0.03381608778752592,forget,for_000,M_npo_s0
0,-2,real,-39.92167806625366,9.279396057128906,-37.210646629333496,0.055101062024004915,forget,for_000,M_npo_s0
0,-1,real,-39.92167806625366,9.279396057128906,-39.87754487991333,0.0008969963995025457,forget,for_000,M_npo_s0
0,-11,random_position,-39.92167806625366,9.279396057128906,-39.915366649627686,0.0001282780251941104,forget,for_000,M_npo_s0
1,-6,real,-39.92167806625366,9.279396057128906,-39.93231916427612,-0.0002162777584037298,forget,for_000,M_npo_s0
1,-5,real,-39.92167806625366,9.279396057128906,-39.824026107788086,0.0019847525730981464,forget,for_000,M_npo_s0
1,-4,real,-39.92167806625366,9.279396057128906,-40.20249795913696,-0.005707596793092014,forget,for_000,M_npo_s0
1,-3,real,-39.92167806625366,9.279396057128906,-38.20752763748169,0.034839695256923896,forget,for_000,M_npo_s0
1,-2,real,-39.92167806625366,9.279396057128906,-34.114009857177734,0.11803945975878323,forget,for_000,M_npo_s0
1,-1,real,-39.92167806625366,9.279396057128906,-39.785569190979004,0.002766380159370812,forget,for_000,M_npo_s0
1,-3,random_position,-39.92167806625366,9.279396057128906,-38.20752763748169,0.034839695256923896,forget,for_000,M_npo_s0
2,-6,real,-39.92167806625366,9.279396057128906,-39.944560527801514,-0.00046508052833295333,forget,for_000,M_npo_s0
2,-5,real,-39.92167806625366,9.279396057128906,-39.92305374145508,-2.796026765525903e-05,forget,for_000,M_npo_s0
2,-4,real,-39.92167806625366,9.279396057128906,-40.367440700531006,-0.00906001834755671,forget,for_000,M_npo_s0
2,-3,real,-39.92167806625366,9.279396057128906,-38.66659498214722,0.025509261870158506,forget,for_000,M_npo_s0
2,-2,real,-39.92167806625366,9.279396057128906,-29.671958923339844,0.20832307679320947,forget,for_000,M_npo_s0
2,-1,real,-39.92167806625366,9.279396057128906,-39.69071435928345,0.004694281803503361,forget,for_000,M_npo_s0
2,-8,random_position,-39.92167806625366,9.279396057128906,-39.8966908454895,0.0005078592532654709,forget,for_000,M_npo_s0
3,-6,real,-39.92167806625366,9.279396057128906,-39.929428577423096,-0.00015752727572567772,forget,for_000,M_npo_s0
3,-5,real,-39.92167806625366,9.279396057128906,-39.96965789794922,-0.0009751785413309597,forget,for_000,M_npo_s0
3,-4,real,-39.92167806625366,9.279396057128906,-40.46701145172119,-0.011083769921363612,forget,for_000,M_npo_s0
3,-3,real,-39.92167806625366,9.279396057128906,-38.80666399002075,0.022662392968022728,forget,for_000,M_npo_s0
3,-2,real,-39.92167806625366,9.279396057128906,-23.43642234802246,0.33505885820481845,forget,for_000,M_npo_s0
3,-1,real,-39.92167806625366,9.279396057128906,-39.594640254974365,0.006646964870302979,forget,for_000,M_npo_s0
3,-11,random_position,-39.92167806625366,9.279396057128906,-39.83103036880493,0.001842392652270382,forget,for_000,M_npo_s0
4,-6,real,-39.92167806625366,9.279396057128906,-39.91711187362671,9.280676709419774e-05,forget,for_000,M_npo_s0
4,-5,real,-39.92167806625366,9.279396057128906,-39.95222568511963,-0.0006208730075559304,forget,for_000,M_npo_s0
4,-4,real,-39.92167806625366,9.279396057128906,-40.42613697052002,-0.010253005920182051,forget,for_000,M_npo_s0
4,-3,real,-39.92167806625366,9.279396057128906,-39.11972427368164,0.016299517985337984,forget,for_000,M_npo_s0
4,-2,real,-39.92167806625366,9.279396057128906,-17.033267974853516,0.4652014310501108,forget,for_000,M_npo_s0
4,-1,real,-39.92167806625366,9.279396057128906,-39.42638397216797,0.010066733357154642,forget,for_000,M_npo_s0
4,-8,random_position,-39.92167806625366,9.279396057128906,-39.90511989593506,0.00033654082992335175,forget,for_000,M_npo_s0
5,-6,real,-39.92167806625366,9.279396057128906,-39.91158723831177,0.0002050936513416262,forget,for_000,M_npo_s0
5,-5,real,-39.92167806625366,9.279396057128906,-39.920084953308105,3.2379637516887496e-05,forget,for_000,M_npo_s0
5,-4,real,-39.92167806625366,9.279396057128906,-40.43101263046265,-0.01035210253604861,forget,for_000,M_npo_s0
5,-3,real,-39.92167806625366,9.279396057128906,-39.03326368331909,0.018056808692970296,forget,for_000,M_npo_s0
5,-2,real,-39.92167806625366,9.279396057128906,-10.999832153320312,0.5878295632409453,forget,for_000,M_npo_s0
5,-1,real,-39.92167806625366,9.279396057128906,-39.25607776641846,0.01352816603487284,forget,for_000,M_npo_s0
5,-10,random_position,-39.92167806625366,9.279396057128906,-39.909103870391846,0.00025556750712969864,forget,for_000,M_npo_s0
6,-6,real,-39.92167806625366,9.279396057128906,-39.90765857696533,0.0002849427484687247,forget,for_000,M_npo_s0
6,-5,real,-39.92167806625366,9.279396057128906,-39.72213792800903,0.004055605325693458,forget,for_000,M_npo_s0
6,-4,real,-39.92167806625366,9.279396057128906,-40.412100315093994,-0.009967714274092673,forget,for_000,M_npo_s0
6,-3,real,-39.92167806625366,9.279396057128906,-38.987051010131836,0.01899607016257495,forget,for_000,M_npo_s0
6,-2,real,-39.92167806625366,9.279396057128906,-7.182493209838867,0.6654160592980969,forget,for_000,M_npo_s0
6,-1,real,-39.92167806625366,9.279396057128906,-37.735459327697754,0.044434370133332485,forget,for_000,M_npo_s0
6,-2,random_position,-39.92167806625366,9.279396057128906,-7.182493209838867,0.6654160592980969,forget,for_000,M_npo_s0
7,-6,real,-39.92167806625366,9.279396057128906,-39.90748977661133,0.000288373575071831,forget,for_000,M_npo_s0
7,-5,real,-39.92167806625366,9.279396057128906,-39.722872734069824,0.004040670569209314,forget,for_000,M_npo_s0
7,-4,real,-39.92167806625366,9.279396057128906,-40.29400873184204,-0.007567531242400877,forget,for_000,M_npo_s0
7,-3,real,-39.92167806625366,9.279396057128906,-39.404738426208496,0.010506673873599296,forget,for_000,M_npo_s0
7,-2,real,-39.92167806625366,9.279396057128906,-3.9557151794433594,0.7309995468110656,forget,for_000,M_npo_s0
7,-1,real,-39.92167806625366,9.279396057128906,-36.15463066101074,0.07656433263623912,forget,for_000,M_npo_s0
7,-7,random_position,-39.92167806625366,9.279396057128906,-39.920254707336426,2.8929427712633693e-05,forget,for_000,M_npo_s0
8,-6,real,-39.92167806625366,9.279396057128906,-39.91422128677368,0.0001515572497722498,forget,for_000,M_npo_s0
8,-5,real,-39.92167806625366,9.279396057128906,-39.83317565917969,0.0017987901412890959,forget,for_000,M_npo_s0
8,-4,real,-39.92167806625366,9.279396057128906,-40.37130069732666,-0.00913847185420119,forget,for_000,M_npo_s0
8,-3,real,-39.92167806625366,9.279396057128906,-39.348331451416016,0.01165313207187008,forget,for_000,M_npo_s0
8,-2,real,-39.92167806625366,9.279396057128906,-7.92582893371582,0.6503079394628901,forget,for_000,M_npo_s0
8,-1,real,-39.92167806625366,9.279396057128906,-26.91301727294922,0.2643979023848616,forget,for_000,M_npo_s0
8,-5,random_position,-39.92167806625366,9.279396057128906,-39.83317565917969,0.0017987901412890959,forget,for_000,M_npo_s0
9,-6,real,-39.92167806625366,9.279396057128906,-39.91757583618164,8.337683973594226e-05,forget,for_000,M_npo_s0
9,-5,real,-39.92167806625366,9.279396057128906,-39.83387565612793,0.0017845628716468358,forget,for_000,M_npo_s0
9,-4,real,-39.92167806625366,9.279396057128906,-39.89686107635498,0.0005043993518606434,forget,for_000,M_npo_s0
9,-3,real,-39.92167806625366,9.279396057128906,-39.555702686309814,0.007438361589953982,forget,for_000,M_npo_s0
9,-2,real,-39.92167806625366,9.279396057128906,-23.20240592956543,0.3398151856351949,forget,for_000,M_npo_s0
9,-1,real,-39.92167806625366,9.279396057128906,-10.973089218139648,0.5883731069675233,forget,for_000,M_npo_s0
9,-10,random_position,-39.92167806625366,9.279396057128906,-39.91200256347656,0.00019665226724189288,forget,for_000,M_npo_s0
10,-6,real,-39.92167806625366,9.279396057128906,-39.92031288146973,2.7747052442636602e-05,forget,for_000,M_npo_s0
10,-5,real,-39.92167806625366,9.279396057128906,-39.81007671356201,0.0022682706562825302,forget,for_000,M_npo_s0
10,-4,real,-39.92167806625366,9.279396057128906,-40.06584882736206,-0.0029302360502711463,forget,for_000,M_npo_s0
10,-3,real,-39.92167806625366,9.279396057128906,-39.529470443725586,0.007971525612317504,forget,for_000,M_npo_s0
10,-2,real,-39.92167806625366,9.279396057128906,-37.674171447753906,0.04568003155507614,forget,for_000,M_npo_s0
10,-1,real,-39.92167806625366,9.279396057128906,3.5778274536132812,0.8841169892100794,forget,for_000,M_npo_s0
10,-5,random_position,-39.92167806625366,9.279396057128906,-39.81007671356201,0.0022682706562825302,forget,for_000,M_npo_s0
11,-6,real,-39.92167806625366,9.279396057128906,-39.92167806625366,0.0,forget,for_000,M_npo_s0
11,-5,real,-39.92167806625366,9.279396057128906,-39.92167806625366,0.0,forget,for_000,M_npo_s0
11,-4,real,-39.92167806625366,9.279396057128906,-39.92167806625366,0.0,forget,for_000,M_npo_s0
11,-3,real,-39.92167806625366,9.279396057128906,-39.92167806625366,0.0,forget,for_000,M_npo_s0
11,-2,real,-39.92167806625366,9.279396057128906,-39.92167806625366,0.0,forget,for_000,M_npo_s0
11,-1,real,-39.92167806625366,9.279396057128906,9.318326950073242,1.000791261037243,forget,for_000,M_npo_s0
11,-6,random_position,-39.92167806625366,9.279396057128906,-39.92167806625366,0.0,forget,for_000,M_npo_s0
0,-6,real,-40.45601034164429,8.796819686889648,-38.828003883361816,0.033054069326357655,forget,for_000,M_npo_s0
0,-5,real,-40.45601034164429,8.796819686889648,-38.15367031097412,0.046745334823122604,forget,for_000,M_npo_s0
0,-4,real,-40.45601034164429,8.796819686889648,-40.440800189971924,0.0003088178215049063,forget,for_000,M_npo_s0
0,-3,real,-40.45601034164429,8.796819686889648,-40.45301055908203,6.090579080467005e-05,forget,for_000,M_npo_s0
0,-2,real,-40.45601034164429,8.796819686889648,-40.4382758140564,0.0003600712401219661,forget,for_000,M_npo_s0
0,-1,real,-40.45601034164429,8.796819686889648,-40.41403245925903,0.000852293814607904,forget,for_000,M_npo_s0
0,-11,random_position,-40.45601034164429,8.796819686889648,-40.437676429748535,0.0003722407805831758,forget,for_000,M_npo_s0
1,-6,real,-40.45601034164429,8.796819686889648,-38.72074031829834,0.03523188459101016,forget,for_000,M_npo_s0
1,-5,real,-40.45601034164429,8.796819686889648,-35.25023555755615,0.10569493734821415,forget,for_000,M_npo_s0
1,-4,real,-40.45601034164429,8.796819686889648,-40.4272403717041,0.0005841282607216289,forget,for_000,M_npo_s0
1,-3,real,-40.45601034164429,8.796819686889648,-40.44472026824951,0.00022922689697697869,forget,for_000,M_npo_s0
1,-2,real,-40.45601034164429,8.796819686889648,-40.411115646362305,0.0009115150389525497,forget,for_000,M_npo_s0
1,-1,real,-40.45601034164429,8.796819686889648,-40.41774034500122,0.0007770111203944062,forget,for_000,M_npo_s0
1,-3,random_position,-40.45601034164429,8.796819686889648,-40.44472026824951,0.00022922689697697869,forget,for_000,M_npo_s0
2,-6,real,-40.45601034164429,8.796819686889648,-39.13475751876831,0.026825926999738438,forget,for_000,M_npo_s0
2,-5,real,-40.45601034164429,8.796819686889648,-30.985435485839844,0.1922848869865508,forget,for_000,M_npo_s0
2,-4,real,-40.45601034164429,8.796819686889648,-40.39825201034546,0.0011726906101713677,forget,for_000,M_npo_s0
2,-3,real,-40.45601034164429,8.796819686889648,-40.47776126861572,-0.00044161781077015175,forget,for_000,M_npo_s0
2,-2,real,-40.45601034164429,8.796819686889648,-40.36384105682373,0.0018713500273417722,forget,for_000,M_npo_s0
2,-1,real,-40.45601034164429,8.796819686889648,-40.331297397613525,0.002532097017745194,forget,for_000,M_npo_s0
2,-8,random_position,-40.45601034164429,8.796819686889648,-40.42335319519043,0.000663051167515409,forget,for_000,M_npo_s0
3,-6,real,-40.45601034164429,8.796819686889648,-39.47760725021362,0.01986491113026074,forget,for_000,M_npo_s0
3,-5,real,-40.45601034164429,8.796819686889648,-25.772600173950195,0.29812317706794644,forget,for_000,M_npo_s0
3,-4,real,-40.45601034164429,8.796819686889648,-40.40799331665039,0.0009749089537815085,forget,for_000,M_npo_s0
3,-3,real,-40.45601034164429,8.796819686889648,-40.458165645599365,-4.3760002294882953e-05,forget,for_000,M_npo_s0
3,-2,real,-40.45601034164429,8.796819686889648,-40.380234241485596,0.0015385126116568648,forget,for_000,M_npo_s0
3,-1,real,-40.45601034164429,8.796819686889648,-40.19747018814087,0.005249244629265696,forget,for_000,M_npo_s0
3,-11,random_position,-40.45601034164429,8.796819686889648,-40.32646894454956,0.002630131040585456,forget,for_000,M_npo_s0
4,-6,real,-40.45601034164429,8.796819686889648,-39.78610277175903,0.01360140258939745,forget,for_000,M_npo_s0
4,-5,real,-40.45601034164429,8.796819686889648,-19.561174392700195,0.4242362507258763,forget,for_000,M_npo_s0
4,-4,real,-40.45601034164429,8.796819686889648,-40.406747817993164,0.001000196813514746,forget,for_000,M_npo_s0
4,-3,real,-40.45601034164429,8.796819686889648,-40.44739818572998,0.0001748560622672303,forget,for_000,M_npo_s0
4,-2,real,-40.45601034164429,8.796819686889648,-40.41290521621704,0.0008751806830647852,forget,for_000,M_npo_s0
4,-1,real,-40.45601034164429,8.796819686889648,-39.92118835449219,0.010858705719899912,forget,for_000,M_npo_s0
4,-8,random_position,-40.45601034164429,8.796819686889648,-40.46515655517578,-0.00018569924867658185,forget,for_000,M_npo_s0
5,-6,real,-40.45601034164429,8.796819686889648,-39.59361219406128,0.017509616139486595,forget,for_000,M_npo_s0
5,-5,real,-40.45601034164429,8.796819686889648,-13.318511962890625,0.550983534611756,forget,for_000,M_npo_s0
5,-4,real,-40.45601034164429,8.796819686889648,-40.41356945037842,0.0008616944699681542,forget,for_000,M_npo_s0
5,-3,real,-40.45601034164429,8.796819686889648,-40.448944091796875,0.0001434689101787324,forget,for_000,M_npo_s0
5,-2,real,-40.45601034164429,8.796819686889648,-40.41554594039917,0.0008215649988371166,forget,for_000,M_npo_s0
5,-1,real,-40.45601034164429,8.796819686889648,-39.38359975814819,0.02177358301796684,forget,for_000,M_npo_s0
5,-10,random_position,-40.45601034164429,8.796819686889648,-40.435306549072266,0.0004203574202746732,forget,for_000,M_npo_s0
6,-6,real,-40.45601034164429,8.796819686889648,-39.557740688323975,0.018237929735203287,forget,for_000,M_npo_s0
6,-5,real,-40.45601034164429,8.796819686889648,-8.77513313293457,0.6432295807237035,forget,for_000,M_npo_s0
6,-4,real,-40.45601034164429,8.796819686889648,-40.46340370178223,-0.00015011036185446023,forget,for_000,M_npo_s0
6,-3,real,-40.45601034164429,8.796819686889648,-40.45213031768799,7.877768554722624e-05,forget,for_000,M_npo_s0
6,-2,real,-40.45601034164429,8.796819686889648,-40.43800592422485,0.0003655509218252634,forget,for_000,M_npo_s0
6,-1,real,-40.45601034164429,8.796819686889648,-37.732693672180176,0.05529259268729119,forget,for_000,M_npo_s0
6,-2,random_position,-40.45601034164429,8.796819686889648,-40.43800592422485,0.0003655509218252634,forget,for_000,M_npo_s0
7,-6,real,-40.45601034164429,8.796819686889648,-39.90031671524048,0.011282470998760381,forget,for_000,M_npo_s0
7,-5,real,-40.45601034164429,8.796819686889648,-4.988254547119141,0.7201160983841416,forget,for_000,M_npo_s0
7,-4,real,-40.45601034164429,8.796819686889648,-40.52741098403931,-0.0014496759344316777,forget,for_000,M_npo_s0
7,-3,real,-40.45601034164429,8.796819686889648,-40.44795036315918,0.00016364498203327578,forget,for_000,M_npo_s0
7,-2,real,-40.45601034164429,8.796819686889648,-40.424396991729736,0.000641858546934989,forget,for_000,M_npo_s0
7,-1,real,-40.45601034164429,8.796819686889648,-36.34330940246582,0.08350181983036978,forget,for_000,M_npo_s0
7,-7,random_position,-40.45601034164429,8.796819686889648,-41.16299819946289,-0.014354258575781738,forget,for_000,M_npo_s0
8,-6,real,-40.45601034164429,8.796819686889648,-39.88741683959961,0.011544382357628405,forget,for_000,M_npo_s0
8,-5,real,-40.45601034164429,8.796819686889648,-9.013988494873047,0.6383800043277867,forget,for_000,M_npo_s0
8,-4,real,-40.45601034164429,8.796819686889648,-40.52067804336548,-0.0013129743343423532,forget,for_000,M_npo_s0
8,-3,real,-40.45601034164429,8.796819686889648,-40.44257354736328,0.00027281263377599706,forget,for_000,M_npo_s0
8,-2,real,-40.45601034164429,8.796819686889648,-40.37538433074951,0.0016369822982367885,forget,for_000,M_npo_s0
8,-1,real,-40.45601034164429,8.796819686889648,-28.09513282775879,0.25096786330296955,forget,for_000,M_npo_s0
8,-5,random_position,-40.45601034164429,8.796819686889648,-9.013988494873047,0.6383800043277867,forget,for_000,M_npo_s0
9,-6,real,-40.45601034164429,8.796819686889648,-40.14759540557861,0.006261872381485449,forget,for_000,M_npo_s0
9,-5,real,-40.45601034164429,8.796819686889648,-24.575407028198242,0.32243027059045826,forget,for_000,M_npo_s0
9,-4,real,-40.45601034164429,8.796819686889648,-40.39032459259033,0.0013336441584351794,forget,for_000,M_npo_s0
9,-3,real,-40.45601034164429,8.796819686889648,-40.42426824569702,0.0006444725293729576,forget,for_000,M_npo_s0
9,-2,real,-40.45601034164429,8.796819686889648,-40.098506450653076,0.007258545159417156,forget,for_000,M_npo_s0
9,-1,real,-40.45601034164429,8.796819686889648,-13.435417175292969,0.548609961106749,forget,for_000,M_npo_s0
9,-10,random_position,-40.45601034164429,8.796819686889648,-40.44869422912598,0.000148541972391679,forget,for_000,M_npo_s0
10,-6,real,-40.45601034164429,8.796819686889648,-40.12353277206421,0.006750425699141794,forget,for_000,M_npo_s0
10,-5,real,-40.45601034164429,8.796819686889648,-38.06251239776611,0.04859615056620167,forget,for_000,M_npo_s0
10,-4,real,-40.45601034164429,8.796819686889648,-40.464022636413574,-0.0001626768403895837,forget,for_000,M_npo_s0
10,-3,real,-40.45601034164429,8.796819686889648,-40.427104473114014,0.0005868874644061515,forget,for_000,M_npo_s0
10,-2,real,-40.45601034164429,8.796819686889648,-40.058878898620605,0.008063119272407476,forget,for_000,M_npo_s0
10,-1,real,-40.45601034164429,8.796819686889648,1.3241233825683594,0.8482788440787649,forget,for_000,M_npo_s0
10,-5,random_position,-40.45601034164429,8.796819686889648,-38.06251239776611,0.04859615056620167,forget,for_000,M_npo_s0
11,-6,real,-40.45601034164429,8.796819686889648,-40.45601034164429,0.0,forget,for_000,M_npo_s0
11,-5,real,-40.45601034164429,8.796819686889648,-40.45601034164429,0.0,forget,for_000,M_npo_s0
11,-4,real,-40.45601034164429,8.796819686889648,-40.45601034164429,0.0,forget,for_000,M_npo_s0
11,-3,real,-40.45601034164429,8.796819686889648,-40.45601034164429,0.0,forget,for_000,M_npo_s0
11,-2,real,-40.45601034164429,8.796819686889648,-40.45601034164429,0.0,forget,for_000,M_npo_s0
11,-1,real,-40.45601034164429,8.796819686889648,8.582351684570312,0.9956455699663331,forget,for_000,M_npo_s0
11,-6,random_position,-40.45601034164429,8.796819686889648,-40.45601034164429,0.0,forget,for_000,M_npo_s0
0,-6,real,-39.26958990097046,8.804794311523438,-39.16196918487549,0.0022386291131525613,forget,for_000,M_npo_s0
0,-5,real,-39.26958990097046,8.804794311523438,-39.33627128601074,-0.0013870460564932956,forget,for_000,M_npo_s0
0,-4,real,-39.26958990097046,8.804794311523438,-37.547914028167725,0.03581274936757887,forget,for_000,M_npo_s0
0,-3,real,-39.26958990097046,8.804794311523438,-36.69452095031738,0.053564262815535967,forget,for_000,M_npo_s0
0,-2,real,-39.26958990097046,8.804794311523438,-39.227314949035645,0.0008793654381084667,forget,for_000,M_npo_s0
0,-1,real,-39.26958990097046,8.804794311523438,-39.22782754898071,0.0008687027961741965,forget,for_000,M_npo_s0
0,-12,random_position,-39.26958990097046,8.804794311523438,-39.255958557128906,0.00028354692555812556,forget,for_000,M_npo_s0
1,-6,real,-39.26958990097046,8.804794311523438,-39.10920858383179,0.0033361075709211247,forget,for_000,M_npo_s0
1,-5,real,-39.26958990097046,8.804794311523438,-39.44432544708252,-0.003634691301290742,forget,for_000,M_npo_s0
1,-4,real,-39.26958990097046,8.804794311523438,-37.45793056488037,0.03768450424829907,forget,for_000,M_npo_s0
1,-3,real,-39.26958990097046,8.804794311523438,-33.649325370788574,0.11690767593277362,forget,for_000,M_npo_s0
1,-2,real,-39.26958990097046,8.804794311523438,-39.15534257888794,0.002376469796836798,forget,for_000,M_npo_s0
1,-1,real,-39.26958990097046,8.804794311523438,-39.19202184677124,0.0016135007337038305,forget,for_000,M_npo_s0
1,-3,random_position,-39.26958990097046,8.804794311523438,-33.649325370788574,0.11690767593277362,forget,for_000,M_npo_s0
2,-6,real,-39.26958990097046,8.804794311523438,-39.22872591018677,0.0008500158962633451,forget,for_000,M_npo_s0
2,-5,real,-39.26958990097046,8.804794311523438,-39.561707973480225,-0.006076376791818542,forget,for_000,M_npo_s0
2,-4,real,-39.26958990097046,8.804794311523438,-37.93018579483032,0.027861076706044284,forget,for_000,M_npo_s0
2,-3,real,-39.26958990097046,8.804794311523438,-29.407779693603516,0.20513648523872283,forget,for_000,M_npo_s0
2,-2,real,-39.26958990097046,8.804794311523438,-39.04956865310669,0.0045766836428159366,forget,for_000,M_npo_s0
2,-1,real,-39.26958990097046,8.804794311523438,-39.089080810546875,0.003754787365049016,forget,for_000,M_npo_s0
2,-8,random_position,-39.26958990097046,8.804794311523438,-39.29576349258423,-0.0005444394565321829,forget,for_000,M_npo_s0
3,-6,real,-39.26958990097046,8.804794311523438,-39.302696228027344,-0.0006886479691669325,forget,for_000,M_npo_s0
3,-5,real,-39.26958990097046,8.804794311523438,-39.69941329956055,-0.008940798839777598,forget,for_000,M_npo_s0
3,-4,real,-39.26958990097046,8.804794311523438,-38.198694705963135,0.02227579640487652,forget,for_000,M_npo_s0
3,-3,real,-39.26958990097046,8.804794311523438,-24.00330924987793,0.3175554071293757,forget,for_000,M_npo_s0
3,-2,real,-39.26958990097046,8.804794311523438,-39.10626840591431,0.003397266501308762,forget,for_000,M_npo_s0
3,-1,real,-39.26958990097046,8.804794311523438,-38.874958515167236,0.008208766316359039,forget,for_000,M_npo_s0
3,-12,random_position,-39.26958990097046,8.804794311523438,-39.178043365478516,0.0019042684995672107,forget,for_000,M_npo_s0
4,-6,real,-39.26958990097046,8.804794311523438,-39.26969337463379,-2.1523658602201436e-06,forget,for_000,M_npo_s0
4,-5,real,-39.26958990097046,8.804794311523438,-39.68693399429321,-0.008681215582045702,forget,for_000,M_npo_s0
4,-4,real,-39.26958990097046,8.804794311523438,-38.491968631744385,0.016175376595338287,forget,for_000,M_npo_s0
4,-3,real,-39.26958990097046,8.804794311523438,-17.990055084228516,0.44263769916810863,forget,for_000,M_npo_s0
4,-2,real,-39.26958990097046,8.804794311523438,-39.076355934143066,0.004019478772172679,forget,for_000,M_npo_s0
4,-1,real,-39.26958990097046,8.804794311523438,-38.78662443161011,0.010046212286892595,forget,for_000,M_npo_s0
4,-9,random_position,-39.26958990097046,8.804794311523438,-39.25374984741211,0.0003294905138739768,forget,for_000,M_npo_s0
5,-6,real,-39.26958990097046,8.804794311523438,-39.20745038986206,0.0012925700895873192,forget,for_000,M_npo_s0
5,-5,real,-39.26958990097046,8.804794311523438,-39.74402046203613,-0.009868676819002824,forget,for_000,M_npo_s0
5,-4,real,-39.26958990097046,8.804794311523438,-38.37057113647461,0.018700577848737302,forget,for_000,M_npo_s0
5,-3,real,-39.26958990097046,8.804794311523438,-11.970649719238281,0.5678479429100528,forget,for_000,M_npo_s0
5,-2,real,-39.26958990097046,8.804794311523438,-39.09366512298584,0.003659428630578249,forget,for_000,M_npo_s0
5,-1,real,-39.26958990097046,8.804794311523438,-38.39058971405029,0.018284169445309827,forget,for_000,M_npo_s0
5,-11,random_position,-39.26958990097046,8.804794311523438,-39.2584114074707,0.00023252494406055682,forget,for_000,M_npo_s0
6,-6,real,-39.26958990097046,8.804794311523438,-39.07117033004761,0.004127345033600762,forget,for_000,M_npo_s0
6,-5,real,-39.26958990097046,8.804794311523438,-39.73815059661865,-0.009746577170434575,forget,for_000,M_npo_s0
6,-4,real,-39.26958990097046,8.804794311523438,-38.31964683532715,0.01975985925153947,forget,for_000,M_npo_s0
6,-3,real,-39.26958990097046,8.804794311523438,-7.521686553955078,0.6603912638108118,forget,for_000,M_npo_s0
6,-2,real,-39.26958990097046,8.804794311523438,-39.09336566925049,0.0036656575972151997,forget,for_000,M_npo_s0
6,-1,real,-39.26958990097046,8.804794311523438,-37.248915672302246,0.04203224361099703,forget,for_000,M_npo_s0
6,-2,random_position,-39.26958990097046,8.804794311523438,-39.09336566925049,0.0036656575972151997,forget,for_000,M_npo_s0
7,-6,real,-39.26958990097046,8.804794311523438,-39.08748149871826,0.0037880548078839398,forget,for_000,M_npo_s0
7,-5,real,-39.26958990097046,8.804794311523438,-39.81156253814697,-0.01127362619520901,forget,for_000,M_npo_s0
7,-4,real,-39.26958990097046,8.804794311523438,-38.662456035614014,0.012629051319156767,forget,for_000,M_npo_s0
7,-3,real,-39.26958990097046,8.804794311523438,-3.8273468017578125,0.7372375887864555,forget,for_000,M_npo_s0
7,-2,real,-39.26958990097046,8.804794311523438,-38.916632652282715,0.007341898486471205,forget,for_000,M_npo_s0
7,-1,real,-39.26958990097046,8.804794311523438,-35.879775047302246,0.07051187257406918,forget,for_000,M_npo_s0
7,-8,random_position,-39.26958990097046,8.804794311523438,-39.26276254653931,0.0001420164718277973,forget,for_000,M_npo_s0
8,-6,real,-39.26958990097046,8.804794311523438,-39.16936016082764,0.0020848886945654082,forget,for_000,M_npo_s0
8,-5,real,-39.26958990097046,8.804794311523438,-39.771583557128906,-0.01044201947422939,forget,for_000,M_npo_s0
8,-4,real,-39.26958990097046,8.804794311523438,-38.62496995925903,0.013408802884757442,forget,for_000,M_npo_s0
8,-3,real,-39.26958990097046,8.804794311523438,-7.4576416015625,0.6617234691721845,forget,for_000,M_npo_s0
8,-2,real,-39.26958990097046,8.804794311523438,-38.4811224937439,0.016400988179930763,forget,for_000,M_npo_s0
8,-1,real,-39.26958990097046,8.804794311523438,-27.98495864868164,0.23473272590262512,forget,for_000,M_npo_s0
8,-5,random_position,-39.26958990097046,8.804794311523438,-39.771583557128906,-0.01044201947422939,forget,for_000,M_npo_s0
9,-6,real,-39.26958990097046,8.804794311523438,-39.2319540977478,0.0007828660489191498,forget,for_000,M_npo_s0
9,-5,real,-39.26958990097046,8.804794311523438,-39.45980453491211,-0.0039566733314956555,forget,for_000,M_npo_s0
9,-4,real,-39.26958990097046,8.804794311523438,-38.788652420043945,0.010004027899779616,forget,for_000,M_npo_s0
9,-3,real,-39.26958990097046,8.804794311523438,-22.86200523376465,0.3412957843553968,forget,for_000,M_npo_s0
9,-2,real,-39.26958990097046,8.804794311523438,-37.56033420562744,0.03555439603319567,forget,for_000,M_npo_s0
9,-1,real,-39.26958990097046,8.804794311523438,-13.455768585205078,0.5369558391359844,forget,for_000,M_npo_s0
9,-11,random_position,-39.26958990097046,8.804794311523438,-39.26754331588745,4.257121784361685e-05,forget,for_000,M_npo_s0
10,-6,real,-39.26958990097046,8.804794311523438,-39.219138622283936,0.0010494420160125904,forget,for_000,M_npo_s0
10,-5,real,-39.26958990097046,8.804794311523438,-39.42272758483887,-0.0031854320419690313,forget,for_000,M_npo_s0
10,-4,real,-39.26958990097046,8.804794311523438,-38.710949420928955,0.011620335635964749,forget,for_000,M_npo_s0
10,-3,real,-39.26958990097046,8.804794311523438,-36.48688316345215,0.0578833568666933,forget,for_000,M_npo_s0
10,-2,real,-39.26958990097046,8.804794311523438,-38.0412015914917,0.025551826187708463,forget,for_000,M_npo_s0
10,-1,real,-39.26958990097046,8.804794311523438,2.0075035095214844,0.8586088846825951,forget,for_000,M_npo_s0
10,-6,random_position,-39.26958990097046,8.804794311523438,-39.219138622283936,0.0010494420160125904,forget,for_000,M_npo_s0
11,-6,real,-39.26958990097046,8.804794311523438,-39.26958990097046,0.0,forget,for_000,M_npo_s0
11,-5,real,-39.26958990097046,8.804794311523438,-39.26958990097046,0.0,forget,for_000,M_npo_s0
11,-4,real,-39.26958990097046,8.804794311523438,-39.26958990097046,0.0,forget,for_000,M_npo_s0
11,-3,real,-39.26958990097046,8.804794311523438,-39.26958990097046,0.0,forget,for_000,M_npo_s0
11,-2,real,-39.26958990097046,8.804794311523438,-39.26958990097046,0.0,forget,for_000,M_npo_s0
11,-1,real,-39.26958990097046,8.804794311523438,8.837409973144531,1.0006784415891201,forget,for_000,M_npo_s0
11,-6,random_position,-39.26958990097046,8.804794311523438,-39.26958990097046,0.0,forget,for_000,M_npo_s0
0,-6,real,-41.541406869888306,8.965827941894531,-41.589768171310425,-0.0009575123564443669,forget,for_000,M_npo_s0
0,-5,real,-41.541406869888306,8.965827941894531,-39.82215166091919,0.03403978094179947,forget,for_000,M_npo_s0
0,-4,real,-41.541406869888306,8.965827941894531,-38.93781089782715,0.051548970791284815,forget,for_000,M_npo_s0
0,-3,real,-41.541406869888306,8.965827941894531,-41.5150306224823,0.0005222271126957943,forget,for_000,M_npo_s0
0,-2,real,-41.541406869888306,8.965827941894531,-41.51165437698364,0.0005890738824949911,forget,for_000,M_npo_s0
0,-1,real,-41.541406869888306,8.965827941894531,-41.47991108894348,0.0012175638039578019,forget,for_000,M_npo_s0
0,-10,random_position,-41.541406869888306,8.965827941894531,-41.523568868637085,0.00035317715011908105,forget,for_000,M_npo_s0
1,-6,real,-41.541406869888306,8.965827941894531,-41.6772038936615,-0.0026886647879110037,forget,for_000,M_npo_s0
1,-5,real,-41.541406869888306,8.965827941894531,-39.7539587020874,0.035389943133135246,forget,for_000,M_npo_s0
1,-4,real,-41.541406869888306,8.965827941894531,-35.79835033416748,0.11370760163613287,forget,for_000,M_npo_s0
1,-3,real,-41.541406869888306,8.965827941894531,-41.50600481033325,0.0007009304644568418,forget,for_000,M_npo_s0
1,-2,real,-41.541406869888306,8.965827941894531,-41.50129461288452,0.000794188340606332,forget,for_000,M_npo_s0
1,-1,real,-41.541406869888306,8.965827941894531,-41.43950915336609,0.0020174875322702297,forget,for_000,M_npo_s0
1,-3,random_position,-41.541406869888306,8.965827941894531,-41.50600481033325,0.0007009304644568418,forget,for_000,M_npo_s0
2,-6,real,-41.541406869888306,8.965827941894531,-41.76367807388306,-0.004400779508580369,forget,for_000,M_npo_s0
2,-5,real,-41.541406869888306,8.965827941894531,-40.2179799079895,0.026202720596972005,forget,for_000,M_npo_s0
2,-4,real,-41.541406869888306,8.965827941894531,-31.223905563354492,0.20427769100768198,forget,for_000,M_npo_s0
2,-3,real,-41.541406869888306,8.965827941894531,-41.474879026412964,0.0013171943331140652,forget,for_000,M_npo_s0
2,-2,real,-41.541406869888306,8.965827941894531,-41.51086664199829,0.000604670360668605,forget,for_000,M_npo_s0
2,-1,real,-41.541406869888306,8.965827941894531,-41.404189348220825,0.0027167894298475628,forget,for_000,M_npo_s0
2,-7,random_position,-41.541406869888306,8.965827941894531,-41.483980655670166,0.0011369898675336445,forget,for_000,M_npo_s0
3,-6,real,-41.541406869888306,8.965827941894531,-41.84711003303528,-0.006052660857126455,forget,for_000,M_npo_s0
3,-5,real,-41.541406869888306,8.965827941894531,-40.54417657852173,0.019744305842178737,forget,for_000,M_npo_s0
3,-4,real,-41.541406869888306,8.965827941894531,-25.35468864440918,0.32048316020070305,forget,for_000,M_npo_s0
3,-3,real,-41.541406869888306,8.965827941894531,-41.498453855514526,0.0008504329039957417,forget,for_000,M_npo_s0
3,-2,real,-41.541406869888306,8.965827941894531,-41.49757671356201,0.0008677995635601259,forget,for_000,M_npo_s0
3,-1,real,-41.541406869888306,8.965827941894531,-41.30661988258362,0.0046485813008696735,forget,for_000,M_npo_s0
3,-10,random_position,-41.541406869888306,8.965827941894531,-41.419496059417725,0.0024137296552639714,forget,for_000,M_npo_s0
4,-6,real,-41.541406869888306,8.965827941894531,-41.80610466003418,-0.005240789584547255,forget,for_000,M_npo_s0
4,-5,real,-41.541406869888306,8.965827941894531,-40.897687911987305,0.012745084150812148,forget,for_000,M_npo_s0
4,-4,real,-41.541406869888306,8.965827941894531,-18.940587997436523,0.44747686062550457,forget,for_000,M_npo_s0
4,-3,real,-41.541406869888306,8.965827941894531,-41.474127531051636,0.0013320732977639535,forget,for_000,M_npo_s0
4,-2,real,-41.541406869888306,8.965827941894531,-41.46677112579346,0.0014777238225965373,forget,for_000,M_npo_s0
4,-1,real,-41.541406869888306,8.965827941894531,-41.10907864570618,0.008559728636762966,forget,for_000,M_npo_s0
4,-8,random_position,-41.541406869888306,8.965827941894531,-41.525317907333374,0.00031854768163190443,forget,for_000,M_npo_s0
5,-6,real,-41.541406869888306,8.965827941894531,-41.86506223678589,-0.006408099118942014,forget,for_000,M_npo_s0
5,-5,real,-41.541406869888306,8.965827941894531,-40.77086877822876,0.015255994404187557,forget,for_000,M_npo_s0
5,-4,real,-41.541406869888306,8.965827941894531,-12.620241165161133,0.5726143158005583,forget,for_000,M_npo_s0
5,-3,real,-41.541406869888306,8.965827941894531,-41.43842625617981,0.00203892796927524,forget,for_000,M_npo_s0
5,-2,real,-41.541406869888306,8.965827941894531,-41.40602111816406,0.00268052195351346,forget,for_000,M_npo_s0
5,-1,real,-41.541406869888306,8.965827941894531,-40.68760681152344,0.016904510047849326,forget,for_000,M_npo_s0
5,-9,random_position,-41.541406869888306,8.965827941894531,-41.520766496658325,0.0004086617156313866,forget,for_000,M_npo_s0
6,-6,real,-41.541406869888306,8.965827941894531,-41.902108907699585,-0.007141591480021613,forget,for_000,M_npo_s0
6,-5,real,-41.541406869888306,8.965827941894531,-40.75256276130676,0.015618437863826856,forget,for_000,M_npo_s0
6,-4,real,-41.541406869888306,8.965827941894531,-8.60763168334961,0.652060547548637,forget,for_000,M_npo_s0
6,-3,real,-41.541406869888306,8.965827941894531,-41.484354734420776,0.0011295834285946615,forget,for_000,M_npo_s0
6,-2,real,-41.541406869888306,8.965827941894531,-41.455764055252075,0.0016956543939770556,forget,for_000,M_npo_s0
6,-1,real,-41.541406869888306,8.965827941894531,-38.664658546447754,0.05695715344862703,forget,for_000,M_npo_s0
6,-2,random_position,-41.541406869888306,8.965827941894531,-41.455764055252075,0.0016956543939770556,forget,for_000,M_npo_s0
7,-6,real,-41.541406869888306,8.965827941894531,-41.93656611442566,-0.007823814667540794,forget,for_000,M_npo_s0
7,-5,real,-41.541406869888306,8.965827941894531,-41.16258096694946,0.00750042849010745,forget,for_000,M_npo_s0
7,-4,real,-41.541406869888306,8.965827941894531,-4.990245819091797,0.7236816900985734,forget,for_000,M_npo_s0
7,-3,real,-41.541406869888306,8.965827941894531,-41.44588661193848,0.001891219313545654,forget,for_000,M_npo_s0
7,-2,real,-41.541406869888306,8.965827941894531,-41.40297293663025,0.002740873337729457,forget,for_000,M_npo_s0
7,-1,real,-41.541406869888306,8.965827941894531,-36.96549320220947,0.09059917227167855,forget,for_000,M_npo_s0
7,-7,random_position,-41.541406869888306,8.965827941894531,-41.38719868659973,0.00305318998086585,forget,for_000,M_npo_s0
8,-6,real,-41.541406869888306,8.965827941894531,-42.04035687446594,-0.009878782840458266,forget,for_000,M_npo_s0
8,-5,real,-41.541406869888306,8.965827941894531,-41.13762593269348,0.007994516799415558,forget,for_000,M_npo_s0
8,-4,real,-41.541406869888306,8.965827941894531,-9.50217056274414,0.6343494437289948,forget,for_000,M_npo_s0
8,-3,real,-41.541406869888306,8.965827941894531,-41.315542459487915,0.004471921918554502,forget,for_000,M_npo_s0
8,-2,real,-41.541406869888306,8.965827941894531,-41.26264214515686,0.005519302843845497,forget,for_000,M_npo_s0
8,-1,real,-41.541406869888306,8.965827941894531,-27.86655044555664,0.27075044744166943,forget,for_000,M_npo_s0
8,-4,random_position,-41.541406869888306,8.965827941894531,-9.50217056274414,0.6343494437289948,forget,for_000,M_npo_s0
9,-6,real,-41.541406869888306,8.965827941894531,-41.77967071533203,-0.00471742011479395,forget,for_000,M_npo_s0
9,-5,real,-41.541406869888306,8.965827941894531,-41.33071994781494,0.004171420646141038,forget,for_000,M_npo_s0
9,-4,real,-41.541406869888306,8.965827941894531,-25.247255325317383,0.3226102479237224,forget,for_000,M_npo_s0
9,-3,real,-41.541406869888306,8.965827941894531,-41.24798226356506,0.0058095559461273285,forget,for_000,M_npo_s0
9,-2,real,-41.541406869888306,8.965827941894531,-40.983065128326416,0.011054688375686607,forget,for_000,M_npo_s0
9,-1,real,-41.541406869888306,8.965827941894531,-12.69202995300293,0.5711929592739277,forget,for_000,M_npo_s0
9,-10,random_position,-41.541406869888306,8.965827941894531,-41.44280242919922,0.0019522834908016677,forget,for_000,M_npo_s0
10,-6,real,-41.541406869888306,8.965827941894531,-41.629868507385254,-0.001751464672865263,forget,for_000,M_npo_s0
10,-5,real,-41.541406869888306,8.965827941894531,-41.365954875946045,0.003473799240764009,forget,for_000,M_npo_s0
10,-4,real,-41.541406869888306,8.965827941894531,-39.551762342453,0.03939325791344131,forget,for_000,M_npo_s0
10,-3,real,-41.541406869888306,8.965827941894531,-41.30243158340454,0.0047315060381807736,forget,for_000,M_npo_s0
10,-2,real,-41.541406869888306,8.965827941894531,-40.97705936431885,0.011173597360309286,forget,for_000,M_npo_s0
10,-1,real,-41.541406869888306,8.965827941894531,1.8812389373779297,0.8597312042340548,forget,for_000,M_npo_s0
10,-5,random_position,-41.541406869888306,8.965827941894531,-41.365954875946045,0.003473799240764009,forget,for_000,M_npo_s0
11,-6,real,-41.541406869888306,8.965827941894531,-41.541406869888306,0.0,forget,for_000,M_npo_s0
11,-5,real,-41.541406869888306,8.965827941894531,-41.541406869888306,0.0,forget,for_000,M_npo_s0
11,-4,real,-41.541406869888306,8.965827941894531,-41.541406869888306,0.0,forget,for_000,M_npo_s0
11,-3,real,-41.541406869888306,8.965827941894531,-41.541406869888306,0.0,forget,for_000,M_npo_s0
11,-2,real,-41.541406869888306,8.965827941894531,-41.541406869888306,0.0,forget,for_000,M_npo_s0
11,-1,real,-41.541406869888306,8.965827941894531,8.999160766601562,1.000659961386349,forget,for_000,M_npo_s0
11,-5,random_position,-41.541406869888306,8.965827941894531,-41.541406869888306,0.0,forget,for_000,M_npo_s0
0,-6,real,-13.452852249145508,12.8388671875,-13.424092292785645,0.001093878870462064,forget,for_001,M_npo_s0
0,-5,real,-13.452852249145508,12.8388671875,-13.442840576171875,0.0003807918686245564,forget,for_001,M_npo_s0
0,-4,real,-13.452852249145508,12.8388671875,-13.463515281677246,-0.00040556619195000624,forget,for_001,M_npo_s0
0,-3,real,-13.452852249145508,12.8388671875,-13.461825370788574,-0.00034129078794898563,forget,for_001,M_npo_s0
0,-2,real,-13.452852249145508,12.8388671875,-13.484536170959473,-0.0012050912794164257,forget,for_001,M_npo_s0
0,-1,real,-13.452852249145508,12.8388671875,-13.44015121459961,0.0004830811684455937,forget,for_001,M_npo_s0
0,-14,random_position,-13.452852249145508,12.8388671875,-13.372482299804688,0.0030568540613893948,forget,for_001,M_npo_s0
1,-6,real,-13.452852249145508,12.8388671875,-13.43769645690918,0.0005764473591333064,forget,for_001,M_npo_s0
1,-5,real,-13.452852249145508,12.8388671875,-13.446036338806152,0.000259241711284026,forget,for_001,M_npo_s0
1,-4,real,-13.452852249145508,12.8388671875,-13.485004425048828,-0.0012229012248817198,forget,for_001,M_npo_s0
1,-3,real,-13.452852249145508,12.8388671875,-13.439566612243652,0.000505316395676195,forget,for_001,M_npo_s0
1,-2,real,-13.452852249145508,12.8388671875,-13.39837646484375,0.002071974958999039,forget,for_001,M_npo_s0
1,-1,real,-13.452852249145508,12.8388671875,-13.396553993225098,0.0021412922823884017,forget,for_001,M_npo_s0
1,-3,random_position,-13.452852249145508,12.8388671875,-13.439566612243652,0.000505316395676195,forget,for_001,M_npo_s0
2,-6,real,-13.452852249145508,12.8388671875,-13.428169250488281,0.0009388126446695341,forget,for_001,M_npo_s0
2,-5,real,-13.452852249145508,12.8388671875,-13.428996086120605,0.0009073641258947684,forget,for_001,M_npo_s0
2,-4,real,-13.452852249145508,12.8388671875,-13.480595588684082,-0.0010552120642176577,forget,for_001,M_npo_s0
2,-3,real,-13.452852249145508,12.8388671875,-13.500509262084961,-0.001812624429310948,forget,for_001,M_npo_s0
2,-2,real,-13.452852249145508,12.8388671875,-13.308566093444824,0.005487893481001358,forget,for_001,M_npo_s0
2,-1,real,-13.452852249145508,12.8388671875,-13.418572425842285,0.0013038258447046751,forget,for_001,M_npo_s0
2,-9,random_position,-13.452852249145508,12.8388671875,-7.775945663452148,0.2159199438961327,forget,for_001,M_npo_s0
3,-6,real,-13.452852249145508,12.8388671875,-13.46133041381836,-0.0003224652040457522,forget,for_001,M_npo_s0
3,-5,real,-13.452852249145508,12.8388671875,-13.374420166015625,0.00298314772903608,forget,for_001,M_npo_s0
3,-4,real,-13.452852249145508,12.8388671875,-13.517892837524414,-0.0024738050524094825,forget,for_001,M_npo_s0
3,-3,real,-13.452852249145508,12.8388671875,-13.462406158447266,-0.0003633809239741671,forget,for_001,M_npo_s0
3,-2,real,-13.452852249145508,12.8388671875,-13.392796516418457,0.002284207119727014,forget,for_001,M_npo_s0
3,-1,real,-13.452852249145508,12.8388671875,-13.332204818725586,0.004588799553815525,forget,for_001,M_npo_s0
3,-14,random_position,-13.452852249145508,12.8388671875,-13.29322624206543,0.0060713414907961755,forget,for_001,M_npo_s0
4,-6,real,-13.452852249145508,12.8388671875,-13.455496788024902,-0.0001005844781573533,forget,for_001,M_npo_s0
4,-5,real,-13.452852249145508,12.8388671875,-13.378121376037598,0.0028423729869774114,forget,for_001,M_npo_s0
4,-4,real,-13.452852249145508,12.8388671875,-13.490875244140625,-0.0014461965900229628,forget,for_001,M_npo_s0
4,-3,real,-13.452852249145508,12.8388671875,-13.472917556762695,-0.0007631797405087318,forget,for_001,M_npo_s0
4,-2,real,-13.452852249145508,12.8388671875,-13.3737154006958,0.0030099533292374087,forget,for_001,M_npo_s0
4,-1,real,-13.452852249145508,12.8388671875,-13.32796859741211,0.004749923337434336,forget,for_001,M_npo_s0
4,-11,random_position,-13.452852249145508,12.8388671875,-12.136945724487305,0.050050226948036236,forget,for_001,M_npo_s0
5,-6,real,-13.452852249145508,12.8388671875,-13.45522403717041,-9.021045696982966e-05,forget,for_001,M_npo_s0
5,-5,real,-13.452852249145508,12.8388671875,-13.345462799072266,0.004084535069378625,forget,for_001,M_npo_s0
5,-4,real,-13.452852249145508,12.8388671875,-13.500421524047852,-0.00180928733158629,forget,for_001,M_npo_s0
5,-3,real,-13.452852249145508,12.8388671875,-13.48536205291748,-0.0012365035253898366,forget,for_001,M_npo_s0
5,-2,real,-13.452852249145508,12.8388671875,-13.34246826171875,0.004198431665633255,forget,for_001,M_npo_s0
5,-1,real,-13.452852249145508,12.8388671875,-13.305516242980957,0.005603893899734577,forget,for_001,M_npo_s0
5,-12,random_position,-13.452852249145508,12.8388671875,-13.384031295776367,0.0026175904369806144,forget,for_001,M_npo_s0
6,-6,real,-13.452852249145508,12.8388671875,-13.311975479125977,0.005358218216157313,forget,for_001,M_npo_s0
6,-5,real,-13.452852249145508,12.8388671875,-13.219968795776367,0.008857672999680146,forget,for_001,M_npo_s0
6,-4,real,-13.452852249145508,12.8388671875,-13.389043807983398,0.0024269405930588514,forget,for_001,M_npo_s0
6,-3,real,-13.452852249145508,12.8388671875,-13.465044975280762,-0.0004637477653233905,forget,for_001,M_npo_s0
6,-2,real,-13.452852249145508,12.8388671875,-13.345076560974121,0.004099225553927391,forget,for_001,M_npo_s0
6,-1,real,-13.452852249145508,12.8388671875,-12.512544631958008,0.03576440177118638,forget,for_001,M_npo_s0
6,-2,random_position,-13.452852249145508,12.8388671875,-13.345076560974121,0.004099225553927391,forget,for_001,M_npo_s0
7,-6,real,-13.452852249145508,12.8388671875,-13.271937370300293,0.006881059235443344,forget,for_001,M_npo_s0
7,-5,real,-13.452852249145508,12.8388671875,-13.010679244995117,0.016817956893838144,forget,for_001,M_npo_s0
7,-4,real,-13.452852249145508,12.8388671875,-13.394449234008789,0.0022213463549788375,forget,for_001,M_npo_s0
7,-3,real,-13.452852249145508,12.8388671875,-13.482402801513672,-0.0011239490227853406,forget,for_001,M_npo_s0
7,-2,real,-13.452852249145508,12.8388671875,-13.356258392333984,0.003673926958040276,forget,for_001,M_npo_s0
7,-1,real,-13.452852249145508,12.8388671875,-10.494226455688477,0.11253070764680709,forget,for_001,M_npo_s0
7,-9,random_position,-13.452852249145508,12.8388671875,2.8735408782958984,0.6209709169756928,forget,for_001,M_npo_s0
8,-6,real,-13.452852249145508,12.8388671875,-13.286833763122559,0.006314478078278591,forget,for_001,M_npo_s0
8,-5,real,-13.452852249145508,12.8388671875,-12.888545036315918,0.02146330574496608,forget,for_001,M_npo_s0
8,-4,real,-13.452852249145508,12.8388671875,-13.349066734313965,0.003947460153058163,forget,for_001,M_npo_s0
8,-3,real,-13.452852249145508,12.8388671875,-13.33724308013916,0.004397170344257178,forget,for_001,M_npo_s0
8,-2,real,-13.452852249145508,12.8388671875,-13.246687889099121,0.007841417924117735,forget,for_001,M_npo_s0
8,-1,real,-13.452852249145508,12.8388671875,-3.219667434692383,0.3892170247408798,forget,for_001,M_npo_s0
8,-5,random_position,-13.452852249145508,12.8388671875,-12.888545036315918,0.02146330574496608,forget,for_001,M_npo_s0
9,-6,real,-13.452852249145508,12.8388671875,-13.269858360290527,0.006960133942397195,forget,for_001,M_npo_s0
9,-5,real,-13.452852249145508,12.8388671875,-12.749838829040527,0.026738967065239462,forget,for_001,M_npo_s0
9,-4,real,-13.452852249145508,12.8388671875,-13.23219108581543,0.008392800777514751,forget,for_001,M_npo_s0
9,-3,real,-13.452852249145508,12.8388671875,-13.097440719604492,0.013518002517767688,forget,for_001,M_npo_s0
9,-2,real,-13.452852249145508,12.8388671875,-12.948570251464844,0.019180259354882424,forget,for_001,M_npo_s0
9,-1,real,-13.452852249145508,12.8388671875,2.1560192108154297,0.59368013178344,forget,for_001,M_npo_s0
9,-13,random_position,-13.452852249145508,12.8388671875,-13.42641830444336,0.0010054095079572733,forget,for_001,M_npo_s0
10,-6,real,-13.452852249145508,12.8388671875,-13.424221992492676,0.001088945769477787,forget,for_001,M_npo_s0
10,-5,real,-13.452852249145508,12.8388671875,-12.922554016113281,0.020169781375846216,forget,for_001,M_npo_s0
10,-4,real,-13.452852249145508,12.8388671875,-13.33413314819336,0.00451545594947576,forget,for_001,M_npo_s0
10,-3,real,-13.452852249145508,12.8388671875,-13.39113712310791,0.002347321794084675,forget,for_001,M_npo_s0
10,-2,real,-13.452852249145508,12.8388671875,-13.324119567871094,0.004896320363703026,forget,for_001,M_npo_s0
10,-1,real,-13.452852249145508,12.8388671875,8.855892181396484,0.8485083862354005,forget,for_001,M_npo_s0
10,-6,random_position,-13.452852249145508,12.8388671875,-13.424221992492676,0.001088945769477787,forget,for_001,M_npo_s0
11,-6,real,-13.452852249145508,12.8388671875,-13.452852249145508,0.0,forget,for_001,M_npo_s0
11,-5,real,-13.452852249145508,12.8388671875,-13.452852249145508,0.0,forget,for_001,M_npo_s0
11,-4,real,-13.452852249145508,12.8388671875,-13.452852249145508,0.0,forget,for_001,M_npo_s0
11,-3,real,-13.452852249145508,12.8388671875,-13.452852249145508,0.0,forget,for_001,M_npo_s0
11,-2,real,-13.452852249145508,12.8388671875,-13.452852249145508,0.0,forget,for_001,M_npo_s0
11,-1,real,-13.452852249145508,12.8388671875,12.901382446289062,1.0023777546744215,forget,for_001,M_npo_s0
11,-7,random_position,-13.452852249145508,12.8388671875,-13.452852249145508,0.0,forget,for_001,M_npo_s0
0,-6,real,-15.084572792053223,12.952835083007812,-14.598034858703613,0.017353171003457117,forget,for_001,M_npo_s0
0,-5,real,-15.084572792053223,12.952835083007812,-15.118279457092285,-0.001202203327399756,forget,for_001,M_npo_s0
0,-4,real,-15.084572792053223,12.952835083007812,-15.004695892333984,0.00284894024708639,forget,for_001,M_npo_s0
0,-3,real,-15.084572792053223,12.952835083007812,-15.084254264831543,1.1360794232444503e-05,forget,for_001,M_npo_s0
0,-2,real,-15.084572792053223,12.952835083007812,-15.081217765808105,0.00011966249733455019,forget,for_001,M_npo_s0
0,-1,real,-15.084572792053223,12.952835083007812,-15.106488227844238,-0.0007816498546753733,forget,for_001,M_npo_s0
0,-11,random_position,-15.084572792053223,12.952835083007812,-15.024763107299805,0.002133210210442386,forget,for_001,M_npo_s0
1,-6,real,-15.084572792053223,12.952835083007812,-12.482742309570312,0.09279853879777558,forget,for_001,M_npo_s0
1,-5,real,-15.084572792053223,12.952835083007812,-15.246065139770508,-0.005759888661495374,forget,for_001,M_npo_s0
1,-4,real,-15.084572792053223,12.952835083007812,-14.936331748962402,0.005287259212813289,forget,for_001,M_npo_s0
1,-3,real,-15.084572792053223,12.952835083007812,-15.082374572753906,7.840308594546281e-05,forget,for_001,M_npo_s0
1,-2,real,-15.084572792053223,12.952835083007812,-15.091363906860352,-0.00024221621475819553,forget,for_001,M_npo_s0
1,-1,real,-15.084572792053223,12.952835083007812,-15.097407341003418,-0.0004577651759887369,forget,for_001,M_npo_s0
1,-3,random_position,-15.084572792053223,12.952835083007812,-15.082374572753906,7.840308594546281e-05,forget,for_001,M_npo_s0
2,-6,real,-15.084572792053223,12.952835083007812,-9.483217239379883,0.199781505395714,forget,for_001,M_npo_s0
2,-5,real,-15.084572792053223,12.952835083007812,-15.232277870178223,-0.005268143145871271,forget,for_001,M_npo_s0
2,-4,real,-15.084572792053223,12.952835083007812,-15.004566192626953,0.002853566199228942,forget,for_001,M_npo_s0
2,-3,real,-15.084572792053223,12.952835083007812,-15.078193664550781,0.00022752201383479425,forget,for_001,M_npo_s0
2,-2,real,-15.084572792053223,12.952835083007812,-15.164765357971191,-0.0028601989982568665,forget,for_001,M_npo_s0
2,-1,real,-15.084572792053223,12.952835083007812,-15.098329544067383,-0.000490657056296443,forget,for_001,M_npo_s0
2,-8,random_position,-15.084572792053223,12.952835083007812,-13.673907279968262,0.05031369227751373,forget,for_001,M_npo_s0
3,-6,real,-15.084572792053223,12.952835083007812,-6.294066429138184,0.3135277840978337,forget,for_001,M_npo_s0
3,-5,real,-15.084572792053223,12.952835083007812,-15.186005592346191,-0.0036177666903077763,forget,for_001,M_npo_s0
3,-4,real,-15.084572792053223,12.952835083007812,-15.028752326965332,0.001990928167704915,forget,for_001,M_npo_s0
3,-3,real,-15.084572792053223,12.952835083007812,-15.064720153808594,0.0007080768069963988,forget,for_001,M_npo_s0
3,-2,real,-15.084572792053223,12.952835083007812,-15.081337928771973,0.00011537668873189148,forget,for_001,M_npo_s0
3,-1,real,-15.084572792053223,12.952835083007812,-15.046159744262695,0.001370064164337222,forget,for_001,M_npo_s0
3,-11,random_position,-15.084572792053223,12.952835083007812,-14.959120750427246,0.004474452209883666,forget,for_001,M_npo_s0
4,-6,real,-15.084572792053223,12.952835083007812,-2.842466354370117,0.4366347449891159,forget,for_001,M_npo_s0
4,-5,real,-15.084572792053223,12.952835083007812,-15.020785331726074,0.002275084080931985,forget,for_001,M_npo_s0
4,-4,real,-15.084572792053223,12.952835083007812,-14.880470275878906,0.007279649997739746,forget,for_001,M_npo_s0
4,-3,real,-15.084572792053223,12.952835083007812,-15.051080703735352,0.0011945500977521512,forget,for_001,M_npo_s0
4,-2,real,-15.084572792053223,12.952835083007812,-15.052057266235352,0.001159719399267052,forget,for_001,M_npo_s0
4,-1,real,-15.084572792053223,12.952835083007812,-15.060816764831543,0.000847297557874828,forget,for_001,M_npo_s0
4,-8,random_position,-15.084572792053223,12.952835083007812,-14.032934188842773,0.037508410474203294,forget,for_001,M_npo_s0
5,-6,real,-15.084572792053223,12.952835083007812,0.11896133422851562,0.5422589061738876,forget,for_001,M_npo_s0
5,-5,real,-15.084572792053223,12.952835083007812,-14.992220878601074,0.00329388201162114,forget,for_001,M_npo_s0
5,-4,real,-15.084572792053223,12.952835083007812,-14.571846961975098,0.0182872051640048,forget,for_001,M_npo_s0
5,-3,real,-15.084572792053223,12.952835083007812,-15.059865951538086,0.0008812098688022148,forget,for_001,M_npo_s0
5,-2,real,-15.084572792053223,12.952835083007812,-15.063874244689941,0.0007382475389849565,forget,for_001,M_npo_s0
5,-1,real,-15.084572792053223,12.952835083007812,-15.062296867370605,0.0007945072804833494,forget,for_001,M_npo_s0
5,-10,random_position,-15.084572792053223,12.952835083007812,-15.099345207214355,-0.0005268823432951059,forget,for_001,M_npo_s0
6,-6,real,-15.084572792053223,12.952835083007812,2.8168373107910156,0.638483064576285,forget,for_001,M_npo_s0
6,-5,real,-15.084572792053223,12.952835083007812,-14.881967544555664,0.00722624746197646,forget,for_001,M_npo_s0
6,-4,real,-15.084572792053223,12.952835083007812,-14.417906761169434,0.023777734156258473,forget,for_001,M_npo_s0
6,-3,real,-15.084572792053223,12.952835083007812,-15.057332992553711,0.0009715519929979411,forget,for_001,M_npo_s0
6,-2,real,-15.084572792053223,12.952835083007812,-15.020995140075684,0.0022676009230543272,forget,for_001,M_npo_s0
6,-1,real,-15.084572792053223,12.952835083007812,-14.38719654083252,0.024873064383423675,forget,for_001,M_npo_s0
6,-2,random_position,-15.084572792053223,12.952835083007812,-15.020995140075684,0.0022676009230543272,forget,for_001,M_npo_s0
7,-6,real,-15.084572792053223,12.952835083007812,2.5287532806396484,0.6282080765518887,forget,for_001,M_npo_s0
7,-5,real,-15.084572792053223,12.952835083007812,-14.620388984680176,0.01655587454594664,forget,for_001,M_npo_s0
7,-4,real,-15.084572792053223,12.952835083007812,-14.496213912963867,0.020984781535838562,forget,for_001,M_npo_s0
7,-3,real,-15.084572792053223,12.952835083007812,-15.065418243408203,0.0006831782998761912,forget,for_001,M_npo_s0
7,-2,real,-15.084572792053223,12.952835083007812,-14.95148754119873,0.004746703099214463,forget,for_001,M_npo_s0
7,-1,real,-15.084572792053223,12.952835083007812,-12.441573143005371,0.09426690444514205,forget,for_001,M_npo_s0
7,-7,random_position,-15.084572792053223,12.952835083007812,8.264573097229004,0.8327854698026858,forget,for_001,M_npo_s0
8,-6,real,-15.084572792053223,12.952835083007812,1.52655029296875,0.5924628681454316,forget,for_001,M_npo_s0
8,-5,real,-15.084572792053223,12.952835083007812,-14.324047088623047,0.027125392861536785,forget,for_001,M_npo_s0
8,-4,real,-15.084572792053223,12.952835083007812,-14.300196647644043,0.027976057840456557,forget,for_001,M_npo_s0
8,-3,real,-15.084572792053223,12.952835083007812,-15.077320098876953,0.00025867916208904325,forget,for_001,M_npo_s0
8,-2,real,-15.084572792053223,12.952835083007812,-14.853381156921387,0.008245827722807368,forget,for_001,M_npo_s0
8,-1,real,-15.084572792053223,12.952835083007812,-3.3896007537841797,0.4171203019331752,forget,for_001,M_npo_s0
8,-5,random_position,-15.084572792053223,12.952835083007812,-14.324047088623047,0.027125392861536785,forget,for_001,M_npo_s0
9,-6,real,-15.084572792053223,12.952835083007812,-4.662126541137695,0.37173358883101953,forget,for_001,M_npo_s0
9,-5,real,-15.084572792053223,12.952835083007812,-14.253853797912598,0.029628951358215264,forget,for_001,M_npo_s0
9,-4,real,-15.084572792053223,12.952835083007812,-14.099514961242676,0.03513369835043649,forget,for_001,M_npo_s0
9,-3,real,-15.084572792053223,12.952835083007812,-14.988471984863281,0.0034275924371532937,forget,for_001,M_npo_s0
9,-2,real,-15.084572792053223,12.952835083007812,-15.006477355957031,0.002785401433834275,forget,for_001,M_npo_s0
9,-1,real,-15.084572792053223,12.952835083007812,4.577482223510742,0.7012793444808122,forget,for_001,M_npo_s0
9,-10,random_position,-15.084572792053223,12.952835083007812,-15.071800231933594,0.00045555424297942884,forget,for_001,M_npo_s0
10,-6,real,-15.084572792053223,12.952835083007812,-8.12511920928955,0.2482202924669805,forget,for_001,M_npo_s0
10,-5,real,-15.084572792053223,12.952835083007812,-14.41879653930664,0.023745998763986406,forget,for_001,M_npo_s0
10,-4,real,-15.084572792053223,12.952835083007812,-14.538311004638672,0.01948331992204046,forget,for_001,M_npo_s0
10,-3,real,-15.084572792053223,12.952835083007812,-14.940857887268066,0.005125827088779811,forget,for_001,M_npo_s0
10,-2,real,-15.084572792053223,12.952835083007812,-14.970428466796875,0.0040711440146318865,forget,for_001,M_npo_s0
10,-1,real,-15.084572792053223,12.952835083007812,10.248769760131836,0.9035550884402116,forget,for_001,M_npo_s0
10,-5,random_position,-15.084572792053223,12.952835083007812,-14.41879653930664,0.023745998763986406,forget,for_001,M_npo_s0
11,-6,real,-15.084572792053223,12.952835083007812,-15.084572792053223,0.0,forget,for_001,M_npo_s0
11,-5,real,-15.084572792053223,12.952835083007812,-15.084572792053223,0.0,forget,for_001,M_npo_s0
11,-4,real,-15.084572792053223,12.952835083007812,-15.084572792053223,0.0,forget,for_001,M_npo_s0
11,-3,real,-15.084572792053223,12.952835083007812,-15.084572792053223,0.0,forget,for_001,M_npo_s0
11,-2,real,-15.084572792053223,12.952835083007812,-15.084572792053223,0.0,forget,for_001,M_npo_s0
11,-1,real,-15.084572792053223,12.952835083007812,13.015466690063477,1.0022338586838968,forget,for_001,M_npo_s0
11,-6,random_position,-15.084572792053223,12.952835083007812,-15.084572792053223,0.0,forget,for_001,M_npo_s0
0,-6,real,-13.918123245239258,11.569015502929688,-12.956936836242676,0.037712605502476654,forget,for_001,M_npo_s0
0,-5,real,-13.918123245239258,11.569015502929688,-13.128546714782715,0.03097941037078036,forget,for_001,M_npo_s0
0,-4,real,-13.918123245239258,11.569015502929688,-13.395934104919434,0.02048833905913976,forget,for_001,M_npo_s0
0,-3,real,-13.918123245239258,11.569015502929688,-13.914708137512207,0.00013399337449348373,forget,for_001,M_npo_s0
0,-2,real,-13.918123245239258,11.569015502929688,-13.859461784362793,0.0023016102927865614,forget,for_001,M_npo_s0
0,-1,real,-13.918123245239258,11.569015502929688,-13.947942733764648,-0.0011699818021955455,forget,for_001,M_npo_s0
0,-12,random_position,-13.918123245239258,11.569015502929688,-13.88137435913086,0.0014418600091404361,forget,for_001,M_npo_s0
1,-6,real,-13.918123245239258,11.569015502929688,-12.219809532165527,0.06663414555295036,forget,for_001,M_npo_s0
1,-5,real,-13.918123245239258,11.569015502929688,-9.475970268249512,0.1742899829157512,forget,for_001,M_npo_s0
1,-4,real,-13.918123245239258,11.569015502929688,-11.218246459960938,0.10593094862295148,forget,for_001,M_npo_s0
1,-3,real,-13.918123245239258,11.569015502929688,-13.987817764282227,-0.0027344975727405167,forget,for_001,M_npo_s0
1,-2,real,-13.918123245239258,11.569015502929688,-13.82282829284668,0.003738942740264414,forget,for_001,M_npo_s0
1,-1,real,-13.918123245239258,11.569015502929688,-13.960611343383789,-0.0016670407205902503,forget,for_001,M_npo_s0
1,-3,random_position,-13.918123245239258,11.569015502929688,-13.987817764282227,-0.0027344975727405167,forget,for_001,M_npo_s0
2,-6,real,-13.918123245239258,11.569015502929688,-12.293885231018066,0.06372775030849159,forget,for_001,M_npo_s0
2,-5,real,-13.918123245239258,11.569015502929688,-3.7212753295898438,0.40007817340351626,forget,for_001,M_npo_s0
2,-4,real,-13.918123245239258,11.569015502929688,-9.041254043579102,0.19134628056319275,forget,for_001,M_npo_s0
2,-3,real,-13.918123245239258,11.569015502929688,-13.993396759033203,-0.002953392082873686,forget,for_001,M_npo_s0
2,-2,real,-13.918123245239258,11.569015502929688,-13.814260482788086,0.004075104839244994,forget,for_001,M_npo_s0
2,-1,real,-13.918123245239258,11.569015502929688,-13.957425117492676,-0.0015420276336919735,forget,for_001,M_npo_s0
2,-8,random_position,-13.918123245239258,11.569015502929688,-13.885625839233398,0.0012750511670594669,forget,for_001,M_npo_s0
3,-6,real,-13.918123245239258,11.569015502929688,-12.251662254333496,0.0653843888626174,forget,for_001,M_npo_s0
3,-5,real,-13.918123245239258,11.569015502929688,-0.4518718719482422,0.5283547716496212,forget,for_001,M_npo_s0
3,-4,real,-13.918123245239258,11.569015502929688,-6.381630897521973,0.2956978585232022,forget,for_001,M_npo_s0
3,-3,real,-13.918123245239258,11.569015502929688,-13.947209358215332,-0.0011412074640259034,forget,for_001,M_npo_s0
3,-2,real,-13.918123245239258,11.569015502929688,-13.77328109741211,0.005682950497436839,forget,for_001,M_npo_s0
3,-1,real,-13.918123245239258,11.569015502929688,-13.849900245666504,0.0026767618070763317,forget,for_001,M_npo_s0
3,-12,random_position,-13.918123245239258,11.569015502929688,-13.797469139099121,0.004733921187948365,forget,for_001,M_npo_s0
4,-6,real,-13.918123245239258,11.569015502929688,-12.43689250946045,0.05811679178327633,forget,for_001,M_npo_s0
4,-5,real,-13.918123245239258,11.569015502929688,2.1577720642089844,0.6307453915596223,forget,for_001,M_npo_s0
4,-4,real,-13.918123245239258,11.569015502929688,-4.70262336730957,0.36157451681749686,forget,for_001,M_npo_s0
4,-3,real,-13.918123245239258,11.569015502929688,-13.813222885131836,0.004115815476343266,forget,for_001,M_npo_s0
4,-2,real,-13.918123245239258,11.569015502929688,-13.568161964416504,0.013730897150936408,forget,for_001,M_npo_s0
4,-1,real,-13.918123245239258,11.569015502929688,-13.851346969604492,0.002619998905901628,forget,for_001,M_npo_s0
4,-9,random_position,-13.918123245239258,11.569015502929688,-13.877098083496094,0.001609641715710886,forget,for_001,M_npo_s0
5,-6,real,-13.918123245239258,11.569015502929688,-13.494668960571289,0.01661443007989238,forget,for_001,M_npo_s0
5,-5,real,-13.918123245239258,11.569015502929688,5.4932661056518555,0.7616150852667082,forget,for_001,M_npo_s0
5,-4,real,-13.918123245239258,11.569015502929688,-3.1424789428710938,0.4227875246742756,forget,for_001,M_npo_s0
5,-3,real,-13.918123245239258,11.569015502929688,-13.822745323181152,0.0037421980945176766,forget,for_001,M_npo_s0
5,-2,real,-13.918123245239258,11.569015502929688,-13.272245407104492,0.025341323893454577,forget,for_001,M_npo_s0
5,-1,real,-13.918123245239258,11.569015502929688,-13.807125091552734,0.004355065305025571,forget,for_001,M_npo_s0
5,-11,random_position,-13.918123245239258,11.569015502929688,-13.939976692199707,-0.0008574303760173637,forget,for_001,M_npo_s0
6,-6,real,-13.918123245239258,11.569015502929688,-13.640752792358398,0.010882761522251544,forget,for_001,M_npo_s0
6,-5,real,-13.918123245239258,11.569015502929688,6.779027938842773,0.8120625617722178,forget,for_001,M_npo_s0
6,-4,real,-13.918123245239258,11.569015502929688,-0.773681640625,0.5157284124550303,forget,for_001,M_npo_s0
6,-3,real,-13.918123245239258,11.569015502929688,-13.83829402923584,0.0031321372238832844,forget,for_001,M_npo_s0
6,-2,real,-13.918123245239258,11.569015502929688,-12.951401710510254,0.03792977879082074,forget,for_001,M_npo_s0
6,-1,real,-13.918123245239258,11.569015502929688,-12.691939353942871,0.0481099076444773,forget,for_001,M_npo_s0
6,-2,random_position,-13.918123245239258,11.569015502929688,-12.951401710510254,0.03792977879082074,forget,for_001,M_npo_s0
7,-6,real,-13.918123245239258,11.569015502929688,-13.859404563903809,0.002303855364685363,forget,for_001,M_npo_s0
7,-5,real,-13.918123245239258,11.569015502929688,6.945431709289551,0.8185914927789881,forget,for_001,M_npo_s0
7,-4,real,-13.918123245239258,11.569015502929688,-0.924560546875,0.5098086068722698,forget,for_001,M_npo_s0
7,-3,real,-13.918123245239258,11.569015502929688,-13.690912246704102,0.00891473149576194,forget,for_001,M_npo_s0
7,-2,real,-13.918123245239258,11.569015502929688,-13.008118629455566,0.035704463524728454,forget,for_001,M_npo_s0
7,-1,real,-13.918123245239258,11.569015502929688,-10.51253890991211,0.13361971969379316,forget,for_001,M_npo_s0
7,-8,random_position,-13.918123245239258,11.569015502929688,-13.935371398925781,-0.0006767395060288038,forget,for_001,M_npo_s0
8,-6,real,-13.918123245239258,11.569015502929688,-13.881790161132812,0.0014255458200091433,forget,for_001,M_npo_s0
8,-5,real,-13.918123245239258,11.569015502929688,2.2145633697509766,0.632973625419183,forget,for_001,M_npo_s0
8,-4,real,-13.918123245239258,11.569015502929688,-2.1398773193359375,0.46212507579924,forget,for_001,M_npo_s0
8,-3,real,-13.918123245239258,11.569015502929688,-13.394993782043457,0.020525233074010066,forget,for_001,M_npo_s0
8,-2,real,-13.918123245239258,11.569015502929688,-12.7533540725708,0.045700271975493395,forget,for_001,M_npo_s0
8,-1,real,-13.918123245239258,11.569015502929688,-2.916461944580078,0.4316554090030826,forget,for_001,M_npo_s0
8,-5,random_position,-13.918123245239258,11.569015502929688,2.2145633697509766,0.632973625419183,forget,for_001,M_npo_s0
9,-6,real,-13.918123245239258,11.569015502929688,-13.869063377380371,0.0019248872281676299,forget,for_001,M_npo_s0
9,-5,real,-13.918123245239258,11.569015502929688,-4.057723045349121,0.38687748739934685,forget,for_001,M_npo_s0
9,-4,real,-13.918123245239258,11.569015502929688,-4.8541765213012695,0.3556282568041955,forget,for_001,M_npo_s0
9,-3,real,-13.918123245239258,11.569015502929688,-13.375596046447754,0.021286312447703855,forget,for_001,M_npo_s0
9,-2,real,-13.918123245239258,11.569015502929688,-12.685258865356445,0.0483720197886624,forget,for_001,M_npo_s0
9,-1,real,-13.918123245239258,11.569015502929688,1.4287891387939453,0.602143400076078,forget,for_001,M_npo_s0
9,-11,random_position,-13.918123245239258,11.569015502929688,-13.907672882080078,0.0004100249644511574,forget,for_001,M_npo_s0
10,-6,real,-13.918123245239258,11.569015502929688,-13.855250358581543,0.0024668475845383694,forget,for_001,M_npo_s0
10,-5,real,-13.918123245239258,11.569015502929688,-10.750191688537598,0.12429529999436487,forget,for_001,M_npo_s0
10,-4,real,-13.918123245239258,11.569015502929688,-5.945866584777832,0.31279527840425675,forget,for_001,M_npo_s0
10,-3,real,-13.918123245239258,11.569015502929688,-13.205543518066406,0.02795840420588776,forget,for_001,M_npo_s0
10,-2,real,-13.918123245239258,11.569015502929688,-13.085555076599121,0.03266620772408006,forget,for_001,M_npo_s0
10,-1,real,-13.918123245239258,11.569015502929688,7.972820281982422,0.8589015716326485,forget,for_001,M_npo_s0
10,-6,random_position,-13.918123245239258,11.569015502929688,-13.855250358581543,0.0024668475845383694,forget,for_001,M_npo_s0
11,-6,real,-13.918123245239258,11.569015502929688,-13.918123245239258,0.0,forget,for_001,M_npo_s0
11,-5,real,-13.918123245239258,11.569015502929688,-13.918123245239258,0.0,forget,for_001,M_npo_s0
11,-4,real,-13.918123245239258,11.569015502929688,-13.918123245239258,0.0,forget,for_001,M_npo_s0
11,-3,real,-13.918123245239258,11.569015502929688,-13.918123245239258,0.0,forget,for_001,M_npo_s0
11,-2,real,-13.918123245239258,11.569015502929688,-13.918123245239258,0.0,forget,for_001,M_npo_s0
11,-1,real,-13.918123245239258,11.569015502929688,11.633970260620117,1.0025485307837898,forget,for_001,M_npo_s0
11,-6,random_position,-13.918123245239258,11.569015502929688,-13.918123245239258,0.0,forget,for_001,M_npo_s0
0,-6,real,-16.431094646453857,12.443658828735352,-16.462323665618896,-0.0010815337070106163,forget,for_001,M_npo_s0
0,-5,real,-16.431094646453857,12.443658828735352,-16.34504508972168,0.0029800966718595986,forget,for_001,M_npo_s0
0,-4,real,-16.431094646453857,12.443658828735352,-16.42634105682373,0.0001646278862332626,forget,for_001,M_npo_s0
0,-3,real,-16.431094646453857,12.443658828735352,-16.426462173461914,0.0001604333348135366,forget,for_001,M_npo_s0
0,-2,real,-16.431094646453857,12.443658828735352,-16.455406665802002,-0.0008419818845911452,forget,for_001,M_npo_s0
0,-1,real,-16.431094646453857,12.443658828735352,-16.414487838745117,0.0005751324499795202,forget,for_001,M_npo_s0
0,-12,random_position,-16.431094646453857,12.443658828735352,-16.368831634521484,0.0021563131953965557,forget,for_001,M_npo_s0
1,-6,real,-16.431094646453857,12.443658828735352,-16.609575271606445,-0.006181199964389249,forget,for_001,M_npo_s0
1,-5,real,-16.431094646453857,12.443658828735352,-16.287943363189697,0.004957662526440743,forget,for_001,M_npo_s0
1,-4,real,-16.431094646453857,12.443658828735352,-16.424619674682617,0.00022424336113566787,forget,for_001,M_npo_s0
1,-3,real,-16.431094646453857,12.443658828735352,-16.403671741485596,0.0009497191029466278,forget,for_001,M_npo_s0
1,-2,real,-16.431094646453857,12.443658828735352,-16.449092864990234,-0.0006233202493604672,forget,for_001,M_npo_s0
1,-1,real,-16.431094646453857,12.443658828735352,-16.37375259399414,0.0019858889014927267,forget,for_001,M_npo_s0
1,-3,random_position,-16.431094646453857,12.443658828735352,-16.403671741485596,0.0009497191029466278,forget,for_001,M_npo_s0
2,-6,real,-16.431094646453857,12.443658828735352,-16.581964015960693,-0.0052249578385654884,forget,for_001,M_npo_s0
2,-5,real,-16.431094646453857,12.443658828735352,-16.423137664794922,0.0002755688170904256,forget,for_001,M_npo_s0
2,-4,real,-16.431094646453857,12.443658828735352,-16.408544540405273,0.0007809627212215089,forget,for_001,M_npo_s0
2,-3,real,-16.431094646453857,12.443658828735352,-16.42249631881714,0.0002977801228366126,forget,for_001,M_npo_s0
2,-2,real,-16.431094646453857,12.443658828735352,-16.44844150543213,-0.0006007621499929642,forget,for_001,M_npo_s0
2,-1,real,-16.431094646453857,12.443658828735352,-16.343014240264893,0.0030504297210588627,forget,for_001,M_npo_s0
2,-8,random_position,-16.431094646453857,12.443658828735352,-5.971793174743652,0.3622299833900718,forget,for_001,M_npo_s0
3,-6,real,-16.431094646453857,12.443658828735352,-16.49606418609619,-0.0022500465570436615,forget,for_001,M_npo_s0
3,-5,real,-16.431094646453857,12.443658828735352,-16.448107719421387,-0.0005892023626157666,forget,for_001,M_npo_s0
3,-4,real,-16.431094646453857,12.443658828735352,-16.407465934753418,0.0008183173484318249,forget,for_001,M_npo_s0
3,-3,real,-16.431094646453857,12.443658828735352,-16.4206862449646,0.00036046719838495896,forget,for_001,M_npo_s0
3,-2,real,-16.431094646453857,12.443658828735352,-16.45864772796631,-0.0009542274200237349,forget,for_001,M_npo_s0
3,-1,real,-16.431094646453857,12.443658828735352,-16.253182888031006,0.006161498783902111,forget,for_001,M_npo_s0
3,-12,random_position,-16.431094646453857,12.443658828735352,-16.298001289367676,0.004609333104801842,forget,for_001,M_npo_s0
4,-6,real,-16.431094646453857,12.443658828735352,-16.30648422241211,0.004315549365601346,forget,for_001,M_npo_s0
4,-5,real,-16.431094646453857,12.443658828735352,-16.259543895721436,0.0059412022644566576,forget,for_001,M_npo_s0
4,-4,real,-16.431094646453857,12.443658828735352,-16.40650701522827,0.000851526966168317,forget,for_001,M_npo_s0
4,-3,real,-16.431094646453857,12.443658828735352,-16.418224811553955,0.00044571237330080825,forget,for_001,M_npo_s0
4,-2,real,-16.431094646453857,12.443658828735352,-16.425716400146484,0.00018626120261058972,forget,for_001,M_npo_s0
4,-1,real,-16.431094646453857,12.443658828735352,-16.21238374710083,0.007574468108998952,forget,for_001,M_npo_s0
4,-9,random_position,-16.431094646453857,12.443658828735352,-15.41635274887085,0.035142876577454775,forget,for_001,M_npo_s0
5,-6,real,-16.431094646453857,12.443658828735352,-16.288386344909668,0.004942321037193005,forget,for_001,M_npo_s0
5,-5,real,-16.431094646453857,12.443658828735352,-16.00659465789795,0.014701423820662647,forget,for_001,M_npo_s0
5,-4,real,-16.431094646453857,12.443658828735352,-16.42901372909546,7.206701730584392e-05,forget,for_001,M_npo_s0
5,-3,real,-16.431094646453857,12.443658828735352,-16.43521022796631,-0.00014253217836084759,forget,for_001,M_npo_s0
5,-2,real,-16.431094646453857,12.443658828735352,-16.421926498413086,0.00031751433128768584,forget,for_001,M_npo_s0
5,-1,real,-16.431094646453857,12.443658828735352,-16.17363166809082,0.008916542909509637,forget,for_001,M_npo_s0
5,-11,random_position,-16.431094646453857,12.443658828735352,-16.438495635986328,-0.00025631351411640774,forget,for_001,M_npo_s0
6,-6,real,-16.431094646453857,12.443658828735352,-16.1466646194458,0.009850474645695407,forget,for_001,M_npo_s0
6,-5,real,-16.431094646453857,12.443658828735352,-15.827266693115234,0.020911969131008012,forget,for_001,M_npo_s0
6,-4,real,-16.431094646453857,12.443658828735352,-16.411870002746582,0.000665794210980685,forget,for_001,M_npo_s0
6,-3,real,-16.431094646453857,12.443658828735352,-16.420644283294678,0.0003619204287980924,forget,for_001,M_npo_s0
6,-2,real,-16.431094646453857,12.443658828735352,-16.401421546936035,0.0010276485838509077,forget,for_001,M_npo_s0
6,-1,real,-16.431094646453857,12.443658828735352,-15.431368827819824,0.03462283477131859,forget,for_001,M_npo_s0
6,-2,random_position,-16.431094646453857,12.443658828735352,-16.401421546936035,0.0010276485838509077,forget,for_001,M_npo_s0
7,-6,real,-16.431094646453857,12.443658828735352,-15.86015510559082,0.019772966766750756,forget,for_001,M_npo_s0
7,-5,real,-16.431094646453857,12.443658828735352,-15.957221031188965,0.01641134756949773,forget,for_001,M_npo_s0
7,-4,real,-16.431094646453857,12.443658828735352,-16.396002769470215,0.0012153134749287285,forget,for_001,M_npo_s0
7,-3,real,-16.431094646453857,12.443658828735352,-16.425293445587158,0.00020090910461569595,forget,for_001,M_npo_s0
7,-2,real,-16.431094646453857,12.443658828735352,-16.3324933052063,0.003414794219188134,forget,for_001,M_npo_s0
7,-1,real,-16.431094646453857,12.443658828735352,-13.267847061157227,0.10955063522930746,forget,for_001,M_npo_s0
7,-8,random_position,-16.431094646453857,12.443658828735352,6.5954742431640625,0.7974637397130897,forget,for_001,M_npo_s0
8,-6,real,-16.431094646453857,12.443658828735352,-15.522708892822266,0.03145951546953041,forget,for_001,M_npo_s0
8,-5,real,-16.431094646453857,12.443658828735352,-15.82494831085205,0.020992260111333632,forget,for_001,M_npo_s0
8,-4,real,-16.431094646453857,12.443658828735352,-16.3932204246521,0.0013116725597086551,forget,for_001,M_npo_s0
8,-3,real,-16.431094646453857,12.443658828735352,-16.4304461479187,2.245901547569838e-05,forget,for_001,M_npo_s0
8,-2,real,-16.431094646453857,12.443658828735352,-16.270886421203613,0.0055483841753975124,forget,for_001,M_npo_s0
8,-1,real,-16.431094646453857,12.443658828735352,-4.196859359741211,0.4237000775513107,forget,for_001,M_npo_s0
8,-5,random_position,-16.431094646453857,12.443658828735352,-15.82494831085205,0.020992260111333632,forget,for_001,M_npo_s0
9,-6,real,-16.431094646453857,12.443658828735352,-15.425519943237305,0.034825395274131025,forget,for_001,M_npo_s0
9,-5,real,-16.431094646453857,12.443658828735352,-15.583378791809082,0.029358375487887018,forget,for_001,M_npo_s0
9,-4,real,-16.431094646453857,12.443658828735352,-16.47291660308838,-0.001448391816416969,forget,for_001,M_npo_s0
9,-3,real,-16.431094646453857,12.443658828735352,-16.43473196029663,-0.00012596865444752003,forget,for_001,M_npo_s0
9,-2,real,-16.431094646453857,12.443658828735352,-16.17234468460083,0.008961114146839718,forget,for_001,M_npo_s0
9,-1,real,-16.431094646453857,12.443658828735352,3.1363887786865234,0.6776675493334982,forget,for_001,M_npo_s0
9,-11,random_position,-16.431094646453857,12.443658828735352,-16.417357444763184,0.00047575130649955485,forget,for_001,M_npo_s0
10,-6,real,-16.431094646453857,12.443658828735352,-15.594415664672852,0.028976142861268993,forget,for_001,M_npo_s0
10,-5,real,-16.431094646453857,12.443658828735352,-15.885623455047607,0.018890938475888602,forget,for_001,M_npo_s0
10,-4,real,-16.431094646453857,12.443658828735352,-16.47314214706421,-0.001456202929887561,forget,for_001,M_npo_s0
10,-3,real,-16.431094646453857,12.443658828735352,-16.428546905517578,8.823420565195327e-05,forget,for_001,M_npo_s0
10,-2,real,-16.431094646453857,12.443658828735352,-15.958192825317383,0.016377692074248117,forget,for_001,M_npo_s0
10,-1,real,-16.431094646453857,12.443658828735352,8.682577133178711,0.8697449763930151,forget,for_001,M_npo_s0
10,-6,random_position,-16.431094646453857,12.443658828735352,-15.594415664672852,0.028976142861268993,forget,for_001,M_npo_s0
11,-6,real,-16.431094646453857,12.443658828735352,-16.431094646453857,0.0,forget,for_001,M_npo_s0
11,-5,real,-16.431094646453857,12.443658828735352,-16.431094646453857,0.0,forget,for_001,M_npo_s0
11,-4,real,-16.431094646453857,12.443658828735352,-16.431094646453857,0.0,forget,for_001,M_npo_s0
11,-3,real,-16.431094646453857,12.443658828735352,-16.431094646453857,0.0,forget,for_001,M_npo_s0
11,-2,real,-16.431094646453857,12.443658828735352,-16.431094646453857,0.0,forget,for_001,M_npo_s0
11,-1,real,-16.431094646453857,12.443658828735352,12.35792350769043,0.9970307860422569,forget,for_001,M_npo_s0
11,-6,random_position,-16.431094646453857,12.443658828735352,-16.431094646453857,0.0,forget,for_001,M_npo_s0
0,-6,real,-13.845908164978027,12.955150604248047,-12.914875984191895,0.03473863435034055,forget,for_001,M_npo_s0
0,-5,real,-13.845908164978027,12.955150604248047,-13.29352855682373,0.02061036516917603,forget,for_001,M_npo_s0
0,-4,real,-13.845908164978027,12.955150604248047,-13.878571510314941,-0.0012187333947574965,forget,for_001,M_npo_s0
0,-3,real,-13.845908164978027,12.955150604248047,-13.733674049377441,0.004187674694757101,forget,for_001,M_npo_s0
0,-2,real,-13.845908164978027,12.955150604248047,-13.824872970581055,0.0007848643062238277,forget,for_001,M_npo_s0
0,-1,real,-13.845908164978027,12.955150604248047,-13.867082595825195,-0.0007900594909138888,forget,for_001,M_npo_s0
0,-13,random_position,-13.845908164978027,12.955150604248047,-13.78658390045166,0.0022135045125338633,forget,for_001,M_npo_s0
1,-6,real,-13.845908164978027,12.955150604248047,-8.330223083496094,0.20580101439183585,forget,for_001,M_npo_s0
1,-5,real,-13.845908164978027,12.955150604248047,-10.938608169555664,0.10847705758403202,forget,for_001,M_npo_s0
1,-4,real,-13.845908164978027,12.955150604248047,-13.969841957092285,-0.004624212542549363,forget,for_001,M_npo_s0
1,-3,real,-13.845908164978027,12.955150604248047,-13.653444290161133,0.0071812041633925435,forget,for_001,M_npo_s0
1,-2,real,-13.845908164978027,12.955150604248047,-13.784743309020996,0.002282180584121658,forget,for_001,M_npo_s0
1,-1,real,-13.845908164978027,12.955150604248047,-13.806560516357422,0.001468137843337213,forget,for_001,M_npo_s0
1,-3,random_position,-13.845908164978027,12.955150604248047,-13.653444290161133,0.0071812041633925435,forget,for_001,M_npo_s0
2,-6,real,-13.845908164978027,12.955150604248047,-1.3361682891845703,0.46676289856718584,forget,for_001,M_npo_s0
2,-5,real,-13.845908164978027,12.955150604248047,-7.934858322143555,0.22055284806963482,forget,for_001,M_npo_s0
2,-4,real,-13.845908164978027,12.955150604248047,-13.946346282958984,-0.0037475429178299344,forget,for_001,M_npo_s0
2,-3,real,-13.845908164978027,12.955150604248047,-13.766276359558105,0.0029712186412336043,forget,for_001,M_npo_s0
2,-2,real,-13.845908164978027,12.955150604248047,-13.79061508178711,0.0020630932407195587,forget,for_001,M_npo_s0
2,-1,real,-13.845908164978027,12.955150604248047,-13.728950500488281,0.004363919556194587,forget,for_001,M_npo_s0
2,-9,random_position,-13.845908164978027,12.955150604248047,-13.753559112548828,0.00344572403741145,forget,for_001,M_npo_s0
3,-6,real,-13.845908164978027,12.955150604248047,2.5811309814453125,0.6129250074734155,forget,for_001,M_npo_s0
3,-5,real,-13.845908164978027,12.955150604248047,-4.438938140869141,0.35099247776398684,forget,for_001,M_npo_s0
3,-4,real,-13.845908164978027,12.955150604248047,-13.915496826171875,-0.002596489257870358,forget,for_001,M_npo_s0
3,-3,real,-13.845908164978027,12.955150604248047,-13.735543251037598,0.0041179311194658695,forget,for_001,M_npo_s0
3,-2,real,-13.845908164978027,12.955150604248047,-13.789806365966797,0.002093268012070051,forget,for_001,M_npo_s0
3,-1,real,-13.845908164978027,12.955150604248047,-13.540485382080078,0.011395922285303388,forget,for_001,M_npo_s0
3,-13,random_position,-13.845908164978027,12.955150604248047,-13.744946479797363,0.0037670782356028355,forget,for_001,M_npo_s0
4,-6,real,-13.845908164978027,12.955150604248047,5.373655319213867,0.7171195604503684,forget,for_001,M_npo_s0
4,-5,real,-13.845908164978027,12.955150604248047,-1.7114601135253906,0.45276002548771843,forget,for_001,M_npo_s0
4,-4,real,-13.845908164978027,12.955150604248047,-13.741267204284668,0.0039043592118648625,forget,for_001,M_npo_s0
4,-3,real,-13.845908164978027,12.955150604248047,-13.529462814331055,0.01180719587878097,forget,for_001,M_npo_s0
4,-2,real,-13.845908164978027,12.955150604248047,-13.823609352111816,0.0008320123864589717,forget,for_001,M_npo_s0
4,-1,real,-13.845908164978027,12.955150604248047,-13.558441162109375,0.010725956961026187,forget,for_001,M_npo_s0
4,-10,random_position,-13.845908164978027,12.955150604248047,-13.837890625,0.0002991501211598912,forget,for_001,M_npo_s0
5,-6,real,-13.845908164978027,12.955150604248047,7.5214080810546875,0.7972564229651787,forget,for_001,M_npo_s0
5,-5,real,-13.845908164978027,12.955150604248047,0.4556922912597656,0.5336207266803727,forget,for_001,M_npo_s0
5,-4,real,-13.845908164978027,12.955150604248047,-13.798842430114746,0.0017561147590677945,forget,for_001,M_npo_s0
5,-3,real,-13.845908164978027,12.955150604248047,-13.23502254486084,0.022793339075791588,forget,for_001,M_npo_s0
5,-2,real,-13.845908164978027,12.955150604248047,-13.841546058654785,0.0001627587313173953,forget,for_001,M_npo_s0
5,-1,real,-13.845908164978027,12.955150604248047,-13.55893611907959,0.010707489146956723,forget,for_001,M_npo_s0
5,-12,random_position,-13.845908164978027,12.955150604248047,-13.86093521118164,-0.0005606885285020109,forget,for_001,M_npo_s0
6,-6,real,-13.845908164978027,12.955150604248047,7.5098876953125,0.7968265748072613,forget,for_001,M_npo_s0
6,-5,real,-13.845908164978027,12.955150604248047,2.7142467498779297,0.6178918175378547,forget,for_001,M_npo_s0
6,-4,real,-13.845908164978027,12.955150604248047,-13.860052108764648,-0.0005277382475225819,forget,for_001,M_npo_s0
6,-3,real,-13.845908164978027,12.955150604248047,-12.999350547790527,0.03158672291557181,forget,for_001,M_npo_s0
6,-2,real,-13.845908164978027,12.955150604248047,-13.811388969421387,0.001287978801653791,forget,for_001,M_npo_s0
6,-1,real,-13.845908164978027,12.955150604248047,-12.886432647705078,0.03579991094884106,forget,for_001,M_npo_s0
6,-2,random_position,-13.845908164978027,12.955150604248047,-13.811388969421387,0.001287978801653791,forget,for_001,M_npo_s0
7,-6,real,-13.845908164978027,12.955150604248047,7.688716888427734,0.8034990422890524,forget,for_001,M_npo_s0
7,-5,real,-13.845908164978027,12.955150604248047,2.370891571044922,0.6050805632590774,forget,for_001,M_npo_s0
7,-4,real,-13.845908164978027,12.955150604248047,-13.582971572875977,0.009810679285699111,forget,for_001,M_npo_s0
7,-3,real,-13.845908164978027,12.955150604248047,-13.021566390991211,0.030757806289852804,forget,for_001,M_npo_s0
7,-2,real,-13.845908164978027,12.955150604248047,-13.716087341308594,0.004843869221259962,forget,for_001,M_npo_s0
7,-1,real,-13.845908164978027,12.955150604248047,-10.873445510864258,0.11090840401898064,forget,for_001,M_npo_s0
7,-8,random_position,-13.845908164978027,12.955150604248047,-13.822609901428223,0.000869303849165712,forget,for_001,M_npo_s0
8,-6,real,-13.845908164978027,12.955150604248047,4.688250541687012,0.6915457656451475,forget,for_001,M_npo_s0
8,-5,real,-13.845908164978027,12.955150604248047,1.4089851379394531,0.5691899500789009,forget,for_001,M_npo_s0
8,-4,real,-13.845908164978027,12.955150604248047,-13.184860229492188,0.02466499331902807,forget,for_001,M_npo_s0
8,-3,real,-13.845908164978027,12.955150604248047,-12.733192443847656,0.04151760311827795,forget,for_001,M_npo_s0
8,-2,real,-13.845908164978027,12.955150604248047,-13.599427223205566,0.009196686738938802,forget,for_001,M_npo_s0
8,-1,real,-13.845908164978027,12.955150604248047,-0.8280735015869141,0.48572091033726816,forget,for_001,M_npo_s0
8,-5,random_position,-13.845908164978027,12.955150604248047,1.4089851379394531,0.5691899500789009,forget,for_001,M_npo_s0
9,-6,real,-13.845908164978027,12.955150604248047,-5.377315521240234,0.3159797796295171,forget,for_001,M_npo_s0
9,-5,real,-13.845908164978027,12.955150604248047,-4.598581314086914,0.3450358782657207,forget,for_001,M_npo_s0
9,-4,real,-13.845908164978027,12.955150604248047,-13.063502311706543,0.029193094944811305,forget,for_001,M_npo_s0
9,-3,real,-13.845908164978027,12.955150604248047,-12.73045825958252,0.041619620888869766,forget,for_001,M_npo_s0
9,-2,real,-13.845908164978027,12.955150604248047,-13.519277572631836,0.01218722719720462,forget,for_001,M_npo_s0
9,-1,real,-13.845908164978027,12.955150604248047,5.880443572998047,0.7360288228846604,forget,for_001,M_npo_s0
9,-12,random_position,-13.845908164978027,12.955150604248047,-13.843989372253418,7.159391504385643e-05,forget,for_001,M_npo_s0
10,-6,real,-13.845908164978027,12.955150604248047,-11.501460075378418,0.08747595047594119,forget,for_001,M_npo_s0
10,-5,real,-13.845908164978027,12.955150604248047,-7.098614692687988,0.25175473590011754,forget,for_001,M_npo_s0
10,-4,real,-13.845908164978027,12.955150604248047,-13.20142650604248,0.02404687309128114,forget,for_001,M_npo_s0
10,-3,real,-13.845908164978027,12.955150604248047,-13.351264953613281,0.018456107112182932,forget,for_001,M_npo_s0
10,-2,real,-13.845908164978027,12.955150604248047,-13.384947776794434,0.01719933500212629,forget,for_001,M_npo_s0
10,-1,real,-13.845908164978027,12.955150604248047,11.301645278930664,0.9383044774628084,forget,for_001,M_npo_s0
10,-6,random_position,-13.845908164978027,12.955150604248047,-11.501460075378418,0.08747595047594119,forget,for_001,M_npo_s0
11,-6,real,-13.845908164978027,12.955150604248047,-13.845908164978027,0.0,forget,for_001,M_npo_s0
11,-5,real,-13.845908164978027,12.955150604248047,-13.845908164978027,0.0,forget,for_001,M_npo_s0
11,-4,real,-13.845908164978027,12.955150604248047,-13.845908164978027,0.0,forget,for_001,M_npo_s0
11,-3,real,-13.845908164978027,12.955150604248047,-13.845908164978027,0.0,forget,for_001,M_npo_s0
11,-2,real,-13.845908164978027,12.955150604248047,-13.845908164978027,0.0,forget,for_001,M_npo_s0
11,-1,real,-13.845908164978027,12.955150604248047,13.021343231201172,1.0024697765682724,forget,for_001,M_npo_s0
11,-6,random_position,-13.845908164978027,12.955150604248047,-13.845908164978027,0.0,forget,for_001,M_npo_s0
0,-6,real,-17.074819087982178,12.394681930541992,-16.645095348358154,0.014581982211164836,forget,for_001,M_npo_s0
0,-5,real,-17.074819087982178,12.394681930541992,-17.069260120391846,0.00018863460181554252,forget,for_001,M_npo_s0
0,-4,real,-17.074819087982178,12.394681930541992,-17.023967742919922,0.0017255584012193259,forget,for_001,M_npo_s0
0,-3,real,-17.074819087982178,12.394681930541992,-17.074599266052246,7.459302748067001e-06,forget,for_001,M_npo_s0
0,-2,real,-17.074819087982178,12.394681930541992,-17.049124717712402,0.0008718970251184173,forget,for_001,M_npo_s0
0,-1,real,-17.074819087982178,12.394681930541992,-17.07906150817871,-0.00014395968882766183,forget,for_001,M_npo_s0
0,-11,random_position,-17.074819087982178,12.394681930541992,-17.010557174682617,0.0021806244109517257,forget,for_001,M_npo_s0
1,-6,real,-17.074819087982178,12.394681930541992,-14.675652980804443,0.08141183339580971,forget,for_001,M_npo_s0
1,-5,real,-17.074819087982178,12.394681930541992,-17.080991744995117,-0.0002094591628497339,forget,for_001,M_npo_s0
1,-4,real,-17.074819087982178,12.394681930541992,-16.948330402374268,0.004292189593858441,forget,for_001,M_npo_s0
1,-3,real,-17.074819087982178,12.394681930541992,-17.071589946746826,0.00010957570110609486,forget,for_001,M_npo_s0
1,-2,real,-17.074819087982178,12.394681930541992,-17.06473970413208,0.0003420276388039919,forget,for_001,M_npo_s0
1,-1,real,-17.074819087982178,12.394681930541992,-17.057843685150146,0.0005760329237118985,forget,for_001,M_npo_s0
1,-3,random_position,-17.074819087982178,12.394681930541992,-17.071589946746826,0.00010957570110609486,forget,for_001,M_npo_s0
2,-6,real,-17.074819087982178,12.394681930541992,-11.947650909423828,0.1739821850168238,forget,for_001,M_npo_s0
2,-5,real,-17.074819087982178,12.394681930541992,-17.041512489318848,0.0011302057215829327,forget,for_001,M_npo_s0
2,-4,real,-17.074819087982178,12.394681930541992,-16.975306510925293,0.003376798846859754,forget,for_001,M_npo_s0
2,-3,real,-17.074819087982178,12.394681930541992,-17.092519760131836,-0.0006006437685704884,forget,for_001,M_npo_s0
2,-2,real,-17.074819087982178,12.394681930541992,-17.073740005493164,3.66169243359558e-05,forget,for_001,M_npo_s0
2,-1,real,-17.074819087982178,12.394681930541992,-17.02692222595215,0.0016253027833732887,forget,for_001,M_npo_s0
2,-8,random_position,-17.074819087982178,12.394681930541992,-15.811977863311768,0.0428524807351371,forget,for_001,M_npo_s0
3,-6,real,-17.074819087982178,12.394681930541992,-9.017985343933105,0.2733956621452343,forget,for_001,M_npo_s0
3,-5,real,-17.074819087982178,12.394681930541992,-17.007469654083252,0.0022853944441268534,forget,for_001,M_npo_s0
3,-4,real,-17.074819087982178,12.394681930541992,-16.948344230651855,0.0042917203535554165,forget,for_001,M_npo_s0
3,-3,real,-17.074819087982178,12.394681930541992,-17.064553260803223,0.0003483542925447602,forget,for_001,M_npo_s0
3,-2,real,-17.074819087982178,12.394681930541992,-17.071385383605957,0.00011651722145082532,forget,for_001,M_npo_s0
3,-1,real,-17.074819087982178,12.394681930541992,-16.891239643096924,0.006229472455942097,forget,for_001,M_npo_s0
3,-11,random_position,-17.074819087982178,12.394681930541992,-16.937057971954346,0.004674701344323308,forget,for_001,M_npo_s0
4,-6,real,-17.074819087982178,12.394681930541992,-5.689596176147461,0.38633918180963106,forget,for_001,M_npo_s0
4,-5,real,-17.074819087982178,12.394681930541992,-16.860348224639893,0.007277722931496919,forget,for_001,M_npo_s0
4,-4,real,-17.074819087982178,12.394681930541992,-16.769155979156494,0.010372184742237322,forget,for_001,M_npo_s0
4,-3,real,-17.074819087982178,12.394681930541992,-17.051498889923096,0.0007913333192992728,forget,for_001,M_npo_s0
4,-2,real,-17.074819087982178,12.394681930541992,-16.98649263381958,0.0029972158031137588,forget,for_001,M_npo_s0
4,-1,real,-17.074819087982178,12.394681930541992,-16.803513526916504,0.009206316757624584,forget,for_001,M_npo_s0
4,-8,random_position,-17.074819087982178,12.394681930541992,-16.020254135131836,0.03578496127869471,forget,for_001,M_npo_s0
5,-6,real,-17.074819087982178,12.394681930541992,-3.2961111068725586,0.4675582383443985,forget,for_001,M_npo_s0
5,-5,real,-17.074819087982178,12.394681930541992,-16.90424156188965,0.005788273306199054,forget,for_001,M_npo_s0
5,-4,real,-17.074819087982178,12.394681930541992,-16.4998836517334,0.01950950699461731,forget,for_001,M_npo_s0
5,-3,real,-17.074819087982178,12.394681930541992,-17.076722145080566,-6.457717411612885e-05,forget,for_001,M_npo_s0
5,-2,real,-17.074819087982178,12.394681930541992,-16.92947292327881,0.00493208774088188,forget,for_001,M_npo_s0
5,-1,real,-17.074819087982178,12.394681930541992,-16.519453048706055,0.018845451062338203,forget,for_001,M_npo_s0
5,-10,random_position,-17.074819087982178,12.394681930541992,-17.087134838104248,-0.00041791512229300324,forget,for_001,M_npo_s0
6,-6,real,-17.074819087982178,12.394681930541992,-0.8355903625488281,0.5510520424226243,forget,for_001,M_npo_s0
6,-5,real,-17.074819087982178,12.394681930541992,-16.8222017288208,0.00857216275913816,forget,for_001,M_npo_s0
6,-4,real,-17.074819087982178,12.394681930541992,-16.359729766845703,0.02426540309206383,forget,for_001,M_npo_s0
6,-3,real,-17.074819087982178,12.394681930541992,-17.012550354003906,0.0021129890845158904,forget,for_001,M_npo_s0
6,-2,real,-17.074819087982178,12.394681930541992,-16.965235233306885,0.0037185514137619735,forget,for_001,M_npo_s0
6,-1,real,-17.074819087982178,12.394681930541992,-15.38846492767334,0.05722370932744386,forget,for_001,M_npo_s0
6,-2,random_position,-17.074819087982178,12.394681930541992,-16.965235233306885,0.0037185514137619735,forget,for_001,M_npo_s0
7,-6,real,-17.074819087982178,12.394681930541992,-0.8702049255371094,0.5498774530406553,forget,for_001,M_npo_s0
7,-5,real,-17.074819087982178,12.394681930541992,-16.707261085510254,0.012472488157871466,forget,for_001,M_npo_s0
7,-4,real,-17.074819087982178,12.394681930541992,-16.39425802230835,0.023093742416813768,forget,for_001,M_npo_s0
7,-3,real,-17.074819087982178,12.394681930541992,-17.000805854797363,0.002511519728083982,forget,for_001,M_npo_s0
7,-2,real,-17.074819087982178,12.394681930541992,-16.887968063354492,0.006340488239357472,forget,for_001,M_npo_s0
7,-1,real,-17.074819087982178,12.394681930541992,-13.24072551727295,0.13010378317227578,forget,for_001,M_npo_s0
7,-7,random_position,-17.074819087982178,12.394681930541992,6.230620384216309,0.7908325104503456,forget,for_001,M_npo_s0
8,-6,real,-17.074819087982178,12.394681930541992,-1.9638996124267578,0.5127646873307043,forget,for_001,M_npo_s0
8,-5,real,-17.074819087982178,12.394681930541992,-16.504206657409668,0.01936281276747203,forget,for_001,M_npo_s0
8,-4,real,-17.074819087982178,12.394681930541992,-16.382388591766357,0.023496512403809178,forget,for_001,M_npo_s0
8,-3,real,-17.074819087982178,12.394681930541992,-17.00261402130127,0.0024501625132886022,forget,for_001,M_npo_s0
8,-2,real,-17.074819087982178,12.394681930541992,-16.861684322357178,0.007232384609804763,forget,for_001,M_npo_s0
8,-1,real,-17.074819087982178,12.394681930541992,-5.592700958251953,0.3896271647936185,forget,for_001,M_npo_s0
8,-5,random_position,-17.074819087982178,12.394681930541992,-16.504206657409668,0.01936281276747203,forget,for_001,M_npo_s0
9,-6,real,-17.074819087982178,12.394681930541992,-7.266373634338379,0.3328337811854476,forget,for_001,M_npo_s0
9,-5,real,-17.074819087982178,12.394681930541992,-16.491518020629883,0.01979338119724657,forget,for_001,M_npo_s0
9,-4,real,-17.074819087982178,12.394681930541992,-16.067124366760254,0.03419449554264591,forget,for_001,M_npo_s0
9,-3,real,-17.074819087982178,12.394681930541992,-16.944329738616943,0.004427945667733239,forget,for_001,M_npo_s0
9,-2,real,-17.074819087982178,12.394681930541992,-16.72510576248169,0.01186695781786949,forget,for_001,M_npo_s0
9,-1,real,-17.074819087982178,12.394681930541992,0.4507179260253906,0.5947008401326928,forget,for_001,M_npo_s0
9,-10,random_position,-17.074819087982178,12.394681930541992,-17.060726642608643,0.0004782044108815014,forget,for_001,M_npo_s0
10,-6,real,-17.074819087982178,12.394681930541992,-9.715301513671875,0.24973336228815682,forget,for_001,M_npo_s0
10,-5,real,-17.074819087982178,12.394681930541992,-16.612101554870605,0.015701573393479367,forget,for_001,M_npo_s0
10,-4,real,-17.074819087982178,12.394681930541992,-16.326602935791016,0.025389508689707456,forget,for_001,M_npo_s0
10,-3,real,-17.074819087982178,12.394681930541992,-17.039682865142822,0.0011922910678830044,forget,for_001,M_npo_s0
10,-2,real,-17.074819087982178,12.394681930541992,-16.661534786224365,0.014024136394370133,forget,for_001,M_npo_s0
10,-1,real,-17.074819087982178,12.394681930541992,6.867181777954102,0.8124331949457383,forget,for_001,M_npo_s0
10,-5,random_position,-17.074819087982178,12.394681930541992,-16.612101554870605,0.015701573393479367,forget,for_001,M_npo_s0
11,-6,real,-17.074819087982178,12.394681930541992,-17.074819087982178,0.0,forget,for_001,M_npo_s0
11,-5,real,-17.074819087982178,12.394681930541992,-17.074819087982178,0.0,forget,for_001,M_npo_s0
11,-4,real,-17.074819087982178,12.394681930541992,-17.074819087982178,0.0,forget,for_001,M_npo_s0
11,-3,real,-17.074819087982178,12.394681930541992,-17.074819087982178,0.0,forget,for_001,M_npo_s0
11,-2,real,-17.074819087982178,12.394681930541992,-17.074819087982178,0.0,forget,for_001,M_npo_s0
11,-1,real,-17.074819087982178,12.394681930541992,12.460592269897461,1.0022365610912123,forget,for_001,M_npo_s0
11,-6,random_position,-17.074819087982178,12.394681930541992,-17.074819087982178,0.0,forget,for_001,M_npo_s0
0,-6,real,-4.173195838928223,8.383245468139648,-4.1772990226745605,-0.00032677919212892407,forget,for_002,M_npo_s0
0,-5,real,-4.173195838928223,8.383245468139648,-4.182712554931641,-0.0007579150629295836,forget,for_002,M_npo_s0
0,-4,real,-4.173195838928223,8.383245468139648,-4.171137809753418,0.00016390226533741272,forget,for_002,M_npo_s0
0,-3,real,-4.173195838928223,8.383245468139648,-4.175307750701904,-0.00016819349702951829,forget,for_002,M_npo_s0
0,-2,real,-4.173195838928223,8.383245468139648,-4.172325134277344,6.934326610428999e-05,forget,for_002,M_npo_s0
0,-1,real,-4.173195838928223,8.383245468139648,-4.175717830657959,-0.00020085242849156065,forget,for_002,M_npo_s0
0,-14,random_position,-4.173195838928223,8.383245468139648,-4.176436424255371,-0.00025808150955353496,forget,for_002,M_npo_s0
1,-6,real,-4.173195838928223,8.383245468139648,-4.171045780181885,0.00017123153716552223,forget,for_002,M_npo_s0
1,-5,real,-4.173195838928223,8.383245468139648,-4.197234630584717,-0.0019144589672045846,forget,for_002,M_npo_s0
1,-4,real,-4.173195838928223,8.383245468139648,-4.172698974609375,3.957047277145136e-05,forget,for_002,M_npo_s0
1,-3,real,-4.173195838928223,8.383245468139648,-4.173635482788086,-3.501341256744544e-05,forget,for_002,M_npo_s0
1,-2,real,-4.173195838928223,8.383245468139648,-4.1736063957214355,-3.269690696374244e-05,forget,for_002,M_npo_s0
1,-1,real,-4.173195838928223,8.383245468139648,-4.165982723236084,0.0005744554142166455,forget,for_002,M_npo_s0
1,-3,random_position,-4.173195838928223,8.383245468139648,-4.173635482788086,-3.501341256744544e-05,forget,for_002,M_npo_s0
2,-6,real,-4.173195838928223,8.383245468139648,-4.154951095581055,0.0014530186460472857,forget,for_002,M_npo_s0
2,-5,real,-4.173195838928223,8.383245468139648,-4.195337772369385,-0.0017633924214417885,forget,for_002,M_npo_s0
2,-4,real,-4.173195838928223,8.383245468139648,-4.178219318389893,-0.00040007191041001924,forget,for_002,M_npo_s0
2,-3,real,-4.173195838928223,8.383245468139648,-4.175885200500488,-0.00021418182958827796,forget,for_002,M_npo_s0
2,-2,real,-4.173195838928223,8.383245468139648,-4.170645713806152,0.00020309298309186357,forget,for_002,M_npo_s0
2,-1,real,-4.173195838928223,8.383245468139648,-4.1687703132629395,0.00035245063127815744,forget,for_002,M_npo_s0
2,-9,random_position,-4.173195838928223,8.383245468139648,-4.209672927856445,-0.0029050499290503703,forget,for_002,M_npo_s0
3,-6,real,-4.173195838928223,8.383245468139648,-4.152458190917969,0.0016515545689351433,forget,for_002,M_npo_s0
3,-5,real,-4.173195838928223,8.383245468139648,-4.201732158660889,-0.0022726438992394494,forget,for_002,M_npo_s0
3,-4,real,-4.173195838928223,8.383245468139648,-4.170555591583252,0.0002102703529131729,forget,for_002,M_npo_s0
3,-3,real,-4.173195838928223,8.383245468139648,-4.172568321228027,4.997576023726486e-05,forget,for_002,M_npo_s0
3,-2,real,-4.173195838928223,8.383245468139648,-4.160235404968262,0.0010321741362073395,forget,for_002,M_npo_s0
3,-1,real,-4.173195838928223,8.383245468139648,-4.1838579177856445,-0.000849132218013102,forget,for_002,M_npo_s0
3,-14,random_position,-4.173195838928223,8.383245468139648,-4.149414539337158,0.001893952196286558,forget,for_002,M_npo_s0
4,-6,real,-4.173195838928223,8.383245468139648,-4.142126560211182,0.0024743697642701113,forget,for_002,M_npo_s0
4,-5,real,-4.173195838928223,8.383245468139648,-4.183711528778076,-0.0008374737389911869,forget,for_002,M_npo_s0
4,-4,real,-4.173195838928223,8.383245468139648,-4.164344787597656,0.0007049012625563149,forget,for_002,M_npo_s0
4,-3,real,-4.173195838928223,8.383245468139648,-4.167994022369385,0.00041427474804583763,forget,for_002,M_npo_s0
4,-2,real,-4.173195838928223,8.383245468139648,-4.160826683044434,0.0009850845140992783,forget,for_002,M_npo_s0
4,-1,real,-4.173195838928223,8.383245468139648,-4.188479423522949,-0.0012171907804899797,forget,for_002,M_npo_s0
4,-11,random_position,-4.173195838928223,8.383245468139648,-4.038310527801514,0.010742320043401442,forget,for_002,M_npo_s0
5,-6,real,-4.173195838928223,8.383245468139648,-4.137828826904297,0.0028166429610926554,forget,for_002,M_npo_s0
5,-5,real,-4.173195838928223,8.383245468139648,-4.1769514083862305,-0.00029909505138958815,forget,for_002,M_npo_s0
5,-4,real,-4.173195838928223,8.383245468139648,-4.176009654998779,-0.00022409343553199084,forget,for_002,M_npo_s0
5,-3,real,-4.173195838928223,8.383245468139648,-4.174224376678467,-8.191315716700631e-05,forget,for_002,M_npo_s0
5,-2,real,-4.173195838928223,8.383245468139648,-4.168260097503662,0.00039308441809721015,forget,for_002,M_npo_s0
5,-1,real,-4.173195838928223,8.383245468139648,-4.108899116516113,0.005120616649234646,forget,for_002,M_npo_s0
5,-12,random_position,-4.173195838928223,8.383245468139648,-4.155303478240967,0.0014249547502909494,forget,for_002,M_npo_s0
6,-6,real,-4.173195838928223,8.383245468139648,-4.155825138092041,0.0013834095514310954,forget,for_002,M_npo_s0
6,-5,real,-4.173195838928223,8.383245468139648,-4.162339687347412,0.0008645882472050221,forget,for_002,M_npo_s0
6,-4,real,-4.173195838928223,8.383245468139648,-4.168379783630371,0.0003835525671704978,forget,for_002,M_npo_s0
6,-3,real,-4.173195838928223,8.383245468139648,-4.162599086761475,0.0008439295742801952,forget,for_002,M_npo_s0
6,-2,real,-4.173195838928223,8.383245468139648,-4.141039848327637,0.0025609159326445237,forget,for_002,M_npo_s0
6,-1,real,-4.173195838928223,8.383245468139648,-3.847874164581299,0.025908748059356924,forget,for_002,M_npo_s0
6,-2,random_position,-4.173195838928223,8.383245468139648,-4.141039848327637,0.0025609159326445237,forget,for_002,M_npo_s0
7,-6,real,-4.173195838928223,8.383245468139648,-4.0988616943359375,0.005920000960020683,forget,for_002,M_npo_s0
7,-5,real,-4.173195838928223,8.383245468139648,-4.152050971984863,0.0016839856473869854,forget,for_002,M_npo_s0
7,-4,real,-4.173195838928223,8.383245468139648,-4.143176078796387,0.0023907856850283026,forget,for_002,M_npo_s0
7,-3,real,-4.173195838928223,8.383245468139648,-4.135499000549316,0.0030021912623990963,forget,for_002,M_npo_s0
7,-2,real,-4.173195838928223,8.383245468139648,-4.125007152557373,0.0038377662263052808,forget,for_002,M_npo_s0
7,-1,real,-4.173195838928223,8.383245468139648,-3.3744144439697266,0.06361526928086476,forget,for_002,M_npo_s0
7,-9,random_position,-4.173195838928223,8.383245468139648,-4.009763717651367,0.013015799403678292,forget,for_002,M_npo_s0
8,-6,real,-4.173195838928223,8.383245468139648,-4.063914775848389,0.008703187504115594,forget,for_002,M_npo_s0
8,-5,real,-4.173195838928223,8.383245468139648,-4.154668807983398,0.001475500143053715,forget,for_002,M_npo_s0
8,-4,real,-4.173195838928223,8.383245468139648,-4.101901531219482,0.005677907136682868,forget,for_002,M_npo_s0
8,-3,real,-4.173195838928223,8.383245468139648,-4.099539279937744,0.005866037772104913,forget,for_002,M_npo_s0
8,-2,real,-4.173195838928223,8.383245468139648,-4.090003967285156,0.0066254338796007985,forget,for_002,M_npo_s0
8,-1,real,-4.173195838928223,8.383245468139648,-1.2886743545532227,0.22972444292407412,forget,for_002,M_npo_s0
8,-5,random_position,-4.173195838928223,8.383245468139648,-4.154668807983398,0.001475500143053715,forget,for_002,M_npo_s0
9,-6,real,-4.173195838928223,8.383245468139648,-4.044940948486328,0.010214270692262255,forget,for_002,M_npo_s0
9,-5,real,-4.173195838928223,8.383245468139648,-4.154188632965088,0.0015137414732656646,forget,for_002,M_npo_s0
9,-4,real,-4.173195838928223,8.383245468139648,-4.1087870597839355,0.0051295408921341575,forget,for_002,M_npo_s0
9,-3,real,-4.173195838928223,8.383245468139648,-4.076404094696045,0.0077085331635879046,forget,for_002,M_npo_s0
9,-2,real,-4.173195838928223,8.383245468139648,-4.076953887939453,0.007664747410127747,forget,for_002,M_npo_s0
9,-1,real,-4.173195838928223,8.383245468139648,1.6224994659423828,0.4615714885401708,forget,for_002,M_npo_s0
9,-13,random_position,-4.173195838928223,8.383245468139648,-4.164358615875244,0.0007037999730070134,forget,for_002,M_npo_s0
10,-6,real,-4.173195838928223,8.383245468139648,-4.0883097648620605,0.0067603608371410735,forget,for_002,M_npo_s0
10,-5,real,-4.173195838928223,8.383245468139648,-4.1719746589660645,9.725525985382622e-05,forget,for_002,M_npo_s0
10,-4,real,-4.173195838928223,8.383245468139648,-4.20196008682251,-0.002290796189052073,forget,for_002,M_npo_s0
10,-3,real,-4.173195838928223,8.383245468139648,-4.163586616516113,0.0007652823102593932,forget,for_002,M_npo_s0
10,-2,real,-4.173195838928223,8.383245468139648,-4.122981071472168,0.00399912413302879,forget,for_002,M_npo_s0
10,-1,real,-4.173195838928223,8.383245468139648,2.880380630493164,0.5617496468088464,forget,for_002,M_npo_s0
10,-6,random_position,-4.173195838928223,8.383245468139648,-4.0883097648620605,0.0067603608371410735,forget,for_002,M_npo_s0
11,-6,real,-4.173195838928223,8.383245468139648,-4.173195838928223,0.0,forget,for_002,M_npo_s0
11,-5,real,-4.173195838928223,8.383245468139648,-4.173195838928223,0.0,forget,for_002,M_npo_s0
11,-4,real,-4.173195838928223,8.383245468139648,-4.173195838928223,0.0,forget,for_002,M_npo_s0
11,-3,real,-4.173195838928223,8.383245468139648,-4.173195838928223,0.0,forget,for_002,M_npo_s0
11,-2,real,-4.173195838928223,8.383245468139648,-4.173195838928223,0.0,forget,for_002,M_npo_s0
11,-1,real,-4.173195838928223,8.383245468139648,8.081005096435547,0.9759294561004339,forget,for_002,M_npo_s0
11,-7,random_position,-4.173195838928223,8.383245468139648,-4.173195838928223,0.0,forget,for_002,M_npo_s0
0,-6,real,-2.7079453468322754,9.185632705688477,-2.6959152221679688,0.001011480700860827,forget,for_002,M_npo_s0
0,-5,real,-2.7079453468322754,9.185632705688477,-2.666060447692871,0.003521639909743319,forget,for_002,M_npo_s0
0,-4,real,-2.7079453468322754,9.185632705688477,-2.7206554412841797,-0.0010686518721092927,forget,for_002,M_npo_s0
0,-3,real,-2.7079453468322754,9.185632705688477,-2.6979122161865234,0.0008435754658057261,forget,for_002,M_npo_s0
0,-2,real,-2.7079453468322754,9.185632705688477,-2.7075538635253906,3.291552005258785e-05,forget,for_002,M_npo_s0
0,-1,real,-2.7079453468322754,9.185632705688477,-2.713315486907959,-0.00045151594011235617,forget,for_002,M_npo_s0
0,-11,random_position,-2.7079453468322754,9.185632705688477,-2.7090044021606445,-8.904429967941245e-05,forget,for_002,M_npo_s0
1,-6,real,-2.7079453468322754,9.185632705688477,-2.6409058570861816,0.005636612418067517,forget,for_002,M_npo_s0
1,-5,real,-2.7079453468322754,9.185632705688477,-2.449141502380371,0.021759965193741914,forget,for_002,M_npo_s0
1,-4,real,-2.7079453468322754,9.185632705688477,-2.6674156188964844,0.0034076984871008647,forget,for_002,M_npo_s0
1,-3,real,-2.7079453468322754,9.185632705688477,-2.685654640197754,0.0018741800437251212,forget,for_002,M_npo_s0
1,-2,real,-2.7079453468322754,9.185632705688477,-2.7352919578552246,-0.002299275365427422,forget,for_002,M_npo_s0
1,-1,real,-2.7079453468322754,9.185632705688477,-2.719057083129883,-0.0009342635368884955,forget,for_002,M_npo_s0
1,-3,random_position,-2.7079453468322754,9.185632705688477,-2.685654640197754,0.0018741800437251212,forget,for_002,M_npo_s0
2,-6,real,-2.7079453468322754,9.185632705688477,-2.7973504066467285,-0.007517086903507933,forget,for_002,M_npo_s0
2,-5,real,-2.7079453468322754,9.185632705688477,-2.295187473297119,0.03470426407532386,forget,for_002,M_npo_s0
2,-4,real,-2.7079453468322754,9.185632705688477,-2.5292463302612305,0.015024832374406544,forget,for_002,M_npo_s0
2,-3,real,-2.7079453468322754,9.185632705688477,-2.6662259101867676,0.003507727990792956,forget,for_002,M_npo_s0
2,-2,real,-2.7079453468322754,9.185632705688477,-2.764101028442383,-0.0047215128502230376,forget,for_002,M_npo_s0
2,-1,real,-2.7079453468322754,9.185632705688477,-2.716765880584717,-0.0007416215468121439,forget,for_002,M_npo_s0
2,-8,random_position,-2.7079453468322754,9.185632705688477,-2.4580159187316895,0.021013813252574176,forget,for_002,M_npo_s0
3,-6,real,-2.7079453468322754,9.185632705688477,-2.6823768615722656,0.00214977235169283,forget,for_002,M_npo_s0
3,-5,real,-2.7079453468322754,9.185632705688477,-2.1400938034057617,0.04774438280212589,forget,for_002,M_npo_s0
3,-4,real,-2.7079453468322754,9.185632705688477,-2.6876282691955566,0.001708239315956959,forget,for_002,M_npo_s0
3,-3,real,-2.7079453468322754,9.185632705688477,-2.68784761428833,0.0016897970026510023,forget,for_002,M_npo_s0
3,-2,real,-2.7079453468322754,9.185632705688477,-2.730462074279785,-0.0018931836448273461,forget,for_002,M_npo_s0
3,-1,real,-2.7079453468322754,9.185632705688477,-2.712681770324707,-0.00039823369145232054,forget,for_002,M_npo_s0
3,-11,random_position,-2.7079453468322754,9.185632705688477,-2.691624164581299,0.001372268477904966,forget,for_002,M_npo_s0
4,-6,real,-2.7079453468322754,9.185632705688477,-2.582524299621582,0.010545274656360567,forget,for_002,M_npo_s0
4,-5,real,-2.7079453468322754,9.185632705688477,-2.171247959136963,0.04512497293289833,forget,for_002,M_npo_s0
4,-4,real,-2.7079453468322754,9.185632705688477,-2.6325149536132812,0.006342111085991255,forget,for_002,M_npo_s0
4,-3,real,-2.7079453468322754,9.185632705688477,-2.683567523956299,0.0020496626640298435,forget,for_002,M_npo_s0
4,-2,real,-2.7079453468322754,9.185632705688477,-2.71986722946167,-0.0010023798201641918,forget,for_002,M_npo_s0
4,-1,real,-2.7079453468322754,9.185632705688477,-2.6950302124023438,0.0010858914258518174,forget,for_002,M_npo_s0
4,-8,random_position,-2.7079453468322754,9.185632705688477,-2.5352392196655273,0.014520956301299449,forget,for_002,M_npo_s0
5,-6,real,-2.7079453468322754,9.185632705688477,-2.608471393585205,0.008363669268222238,forget,for_002,M_npo_s0
5,-5,real,-2.7079453468322754,9.185632705688477,-2.0703182220458984,0.05361104303269249,forget,for_002,M_npo_s0
5,-4,real,-2.7079453468322754,9.185632705688477,-2.443024158477783,0.022274305275050865,forget,for_002,M_npo_s0
5,-3,real,-2.7079453468322754,9.185632705688477,-2.666874885559082,0.0034531627985985927,forget,for_002,M_npo_s0
5,-2,real,-2.7079453468322754,9.185632705688477,-2.7166690826416016,-0.0007334828737662544,forget,for_002,M_npo_s0
5,-1,real,-2.7079453468322754,9.185632705688477,-2.715028762817383,-0.0005955664438260567,forget,for_002,M_npo_s0
5,-10,random_position,-2.7079453468322754,9.185632705688477,-2.6820297241210938,0.002178959317098779,forget,for_002,M_npo_s0
6,-6,real,-2.7079453468322754,9.185632705688477,-2.657176971435547,0.004268553598634563,forget,for_002,M_npo_s0
6,-5,real,-2.7079453468322754,9.185632705688477,-1.968146800994873,0.062201512662592544,forget,for_002,M_npo_s0
6,-4,real,-2.7079453468322754,9.185632705688477,-2.2908825874328613,0.03506621451994598,forget,for_002,M_npo_s0
6,-3,real,-2.7079453468322754,9.185632705688477,-2.6618905067443848,0.0038722443224837337,forget,for_002,M_npo_s0
6,-2,real,-2.7079453468322754,9.185632705688477,-2.710085391998291,-0.00017993283068942057,forget,for_002,M_npo_s0
6,-1,real,-2.7079453468322754,9.185632705688477,-2.328829765319824,0.03187565422603003,forget,for_002,M_npo_s0
6,-2,random_position,-2.7079453468322754,9.185632705688477,-2.710085391998291,-0.00017993283068942057,forget,for_002,M_npo_s0
7,-6,real,-2.7079453468322754,9.185632705688477,-2.5362977981567383,0.014431952093605484,forget,for_002,M_npo_s0
7,-5,real,-2.7079453468322754,9.185632705688477,-2.051358699798584,0.05520514046607976,forget,for_002,M_npo_s0
7,-4,real,-2.7079453468322754,9.185632705688477,-1.9981794357299805,0.05967639914313805,forget,for_002,M_npo_s0
7,-3,real,-2.7079453468322754,9.185632705688477,-2.647805690765381,0.005056481388638837,forget,for_002,M_npo_s0
7,-2,real,-2.7079453468322754,9.185632705688477,-2.7089552879333496,-8.491482517829608e-05,forget,for_002,M_npo_s0
7,-1,real,-2.7079453468322754,9.185632705688477,-1.8117389678955078,0.07535212490128852,forget,for_002,M_npo_s0
7,-7,random_position,-2.7079453468322754,9.185632705688477,4.854097366333008,0.635808894495174,forget,for_002,M_npo_s0
8,-6,real,-2.7079453468322754,9.185632705688477,-2.4703807830810547,0.01997418797792904,forget,for_002,M_npo_s0
8,-5,real,-2.7079453468322754,9.185632705688477,-2.0537285804748535,0.05500588329840453,forget,for_002,M_npo_s0
8,-4,real,-2.7079453468322754,9.185632705688477,-1.7853946685791016,0.0775671269133048,forget,for_002,M_npo_s0
8,-3,real,-2.7079453468322754,9.185632705688477,-2.660581111907959,0.003982336914523206,forget,for_002,M_npo_s0
8,-2,real,-2.7079453468322754,9.185632705688477,-2.7040605545043945,0.00032662940544267145,forget,for_002,M_npo_s0
8,-1,real,-2.7079453468322754,9.185632705688477,0.21712970733642578,0.24593734881562862,forget,for_002,M_npo_s0
8,-5,random_position,-2.7079453468322754,9.185632705688477,-2.0537285804748535,0.05500588329840453,forget,for_002,M_npo_s0
9,-6,real,-2.7079453468322754,9.185632705688477,-2.44138765335083,0.02241190096910748,forget,for_002,M_npo_s0
9,-5,real,-2.7079453468322754,9.185632705688477,-2.580510139465332,0.010714623202891786,forget,for_002,M_npo_s0
9,-4,real,-2.7079453468322754,9.185632705688477,-0.9542274475097656,0.14745082527547904,forget,for_002,M_npo_s0
9,-3,real,-2.7079453468322754,9.185632705688477,-2.6463117599487305,0.0051820895790465815,forget,for_002,M_npo_s0
9,-2,real,-2.7079453468322754,9.185632705688477,-2.6899027824401855,0.001517000545371278,forget,for_002,M_npo_s0
9,-1,real,-2.7079453468322754,9.185632705688477,2.9955787658691406,0.47954653238203604,forget,for_002,M_npo_s0
9,-10,random_position,-2.7079453468322754,9.185632705688477,-2.7008514404296875,0.0005964484675059069,forget,for_002,M_npo_s0
10,-6,real,-2.7079453468322754,9.185632705688477,-2.309782028198242,0.03347716867672513,forget,for_002,M_npo_s0
10,-5,real,-2.7079453468322754,9.185632705688477,-2.743412971496582,-0.002982081969587743,forget,for_002,M_npo_s0
10,-4,real,-2.7079453468322754,9.185632705688477,-0.831794261932373,0.15774488355102412,forget,for_002,M_npo_s0
10,-3,real,-2.7079453468322754,9.185632705688477,-2.694265842437744,0.0011501588785245316,forget,for_002,M_npo_s0
10,-2,real,-2.7079453468322754,9.185632705688477,-2.714148998260498,-0.0005215967306749915,forget,for_002,M_npo_s0
10,-1,real,-2.7079453468322754,9.185632705688477,4.046720504760742,0.5679254654709579,forget,for_002,M_npo_s0
10,-5,random_position,-2.7079453468322754,9.185632705688477,-2.743412971496582,-0.002982081969587743,forget,for_002,M_npo_s0
11,-6,real,-2.7079453468322754,9.185632705688477,-2.7079453468322754,0.0,forget,for_002,M_npo_s0
11,-5,real,-2.7079453468322754,9.185632705688477,-2.7079453468322754,0.0,forget,for_002,M_npo_s0
11,-4,real,-2.7079453468322754,9.185632705688477,-2.7079453468322754,0.0,forget,for_002,M_npo_s0
11,-3,real,-2.7079453468322754,9.185632705688477,-2.7079453468322754,0.0,forget,for_002,M_npo_s0
11,-2,real,-2.7079453468322754,9.185632705688477,-2.7079453468322754,0.0,forget,for_002,M_npo_s0
11,-1,real,-2.7079453468322754,9.185632705688477,8.921987533569336,0.9778329808780073,forget,for_002,M_npo_s0
11,-6,random_position,-2.7079453468322754,9.185632705688477,-2.7079453468322754,0.0,forget,for_002,M_npo_s0
0,-6,real,-2.928638458251953,7.8953399658203125,-2.9418931007385254,-0.0012245629072111103,forget,for_002,M_npo_s0
0,-5,real,-2.928638458251953,7.8953399658203125,-2.665515422821045,0.024309271981338115,forget,for_002,M_npo_s0
0,-4,real,-2.928638458251953,7.8953399658203125,-3.0230517387390137,-0.00872260427617702,forget,for_002,M_npo_s0
0,-3,real,-2.928638458251953,7.8953399658203125,-2.870758533477783,0.00534737991027831,forget,for_002,M_npo_s0
0,-2,real,-2.928638458251953,7.8953399658203125,-2.904839515686035,0.002198724132061248,forget,for_002,M_npo_s0
0,-1,real,-2.928638458251953,7.8953399658203125,-2.9096121788024902,0.0017577898536040044,forget,for_002,M_npo_s0
0,-12,random_position,-2.928638458251953,7.8953399658203125,-2.9332470893859863,-0.00042577977832843045,forget,for_002,M_npo_s0
1,-6,real,-2.928638458251953,7.8953399658203125,-2.88309907913208,0.004207268098261779,forget,for_002,M_npo_s0
1,-5,real,-2.928638458251953,7.8953399658203125,-2.326098918914795,0.055667104619972714,forget,for_002,M_npo_s0
1,-4,real,-2.928638458251953,7.8953399658203125,-2.9886460304260254,-0.0055439478741584405,forget,for_002,M_npo_s0
1,-3,real,-2.928638458251953,7.8953399658203125,-2.5922017097473145,0.03108254057088764,forget,for_002,M_npo_s0
1,-2,real,-2.928638458251953,7.8953399658203125,-2.926619529724121,0.00018652370216684682,forget,for_002,M_npo_s0
1,-1,real,-2.928638458251953,7.8953399658203125,-2.951664924621582,-0.0021273570093616042,forget,for_002,M_npo_s0
1,-3,random_position,-2.928638458251953,7.8953399658203125,-2.5922017097473145,0.03108254057088764,forget,for_002,M_npo_s0
2,-6,real,-2.928638458251953,7.8953399658203125,-2.805537700653076,0.011372967755100459,forget,for_002,M_npo_s0
2,-5,real,-2.928638458251953,7.8953399658203125,-1.731353759765625,0.11061410616115014,forget,for_002,M_npo_s0
2,-4,real,-2.928638458251953,7.8953399658203125,-3.1421804428100586,-0.019728604048507088,forget,for_002,M_npo_s0
2,-3,real,-2.928638458251953,7.8953399658203125,-2.4847164154052734,0.04101283515674863,forget,for_002,M_npo_s0
2,-2,real,-2.928638458251953,7.8953399658203125,-2.8046422004699707,0.011455700752896713,forget,for_002,M_npo_s0
2,-1,real,-2.928638458251953,7.8953399658203125,-2.9892096519470215,-0.005596019441461514,forget,for_002,M_npo_s0
2,-8,random_position,-2.928638458251953,7.8953399658203125,-2.901190757751465,0.0025358236523684544,forget,for_002,M_npo_s0
3,-6,real,-2.928638458251953,7.8953399658203125,-2.872406005859375,0.005195174102298515,forget,for_002,M_npo_s0
3,-5,real,-2.928638458251953,7.8953399658203125,-0.6523342132568359,0.21030199394454369,forget,for_002,M_npo_s0
3,-4,real,-2.928638458251953,7.8953399658203125,-2.9322056770324707,-0.000329566324022244,forget,for_002,M_npo_s0
3,-3,real,-2.928638458251953,7.8953399658203125,-2.1470489501953125,0.07220907853238182,forget,for_002,M_npo_s0
3,-2,real,-2.928638458251953,7.8953399658203125,-3.49251651763916,-0.05209526823641443,forget,for_002,M_npo_s0
3,-1,real,-2.928638458251953,7.8953399658203125,-2.975539207458496,-0.00433304163857504,forget,for_002,M_npo_s0
3,-12,random_position,-2.928638458251953,7.8953399658203125,-2.90309476852417,0.002359916911047666,forget,for_002,M_npo_s0
4,-6,real,-2.928638458251953,7.8953399658203125,-2.821312427520752,0.009915580623526621,forget,for_002,M_npo_s0
4,-5,real,-2.928638458251953,7.8953399658203125,0.4833793640136719,0.3152276998887378,forget,for_002,M_npo_s0
4,-4,real,-2.928638458251953,7.8953399658203125,-2.8403701782226562,0.008154883220479298,forget,for_002,M_npo_s0
4,-3,real,-2.928638458251953,7.8953399658203125,-2.0953173637390137,0.0769884290105063,forget,for_002,M_npo_s0
4,-2,real,-2.928638458251953,7.8953399658203125,-3.1753506660461426,-0.02279311710798568,forget,for_002,M_npo_s0
4,-1,real,-2.928638458251953,7.8953399658203125,-2.9011693000793457,0.0025378060724434446,forget,for_002,M_npo_s0
4,-9,random_position,-2.928638458251953,7.8953399658203125,-2.909661293029785,0.0017532523143212492,forget,for_002,M_npo_s0
5,-6,real,-2.928638458251953,7.8953399658203125,-2.8373560905456543,0.008433347160346242,forget,for_002,M_npo_s0
5,-5,real,-2.928638458251953,7.8953399658203125,2.1245126724243164,0.4668478569246021,forget,for_002,M_npo_s0
5,-4,real,-2.928638458251953,7.8953399658203125,-2.857935905456543,0.006532030093312953,forget,for_002,M_npo_s0
5,-3,real,-2.928638458251953,7.8953399658203125,-1.7985420227050781,0.10440675242234111,forget,for_002,M_npo_s0
5,-2,real,-2.928638458251953,7.8953399658203125,-3.1263279914855957,-0.01826403615088384,forget,for_002,M_npo_s0
5,-1,real,-2.928638458251953,7.8953399658203125,-2.899423122406006,0.002699131012768195,forget,for_002,M_npo_s0
5,-11,random_position,-2.928638458251953,7.8953399658203125,-2.8991622924804688,0.0027232284301241857,forget,for_002,M_npo_s0
6,-6,real,-2.928638458251953,7.8953399658203125,-2.9120140075683594,0.0015358909665434454,forget,for_002,M_npo_s0
6,-5,real,-2.928638458251953,7.8953399658203125,3.1763248443603516,0.5640221241604672,forget,for_002,M_npo_s0
6,-4,real,-2.928638458251953,7.8953399658203125,-2.884868621826172,0.004043784522744262,forget,for_002,M_npo_s0
6,-3,real,-2.928638458251953,7.8953399658203125,-1.5639634132385254,0.12607887705858906,forget,for_002,M_npo_s0
6,-2,real,-2.928638458251953,7.8953399658203125,-2.9905381202697754,-0.005718753270993124,forget,for_002,M_npo_s0
6,-1,real,-2.928638458251953,7.8953399658203125,-2.6979570388793945,0.021312073096850296,forget,for_002,M_npo_s0
6,-2,random_position,-2.928638458251953,7.8953399658203125,-2.9905381202697754,-0.005718753270993124,forget,for_002,M_npo_s0
7,-6,real,-2.928638458251953,7.8953399658203125,-2.9630074501037598,-0.0031752642610013743,forget,for_002,M_npo_s0
7,-5,real,-2.928638458251953,7.8953399658203125,3.851008415222168,0.6263544334490126,forget,for_002,M_npo_s0
7,-4,real,-2.928638458251953,7.8953399658203125,-2.7611827850341797,0.015470806265222783,forget,for_002,M_npo_s0
7,-3,real,-2.928638458251953,7.8953399658203125,-1.6604795455932617,0.117161995615063,forget,for_002,M_npo_s0
7,-2,real,-2.928638458251953,7.8953399658203125,-2.7255301475524902,0.01876466330048801,forget,for_002,M_npo_s0
7,-1,real,-2.928638458251953,7.8953399658203125,-2.4131879806518555,0.047621166396058984,forget,for_002,M_npo_s0
7,-8,random_position,-2.928638458251953,7.8953399658203125,-2.9166460037231445,0.001107952553022248,forget,for_002,M_npo_s0
8,-6,real,-2.928638458251953,7.8953399658203125,-2.9809012413024902,-0.004828426388425345,forget,for_002,M_npo_s0
8,-5,real,-2.928638458251953,7.8953399658203125,3.070298194885254,0.554226590085926,forget,for_002,M_npo_s0
8,-4,real,-2.928638458251953,7.8953399658203125,-2.6320133209228516,0.02740444647130989,forget,for_002,M_npo_s0
8,-3,real,-2.928638458251953,7.8953399658203125,-1.615926742553711,0.12127811644365469,forget,for_002,M_npo_s0
8,-2,real,-2.928638458251953,7.8953399658203125,-2.570773124694824,0.03306227336533165,forget,for_002,M_npo_s0
8,-1,real,-2.928638458251953,7.8953399658203125,-0.8696784973144531,0.19022210505874837,forget,for_002,M_npo_s0
8,-5,random_position,-2.928638458251953,7.8953399658203125,3.070298194885254,0.554226590085926,forget,for_002,M_npo_s0
9,-6,real,-2.928638458251953,7.8953399658203125,-2.9735007286071777,-0.00414471173145098,forget,for_002,M_npo_s0
9,-5,real,-2.928638458251953,7.8953399658203125,-0.6767158508300781,0.2080494360940016,forget,for_002,M_npo_s0
9,-4,real,-2.928638458251953,7.8953399658203125,-2.467064380645752,0.04264366201799438,forget,for_002,M_npo_s0
9,-3,real,-2.928638458251953,7.8953399658203125,-1.863818645477295,0.098376010285324,forget,for_002,M_npo_s0
9,-2,real,-2.928638458251953,7.8953399658203125,-2.070972442626953,0.07923759472003118,forget,for_002,M_npo_s0
9,-1,real,-2.928638458251953,7.8953399658203125,2.2650890350341797,0.479835351642554,forget,for_002,M_npo_s0
9,-11,random_position,-2.928638458251953,7.8953399658203125,-2.9158058166503906,0.0011855753124029715,forget,for_002,M_npo_s0
10,-6,real,-2.928638458251953,7.8953399658203125,-2.9687862396240234,-0.0037091520140859315,forget,for_002,M_npo_s0
10,-5,real,-2.928638458251953,7.8953399658203125,-2.334402561187744,0.05489995210473099,forget,for_002,M_npo_s0
10,-4,real,-2.928638458251953,7.8953399658203125,-2.30972957611084,0.0571794268145135,forget,for_002,M_npo_s0
10,-3,real,-2.928638458251953,7.8953399658203125,-2.5472259521484375,0.03523773710184635,forget,for_002,M_npo_s0
10,-2,real,-2.928638458251953,7.8953399658203125,-1.756669044494629,0.10827529101045626,forget,for_002,M_npo_s0
10,-1,real,-2.928638458251953,7.8953399658203125,3.279329299926758,0.5735384453808907,forget,for_002,M_npo_s0
10,-6,random_position,-2.928638458251953,7.8953399658203125,-2.9687862396240234,-0.0037091520140859315,forget,for_002,M_npo_s0
11,-6,real,-2.928638458251953,7.8953399658203125,-2.928638458251953,0.0,forget,for_002,M_npo_s0
11,-5,real,-2.928638458251953,7.8953399658203125,-2.928638458251953,0.0,forget,for_002,M_npo_s0
11,-4,real,-2.928638458251953,7.8953399658203125,-2.928638458251953,0.0,forget,for_002,M_npo_s0
11,-3,real,-2.928638458251953,7.8953399658203125,-2.928638458251953,0.0,forget,for_002,M_npo_s0
11,-2,real,-2.928638458251953,7.8953399658203125,-2.928638458251953,0.0,forget,for_002,M_npo_s0
11,-1,real,-2.928638458251953,7.8953399658203125,7.994657516479492,1.0091756973977608,forget,for_002,M_npo_s0
11,-6,random_position,-2.928638458251953,7.8953399658203125,-2.928638458251953,0.0,forget,for_002,M_npo_s0
0,-6,real,-1.6753349304199219,9.245107650756836,-1.6370038986206055,0.0035100254879217503,forget,for_002,M_npo_s0
0,-5,real,-1.6753349304199219,9.245107650756836,-1.699568271636963,-0.002219080503093465,forget,for_002,M_npo_s0
0,-4,real,-1.6753349304199219,9.245107650756836,-1.6770586967468262,-0.0001578476617674362,forget,for_002,M_npo_s0
0,-3,real,-1.6753349304199219,9.245107650756836,-1.6772665977478027,-0.00017688544338032754,forget,for_002,M_npo_s0
0,-2,real,-1.6753349304199219,9.245107650756836,-1.6660571098327637,0.0008495828367936394,forget,for_002,M_npo_s0
0,-1,real,-1.6753349304199219,9.245107650756836,-1.6776442527770996,-0.00021146783566796502,forget,for_002,M_npo_s0
0,-12,random_position,-1.6753349304199219,9.245107650756836,-1.675645351409912,-2.842567850915656e-05,forget,for_002,M_npo_s0
1,-6,real,-1.6753349304199219,9.245107650756836,-1.3919525146484375,0.025949718948199245,forget,for_002,M_npo_s0
1,-5,real,-1.6753349304199219,9.245107650756836,-1.6892480850219727,-0.0012740467704150079,forget,for_002,M_npo_s0
1,-4,real,-1.6753349304199219,9.245107650756836,-1.6837477684020996,-0.0007703751857711969,forget,for_002,M_npo_s0
1,-3,real,-1.6753349304199219,9.245107650756836,-1.6810245513916016,-0.0005210064454243565,forget,for_002,M_npo_s0
1,-2,real,-1.6753349304199219,9.245107650756836,-1.667468547821045,0.000720335512082267,forget,for_002,M_npo_s0
1,-1,real,-1.6753349304199219,9.245107650756836,-1.667637825012207,0.0007048345660442476,forget,for_002,M_npo_s0
1,-3,random_position,-1.6753349304199219,9.245107650756836,-1.6810245513916016,-0.0005210064454243565,forget,for_002,M_npo_s0
2,-6,real,-1.6753349304199219,9.245107650756836,-1.259882926940918,0.0380435133824252,forget,for_002,M_npo_s0
2,-5,real,-1.6753349304199219,9.245107650756836,-1.4994301795959473,0.016107840823885326,forget,for_002,M_npo_s0
2,-4,real,-1.6753349304199219,9.245107650756836,-1.6588096618652344,0.0015132416504045005,forget,for_002,M_npo_s0
2,-3,real,-1.6753349304199219,9.245107650756836,-1.6768689155578613,-0.00014046913635016383,forget,for_002,M_npo_s0
2,-2,real,-1.6753349304199219,9.245107650756836,-1.6639647483825684,0.0010411832627509035,forget,for_002,M_npo_s0
2,-1,real,-1.6753349304199219,9.245107650756836,-1.6829571723937988,-0.0006979792180781377,forget,for_002,M_npo_s0
2,-8,random_position,-1.6753349304199219,9.245107650756836,-0.11304092407226562,0.1430614185033614,forget,for_002,M_npo_s0
3,-6,real,-1.6753349304199219,9.245107650756836,-1.0935730934143066,0.05327273438609355,forget,for_002,M_npo_s0
3,-5,real,-1.6753349304199219,9.245107650756836,-1.7665882110595703,-0.00835618885968404,forget,for_002,M_npo_s0
3,-4,real,-1.6753349304199219,9.245107650756836,-1.662975788116455,0.0011317437193223178,forget,for_002,M_npo_s0
3,-3,real,-1.6753349304199219,9.245107650756836,-1.684518814086914,-0.0008409809033584568,forget,for_002,M_npo_s0
3,-2,real,-1.6753349304199219,9.245107650756836,-1.640859603881836,0.003156953235348724,forget,for_002,M_npo_s0
3,-1,real,-1.6753349304199219,9.245107650756836,-1.6681528091430664,0.0006576767583792875,forget,for_002,M_npo_s0
3,-12,random_position,-1.6753349304199219,9.245107650756836,-1.6471595764160156,0.0025800560549140445,forget,for_002,M_npo_s0
4,-6,real,-1.6753349304199219,9.245107650756836,-1.1632347106933594,0.04689372394203642,forget,for_002,M_npo_s0
4,-5,real,-1.6753349304199219,9.245107650756836,-1.6597399711608887,0.0014280519441504844,forget,for_002,M_npo_s0
4,-4,real,-1.6753349304199219,9.245107650756836,-1.6510238647460938,0.0022261978388799356,forget,for_002,M_npo_s0
4,-3,real,-1.6753349304199219,9.245107650756836,-1.68410062789917,-0.00080268701694904,forget,for_002,M_npo_s0
4,-2,real,-1.6753349304199219,9.245107650756836,-1.626603126525879,0.004462438544207039,forget,for_002,M_npo_s0
4,-1,real,-1.6753349304199219,9.245107650756836,-1.6563053131103516,0.0017425683224937328,forget,for_002,M_npo_s0
4,-9,random_position,-1.6753349304199219,9.245107650756836,-1.4871530532836914,0.01723207422569063,forget,for_002,M_npo_s0
5,-6,real,-1.6753349304199219,9.245107650756836,-1.0559792518615723,0.05671525434563564,forget,for_002,M_npo_s0
5,-5,real,-1.6753349304199219,9.245107650756836,-1.4893989562988281,0.017026413786707332,forget,for_002,M_npo_s0
5,-4,real,-1.6753349304199219,9.245107650756836,-1.6451396942138672,0.0027650194560888326,forget,for_002,M_npo_s0
5,-3,real,-1.6753349304199219,9.245107650756836,-1.6735153198242188,0.000166624253749526,forget,for_002,M_npo_s0
5,-2,real,-1.6753349304199219,9.245107650756836,-1.6519904136657715,0.0021376896202346817,forget,for_002,M_npo_s0
5,-1,real,-1.6753349304199219,9.245107650756836,-1.7020230293273926,-0.0024438660529631086,forget,for_002,M_npo_s0
5,-11,random_position,-1.6753349304199219,9.245107650756836,-1.652369499206543,0.002102976234036864,forget,for_002,M_npo_s0
6,-6,real,-1.6753349304199219,9.245107650756836,-0.9241938591003418,0.06878302465637241,forget,for_002,M_npo_s0
6,-5,real,-1.6753349304199219,9.245107650756836,-1.3865580558776855,0.026443696983489702,forget,for_002,M_npo_s0
6,-4,real,-1.6753349304199219,9.245107650756836,-1.6901588439941406,-0.0013574462265632246,forget,for_002,M_npo_s0
6,-3,real,-1.6753349304199219,9.245107650756836,-1.6864404678344727,-0.0010169493893675211,forget,for_002,M_npo_s0
6,-2,real,-1.6753349304199219,9.245107650756836,-1.655928134918213,0.0017771070501446434,forget,for_002,M_npo_s0
6,-1,real,-1.6753349304199219,9.245107650756836,-1.3581428527832031,0.029045716350677334,forget,for_002,M_npo_s0
6,-2,random_position,-1.6753349304199219,9.245107650756836,-1.655928134918213,0.0017771070501446434,forget,for_002,M_npo_s0
7,-6,real,-1.6753349304199219,9.245107650756836,-0.9928441047668457,0.062496626906812854,forget,for_002,M_npo_s0
7,-5,real,-1.6753349304199219,9.245107650756836,-1.0376386642456055,0.058394727268059124,forget,for_002,M_npo_s0
7,-4,real,-1.6753349304199219,9.245107650756836,-1.7096285820007324,-0.003140317008755808,forget,for_002,M_npo_s0
7,-3,real,-1.6753349304199219,9.245107650756836,-1.6869688034057617,-0.0010653298068608323,forget,for_002,M_npo_s0
7,-2,real,-1.6753349304199219,9.245107650756836,-1.7637982368469238,-0.008100707070195445,forget,for_002,M_npo_s0
7,-1,real,-1.6753349304199219,9.245107650756836,-0.8137722015380859,0.07889448824783768,forget,for_002,M_npo_s0
7,-8,random_position,-1.6753349304199219,9.245107650756836,5.646354675292969,0.6704572228906793,forget,for_002,M_npo_s0
8,-6,real,-1.6753349304199219,9.245107650756836,-0.9997673034667969,0.06186266004617623,forget,for_002,M_npo_s0
8,-5,real,-1.6753349304199219,9.245107650756836,-0.8175621032714844,0.07854744171513296,forget,for_002,M_npo_s0
8,-4,real,-1.6753349304199219,9.245107650756836,-1.6964759826660156,-0.0019359153339200696,forget,for_002,M_npo_s0
8,-3,real,-1.6753349304199219,9.245107650756836,-1.6858406066894531,-0.0009620192763651879,forget,for_002,M_npo_s0
8,-2,real,-1.6753349304199219,9.245107650756836,-1.7878026962280273,-0.010298828547660038,forget,for_002,M_npo_s0
8,-1,real,-1.6753349304199219,9.245107650756836,1.070267677307129,0.2514186203826175,forget,for_002,M_npo_s0
8,-5,random_position,-1.6753349304199219,9.245107650756836,-0.8175621032714844,0.07854744171513296,forget,for_002,M_npo_s0
9,-6,real,-1.6753349304199219,9.245107650756836,-1.481189250946045,0.017778187837232905,forget,for_002,M_npo_s0
9,-5,real,-1.6753349304199219,9.245107650756836,-0.09037017822265625,0.14513740999190108,forget,for_002,M_npo_s0
9,-4,real,-1.6753349304199219,9.245107650756836,-1.7078652381896973,-0.0029788451821400456,forget,for_002,M_npo_s0
9,-3,real,-1.6753349304199219,9.245107650756836,-1.6822457313537598,-0.0006328315800817298,forget,for_002,M_npo_s0
9,-2,real,-1.6753349304199219,9.245107650756836,-1.845998764038086,-0.0156279228016209,forget,for_002,M_npo_s0
9,-1,real,-1.6753349304199219,9.245107650756836,3.791994094848633,0.5006508650750499,forget,for_002,M_npo_s0
9,-11,random_position,-1.6753349304199219,9.245107650756836,-1.6678142547607422,0.0006886786504553261,forget,for_002,M_npo_s0
10,-6,real,-1.6753349304199219,9.245107650756836,-1.6525254249572754,0.0020886978978271954,forget,for_002,M_npo_s0
10,-5,real,-1.6753349304199219,9.245107650756836,0.2397928237915039,0.17537089179082124,forget,for_002,M_npo_s0
10,-4,real,-1.6753349304199219,9.245107650756836,-1.7260384559631348,-0.004642991817072419,forget,for_002,M_npo_s0
10,-3,real,-1.6753349304199219,9.245107650756836,-1.6804909706115723,-0.00047214571692705054,forget,for_002,M_npo_s0
10,-2,real,-1.6753349304199219,9.245107650756836,-1.8859639167785645,-0.019287586999605446,forget,for_002,M_npo_s0
10,-1,real,-1.6753349304199219,9.245107650756836,4.554620742797852,0.5704856398362611,forget,for_002,M_npo_s0
10,-6,random_position,-1.6753349304199219,9.245107650756836,-1.6525254249572754,0.0020886978978271954,forget,for_002,M_npo_s0
11,-6,real,-1.6753349304199219,9.245107650756836,-1.6753349304199219,0.0,forget,for_002,M_npo_s0
11,-5,real,-1.6753349304199219,9.245107650756836,-1.6753349304199219,0.0,forget,for_002,M_npo_s0
11,-4,real,-1.6753349304199219,9.245107650756836,-1.6753349304199219,0.0,forget,for_002,M_npo_s0
11,-3,real,-1.6753349304199219,9.245107650756836,-1.6753349304199219,0.0,forget,for_002,M_npo_s0
11,-2,real,-1.6753349304199219,9.245107650756836,-1.6753349304199219,0.0,forget,for_002,M_npo_s0
11,-1,real,-1.6753349304199219,9.245107650756836,9.354175567626953,1.0099874996877978,forget,for_002,M_npo_s0
11,-6,random_position,-1.6753349304199219,9.245107650756836,-1.6753349304199219,0.0,forget,for_002,M_npo_s0
0,-6,real,-2.3291354179382324,8.97537612915039,-2.0933079719543457,0.02086135654791931,forget,for_002,M_npo_s0
0,-5,real,-2.3291354179382324,8.97537612915039,-2.4058785438537598,-0.006788716663772338,forget,for_002,M_npo_s0
0,-4,real,-2.3291354179382324,8.97537612915039,-2.2829933166503906,0.004081742151851336,forget,for_002,M_npo_s0
0,-3,real,-2.3291354179382324,8.97537612915039,-2.3097872734069824,0.001711541843330059,forget,for_002,M_npo_s0
0,-2,real,-2.3291354179382324,8.97537612915039,-2.3164544105529785,0.0011217651760035388,forget,for_002,M_npo_s0
0,-1,real,-2.3291354179382324,8.97537612915039,-2.3219408988952637,0.0006364290056231253,forget,for_002,M_npo_s0
0,-13,random_position,-2.3291354179382324,8.97537612915039,-2.324418544769287,0.0004172558141320225,forget,for_002,M_npo_s0
1,-6,real,-2.3291354179382324,8.97537612915039,-1.7392501831054688,0.05218139964523132,forget,for_002,M_npo_s0
1,-5,real,-2.3291354179382324,8.97537612915039,-2.347168445587158,-0.001595206265552449,forget,for_002,M_npo_s0
1,-4,real,-2.3291354179382324,8.97537612915039,-2.0998339653015137,0.0202840654973521,forget,for_002,M_npo_s0
1,-3,real,-2.3291354179382324,8.97537612915039,-2.292572021484375,0.00323440745772638,forget,for_002,M_npo_s0
1,-2,real,-2.3291354179382324,8.97537612915039,-2.3163766860961914,0.0011286407014486986,forget,for_002,M_npo_s0
1,-1,real,-2.3291354179382324,8.97537612915039,-2.284801483154297,0.003921791277691548,forget,for_002,M_npo_s0
1,-3,random_position,-2.3291354179382324,8.97537612915039,-2.292572021484375,0.00323440745772638,forget,for_002,M_npo_s0
2,-6,real,-2.3291354179382324,8.97537612915039,-1.1615238189697266,0.10328722246024101,forget,for_002,M_npo_s0
2,-5,real,-2.3291354179382324,8.97537612915039,-2.4495677947998047,-0.010653479043292991,forget,for_002,M_npo_s0
2,-4,real,-2.3291354179382324,8.97537612915039,-2.0010972023010254,0.02901834495641613,forget,for_002,M_npo_s0
2,-3,real,-2.3291354179382324,8.97537612915039,-2.1794891357421875,0.013237748625643626,forget,for_002,M_npo_s0
2,-2,real,-2.3291354179382324,8.97537612915039,-2.2780838012695312,0.0045160391456143065,forget,for_002,M_npo_s0
2,-1,real,-2.3291354179382324,8.97537612915039,-2.2686948776245117,0.005346585746934518,forget,for_002,M_npo_s0
2,-9,random_position,-2.3291354179382324,8.97537612915039,-2.2931642532348633,0.0031820184847025255,forget,for_002,M_npo_s0
3,-6,real,-2.3291354179382324,8.97537612915039,-0.057419776916503906,0.20095655009585875,forget,for_002,M_npo_s0
3,-5,real,-2.3291354179382324,8.97537612915039,-2.2777137756347656,0.004548771708469791,forget,for_002,M_npo_s0
3,-4,real,-2.3291354179382324,8.97537612915039,-1.785346508026123,0.04810370688259922,forget,for_002,M_npo_s0
3,-3,real,-2.3291354179382324,8.97537612915039,-2.4240050315856934,-0.008392190432314059,forget,for_002,M_npo_s0
3,-2,real,-2.3291354179382324,8.97537612915039,-2.3116836547851562,0.0015437874586957028,forget,for_002,M_npo_s0
3,-1,real,-2.3291354179382324,8.97537612915039,-2.1632137298583984,0.014677475217632525,forget,for_002,M_npo_s0
3,-13,random_position,-2.3291354179382324,8.97537612915039,-2.2961416244506836,0.0029186394609014388,forget,for_002,M_npo_s0
4,-6,real,-2.3291354179382324,8.97537612915039,1.2110137939453125,0.3131625101303275,forget,for_002,M_npo_s0
4,-5,real,-2.3291354179382324,8.97537612915039,-2.2284717559814453,0.008904733436511209,forget,for_002,M_npo_s0
4,-4,real,-2.3291354179382324,8.97537612915039,-1.67857027053833,0.05754916032329142,forget,for_002,M_npo_s0
4,-3,real,-2.3291354179382324,8.97537612915039,-2.3915743827819824,-0.005523366895036752,forget,for_002,M_npo_s0
4,-2,real,-2.3291354179382324,8.97537612915039,-2.306222915649414,0.0020268458476402963,forget,for_002,M_npo_s0
4,-1,real,-2.3291354179382324,8.97537612915039,-2.1113553047180176,0.019264884848235853,forget,for_002,M_npo_s0
4,-10,random_position,-2.3291354179382324,8.97537612915039,-2.293825149536133,0.0031235554278498177,forget,for_002,M_npo_s0
5,-6,real,-2.3291354179382324,8.97537612915039,2.95101261138916,0.46708325320674715,forget,for_002,M_npo_s0
5,-5,real,-2.3291354179382324,8.97537612915039,-2.2237181663513184,0.00932523719824616,forget,for_002,M_npo_s0
5,-4,real,-2.3291354179382324,8.97537612915039,-1.4257755279541016,0.07991144829400287,forget,for_002,M_npo_s0
5,-3,real,-2.3291354179382324,8.97537612915039,-2.305845260620117,0.0020602533086989867,forget,for_002,M_npo_s0
5,-2,real,-2.3291354179382324,8.97537612915039,-2.3168396949768066,0.001087682816741643,forget,for_002,M_npo_s0
5,-1,real,-2.3291354179382324,8.97537612915039,-1.9822216033935547,0.030688085292285124,forget,for_002,M_npo_s0
5,-12,random_position,-2.3291354179382324,8.97537612915039,-2.316657543182373,0.0011037960113431829,forget,for_002,M_npo_s0
6,-6,real,-2.3291354179382324,8.97537612915039,4.235578536987305,0.5807162854918947,forget,for_002,M_npo_s0
6,-5,real,-2.3291354179382324,8.97537612915039,-2.2273898124694824,0.00900044243795334,forget,for_002,M_npo_s0
6,-4,real,-2.3291354179382324,8.97537612915039,-1.2517914772033691,0.09530212218787318,forget,for_002,M_npo_s0
6,-3,real,-2.3291354179382324,8.97537612915039,-2.204434394836426,0.011031084587986668,forget,for_002,M_npo_s0
6,-2,real,-2.3291354179382324,8.97537612915039,-2.3404674530029297,-0.0010024347374492028,forget,for_002,M_npo_s0
6,-1,real,-2.3291354179382324,8.97537612915039,-1.6189384460449219,0.06282420686068613,forget,for_002,M_npo_s0
6,-2,random_position,-2.3291354179382324,8.97537612915039,-2.3404674530029297,-0.0010024347374492028,forget,for_002,M_npo_s0
7,-6,real,-2.3291354179382324,8.97537612915039,5.043972015380859,0.6522269805826303,forget,for_002,M_npo_s0
7,-5,real,-2.3291354179382324,8.97537612915039,-2.1369094848632812,0.017004355497735525,forget,for_002,M_npo_s0
7,-4,real,-2.3291354179382324,8.97537612915039,-1.3098459243774414,0.0901666108539913,forget,for_002,M_npo_s0
7,-3,real,-2.3291354179382324,8.97537612915039,-1.9901037216186523,0.029990831086098072,forget,for_002,M_npo_s0
7,-2,real,-2.3291354179382324,8.97537612915039,-2.29164457321167,0.0033164497705535922,forget,for_002,M_npo_s0
7,-1,real,-2.3291354179382324,8.97537612915039,-1.1386699676513672,0.10530888002794415,forget,for_002,M_npo_s0
7,-8,random_position,-2.3291354179382324,8.97537612915039,-2.325226306915283,0.00034580096686760215,forget,for_002,M_npo_s0
8,-6,real,-2.3291354179382324,8.97537612915039,3.5585384368896484,0.5208251440412035,forget,for_002,M_npo_s0
8,-5,real,-2.3291354179382324,8.97537612915039,-2.0691113471984863,0.023001796199386696,forget,for_002,M_npo_s0
8,-4,real,-2.3291354179382324,8.97537612915039,-1.3215808868408203,0.08912853305518528,forget,for_002,M_npo_s0
8,-3,real,-2.3291354179382324,8.97537612915039,-1.8387951850891113,0.04337562315776517,forget,for_002,M_npo_s0
8,-2,real,-2.3291354179382324,8.97537612915039,-2.2083096504211426,0.010688278481895793,forget,for_002,M_npo_s0
8,-1,real,-2.3291354179382324,8.97537612915039,0.833216667175293,0.27974247909260275,forget,for_002,M_npo_s0
8,-5,random_position,-2.3291354179382324,8.97537612915039,-2.0691113471984863,0.023001796199386696,forget,for_002,M_npo_s0
9,-6,real,-2.3291354179382324,8.97537612915039,-0.8089427947998047,0.13447663057409498,forget,for_002,M_npo_s0
9,-5,real,-2.3291354179382324,8.97537612915039,-2.010349750518799,0.028199862160478224,forget,for_002,M_npo_s0
9,-4,real,-2.3291354179382324,8.97537612915039,-1.6635723114013672,0.05887588364738104,forget,for_002,M_npo_s0
9,-3,real,-2.3291354179382324,8.97537612915039,-1.3166699409484863,0.08956295659236135,forget,for_002,M_npo_s0
9,-2,real,-2.3291354179382324,8.97537612915039,-2.1555838584899902,0.015352415601976085,forget,for_002,M_npo_s0
9,-1,real,-2.3291354179382324,8.97537612915039,3.521007537841797,0.5175051510550831,forget,for_002,M_npo_s0
9,-12,random_position,-2.3291354179382324,8.97537612915039,-2.3246374130249023,0.0003978946719275544,forget,for_002,M_npo_s0
10,-6,real,-2.3291354179382324,8.97537612915039,-1.8442068099975586,0.042896909426003715,forget,for_002,M_npo_s0
10,-5,real,-2.3291354179382324,8.97537612915039,-1.8372845649719238,0.04350925300199993,forget,for_002,M_npo_s0
10,-4,real,-2.3291354179382324,8.97537612915039,-2.0769028663635254,0.02231255640936271,forget,for_002,M_npo_s0
10,-3,real,-2.3291354179382324,8.97537612915039,-1.1168265342712402,0.10724115576486024,forget,for_002,M_npo_s0
10,-2,real,-2.3291354179382324,8.97537612915039,-2.287137508392334,0.0037151458840974537,forget,for_002,M_npo_s0
10,-1,real,-2.3291354179382324,8.97537612915039,4.274005889892578,0.5841155790168918,forget,for_002,M_npo_s0
10,-6,random_position,-2.3291354179382324,8.97537612915039,-1.8442068099975586,0.042896909426003715,forget,for_002,M_npo_s0
11,-6,real,-2.3291354179382324,8.97537612915039,-2.3291354179382324,0.0,forget,for_002,M_npo_s0
11,-5,real,-2.3291354179382324,8.97537612915039,-2.3291354179382324,0.0,forget,for_002,M_npo_s0
11,-4,real,-2.3291354179382324,8.97537612915039,-2.3291354179382324,0.0,forget,for_002,M_npo_s0
11,-3,real,-2.3291354179382324,8.97537612915039,-2.3291354179382324,0.0,forget,for_002,M_npo_s0
11,-2,real,-2.3291354179382324,8.97537612915039,-2.3291354179382324,0.0,forget,for_002,M_npo_s0
11,-1,real,-2.3291354179382324,8.97537612915039,9.081501007080078,1.0093878340065936,forget,for_002,M_npo_s0
11,-6,random_position,-2.3291354179382324,8.97537612915039,-2.3291354179382324,0.0,forget,for_002,M_npo_s0
0,-6,real,-2.9521923065185547,8.773290634155273,-2.9802932739257812,-0.0023965722818758105,forget,for_002,M_npo_s0
0,-5,real,-2.9521923065185547,8.773290634155273,-2.9222707748413086,0.002551837892617035,forget,for_002,M_npo_s0
0,-4,real,-2.9521923065185547,8.773290634155273,-3.0069942474365234,-0.004673747017094671,forget,for_002,M_npo_s0
0,-3,real,-2.9521923065185547,8.773290634155273,-2.945773124694824,0.0005474556447874187,forget,for_002,M_npo_s0
0,-2,real,-2.9521923065185547,8.773290634155273,-2.9381651878356934,0.001196293470711001,forget,for_002,M_npo_s0
0,-1,real,-2.9521923065185547,8.773290634155273,-2.9253573417663574,0.0022886020889690654,forget,for_002,M_npo_s0
0,-11,random_position,-2.9521923065185547,8.773290634155273,-2.954411506652832,-0.0001892630048165686,forget,for_002,M_npo_s0
1,-6,real,-2.9521923065185547,8.773290634155273,-2.9283995628356934,0.002029148292078282,forget,for_002,M_npo_s0
1,-5,real,-2.9521923065185547,8.773290634155273,-2.692546844482422,0.022143690230059878,forget,for_002,M_npo_s0
1,-4,real,-2.9521923065185547,8.773290634155273,-3.013855457305908,-0.00525890072923597,forget,for_002,M_npo_s0
1,-3,real,-2.9521923065185547,8.773290634155273,-2.92510986328125,0.00230970812667852,forget,for_002,M_npo_s0
1,-2,real,-2.9521923065185547,8.773290634155273,-2.93400239944458,0.0015513141050145342,forget,for_002,M_npo_s0
1,-1,real,-2.9521923065185547,8.773290634155273,-2.952596664428711,-3.4485394947238975e-05,forget,for_002,M_npo_s0
1,-3,random_position,-2.9521923065185547,8.773290634155273,-2.92510986328125,0.00230970812667852,forget,for_002,M_npo_s0
2,-6,real,-2.9521923065185547,8.773290634155273,-3.1617579460144043,-0.017872665932496465,forget,for_002,M_npo_s0
2,-5,real,-2.9521923065185547,8.773290634155273,-2.5863423347473145,0.03120127107960433,forget,for_002,M_npo_s0
2,-4,real,-2.9521923065185547,8.773290634155273,-2.837573528289795,0.009775186131665888,forget,for_002,M_npo_s0
2,-3,real,-2.9521923065185547,8.773290634155273,-2.9156346321105957,0.0031177969037971347,forget,for_002,M_npo_s0
2,-2,real,-2.9521923065185547,8.773290634155273,-2.935123920440674,0.0014556659341231357,forget,for_002,M_npo_s0
2,-1,real,-2.9521923065185547,8.773290634155273,-2.973468780517578,-0.0018145499086625035,forget,for_002,M_npo_s0
2,-8,random_position,-2.9521923065185547,8.773290634155273,-2.737265110015869,0.01832992274946198,forget,for_002,M_npo_s0
3,-6,real,-2.9521923065185547,8.773290634155273,-2.978734016418457,-0.0022635920442844524,forget,for_002,M_npo_s0
3,-5,real,-2.9521923065185547,8.773290634155273,-2.4151129722595215,0.045804453170623,forget,for_002,M_npo_s0
3,-4,real,-2.9521923065185547,8.773290634155273,-3.155665874481201,-0.017353107670885704,forget,for_002,M_npo_s0
3,-3,real,-2.9521923065185547,8.773290634155273,-2.9059548377990723,0.003943331712085992,forget,for_002,M_npo_s0
3,-2,real,-2.9521923065185547,8.773290634155273,-2.9239559173583984,0.0024081216358439895,forget,for_002,M_npo_s0
3,-1,real,-2.9521923065185547,8.773290634155273,-2.9722323417663574,-0.0017091010535938823,forget,for_002,M_npo_s0
3,-11,random_position,-2.9521923065185547,8.773290634155273,-2.9273715019226074,0.002116825782062064,forget,for_002,M_npo_s0
4,-6,real,-2.9521923065185547,8.773290634155273,-2.8273448944091797,0.01064752835691733,forget,for_002,M_npo_s0
4,-5,real,-2.9521923065185547,8.773290634155273,-2.4849729537963867,0.039846491192397596,forget,for_002,M_npo_s0
4,-4,real,-2.9521923065185547,8.773290634155273,-3.067984104156494,-0.009875226310404342,forget,for_002,M_npo_s0
4,-3,real,-2.9521923065185547,8.773290634155273,-2.931504249572754,0.0017643671523359789,forget,for_002,M_npo_s0
4,-2,real,-2.9521923065185547,8.773290634155273,-2.923938751220703,0.002409585638459674,forget,for_002,M_npo_s0
4,-1,real,-2.9521923065185547,8.773290634155273,-2.8731508255004883,0.006741000043920078,forget,for_002,M_npo_s0
4,-8,random_position,-2.9521923065185547,8.773290634155273,-2.7690176963806152,0.01562192457783858,forget,for_002,M_npo_s0
5,-6,real,-2.9521923065185547,8.773290634155273,-2.866882801055908,0.007275564332341607,forget,for_002,M_npo_s0
5,-5,real,-2.9521923065185547,8.773290634155273,-2.3854527473449707,0.048334005690090165,forget,for_002,M_npo_s0
5,-4,real,-2.9521923065185547,8.773290634155273,-2.8999266624450684,0.00445744063062726,forget,for_002,M_npo_s0
5,-3,real,-2.9521923065185547,8.773290634155273,-2.9310474395751953,0.001803325888608921,forget,for_002,M_npo_s0
5,-2,real,-2.9521923065185547,8.773290634155273,-2.95114803314209,8.906015912081763e-05,forget,for_002,M_npo_s0
5,-1,real,-2.9521923065185547,8.773290634155273,-2.783419609069824,0.014393667050018462,forget,for_002,M_npo_s0
5,-10,random_position,-2.9521923065185547,8.773290634155273,-2.933260917663574,0.0016145508846642472,forget,for_002,M_npo_s0
6,-6,real,-2.9521923065185547,8.773290634155273,-2.8827743530273438,0.005920263910871521,forget,for_002,M_npo_s0
6,-5,real,-2.9521923065185547,8.773290634155273,-2.1781058311462402,0.0660174492845094,forget,for_002,M_npo_s0
6,-4,real,-2.9521923065185547,8.773290634155273,-2.722616195678711,0.019579245648252225,forget,for_002,M_npo_s0
6,-3,real,-2.9521923065185547,8.773290634155273,-2.9571642875671387,-0.0004240320909373358,forget,for_002,M_npo_s0
6,-2,real,-2.9521923065185547,8.773290634155273,-2.9341273307800293,0.001540659419311496,forget,for_002,M_npo_s0
6,-1,real,-2.9521923065185547,8.773290634155273,-2.606801986694336,0.02945638329540482,forget,for_002,M_npo_s0
6,-2,random_position,-2.9521923065185547,8.773290634155273,-2.9341273307800293,0.001540659419311496,forget,for_002,M_npo_s0
7,-6,real,-2.9521923065185547,8.773290634155273,-2.7723388671875,0.01533868073844292,forget,for_002,M_npo_s0
7,-5,real,-2.9521923065185547,8.773290634155273,-2.2228775024414062,0.062199127129107135,forget,for_002,M_npo_s0
7,-4,real,-2.9521923065185547,8.773290634155273,-2.495966911315918,0.03890887885053021,forget,for_002,M_npo_s0
7,-3,real,-2.9521923065185547,8.773290634155273,-2.9608874320983887,-0.0007415579915836117,forget,for_002,M_npo_s0
7,-2,real,-2.9521923065185547,8.773290634155273,-2.9083590507507324,0.003738290012411489,forget,for_002,M_npo_s0
7,-1,real,-2.9521923065185547,8.773290634155273,-2.1731929779052734,0.06643643869977048,forget,for_002,M_npo_s0
7,-7,random_position,-2.9521923065185547,8.773290634155273,4.098405838012695,0.6013055649992761,forget,for_002,M_npo_s0
8,-6,real,-2.9521923065185547,8.773290634155273,-2.696089267730713,0.021841577023617616,forget,for_002,M_npo_s0
8,-5,real,-2.9521923065185547,8.773290634155273,-2.2337403297424316,0.06127269814055401,forget,for_002,M_npo_s0
8,-4,real,-2.9521923065185547,8.773290634155273,-2.31439208984375,0.05439436651793485,forget,for_002,M_npo_s0
8,-3,real,-2.9521923065185547,8.773290634155273,-2.90045166015625,0.004412666550630904,forget,for_002,M_npo_s0
8,-2,real,-2.9521923065185547,8.773290634155273,-2.868741512298584,0.007117045382454417,forget,for_002,M_npo_s0
8,-1,real,-2.9521923065185547,8.773290634155273,-0.6285295486450195,0.1981720300673604,forget,for_002,M_npo_s0
8,-5,random_position,-2.9521923065185547,8.773290634155273,-2.2337403297424316,0.06127269814055401,forget,for_002,M_npo_s0
9,-6,real,-2.9521923065185547,8.773290634155273,-2.6293721199035645,0.027531504522954747,forget,for_002,M_npo_s0
9,-5,real,-2.9521923065185547,8.773290634155273,-2.804063320159912,0.01263308190443967,forget,for_002,M_npo_s0
9,-4,real,-2.9521923065185547,8.773290634155273,-1.7827801704406738,0.09973253485546228,forget,for_002,M_npo_s0
9,-3,real,-2.9521923065185547,8.773290634155273,-2.8537073135375977,0.008399227006618918,forget,for_002,M_npo_s0
9,-2,real,-2.9521923065185547,8.773290634155273,-2.8137526512145996,0.01180673376136432,forget,for_002,M_npo_s0
9,-1,real,-2.9521923065185547,8.773290634155273,2.4180068969726562,0.45799386094903155,forget,for_002,M_npo_s0
9,-10,random_position,-2.9521923065185547,8.773290634155273,-2.942575454711914,0.0008201667986980136,forget,for_002,M_npo_s0
10,-6,real,-2.9521923065185547,8.773290634155273,-2.4908432960510254,0.03934584296457276,forget,for_002,M_npo_s0
10,-5,real,-2.9521923065185547,8.773290634155273,-2.956846237182617,-0.00039690737580784475,forget,for_002,M_npo_s0
10,-4,real,-2.9521923065185547,8.773290634155273,-1.6775507926940918,0.10870695222308797,forget,for_002,M_npo_s0
10,-3,real,-2.9521923065185547,8.773290634155273,-2.942873954772949,0.0007947094198808302,forget,for_002,M_npo_s0
10,-2,real,-2.9521923065185547,8.773290634155273,-2.8407230377197266,0.009506582318427076,forget,for_002,M_npo_s0
10,-1,real,-2.9521923065185547,8.773290634155273,3.655620574951172,0.5635429188633484,forget,for_002,M_npo_s0
10,-5,random_position,-2.9521923065185547,8.773290634155273,-2.956846237182617,-0.00039690737580784475,forget,for_002,M_npo_s0
11,-6,real,-2.9521923065185547,8.773290634155273,-2.9521923065185547,0.0,forget,for_002,M_npo_s0
11,-5,real,-2.9521923065185547,8.773290634155273,-2.9521923065185547,0.0,forget,for_002,M_npo_s0
11,-4,real,-2.9521923065185547,8.773290634155273,-2.9521923065185547,0.0,forget,for_002,M_npo_s0
11,-3,real,-2.9521923065185547,8.773290634155273,-2.9521923065185547,0.0,forget,for_002,M_npo_s0
11,-2,real,-2.9521923065185547,8.773290634155273,-2.9521923065185547,0.0,forget,for_002,M_npo_s0
11,-1,real,-2.9521923065185547,8.773290634155273,8.550088882446289,0.9809643873230387,forget,for_002,M_npo_s0
11,-6,random_position,-2.9521923065185547,8.773290634155273,-2.9521923065185547,0.0,forget,for_002,M_npo_s0
0,-6,real,-23.82322120666504,9.489002227783203,-23.80438995361328,0.0005652955915360598,forget,for_003,M_npo_s0
0,-5,real,-23.82322120666504,9.489002227783203,-23.75425148010254,0.002070402976799749,forget,for_003,M_npo_s0
0,-4,real,-23.82322120666504,9.489002227783203,-23.80681037902832,0.0004926368145017987,forget,for_003,M_npo_s0
0,-3,real,-23.82322120666504,9.489002227783203,-23.822908401489258,9.390101996547535e-06,forget,for_003,M_npo_s0
0,-2,real,-23.82322120666504,9.489002227783203,-23.80730438232422,0.00047780732415359255,forget,for_003,M_npo_s0
0,-1,real,-23.82322120666504,9.489002227783203,-23.766571044921875,0.001700581825606453,forget,for_003,M_npo_s0
0,-15,random_position,-23.82322120666504,9.489002227783203,-23.809907913208008,0.00039965190204818165,forget,for_003,M_npo_s0
1,-6,real,-23.82322120666504,9.489002227783203,-23.791982650756836,0.0009377505518259483,forget,for_003,M_npo_s0
1,-5,real,-23.82322120666504,9.489002227783203,-23.71257972717285,0.0033213477842422524,forget,for_003,M_npo_s0
1,-4,real,-23.82322120666504,9.489002227783203,-23.80906867980957,0.0004248448586242848,forget,for_003,M_npo_s0
1,-3,real,-23.82322120666504,9.489002227783203,-23.79852294921875,0.0007414172606908172,forget,for_003,M_npo_s0
1,-2,real,-23.82322120666504,9.489002227783203,-23.755205154418945,0.0020417746170541774,forget,for_003,M_npo_s0
1,-1,real,-23.82322120666504,9.489002227783203,-23.700563430786133,0.0036820651170364565,forget,for_003,M_npo_s0
1,-3,random_position,-23.82322120666504,9.489002227783203,-23.79852294921875,0.0007414172606908172,forget,for_003,M_npo_s0
2,-6,real,-23.82322120666504,9.489002227783203,-23.783193588256836,0.0012015895152411376,forget,for_003,M_npo_s0
2,-5,real,-23.82322120666504,9.489002227783203,-23.710948944091797,0.00337030227940718,forget,for_003,M_npo_s0
2,-4,real,-23.82322120666504,9.489002227783203,-23.765377044677734,0.001736424532007909,forget,for_003,M_npo_s0
2,-3,real,-23.82322120666504,9.489002227783203,-23.80072784423828,0.0006752284929590554,forget,for_003,M_npo_s0
2,-2,real,-23.82322120666504,9.489002227783203,-23.693937301635742,0.003880974960548689,forget,for_003,M_npo_s0
2,-1,real,-23.82322120666504,9.489002227783203,-23.605037689208984,0.006549653399311396,forget,for_003,M_npo_s0
2,-10,random_position,-23.82322120666504,9.489002227783203,-22.9608154296875,0.025888568461201043,forget,for_003,M_npo_s0
3,-6,real,-23.82322120666504,9.489002227783203,-23.74972915649414,0.0022061586587132503,forget,for_003,M_npo_s0
3,-5,real,-23.82322120666504,9.489002227783203,-23.72052001953125,0.0030829880610006217,forget,for_003,M_npo_s0
3,-4,real,-23.82322120666504,9.489002227783203,-23.790618896484375,0.000978689106262116,forget,for_003,M_npo_s0
3,-3,real,-23.82322120666504,9.489002227783203,-23.824108123779297,-2.662437456338173e-05,forget,for_003,M_npo_s0
3,-2,real,-23.82322120666504,9.489002227783203,-23.727907180786133,0.002861232786411423,forget,for_003,M_npo_s0
3,-1,real,-23.82322120666504,9.489002227783203,-23.470163345336914,0.010598447804688627,forget,for_003,M_npo_s0
3,-15,random_position,-23.82322120666504,9.489002227783203,-23.69748306274414,0.003774534719014653,forget,for_003,M_npo_s0
4,-6,real,-23.82322120666504,9.489002227783203,-23.780641555786133,0.0012781990059202875,forget,for_003,M_npo_s0
4,-5,real,-23.82322120666504,9.489002227783203,-23.751264572143555,0.00216006699952288,forget,for_003,M_npo_s0
4,-4,real,-23.82322120666504,9.489002227783203,-23.81917953491211,0.00012132698860173308,forget,for_003,M_npo_s0
4,-3,real,-23.82322120666504,9.489002227783203,-23.80320167541504,0.0006009665277790422,forget,for_003,M_npo_s0
4,-2,real,-23.82322120666504,9.489002227783203,-23.729917526245117,0.002800884204067758,forget,for_003,M_npo_s0
4,-1,real,-23.82322120666504,9.489002227783203,-23.27434539794922,0.016476708911246873,forget,for_003,M_npo_s0
4,-11,random_position,-23.82322120666504,9.489002227783203,-23.28392219543457,0.016189222922681844,forget,for_003,M_npo_s0
5,-6,real,-23.82322120666504,9.489002227783203,-23.726787567138672,0.0028948424807527244,forget,for_003,M_npo_s0
5,-5,real,-23.82322120666504,9.489002227783203,-23.756935119628906,0.00198984277247571,forget,for_003,M_npo_s0
5,-4,real,-23.82322120666504,9.489002227783203,-23.84255027770996,-0.0005802395953232482,forget,for_003,M_npo_s0
5,-3,real,-23.82322120666504,9.489002227783203,-23.795848846435547,0.0008216911814174004,forget,for_003,M_npo_s0
5,-2,real,-23.82322120666504,9.489002227783203,-23.763273239135742,0.0017995786936066403,forget,for_003,M_npo_s0
5,-1,real,-23.82322120666504,9.489002227783203,-22.97336196899414,0.0255119337603883,forget,for_003,M_npo_s0
5,-13,random_position,-23.82322120666504,9.489002227783203,-23.824188232421875,-2.9029156782009754e-05,forget,for_003,M_npo_s0
6,-6,real,-23.82322120666504,9.489002227783203,-23.69900894165039,0.003728729343421738,forget,for_003,M_npo_s0
6,-5,real,-23.82322120666504,9.489002227783203,-23.762285232543945,0.0018292376743030527,forget,for_003,M_npo_s0
6,-4,real,-23.82322120666504,9.489002227783203,-23.816654205322266,0.0001971348852080071,forget,for_003,M_npo_s0
6,-3,real,-23.82322120666504,9.489002227783203,-23.778949737548828,0.001328985716108932,forget,for_003,M_npo_s0
6,-2,real,-23.82322120666504,9.489002227783203,-23.7293643951416,0.0028174886527201895,forget,for_003,M_npo_s0
6,-1,real,-23.82322120666504,9.489002227783203,-21.952316284179688,0.05616271535182622,forget,for_003,M_npo_s0
6,-2,random_position,-23.82322120666504,9.489002227783203,-23.7293643951416,0.0028174886527201895,forget,for_003,M_npo_s0
7,-6,real,-23.82322120666504,9.489002227783203,-23.655771255493164,0.005026681917566471,forget,for_003,M_npo_s0
7,-5,real,-23.82322120666504,9.489002227783203,-23.739168167114258,0.002523189114535712,forget,for_003,M_npo_s0
7,-4,real,-23.82322120666504,9.489002227783203,-23.762969970703125,0.0018086825120057321,forget,for_003,M_npo_s0
7,-3,real,-23.82322120666504,9.489002227783203,-23.751928329467773,0.0021401416611399617,forget,for_003,M_npo_s0
7,-2,real,-23.82322120666504,9.489002227783203,-23.702747344970703,0.003616506173219097,forget,for_003,M_npo_s0
7,-1,real,-23.82322120666504,9.489002227783203,-19.894649505615234,0.11793183690606675,forget,for_003,M_npo_s0
7,-9,random_position,-23.82322120666504,9.489002227783203,-18.476118087768555,0.1605147470693005,forget,for_003,M_npo_s0
8,-6,real,-23.82322120666504,9.489002227783203,-23.564781188964844,0.007758113720891471,forget,for_003,M_npo_s0
8,-5,real,-23.82322120666504,9.489002227783203,-23.739093780517578,0.0025254221265958664,forget,for_003,M_npo_s0
8,-4,real,-23.82322120666504,9.489002227783203,-23.60281753540039,0.006616300220799088,forget,for_003,M_npo_s0
8,-3,real,-23.82322120666504,9.489002227783203,-23.669614791870117,0.0046111126474997505,forget,for_003,M_npo_s0
8,-2,real,-23.82322120666504,9.489002227783203,-23.61869239807129,0.0061397525444743,forget,for_003,M_npo_s0
8,-1,real,-23.82322120666504,9.489002227783203,-15.033859252929688,0.2638479527201494,forget,for_003,M_npo_s0
8,-6,random_position,-23.82322120666504,9.489002227783203,-23.564781188964844,0.007758113720891471,forget,for_003,M_npo_s0
9,-6,real,-23.82322120666504,9.489002227783203,-23.070743560791016,0.02258863469004848,forget,for_003,M_npo_s0
9,-5,real,-23.82322120666504,9.489002227783203,-22.813831329345703,0.030300885778627544,forget,for_003,M_npo_s0
9,-4,real,-23.82322120666504,9.489002227783203,-23.237913131713867,0.017570369510247208,forget,for_003,M_npo_s0
9,-3,real,-23.82322120666504,9.489002227783203,-23.050037384033203,0.02321021363684433,forget,for_003,M_npo_s0
9,-2,real,-23.82322120666504,9.489002227783203,-23.138288497924805,0.020561002482708614,forget,for_003,M_npo_s0
9,-1,real,-23.82322120666504,9.489002227783203,-6.159427642822266,0.5302496123863232,forget,for_003,M_npo_s0
9,-14,random_position,-23.82322120666504,9.489002227783203,-23.798505783081055,0.0007419325711662375,forget,for_003,M_npo_s0
10,-6,real,-23.82322120666504,9.489002227783203,-23.047670364379883,0.023281269225732842,forget,for_003,M_npo_s0
10,-5,real,-23.82322120666504,9.489002227783203,-22.686893463134766,0.034111434974202125,forget,for_003,M_npo_s0
10,-4,real,-23.82322120666504,9.489002227783203,-23.17951202392578,0.01932351300434653,forget,for_003,M_npo_s0
10,-3,real,-23.82322120666504,9.489002227783203,-22.62085723876953,0.036093777116424496,forget,for_003,M_npo_s0
10,-2,real,-23.82322120666504,9.489002227783203,-23.532888412475586,0.008715503327502882,forget,for_003,M_npo_s0
10,-1,real,-23.82322120666504,9.489002227783203,3.5162124633789062,0.8207027586688248,forget,for_003,M_npo_s0
10,-7,random_position,-23.82322120666504,9.489002227783203,-18.446277618408203,0.16141052844573944,forget,for_003,M_npo_s0
11,-6,real,-23.82322120666504,9.489002227783203,-23.82322120666504,0.0,forget,for_003,M_npo_s0
11,-5,real,-23.82322120666504,9.489002227783203,-23.82322120666504,0.0,forget,for_003,M_npo_s0
11,-4,real,-23.82322120666504,9.489002227783203,-23.82322120666504,0.0,forget,for_003,M_npo_s0
11,-3,real,-23.82322120666504,9.489002227783203,-23.82322120666504,0.0,forget,for_003,M_npo_s0
11,-2,real,-23.82322120666504,9.489002227783203,-23.82322120666504,0.0,forget,for_003,M_npo_s0
11,-1,real,-23.82322120666504,9.489002227783203,9.477874755859375,0.9996659642984886,forget,for_003,M_npo_s0
11,-7,random_position,-23.82322120666504,9.489002227783203,-23.82322120666504,0.0,forget,for_003,M_npo_s0
0,-6,real,-24.38311767578125,9.362415313720703,-23.518024444580078,0.02563578508214102,forget,for_003,M_npo_s0
0,-5,real,-24.38311767578125,9.362415313720703,-24.13427734375,0.007374022870187377,forget,for_003,M_npo_s0
0,-4,real,-24.38311767578125,9.362415313720703,-22.901199340820312,0.04391450374845032,forget,for_003,M_npo_s0
0,-3,real,-24.38311767578125,9.362415313720703,-24.35212516784668,0.0009184180894168098,forget,for_003,M_npo_s0
0,-2,real,-24.38311767578125,9.362415313720703,-24.36903953552246,0.0004171852986636392,forget,for_003,M_npo_s0
0,-1,real,-24.38311767578125,9.362415313720703,-24.347148895263672,0.0010658827207964921,forget,for_003,M_npo_s0
0,-12,random_position,-24.38311767578125,9.362415313720703,-24.363737106323242,0.000574315109026045,forget,for_003,M_npo_s0
1,-6,real,-24.38311767578125,9.362415313720703,-22.806419372558594,0.04672317084792107,forget,for_003,M_npo_s0
1,-5,real,-24.38311767578125,9.362415313720703,-23.7119197845459,0.019889977480698186,forget,for_003,M_npo_s0
1,-4,real,-24.38311767578125,9.362415313720703,-22.152976989746094,0.06608698954996327,forget,for_003,M_npo_s0
1,-3,real,-24.38311767578125,9.362415313720703,-24.328767776489258,0.0016105805562146593,forget,for_003,M_npo_s0
1,-2,real,-24.38311767578125,9.362415313720703,-24.331029891967773,0.001543546039995302,forget,for_003,M_npo_s0
1,-1,real,-24.38311767578125,9.362415313720703,-24.26677894592285,0.0034475297780773165,forget,for_003,M_npo_s0
1,-3,random_position,-24.38311767578125,9.362415313720703,-24.328767776489258,0.0016105805562146593,forget,for_003,M_npo_s0
2,-6,real,-24.38311767578125,9.362415313720703,-22.257976531982422,0.06297548017570052,forget,for_003,M_npo_s0
2,-5,real,-24.38311767578125,9.362415313720703,-23.254743576049805,0.033437732338750616,forget,for_003,M_npo_s0
2,-4,real,-24.38311767578125,9.362415313720703,-20.448549270629883,0.11659523666066823,forget,for_003,M_npo_s0
2,-3,real,-24.38311767578125,9.362415313720703,-24.329179763793945,0.0015983719090785875,forget,for_003,M_npo_s0
2,-2,real,-24.38311767578125,9.362415313720703,-24.308481216430664,0.0022117433846371585,forget,for_003,M_npo_s0
2,-1,real,-24.38311767578125,9.362415313720703,-24.171573638916016,0.006268801175285764,forget,for_003,M_npo_s0
2,-8,random_position,-24.38311767578125,9.362415313720703,-24.16490364074707,0.006466456911558186,forget,for_003,M_npo_s0
3,-6,real,-24.38311767578125,9.362415313720703,-21.863956451416016,0.07465169464500476,forget,for_003,M_npo_s0
3,-5,real,-24.38311767578125,9.362415313720703,-22.962642669677734,0.04209371967974006,forget,for_003,M_npo_s0
3,-4,real,-24.38311767578125,9.362415313720703,-17.661935806274414,0.1991724911145353,forget,for_003,M_npo_s0
3,-3,real,-24.38311767578125,9.362415313720703,-24.343259811401367,0.0011811300889004294,forget,for_003,M_npo_s0
3,-2,real,-24.38311767578125,9.362415313720703,-24.3126220703125,0.002089035176616733,forget,for_003,M_npo_s0
3,-1,real,-24.38311767578125,9.362415313720703,-24.03765106201172,0.010237402795712369,forget,for_003,M_npo_s0
3,-12,random_position,-24.38311767578125,9.362415313720703,-24.276586532592773,0.0031568961504213847,forget,for_003,M_npo_s0
4,-6,real,-24.38311767578125,9.362415313720703,-21.09912872314453,0.09731625675191882,forget,for_003,M_npo_s0
4,-5,real,-24.38311767578125,9.362415313720703,-21.59038734436035,0.08275851895092903,forget,for_003,M_npo_s0
4,-4,real,-24.38311767578125,9.362415313720703,-13.140308380126953,0.33316437168593166,forget,for_003,M_npo_s0
4,-3,real,-24.38311767578125,9.362415313720703,-24.330326080322266,0.001564402478852758,forget,for_003,M_npo_s0
4,-2,real,-24.38311767578125,9.362415313720703,-24.34272575378418,0.0011969561129657076,forget,for_003,M_npo_s0
4,-1,real,-24.38311767578125,9.362415313720703,-23.87380027770996,0.015092883500454263,forget,for_003,M_npo_s0
4,-9,random_position,-24.38311767578125,9.362415313720703,-24.32424545288086,0.001744593067138855,forget,for_003,M_npo_s0
5,-6,real,-24.38311767578125,9.362415313720703,-20.47505760192871,0.11580970065188524,forget,for_003,M_npo_s0
5,-5,real,-24.38311767578125,9.362415313720703,-19.543031692504883,0.14342893872152176,forget,for_003,M_npo_s0
5,-4,real,-24.38311767578125,9.362415313720703,-7.072681427001953,0.5129697093290682,forget,for_003,M_npo_s0
5,-3,real,-24.38311767578125,9.362415313720703,-24.32176971435547,0.0018179579929843235,forget,for_003,M_npo_s0
5,-2,real,-24.38311767578125,9.362415313720703,-24.36585807800293,0.0005114631848810826,forget,for_003,M_npo_s0
5,-1,real,-24.38311767578125,9.362415313720703,-23.67760467529297,0.020906856048406832,forget,for_003,M_npo_s0
5,-11,random_position,-24.38311767578125,9.362415313720703,-24.387632369995117,-0.0001337864248661203,forget,for_003,M_npo_s0
6,-6,real,-24.38311767578125,9.362415313720703,-20.026979446411133,0.12908784788568275,forget,for_003,M_npo_s0
6,-5,real,-24.38311767578125,9.362415313720703,-17.747913360595703,0.19662467080456905,forget,for_003,M_npo_s0
6,-4,real,-24.38311767578125,9.362415313720703,-3.478832244873047,0.6194682252436614,forget,for_003,M_npo_s0
6,-3,real,-24.38311767578125,9.362415313720703,-24.28820037841797,0.002812736648516101,forget,for_003,M_npo_s0
6,-2,real,-24.38311767578125,9.362415313720703,-24.395687103271484,-0.0003724767806792281,forget,for_003,M_npo_s0
6,-1,real,-24.38311767578125,9.362415313720703,-22.683008193969727,0.05038028240183428,forget,for_003,M_npo_s0
6,-2,random_position,-24.38311767578125,9.362415313720703,-24.395687103271484,-0.0003724767806792281,forget,for_003,M_npo_s0
7,-6,real,-24.38311767578125,9.362415313720703,-19.123191833496094,0.1558702849328677,forget,for_003,M_npo_s0
7,-5,real,-24.38311767578125,9.362415313720703,-16.742191314697266,0.22642778715218498,forget,for_003,M_npo_s0
7,-4,real,-24.38311767578125,9.362415313720703,0.6871414184570312,0.7429208216103003,forget,for_003,M_npo_s0
7,-3,real,-24.38311767578125,9.362415313720703,-24.262130737304688,0.0035852727089597564,forget,for_003,M_npo_s0
7,-2,real,-24.38311767578125,9.362415313720703,-24.41654396057129,-0.0009905395419428638,forget,for_003,M_npo_s0
7,-1,real,-24.38311767578125,9.362415313720703,-20.490076065063477,0.1153646502465638,forget,for_003,M_npo_s0
7,-8,random_position,-24.38311767578125,9.362415313720703,-24.407733917236328,-0.000729466666380291,forget,for_003,M_npo_s0
8,-6,real,-24.38311767578125,9.362415313720703,-18.7773494720459,0.1661188224669403,forget,for_003,M_npo_s0
8,-5,real,-24.38311767578125,9.362415313720703,-16.105121612548828,0.24530642517359735,forget,for_003,M_npo_s0
8,-4,real,-24.38311767578125,9.362415313720703,-1.3933792114257812,0.6812676057452537,forget,for_003,M_npo_s0
8,-3,real,-24.38311767578125,9.362415313720703,-24.23064422607422,0.004518329870636949,forget,for_003,M_npo_s0
8,-2,real,-24.38311767578125,9.362415313720703,-24.412689208984375,-0.0008763095611002659,forget,for_003,M_npo_s0
8,-1,real,-24.38311767578125,9.362415313720703,-16.368919372558594,0.23748916058655314,forget,for_003,M_npo_s0
8,-5,random_position,-24.38311767578125,9.362415313720703,-16.105121612548828,0.24530642517359735,forget,for_003,M_npo_s0
9,-6,real,-24.38311767578125,9.362415313720703,-18.615766525268555,0.17090709909091925,forget,for_003,M_npo_s0
9,-5,real,-24.38311767578125,9.362415313720703,-22.997451782226562,0.041062202039771026,forget,for_003,M_npo_s0
9,-4,real,-24.38311767578125,9.362415313720703,-11.411798477172852,0.3843862594389516,forget,for_003,M_npo_s0
9,-3,real,-24.38311767578125,9.362415313720703,-24.15317726135254,0.006813951182820082,forget,for_003,M_npo_s0
9,-2,real,-24.38311767578125,9.362415313720703,-24.276567459106445,0.0031574613655665734,forget,for_003,M_npo_s0
9,-1,real,-24.38311767578125,9.362415313720703,-7.718955993652344,0.49381829847858777,forget,for_003,M_npo_s0
9,-11,random_position,-24.38311767578125,9.362415313720703,-24.36493492126465,0.0005388195979082066,forget,for_003,M_npo_s0
10,-6,real,-24.38311767578125,9.362415313720703,-18.467418670654297,0.17530317292565195,forget,for_003,M_npo_s0
10,-5,real,-24.38311767578125,9.362415313720703,-24.25186538696289,0.003889471500100213,forget,for_003,M_npo_s0
10,-4,real,-24.38311767578125,9.362415313720703,-16.835906982421875,0.22365065905781575,forget,for_003,M_npo_s0
10,-3,real,-24.38311767578125,9.362415313720703,-24.173229217529297,0.0062197405006834015,forget,for_003,M_npo_s0
10,-2,real,-24.38311767578125,9.362415313720703,-24.231008529663086,0.004507534261363849,forget,for_003,M_npo_s0
10,-1,real,-24.38311767578125,9.362415313720703,-1.205291748046875,0.6868413053349867,forget,for_003,M_npo_s0
10,-6,random_position,-24.38311767578125,9.362415313720703,-18.467418670654297,0.17530317292565195,forget,for_003,M_npo_s0
11,-6,real,-24.38311767578125,9.362415313720703,-24.38311767578125,0.0,forget,for_003,M_npo_s0
11,-5,real,-24.38311767578125,9.362415313720703,-24.38311767578125,0.0,forget,for_003,M_npo_s0
11,-4,real,-24.38311767578125,9.362415313720703,-24.38311767578125,0.0,forget,for_003,M_npo_s0
11,-3,real,-24.38311767578125,9.362415313720703,-24.38311767578125,0.0,forget,for_003,M_npo_s0
11,-2,real,-24.38311767578125,9.362415313720703,-24.38311767578125,0.0,forget,for_003,M_npo_s0
11,-1,real,-24.38311767578125,9.362415313720703,9.3524169921875,0.9997037142208922,forget,for_003,M_npo_s0
11,-6,random_position,-24.38311767578125,9.362415313720703,-24.38311767578125,0.0,forget,for_003,M_npo_s0
0,-6,real,-25.086566925048828,8.934595108032227,-25.051435470581055,0.0010326353471881052,forget,for_003,M_npo_s0
0,-5,real,-25.086566925048828,8.934595108032227,-24.765817642211914,0.009427934369937984,forget,for_003,M_npo_s0
0,-4,real,-25.086566925048828,8.934595108032227,-24.027875900268555,0.03111860270236617,forget,for_003,M_npo_s0
0,-3,real,-25.086566925048828,8.934595108032227,-24.910343170166016,0.005179827623508519,forget,for_003,M_npo_s0
0,-2,real,-25.086566925048828,8.934595108032227,-23.482425689697266,0.047151277013752456,forget,for_003,M_npo_s0
0,-1,real,-25.086566925048828,8.934595108032227,-25.051984786987305,0.0010164890319706572,forget,for_003,M_npo_s0
0,-13,random_position,-25.086566925048828,8.934595108032227,-25.08209228515625,0.00013152519270879498,forget,for_003,M_npo_s0
1,-6,real,-25.086566925048828,8.934595108032227,-24.89280891418457,0.005695220247793239,forget,for_003,M_npo_s0
1,-5,real,-25.086566925048828,8.934595108032227,-24.27727699279785,0.023787839212077756,forget,for_003,M_npo_s0
1,-4,real,-25.086566925048828,8.934595108032227,-23.32535171508789,0.0517682261484305,forget,for_003,M_npo_s0
1,-3,real,-25.086566925048828,8.934595108032227,-24.700071334838867,0.011360446472526287,forget,for_003,M_npo_s0
1,-2,real,-25.086566925048828,8.934595108032227,-22.709095001220703,0.06988214927862693,forget,for_003,M_npo_s0
1,-1,real,-25.086566925048828,8.934595108032227,-25.030057907104492,0.0016609961144004556,forget,for_003,M_npo_s0
1,-3,random_position,-25.086566925048828,8.934595108032227,-24.700071334838867,0.011360446472526287,forget,for_003,M_npo_s0
2,-6,real,-25.086566925048828,8.934595108032227,-24.829486846923828,0.007556475521765653,forget,for_003,M_npo_s0
2,-5,real,-25.086566925048828,8.934595108032227,-24.156959533691406,0.02732438681704941,forget,for_003,M_npo_s0
2,-4,real,-25.086566925048828,8.934595108032227,-22.771800994873047,0.06803900254567964,forget,for_003,M_npo_s0
2,-3,real,-25.086566925048828,8.934595108032227,-24.42320442199707,0.0194985257236871,forget,for_003,M_npo_s0
2,-2,real,-25.086566925048828,8.934595108032227,-21.051877975463867,0.11859350793667078,forget,for_003,M_npo_s0
2,-1,real,-25.086566925048828,8.934595108032227,-24.989194869995117,0.002862102563076169,forget,for_003,M_npo_s0
2,-9,random_position,-25.086566925048828,8.934595108032227,-25.092756271362305,-0.00018192636416881487,forget,for_003,M_npo_s0
3,-6,real,-25.086566925048828,8.934595108032227,-24.71986198425293,0.01077873061594212,forget,for_003,M_npo_s0
3,-5,real,-25.086566925048828,8.934595108032227,-23.76335334777832,0.03889383836989044,forget,for_003,M_npo_s0
3,-4,real,-25.086566925048828,8.934595108032227,-22.502986907958984,0.07594038130084022,forget,for_003,M_npo_s0
3,-3,real,-25.086566925048828,8.934595108032227,-24.26686668395996,0.0240938343108862,forget,for_003,M_npo_s0
3,-2,real,-25.086566925048828,8.934595108032227,-18.53375244140625,0.19260995486488197,forget,for_003,M_npo_s0
3,-1,real,-25.086566925048828,8.934595108032227,-24.964237213134766,0.0035956946971744566,forget,for_003,M_npo_s0
3,-13,random_position,-25.086566925048828,8.934595108032227,-24.953155517578125,0.003921424181248668,forget,for_003,M_npo_s0
4,-6,real,-25.086566925048828,8.934595108032227,-24.690845489501953,0.011631626079147106,forget,for_003,M_npo_s0
4,-5,real,-25.086566925048828,8.934595108032227,-23.741226196289062,0.03954423212974327,forget,for_003,M_npo_s0
4,-4,real,-25.086566925048828,8.934595108032227,-21.65903663635254,0.10074700815226334,forget,for_003,M_npo_s0
4,-3,real,-25.086566925048828,8.934595108032227,-23.34171485900879,0.05128725657117186,forget,for_003,M_npo_s0
4,-2,real,-25.086566925048828,8.934595108032227,-14.09376335144043,0.32311664025230413,forget,for_003,M_npo_s0
4,-1,real,-25.086566925048828,8.934595108032227,-24.844192504882812,0.00712422520813189,forget,for_003,M_npo_s0
4,-10,random_position,-25.086566925048828,8.934595108032227,-25.05320930480957,0.0009804962042984295,forget,for_003,M_npo_s0
5,-6,real,-25.086566925048828,8.934595108032227,-24.734474182128906,0.010349227418439104,forget,for_003,M_npo_s0
5,-5,real,-25.086566925048828,8.934595108032227,-23.921043395996094,0.03425878069418727,forget,for_003,M_npo_s0
5,-4,real,-25.086566925048828,8.934595108032227,-20.729690551757812,0.12806371425686555,forget,for_003,M_npo_s0
5,-3,real,-25.086566925048828,8.934595108032227,-21.79872703552246,0.09664102261790412,forget,for_003,M_npo_s0
5,-2,real,-25.086566925048828,8.934595108032227,-8.20438003540039,0.4962260511040968,forget,for_003,M_npo_s0
5,-1,real,-25.086566925048828,8.934595108032227,-24.639728546142578,0.013134130411881849,forget,for_003,M_npo_s0
5,-12,random_position,-25.086566925048828,8.934595108032227,-25.07293128967285,0.000400798637116443,forget,for_003,M_npo_s0
6,-6,real,-25.086566925048828,8.934595108032227,-24.90141487121582,0.005442261309386554,forget,for_003,M_npo_s0
6,-5,real,-25.086566925048828,8.934595108032227,-23.903074264526367,0.03478695581801914,forget,for_003,M_npo_s0
6,-4,real,-25.086566925048828,8.934595108032227,-20.156362533569336,0.14491581406553733,forget,for_003,M_npo_s0
6,-3,real,-25.086566925048828,8.934595108032227,-20.320301055908203,0.1400970920542357,forget,for_003,M_npo_s0
6,-2,real,-25.086566925048828,8.934595108032227,-4.82745361328125,0.5954856360305473,forget,for_003,M_npo_s0
6,-1,real,-25.086566925048828,8.934595108032227,-23.7227783203125,0.040086479215795896,forget,for_003,M_npo_s0
6,-2,random_position,-25.086566925048828,8.934595108032227,-4.82745361328125,0.5954856360305473,forget,for_003,M_npo_s0
7,-6,real,-25.086566925048828,8.934595108032227,-25.01158332824707,0.0022040280907761538,forget,for_003,M_npo_s0
7,-5,real,-25.086566925048828,8.934595108032227,-23.734128952026367,0.039752844764896475,forget,for_003,M_npo_s0
7,-4,real,-25.086566925048828,8.934595108032227,-19.26171112060547,0.1712127233860931,forget,for_003,M_npo_s0
7,-3,real,-25.086566925048828,8.934595108032227,-19.15403938293457,0.17437756935949641,forget,for_003,M_npo_s0
7,-2,real,-25.086566925048828,8.934595108032227,-0.6047706604003906,0.719604940032417,forget,for_003,M_npo_s0
7,-1,real,-25.086566925048828,8.934595108032227,-21.66067123413086,0.10069896165177253,forget,for_003,M_npo_s0
7,-8,random_position,-25.086566925048828,8.934595108032227,-25.056930541992188,0.0008711161314191204,forget,for_003,M_npo_s0
8,-6,real,-25.086566925048828,8.934595108032227,-25.055334091186523,0.0009180413600198286,forget,for_003,M_npo_s0
8,-5,real,-25.086566925048828,8.934595108032227,-23.479093551635742,0.04724922011335274,forget,for_003,M_npo_s0
8,-4,real,-25.086566925048828,8.934595108032227,-18.621797561645508,0.1900220032789354,forget,for_003,M_npo_s0
8,-3,real,-25.086566925048828,8.934595108032227,-18.34402847290039,0.19818660061029708,forget,for_003,M_npo_s0
8,-2,real,-25.086566925048828,8.934595108032227,-3.339099884033203,0.6392335164762775,forget,for_003,M_npo_s0
8,-1,real,-25.086566925048828,8.934595108032227,-15.883033752441406,0.27052377469229916,forget,for_003,M_npo_s0
8,-5,random_position,-25.086566925048828,8.934595108032227,-23.479093551635742,0.04724922011335274,forget,for_003,M_npo_s0
9,-6,real,-25.086566925048828,8.934595108032227,-25.124727249145508,-0.0011216643352620892,forget,for_003,M_npo_s0
9,-5,real,-25.086566925048828,8.934595108032227,-23.47624969482422,0.047332810932759734,forget,for_003,M_npo_s0
9,-4,real,-25.086566925048828,8.934595108032227,-18.451292037963867,0.19503375224611783,forget,for_003,M_npo_s0
9,-3,real,-25.086566925048828,8.934595108032227,-24.447444915771484,0.018786013501122703,forget,for_003,M_npo_s0
9,-2,real,-25.086566925048828,8.934595108032227,-12.718292236328125,0.3635465089844433,forget,for_003,M_npo_s0
9,-1,real,-25.086566925048828,8.934595108032227,-7.087272644042969,0.5290617135153685,forget,for_003,M_npo_s0
9,-12,random_position,-25.086566925048828,8.934595108032227,-25.074012756347656,0.0003690105790320923,forget,for_003,M_npo_s0
10,-6,real,-25.086566925048828,8.934595108032227,-25.1570987701416,-0.002073175661201419,forget,for_003,M_npo_s0
10,-5,real,-25.086566925048828,8.934595108032227,-23.839157104492188,0.03666570293347712,forget,for_003,M_npo_s0
10,-4,real,-25.086566925048828,8.934595108032227,-18.88958740234375,0.18215073067402401,forget,for_003,M_npo_s0
10,-3,real,-25.086566925048828,8.934595108032227,-24.29913330078125,0.023145406482644647,forget,for_003,M_npo_s0
10,-2,real,-25.086566925048828,8.934595108032227,-18.49590492248535,0.19372242477064525,forget,for_003,M_npo_s0
10,-1,real,-25.086566925048828,8.934595108032227,-0.59735107421875,0.7198230274150417,forget,for_003,M_npo_s0
10,-6,random_position,-25.086566925048828,8.934595108032227,-25.1570987701416,-0.002073175661201419,forget,for_003,M_npo_s0
11,-6,real,-25.086566925048828,8.934595108032227,-25.086566925048828,0.0,forget,for_003,M_npo_s0
11,-5,real,-25.086566925048828,8.934595108032227,-25.086566925048828,0.0,forget,for_003,M_npo_s0
11,-4,real,-25.086566925048828,8.934595108032227,-25.086566925048828,0.0,forget,for_003,M_npo_s0
11,-3,real,-25.086566925048828,8.934595108032227,-25.086566925048828,0.0,forget,for_003,M_npo_s0
11,-2,real,-25.086566925048828,8.934595108032227,-25.086566925048828,0.0,forget,for_003,M_npo_s0
11,-1,real,-25.086566925048828,8.934595108032227,8.917831420898438,0.9995072570678953,forget,for_003,M_npo_s0
11,-6,random_position,-25.086566925048828,8.934595108032227,-25.086566925048828,0.0,forget,for_003,M_npo_s0
0,-6,real,-24.988054275512695,9.583717346191406,-24.791522979736328,0.005684733137973906,forget,for_003,M_npo_s0
0,-5,real,-24.988054275512695,9.583717346191406,-23.432634353637695,0.04499103890002877,forget,for_003,M_npo_s0
0,-4,real,-24.988054275512695,9.583717346191406,-24.974815368652344,0.00038293978698043346,forget,for_003,M_npo_s0
0,-3,real,-24.988054275512695,9.583717346191406,-24.98429298400879,0.00010879660854709909,forget,for_003,M_npo_s0
0,-2,real,-24.988054275512695,9.583717346191406,-24.973804473876953,0.00041218025479481605,forget,for_003,M_npo_s0
0,-1,real,-24.988054275512695,9.583717346191406,-24.9205379486084,0.0019529322258368222,forget,for_003,M_npo_s0
0,-13,random_position,-24.988054275512695,9.583717346191406,-24.970748901367188,0.0005005637065658367,forget,for_003,M_npo_s0
1,-6,real,-24.988054275512695,9.583717346191406,-24.38678741455078,0.017391844061136853,forget,for_003,M_npo_s0
1,-5,real,-24.988054275512695,9.583717346191406,-22.640331268310547,0.06790866932975606,forget,for_003,M_npo_s0
1,-4,real,-24.988054275512695,9.583717346191406,-24.976970672607422,0.00032059690277241014,forget,for_003,M_npo_s0
1,-3,real,-24.988054275512695,9.583717346191406,-24.958324432373047,0.0008599456072127959,forget,for_003,M_npo_s0
1,-2,real,-24.988054275512695,9.583717346191406,-24.969533920288086,0.0005357074386370853,forget,for_003,M_npo_s0
1,-1,real,-24.988054275512695,9.583717346191406,-24.8136043548584,0.005046022013658609,forget,for_003,M_npo_s0
1,-3,random_position,-24.988054275512695,9.583717346191406,-24.958324432373047,0.0008599456072127959,forget,for_003,M_npo_s0
2,-6,real,-24.988054275512695,9.583717346191406,-23.938865661621094,0.03034812983760782,forget,for_003,M_npo_s0
2,-5,real,-24.988054275512695,9.583717346191406,-20.872974395751953,0.11903005506311114,forget,for_003,M_npo_s0
2,-4,real,-24.988054275512695,9.583717346191406,-24.976987838745117,0.0003201003665265055,forget,for_003,M_npo_s0
2,-3,real,-24.988054275512695,9.583717346191406,-24.97089958190918,0.000496205221740674,forget,for_003,M_npo_s0
2,-2,real,-24.988054275512695,9.583717346191406,-24.956663131713867,0.0009079992816775642,forget,for_003,M_npo_s0
2,-1,real,-24.988054275512695,9.583717346191406,-24.700298309326172,0.008323437090098985,forget,for_003,M_npo_s0
2,-9,random_position,-24.988054275512695,9.583717346191406,-24.8558349609375,0.0038244876780392776,forget,for_003,M_npo_s0
3,-6,real,-24.988054275512695,9.583717346191406,-23.661231994628906,0.038378776054705056,forget,for_003,M_npo_s0
3,-5,real,-24.988054275512695,9.583717346191406,-18.0235652923584,0.20145016169151142,forget,for_003,M_npo_s0
3,-4,real,-24.988054275512695,9.583717346191406,-24.981685638427734,0.00018421494723061047,forget,for_003,M_npo_s0
3,-3,real,-24.988054275512695,9.583717346191406,-24.969135284423828,0.0005472381136808701,forget,for_003,M_npo_s0
3,-2,real,-24.988054275512695,9.583717346191406,-24.964414596557617,0.0006837855813046379,forget,for_003,M_npo_s0
3,-1,real,-24.988054275512695,9.583717346191406,-24.595165252685547,0.011364445742794776,forget,for_003,M_npo_s0
3,-13,random_position,-24.988054275512695,9.583717346191406,-24.861663818359375,0.0036558860372076676,forget,for_003,M_npo_s0
4,-6,real,-24.988054275512695,9.583717346191406,-22.144237518310547,0.08225834615362335,forget,for_003,M_npo_s0
4,-5,real,-24.988054275512695,9.583717346191406,-13.26837158203125,0.33899572234024156,forget,for_003,M_npo_s0
4,-4,real,-24.988054275512695,9.583717346191406,-24.963600158691406,0.0007073434676381123,forget,for_003,M_npo_s0
4,-3,real,-24.988054275512695,9.583717346191406,-24.957683563232422,0.0008784829603932346,forget,for_003,M_npo_s0
4,-2,real,-24.988054275512695,9.583717346191406,-24.953662872314453,0.0009947827833228923,forget,for_003,M_npo_s0
4,-1,real,-24.988054275512695,9.583717346191406,-24.498077392578125,0.014172744408243274,forget,for_003,M_npo_s0
4,-10,random_position,-24.988054275512695,9.583717346191406,-24.909774780273438,0.002264260452019013,forget,for_003,M_npo_s0
5,-6,real,-24.988054275512695,9.583717346191406,-19.920846939086914,0.1465706586249863,forget,for_003,M_npo_s0
5,-5,real,-24.988054275512695,9.583717346191406,-7.003684997558594,0.5202038667484297,forget,for_003,M_npo_s0
5,-4,real,-24.988054275512695,9.583717346191406,-24.959060668945312,0.000838649719332887,forget,for_003,M_npo_s0
5,-3,real,-24.988054275512695,9.583717346191406,-24.974485397338867,0.00039248431704059985,forget,for_003,M_npo_s0
5,-2,real,-24.988054275512695,9.583717346191406,-24.965177536010742,0.0006617173037088775,forget,for_003,M_npo_s0
5,-1,real,-24.988054275512695,9.583717346191406,-24.27928352355957,0.020501429886461472,forget,for_003,M_npo_s0
5,-12,random_position,-24.988054275512695,9.583717346191406,-24.98823356628418,-5.186045235003709e-06,forget,for_003,M_npo_s0
6,-6,real,-24.988054275512695,9.583717346191406,-18.10963249206543,0.19896063929593366,forget,for_003,M_npo_s0
6,-5,real,-24.988054275512695,9.583717346191406,-3.3440208435058594,0.6260608703783854,forget,for_003,M_npo_s0
6,-4,real,-24.988054275512695,9.583717346191406,-24.962509155273438,0.0007389011046000497,forget,for_003,M_npo_s0
6,-3,real,-24.988054275512695,9.583717346191406,-24.972332000732422,0.00045477203055463374,forget,for_003,M_npo_s0
6,-2,real,-24.988054275512695,9.583717346191406,-24.954524993896484,0.0009698456296396829,forget,for_003,M_npo_s0
6,-1,real,-24.988054275512695,9.583717346191406,-23.256975173950195,0.05007203913367666,forget,for_003,M_npo_s0
6,-2,random_position,-24.988054275512695,9.583717346191406,-24.954524993896484,0.0009698456296396829,forget,for_003,M_npo_s0
7,-6,real,-24.988054275512695,9.583717346191406,-17.131084442138672,0.22726546731095004,forget,for_003,M_npo_s0
7,-5,real,-24.988054275512695,9.583717346191406,0.6715965270996094,0.7422139392620313,forget,for_003,M_npo_s0
7,-4,real,-24.988054275512695,9.583717346191406,-24.969139099121094,0.0005471277722928913,forget,for_003,M_npo_s0
7,-3,real,-24.988054275512695,9.583717346191406,-24.974458694458008,0.00039325670675645146,forget,for_003,M_npo_s0
7,-2,real,-24.988054275512695,9.583717346191406,-24.9269962310791,0.0017661242559887098,forget,for_003,M_npo_s0
7,-1,real,-24.988054275512695,9.583717346191406,-21.031646728515625,0.11444040503013285,forget,for_003,M_npo_s0
7,-8,random_position,-24.988054275512695,9.583717346191406,-22.733749389648438,0.06520651907954318,forget,for_003,M_npo_s0
8,-6,real,-24.988054275512695,9.583717346191406,-16.38459014892578,0.2488580631831339,forget,for_003,M_npo_s0
8,-5,real,-24.988054275512695,9.583717346191406,-1.6497802734375,0.6750673427283508,forget,for_003,M_npo_s0
8,-4,real,-24.988054275512695,9.583717346191406,-24.973133087158203,0.00043160033907908526,forget,for_003,M_npo_s0
8,-3,real,-24.988054275512695,9.583717346191406,-24.98067855834961,0.00021334507365701428,forget,for_003,M_npo_s0
8,-2,real,-24.988054275512695,9.583717346191406,-24.890073776245117,0.0028341185502355373,forget,for_003,M_npo_s0
8,-1,real,-24.988054275512695,9.583717346191406,-16.637882232666016,0.24153150536272938,forget,for_003,M_npo_s0
8,-5,random_position,-24.988054275512695,9.583717346191406,-1.6497802734375,0.6750673427283508,forget,for_003,M_npo_s0
9,-6,real,-24.988054275512695,9.583717346191406,-23.40202522277832,0.045876418197170685,forget,for_003,M_npo_s0
9,-5,real,-24.988054275512695,9.583717346191406,-11.633750915527344,0.3862776691374862,forget,for_003,M_npo_s0
9,-4,real,-24.988054275512695,9.583717346191406,-24.951496124267578,0.001057456691694852,forget,for_003,M_npo_s0
9,-3,real,-24.988054275512695,9.583717346191406,-24.962326049804688,0.0007441974912230322,forget,for_003,M_npo_s0
9,-2,real,-24.988054275512695,9.583717346191406,-24.802200317382812,0.005375887593021238,forget,for_003,M_npo_s0
9,-1,real,-24.988054275512695,9.583717346191406,-7.392620086669922,0.5089537898542749,forget,for_003,M_npo_s0
9,-12,random_position,-24.988054275512695,9.583717346191406,-24.965373992919922,0.0006560347222279692,forget,for_003,M_npo_s0
10,-6,real,-24.988054275512695,9.583717346191406,-24.73522186279297,0.0073132616831530495,forget,for_003,M_npo_s0
10,-5,real,-24.988054275512695,9.583717346191406,-16.37177848815918,0.2492286447346607,forget,for_003,M_npo_s0
10,-4,real,-24.988054275512695,9.583717346191406,-24.975997924804688,0.00034873395670700474,forget,for_003,M_npo_s0
10,-3,real,-24.988054275512695,9.583717346191406,-24.964813232421875,0.0006722549062608531,forget,for_003,M_npo_s0
10,-2,real,-24.988054275512695,9.583717346191406,-24.760339736938477,0.006586718814006625,forget,for_003,M_npo_s0
10,-1,real,-24.988054275512695,9.583717346191406,-1.0034980773925781,0.6937612703383316,forget,for_003,M_npo_s0
10,-6,random_position,-24.988054275512695,9.583717346191406,-24.73522186279297,0.0073132616831530495,forget,for_003,M_npo_s0
11,-6,real,-24.988054275512695,9.583717346191406,-24.988054275512695,0.0,forget,for_003,M_npo_s0
11,-5,real,-24.988054275512695,9.583717346191406,-24.988054275512695,0.0,forget,for_003,M_npo_s0
11,-4,real,-24.988054275512695,9.583717346191406,-24.988054275512695,0.0,forget,for_003,M_npo_s0
11,-3,real,-24.988054275512695,9.583717346191406,-24.988054275512695,0.0,forget,for_003,M_npo_s0
11,-2,real,-24.988054275512695,9.583717346191406,-24.988054275512695,0.0,forget,for_003,M_npo_s0
11,-1,real,-24.988054275512695,9.583717346191406,9.569421768188477,0.9995864956485494,forget,for_003,M_npo_s0
11,-6,random_position,-24.988054275512695,9.583717346191406,-24.988054275512695,0.0,forget,for_003,M_npo_s0
0,-6,real,-25.2490234375,9.593942642211914,-24.94497299194336,0.008726307767859083,forget,for_003,M_npo_s0
0,-5,real,-25.2490234375,9.593942642211914,-24.471054077148438,0.02232787411300648,forget,for_003,M_npo_s0
0,-4,real,-25.2490234375,9.593942642211914,-25.059173583984375,0.005448728247798894,forget,for_003,M_npo_s0
0,-3,real,-25.2490234375,9.593942642211914,-23.95955467224121,0.037008007937923824,forget,for_003,M_npo_s0
0,-2,real,-25.2490234375,9.593942642211914,-25.218666076660156,0.0008712622447352435,forget,for_003,M_npo_s0
0,-1,real,-25.2490234375,9.593942642211914,-25.194135665893555,0.0015752898728792475,forget,for_003,M_npo_s0
0,-14,random_position,-25.2490234375,9.593942642211914,-25.240541458129883,0.0002434344811722561,forget,for_003,M_npo_s0
1,-6,real,-25.2490234375,9.593942642211914,-24.42201805114746,0.02373521773262814,forget,for_003,M_npo_s0
1,-5,real,-25.2490234375,9.593942642211914,-23.846067428588867,0.040265114218506065,forget,for_003,M_npo_s0
1,-4,real,-25.2490234375,9.593942642211914,-24.69671630859375,0.01585132355387629,forget,for_003,M_npo_s0
1,-3,real,-25.2490234375,9.593942642211914,-23.25640106201172,0.05718865526343722,forget,for_003,M_npo_s0
1,-2,real,-25.2490234375,9.593942642211914,-25.191911697387695,0.001639118207722254,forget,for_003,M_npo_s0
1,-1,real,-25.2490234375,9.593942642211914,-25.094892501831055,0.004423588259286899,forget,for_003,M_npo_s0
1,-3,random_position,-25.2490234375,9.593942642211914,-23.25640106201172,0.05718865526343722,forget,for_003,M_npo_s0
2,-6,real,-25.2490234375,9.593942642211914,-24.17804718017578,0.03073722985793159,forget,for_003,M_npo_s0
2,-5,real,-25.2490234375,9.593942642211914,-23.41077423095703,0.052758114861332944,forget,for_003,M_npo_s0
2,-4,real,-25.2490234375,9.593942642211914,-24.36205291748047,0.025456228898262177,forget,for_003,M_npo_s0
2,-3,real,-25.2490234375,9.593942642211914,-21.567779541015625,0.10565242603234805,forget,for_003,M_npo_s0
2,-2,real,-25.2490234375,9.593942642211914,-25.198043823242188,0.0014631249860067599,forget,for_003,M_npo_s0
2,-1,real,-25.2490234375,9.593942642211914,-25.02062225341797,0.006555159040120378,forget,for_003,M_npo_s0
2,-9,random_position,-25.2490234375,9.593942642211914,-25.233234405517578,0.0004531483326161313,forget,for_003,M_npo_s0
3,-6,real,-25.2490234375,9.593942642211914,-23.868839263916016,0.03961155805239058,forget,for_003,M_npo_s0
3,-5,real,-25.2490234375,9.593942642211914,-23.09911346435547,0.06170284034447813,forget,for_003,M_npo_s0
3,-4,real,-25.2490234375,9.593942642211914,-24.139095306396484,0.03185515631947866,forget,for_003,M_npo_s0
3,-3,real,-25.2490234375,9.593942642211914,-19.01751708984375,0.1788454614742079,forget,for_003,M_npo_s0
3,-2,real,-25.2490234375,9.593942642211914,-25.213533401489258,0.0010185710346688034,forget,for_003,M_npo_s0
3,-1,real,-25.2490234375,9.593942642211914,-25.008869171142578,0.00689247481996824,forget,for_003,M_npo_s0
3,-14,random_position,-25.2490234375,9.593942642211914,-25.13930320739746,0.003148992248579724,forget,for_003,M_npo_s0
4,-6,real,-25.2490234375,9.593942642211914,-23.842769622802734,0.04035976189513005,forget,for_003,M_npo_s0
4,-5,real,-25.2490234375,9.593942642211914,-22.544719696044922,0.07761405086089151,forget,for_003,M_npo_s0
4,-4,real,-25.2490234375,9.593942642211914,-22.741413116455078,0.0719689108931812,forget,for_003,M_npo_s0
4,-3,real,-25.2490234375,9.593942642211914,-14.617082595825195,0.3051387995313489,forget,for_003,M_npo_s0
4,-2,real,-25.2490234375,9.593942642211914,-25.226943969726562,0.0006336850807398328,forget,for_003,M_npo_s0
4,-1,real,-25.2490234375,9.593942642211914,-25.05044174194336,0.005699333836916634,forget,for_003,M_npo_s0
4,-11,random_position,-25.2490234375,9.593942642211914,-25.239521026611328,0.000272721067056483,forget,for_003,M_npo_s0
5,-6,real,-25.2490234375,9.593942642211914,-23.800914764404297,0.041561004587921585,forget,for_003,M_npo_s0
5,-5,real,-25.2490234375,9.593942642211914,-21.890647888183594,0.0963860407760146,forget,for_003,M_npo_s0
5,-4,real,-25.2490234375,9.593942642211914,-20.66674041748047,0.13151242662683837,forget,for_003,M_npo_s0
5,-3,real,-25.2490234375,9.593942642211914,-8.385194778442383,0.48399520926196216,forget,for_003,M_npo_s0
5,-2,real,-25.2490234375,9.593942642211914,-25.3048038482666,-0.0016009087928676926,forget,for_003,M_npo_s0
5,-1,real,-25.2490234375,9.593942642211914,-24.935375213623047,0.009001765899016896,forget,for_003,M_npo_s0
5,-12,random_position,-25.2490234375,9.593942642211914,-25.241851806640625,0.00020582722041998715,forget,for_003,M_npo_s0
6,-6,real,-25.2490234375,9.593942642211914,-23.828155517578125,0.040779189598017795,forget,for_003,M_npo_s0
6,-5,real,-25.2490234375,9.593942642211914,-21.437353134155273,0.10939568963860846,forget,for_003,M_npo_s0
6,-4,real,-25.2490234375,9.593942642211914,-18.75511932373047,0.18637632912517027,forget,for_003,M_npo_s0
6,-3,real,-25.2490234375,9.593942642211914,-4.577777862548828,0.5932688258416513,forget,for_003,M_npo_s0
6,-2,real,-25.2490234375,9.593942642211914,-25.31843376159668,-0.0019920899942297214,forget,for_003,M_npo_s0
6,-1,real,-25.2490234375,9.593942642211914,-24.191200256347656,0.03035973397707621,forget,for_003,M_npo_s0
6,-2,random_position,-25.2490234375,9.593942642211914,-25.31843376159668,-0.0019920899942297214,forget,for_003,M_npo_s0
7,-6,real,-25.2490234375,9.593942642211914,-23.36734962463379,0.05400440962923237,forget,for_003,M_npo_s0
7,-5,real,-25.2490234375,9.593942642211914,-20.679365158081055,0.13115009408110437,forget,for_003,M_npo_s0
7,-4,real,-25.2490234375,9.593942642211914,-17.358217239379883,0.22646769451452392,forget,for_003,M_npo_s0
7,-3,real,-25.2490234375,9.593942642211914,-0.2305145263671875,0.718036141179737,forget,for_003,M_npo_s0
7,-2,real,-25.2490234375,9.593942642211914,-25.303558349609375,-0.001565162735704328,forget,for_003,M_npo_s0
7,-1,real,-25.2490234375,9.593942642211914,-22.188337326049805,0.08784229518371421,forget,for_003,M_npo_s0
7,-9,random_position,-25.2490234375,9.593942642211914,-25.227664947509766,0.0006129928761337809,forget,for_003,M_npo_s0
8,-6,real,-25.2490234375,9.593942642211914,-22.978557586669922,0.06516281781625093,forget,for_003,M_npo_s0
8,-5,real,-25.2490234375,9.593942642211914,-20.325077056884766,0.14131823247626185,forget,for_003,M_npo_s0
8,-4,real,-25.2490234375,9.593942642211914,-16.48946189880371,0.25140114416943216,forget,for_003,M_npo_s0
8,-3,real,-25.2490234375,9.593942642211914,-2.4017486572265625,0.6557212933022016,forget,for_003,M_npo_s0
8,-2,real,-25.2490234375,9.593942642211914,-25.2404727935791,0.0002454051673252134,forget,for_003,M_npo_s0
8,-1,real,-25.2490234375,9.593942642211914,-17.702457427978516,0.21658793319308253,forget,for_003,M_npo_s0
8,-5,random_position,-25.2490234375,9.593942642211914,-20.325077056884766,0.14131823247626185,forget,for_003,M_npo_s0
9,-6,real,-25.2490234375,9.593942642211914,-22.98784637451172,0.06489622777278142,forget,for_003,M_npo_s0
9,-5,real,-25.2490234375,9.593942642211914,-20.2297420501709,0.14405436597579702,forget,for_003,M_npo_s0
9,-4,real,-25.2490234375,9.593942642211914,-23.661436080932617,0.045564070318680205,forget,for_003,M_npo_s0
9,-3,real,-25.2490234375,9.593942642211914,-12.159271240234375,0.37567847029209783,forget,for_003,M_npo_s0
9,-2,real,-25.2490234375,9.593942642211914,-24.858379364013672,0.011211561971866376,forget,for_003,M_npo_s0
9,-1,real,-25.2490234375,9.593942642211914,-8.304492950439453,0.4863113676457893,forget,for_003,M_npo_s0
9,-13,random_position,-25.2490234375,9.593942642211914,-25.239961624145508,0.00026007583090834014,forget,for_003,M_npo_s0
10,-6,real,-25.2490234375,9.593942642211914,-23.53807830810547,0.04910446273375006,forget,for_003,M_npo_s0
10,-5,real,-25.2490234375,9.593942642211914,-19.660003662109375,0.16040597010611432,forget,for_003,M_npo_s0
10,-4,real,-25.2490234375,9.593942642211914,-24.395313262939453,0.024501650422282462,forget,for_003,M_npo_s0
10,-3,real,-25.2490234375,9.593942642211914,-16.89613914489746,0.23972942698085023,forget,for_003,M_npo_s0
10,-2,real,-25.2490234375,9.593942642211914,-24.85419464111328,0.011331664344632718,forget,for_003,M_npo_s0
10,-1,real,-25.2490234375,9.593942642211914,-1.6829795837402344,0.6763501075036668,forget,for_003,M_npo_s0
10,-6,random_position,-25.2490234375,9.593942642211914,-23.53807830810547,0.04910446273375006,forget,for_003,M_npo_s0
11,-6,real,-25.2490234375,9.593942642211914,-25.2490234375,0.0,forget,for_003,M_npo_s0
11,-5,real,-25.2490234375,9.593942642211914,-25.2490234375,0.0,forget,for_003,M_npo_s0
11,-4,real,-25.2490234375,9.593942642211914,-25.2490234375,0.0,forget,for_003,M_npo_s0
11,-3,real,-25.2490234375,9.593942642211914,-25.2490234375,0.0,forget,for_003,M_npo_s0
11,-2,real,-25.2490234375,9.593942642211914,-25.2490234375,0.0,forget,for_003,M_npo_s0
11,-1,real,-25.2490234375,9.593942642211914,9.583412170410156,0.9996977733819312,forget,for_003,M_npo_s0
11,-7,random_position,-25.2490234375,9.593942642211914,-25.2490234375,0.0,forget,for_003,M_npo_s0
0,-6,real,-27.14958381652832,8.883842468261719,-25.8291015625,0.036646036477128045,forget,for_003,M_npo_s0
0,-5,real,-27.14958381652832,8.883842468261719,-26.956491470336914,0.005358700687114838,forget,for_003,M_npo_s0
0,-4,real,-27.14958381652832,8.883842468261719,-25.554636001586914,0.04426300741804964,forget,for_003,M_npo_s0
0,-3,real,-27.14958381652832,8.883842468261719,-27.15764808654785,-0.00022379970074994603,forget,for_003,M_npo_s0
0,-2,real,-27.14958381652832,8.883842468261719,-27.124258041381836,0.0007028411604914341,forget,for_003,M_npo_s0
0,-1,real,-27.14958381652832,8.883842468261719,-27.076005935668945,0.0020419340719323364,forget,for_003,M_npo_s0
0,-12,random_position,-27.14958381652832,8.883842468261719,-27.131832122802734,0.0004926451785429867,forget,for_003,M_npo_s0
1,-6,real,-27.14958381652832,8.883842468261719,-24.95328140258789,0.06095180615304141,forget,for_003,M_npo_s0
1,-5,real,-27.14958381652832,8.883842468261719,-26.62161636352539,0.014652157938857688,forget,for_003,M_npo_s0
1,-4,real,-27.14958381652832,8.883842468261719,-24.76099395751953,0.06628816921628765,forget,for_003,M_npo_s0
1,-3,real,-27.14958381652832,8.883842468261719,-27.176931381225586,-0.000758949883952868,forget,for_003,M_npo_s0
1,-2,real,-27.14958381652832,8.883842468261719,-27.1039981842041,0.0012650929157813884,forget,for_003,M_npo_s0
1,-1,real,-27.14958381652832,8.883842468261719,-27.007097244262695,0.003954288752323549,forget,for_003,M_npo_s0
1,-3,random_position,-27.14958381652832,8.883842468261719,-27.176931381225586,-0.000758949883952868,forget,for_003,M_npo_s0
2,-6,real,-27.14958381652832,8.883842468261719,-24.228242874145508,0.0810730825121654,forget,for_003,M_npo_s0
2,-5,real,-27.14958381652832,8.883842468261719,-26.19887351989746,0.026384121485337652,forget,for_003,M_npo_s0
2,-4,real,-27.14958381652832,8.883842468261719,-23.08155059814453,0.11289609781296135,forget,for_003,M_npo_s0
2,-3,real,-27.14958381652832,8.883842468261719,-27.19306755065918,-0.0012067610164846901,forget,for_003,M_npo_s0
2,-2,real,-27.14958381652832,8.883842468261719,-27.0740909576416,0.002095078560946751,forget,for_003,M_npo_s0
2,-1,real,-27.14958381652832,8.883842468261719,-26.957841873168945,0.005321224294463239,forget,for_003,M_npo_s0
2,-8,random_position,-27.14958381652832,8.883842468261719,-26.907445907592773,0.006719813625876454,forget,for_003,M_npo_s0
3,-6,real,-27.14958381652832,8.883842468261719,-23.625396728515625,0.09780327466389949,forget,for_003,M_npo_s0
3,-5,real,-27.14958381652832,8.883842468261719,-25.795970916748047,0.03756547848328381,forget,for_003,M_npo_s0
3,-4,real,-27.14958381652832,8.883842468261719,-20.362504959106445,0.18835507908074645,forget,for_003,M_npo_s0
3,-3,real,-27.14958381652832,8.883842468261719,-27.185256958007812,-0.0009900013725464144,forget,for_003,M_npo_s0
3,-2,real,-27.14958381652832,8.883842468261719,-27.01113510131836,0.003842230103674629,forget,for_003,M_npo_s0
3,-1,real,-27.14958381652832,8.883842468261719,-26.873332977294922,0.007666516002393196,forget,for_003,M_npo_s0
3,-12,random_position,-27.14958381652832,8.883842468261719,-26.993989944458008,0.004318042665179185,forget,for_003,M_npo_s0
4,-6,real,-27.14958381652832,8.883842468261719,-22.425172805786133,0.13111190075023185,forget,for_003,M_npo_s0
4,-5,real,-27.14958381652832,8.883842468261719,-24.516475677490234,0.07307404292412624,forget,for_003,M_npo_s0
4,-4,real,-27.14958381652832,8.883842468261719,-15.834674835205078,0.3140114651295135,forget,for_003,M_npo_s0
4,-3,real,-27.14958381652832,8.883842468261719,-27.12759017944336,0.000610367632296033,forget,for_003,M_npo_s0
4,-2,real,-27.14958381652832,8.883842468261719,-26.98212432861328,0.004647337352588224,forget,for_003,M_npo_s0
4,-1,real,-27.14958381652832,8.883842468261719,-26.677841186523438,0.01309180609905,forget,for_003,M_npo_s0
4,-9,random_position,-27.14958381652832,8.883842468261719,-27.052438735961914,0.0026959712295639192,forget,for_003,M_npo_s0
5,-6,real,-27.14958381652832,8.883842468261719,-21.461441040039062,0.15785739417431593,forget,for_003,M_npo_s0
5,-5,real,-27.14958381652832,8.883842468261719,-22.488525390625,0.12935373919384363,forget,for_003,M_npo_s0
5,-4,real,-27.14958381652832,8.883842468261719,-9.653034210205078,0.48556441644042764,forget,for_003,M_npo_s0
5,-3,real,-27.14958381652832,8.883842468261719,-27.148576736450195,2.794849621475201e-05,forget,for_003,M_npo_s0
5,-2,real,-27.14958381652832,8.883842468261719,-26.964637756347656,0.005132624877771645,forget,for_003,M_npo_s0
5,-1,real,-27.14958381652832,8.883842468261719,-26.379749298095703,0.02136445511310063,forget,for_003,M_npo_s0
5,-11,random_position,-27.14958381652832,8.883842468261719,-27.150707244873047,-3.1177394451683586e-05,forget,for_003,M_npo_s0
6,-6,real,-27.14958381652832,8.883842468261719,-21.09877586364746,0.16792208170986359,forget,for_003,M_npo_s0
6,-5,real,-27.14958381652832,8.883842468261719,-20.68031120300293,0.17953531708018883,forget,for_003,M_npo_s0
6,-4,real,-27.14958381652832,8.883842468261719,-6.090520858764648,0.5844313219432272,forget,for_003,M_npo_s0
6,-3,real,-27.14958381652832,8.883842468261719,-27.108562469482422,0.001138424825929302,forget,for_003,M_npo_s0
6,-2,real,-27.14958381652832,8.883842468261719,-27.01970672607422,0.003604350289301342,forget,for_003,M_npo_s0
6,-1,real,-27.14958381652832,8.883842468261719,-25.14581298828125,0.055608667696773424,forget,for_003,M_npo_s0
6,-2,random_position,-27.14958381652832,8.883842468261719,-27.01970672607422,0.003604350289301342,forget,for_003,M_npo_s0
7,-6,real,-27.14958381652832,8.883842468261719,-20.750988006591797,0.17757389373314786,forget,for_003,M_npo_s0
7,-5,real,-27.14958381652832,8.883842468261719,-19.515899658203125,0.21185007770264208,forget,for_003,M_npo_s0
7,-4,real,-27.14958381652832,8.883842468261719,-2.018444061279297,0.6974396372031114,forget,for_003,M_npo_s0
7,-3,real,-27.14958381652832,8.883842468261719,-27.074108123779297,0.0020946021661249086,forget,for_003,M_npo_s0
7,-2,real,-27.14958381652832,8.883842468261719,-26.953638076782227,0.005437888093056635,forget,for_003,M_npo_s0
7,-1,real,-27.14958381652832,8.883842468261719,-22.959808349609375,0.1162746898894674,forget,for_003,M_npo_s0
7,-8,random_position,-27.14958381652832,8.883842468261719,-27.20055389404297,-0.001414522091565943,forget,for_003,M_npo_s0
8,-6,real,-27.14958381652832,8.883842468261719,-20.462738037109375,0.18557340971600889,forget,for_003,M_npo_s0
8,-5,real,-27.14958381652832,8.883842468261719,-18.924827575683594,0.22825351593935028,forget,for_003,M_npo_s0
8,-4,real,-27.14958381652832,8.883842468261719,-4.818698883056641,0.619726937898706,forget,for_003,M_npo_s0
8,-3,real,-27.14958381652832,8.883842468261719,-26.920801162719727,0.006349178454483095,forget,for_003,M_npo_s0
8,-2,real,-27.14958381652832,8.883842468261719,-26.911041259765625,0.00662003537707947,forget,for_003,M_npo_s0
8,-1,real,-27.14958381652832,8.883842468261719,-17.352672576904297,0.2718839768995092,forget,for_003,M_npo_s0
8,-5,random_position,-27.14958381652832,8.883842468261719,-18.924827575683594,0.22825351593935028,forget,for_003,M_npo_s0
9,-6,real,-27.14958381652832,8.883842468261719,-20.65966796875,0.18010820831983326,forget,for_003,M_npo_s0
9,-5,real,-27.14958381652832,8.883842468261719,-25.623003005981445,0.04236568564092545,forget,for_003,M_npo_s0
9,-4,real,-27.14958381652832,8.883842468261719,-15.548994064331055,0.3219396806873721,forget,for_003,M_npo_s0
9,-3,real,-27.14958381652832,8.883842468261719,-26.402538299560547,0.0207320145207259,forget,for_003,M_npo_s0
9,-2,real,-27.14958381652832,8.883842468261719,-26.56801414489746,0.01613972723643946,forget,for_003,M_npo_s0
9,-1,real,-27.14958381652832,8.883842468261719,-8.787078857421875,0.5095964178920556,forget,for_003,M_npo_s0
9,-11,random_position,-27.14958381652832,8.883842468261719,-27.131866455078125,0.0004916923888993019,forget,for_003,M_npo_s0
10,-6,real,-27.14958381652832,8.883842468261719,-19.859792709350586,0.20230635437115804,forget,for_003,M_npo_s0
10,-5,real,-27.14958381652832,8.883842468261719,-26.362689971923828,0.021837885700495975,forget,for_003,M_npo_s0
10,-4,real,-27.14958381652832,8.883842468261719,-20.794788360595703,0.17635834587883809,forget,for_003,M_npo_s0
10,-3,real,-27.14958381652832,8.883842468261719,-25.740711212158203,0.03909904634755236,forget,for_003,M_npo_s0
10,-2,real,-27.14958381652832,8.883842468261719,-26.74370002746582,0.01126409089867278,forget,for_003,M_npo_s0
10,-1,real,-27.14958381652832,8.883842468261719,-0.8930435180664062,0.7286717641265489,forget,for_003,M_npo_s0
10,-6,random_position,-27.14958381652832,8.883842468261719,-19.859792709350586,0.20230635437115804,forget,for_003,M_npo_s0
11,-6,real,-27.14958381652832,8.883842468261719,-27.14958381652832,0.0,forget,for_003,M_npo_s0
11,-5,real,-27.14958381652832,8.883842468261719,-27.14958381652832,0.0,forget,for_003,M_npo_s0
11,-4,real,-27.14958381652832,8.883842468261719,-27.14958381652832,0.0,forget,for_003,M_npo_s0
11,-3,real,-27.14958381652832,8.883842468261719,-27.14958381652832,0.0,forget,for_003,M_npo_s0
11,-2,real,-27.14958381652832,8.883842468261719,-27.14958381652832,0.0,forget,for_003,M_npo_s0
11,-1,real,-27.14958381652832,8.883842468261719,8.869457244873047,0.9996007811392961,forget,for_003,M_npo_s0
11,-6,random_position,-27.14958381652832,8.883842468261719,-27.14958381652832,0.0,forget,for_003,M_npo_s0
0,-6,real,-40.79717254638672,8.084268569946289,-40.80313730239868,-0.00012202496235263113,forget,for_004,M_npo_s0
0,-5,real,-40.79717254638672,8.084268569946289,-40.79238224029541,9.799846285031036e-05,forget,for_004,M_npo_s0
0,-4,real,-40.79717254638672,8.084268569946289,-40.80559539794922,-0.00017231185026755745,forget,for_004,M_npo_s0
0,-3,real,-40.79717254638672,8.084268569946289,-40.80686545372009,-0.00019829422193805334,forget,for_004,M_npo_s0
0,-2,real,-40.79717254638672,8.084268569946289,-40.79773759841919,-1.1559643487718274e-05,forget,for_004,M_npo_s0
0,-1,real,-40.79717254638672,8.084268569946289,-40.800410747528076,-6.62460244093627e-05,forget,for_004,M_npo_s0
0,-14,random_position,-40.79717254638672,8.084268569946289,-40.78664684295654,0.0002153312829940027,forget,for_004,M_npo_s0
1,-6,real,-40.79717254638672,8.084268569946289,-40.80820322036743,-0.00022566179983239394,forget,for_004,M_npo_s0
1,-5,real,-40.79717254638672,8.084268569946289,-40.78868818283081,0.00017357024183710653,forget,for_004,M_npo_s0
1,-4,real,-40.79717254638672,8.084268569946289,-40.81252717971802,-0.000314119898690309,forget,for_004,M_npo_s0
1,-3,real,-40.79717254638672,8.084268569946289,-40.79517388343811,4.0887971036937677e-05,forget,for_004,M_npo_s0
1,-2,real,-40.79717254638672,8.084268569946289,-40.783470153808594,0.0002803189158338163,forget,for_004,M_npo_s0
1,-1,real,-40.79717254638672,8.084268569946289,-40.77784490585327,0.0003953983371204091,forget,for_004,M_npo_s0
1,-3,random_position,-40.79717254638672,8.084268569946289,-40.79517388343811,4.0887971036937677e-05,forget,for_004,M_npo_s0
2,-6,real,-40.79717254638672,8.084268569946289,-40.803640365600586,-0.00013231645929739298,forget,for_004,M_npo_s0
2,-5,real,-40.79717254638672,8.084268569946289,-40.80665111541748,-0.00019390936139144629,forget,for_004,M_npo_s0
2,-4,real,-40.79717254638672,8.084268569946289,-40.812825202941895,-0.0003202167570699072,forget,for_004,M_npo_s0
2,-3,real,-40.79717254638672,8.084268569946289,-40.79710578918457,1.365696277030007e-06,forget,for_004,M_npo_s0
2,-2,real,-40.79717254638672,8.084268569946289,-40.75618839263916,0.0008384399643623508,forget,for_004,M_npo_s0
2,-1,real,-40.79717254638672,8.084268569946289,-40.729063272476196,0.0013933565041265683,forget,for_004,M_npo_s0
2,-9,random_position,-40.79717254638672,8.084268569946289,-40.648216009140015,0.003047302490370573,forget,for_004,M_npo_s0
3,-6,real,-40.79717254638672,8.084268569946289,-40.79039692878723,0.00013861329463184203,forget,for_004,M_npo_s0
3,-5,real,-40.79717254638672,8.084268569946289,-40.80088424682617,-7.59327130028684e-05,forget,for_004,M_npo_s0
3,-4,real,-40.79717254638672,8.084268569946289,-40.81616997718811,-0.00038864301803581426,forget,for_004,M_npo_s0
3,-3,real,-40.79717254638672,8.084268569946289,-40.79914569854736,-4.036607995964406e-05,forget,for_004,M_npo_s0
3,-2,real,-40.79717254638672,8.084268569946289,-40.76058101654053,0.0007485771493337763,forget,for_004,M_npo_s0
3,-1,real,-40.79717254638672,8.084268569946289,-40.67718434333801,0.002454678100900216,forget,for_004,M_npo_s0
3,-14,random_position,-40.79717254638672,8.084268569946289,-40.68103265762329,0.00237595058801614,forget,for_004,M_npo_s0
4,-6,real,-40.79717254638672,8.084268569946289,-40.7815887928009,0.00031880716341254413,forget,for_004,M_npo_s0
4,-5,real,-40.79717254638672,8.084268569946289,-40.798858404159546,-3.448870848171135e-05,forget,for_004,M_npo_s0
4,-4,real,-40.79717254638672,8.084268569946289,-40.8133225440979,-0.00033039119433378076,forget,for_004,M_npo_s0
4,-3,real,-40.79717254638672,8.084268569946289,-40.79891109466553,-3.5566633043224325e-05,forget,for_004,M_npo_s0
4,-2,real,-40.79717254638672,8.084268569946289,-40.78021812438965,0.0003468478344719924,forget,for_004,M_npo_s0
4,-1,real,-40.79717254638672,8.084268569946289,-40.62185764312744,0.00358653303289576,forget,for_004,M_npo_s0
4,-11,random_position,-40.79717254638672,8.084268569946289,-40.228853702545166,0.011626474810532078,forget,for_004,M_npo_s0
5,-6,real,-40.79717254638672,8.084268569946289,-40.75338125228882,0.0008958674928114626,forget,for_004,M_npo_s0
5,-5,real,-40.79717254638672,8.084268569946289,-40.81610345840454,-0.0003872821992454879,forget,for_004,M_npo_s0
5,-4,real,-40.79717254638672,8.084268569946289,-40.79754996299744,-7.721061451923219e-06,forget,for_004,M_npo_s0
5,-3,real,-40.79717254638672,8.084268569946289,-40.80528783798218,-0.00016601989241981206,forget,for_004,M_npo_s0
5,-2,real,-40.79717254638672,8.084268569946289,-40.810264110565186,-0.00026782279489899176,forget,for_004,M_npo_s0
5,-1,real,-40.79717254638672,8.084268569946289,-40.42100214958191,0.00769556682892309,forget,for_004,M_npo_s0
5,-12,random_position,-40.79717254638672,8.084268569946289,-40.82950258255005,-0.000661396951992225,forget,for_004,M_npo_s0
6,-6,real,-40.79717254638672,8.084268569946289,-40.778635025024414,0.00037923434618441826,forget,for_004,M_npo_s0
6,-5,real,-40.79717254638672,8.084268569946289,-40.84772825241089,-0.0010342515455682318,forget,for_004,M_npo_s0
6,-4,real,-40.79717254638672,8.084268569946289,-40.80857753753662,-0.00023331945395716933,forget,for_004,M_npo_s0
6,-3,real,-40.79717254638672,8.084268569946289,-40.820502281188965,-0.000477271828928358,forget,for_004,M_npo_s0
6,-2,real,-40.79717254638672,8.084268569946289,-40.77884221076965,0.00037499581023892157,forget,for_004,M_npo_s0
6,-1,real,-40.79717254638672,8.084268569946289,-39.7758851647377,0.020893152049638923,forget,for_004,M_npo_s0
6,-2,random_position,-40.79717254638672,8.084268569946289,-40.77884221076965,0.00037499581023892157,forget,for_004,M_npo_s0
7,-6,real,-40.79717254638672,8.084268569946289,-40.83779573440552,-0.0008310554494929814,forget,for_004,M_npo_s0
7,-5,real,-40.79717254638672,8.084268569946289,-40.93114519119263,-0.0027407670835044844,forget,for_004,M_npo_s0
7,-4,real,-40.79717254638672,8.084268569946289,-40.83902311325073,-0.0008561647510435188,forget,for_004,M_npo_s0
7,-3,real,-40.79717254638672,8.084268569946289,-40.836803913116455,-0.0008107651048056784,forget,for_004,M_npo_s0
7,-2,real,-40.79717254638672,8.084268569946289,-40.79551291465759,3.395218494430671e-05,forget,for_004,M_npo_s0
7,-1,real,-40.79717254638672,8.084268569946289,-38.44568991661072,0.04810583681810248,forget,for_004,M_npo_s0
7,-9,random_position,-40.79717254638672,8.084268569946289,-40.73376774787903,0.0012971139364895822,forget,for_004,M_npo_s0
8,-6,real,-40.79717254638672,8.084268569946289,-40.71050429344177,0.0017730298241143178,forget,for_004,M_npo_s0
8,-5,real,-40.79717254638672,8.084268569946289,-40.95192766189575,-0.00316592784449074,forget,for_004,M_npo_s0
8,-4,real,-40.79717254638672,8.084268569946289,-40.79180312156677,0.00010984587805354567,forget,for_004,M_npo_s0
8,-3,real,-40.79717254638672,8.084268569946289,-40.87281656265259,-0.001547499716422923,forget,for_004,M_npo_s0
8,-2,real,-40.79717254638672,8.084268569946289,-40.76677417755127,0.000621879554719021,forget,for_004,M_npo_s0
8,-1,real,-40.79717254638672,8.084268569946289,-33.90449333190918,0.1410081015834546,forget,for_004,M_npo_s0
8,-5,random_position,-40.79717254638672,8.084268569946289,-40.95192766189575,-0.00316592784449074,forget,for_004,M_npo_s0
9,-6,real,-40.79717254638672,8.084268569946289,-40.44828963279724,0.007137328720713668,forget,for_004,M_npo_s0
9,-5,real,-40.79717254638672,8.084268569946289,-40.77370285987854,0.0004801349136234174,forget,for_004,M_npo_s0
9,-4,real,-40.79717254638672,8.084268569946289,-40.56556177139282,0.004738214948341758,forget,for_004,M_npo_s0
9,-3,real,-40.79717254638672,8.084268569946289,-40.63012361526489,0.003417430568879223,forget,for_004,M_npo_s0
9,-2,real,-40.79717254638672,8.084268569946289,-40.51990103721619,0.0056723268143967645,forget,for_004,M_npo_s0
9,-1,real,-40.79717254638672,8.084268569946289,-20.250099182128906,0.4203450817940863,forget,for_004,M_npo_s0
9,-13,random_position,-40.79717254638672,8.084268569946289,-40.78779125213623,0.00019191934681634542,forget,for_004,M_npo_s0
10,-6,real,-40.79717254638672,8.084268569946289,-39.67272222042084,0.023003624694488866,forget,for_004,M_npo_s0
10,-5,real,-40.79717254638672,8.084268569946289,-40.51015329360962,0.005871742858276663,forget,for_004,M_npo_s0
10,-4,real,-40.79717254638672,8.084268569946289,-40.28749096393585,0.010426893536912604,forget,for_004,M_npo_s0
10,-3,real,-40.79717254638672,8.084268569946289,-40.40685701370239,0.007984943237565639,forget,for_004,M_npo_s0
10,-2,real,-40.79717254638672,8.084268569946289,-39.884220123291016,0.018676872085726083,forget,for_004,M_npo_s0
10,-1,real,-40.79717254638672,8.084268569946289,-8.031330108642578,0.6703125294478259,forget,for_004,M_npo_s0
10,-6,random_position,-40.79717254638672,8.084268569946289,-39.67272222042084,0.023003624694488866,forget,for_004,M_npo_s0
11,-6,real,-40.79717254638672,8.084268569946289,-40.79717254638672,0.0,forget,for_004,M_npo_s0
11,-5,real,-40.79717254638672,8.084268569946289,-40.79717254638672,0.0,forget,for_004,M_npo_s0
11,-4,real,-40.79717254638672,8.084268569946289,-40.79717254638672,0.0,forget,for_004,M_npo_s0
11,-3,real,-40.79717254638672,8.084268569946289,-40.79717254638672,0.0,forget,for_004,M_npo_s0
11,-2,real,-40.79717254638672,8.084268569946289,-40.79717254638672,0.0,forget,for_004,M_npo_s0
11,-1,real,-40.79717254638672,8.084268569946289,7.790523529052734,0.9939906632418125,forget,for_004,M_npo_s0
11,-7,random_position,-40.79717254638672,8.084268569946289,-40.79717254638672,0.0,forget,for_004,M_npo_s0
0,-6,real,-41.95802140235901,7.6363983154296875,-41.80558800697327,0.003073599736687046,forget,for_004,M_npo_s0
0,-5,real,-41.95802140235901,7.6363983154296875,-41.933003187179565,0.0005044562537843293,forget,for_004,M_npo_s0
0,-4,real,-41.95802140235901,7.6363983154296875,-41.65084195137024,0.0061938309337368725,forget,for_004,M_npo_s0
0,-3,real,-41.95802140235901,7.6363983154296875,-41.95192766189575,0.0001228714943724024,forget,for_004,M_npo_s0
0,-2,real,-41.95802140235901,7.6363983154296875,-41.966047525405884,-0.00016183520429408638,forget,for_004,M_npo_s0
0,-1,real,-41.95802140235901,7.6363983154296875,-41.95832586288452,-6.139007719924795e-06,forget,for_004,M_npo_s0
0,-11,random_position,-41.95802140235901,7.6363983154296875,-41.94882392883301,0.00018545379859948225,forget,for_004,M_npo_s0
1,-6,real,-41.95802140235901,7.6363983154296875,-41.800705909729004,0.00317204019172299,forget,for_004,M_npo_s0
1,-5,real,-41.95802140235901,7.6363983154296875,-41.87220478057861,0.0017303685025195387,forget,for_004,M_npo_s0
1,-4,real,-41.95802140235901,7.6363983154296875,-41.12852716445923,0.016725555871404913,forget,for_004,M_npo_s0
1,-3,real,-41.95802140235901,7.6363983154296875,-41.950167655944824,0.00015835947791859257,forget,for_004,M_npo_s0
1,-2,real,-41.95802140235901,7.6363983154296875,-41.97000694274902,-0.000241671148855395,forget,for_004,M_npo_s0
1,-1,real,-41.95802140235901,7.6363983154296875,-41.91212487220764,0.0009254373861522341,forget,for_004,M_npo_s0
1,-3,random_position,-41.95802140235901,7.6363983154296875,-41.950167655944824,0.00015835947791859257,forget,for_004,M_npo_s0
2,-6,real,-41.95802140235901,7.6363983154296875,-41.82032918930054,0.0027763650394942267,forget,for_004,M_npo_s0
2,-5,real,-41.95802140235901,7.6363983154296875,-41.83536696434021,0.0024731499776940572,forget,for_004,M_npo_s0
2,-4,real,-41.95802140235901,7.6363983154296875,-40.11971855163574,0.03706672769202495,forget,for_004,M_npo_s0
2,-3,real,-41.95802140235901,7.6363983154296875,-41.9226655960083,0.0007128988816059575,forget,for_004,M_npo_s0
2,-2,real,-41.95802140235901,7.6363983154296875,-41.95240783691406,0.00011318945713831583,forget,for_004,M_npo_s0
2,-1,real,-41.95802140235901,7.6363983154296875,-41.86380076408386,0.0018998233835842444,forget,for_004,M_npo_s0
2,-8,random_position,-41.95802140235901,7.6363983154296875,-40.865710854530334,0.022024868000156895,forget,for_004,M_npo_s0
3,-6,real,-41.95802140235901,7.6363983154296875,-41.94018530845642,0.0003596391288391339,forget,for_004,M_npo_s0
3,-5,real,-41.95802140235901,7.6363983154296875,-41.86794352531433,0.0018162905737632473,forget,for_004,M_npo_s0
3,-4,real,-41.95802140235901,7.6363983154296875,-39.43654805421829,0.05084187621286566,forget,for_004,M_npo_s0
3,-3,real,-41.95802140235901,7.6363983154296875,-41.91776156425476,0.0008117816144102904,forget,for_004,M_npo_s0
3,-2,real,-41.95802140235901,7.6363983154296875,-41.92985796928406,0.0005678750398777105,forget,for_004,M_npo_s0
3,-1,real,-41.95802140235901,7.6363983154296875,-41.786545276641846,0.003457568950154637,forget,for_004,M_npo_s0
3,-11,random_position,-41.95802140235901,7.6363983154296875,-41.856027364730835,0.002056562778807759,forget,for_004,M_npo_s0
4,-6,real,-41.95802140235901,7.6363983154296875,-41.83823037147522,0.0024154134994510685,forget,for_004,M_npo_s0
4,-5,real,-41.95802140235901,7.6363983154296875,-41.834810972213745,0.0024843607576493154,forget,for_004,M_npo_s0
4,-4,real,-41.95802140235901,7.6363983154296875,-38.97695270180702,0.06010895414273245,forget,for_004,M_npo_s0
4,-3,real,-41.95802140235901,7.6363983154296875,-41.911678075790405,0.0009344463919996413,forget,for_004,M_npo_s0
4,-2,real,-41.95802140235901,7.6363983154296875,-41.95615768432617,3.757918821194372e-05,forget,for_004,M_npo_s0
4,-1,real,-41.95802140235901,7.6363983154296875,-41.637421011924744,0.006464444835903002,forget,for_004,M_npo_s0
4,-8,random_position,-41.95802140235901,7.6363983154296875,-41.388744831085205,0.011478641639789438,forget,for_004,M_npo_s0
5,-6,real,-41.95802140235901,7.6363983154296875,-41.834468603134155,0.002491264136729826,forget,for_004,M_npo_s0
5,-5,real,-41.95802140235901,7.6363983154296875,-41.59225630760193,0.007375126008902292,forget,for_004,M_npo_s0
5,-4,real,-41.95802140235901,7.6363983154296875,-39.58644589781761,0.04781940222381012,forget,for_004,M_npo_s0
5,-3,real,-41.95802140235901,7.6363983154296875,-41.905497789382935,0.0010590629606103622,forget,for_004,M_npo_s0
5,-2,real,-41.95802140235901,7.6363983154296875,-41.94288158416748,0.00030527261489658925,forget,for_004,M_npo_s0
5,-1,real,-41.95802140235901,7.6363983154296875,-41.43616199493408,0.010522542866606914,forget,for_004,M_npo_s0
5,-10,random_position,-41.95802140235901,7.6363983154296875,-41.97302222251892,-0.0003024699199077747,forget,for_004,M_npo_s0
6,-6,real,-41.95802140235901,7.6363983154296875,-41.847795724868774,0.0022225419334969704,forget,for_004,M_npo_s0
6,-5,real,-41.95802140235901,7.6363983154296875,-41.42076885700226,0.010832923308991695,forget,for_004,M_npo_s0
6,-4,real,-41.95802140235901,7.6363983154296875,-40.366465985774994,0.03209142128571272,forget,for_004,M_npo_s0
6,-3,real,-41.95802140235901,7.6363983154296875,-41.91940951347351,0.0007785530933765236,forget,for_004,M_npo_s0
6,-2,real,-41.95802140235901,7.6363983154296875,-41.92570424079895,0.0006516289885829023,forget,for_004,M_npo_s0
6,-1,real,-41.95802140235901,7.6363983154296875,-41.007081747055054,0.019174327690800037,forget,for_004,M_npo_s0
6,-2,random_position,-41.95802140235901,7.6363983154296875,-41.92570424079895,0.0006516289885829023,forget,for_004,M_npo_s0
7,-6,real,-41.95802140235901,7.6363983154296875,-41.969247341156006,-0.00022635487744139312,forget,for_004,M_npo_s0
7,-5,real,-41.95802140235901,7.6363983154296875,-41.394044518470764,0.011371781081369433,forget,for_004,M_npo_s0
7,-4,real,-41.95802140235901,7.6363983154296875,-41.100228786468506,0.017296151881031625,forget,for_004,M_npo_s0
7,-3,real,-41.95802140235901,7.6363983154296875,-41.960779666900635,-5.5616429374949066e-05,forget,for_004,M_npo_s0
7,-2,real,-41.95802140235901,7.6363983154296875,-41.936639070510864,0.0004311439063067622,forget,for_004,M_npo_s0
7,-1,real,-41.95802140235901,7.6363983154296875,-39.578489542007446,0.047979830672321866,forget,for_004,M_npo_s0
7,-7,random_position,-41.95802140235901,7.6363983154296875,1.8461856842041016,0.8832487069276318,forget,for_004,M_npo_s0
8,-6,real,-41.95802140235901,7.6363983154296875,-41.951979637145996,0.00012182348835600176,forget,for_004,M_npo_s0
8,-5,real,-41.95802140235901,7.6363983154296875,-41.383174896240234,0.011590951348758023,forget,for_004,M_npo_s0
8,-4,real,-41.95802140235901,7.6363983154296875,-38.889753222465515,0.061867205975049584,forget,for_004,M_npo_s0
8,-3,real,-41.95802140235901,7.6363983154296875,-41.93202018737793,0.0005242770281220348,forget,for_004,M_npo_s0
8,-2,real,-41.95802140235901,7.6363983154296875,-41.9455292224884,0.0002518868038317773,forget,for_004,M_npo_s0
8,-1,real,-41.95802140235901,7.6363983154296875,-34.90805912017822,0.14215232928014443,forget,for_004,M_npo_s0
8,-5,random_position,-41.95802140235901,7.6363983154296875,-41.383174896240234,0.011590951348758023,forget,for_004,M_npo_s0
9,-6,real,-41.95802140235901,7.6363983154296875,-41.53461790084839,0.008537321414787162,forget,for_004,M_npo_s0
9,-5,real,-41.95802140235901,7.6363983154296875,-40.45987021923065,0.030208059528741595,forget,for_004,M_npo_s0
9,-4,real,-41.95802140235901,7.6363983154296875,-37.142139196395874,0.09710532421525153,forget,for_004,M_npo_s0
9,-3,real,-41.95802140235901,7.6363983154296875,-41.81756114959717,0.002832178570918132,forget,for_004,M_npo_s0
9,-2,real,-41.95802140235901,7.6363983154296875,-41.90534234046936,0.0010621973639254687,forget,for_004,M_npo_s0
9,-1,real,-41.95802140235901,7.6363983154296875,-20.697067260742188,0.42869649977960866,forget,for_004,M_npo_s0
9,-10,random_position,-41.95802140235901,7.6363983154296875,-41.95188355445862,0.00012376085727622862,forget,for_004,M_npo_s0
10,-6,real,-41.95802140235901,7.6363983154296875,-39.89280295372009,0.04164215370178344,forget,for_004,M_npo_s0
10,-5,real,-41.95802140235901,7.6363983154296875,-40.50581622123718,0.029281624613926964,forget,for_004,M_npo_s0
10,-4,real,-41.95802140235901,7.6363983154296875,-37.41488862037659,0.09160572515687436,forget,for_004,M_npo_s0
10,-3,real,-41.95802140235901,7.6363983154296875,-41.730886936187744,0.004579839172708281,forget,for_004,M_npo_s0
10,-2,real,-41.95802140235901,7.6363983154296875,-41.83001375198364,0.0025810897900162746,forget,for_004,M_npo_s0
10,-1,real,-41.95802140235901,7.6363983154296875,-9.335033416748047,0.6577955377086434,forget,for_004,M_npo_s0
10,-5,random_position,-41.95802140235901,7.6363983154296875,-40.50581622123718,0.029281624613926964,forget,for_004,M_npo_s0
11,-6,real,-41.95802140235901,7.6363983154296875,-41.95802140235901,0.0,forget,for_004,M_npo_s0
11,-5,real,-41.95802140235901,7.6363983154296875,-41.95802140235901,0.0,forget,for_004,M_npo_s0
11,-4,real,-41.95802140235901,7.6363983154296875,-41.95802140235901,0.0,forget,for_004,M_npo_s0
11,-3,real,-41.95802140235901,7.6363983154296875,-41.95802140235901,0.0,forget,for_004,M_npo_s0
11,-2,real,-41.95802140235901,7.6363983154296875,-41.95802140235901,0.0,forget,for_004,M_npo_s0
11,-1,real,-41.95802140235901,7.6363983154296875,7.353910446166992,0.9943040392271921,forget,for_004,M_npo_s0
11,-6,random_position,-41.95802140235901,7.6363983154296875,-41.95802140235901,0.0,forget,for_004,M_npo_s0
0,-6,real,-41.68777799606323,8.321107864379883,-40.34893834590912,0.02677203515171955,forget,for_004,M_npo_s0
0,-5,real,-41.68777799606323,8.321107864379883,-40.94433903694153,0.014866137214021842,forget,for_004,M_npo_s0
0,-4,real,-41.68777799606323,8.321107864379883,-41.58720111846924,0.00201118013056056,forget,for_004,M_npo_s0
0,-3,real,-41.68777799606323,8.321107864379883,-41.694703340530396,-0.0001384822786592215,forget,for_004,M_npo_s0
0,-2,real,-41.68777799606323,8.321107864379883,-41.34395933151245,0.006875151458287952,forget,for_004,M_npo_s0
0,-1,real,-41.68777799606323,8.321107864379883,-41.72300481796265,-0.000704411251986687,forget,for_004,M_npo_s0
0,-12,random_position,-41.68777799606323,8.321107864379883,-41.698461055755615,-0.00021362322932359272,forget,for_004,M_npo_s0
1,-6,real,-41.68777799606323,8.321107864379883,-39.96029329299927,0.03454355507708681,forget,for_004,M_npo_s0
1,-5,real,-41.68777799606323,8.321107864379883,-38.7801234126091,0.05814275870029087,forget,for_004,M_npo_s0
1,-4,real,-41.68777799606323,8.321107864379883,-41.58252000808716,0.002104785702881115,forget,for_004,M_npo_s0
1,-3,real,-41.68777799606323,8.321107864379883,-41.64637327194214,0.000827947341931182,forget,for_004,M_npo_s0
1,-2,real,-41.68777799606323,8.321107864379883,-40.725850105285645,0.019235139400265465,forget,for_004,M_npo_s0
1,-1,real,-41.68777799606323,8.321107864379883,-41.702507734298706,-0.00029454241945279597,forget,for_004,M_npo_s0
1,-3,random_position,-41.68777799606323,8.321107864379883,-41.64637327194214,0.000827947341931182,forget,for_004,M_npo_s0
2,-6,real,-41.68777799606323,8.321107864379883,-40.692046880722046,0.019911083764591664,forget,for_004,M_npo_s0
2,-5,real,-41.68777799606323,8.321107864379883,-33.34459137916565,0.16683408305036884,forget,for_004,M_npo_s0
2,-4,real,-41.68777799606323,8.321107864379883,-41.64014768600464,0.0009524369367378605,forget,for_004,M_npo_s0
2,-3,real,-41.68777799606323,8.321107864379883,-41.69365620613098,-0.00011754331188567172,forget,for_004,M_npo_s0
2,-2,real,-41.68777799606323,8.321107864379883,-39.6031574010849,0.041685003757047534,forget,for_004,M_npo_s0
2,-1,real,-41.68777799606323,8.321107864379883,-41.69838356971741,-0.00021207378392254451,forget,for_004,M_npo_s0
2,-8,random_position,-41.68777799606323,8.321107864379883,-41.65881109237671,0.0005792351336792363,forget,for_004,M_npo_s0
3,-6,real,-41.68777799606323,8.321107864379883,-40.86022400856018,0.01654813886101079,forget,for_004,M_npo_s0
3,-5,real,-41.68777799606323,8.321107864379883,-25.655986309051514,0.32057886135977326,forget,for_004,M_npo_s0
3,-4,real,-41.68777799606323,8.321107864379883,-41.667160987854004,0.00041226689726228254,forget,for_004,M_npo_s0
3,-3,real,-41.68777799606323,8.321107864379883,-41.64507246017456,0.000853958954571548,forget,for_004,M_npo_s0
3,-2,real,-41.68777799606323,8.321107864379883,-39.2066490650177,0.04961376140171317,forget,for_004,M_npo_s0
3,-1,real,-41.68777799606323,8.321107864379883,-41.642667055130005,0.0009020585073443951,forget,for_004,M_npo_s0
3,-12,random_position,-41.68777799606323,8.321107864379883,-41.553738594055176,0.0026803117026464574,forget,for_004,M_npo_s0
4,-6,real,-41.68777799606323,8.321107864379883,-41.06760358810425,0.012401284237558681,forget,for_004,M_npo_s0
4,-5,real,-41.68777799606323,8.321107864379883,-16.422365188598633,0.5052184701329143,forget,for_004,M_npo_s0
4,-4,real,-41.68777799606323,8.321107864379883,-41.60245943069458,0.0017060681097104602,forget,for_004,M_npo_s0
4,-3,real,-41.68777799606323,8.321107864379883,-41.66590857505798,0.00043731070246753233,forget,for_004,M_npo_s0
4,-2,real,-41.68777799606323,8.321107864379883,-38.36852502822876,0.06637326368552418,forget,for_004,M_npo_s0
4,-1,real,-41.68777799606323,8.321107864379883,-41.4456992149353,0.004840715344138736,forget,for_004,M_npo_s0
4,-9,random_position,-41.68777799606323,8.321107864379883,-41.65593862533569,0.0006366742665771707,forget,for_004,M_npo_s0
5,-6,real,-41.68777799606323,8.321107864379883,-41.24352693557739,0.008883442469116097,forget,for_004,M_npo_s0
5,-5,real,-41.68777799606323,8.321107864379883,-7.891725540161133,0.6758009476598774,forget,for_004,M_npo_s0
5,-4,real,-41.68777799606323,8.321107864379883,-41.59690284729004,0.001817180031300704,forget,for_004,M_npo_s0
5,-3,real,-41.68777799606323,8.321107864379883,-41.409668922424316,0.005561193153053216,forget,for_004,M_npo_s0
5,-2,real,-41.68777799606323,8.321107864379883,-38.699901938438416,0.0597469030996393,forget,for_004,M_npo_s0
5,-1,real,-41.68777799606323,8.321107864379883,-41.29758810997009,0.007802411099139857,forget,for_004,M_npo_s0
5,-11,random_position,-41.68777799606323,8.321107864379883,-41.70301651954651,-0.000304716316332294,forget,for_004,M_npo_s0
6,-6,real,-41.68777799606323,8.321107864379883,-41.24121880531311,0.00892959687197009,forget,for_004,M_npo_s0
6,-5,real,-41.68777799606323,8.321107864379883,-4.320760726928711,0.7472075537417986,forget,for_004,M_npo_s0
6,-4,real,-41.68777799606323,8.321107864379883,-41.56419038772583,0.0024713129719044547,forget,for_004,M_npo_s0
6,-3,real,-41.68777799606323,8.321107864379883,-41.24515199661255,0.008850947023412882,forget,for_004,M_npo_s0
6,-2,real,-41.68777799606323,8.321107864379883,-39.38902124762535,0.04596696584788727,forget,for_004,M_npo_s0
6,-1,real,-41.68777799606323,8.321107864379883,-40.83924639225006,0.016967616638793336,forget,for_004,M_npo_s0
6,-2,random_position,-41.68777799606323,8.321107864379883,-39.38902124762535,0.04596696584788727,forget,for_004,M_npo_s0
7,-6,real,-41.68777799606323,8.321107864379883,-41.58044695854187,0.002146239326764543,forget,for_004,M_npo_s0
7,-5,real,-41.68777799606323,8.321107864379883,0.37131500244140625,0.8410323940404612,forget,for_004,M_npo_s0
7,-4,real,-41.68777799606323,8.321107864379883,-41.741437911987305,-0.001073007626560965,forget,for_004,M_npo_s0
7,-3,real,-41.68777799606323,8.321107864379883,-41.154836773872375,0.010656930523869398,forget,for_004,M_npo_s0
7,-2,real,-41.68777799606323,8.321107864379883,-39.656246066093445,0.04062341911873553,forget,for_004,M_npo_s0
7,-1,real,-41.68777799606323,8.321107864379883,-39.53248691558838,0.043098162324381684,forget,for_004,M_npo_s0
7,-8,random_position,-41.68777799606323,8.321107864379883,-41.676555156707764,0.00022441690436351,forget,for_004,M_npo_s0
8,-6,real,-41.68777799606323,8.321107864379883,-41.548250675201416,0.0027900505772351573,forget,for_004,M_npo_s0
8,-5,real,-41.68777799606323,8.321107864379883,-4.663591384887695,0.7403521589042551,forget,for_004,M_npo_s0
8,-4,real,-41.68777799606323,8.321107864379883,-41.680017948150635,0.0001551733812717438,forget,for_004,M_npo_s0
8,-3,real,-41.68777799606323,8.321107864379883,-41.14892649650574,0.010775115067774886,forget,for_004,M_npo_s0
8,-2,real,-41.68777799606323,8.321107864379883,-36.42630708217621,0.10521072052214689,forget,for_004,M_npo_s0
8,-1,real,-41.68777799606323,8.321107864379883,-34.61904335021973,0.14134957266534215,forget,for_004,M_npo_s0
8,-5,random_position,-41.68777799606323,8.321107864379883,-4.663591384887695,0.7403521589042551,forget,for_004,M_npo_s0
9,-6,real,-41.68777799606323,8.321107864379883,-41.50462627410889,0.0036623835705009815,forget,for_004,M_npo_s0
9,-5,real,-41.68777799606323,8.321107864379883,-25.214913368225098,0.32939875272982483,forget,for_004,M_npo_s0
9,-4,real,-41.68777799606323,8.321107864379883,-40.99531126022339,0.01384687388901785,forget,for_004,M_npo_s0
9,-3,real,-41.68777799606323,8.321107864379883,-40.315656900405884,0.027437545789091303,forget,for_004,M_npo_s0
9,-2,real,-41.68777799606323,8.321107864379883,-35.305134892463684,0.1276301799926361,forget,for_004,M_npo_s0
9,-1,real,-41.68777799606323,8.321107864379883,-20.740428924560547,0.4188725405712743,forget,for_004,M_npo_s0
9,-11,random_position,-41.68777799606323,8.321107864379883,-41.707106590270996,-0.0003865031958860842,forget,for_004,M_npo_s0
10,-6,real,-41.68777799606323,8.321107864379883,-41.54760456085205,0.002802970568117744,forget,for_004,M_npo_s0
10,-5,real,-41.68777799606323,8.321107864379883,-38.57440656423569,0.062256364609198644,forget,for_004,M_npo_s0
10,-4,real,-41.68777799606323,8.321107864379883,-38.62046900391579,0.06133527950826991,forget,for_004,M_npo_s0
10,-3,real,-41.68777799606323,8.321107864379883,-40.330528259277344,0.027140171460197822,forget,for_004,M_npo_s0
10,-2,real,-41.68777799606323,8.321107864379883,-36.50349250435829,0.10366728637331422,forget,for_004,M_npo_s0
10,-1,real,-41.68777799606323,8.321107864379883,-7.870664596557617,0.6762220916874065,forget,for_004,M_npo_s0
10,-6,random_position,-41.68777799606323,8.321107864379883,-41.54760456085205,0.002802970568117744,forget,for_004,M_npo_s0
11,-6,real,-41.68777799606323,8.321107864379883,-41.68777799606323,0.0,forget,for_004,M_npo_s0
11,-5,real,-41.68777799606323,8.321107864379883,-41.68777799606323,0.0,forget,for_004,M_npo_s0
11,-4,real,-41.68777799606323,8.321107864379883,-41.68777799606323,0.0,forget,for_004,M_npo_s0
11,-3,real,-41.68777799606323,8.321107864379883,-41.68777799606323,0.0,forget,for_004,M_npo_s0
11,-2,real,-41.68777799606323,8.321107864379883,-41.68777799606323,0.0,forget,for_004,M_npo_s0
11,-1,real,-41.68777799606323,8.321107864379883,8.121026992797852,0.995999093598278,forget,for_004,M_npo_s0
11,-6,random_position,-41.68777799606323,8.321107864379883,-41.68777799606323,0.0,forget,for_004,M_npo_s0
0,-6,real,-42.23742127418518,7.6011810302734375,-42.202147483825684,0.0007077604252224672,forget,for_004,M_npo_s0
0,-5,real,-42.23742127418518,7.6011810302734375,-41.906409740448,0.006641669678356328,forget,for_004,M_npo_s0
0,-4,real,-42.23742127418518,7.6011810302734375,-42.23561382293701,3.626609023117104e-05,forget,for_004,M_npo_s0
0,-3,real,-42.23742127418518,7.6011810302734375,-42.24147343635559,-8.130569444255151e-05,forget,for_004,M_npo_s0
0,-2,real,-42.23742127418518,7.6011810302734375,-42.23465609550476,5.548266910712594e-05,forget,for_004,M_npo_s0
0,-1,real,-42.23742127418518,7.6011810302734375,-42.232011795043945,0.00010853994476388863,forget,for_004,M_npo_s0
0,-12,random_position,-42.23742127418518,7.6011810302734375,-42.22598338127136,0.00022949866940379893,forget,for_004,M_npo_s0
1,-6,real,-42.23742127418518,7.6011810302734375,-42.14444065093994,0.001865634647561557,forget,for_004,M_npo_s0
1,-5,real,-42.23742127418518,7.6011810302734375,-41.345325112342834,0.01789970265202518,forget,for_004,M_npo_s0
1,-4,real,-42.23742127418518,7.6011810302734375,-42.23306179046631,8.747203005895826e-05,forget,for_004,M_npo_s0
1,-3,real,-42.23742127418518,7.6011810302734375,-42.23519778251648,4.4613844808851226e-05,forget,for_004,M_npo_s0
1,-2,real,-42.23742127418518,7.6011810302734375,-42.240966796875,-7.114009073047679e-05,forget,for_004,M_npo_s0
1,-1,real,-42.23742127418518,7.6011810302734375,-42.17866063117981,0.0011790186780602052,forget,for_004,M_npo_s0
1,-3,random_position,-42.23742127418518,7.6011810302734375,-42.23519778251648,4.4613844808851226e-05,forget,for_004,M_npo_s0
2,-6,real,-42.23742127418518,7.6011810302734375,-42.103219747543335,0.002692722517016491,forget,for_004,M_npo_s0
2,-5,real,-42.23742127418518,7.6011810302734375,-40.31166595220566,0.0386398340430033,forget,for_004,M_npo_s0
2,-4,real,-42.23742127418518,7.6011810302734375,-42.22764492034912,0.0001961602730417054,forget,for_004,M_npo_s0
2,-3,real,-42.23742127418518,7.6011810302734375,-42.219226360321045,0.00036507672813505056,forget,for_004,M_npo_s0
2,-2,real,-42.23742127418518,7.6011810302734375,-42.24933648109436,-0.0002390758640539512,forget,for_004,M_npo_s0
2,-1,real,-42.23742127418518,7.6011810302734375,-42.12573719024658,0.0022409152499167748,forget,for_004,M_npo_s0
2,-8,random_position,-42.23742127418518,7.6011810302734375,-32.717459201812744,0.19101583174857154,forget,for_004,M_npo_s0
3,-6,real,-42.23742127418518,7.6011810302734375,-42.134527921676636,0.0020645312619318773,forget,for_004,M_npo_s0
3,-5,real,-42.23742127418518,7.6011810302734375,-39.62696644663811,0.052378170872451196,forget,for_004,M_npo_s0
3,-4,real,-42.23742127418518,7.6011810302734375,-42.22036552429199,0.000342219667176795,forget,for_004,M_npo_s0
3,-3,real,-42.23742127418518,7.6011810302734375,-42.21701383590698,0.0004094705175223698,forget,for_004,M_npo_s0
3,-2,real,-42.23742127418518,7.6011810302734375,-42.2449893951416,-0.0001518525922975943,forget,for_004,M_npo_s0
3,-1,real,-42.23742127418518,7.6011810302734375,-42.05715727806091,0.003616955287450767,forget,for_004,M_npo_s0
3,-12,random_position,-42.23742127418518,7.6011810302734375,-42.13568592071533,0.002041296279706208,forget,for_004,M_npo_s0
4,-6,real,-42.23742127418518,7.6011810302734375,-42.08870053291321,0.0029840471922437505,forget,for_004,M_npo_s0
4,-5,real,-42.23742127418518,7.6011810302734375,-39.18486785888672,0.061248776533714654,forget,for_004,M_npo_s0
4,-4,real,-42.23742127418518,7.6011810302734375,-42.212430000305176,0.0005014441160957103,forget,for_004,M_npo_s0
4,-3,real,-42.23742127418518,7.6011810302734375,-42.220404624938965,0.0003414351217608984,forget,for_004,M_npo_s0
4,-2,real,-42.23742127418518,7.6011810302734375,-42.24416208267212,-0.00013525275941246522,forget,for_004,M_npo_s0
4,-1,real,-42.23742127418518,7.6011810302734375,-41.93214154243469,0.006125367037493698,forget,for_004,M_npo_s0
4,-9,random_position,-42.23742127418518,7.6011810302734375,-41.630632400512695,0.012175078064302002,forget,for_004,M_npo_s0
5,-6,real,-42.23742127418518,7.6011810302734375,-41.800222873687744,0.008772284540136958,forget,for_004,M_npo_s0
5,-5,real,-42.23742127418518,7.6011810302734375,-39.79760414361954,0.04895436504541329,forget,for_004,M_npo_s0
5,-4,real,-42.23742127418518,7.6011810302734375,-42.20022225379944,0.0007463897193283512,forget,for_004,M_npo_s0
5,-3,real,-42.23742127418518,7.6011810302734375,-42.22623062133789,0.00022453785479230646,forget,for_004,M_npo_s0
5,-2,real,-42.23742127418518,7.6011810302734375,-42.24222183227539,-9.632208505535271e-05,forget,for_004,M_npo_s0
5,-1,real,-42.23742127418518,7.6011810302734375,-41.75594437122345,0.009660722425970953,forget,for_004,M_npo_s0
5,-11,random_position,-42.23742127418518,7.6011810302734375,-42.2515766620636,-0.00028402457580861196,forget,for_004,M_npo_s0
6,-6,real,-42.23742127418518,7.6011810302734375,-41.62523579597473,0.012283359683136267,forget,for_004,M_npo_s0
6,-5,real,-42.23742127418518,7.6011810302734375,-40.608930587768555,0.032675288052188,forget,for_004,M_npo_s0
6,-4,real,-42.23742127418518,7.6011810302734375,-42.21591806411743,0.0004314569244215206,forget,for_004,M_npo_s0
6,-3,real,-42.23742127418518,7.6011810302734375,-42.222533226013184,0.0002987252347296499,forget,for_004,M_npo_s0
6,-2,real,-42.23742127418518,7.6011810302734375,-42.234846115112305,5.1669969738408975e-05,forget,for_004,M_npo_s0
6,-1,real,-42.23742127418518,7.6011810302734375,-41.25001135468483,0.01981215110063422,forget,for_004,M_npo_s0
6,-2,random_position,-42.23742127418518,7.6011810302734375,-42.234846115112305,5.1669969738408975e-05,forget,for_004,M_npo_s0
7,-6,real,-42.23742127418518,7.6011810302734375,-41.55385768413544,0.013715544947948737,forget,for_004,M_npo_s0
7,-5,real,-42.23742127418518,7.6011810302734375,-41.374621987342834,0.017311867647724126,forget,for_004,M_npo_s0
7,-4,real,-42.23742127418518,7.6011810302734375,-42.210726737976074,0.0005356196798223276,forget,for_004,M_npo_s0
7,-3,real,-42.23742127418518,7.6011810302734375,-42.22446894645691,0.0002598854528292571,forget,for_004,M_npo_s0
7,-2,real,-42.23742127418518,7.6011810302734375,-42.23837900161743,-1.92165788759549e-05,forget,for_004,M_npo_s0
7,-1,real,-42.23742127418518,7.6011810302734375,-39.855531215667725,0.04779207177534289,forget,for_004,M_npo_s0
7,-8,random_position,-42.23742127418518,7.6011810302734375,2.109142303466797,0.8898035162933268,forget,for_004,M_npo_s0
8,-6,real,-42.23742127418518,7.6011810302734375,-41.52367436885834,0.014321166170885788,forget,for_004,M_npo_s0
8,-5,real,-42.23742127418518,7.6011810302734375,-38.93536949157715,0.06625490342678865,forget,for_004,M_npo_s0
8,-4,real,-42.23742127418518,7.6011810302734375,-42.18759059906006,0.000999840942984554,forget,for_004,M_npo_s0
8,-3,real,-42.23742127418518,7.6011810302734375,-42.23569059371948,3.472570228044725e-05,forget,for_004,M_npo_s0
8,-2,real,-42.23742127418518,7.6011810302734375,-42.2356014251709,3.6514848533772404e-05,forget,for_004,M_npo_s0
8,-1,real,-42.23742127418518,7.6011810302734375,-34.99106311798096,0.1453964963129786,forget,for_004,M_npo_s0
8,-5,random_position,-42.23742127418518,7.6011810302734375,-38.93536949157715,0.06625490342678865,forget,for_004,M_npo_s0
9,-6,real,-42.23742127418518,7.6011810302734375,-40.393024921417236,0.03700738518910958,forget,for_004,M_npo_s0
9,-5,real,-42.23742127418518,7.6011810302734375,-37.012022495269775,0.10484641497355826,forget,for_004,M_npo_s0
9,-4,real,-42.23742127418518,7.6011810302734375,-42.18079710006714,0.001136150925183075,forget,for_004,M_npo_s0
9,-3,real,-42.23742127418518,7.6011810302734375,-42.21883034706116,0.0003730226423777593,forget,for_004,M_npo_s0
9,-2,real,-42.23742127418518,7.6011810302734375,-42.20073199272156,0.0007361619260406262,forget,for_004,M_npo_s0
9,-1,real,-42.23742127418518,7.6011810302734375,-20.85458755493164,0.42904160089859916,forget,for_004,M_npo_s0
9,-11,random_position,-42.23742127418518,7.6011810302734375,-42.23114895820618,0.00012585256586224083,forget,for_004,M_npo_s0
10,-6,real,-42.23742127418518,7.6011810302734375,-40.48915708065033,0.035078515702645405,forget,for_004,M_npo_s0
10,-5,real,-42.23742127418518,7.6011810302734375,-37.1795437335968,0.10148514016686008,forget,for_004,M_npo_s0
10,-4,real,-42.23742127418518,7.6011810302734375,-42.16601276397705,0.0014327952010351943,forget,for_004,M_npo_s0
10,-3,real,-42.23742127418518,7.6011810302734375,-42.21469497680664,0.00045599788773584683,forget,for_004,M_npo_s0
10,-2,real,-42.23742127418518,7.6011810302734375,-42.146419525146484,0.001825928995415571,forget,for_004,M_npo_s0
10,-1,real,-42.23742127418518,7.6011810302734375,-9.154167175292969,0.6638078230362521,forget,for_004,M_npo_s0
10,-6,random_position,-42.23742127418518,7.6011810302734375,-40.48915708065033,0.035078515702645405,forget,for_004,M_npo_s0
11,-6,real,-42.23742127418518,7.6011810302734375,-42.23742127418518,0.0,forget,for_004,M_npo_s0
11,-5,real,-42.23742127418518,7.6011810302734375,-42.23742127418518,0.0,forget,for_004,M_npo_s0
11,-4,real,-42.23742127418518,7.6011810302734375,-42.23742127418518,0.0,forget,for_004,M_npo_s0
11,-3,real,-42.23742127418518,7.6011810302734375,-42.23742127418518,0.0,forget,for_004,M_npo_s0
11,-2,real,-42.23742127418518,7.6011810302734375,-42.23742127418518,0.0,forget,for_004,M_npo_s0
11,-1,real,-42.23742127418518,7.6011810302734375,7.309532165527344,0.9941481331485895,forget,for_004,M_npo_s0
11,-6,random_position,-42.23742127418518,7.6011810302734375,-42.23742127418518,0.0,forget,for_004,M_npo_s0
0,-6,real,-42.761094093322754,7.194385528564453,-41.937191009521484,0.016492746942625477,forget,for_004,M_npo_s0
0,-5,real,-42.761094093322754,7.194385528564453,-42.6042263507843,0.003140150864845726,forget,for_004,M_npo_s0
0,-4,real,-42.761094093322754,7.194385528564453,-42.757014751434326,8.165954804766672e-05,forget,for_004,M_npo_s0
0,-3,real,-42.761094093322754,7.194385528564453,-42.47645664215088,0.005697822407597616,forget,for_004,M_npo_s0
0,-2,real,-42.761094093322754,7.194385528564453,-42.742934226989746,0.00036352100851517707,forget,for_004,M_npo_s0
0,-1,real,-42.761094093322754,7.194385528564453,-42.768428802490234,-0.00014682491736635998,forget,for_004,M_npo_s0
0,-13,random_position,-42.761094093322754,7.194385528564453,-42.7695038318634,-0.00016834466617681755,forget,for_004,M_npo_s0
1,-6,real,-42.761094093322754,7.194385528564453,-39.53790548443794,0.06452122236201335,forget,for_004,M_npo_s0
1,-5,real,-42.761094093322754,7.194385528564453,-42.61208772659302,0.0029827832273369172,forget,for_004,M_npo_s0
1,-4,real,-42.761094093322754,7.194385528564453,-42.69070339202881,0.0014090686712795513,forget,for_004,M_npo_s0
1,-3,real,-42.761094093322754,7.194385528564453,-42.01992726325989,0.014836547175059764,forget,for_004,M_npo_s0
1,-2,real,-42.761094093322754,7.194385528564453,-42.730690240859985,0.0006086189681871774,forget,for_004,M_npo_s0
1,-1,real,-42.761094093322754,7.194385528564453,-42.730560302734375,0.0006112200467193794,forget,for_004,M_npo_s0
1,-3,random_position,-42.761094093322754,7.194385528564453,-42.01992726325989,0.014836547175059764,forget,for_004,M_npo_s0
2,-6,real,-42.761094093322754,7.194385528564453,-33.32015037536621,0.1889871499466125,forget,for_004,M_npo_s0
2,-5,real,-42.761094093322754,7.194385528564453,-42.63768649101257,0.0024703516660084584,forget,for_004,M_npo_s0
2,-4,real,-42.761094093322754,7.194385528564453,-42.74016809463501,0.0004188929592135423,forget,for_004,M_npo_s0
2,-3,real,-42.761094093322754,7.194385528564453,-41.1417076587677,0.032416592670357326,forget,for_004,M_npo_s0
2,-2,real,-42.761094093322754,7.194385528564453,-42.70328235626221,0.0011572651788777457,forget,for_004,M_npo_s0
2,-1,real,-42.761094093322754,7.194385528564453,-42.702648639678955,0.001169950805921036,forget,for_004,M_npo_s0
2,-9,random_position,-42.761094093322754,7.194385528564453,-42.78271150588989,-0.0004327335605775536,forget,for_004,M_npo_s0
3,-6,real,-42.761094093322754,7.194385528564453,-24.89951229095459,0.3575500012723808,forget,for_004,M_npo_s0
3,-5,real,-42.761094093322754,7.194385528564453,-42.77539587020874,-0.00028629045290399396,forget,for_004,M_npo_s0
3,-4,real,-42.761094093322754,7.194385528564453,-42.86163330078125,-0.0020125761622043644,forget,for_004,M_npo_s0
3,-3,real,-42.761094093322754,7.194385528564453,-40.687506556510925,0.04150871040588146,forget,for_004,M_npo_s0
3,-2,real,-42.761094093322754,7.194385528564453,-42.74326205253601,0.0003569586544201717,forget,for_004,M_npo_s0
3,-1,real,-42.761094093322754,7.194385528564453,-42.62459945678711,0.0027323256141022325,forget,for_004,M_npo_s0
3,-13,random_position,-42.761094093322754,7.194385528564453,-42.67392826080322,0.0017448702960974258,forget,for_004,M_npo_s0
4,-6,real,-42.761094093322754,7.194385528564453,-16.287283897399902,0.5299480736908743,forget,for_004,M_npo_s0
4,-5,real,-42.761094093322754,7.194385528564453,-42.72007966041565,0.0008210197002919908,forget,for_004,M_npo_s0
4,-4,real,-42.761094093322754,7.194385528564453,-42.83648419380188,-0.0015091457643836733,forget,for_004,M_npo_s0
4,-3,real,-42.761094093322754,7.194385528564453,-40.226015627384186,0.05074675461283858,forget,for_004,M_npo_s0
4,-2,real,-42.761094093322754,7.194385528564453,-42.72012948989868,0.0008200222224695501,forget,for_004,M_npo_s0
4,-1,real,-42.761094093322754,7.194385528564453,-42.572813987731934,0.00376895802053972,forget,for_004,M_npo_s0
4,-10,random_position,-42.761094093322754,7.194385528564453,-42.77041244506836,-0.00018653312541759242,forget,for_004,M_npo_s0
5,-6,real,-42.761094093322754,7.194385528564453,-7.182497024536133,0.7122060950686663,forget,for_004,M_npo_s0
5,-5,real,-42.761094093322754,7.194385528564453,-42.70207190513611,0.0011814957765070855,forget,for_004,M_npo_s0
5,-4,real,-42.761094093322754,7.194385528564453,-42.56840968132019,0.003857122651228472,forget,for_004,M_npo_s0
5,-3,real,-42.761094093322754,7.194385528564453,-40.78997939825058,0.03945742709291417,forget,for_004,M_npo_s0
5,-2,real,-42.761094093322754,7.194385528564453,-42.71434545516968,0.0009358060118112447,forget,for_004,M_npo_s0
5,-1,real,-42.761094093322754,7.194385528564453,-42.436033725738525,0.006507001234791637,forget,for_004,M_npo_s0
5,-12,random_position,-42.761094093322754,7.194385528564453,-42.756258964538574,9.678875712487909e-05,forget,for_004,M_npo_s0
6,-6,real,-42.761094093322754,7.194385528564453,-3.439695358276367,0.7871288401726871,forget,for_004,M_npo_s0
6,-5,real,-42.761094093322754,7.194385528564453,-42.666911602020264,0.0018853285368363405,forget,for_004,M_npo_s0
6,-4,real,-42.761094093322754,7.194385528564453,-42.44844627380371,0.006258529031959514,forget,for_004,M_npo_s0
6,-3,real,-42.761094093322754,7.194385528564453,-41.19964861869812,0.03125674073081086,forget,for_004,M_npo_s0
6,-2,real,-42.761094093322754,7.194385528564453,-42.6961932182312,0.0012991742964493017,forget,for_004,M_npo_s0
6,-1,real,-42.761094093322754,7.194385528564453,-42.02580177783966,0.014718952175987848,forget,for_004,M_npo_s0
6,-2,random_position,-42.761094093322754,7.194385528564453,-42.6961932182312,0.0012991742964493017,forget,for_004,M_npo_s0
7,-6,real,-42.761094093322754,7.194385528564453,1.5674266815185547,0.8873605280214238,forget,for_004,M_npo_s0
7,-5,real,-42.761094093322754,7.194385528564453,-42.80807852745056,-0.0009405261341384885,forget,for_004,M_npo_s0
7,-4,real,-42.761094093322754,7.194385528564453,-42.45360541343689,0.00615525428267819,forget,for_004,M_npo_s0
7,-3,real,-42.761094093322754,7.194385528564453,-41.57459318637848,0.023751166357022187,forget,for_004,M_npo_s0
7,-2,real,-42.761094093322754,7.194385528564453,-42.66791391372681,0.0018652644374796841,forget,for_004,M_npo_s0
7,-1,real,-42.761094093322754,7.194385528564453,-40.66107654571533,0.04203778171088427,forget,for_004,M_npo_s0
7,-8,random_position,-42.761094093322754,7.194385528564453,-42.767178773880005,-0.00012180206462445952,forget,for_004,M_npo_s0
8,-6,real,-42.761094093322754,7.194385528564453,-3.2271556854248047,0.7913834219414996,forget,for_004,M_npo_s0
8,-5,real,-42.761094093322754,7.194385528564453,-42.799091815948486,-0.0007606317247544615,forget,for_004,M_npo_s0
8,-4,real,-42.761094093322754,7.194385528564453,-42.42461442947388,0.006735590697871184,forget,for_004,M_npo_s0
8,-3,real,-42.761094093322754,7.194385528564453,-39.21122719347477,0.0710606109022856,forget,for_004,M_npo_s0
8,-2,real,-42.761094093322754,7.194385528564453,-42.613672733306885,0.0029510548418652115,forget,for_004,M_npo_s0
8,-1,real,-42.761094093322754,7.194385528564453,-35.91490459442139,0.13704581660951198,forget,for_004,M_npo_s0
8,-5,random_position,-42.761094093322754,7.194385528564453,-42.799091815948486,-0.0007606317247544615,forget,for_004,M_npo_s0
9,-6,real,-42.761094093322754,7.194385528564453,-25.190153121948242,0.3517320042639743,forget,for_004,M_npo_s0
9,-5,real,-42.761094093322754,7.194385528564453,-42.21990895271301,0.010833348907987051,forget,for_004,M_npo_s0
9,-4,real,-42.761094093322754,7.194385528564453,-41.796974658966064,0.01929957317303537,forget,for_004,M_npo_s0
9,-3,real,-42.761094093322754,7.194385528564453,-37.081995129585266,0.1136832036589892,forget,for_004,M_npo_s0
9,-2,real,-42.761094093322754,7.194385528564453,-42.52406311035156,0.004744844504852677,forget,for_004,M_npo_s0
9,-1,real,-42.761094093322754,7.194385528564453,-22.04657745361328,0.41465954879219563,forget,for_004,M_npo_s0
9,-12,random_position,-42.761094093322754,7.194385528564453,-42.763235092163086,-4.285813801683502e-05,forget,for_004,M_npo_s0
10,-6,real,-42.761094093322754,7.194385528564453,-40.26946476101875,0.04987699750183827,forget,for_004,M_npo_s0
10,-5,real,-42.761094093322754,7.194385528564453,-39.935533702373505,0.056561570669241945,forget,for_004,M_npo_s0
10,-4,real,-42.761094093322754,7.194385528564453,-41.76871967315674,0.01986517650670743,forget,for_004,M_npo_s0
10,-3,real,-42.761094093322754,7.194385528564453,-37.905997931957245,0.09718846056756354,forget,for_004,M_npo_s0
10,-2,real,-42.761094093322754,7.194385528564453,-42.45622634887695,0.006102788858266267,forget,for_004,M_npo_s0
10,-1,real,-42.761094093322754,7.194385528564453,-9.989995956420898,0.6560060755085557,forget,for_004,M_npo_s0
10,-6,random_position,-42.761094093322754,7.194385528564453,-40.26946476101875,0.04987699750183827,forget,for_004,M_npo_s0
11,-6,real,-42.761094093322754,7.194385528564453,-42.761094093322754,0.0,forget,for_004,M_npo_s0
11,-5,real,-42.761094093322754,7.194385528564453,-42.761094093322754,0.0,forget,for_004,M_npo_s0
11,-4,real,-42.761094093322754,7.194385528564453,-42.761094093322754,0.0,forget,for_004,M_npo_s0
11,-3,real,-42.761094093322754,7.194385528564453,-42.761094093322754,0.0,forget,for_004,M_npo_s0
11,-2,real,-42.761094093322754,7.194385528564453,-42.761094093322754,0.0,forget,for_004,M_npo_s0
11,-1,real,-42.761094093322754,7.194385528564453,6.905170440673828,0.9942105432661303,forget,for_004,M_npo_s0
11,-6,random_position,-42.761094093322754,7.194385528564453,-42.761094093322754,0.0,forget,for_004,M_npo_s0
0,-6,real,-42.63681507110596,8.54665756225586,-42.48075819015503,0.0030489701640370637,forget,for_004,M_npo_s0
0,-5,real,-42.63681507110596,8.54665756225586,-42.59378528594971,0.0008406968683911225,forget,for_004,M_npo_s0
0,-4,real,-42.63681507110596,8.54665756225586,-42.30894207954407,0.0064058371715126515,forget,for_004,M_npo_s0
0,-3,real,-42.63681507110596,8.54665756225586,-42.643474102020264,-0.00013010119422741606,forget,for_004,M_npo_s0
0,-2,real,-42.63681507110596,8.54665756225586,-42.63786840438843,-2.057955875749102e-05,forget,for_004,M_npo_s0
0,-1,real,-42.63681507110596,8.54665756225586,-42.647799015045166,-0.000214599427785788,forget,for_004,M_npo_s0
0,-11,random_position,-42.63681507110596,8.54665756225586,-42.63207530975342,9.26033562921959e-05,forget,for_004,M_npo_s0
1,-6,real,-42.63681507110596,8.54665756225586,-42.48131275177002,0.003038135385026216,forget,for_004,M_npo_s0
1,-5,real,-42.63681507110596,8.54665756225586,-42.54539918899536,0.0017860429823788482,forget,for_004,M_npo_s0
1,-4,real,-42.63681507110596,8.54665756225586,-41.732624530792236,0.017665673972351022,forget,for_004,M_npo_s0
1,-3,real,-42.63681507110596,8.54665756225586,-42.632813930511475,7.817251133277825e-05,forget,for_004,M_npo_s0
1,-2,real,-42.63681507110596,8.54665756225586,-42.62261724472046,0.00027739083839035543,forget,for_004,M_npo_s0
1,-1,real,-42.63681507110596,8.54665756225586,-42.619051933288574,0.0003470483127361048,forget,for_004,M_npo_s0
1,-3,random_position,-42.63681507110596,8.54665756225586,-42.632813930511475,7.817251133277825e-05,forget,for_004,M_npo_s0
2,-6,real,-42.63681507110596,8.54665756225586,-42.48634719848633,0.002939774596723097,forget,for_004,M_npo_s0
2,-5,real,-42.63681507110596,8.54665756225586,-42.47673511505127,0.0031275712220891014,forget,for_004,M_npo_s0
2,-4,real,-42.63681507110596,8.54665756225586,-40.68141579627991,0.038203724253588534,forget,for_004,M_npo_s0
2,-3,real,-42.63681507110596,8.54665756225586,-42.608439445495605,0.0005543903949935607,forget,for_004,M_npo_s0
2,-2,real,-42.63681507110596,8.54665756225586,-42.60305452346802,0.000659598614571807,forget,for_004,M_npo_s0
2,-1,real,-42.63681507110596,8.54665756225586,-42.6151647567749,0.00042299424437533827,forget,for_004,M_npo_s0
2,-8,random_position,-42.63681507110596,8.54665756225586,-41.6537606716156,0.01920648109463353,forget,for_004,M_npo_s0
3,-6,real,-42.63681507110596,8.54665756225586,-42.58207321166992,0.0010695221840097257,forget,for_004,M_npo_s0
3,-5,real,-42.63681507110596,8.54665756225586,-42.477781534194946,0.0031071267487105076,forget,for_004,M_npo_s0
3,-4,real,-42.63681507110596,8.54665756225586,-39.96825051307678,0.052137231429072325,forget,for_004,M_npo_s0
3,-3,real,-42.63681507110596,8.54665756225586,-42.56977081298828,0.0013098809961162301,forget,for_004,M_npo_s0
3,-2,real,-42.63681507110596,8.54665756225586,-42.58733081817627,0.0009668013986497909,forget,for_004,M_npo_s0
3,-1,real,-42.63681507110596,8.54665756225586,-42.57856106758118,0.0011381408983729218,forget,for_004,M_npo_s0
3,-11,random_position,-42.63681507110596,8.54665756225586,-42.509910583496094,0.0024794036254418947,forget,for_004,M_npo_s0
4,-6,real,-42.63681507110596,8.54665756225586,-42.487133264541626,0.0029244167865774546,forget,for_004,M_npo_s0
4,-5,real,-42.63681507110596,8.54665756225586,-42.41103482246399,0.00441119441541765,forget,for_004,M_npo_s0
4,-4,real,-42.63681507110596,8.54665756225586,-39.467145800590515,0.06192759317486061,forget,for_004,M_npo_s0
4,-3,real,-42.63681507110596,8.54665756225586,-42.5547890663147,0.0016025877216036047,forget,for_004,M_npo_s0
4,-2,real,-42.63681507110596,8.54665756225586,-42.61788988113403,0.00036975197262383936,forget,for_004,M_npo_s0
4,-1,real,-42.63681507110596,8.54665756225586,-42.406325817108154,0.00450319687467958,forget,for_004,M_npo_s0
4,-8,random_position,-42.63681507110596,8.54665756225586,-42.09127235412598,0.01065857177936753,forget,for_004,M_npo_s0
5,-6,real,-42.63681507110596,8.54665756225586,-42.48155117034912,0.0030334772685125244,forget,for_004,M_npo_s0
5,-5,real,-42.63681507110596,8.54665756225586,-42.12547063827515,0.009990420862876583,forget,for_004,M_npo_s0
5,-4,real,-42.63681507110596,8.54665756225586,-39.99714970588684,0.05157261181021469,forget,for_004,M_npo_s0
5,-3,real,-42.63681507110596,8.54665756225586,-42.53634214401245,0.001962995512500978,forget,for_004,M_npo_s0
5,-2,real,-42.63681507110596,8.54665756225586,-42.61170148849487,0.0004906580448532275,forget,for_004,M_npo_s0
5,-1,real,-42.63681507110596,8.54665756225586,-42.16534113883972,0.009211448696408393,forget,for_004,M_npo_s0
5,-10,random_position,-42.63681507110596,8.54665756225586,-42.64121150970459,-8.58956685124795e-05,forget,for_004,M_npo_s0
6,-6,real,-42.63681507110596,8.54665756225586,-42.49813508987427,0.00270946800005314,forget,for_004,M_npo_s0
6,-5,real,-42.63681507110596,8.54665756225586,-42.01941633224487,0.01206246288296309,forget,for_004,M_npo_s0
6,-4,real,-42.63681507110596,8.54665756225586,-40.83475947380066,0.035207763455477284,forget,for_004,M_npo_s0
6,-3,real,-42.63681507110596,8.54665756225586,-42.592525005340576,0.0008653196722824981,forget,for_004,M_npo_s0
6,-2,real,-42.63681507110596,8.54665756225586,-42.58525848388672,0.0010072897473868013,forget,for_004,M_npo_s0
6,-1,real,-42.63681507110596,8.54665756225586,-41.230560541152954,0.02747477764993215,forget,for_004,M_npo_s0
6,-2,random_position,-42.63681507110596,8.54665756225586,-42.58525848388672,0.0010072897473868013,forget,for_004,M_npo_s0
7,-6,real,-42.63681507110596,8.54665756225586,-42.6931939125061,-0.0011015048119927347,forget,for_004,M_npo_s0
7,-5,real,-42.63681507110596,8.54665756225586,-41.904927492141724,0.014299295090954477,forget,for_004,M_npo_s0
7,-4,real,-42.63681507110596,8.54665756225586,-41.57689428329468,0.020708262516764327,forget,for_004,M_npo_s0
7,-3,real,-42.63681507110596,8.54665756225586,-42.64136791229248,-8.895139294546142e-05,forget,for_004,M_npo_s0
7,-2,real,-42.63681507110596,8.54665756225586,-42.56965970993042,0.0013120516784116106,forget,for_004,M_npo_s0
7,-1,real,-42.63681507110596,8.54665756225586,-39.52929735183716,0.060713303716780104,forget,for_004,M_npo_s0
7,-7,random_position,-42.63681507110596,8.54665756225586,1.6027603149414062,0.8643332136321605,forget,for_004,M_npo_s0
8,-6,real,-42.63681507110596,8.54665756225586,-42.690268993377686,-0.0010443590386027617,forget,for_004,M_npo_s0
8,-5,real,-42.63681507110596,8.54665756225586,-41.91681241989136,0.014067092640863447,forget,for_004,M_npo_s0
8,-4,real,-42.63681507110596,8.54665756225586,-39.5190908908844,0.060912713026614745,forget,for_004,M_npo_s0
8,-3,real,-42.63681507110596,8.54665756225586,-42.44748401641846,0.003699066220920939,forget,for_004,M_npo_s0
8,-2,real,-42.63681507110596,8.54665756225586,-42.51989555358887,0.0022843217058484758,forget,for_004,M_npo_s0
8,-1,real,-42.63681507110596,8.54665756225586,-34.709349632263184,0.15488330570355996,forget,for_004,M_npo_s0
8,-5,random_position,-42.63681507110596,8.54665756225586,-41.91681241989136,0.014067092640863447,forget,for_004,M_npo_s0
9,-6,real,-42.63681507110596,8.54665756225586,-42.12848925590515,0.009931444449696729,forget,for_004,M_npo_s0
9,-5,real,-42.63681507110596,8.54665756225586,-41.10810351371765,0.02986728876992763,forget,for_004,M_npo_s0
9,-4,real,-42.63681507110596,8.54665756225586,-37.69631251692772,0.09652534890643541,forget,for_004,M_npo_s0
9,-3,real,-42.63681507110596,8.54665756225586,-41.711174964904785,0.018084746082621832,forget,for_004,M_npo_s0
9,-2,real,-42.63681507110596,8.54665756225586,-42.263888359069824,0.007286076790988505,forget,for_004,M_npo_s0
9,-1,real,-42.63681507110596,8.54665756225586,-21.045133590698242,0.4218487017298251,forget,for_004,M_npo_s0
9,-10,random_position,-42.63681507110596,8.54665756225586,-42.62760639190674,0.00017991509222483774,forget,for_004,M_npo_s0
10,-6,real,-42.63681507110596,8.54665756225586,-39.84477651119232,0.05454961174505696,forget,for_004,M_npo_s0
10,-5,real,-42.63681507110596,8.54665756225586,-41.079421281814575,0.0304276695027578,forget,for_004,M_npo_s0
10,-4,real,-42.63681507110596,8.54665756225586,-37.409236676990986,0.1021341094138187,forget,for_004,M_npo_s0
10,-3,real,-42.63681507110596,8.54665756225586,-40.35659646987915,0.04454990026879382,forget,for_004,M_npo_s0
10,-2,real,-42.63681507110596,8.54665756225586,-41.83153319358826,0.015733240362296376,forget,for_004,M_npo_s0
10,-1,real,-42.63681507110596,8.54665756225586,-8.223709106445312,0.6723480098970442,forget,for_004,M_npo_s0
10,-5,random_position,-42.63681507110596,8.54665756225586,-41.079421281814575,0.0304276695027578,forget,for_004,M_npo_s0
11,-6,real,-42.63681507110596,8.54665756225586,-42.63681507110596,0.0,forget,for_004,M_npo_s0
11,-5,real,-42.63681507110596,8.54665756225586,-42.63681507110596,0.0,forget,for_004,M_npo_s0
11,-4,real,-42.63681507110596,8.54665756225586,-42.63681507110596,0.0,forget,for_004,M_npo_s0
11,-3,real,-42.63681507110596,8.54665756225586,-42.63681507110596,0.0,forget,for_004,M_npo_s0
11,-2,real,-42.63681507110596,8.54665756225586,-42.63681507110596,0.0,forget,for_004,M_npo_s0
11,-1,real,-42.63681507110596,8.54665756225586,8.277856826782227,0.9947482903827353,forget,for_004,M_npo_s0
11,-6,random_position,-42.63681507110596,8.54665756225586,-42.63681507110596,0.0,forget,for_004,M_npo_s0
0,-6,real,-1.1080055236816406,3.851350784301758,-1.1088294982910156,-0.00016614547497799148,retain,ret_000,M_npo_s0
0,-5,real,-1.1080055236816406,3.851350784301758,-1.1145496368408203,-0.0013195488996515946,retain,ret_000,M_npo_s0
0,-4,real,-1.1080055236816406,3.851350784301758,-1.1134376525878906,-0.0010953294276326846,retain,ret_000,M_npo_s0
0,-3,real,-1.1080055236816406,3.851350784301758,-1.106170654296875,0.00036998135863154587,retain,ret_000,M_npo_s0
0,-2,real,-1.1080055236816406,3.851350784301758,-1.1183509826660156,-0.0020860487413903376,retain,ret_000,M_npo_s0
0,-1,real,-1.1080055236816406,3.851350784301758,-1.0926685333251953,0.003092536491430624,retain,ret_000,M_npo_s0
0,-14,random_position,-1.1080055236816406,3.851350784301758,-1.1067638397216797,0.00025037200048766775,retain,ret_000,M_npo_s0
1,-6,real,-1.1080055236816406,3.851350784301758,-1.1073455810546875,0.0001330702183851506,retain,ret_000,M_npo_s0
1,-5,real,-1.1080055236816406,3.851350784301758,-1.1312217712402344,-0.004681302595907668,retain,ret_000,M_npo_s0
1,-4,real,-1.1080055236816406,3.851350784301758,-1.1095352172851562,-0.00030844599752858607,retain,ret_000,M_npo_s0
1,-3,real,-1.1080055236816406,3.851350784301758,-1.1285781860351562,-0.0041482525303532785,retain,ret_000,M_npo_s0
1,-2,real,-1.1080055236816406,3.851350784301758,-1.1403656005859375,-0.006525055852955101,retain,ret_000,M_npo_s0
1,-1,real,-1.1080055236816406,3.851350784301758,-1.0787467956542969,0.005899702745746272,retain,ret_000,M_npo_s0
1,-3,random_position,-1.1080055236816406,3.851350784301758,-1.1285781860351562,-0.0041482525303532785,retain,ret_000,M_npo_s0
2,-6,real,-1.1080055236816406,3.851350784301758,-1.1057453155517578,0.0004557462681687961,retain,ret_000,M_npo_s0
2,-5,real,-1.1080055236816406,3.851350784301758,-1.1356029510498047,-0.005564719623742035,retain,ret_000,M_npo_s0
2,-4,real,-1.1080055236816406,3.851350784301758,-1.1056327819824219,0.00047843743257551253,retain,ret_000,M_npo_s0
2,-3,real,-1.1080055236816406,3.851350784301758,-1.1244354248046875,-0.003312910003380599,retain,ret_000,M_npo_s0
2,-2,real,-1.1080055236816406,3.851350784301758,-1.1774253845214844,-0.013997756266895783,retain,ret_000,M_npo_s0
2,-1,real,-1.1080055236816406,3.851350784301758,-1.0893383026123047,0.003764041119466673,retain,ret_000,M_npo_s0
2,-9,random_position,-1.1080055236816406,3.851350784301758,-1.2345848083496094,-0.025523329401480156,retain,ret_000,M_npo_s0
3,-6,real,-1.1080055236816406,3.851350784301758,-1.083587646484375,0.004923598080250572,retain,ret_000,M_npo_s0
3,-5,real,-1.1080055236816406,3.851350784301758,-1.1313514709472656,-0.004707455124376426,retain,ret_000,M_npo_s0
3,-4,real,-1.1080055236816406,3.851350784301758,-1.1017169952392578,0.0012680130347278657,retain,ret_000,M_npo_s0
3,-3,real,-1.1080055236816406,3.851350784301758,-1.1177654266357422,-0.0019679777672740335,retain,ret_000,M_npo_s0
3,-2,real,-1.1080055236816406,3.851350784301758,-1.1549739837646484,-0.009470676669752409,retain,ret_000,M_npo_s0
3,-1,real,-1.1080055236816406,3.851350784301758,-1.1326408386230469,-0.004967442025036431,retain,ret_000,M_npo_s0
3,-14,random_position,-1.1080055236816406,3.851350784301758,-1.0744800567626953,0.006760044013167029,retain,ret_000,M_npo_s0
4,-6,real,-1.1080055236816406,3.851350784301758,-1.0421104431152344,0.013287022846156597,retain,ret_000,M_npo_s0
4,-5,real,-1.1080055236816406,3.851350784301758,-1.1249256134033203,-0.003411751177152228,retain,ret_000,M_npo_s0
4,-4,real,-1.1080055236816406,3.851350784301758,-1.1189098358154297,-0.002198735371410133,retain,ret_000,M_npo_s0
4,-3,real,-1.1080055236816406,3.851350784301758,-1.1237125396728516,-0.0031671481167679628,retain,ret_000,M_npo_s0
4,-2,real,-1.1080055236816406,3.851350784301758,-1.1490116119384766,-0.00826842955220333,retain,ret_000,M_npo_s0
4,-1,real,-1.1080055236816406,3.851350784301758,-1.2286624908447266,-0.024329158800075842,retain,ret_000,M_npo_s0
4,-11,random_position,-1.1080055236816406,3.851350784301758,-0.5515937805175781,0.11219434713097148,retain,ret_000,M_npo_s0
5,-6,real,-1.1080055236816406,3.851350784301758,-1.051034927368164,0.011487498129901916,retain,ret_000,M_npo_s0
5,-5,real,-1.1080055236816406,3.851350784301758,-1.1621131896972656,-0.010910219523554775,retain,ret_000,M_npo_s0
5,-4,real,-1.1080055236816406,3.851350784301758,-1.130025863647461,-0.004440160899585444,retain,ret_000,M_npo_s0
5,-3,real,-1.1080055236816406,3.851350784301758,-1.1281261444091797,-0.004057103276719519,retain,ret_000,M_npo_s0
5,-2,real,-1.1080055236816406,3.851350784301758,-1.1475772857666016,-0.00797921335501942,retain,ret_000,M_npo_s0
5,-1,real,-1.1080055236816406,3.851350784301758,-1.4120712280273438,-0.0613115262269478,retain,ret_000,M_npo_s0
5,-12,random_position,-1.1080055236816406,3.851350784301758,-1.1086139678955078,-0.00012268612619902613,retain,ret_000,M_npo_s0
6,-6,real,-1.1080055236816406,3.851350784301758,-1.0913372039794922,0.0033609845042422864,retain,ret_000,M_npo_s0
6,-5,real,-1.1080055236816406,3.851350784301758,-1.2341117858886719,-0.02542794959177057,retain,ret_000,M_npo_s0
6,-4,real,-1.1080055236816406,3.851350784301758,-1.1251697540283203,-0.0034609794660345958,retain,ret_000,M_npo_s0
6,-3,real,-1.1080055236816406,3.851350784301758,-1.147256851196289,-0.007914601225861313,retain,ret_000,M_npo_s0
6,-2,real,-1.1080055236816406,3.851350784301758,-1.1160507202148438,-0.001622225957076778,retain,ret_000,M_npo_s0
6,-1,real,-1.1080055236816406,3.851350784301758,-1.7179641723632812,-0.12299149542849956,retain,ret_000,M_npo_s0
6,-2,random_position,-1.1080055236816406,3.851350784301758,-1.1160507202148438,-0.001622225957076778,retain,ret_000,M_npo_s0
7,-6,real,-1.1080055236816406,3.851350784301758,-1.13739013671875,-0.005925086082201243,retain,ret_000,M_npo_s0
7,-5,real,-1.1080055236816406,3.851350784301758,-1.2729454040527344,-0.03325832429212221,retain,ret_000,M_npo_s0
7,-4,real,-1.1080055236816406,3.851350784301758,-1.1507511138916016,-0.008619181110490202,retain,ret_000,M_npo_s0
7,-3,real,-1.1080055236816406,3.851350784301758,-1.1653785705566406,-0.011568647887356445,retain,ret_000,M_npo_s0
7,-2,real,-1.1080055236816406,3.851350784301758,-1.12371826171875,-0.0031683019047886434,retain,ret_000,M_npo_s0
7,-1,real,-1.1080055236816406,3.851350784301758,-1.7491168975830078,-0.1292731020090911,retain,ret_000,M_npo_s0
7,-9,random_position,-1.1080055236816406,3.851350784301758,-0.9215736389160156,0.03759195209779815,retain,ret_000,M_npo_s0
8,-6,real,-1.1080055236816406,3.851350784301758,-1.147256851196289,-0.007914601225861313,retain,ret_000,M_npo_s0
8,-5,real,-1.1080055236816406,3.851350784301758,-1.2311649322509766,-0.024833748761120114,retain,ret_000,M_npo_s0
8,-4,real,-1.1080055236816406,3.851350784301758,-1.1714935302734375,-0.012801662685457002,retain,ret_000,M_npo_s0
8,-3,real,-1.1080055236816406,3.851350784301758,-1.1630382537841797,-0.011096748586898122,retain,ret_000,M_npo_s0
8,-2,real,-1.1080055236816406,3.851350784301758,-1.1202526092529297,-0.002469490960263156,retain,ret_000,M_npo_s0
8,-1,real,-1.1080055236816406,3.851350784301758,-0.6849956512451172,0.08529531781283328,retain,ret_000,M_npo_s0
8,-5,random_position,-1.1080055236816406,3.851350784301758,-1.2311649322509766,-0.024833748761120114,retain,ret_000,M_npo_s0
9,-6,real,-1.1080055236816406,3.851350784301758,-1.1107215881347656,-0.0005476647138163423,retain,ret_000,M_npo_s0
9,-5,real,-1.1080055236816406,3.851350784301758,-1.2528305053710938,-0.029202374803423366,retain,ret_000,M_npo_s0
9,-4,real,-1.1080055236816406,3.851350784301758,-1.1162528991699219,-0.001662993133807489,retain,ret_000,M_npo_s0
9,-3,real,-1.1080055236816406,3.851350784301758,-1.1022720336914062,0.0011560955967218575,retain,ret_000,M_npo_s0
9,-2,real,-1.1080055236816406,3.851350784301758,-1.0726509094238281,0.007128871583777894,retain,ret_000,M_npo_s0
9,-1,real,-1.1080055236816406,3.851350784301758,0.918426513671875,0.40860787398788756,retain,ret_000,M_npo_s0
9,-13,random_position,-1.1080055236816406,3.851350784301758,-1.1220378875732422,-0.002829472822715471,retain,ret_000,M_npo_s0
10,-6,real,-1.1080055236816406,3.851350784301758,-1.0875778198242188,0.004119023233829373,retain,ret_000,M_npo_s0
10,-5,real,-1.1080055236816406,3.851350784301758,-1.111928939819336,-0.0007911139861799271,retain,ret_000,M_npo_s0
10,-4,real,-1.1080055236816406,3.851350784301758,-1.1378402709960938,-0.006015850739828109,retain,ret_000,M_npo_s0
10,-3,real,-1.1080055236816406,3.851350784301758,-1.0102653503417969,0.019708237777250455,retain,ret_000,M_npo_s0
10,-2,real,-1.1080055236816406,3.851350784301758,-1.1085453033447266,-0.00010884066995086016,retain,ret_000,M_npo_s0
10,-1,real,-1.1080055236816406,3.851350784301758,4.014080047607422,1.0328125775201327,retain,ret_000,M_npo_s0
10,-6,random_position,-1.1080055236816406,3.851350784301758,-1.0875778198242188,0.004119023233829373,retain,ret_000,M_npo_s0
11,-6,real,-1.1080055236816406,3.851350784301758,-1.1080055236816406,0.0,retain,ret_000,M_npo_s0
11,-5,real,-1.1080055236816406,3.851350784301758,-1.1080055236816406,0.0,retain,ret_000,M_npo_s0
11,-4,real,-1.1080055236816406,3.851350784301758,-1.1080055236816406,0.0,retain,ret_000,M_npo_s0
11,-3,real,-1.1080055236816406,3.851350784301758,-1.1080055236816406,0.0,retain,ret_000,M_npo_s0
11,-2,real,-1.1080055236816406,3.851350784301758,-1.1080055236816406,0.0,retain,ret_000,M_npo_s0
11,-1,real,-1.1080055236816406,3.851350784301758,4.4400634765625,1.1187074805077128,retain,ret_000,M_npo_s0
11,-7,random_position,-1.1080055236816406,3.851350784301758,-1.1080055236816406,0.0,retain,ret_000,M_npo_s0
0,-6,real,-0.3755950927734375,4.0034332275390625,-0.40300941467285156,-0.006260366431578067,retain,ret_000,M_npo_s0
0,-5,real,-0.3755950927734375,4.0034332275390625,-0.1738567352294922,0.046069205948763695,retain,ret_000,M_npo_s0
0,-4,real,-0.3755950927734375,4.0034332275390625,-0.37389373779296875,0.0003885234020015053,retain,ret_000,M_npo_s0
0,-3,real,-0.3755950927734375,4.0034332275390625,-0.3857383728027344,-0.0023163312240403644,retain,ret_000,M_npo_s0
0,-2,real,-0.3755950927734375,4.0034332275390625,-0.3868885040283203,-0.002578976528308198,retain,ret_000,M_npo_s0
0,-1,real,-0.3755950927734375,4.0034332275390625,-0.36048126220703125,0.003451411925403507,retain,ret_000,M_npo_s0
0,-11,random_position,-0.3755950927734375,4.0034332275390625,-0.391265869140625,-0.0035785967161932374,retain,ret_000,M_npo_s0
1,-6,real,-0.3755950927734375,4.0034332275390625,-0.5501174926757812,-0.03985413820979567,retain,ret_000,M_npo_s0
1,-5,real,-0.3755950927734375,4.0034332275390625,-0.2431468963623047,0.030246024168594766,retain,ret_000,M_npo_s0
1,-4,real,-0.3755950927734375,4.0034332275390625,-0.3124065399169922,0.01442981141805815,retain,ret_000,M_npo_s0
1,-3,real,-0.3755950927734375,4.0034332275390625,-0.4106121063232422,-0.007996525938728292,retain,ret_000,M_npo_s0
1,-2,real,-0.3755950927734375,4.0034332275390625,-0.40093231201171875,-0.005786036852228696,retain,ret_000,M_npo_s0
1,-1,real,-0.3755950927734375,4.0034332275390625,-0.3609466552734375,0.0033451342235107182,retain,ret_000,M_npo_s0
1,-3,random_position,-0.3755950927734375,4.0034332275390625,-0.4106121063232422,-0.007996525938728292,retain,ret_000,M_npo_s0
2,-6,real,-0.3755950927734375,4.0034332275390625,-0.5380172729492188,-0.03709091796058317,retain,ret_000,M_npo_s0
2,-5,real,-0.3755950927734375,4.0034332275390625,-0.18883132934570312,0.04264959022105762,retain,ret_000,M_npo_s0
2,-4,real,-0.3755950927734375,4.0034332275390625,-0.3559398651123047,0.004488490647562233,retain,ret_000,M_npo_s0
2,-3,real,-0.3755950927734375,4.0034332275390625,-0.42476844787597656,-0.011229284559417947,retain,ret_000,M_npo_s0
2,-2,real,-0.3755950927734375,4.0034332275390625,-0.4345436096191406,-0.013461551863518524,retain,ret_000,M_npo_s0
2,-1,real,-0.3755950927734375,4.0034332275390625,-0.3952751159667969,-0.004494152984138489,retain,ret_000,M_npo_s0
2,-8,random_position,-0.3755950927734375,4.0034332275390625,0.25934410095214844,0.1449954527081649,retain,ret_000,M_npo_s0
3,-6,real,-0.3755950927734375,4.0034332275390625,-0.42656707763671875,-0.011640021743372453,retain,ret_000,M_npo_s0
3,-5,real,-0.3755950927734375,4.0034332275390625,-0.3709831237792969,0.0010531946031834528,retain,ret_000,M_npo_s0
3,-4,real,-0.3755950927734375,4.0034332275390625,-0.39306068420410156,-0.003988462771443704,retain,ret_000,M_npo_s0
3,-3,real,-0.3755950927734375,4.0034332275390625,-0.4330463409423828,-0.013119633847183117,retain,ret_000,M_npo_s0
3,-2,real,-0.3755950927734375,4.0034332275390625,-0.458831787109375,-0.019008028322136425,retain,ret_000,M_npo_s0
3,-1,real,-0.3755950927734375,4.0034332275390625,-0.4689502716064453,-0.021318697209600536,retain,ret_000,M_npo_s0
3,-11,random_position,-0.3755950927734375,4.0034332275390625,-0.3574943542480469,0.004133505700666239,retain,ret_000,M_npo_s0
4,-6,real,-0.3755950927734375,4.0034332275390625,-0.4067249298095703,-0.007108845789312296,retain,ret_000,M_npo_s0
4,-5,real,-0.3755950927734375,4.0034332275390625,-0.4232158660888672,-0.010874735176873972,retain,ret_000,M_npo_s0
4,-4,real,-0.3755950927734375,4.0034332275390625,-0.39127349853515625,-0.0035803389736013156,retain,ret_000,M_npo_s0
4,-3,real,-0.3755950927734375,4.0034332275390625,-0.4516181945800781,-0.017360723942798206,retain,ret_000,M_npo_s0
4,-2,real,-0.3755950927734375,4.0034332275390625,-0.4489860534667969,-0.01675964513701112,retain,ret_000,M_npo_s0
4,-1,real,-0.3755950927734375,4.0034332275390625,-0.7166900634765625,-0.07789284420037354,retain,ret_000,M_npo_s0
4,-8,random_position,-0.3755950927734375,4.0034332275390625,0.1331005096435547,0.11616631937668999,retain,ret_000,M_npo_s0
5,-6,real,-0.3755950927734375,4.0034332275390625,-0.09232521057128906,0.06468783974019457,retain,ret_000,M_npo_s0
5,-5,real,-0.3755950927734375,4.0034332275390625,-0.6588401794433594,-0.06468217740361833,retain,ret_000,M_npo_s0
5,-4,real,-0.3755950927734375,4.0034332275390625,-0.31325531005859375,0.014235985281409416,retain,ret_000,M_npo_s0
5,-3,real,-0.3755950927734375,4.0034332275390625,-0.45330238342285156,-0.017745327265631532,retain,ret_000,M_npo_s0
5,-2,real,-0.3755950927734375,4.0034332275390625,-0.46036529541015625,-0.019358222061160203,retain,ret_000,M_npo_s0
5,-1,real,-0.3755950927734375,4.0034332275390625,-0.9213371276855469,-0.12462628578596716,retain,ret_000,M_npo_s0
5,-10,random_position,-0.3755950927734375,4.0034332275390625,-0.3771476745605469,-0.0003545493825439746,retain,ret_000,M_npo_s0
6,-6,real,-0.3755950927734375,4.0034332275390625,-0.08800506591796875,0.06567439299751902,retain,ret_000,M_npo_s0
6,-5,real,-0.3755950927734375,4.0034332275390625,-0.7545833587646484,-0.08654620118194743,retain,ret_000,M_npo_s0
6,-4,real,-0.3755950927734375,4.0034332275390625,-0.39935302734375,-0.0054253895687564465,retain,ret_000,M_npo_s0
6,-3,real,-0.3755950927734375,4.0034332275390625,-0.4117259979248047,-0.008250895520307753,retain,ret_000,M_npo_s0
6,-2,real,-0.3755950927734375,4.0034332275390625,-0.4140644073486328,-0.008784897415883812,retain,ret_000,M_npo_s0
6,-1,real,-0.3755950927734375,4.0034332275390625,-1.40216064453125,-0.23442770328659437,retain,ret_000,M_npo_s0
6,-2,random_position,-0.3755950927734375,4.0034332275390625,-0.4140644073486328,-0.008784897415883812,retain,ret_000,M_npo_s0
7,-6,real,-0.3755950927734375,4.0034332275390625,-0.17192840576171875,0.04650956150865553,retain,ret_000,M_npo_s0
7,-5,real,-0.3755950927734375,4.0034332275390625,-0.5637836456298828,-0.04297495679201628,retain,ret_000,M_npo_s0
7,-4,real,-0.3755950927734375,4.0034332275390625,-0.43909263610839844,-0.014500372843085328,retain,ret_000,M_npo_s0
7,-3,real,-0.3755950927734375,4.0034332275390625,-0.4079132080078125,-0.007380202380620523,retain,ret_000,M_npo_s0
7,-2,real,-0.3755950927734375,4.0034332275390625,-0.4437541961669922,-0.015564892119421293,retain,ret_000,M_npo_s0
7,-1,real,-0.3755950927734375,4.0034332275390625,-1.4905033111572266,-0.2546017373790873,retain,ret_000,M_npo_s0
7,-7,random_position,-0.3755950927734375,4.0034332275390625,8.915599822998047,2.1217480765478216,retain,ret_000,M_npo_s0
8,-6,real,-0.3755950927734375,4.0034332275390625,-0.11651229858398438,0.059164448192233716,retain,ret_000,M_npo_s0
8,-5,real,-0.3755950927734375,4.0034332275390625,-0.8213214874267578,-0.10178659785911409,retain,ret_000,M_npo_s0
8,-4,real,-0.3755950927734375,4.0034332275390625,-0.5005702972412109,-0.028539483037381876,retain,ret_000,M_npo_s0
8,-3,real,-0.3755950927734375,4.0034332275390625,-0.4267425537109375,-0.011680093663758257,retain,ret_000,M_npo_s0
8,-2,real,-0.3755950927734375,4.0034332275390625,-0.42685508728027344,-0.011705791960527416,retain,ret_000,M_npo_s0
8,-1,real,-0.3755950927734375,4.0034332275390625,-0.2155323028564453,0.03655212485713489,retain,ret_000,M_npo_s0
8,-5,random_position,-0.3755950927734375,4.0034332275390625,-0.8213214874267578,-0.10178659785911409,retain,ret_000,M_npo_s0
9,-6,real,-0.3755950927734375,4.0034332275390625,-0.14705467224121094,0.05218975622334346,retain,ret_000,M_npo_s0
9,-5,real,-0.3755950927734375,4.0034332275390625,-0.0512542724609375,0.07406684693223316,retain,ret_000,M_npo_s0
9,-4,real,-0.3755950927734375,4.0034332275390625,-0.2432861328125,0.03021422797089733,retain,ret_000,M_npo_s0
9,-3,real,-0.3755950927734375,4.0034332275390625,-0.3779716491699219,-0.0005427131826164525,retain,ret_000,M_npo_s0
9,-2,real,-0.3755950927734375,4.0034332275390625,-0.40628814697265625,-0.007009101552699802,retain,ret_000,M_npo_s0
9,-1,real,-0.3755950927734375,4.0034332275390625,1.4298763275146484,0.41229955328520057,retain,ret_000,M_npo_s0
9,-10,random_position,-0.3755950927734375,4.0034332275390625,-0.38518333435058594,-0.0021895819976026536,retain,ret_000,M_npo_s0
10,-6,real,-0.3755950927734375,4.0034332275390625,-0.22502517700195312,0.03438432107713322,retain,ret_000,M_npo_s0
10,-5,real,-0.3755950927734375,4.0034332275390625,0.062145233154296875,0.09996288991720793,retain,ret_000,M_npo_s0
10,-4,real,-0.3755950927734375,4.0034332275390625,0.16033935546875,0.12238661388788225,retain,ret_000,M_npo_s0
10,-3,real,-0.3755950927734375,4.0034332275390625,-0.3806438446044922,-0.0011529388397959468,retain,ret_000,M_npo_s0
10,-2,real,-0.3755950927734375,4.0034332275390625,-0.46602630615234375,-0.02065097705795445,retain,ret_000,M_npo_s0
10,-1,real,-0.3755950927734375,4.0034332275390625,4.583551406860352,1.1324764621024168,retain,ret_000,M_npo_s0
10,-5,random_position,-0.3755950927734375,4.0034332275390625,0.062145233154296875,0.09996288991720793,retain,ret_000,M_npo_s0
11,-6,real,-0.3755950927734375,4.0034332275390625,-0.3755950927734375,0.0,retain,ret_000,M_npo_s0
11,-5,real,-0.3755950927734375,4.0034332275390625,-0.3755950927734375,0.0,retain,ret_000,M_npo_s0
11,-4,real,-0.3755950927734375,4.0034332275390625,-0.3755950927734375,0.0,retain,ret_000,M_npo_s0
11,-3,real,-0.3755950927734375,4.0034332275390625,-0.3755950927734375,0.0,retain,ret_000,M_npo_s0
11,-2,real,-0.3755950927734375,4.0034332275390625,-0.3755950927734375,0.0,retain,ret_000,M_npo_s0
11,-1,real,-0.3755950927734375,4.0034332275390625,4.581398010253906,1.1319847099489868,retain,ret_000,M_npo_s0
11,-6,random_position,-0.3755950927734375,4.0034332275390625,-0.3755950927734375,0.0,retain,ret_000,M_npo_s0
0,-6,real,0.2240009307861328,5.188230514526367,1.0484981536865234,0.16608764945137447,retain,ret_000,M_npo_s0
0,-5,real,0.2240009307861328,5.188230514526367,2.281431198120117,0.4144510709321063,retain,ret_000,M_npo_s0
0,-4,real,0.2240009307861328,5.188230514526367,0.1551494598388672,-0.013869517874995293,retain,ret_000,M_npo_s0
0,-3,real,0.2240009307861328,5.188230514526367,0.4081134796142578,0.03708783925529242,retain,ret_000,M_npo_s0
0,-2,real,0.2240009307861328,5.188230514526367,0.2814064025878906,0.011563822912176114,retain,ret_000,M_npo_s0
0,-1,real,0.2240009307861328,5.188230514526367,0.2557106018066406,0.006387631854169116,retain,ret_000,M_npo_s0
0,-12,random_position,0.2240009307861328,5.188230514526367,0.1899871826171875,-0.006851767750700622,retain,ret_000,M_npo_s0
1,-6,real,0.2240009307861328,5.188230514526367,1.060171127319336,0.16843906641062348,retain,ret_000,M_npo_s0
1,-5,real,0.2240009307861328,5.188230514526367,3.3935203552246094,0.6384715636077498,retain,ret_000,M_npo_s0
1,-4,real,0.2240009307861328,5.188230514526367,-0.11834144592285156,-0.06896183404375326,retain,ret_000,M_npo_s0
1,-3,real,0.2240009307861328,5.188230514526367,0.09362030029296875,-0.026264021092056437,retain,ret_000,M_npo_s0
1,-2,real,0.2240009307861328,5.188230514526367,0.30144309997558594,0.015600037807096208,retain,ret_000,M_npo_s0
1,-1,real,0.2240009307861328,5.188230514526367,0.3518333435058594,0.025750705232978545,retain,ret_000,M_npo_s0
1,-3,random_position,0.2240009307861328,5.188230514526367,0.09362030029296875,-0.026264021092056437,retain,ret_000,M_npo_s0
2,-6,real,0.2240009307861328,5.188230514526367,1.0318927764892578,0.16274264356130552,retain,ret_000,M_npo_s0
2,-5,real,0.2240009307861328,5.188230514526367,4.1308135986328125,0.7869927451870875,retain,ret_000,M_npo_s0
2,-4,real,0.2240009307861328,5.188230514526367,-0.05363273620605469,-0.05592683865821693,retain,ret_000,M_npo_s0
2,-3,real,0.2240009307861328,5.188230514526367,0.142913818359375,-0.016334279279175436,retain,ret_000,M_npo_s0
2,-2,real,0.2240009307861328,5.188230514526367,0.12997055053710938,-0.018941585731048618,retain,ret_000,M_npo_s0
2,-1,real,0.2240009307861328,5.188230514526367,0.26637840270996094,0.008536565686371695,retain,ret_000,M_npo_s0
2,-8,random_position,0.2240009307861328,5.188230514526367,0.07728767395019531,-0.0295540837427181,retain,ret_000,M_npo_s0
3,-6,real,0.2240009307861328,5.188230514526367,1.0256271362304688,0.16148048592876743,retain,ret_000,M_npo_s0
3,-5,real,0.2240009307861328,5.188230514526367,5.246986389160156,1.0118358495800108,retain,ret_000,M_npo_s0
3,-4,real,0.2240009307861328,5.188230514526367,0.13666915893554688,-0.017592210508682184,retain,ret_000,M_npo_s0
3,-3,real,0.2240009307861328,5.188230514526367,-0.2012042999267578,-0.08565382070676217,retain,ret_000,M_npo_s0
3,-2,real,0.2240009307861328,5.188230514526367,0.033336639404296875,-0.03840762965643954,retain,ret_000,M_npo_s0
3,-1,real,0.2240009307861328,5.188230514526367,0.3114795684814453,0.017621795329901494,retain,ret_000,M_npo_s0
3,-12,random_position,0.2240009307861328,5.188230514526367,0.2787017822265625,0.011019001139591944,retain,ret_000,M_npo_s0
4,-6,real,0.2240009307861328,5.188230514526367,0.8251953125,0.12110527355201511,retain,ret_000,M_npo_s0
4,-5,real,0.2240009307861328,5.188230514526367,6.818269729614258,1.328356935873171,retain,ret_000,M_npo_s0
4,-4,real,0.2240009307861328,5.188230514526367,0.284820556640625,0.012251573950910713,retain,ret_000,M_npo_s0
4,-3,real,0.2240009307861328,5.188230514526367,-0.41915321350097656,-0.1295576953962176,retain,ret_000,M_npo_s0
4,-2,real,0.2240009307861328,5.188230514526367,0.04966926574707031,-0.03511756700577788,retain,ret_000,M_npo_s0
4,-1,real,0.2240009307861328,5.188230514526367,0.1711597442626953,-0.010644388143633155,retain,ret_000,M_npo_s0
4,-9,random_position,0.2240009307861328,5.188230514526367,0.15671157836914062,-0.01355484295838991,retain,ret_000,M_npo_s0
5,-6,real,0.2240009307861328,5.188230514526367,0.5905075073242188,0.07382949768047317,retain,ret_000,M_npo_s0
5,-5,real,0.2240009307861328,5.188230514526367,8.036531448364258,1.573764948979631,retain,ret_000,M_npo_s0
5,-4,real,0.2240009307861328,5.188230514526367,0.7567958831787109,0.10732681545142211,retain,ret_000,M_npo_s0
5,-3,real,0.2240009307861328,5.188230514526367,-0.6740379333496094,-0.1809019605131007,retain,ret_000,M_npo_s0
5,-2,real,0.2240009307861328,5.188230514526367,0.08957290649414062,-0.027079332658645722,retain,ret_000,M_npo_s0
5,-1,real,0.2240009307861328,5.188230514526367,-0.10537528991699219,-0.06634991697039136,retain,ret_000,M_npo_s0
5,-11,random_position,0.2240009307861328,5.188230514526367,0.17215728759765625,-0.010443441890416285,retain,ret_000,M_npo_s0
6,-6,real,0.2240009307861328,5.188230514526367,0.5419998168945312,0.06405805387203835,retain,ret_000,M_npo_s0
6,-5,real,0.2240009307861328,5.188230514526367,9.35525131225586,1.8394093640185563,retain,ret_000,M_npo_s0
6,-4,real,0.2240009307861328,5.188230514526367,0.7182369232177734,0.09955945511675246,retain,ret_000,M_npo_s0
6,-3,real,0.2240009307861328,5.188230514526367,-0.5135536193847656,-0.14857381950800058,retain,ret_000,M_npo_s0
6,-2,real,0.2240009307861328,5.188230514526367,0.056156158447265625,-0.03381084003218214,retain,ret_000,M_npo_s0
6,-1,real,0.2240009307861328,5.188230514526367,-0.8744754791259766,-0.2212783255452252,retain,ret_000,M_npo_s0
6,-2,random_position,0.2240009307861328,5.188230514526367,0.056156158447265625,-0.03381084003218214,retain,ret_000,M_npo_s0
7,-6,real,0.2240009307861328,5.188230514526367,0.5430908203125,0.06427782682966751,retain,ret_000,M_npo_s0
7,-5,real,0.2240009307861328,5.188230514526367,10.135229110717773,1.996528970455906,retain,ret_000,M_npo_s0
7,-4,real,0.2240009307861328,5.188230514526367,0.3977794647216797,0.035006143653133724,retain,ret_000,M_npo_s0
7,-3,real,0.2240009307861328,5.188230514526367,0.1907482147216797,-0.006698464586200563,retain,ret_000,M_npo_s0
7,-2,real,0.2240009307861328,5.188230514526367,0.234954833984375,0.002206566600811623,retain,ret_000,M_npo_s0
7,-1,real,0.2240009307861328,5.188230514526367,-1.4148216247558594,-0.3301262618694687,retain,ret_000,M_npo_s0
7,-8,random_position,0.2240009307861328,5.188230514526367,0.22797584533691406,0.000800711265208327,retain,ret_000,M_npo_s0
8,-6,real,0.2240009307861328,5.188230514526367,0.626678466796875,0.08111581650648599,retain,ret_000,M_npo_s0
8,-5,real,0.2240009307861328,5.188230514526367,9.562625885009766,1.8811831315802214,retain,ret_000,M_npo_s0
8,-4,real,0.2240009307861328,5.188230514526367,0.5171318054199219,0.05904861362454018,retain,ret_000,M_npo_s0
8,-3,real,0.2240009307861328,5.188230514526367,0.0232696533203125,-0.04043553467456312,retain,ret_000,M_npo_s0
8,-2,real,0.2240009307861328,5.188230514526367,0.2739276885986328,0.010057302340735687,retain,ret_000,M_npo_s0
8,-1,real,0.2240009307861328,5.188230514526367,-0.32317352294921875,-0.1102234384017127,retain,ret_000,M_npo_s0
8,-5,random_position,0.2240009307861328,5.188230514526367,9.562625885009766,1.8811831315802214,retain,ret_000,M_npo_s0
9,-6,real,0.2240009307861328,5.188230514526367,0.3044910430908203,0.01621401890201123,retain,ret_000,M_npo_s0
9,-5,real,0.2240009307861328,5.188230514526367,5.604022979736328,1.0837577026195246,retain,ret_000,M_npo_s0
9,-4,real,0.2240009307861328,5.188230514526367,0.6073436737060547,0.07722099400388675,retain,ret_000,M_npo_s0
9,-3,real,0.2240009307861328,5.188230514526367,1.2336139678955078,0.20337758761525593,retain,ret_000,M_npo_s0
9,-2,real,0.2240009307861328,5.188230514526367,0.7225780487060547,0.10043393632578036,retain,ret_000,M_npo_s0
9,-1,real,0.2240009307861328,5.188230514526367,1.2153472900390625,0.19969792744879714,retain,ret_000,M_npo_s0
9,-11,random_position,0.2240009307861328,5.188230514526367,0.20740699768066406,-0.00334270057932459,retain,ret_000,M_npo_s0
10,-6,real,0.2240009307861328,5.188230514526367,0.26093101501464844,0.007439237772055484,retain,ret_000,M_npo_s0
10,-5,real,0.2240009307861328,5.188230514526367,0.7310638427734375,0.10214332424272463,retain,ret_000,M_npo_s0
10,-4,real,0.2240009307861328,5.188230514526367,0.45598793029785156,0.04673172253587256,retain,ret_000,M_npo_s0
10,-3,real,0.2240009307861328,5.188230514526367,1.0723152160644531,0.17088538532884873,retain,ret_000,M_npo_s0
10,-2,real,0.2240009307861328,5.188230514526367,1.538717269897461,0.26483794049685594,retain,ret_000,M_npo_s0
10,-1,real,0.2240009307861328,5.188230514526367,5.337846755981445,1.0301388642348712,retain,ret_000,M_npo_s0
10,-6,random_position,0.2240009307861328,5.188230514526367,0.26093101501464844,0.007439237772055484,retain,ret_000,M_npo_s0
11,-6,real,0.2240009307861328,5.188230514526367,0.2240009307861328,0.0,retain,ret_000,M_npo_s0
11,-5,real,0.2240009307861328,5.188230514526367,0.2240009307861328,0.0,retain,ret_000,M_npo_s0
11,-4,real,0.2240009307861328,5.188230514526367,0.2240009307861328,0.0,retain,ret_000,M_npo_s0
11,-3,real,0.2240009307861328,5.188230514526367,0.2240009307861328,0.0,retain,ret_000,M_npo_s0
11,-2,real,0.2240009307861328,5.188230514526367,0.2240009307861328,0.0,retain,ret_000,M_npo_s0
11,-1,real,0.2240009307861328,5.188230514526367,5.712347030639648,1.1055786214702812,retain,ret_000,M_npo_s0
11,-6,random_position,0.2240009307861328,5.188230514526367,0.2240009307861328,0.0,retain,ret_000,M_npo_s0
0,-6,real,-0.27588653564453125,4.1370391845703125,-0.054882049560546875,0.05008117065546817,retain,ret_000,M_npo_s0
0,-5,real,-0.27588653564453125,4.1370391845703125,-0.29168128967285156,-0.003579202331905859,retain,ret_000,M_npo_s0
0,-4,real,-0.27588653564453125,4.1370391845703125,-0.2734565734863281,0.0005506465126009014,retain,ret_000,M_npo_s0
0,-3,real,-0.27588653564453125,4.1370391845703125,-0.27812767028808594,-0.0005078568699419617,retain,ret_000,M_npo_s0
0,-2,real,-0.27588653564453125,4.1370391845703125,-0.2786579132080078,-0.0006280136442771662,retain,ret_000,M_npo_s0
0,-1,real,-0.27588653564453125,4.1370391845703125,-0.2644481658935547,0.002592015020461229,retain,ret_000,M_npo_s0
0,-12,random_position,-0.27588653564453125,4.1370391845703125,-0.29589080810546875,-0.004533108810171314,retain,ret_000,M_npo_s0
1,-6,real,-0.27588653564453125,4.1370391845703125,-0.11312103271484375,0.036883807534780634,retain,ret_000,M_npo_s0
1,-5,real,-0.27588653564453125,4.1370391845703125,-0.2319812774658203,0.009949240246122567,retain,ret_000,M_npo_s0
1,-4,real,-0.27588653564453125,4.1370391845703125,-0.274322509765625,0.00035441926242758175,retain,ret_000,M_npo_s0
1,-3,real,-0.27588653564453125,4.1370391845703125,-0.273590087890625,0.000520391209710742,retain,ret_000,M_npo_s0
1,-2,real,-0.27588653564453125,4.1370391845703125,-0.2701835632324219,0.0012923336520225238,retain,ret_000,M_npo_s0
1,-1,real,-0.27588653564453125,4.1370391845703125,-0.2742652893066406,0.00036738582080907866,retain,ret_000,M_npo_s0
1,-3,random_position,-0.27588653564453125,4.1370391845703125,-0.273590087890625,0.000520391209710742,retain,ret_000,M_npo_s0
2,-6,real,-0.27588653564453125,4.1370391845703125,-0.05946159362792969,0.049043413766335704,retain,ret_000,M_npo_s0
2,-5,real,-0.27588653564453125,4.1370391845703125,-0.268829345703125,0.0015992088670512836,retain,ret_000,M_npo_s0
2,-4,real,-0.27588653564453125,4.1370391845703125,-0.2500782012939453,0.005848350048667816,retain,ret_000,M_npo_s0
2,-3,real,-0.27588653564453125,4.1370391845703125,-0.28345489501953125,-0.0017150434552593225,retain,ret_000,M_npo_s0
2,-2,real,-0.27588653564453125,4.1370391845703125,-0.2924232482910156,-0.0037473353722526025,retain,ret_000,M_npo_s0
2,-1,real,-0.27588653564453125,4.1370391845703125,-0.29046058654785156,-0.003302582419767259,retain,ret_000,M_npo_s0
2,-8,random_position,-0.27588653564453125,4.1370391845703125,3.3665618896484375,0.8254044269559189,retain,ret_000,M_npo_s0
3,-6,real,-0.27588653564453125,4.1370391845703125,-0.28081512451171875,-0.001116852895259599,retain,ret_000,M_npo_s0
3,-5,real,-0.27588653564453125,4.1370391845703125,-0.29679298400878906,-0.004737548213986248,retain,ret_000,M_npo_s0
3,-4,real,-0.27588653564453125,4.1370391845703125,-0.2842674255371094,-0.0018991685842765784,retain,ret_000,M_npo_s0
3,-3,real,-0.27588653564453125,4.1370391845703125,-0.2819709777832031,-0.0013787773745658363,retain,ret_000,M_npo_s0
3,-2,real,-0.27588653564453125,4.1370391845703125,-0.2910804748535156,-0.003443053468900142,retain,ret_000,M_npo_s0
3,-1,real,-0.27588653564453125,4.1370391845703125,-0.33292388916015625,-0.012925065394676104,retain,ret_000,M_npo_s0
3,-12,random_position,-0.27588653564453125,4.1370391845703125,-0.25752830505371094,0.004160104147396921,retain,ret_000,M_npo_s0
4,-6,real,-0.27588653564453125,4.1370391845703125,-0.34368133544921875,-0.01536277837039752,retain,ret_000,M_npo_s0
4,-5,real,-0.27588653564453125,4.1370391845703125,-0.3121299743652344,-0.008213018078840133,retain,ret_000,M_npo_s0
4,-4,real,-0.27588653564453125,4.1370391845703125,-0.27620506286621094,-7.218050832366604e-05,retain,ret_000,M_npo_s0
4,-3,real,-0.27588653564453125,4.1370391845703125,-0.2863044738769531,-0.002360778062657868,retain,ret_000,M_npo_s0
4,-2,real,-0.27588653564453125,4.1370391845703125,-0.318817138671875,-0.009728376535024404,retain,ret_000,M_npo_s0
4,-1,real,-0.27588653564453125,4.1370391845703125,-0.4752216339111328,-0.0451707349963953,retain,ret_000,M_npo_s0
4,-9,random_position,-0.27588653564453125,4.1370391845703125,0.2079181671142578,0.10963354777139439,retain,ret_000,M_npo_s0
5,-6,real,-0.27588653564453125,4.1370391845703125,-0.5969696044921875,-0.07275968126470624,retain,ret_000,M_npo_s0
5,-5,real,-0.27588653564453125,4.1370391845703125,-0.2556648254394531,0.004582381732021003,retain,ret_000,M_npo_s0
5,-4,real,-0.27588653564453125,4.1370391845703125,-0.2813758850097656,-0.0012439251673982687,retain,ret_000,M_npo_s0
5,-3,real,-0.27588653564453125,4.1370391845703125,-0.27652931213378906,-0.0001456576724854818,retain,ret_000,M_npo_s0
5,-2,real,-0.27588653564453125,4.1370391845703125,-0.3109931945800781,-0.007955415785661061,retain,ret_000,M_npo_s0
5,-1,real,-0.27588653564453125,4.1370391845703125,-0.6537361145019531,-0.08562337161637659,retain,ret_000,M_npo_s0
5,-11,random_position,-0.27588653564453125,4.1370391845703125,-0.28875160217285156,-0.0029153145427732183,retain,ret_000,M_npo_s0
6,-6,real,-0.27588653564453125,4.1370391845703125,-0.6693801879882812,-0.08916842867787785,retain,ret_000,M_npo_s0
6,-5,real,-0.27588653564453125,4.1370391845703125,-0.3550300598144531,-0.01793447911606107,retain,ret_000,M_npo_s0
6,-4,real,-0.27588653564453125,4.1370391845703125,-0.3193206787109375,-0.009842482248781577,retain,ret_000,M_npo_s0
6,-3,real,-0.27588653564453125,4.1370391845703125,-0.27707862854003906,-0.000270136632947852,retain,ret_000,M_npo_s0
6,-2,real,-0.27588653564453125,4.1370391845703125,-0.3162250518798828,-0.009140991440342593,retain,ret_000,M_npo_s0
6,-1,real,-0.27588653564453125,4.1370391845703125,-1.1652183532714844,-0.20152884367690102,retain,ret_000,M_npo_s0
6,-2,random_position,-0.27588653564453125,4.1370391845703125,-0.3162250518798828,-0.009140991440342593,retain,ret_000,M_npo_s0
7,-6,real,-0.27588653564453125,4.1370391845703125,-0.37299537658691406,-0.02200554622923838,retain,ret_000,M_npo_s0
7,-5,real,-0.27588653564453125,4.1370391845703125,-0.3551673889160156,-0.017965598856176664,retain,ret_000,M_npo_s0
7,-4,real,-0.27588653564453125,4.1370391845703125,-0.396148681640625,-0.027252247969004738,retain,ret_000,M_npo_s0
7,-3,real,-0.27588653564453125,4.1370391845703125,-0.2734107971191406,0.000561019759306099,retain,ret_000,M_npo_s0
7,-2,real,-0.27588653564453125,4.1370391845703125,-0.3076915740966797,-0.00720724536704869,retain,ret_000,M_npo_s0
7,-1,real,-0.27588653564453125,4.1370391845703125,-1.4360065460205078,-0.2628913523428842,retain,ret_000,M_npo_s0
7,-8,random_position,-0.27588653564453125,4.1370391845703125,8.58540153503418,2.008030189605661,retain,ret_000,M_npo_s0
8,-6,real,-0.27588653564453125,4.1370391845703125,-0.6157684326171875,-0.07701962791164069,retain,ret_000,M_npo_s0
8,-5,real,-0.27588653564453125,4.1370391845703125,-0.37017822265625,-0.021367159338256014,retain,ret_000,M_npo_s0
8,-4,real,-0.27588653564453125,4.1370391845703125,-0.39341163635253906,-0.026632014259756472,retain,ret_000,M_npo_s0
8,-3,real,-0.27588653564453125,4.1370391845703125,-0.2777137756347656,-0.00041406543098246746,retain,ret_000,M_npo_s0
8,-2,real,-0.27588653564453125,4.1370391845703125,-0.27498435974121094,0.00020443940381493437,retain,ret_000,M_npo_s0
8,-1,real,-0.27588653564453125,4.1370391845703125,-0.30240631103515625,-0.0060095675912110935,retain,ret_000,M_npo_s0
8,-5,random_position,-0.27588653564453125,4.1370391845703125,-0.37017822265625,-0.021367159338256014,retain,ret_000,M_npo_s0
9,-6,real,-0.27588653564453125,4.1370391845703125,0.18771743774414062,0.10505592044411327,retain,ret_000,M_npo_s0
9,-5,real,-0.27588653564453125,4.1370391845703125,-0.08205413818359375,0.04392378429870801,retain,ret_000,M_npo_s0
9,-4,real,-0.27588653564453125,4.1370391845703125,-0.3987998962402344,-0.02785303184068076,retain,ret_000,M_npo_s0
9,-3,real,-0.27588653564453125,4.1370391845703125,-0.2698040008544922,0.0013783451559531198,retain,ret_000,M_npo_s0
9,-2,real,-0.27588653564453125,4.1370391845703125,-0.22286605834960938,0.012014812996295022,retain,ret_000,M_npo_s0
9,-1,real,-0.27588653564453125,4.1370391845703125,1.5236892700195312,0.40779653222362644,retain,ret_000,M_npo_s0
9,-11,random_position,-0.27588653564453125,4.1370391845703125,-0.2884635925292969,-0.002850049532253017,retain,ret_000,M_npo_s0
10,-6,real,-0.27588653564453125,4.1370391845703125,0.23732566833496094,0.11629749434225836,retain,ret_000,M_npo_s0
10,-5,real,-0.27588653564453125,4.1370391845703125,0.23836898803710938,0.11653391792341432,retain,ret_000,M_npo_s0
10,-4,real,-0.27588653564453125,4.1370391845703125,-0.4501686096191406,-0.03949354351836324,retain,ret_000,M_npo_s0
10,-3,real,-0.27588653564453125,4.1370391845703125,-0.2761573791503906,-6.137504300575197e-05,retain,ret_000,M_npo_s0
10,-2,real,-0.27588653564453125,4.1370391845703125,-0.024084091186523438,0.057060204595002516,retain,ret_000,M_npo_s0
10,-1,real,-0.27588653564453125,4.1370391845703125,4.677589416503906,1.1224924837183248,retain,ret_000,M_npo_s0
10,-6,random_position,-0.27588653564453125,4.1370391845703125,0.23732566833496094,0.11629749434225836,retain,ret_000,M_npo_s0
11,-6,real,-0.27588653564453125,4.1370391845703125,-0.27588653564453125,0.0,retain,ret_000,M_npo_s0
11,-5,real,-0.27588653564453125,4.1370391845703125,-0.27588653564453125,0.0,retain,ret_000,M_npo_s0
11,-4,real,-0.27588653564453125,4.1370391845703125,-0.27588653564453125,0.0,retain,ret_000,M_npo_s0
11,-3,real,-0.27588653564453125,4.1370391845703125,-0.27588653564453125,0.0,retain,ret_000,M_npo_s0
11,-2,real,-0.27588653564453125,4.1370391845703125,-0.27588653564453125,0.0,retain,ret_000,M_npo_s0
11,-1,real,-0.27588653564453125,4.1370391845703125,4.7379608154296875,1.1361730672480295,retain,ret_000,M_npo_s0
11,-6,random_position,-0.27588653564453125,4.1370391845703125,-0.27588653564453125,0.0,retain,ret_000,M_npo_s0
0,-6,real,0.41782379150390625,3.6970672607421875,2.213350296020508,0.5475429077956433,retain,ret_000,M_npo_s0
0,-5,real,0.41782379150390625,3.6970672607421875,0.4036903381347656,-0.004309973779538734,retain,ret_000,M_npo_s0
0,-4,real,0.41782379150390625,3.6970672607421875,0.7921810150146484,0.11415963072656503,retain,ret_000,M_npo_s0
0,-3,real,0.41782379150390625,3.6970672607421875,0.42962074279785156,0.0035974612451345573,retain,ret_000,M_npo_s0
0,-2,real,0.41782379150390625,3.6970672607421875,0.39437294006347656,-0.0071512992738770225,retain,ret_000,M_npo_s0
0,-1,real,0.41782379150390625,3.6970672607421875,0.43963050842285156,0.006649923106810573,retain,ret_000,M_npo_s0
0,-13,random_position,0.41782379150390625,3.6970672607421875,0.3841552734375,-0.010267160210042878,retain,ret_000,M_npo_s0
1,-6,real,0.41782379150390625,3.6970672607421875,3.1731834411621094,0.8402424752859938,retain,ret_000,M_npo_s0
1,-5,real,0.41782379150390625,3.6970672607421875,0.052715301513671875,-0.11133924437609494,retain,ret_000,M_npo_s0
1,-4,real,0.41782379150390625,3.6970672607421875,0.6333045959472656,0.0657105233157367,retain,ret_000,M_npo_s0
1,-3,real,0.41782379150390625,3.6970672607421875,0.5041732788085938,0.026332136700037458,retain,ret_000,M_npo_s0
1,-2,real,0.41782379150390625,3.6970672607421875,0.3910255432128906,-0.008172082537451985,retain,ret_000,M_npo_s0
1,-1,real,0.41782379150390625,3.6970672607421875,0.48526954650878906,0.020567474064543748,retain,ret_000,M_npo_s0
1,-3,random_position,0.41782379150390625,3.6970672607421875,0.5041732788085938,0.026332136700037458,retain,ret_000,M_npo_s0
2,-6,real,0.41782379150390625,3.6970672607421875,3.7209415435791016,1.0072804239943975,retain,ret_000,M_npo_s0
2,-5,real,0.41782379150390625,3.6970672607421875,0.08112907409667969,-0.10267451031485493,retain,ret_000,M_npo_s0
2,-4,real,0.41782379150390625,3.6970672607421875,0.7434730529785156,0.09930621636650017,retain,ret_000,M_npo_s0
2,-3,real,0.41782379150390625,3.6970672607421875,0.4577598571777344,0.012178438730901756,retain,ret_000,M_npo_s0
2,-2,real,0.41782379150390625,3.6970672607421875,0.38561248779296875,-0.009822785045728763,retain,ret_000,M_npo_s0
2,-1,real,0.41782379150390625,3.6970672607421875,0.5455780029296875,0.0389584404525647,retain,ret_000,M_npo_s0
2,-9,random_position,0.41782379150390625,3.6970672607421875,0.286773681640625,-0.039963519358238504,retain,ret_000,M_npo_s0
3,-6,real,0.41782379150390625,3.6970672607421875,4.361326217651367,1.202564696138124,retain,ret_000,M_npo_s0
3,-5,real,0.41782379150390625,3.6970672607421875,0.4493732452392578,0.009620954964554682,retain,ret_000,M_npo_s0
3,-4,real,0.41782379150390625,3.6970672607421875,0.38578224182128906,-0.009771018828943481,retain,ret_000,M_npo_s0
3,-3,real,0.41782379150390625,3.6970672607421875,0.3596019744873047,-0.017754649071581627,retain,ret_000,M_npo_s0
3,-2,real,0.41782379150390625,3.6970672607421875,0.31551551818847656,-0.031198742720739293,retain,ret_000,M_npo_s0
3,-1,real,0.41782379150390625,3.6970672607421875,0.5864982604980469,0.051437006912244045,retain,ret_000,M_npo_s0
3,-13,random_position,0.41782379150390625,3.6970672607421875,0.44443511962890625,0.00811508153469965,retain,ret_000,M_npo_s0
4,-6,real,0.41782379150390625,3.6970672607421875,5.208011627197266,1.460760044390985,retain,ret_000,M_npo_s0
4,-5,real,0.41782379150390625,3.6970672607421875,0.5434989929199219,0.03832444970766628,retain,ret_000,M_npo_s0
4,-4,real,0.41782379150390625,3.6970672607421875,0.3227348327636719,-0.02899722440015169,retain,ret_000,M_npo_s0
4,-3,real,0.41782379150390625,3.6970672607421875,0.37341880798339844,-0.013541228010990725,retain,ret_000,M_npo_s0
4,-2,real,0.41782379150390625,3.6970672607421875,0.28711700439453125,-0.039858823638897485,retain,ret_000,M_npo_s0
4,-1,real,0.41782379150390625,3.6970672607421875,0.36658287048339844,-0.015625836111647515,retain,ret_000,M_npo_s0
4,-10,random_position,0.41782379150390625,3.6970672607421875,0.4353599548339844,0.005347624686785306,retain,ret_000,M_npo_s0
5,-6,real,0.41782379150390625,3.6970672607421875,5.845020294189453,1.655014808627858,retain,ret_000,M_npo_s0
5,-5,real,0.41782379150390625,3.6970672607421875,1.0665435791015625,0.1978260515521722,retain,ret_000,M_npo_s0
5,-4,real,0.41782379150390625,3.6970672607421875,-0.04876518249511719,-0.14228555408464533,retain,ret_000,M_npo_s0
5,-3,real,0.41782379150390625,3.6970672607421875,0.3916053771972656,-0.007995263100342704,retain,ret_000,M_npo_s0
5,-2,real,0.41782379150390625,3.6970672607421875,0.3517932891845703,-0.020135895043704645,retain,ret_000,M_npo_s0
5,-1,real,0.41782379150390625,3.6970672607421875,0.07047653198242188,-0.10592298582885275,retain,ret_000,M_npo_s0
5,-12,random_position,0.41782379150390625,3.6970672607421875,0.3870868682861328,-0.009373175095447597,retain,ret_000,M_npo_s0
6,-6,real,0.41782379150390625,3.6970672607421875,7.213323593139648,2.0722766898470746,retain,ret_000,M_npo_s0
6,-5,real,0.41782379150390625,3.6970672607421875,1.0535545349121094,0.1938650635037702,retain,ret_000,M_npo_s0
6,-4,real,0.41782379150390625,3.6970672607421875,-0.1555004119873047,-0.17483428994199857,retain,ret_000,M_npo_s0
6,-3,real,0.41782379150390625,3.6970672607421875,0.2596912384033203,-0.048222266685589446,retain,ret_000,M_npo_s0
6,-2,real,0.41782379150390625,3.6970672607421875,0.3214092254638672,-0.02940146620538508,retain,ret_000,M_npo_s0
6,-1,real,0.41782379150390625,3.6970672607421875,-0.47693824768066406,-0.27285623881791554,retain,ret_000,M_npo_s0
6,-2,random_position,0.41782379150390625,3.6970672607421875,0.3214092254638672,-0.02940146620538508,retain,ret_000,M_npo_s0
7,-6,real,0.41782379150390625,3.6970672607421875,8.068378448486328,2.3330242870803155,retain,ret_000,M_npo_s0
7,-5,real,0.41782379150390625,3.6970672607421875,0.8291740417480469,0.12544059448556014,retain,ret_000,M_npo_s0
7,-4,real,0.41782379150390625,3.6970672607421875,0.5713748931884766,0.046825160475272035,retain,ret_000,M_npo_s0
7,-3,real,0.41782379150390625,3.6970672607421875,0.33570098876953125,-0.025043216066372432,retain,ret_000,M_npo_s0
7,-2,real,0.41782379150390625,3.6970672607421875,0.23876571655273438,-0.054603470779424734,retain,ret_000,M_npo_s0
7,-1,real,0.41782379150390625,3.6970672607421875,-0.7728824615478516,-0.3631039488898764,retain,ret_000,M_npo_s0
7,-8,random_position,0.41782379150390625,3.6970672607421875,0.4071178436279297,-0.003264761514784199,retain,ret_000,M_npo_s0
8,-6,real,0.41782379150390625,3.6970672607421875,7.786529541015625,2.2470749179301888,retain,ret_000,M_npo_s0
8,-5,real,0.41782379150390625,3.6970672607421875,0.9422969818115234,0.15993725236554163,retain,ret_000,M_npo_s0
8,-4,real,0.41782379150390625,3.6970672607421875,0.43354034423828125,0.00479273737427789,retain,ret_000,M_npo_s0
8,-3,real,0.41782379150390625,3.6970672607421875,0.33558082580566406,-0.02507985956814179,retain,ret_000,M_npo_s0
8,-2,real,0.41782379150390625,3.6970672607421875,0.27801513671875,-0.04263442348720502,retain,ret_000,M_npo_s0
8,-1,real,0.41782379150390625,3.6970672607421875,0.10507583618164062,-0.09537198389081865,retain,ret_000,M_npo_s0
8,-5,random_position,0.41782379150390625,3.6970672607421875,0.9422969818115234,0.15993725236554163,retain,ret_000,M_npo_s0
9,-6,real,0.41782379150390625,3.6970672607421875,4.502153396606445,1.2455097169260405,retain,ret_000,M_npo_s0
9,-5,real,0.41782379150390625,3.6970672607421875,0.8520736694335938,0.1324237989656063,retain,ret_000,M_npo_s0
9,-4,real,0.41782379150390625,3.6970672607421875,1.741189956665039,0.40355837484324725,retain,ret_000,M_npo_s0
9,-3,real,0.41782379150390625,3.6970672607421875,0.8646106719970703,0.1362469376502093,retain,ret_000,M_npo_s0
9,-2,real,0.41782379150390625,3.6970672607421875,0.3365745544433594,-0.024776823624938056,retain,ret_000,M_npo_s0
9,-1,real,0.41782379150390625,3.6970672607421875,1.358224868774414,0.2867737897756487,retain,ret_000,M_npo_s0
9,-12,random_position,0.41782379150390625,3.6970672607421875,0.41167449951171875,-0.0018752166619747474,retain,ret_000,M_npo_s0
10,-6,real,0.41782379150390625,3.6970672607421875,0.785736083984375,0.11219425941737995,retain,ret_000,M_npo_s0
10,-5,real,0.41782379150390625,3.6970672607421875,0.7006778717041016,0.08625589495064179,retain,ret_000,M_npo_s0
10,-4,real,0.41782379150390625,3.6970672607421875,1.3401031494140625,0.28124760072309846,retain,ret_000,M_npo_s0
10,-3,real,0.41782379150390625,3.6970672607421875,1.7314815521240234,0.40059781255743726,retain,ret_000,M_npo_s0
10,-2,real,0.41782379150390625,3.6970672607421875,0.2970142364501953,-0.03684067870744991,retain,ret_000,M_npo_s0
10,-1,real,0.41782379150390625,3.6970672607421875,4.617744445800781,1.280759020699507,retain,ret_000,M_npo_s0
10,-6,random_position,0.41782379150390625,3.6970672607421875,0.785736083984375,0.11219425941737995,retain,ret_000,M_npo_s0
11,-6,real,0.41782379150390625,3.6970672607421875,0.41782379150390625,0.0,retain,ret_000,M_npo_s0
11,-5,real,0.41782379150390625,3.6970672607421875,0.41782379150390625,0.0,retain,ret_000,M_npo_s0
11,-4,real,0.41782379150390625,3.6970672607421875,0.41782379150390625,0.0,retain,ret_000,M_npo_s0
11,-3,real,0.41782379150390625,3.6970672607421875,0.41782379150390625,0.0,retain,ret_000,M_npo_s0
11,-2,real,0.41782379150390625,3.6970672607421875,0.41782379150390625,0.0,retain,ret_000,M_npo_s0
11,-1,real,0.41782379150390625,3.6970672607421875,4.287361145019531,1.1800091666918713,retain,ret_000,M_npo_s0
11,-6,random_position,0.41782379150390625,3.6970672607421875,0.41782379150390625,0.0,retain,ret_000,M_npo_s0
0,-6,real,-1.5855522155761719,3.6029911041259766,-1.6281013488769531,-0.008200593245355001,retain,ret_000,M_npo_s0
0,-5,real,-1.5855522155761719,3.6029911041259766,-1.3808135986328125,0.03945974897538535,retain,ret_000,M_npo_s0
0,-4,real,-1.5855522155761719,3.6029911041259766,-1.5140056610107422,0.013789333567621994,retain,ret_000,M_npo_s0
0,-3,real,-1.5855522155761719,3.6029911041259766,-1.5771675109863281,0.001616003581969723,retain,ret_000,M_npo_s0
0,-2,real,-1.5855522155761719,3.6029911041259766,-1.6154155731201172,-0.00575563423177888,retain,ret_000,M_npo_s0
0,-1,real,-1.5855522155761719,3.6029911041259766,-1.5674800872802734,0.003483083243667681,retain,ret_000,M_npo_s0
0,-11,random_position,-1.5855522155761719,3.6029911041259766,-1.5932483673095703,-0.001483297191366659,retain,ret_000,M_npo_s0
1,-6,real,-1.5855522155761719,3.6029911041259766,-1.7560081481933594,-0.03285236763272753,retain,ret_000,M_npo_s0
1,-5,real,-1.5855522155761719,3.6029911041259766,-1.4863471984863281,0.019120013263286904,retain,ret_000,M_npo_s0
1,-4,real,-1.5855522155761719,3.6029911041259766,-1.487100601196289,0.01897480820985696,retain,ret_000,M_npo_s0
1,-3,real,-1.5855522155761719,3.6029911041259766,-1.575693130493164,0.0019001643574161735,retain,ret_000,M_npo_s0
1,-2,real,-1.5855522155761719,3.6029911041259766,-1.6101741790771484,-0.004745448189182702,retain,ret_000,M_npo_s0
1,-1,real,-1.5855522155761719,3.6029911041259766,-1.5377979278564453,0.009203794741077333,retain,ret_000,M_npo_s0
1,-3,random_position,-1.5855522155761719,3.6029911041259766,-1.575693130493164,0.0019001643574161735,retain,ret_000,M_npo_s0
2,-6,real,-1.5855522155761719,3.6029911041259766,-1.7152252197265625,-0.024992179145539944,retain,ret_000,M_npo_s0
2,-5,real,-1.5855522155761719,3.6029911041259766,-1.3995380401611328,0.03585094388798846,retain,ret_000,M_npo_s0
2,-4,real,-1.5855522155761719,3.6029911041259766,-1.6003952026367188,-0.0028607233564350285,retain,ret_000,M_npo_s0
2,-3,real,-1.5855522155761719,3.6029911041259766,-1.599893569946289,-0.002764042523391799,retain,ret_000,M_npo_s0
2,-2,real,-1.5855522155761719,3.6029911041259766,-1.6025867462158203,-0.003283104638437579,retain,ret_000,M_npo_s0
2,-1,real,-1.5855522155761719,3.6029911041259766,-1.5439834594726562,0.00801164287203097,retain,ret_000,M_npo_s0
2,-8,random_position,-1.5855522155761719,3.6029911041259766,-0.9369716644287109,0.12500243540121259,retain,ret_000,M_npo_s0
3,-6,real,-1.5855522155761719,3.6029911041259766,-1.6457271575927734,-0.011597656280155322,retain,ret_000,M_npo_s0
3,-5,real,-1.5855522155761719,3.6029911041259766,-1.5218257904052734,0.012282141873792179,retain,ret_000,M_npo_s0
3,-4,real,-1.5855522155761719,3.6029911041259766,-1.672006607055664,-0.0166625555868839,retain,ret_000,M_npo_s0
3,-3,real,-1.5855522155761719,3.6029911041259766,-1.5711441040039062,0.0027769087939488826,retain,ret_000,M_npo_s0
3,-2,real,-1.5855522155761719,3.6029911041259766,-1.6095390319824219,-0.004623034815025304,retain,ret_000,M_npo_s0
3,-1,real,-1.5855522155761719,3.6029911041259766,-1.5544719696044922,0.005990167963648007,retain,ret_000,M_npo_s0
3,-11,random_position,-1.5855522155761719,3.6029911041259766,-1.5690135955810547,0.0031875266285849566,retain,ret_000,M_npo_s0
4,-6,real,-1.5855522155761719,3.6029911041259766,-1.6305370330810547,-0.008670028316823458,retain,ret_000,M_npo_s0
4,-5,real,-1.5855522155761719,3.6029911041259766,-1.6252803802490234,-0.00765690141238566,retain,ret_000,M_npo_s0
4,-4,real,-1.5855522155761719,3.6029911041259766,-1.616617202758789,-0.0059872271018063875,retain,ret_000,M_npo_s0
4,-3,real,-1.5855522155761719,3.6029911041259766,-1.5329113006591797,0.010145605745855867,retain,ret_000,M_npo_s0
4,-2,real,-1.5855522155761719,3.6029911041259766,-1.6895427703857422,-0.02004234105836471,retain,ret_000,M_npo_s0
4,-1,real,-1.5855522155761719,3.6029911041259766,-1.6898078918457031,-0.020093438532862846,retain,ret_000,M_npo_s0
4,-8,random_position,-1.5855522155761719,3.6029911041259766,-1.0955867767333984,0.09443217655758153,retain,ret_000,M_npo_s0
5,-6,real,-1.5855522155761719,3.6029911041259766,-1.408487319946289,0.03412612841787882,retain,ret_000,M_npo_s0
5,-5,real,-1.5855522155761719,3.6029911041259766,-1.8239364624023438,-0.04594434933615558,retain,ret_000,M_npo_s0
5,-4,real,-1.5855522155761719,3.6029911041259766,-1.4892501831054688,0.018560514297918863,retain,ret_000,M_npo_s0
5,-3,real,-1.5855522155761719,3.6029911041259766,-1.6111335754394531,-0.004930354877474506,retain,ret_000,M_npo_s0
5,-2,real,-1.5855522155761719,3.6029911041259766,-1.7216529846191406,-0.02623101719632201,retain,ret_000,M_npo_s0
5,-1,real,-1.5855522155761719,3.6029911041259766,-1.9250869750976562,-0.06543932248424893,retain,ret_000,M_npo_s0
5,-10,random_position,-1.5855522155761719,3.6029911041259766,-1.5790443420410156,0.0012542775754505677,retain,ret_000,M_npo_s0
6,-6,real,-1.5855522155761719,3.6029911041259766,-1.411895751953125,0.033469213404007145,retain,ret_000,M_npo_s0
6,-5,real,-1.5855522155761719,3.6029911041259766,-1.8663215637207031,-0.05411332831671317,retain,ret_000,M_npo_s0
6,-4,real,-1.5855522155761719,3.6029911041259766,-1.5190296173095703,0.012821054806268889,retain,ret_000,M_npo_s0
6,-3,real,-1.5855522155761719,3.6029911041259766,-1.632516860961914,-0.009051605140773543,retain,ret_000,M_npo_s0
6,-2,real,-1.5855522155761719,3.6029911041259766,-1.6834163665771484,-0.018861585028954624,retain,ret_000,M_npo_s0
6,-1,real,-1.5855522155761719,3.6029911041259766,-2.5011768341064453,-0.17647045849138934,retain,ret_000,M_npo_s0
6,-2,random_position,-1.5855522155761719,3.6029911041259766,-1.6834163665771484,-0.018861585028954624,retain,ret_000,M_npo_s0
7,-6,real,-1.5855522155761719,3.6029911041259766,-1.524374008178711,0.01179101794624178,retain,ret_000,M_npo_s0
7,-5,real,-1.5855522155761719,3.6029911041259766,-1.7077445983886719,-0.023550421627686155,retain,ret_000,M_npo_s0
7,-4,real,-1.5855522155761719,3.6029911041259766,-1.503641128540039,0.015786913973541802,retain,ret_000,M_npo_s0
7,-3,real,-1.5855522155761719,3.6029911041259766,-1.7086429595947266,-0.023723564868611484,retain,ret_000,M_npo_s0
7,-2,real,-1.5855522155761719,3.6029911041259766,-1.6976985931396484,-0.02161423171271015,retain,ret_000,M_npo_s0
7,-1,real,-1.5855522155761719,3.6029911041259766,-2.8343505859375,-0.2406838091954133,retain,ret_000,M_npo_s0
7,-7,random_position,-1.5855522155761719,3.6029911041259766,8.338495254516602,1.9126847090991368,retain,ret_000,M_npo_s0
8,-6,real,-1.5855522155761719,3.6029911041259766,-1.4305915832519531,0.02986592243256328,retain,ret_000,M_npo_s0
8,-5,real,-1.5855522155761719,3.6029911041259766,-1.9190044403076172,-0.06426702143263349,retain,ret_000,M_npo_s0
8,-4,real,-1.5855522155761719,3.6029911041259766,-1.6347904205322266,-0.009489793555174795,retain,ret_000,M_npo_s0
8,-3,real,-1.5855522155761719,3.6029911041259766,-1.6874237060546875,-0.01963392887010985,retain,ret_000,M_npo_s0
8,-2,real,-1.5855522155761719,3.6029911041259766,-1.6572704315185547,-0.013822418263340209,retain,ret_000,M_npo_s0
8,-1,real,-1.5855522155761719,3.6029911041259766,-1.7103919982910156,-0.024060661157207078,retain,ret_000,M_npo_s0
8,-5,random_position,-1.5855522155761719,3.6029911041259766,-1.9190044403076172,-0.06426702143263349,retain,ret_000,M_npo_s0
9,-6,real,-1.5855522155761719,3.6029911041259766,-1.4011077880859375,0.03554840272603189,retain,ret_000,M_npo_s0
9,-5,real,-1.5855522155761719,3.6029911041259766,-1.255453109741211,0.06362076704293769,retain,ret_000,M_npo_s0
9,-4,real,-1.5855522155761719,3.6029911041259766,-1.4027652740478516,0.035228951608486006,retain,ret_000,M_npo_s0
9,-3,real,-1.5855522155761719,3.6029911041259766,-1.7319469451904297,-0.02821499611622433,retain,ret_000,M_npo_s0
9,-2,real,-1.5855522155761719,3.6029911041259766,-1.6044845581054688,-0.003648874329988961,retain,ret_000,M_npo_s0
9,-1,real,-1.5855522155761719,3.6029911041259766,0.03491973876953125,0.31231732193357253,retain,ret_000,M_npo_s0
9,-10,random_position,-1.5855522155761719,3.6029911041259766,-1.5920906066894531,-0.001260159299133806,retain,ret_000,M_npo_s0
10,-6,real,-1.5855522155761719,3.6029911041259766,-1.4089775085449219,0.034031653231216805,retain,ret_000,M_npo_s0
10,-5,real,-1.5855522155761719,3.6029911041259766,-1.1464977264404297,0.08461999102301923,retain,ret_000,M_npo_s0
10,-4,real,-1.5855522155761719,3.6029911041259766,-0.6956272125244141,0.17151731193464229,retain,ret_000,M_npo_s0
10,-3,real,-1.5855522155761719,3.6029911041259766,-1.6961822509765625,-0.021321983567199245,retain,ret_000,M_npo_s0
10,-2,real,-1.5855522155761719,3.6029911041259766,-1.6020164489746094,-0.0031731899271070633,retain,ret_000,M_npo_s0
10,-1,real,-1.5855522155761719,3.6029911041259766,3.60723876953125,1.0008186624151607,retain,ret_000,M_npo_s0
10,-5,random_position,-1.5855522155761719,3.6029911041259766,-1.1464977264404297,0.08461999102301923,retain,ret_000,M_npo_s0
11,-6,real,-1.5855522155761719,3.6029911041259766,-1.5855522155761719,0.0,retain,ret_000,M_npo_s0
11,-5,real,-1.5855522155761719,3.6029911041259766,-1.5855522155761719,0.0,retain,ret_000,M_npo_s0
11,-4,real,-1.5855522155761719,3.6029911041259766,-1.5855522155761719,0.0,retain,ret_000,M_npo_s0
11,-3,real,-1.5855522155761719,3.6029911041259766,-1.5855522155761719,0.0,retain,ret_000,M_npo_s0
11,-2,real,-1.5855522155761719,3.6029911041259766,-1.5855522155761719,0.0,retain,ret_000,M_npo_s0
11,-1,real,-1.5855522155761719,3.6029911041259766,4.143430709838867,1.1041601799219274,retain,ret_000,M_npo_s0
11,-6,random_position,-1.5855522155761719,3.6029911041259766,-1.5855522155761719,0.0,retain,ret_000,M_npo_s0
0,-6,real,16.84754180908203,6.728273391723633,16.834848403930664,0.0012543797266601966,retain,ret_001,M_npo_s0
0,-5,real,16.84754180908203,6.728273391723633,16.849027633666992,-0.00014683122570522813,retain,ret_001,M_npo_s0
0,-4,real,16.84754180908203,6.728273391723633,16.843002319335938,0.0004485986099851642,retain,ret_001,M_npo_s0
0,-3,real,16.84754180908203,6.728273391723633,16.84069061279297,0.0006770446248179453,retain,ret_001,M_npo_s0
0,-2,real,16.84754180908203,6.728273391723633,16.850120544433594,-0.00025483416836132017,retain,ret_001,M_npo_s0
0,-1,real,16.84754180908203,6.728273391723633,16.86101531982422,-0.0013314708323257142,retain,ret_001,M_npo_s0
0,-15,random_position,16.84754180908203,6.728273391723633,16.86929702758789,-0.0021498805653322618,retain,ret_001,M_npo_s0
1,-6,real,16.84754180908203,6.728273391723633,16.848024368286133,-4.768716316228846e-05,retain,ret_001,M_npo_s0
1,-5,real,16.84754180908203,6.728273391723633,16.853017807006836,-0.0005411456341459691,retain,ret_001,M_npo_s0
1,-4,real,16.84754180908203,6.728273391723633,16.84287452697754,0.00046122722631667935,retain,ret_001,M_npo_s0
1,-3,real,16.84754180908203,6.728273391723633,16.83527374267578,0.0012123471678254522,retain,ret_001,M_npo_s0
1,-2,real,16.84754180908203,6.728273391723633,16.822097778320312,0.002514414057647937,retain,ret_001,M_npo_s0
1,-1,real,16.84754180908203,6.728273391723633,16.88249969482422,-0.0034545862705076006,retain,ret_001,M_npo_s0
1,-3,random_position,16.84754180908203,6.728273391723633,16.83527374267578,0.0012123471678254522,retain,ret_001,M_npo_s0
2,-6,real,16.84754180908203,6.728273391723633,16.84551429748535,0.00020036148000597881,retain,ret_001,M_npo_s0
2,-5,real,16.84754180908203,6.728273391723633,16.834537506103516,0.0012851030768398527,retain,ret_001,M_npo_s0
2,-4,real,16.84754180908203,6.728273391723633,16.860057830810547,-0.0012368504532448098,retain,ret_001,M_npo_s0
2,-3,real,16.84754180908203,6.728273391723633,16.832517623901367,0.001484710609602159,retain,ret_001,M_npo_s0
2,-2,real,16.84754180908203,6.728273391723633,16.79725456237793,0.004969454769856662,retain,ret_001,M_npo_s0
2,-1,real,16.84754180908203,6.728273391723633,16.88992691040039,-0.004188553912222823,retain,ret_001,M_npo_s0
2,-10,random_position,16.84754180908203,6.728273391723633,17.006301879882812,-0.015688888193581985,retain,ret_001,M_npo_s0
3,-6,real,16.84754180908203,6.728273391723633,16.870454788208008,-0.0022642920595595706,retain,ret_001,M_npo_s0
3,-5,real,16.84754180908203,6.728273391723633,16.818269729614258,0.0028927070871606364,retain,ret_001,M_npo_s0
3,-4,real,16.84754180908203,6.728273391723633,16.851829528808594,-0.00042371835094397024,retain,ret_001,M_npo_s0
3,-3,real,16.84754180908203,6.728273391723633,16.814266204833984,0.0032883409032778044,retain,ret_001,M_npo_s0
3,-2,real,16.84754180908203,6.728273391723633,16.793893814086914,0.005301568530694418,retain,ret_001,M_npo_s0
3,-1,real,16.84754180908203,6.728273391723633,16.82429313659668,0.002297465738281162,retain,ret_001,M_npo_s0
3,-15,random_position,16.84754180908203,6.728273391723633,16.898941040039062,-0.005079342580621935,retain,ret_001,M_npo_s0
4,-6,real,16.84754180908203,6.728273391723633,16.869186401367188,-0.00213894833029901,retain,ret_001,M_npo_s0
4,-5,real,16.84754180908203,6.728273391723633,16.831968307495117,0.0015389948111465823,retain,ret_001,M_npo_s0
4,-4,real,16.84754180908203,6.728273391723633,16.830415725708008,0.0016924230752339451,retain,ret_001,M_npo_s0
4,-3,real,16.84754180908203,6.728273391723633,16.818832397460938,0.0028371034779397864,retain,ret_001,M_npo_s0
4,-2,real,16.84754180908203,6.728273391723633,16.851757049560547,-0.00041655585212908104,retain,ret_001,M_npo_s0
4,-1,real,16.84754180908203,6.728273391723633,16.808921813964844,0.003816480947470422,retain,ret_001,M_npo_s0
4,-11,random_position,16.84754180908203,6.728273391723633,15.49074935913086,0.1340800929466162,retain,ret_001,M_npo_s0
5,-6,real,16.84754180908203,6.728273391723633,16.86977767944336,-0.002197379241683632,retain,ret_001,M_npo_s0
5,-5,real,16.84754180908203,6.728273391723633,16.836952209472656,0.0010464787742174922,retain,ret_001,M_npo_s0
5,-4,real,16.84754180908203,6.728273391723633,16.82554817199707,0.002173441416697029,retain,ret_001,M_npo_s0
5,-3,real,16.84754180908203,6.728273391723633,16.815658569335938,0.003150745531307565,retain,ret_001,M_npo_s0
5,-2,real,16.84754180908203,6.728273391723633,16.87569808959961,-0.0027824423027735267,retain,ret_001,M_npo_s0
5,-1,real,16.84754180908203,6.728273391723633,16.79290008544922,0.005399770159182767,retain,ret_001,M_npo_s0
5,-13,random_position,16.84754180908203,6.728273391723633,16.84547233581543,0.0002045081898461778,retain,ret_001,M_npo_s0
6,-6,real,16.84754180908203,6.728273391723633,16.87303924560547,-0.002519691688353645,retain,ret_001,M_npo_s0
6,-5,real,16.84754180908203,6.728273391723633,16.83868980407715,0.0008747672894710702,retain,ret_001,M_npo_s0
6,-4,real,16.84754180908203,6.728273391723633,16.796428680419922,0.005051069558984214,retain,ret_001,M_npo_s0
6,-3,real,16.84754180908203,6.728273391723633,16.775373458862305,0.00713177546470952,retain,ret_001,M_npo_s0
6,-2,real,16.84754180908203,6.728273391723633,16.919050216674805,-0.007066559028131845,retain,ret_001,M_npo_s0
6,-1,real,16.84754180908203,6.728273391723633,16.91560935974121,-0.006726528821235527,retain,ret_001,M_npo_s0
6,-2,random_position,16.84754180908203,6.728273391723633,16.919050216674805,-0.007066559028131845,retain,ret_001,M_npo_s0
7,-6,real,16.84754180908203,6.728273391723633,16.871145248413086,-0.0023325242851119357,retain,ret_001,M_npo_s0
7,-5,real,16.84754180908203,6.728273391723633,16.82257080078125,0.0024676693285402393,retain,ret_001,M_npo_s0
7,-4,real,16.84754180908203,6.728273391723633,16.78567123413086,0.006114135172562503,retain,ret_001,M_npo_s0
7,-3,real,16.84754180908203,6.728273391723633,16.749954223632812,0.009643739193815521,retain,ret_001,M_npo_s0
7,-2,real,16.84754180908203,6.728273391723633,16.953227996826172,-0.010444054192973928,retain,ret_001,M_npo_s0
7,-1,real,16.84754180908203,6.728273391723633,16.704933166503906,0.01409278187872721,retain,ret_001,M_npo_s0
7,-9,random_position,16.84754180908203,6.728273391723633,16.41840171813965,0.04240821304890422,retain,ret_001,M_npo_s0
8,-6,real,16.84754180908203,6.728273391723633,16.822546005249023,0.0024701196570821753,retain,ret_001,M_npo_s0
8,-5,real,16.84754180908203,6.728273391723633,16.788034439086914,0.005880600013834932,retain,ret_001,M_npo_s0
8,-4,real,16.84754180908203,6.728273391723633,16.70629119873047,0.013958579269353497,retain,ret_001,M_npo_s0
8,-3,real,16.84754180908203,6.728273391723633,16.792537689208984,0.005435582653257213,retain,ret_001,M_npo_s0
8,-2,real,16.84754180908203,6.728273391723633,16.860267639160156,-0.0012575840024458048,retain,ret_001,M_npo_s0
8,-1,real,16.84754180908203,6.728273391723633,16.209890365600586,0.06301359121847487,retain,ret_001,M_npo_s0
8,-6,random_position,16.84754180908203,6.728273391723633,16.822546005249023,0.0024701196570821753,retain,ret_001,M_npo_s0
9,-6,real,16.84754180908203,6.728273391723633,16.873823165893555,-0.002597159767640999,retain,ret_001,M_npo_s0
9,-5,real,16.84754180908203,6.728273391723633,16.803668975830078,0.0043355736247389694,retain,ret_001,M_npo_s0
9,-4,real,16.84754180908203,6.728273391723633,16.809186935424805,0.003790281280752801,retain,ret_001,M_npo_s0
9,-3,real,16.84754180908203,6.728273391723633,16.833913803100586,0.0013467382640100832,retain,ret_001,M_npo_s0
9,-2,real,16.84754180908203,6.728273391723633,16.87813949584961,-0.003023705420748741,retain,ret_001,M_npo_s0
9,-1,real,16.84754180908203,6.728273391723633,16.642066955566406,0.02030530716658898,retain,ret_001,M_npo_s0
9,-14,random_position,16.84754180908203,6.728273391723633,16.850444793701172,-0.0002868769262174033,retain,ret_001,M_npo_s0
10,-6,real,16.84754180908203,6.728273391723633,16.978137969970703,-0.012905691943564787,retain,ret_001,M_npo_s0
10,-5,real,16.84754180908203,6.728273391723633,16.797210693359375,0.0049737899665077785,retain,ret_001,M_npo_s0
10,-4,real,16.84754180908203,6.728273391723633,16.850608825683594,-0.00030308679195636306,retain,ret_001,M_npo_s0
10,-3,real,16.84754180908203,6.728273391723633,16.830894470214844,0.001645112885693493,retain,ret_001,M_npo_s0
10,-2,real,16.84754180908203,6.728273391723633,16.84296417236328,0.0004523683462035269,retain,ret_001,M_npo_s0
10,-1,real,16.84754180908203,6.728273391723633,14.735786437988281,0.20868656547061104,retain,ret_001,M_npo_s0
10,-7,random_position,16.84754180908203,6.728273391723633,17.551244735717773,-0.06954088948056993,retain,ret_001,M_npo_s0
11,-6,real,16.84754180908203,6.728273391723633,16.84754180908203,-0.0,retain,ret_001,M_npo_s0
11,-5,real,16.84754180908203,6.728273391723633,16.84754180908203,-0.0,retain,ret_001,M_npo_s0
11,-4,real,16.84754180908203,6.728273391723633,16.84754180908203,-0.0,retain,ret_001,M_npo_s0
11,-3,real,16.84754180908203,6.728273391723633,16.84754180908203,-0.0,retain,ret_001,M_npo_s0
11,-2,real,16.84754180908203,6.728273391723633,16.84754180908203,-0.0,retain,ret_001,M_npo_s0
11,-1,real,16.84754180908203,6.728273391723633,6.8358154296875,0.9893725481400027,retain,ret_001,M_npo_s0
11,-7,random_position,16.84754180908203,6.728273391723633,16.84754180908203,-0.0,retain,ret_001,M_npo_s0
0,-6,real,17.852365493774414,6.981222152709961,18.133277893066406,-0.025840189065567645,retain,ret_001,M_npo_s0
0,-5,real,17.852365493774414,6.981222152709961,17.813602447509766,0.003565682564245624,retain,ret_001,M_npo_s0
0,-4,real,17.852365493774414,6.981222152709961,18.06939125061035,-0.019963471184870542,retain,ret_001,M_npo_s0
0,-3,real,17.852365493774414,6.981222152709961,17.849674224853516,0.0002475607980195136,retain,ret_001,M_npo_s0
0,-2,real,17.852365493774414,6.981222152709961,17.858959197998047,-0.0006065327276778586,retain,ret_001,M_npo_s0
0,-1,real,17.852365493774414,6.981222152709961,17.84160041809082,0.0009902431920780544,retain,ret_001,M_npo_s0
0,-12,random_position,17.852365493774414,6.981222152709961,17.870784759521484,-0.001694326453915268,retain,ret_001,M_npo_s0
1,-6,real,17.852365493774414,6.981222152709961,18.057994842529297,-0.018915153843859493,retain,ret_001,M_npo_s0
1,-5,real,17.852365493774414,6.981222152709961,18.0648193359375,-0.01954291609425908,retain,ret_001,M_npo_s0
1,-4,real,17.852365493774414,6.981222152709961,18.750598907470703,-0.0826254778835745,retain,ret_001,M_npo_s0
1,-3,real,17.852365493774414,6.981222152709961,17.830461502075195,0.0020148747019532913,retain,ret_001,M_npo_s0
1,-2,real,17.852365493774414,6.981222152709961,17.844253540039062,0.0007461914060786615,retain,ret_001,M_npo_s0
1,-1,real,17.852365493774414,6.981222152709961,17.839914321899414,0.0011453415233673883,retain,ret_001,M_npo_s0
1,-3,random_position,17.852365493774414,6.981222152709961,17.830461502075195,0.0020148747019532913,retain,ret_001,M_npo_s0
2,-6,real,17.852365493774414,6.981222152709961,17.80521011352539,0.0043376652086721725,retain,ret_001,M_npo_s0
2,-5,real,17.852365493774414,6.981222152709961,18.147092819213867,-0.027110977768654346,retain,ret_001,M_npo_s0
2,-4,real,17.852365493774414,6.981222152709961,18.91961097717285,-0.09817233108932015,retain,ret_001,M_npo_s0
2,-3,real,17.852365493774414,6.981222152709961,17.8076114654541,0.004116772902005576,retain,ret_001,M_npo_s0
2,-2,real,17.852365493774414,6.981222152709961,17.826175689697266,0.0024091122024138493,retain,ret_001,M_npo_s0
2,-1,real,17.852365493774414,6.981222152709961,17.846858978271484,0.0005065258851044194,retain,ret_001,M_npo_s0
2,-8,random_position,17.852365493774414,6.981222152709961,17.02638053894043,0.07597958456806694,retain,ret_001,M_npo_s0
3,-6,real,17.852365493774414,6.981222152709961,17.585582733154297,0.024540451013314948,retain,ret_001,M_npo_s0
3,-5,real,17.852365493774414,6.981222152709961,18.134231567382812,-0.02592791436607066,retain,ret_001,M_npo_s0
3,-4,real,17.852365493774414,6.981222152709961,18.915515899658203,-0.0977956386489602,retain,ret_001,M_npo_s0
3,-3,real,17.852365493774414,6.981222152709961,17.854244232177734,-0.00017281884199094323,retain,ret_001,M_npo_s0
3,-2,real,17.852365493774414,6.981222152709961,17.84244155883789,0.0009128694770343936,retain,ret_001,M_npo_s0
3,-1,real,17.852365493774414,6.981222152709961,17.83479881286621,0.0016159000352655708,retain,ret_001,M_npo_s0
3,-12,random_position,17.852365493774414,6.981222152709961,17.87834358215332,-0.0023896371857021798,retain,ret_001,M_npo_s0
4,-6,real,17.852365493774414,6.981222152709961,17.41497230529785,0.04023433182270366,retain,ret_001,M_npo_s0
4,-5,real,17.852365493774414,6.981222152709961,18.184860229492188,-0.03058507511917482,retain,ret_001,M_npo_s0
4,-4,real,17.852365493774414,6.981222152709961,18.910314559936523,-0.09731718486001674,retain,ret_001,M_npo_s0
4,-3,real,17.852365493774414,6.981222152709961,17.852699279785156,-3.0703855176055906e-05,retain,ret_001,M_npo_s0
4,-2,real,17.852365493774414,6.981222152709961,17.881032943725586,-0.002637022533120687,retain,ret_001,M_npo_s0
4,-1,real,17.852365493774414,6.981222152709961,17.810619354248047,0.003840087304219061,retain,ret_001,M_npo_s0
4,-9,random_position,17.852365493774414,6.981222152709961,17.684913635253906,0.01540333461412272,retain,ret_001,M_npo_s0
5,-6,real,17.852365493774414,6.981222152709961,17.383386611938477,0.043139793775363575,retain,ret_001,M_npo_s0
5,-5,real,17.852365493774414,6.981222152709961,18.047645568847656,-0.017963158882800753,retain,ret_001,M_npo_s0
5,-4,real,17.852365493774414,6.981222152709961,18.89947509765625,-0.09632009909449944,retain,ret_001,M_npo_s0
5,-3,real,17.852365493774414,6.981222152709961,17.844310760498047,0.0007409278880484805,retain,ret_001,M_npo_s0
5,-2,real,17.852365493774414,6.981222152709961,17.892024993896484,-0.00364814434671846,retain,ret_001,M_npo_s0
5,-1,real,17.852365493774414,6.981222152709961,17.75910186767578,0.008579008037392031,retain,ret_001,M_npo_s0
5,-11,random_position,17.852365493774414,6.981222152709961,17.83833885192871,0.0012902637197983722,retain,ret_001,M_npo_s0
6,-6,real,17.852365493774414,6.981222152709961,17.380361557006836,0.04341805842855915,retain,ret_001,M_npo_s0
6,-5,real,17.852365493774414,6.981222152709961,18.12512969970703,-0.025090664098069867,retain,ret_001,M_npo_s0
6,-4,real,17.852365493774414,6.981222152709961,19.08360481262207,-0.11325757376381893,retain,ret_001,M_npo_s0
6,-3,real,17.852365493774414,6.981222152709961,17.822500228881836,0.0027472055105524766,retain,ret_001,M_npo_s0
6,-2,real,17.852365493774414,6.981222152709961,17.858924865722656,-0.0006033746168597501,retain,ret_001,M_npo_s0
6,-1,real,17.852365493774414,6.981222152709961,17.863582611083984,-0.0010318249845164844,retain,ret_001,M_npo_s0
6,-2,random_position,17.852365493774414,6.981222152709961,17.858924865722656,-0.0006033746168597501,retain,ret_001,M_npo_s0
7,-6,real,17.852365493774414,6.981222152709961,17.23370361328125,0.05690863059051409,retain,ret_001,M_npo_s0
7,-5,real,17.852365493774414,6.981222152709961,18.062397003173828,-0.01932009383098142,retain,ret_001,M_npo_s0
7,-4,real,17.852365493774414,6.981222152709961,19.17171859741211,-0.12136286517849466,retain,ret_001,M_npo_s0
7,-3,real,17.852365493774414,6.981222152709961,17.806713104248047,0.004199410135079418,retain,ret_001,M_npo_s0
7,-2,real,17.852365493774414,6.981222152709961,17.848663330078125,0.0003405496165527115,retain,ret_001,M_npo_s0
7,-1,real,17.852365493774414,6.981222152709961,17.684101104736328,0.015478076570151291,retain,ret_001,M_npo_s0
7,-8,random_position,17.852365493774414,6.981222152709961,15.013322830200195,0.2611540087830571,retain,ret_001,M_npo_s0
8,-6,real,17.852365493774414,6.981222152709961,17.20002555847168,0.06000656185247762,retain,ret_001,M_npo_s0
8,-5,real,17.852365493774414,6.981222152709961,18.183452606201172,-0.030455592575632368,retain,ret_001,M_npo_s0
8,-4,real,17.852365493774414,6.981222152709961,19.17986297607422,-0.12211203924479043,retain,ret_001,M_npo_s0
8,-3,real,17.852365493774414,6.981222152709961,17.800434112548828,0.004776993513591281,retain,ret_001,M_npo_s0
8,-2,real,17.852365493774414,6.981222152709961,17.832168579101562,0.0018578464140528914,retain,ret_001,M_npo_s0
8,-1,real,17.852365493774414,6.981222152709961,17.473167419433594,0.03488115853540856,retain,ret_001,M_npo_s0
8,-5,random_position,17.852365493774414,6.981222152709961,18.183452606201172,-0.030455592575632368,retain,ret_001,M_npo_s0
9,-6,real,17.852365493774414,6.981222152709961,17.133556365966797,0.0661208398469369,retain,ret_001,M_npo_s0
9,-5,real,17.852365493774414,6.981222152709961,17.98343276977539,-0.012056438949331621,retain,ret_001,M_npo_s0
9,-4,real,17.852365493774414,6.981222152709961,18.662382125854492,-0.07451071213644442,retain,ret_001,M_npo_s0
9,-3,real,17.852365493774414,6.981222152709961,17.877552032470703,-0.0023168251862846754,retain,ret_001,M_npo_s0
9,-2,real,17.852365493774414,6.981222152709961,17.859113693237305,-0.0006207442263593474,retain,ret_001,M_npo_s0
9,-1,real,17.852365493774414,6.981222152709961,17.83771324157715,0.0013478115169283512,retain,ret_001,M_npo_s0
9,-11,random_position,17.852365493774414,6.981222152709961,17.856517791748047,-0.00038195595839013544,retain,ret_001,M_npo_s0
10,-6,real,17.852365493774414,6.981222152709961,17.018131256103516,0.07673840841741804,retain,ret_001,M_npo_s0
10,-5,real,17.852365493774414,6.981222152709961,17.906360626220703,-0.004966831063879809,retain,ret_001,M_npo_s0
10,-4,real,17.852365493774414,6.981222152709961,18.540298461914062,-0.06328064551785122,retain,ret_001,M_npo_s0
10,-3,real,17.852365493774414,6.981222152709961,17.89801788330078,-0.004199410135079418,retain,ret_001,M_npo_s0
10,-2,real,17.852365493774414,6.981222152709961,17.84186553955078,0.0009658555585382157,retain,ret_001,M_npo_s0
10,-1,real,17.852365493774414,6.981222152709961,14.140220642089844,0.3414677495477761,retain,ret_001,M_npo_s0
10,-6,random_position,17.852365493774414,6.981222152709961,17.018131256103516,0.07673840841741804,retain,ret_001,M_npo_s0
11,-6,real,17.852365493774414,6.981222152709961,17.852365493774414,-0.0,retain,ret_001,M_npo_s0
11,-5,real,17.852365493774414,6.981222152709961,17.852365493774414,-0.0,retain,ret_001,M_npo_s0
11,-4,real,17.852365493774414,6.981222152709961,17.852365493774414,-0.0,retain,ret_001,M_npo_s0
11,-3,real,17.852365493774414,6.981222152709961,17.852365493774414,-0.0,retain,ret_001,M_npo_s0
11,-2,real,17.852365493774414,6.981222152709961,17.852365493774414,-0.0,retain,ret_001,M_npo_s0
11,-1,real,17.852365493774414,6.981222152709961,7.088951110839844,0.9900903746045782,retain,ret_001,M_npo_s0
11,-6,random_position,17.852365493774414,6.981222152709961,17.852365493774414,-0.0,retain,ret_001,M_npo_s0
0,-6,real,17.237018585205078,7.286382675170898,17.14297103881836,0.009451410667320427,retain,ret_001,M_npo_s0
0,-5,real,17.237018585205078,7.286382675170898,17.15569305419922,0.00817289786714546,retain,ret_001,M_npo_s0
0,-4,real,17.237018585205078,7.286382675170898,17.43476104736328,-0.019872344234683578,retain,ret_001,M_npo_s0
0,-3,real,17.237018585205078,7.286382675170898,17.19304084777832,0.00441959064972027,retain,ret_001,M_npo_s0
0,-2,real,17.237018585205078,7.286382675170898,17.434568405151367,-0.019852984445655444,retain,ret_001,M_npo_s0
0,-1,real,17.237018585205078,7.286382675170898,17.24519920349121,-0.0008221201499176059,retain,ret_001,M_npo_s0
0,-13,random_position,17.237018585205078,7.286382675170898,17.253070831298828,-0.0016131879649583984,retain,ret_001,M_npo_s0
1,-6,real,17.237018585205078,7.286382675170898,16.8704833984375,0.03683535304492103,retain,ret_001,M_npo_s0
1,-5,real,17.237018585205078,7.286382675170898,16.919981002807617,0.03186103735116683,retain,ret_001,M_npo_s0
1,-4,real,17.237018585205078,7.286382675170898,17.37490463256836,-0.013857008598238182,retain,ret_001,M_npo_s0
1,-3,real,17.237018585205078,7.286382675170898,17.457759857177734,-0.022183634691131816,retain,ret_001,M_npo_s0
1,-2,real,17.237018585205078,7.286382675170898,18.32353973388672,-0.10919112692948571,retain,ret_001,M_npo_s0
1,-1,real,17.237018585205078,7.286382675170898,17.244468688964844,-0.0007487062964742757,retain,ret_001,M_npo_s0
1,-3,random_position,17.237018585205078,7.286382675170898,17.457759857177734,-0.022183634691131816,retain,ret_001,M_npo_s0
2,-6,real,17.237018585205078,7.286382675170898,16.790996551513672,0.04482347035144151,retain,ret_001,M_npo_s0
2,-5,real,17.237018585205078,7.286382675170898,17.09526824951172,0.014245354465277835,retain,ret_001,M_npo_s0
2,-4,real,17.237018585205078,7.286382675170898,17.056894302368164,0.018101786103466765,retain,ret_001,M_npo_s0
2,-3,real,17.237018585205078,7.286382675170898,17.55730438232422,-0.03218747022953234,retain,ret_001,M_npo_s0
2,-2,real,17.237018585205078,7.286382675170898,19.07021713256836,-0.18422928584038448,retain,ret_001,M_npo_s0
2,-1,real,17.237018585205078,7.286382675170898,17.209930419921875,0.0027222546908672973,retain,ret_001,M_npo_s0
2,-9,random_position,17.237018585205078,7.286382675170898,17.30978012084961,-0.007312249820251067,retain,ret_001,M_npo_s0
3,-6,real,17.237018585205078,7.286382675170898,16.574045181274414,0.06662623473763364,retain,ret_001,M_npo_s0
3,-5,real,17.237018585205078,7.286382675170898,17.431800842285156,-0.019574855199320527,retain,ret_001,M_npo_s0
3,-4,real,17.237018585205078,7.286382675170898,16.86812973022461,0.03707188749700738,retain,ret_001,M_npo_s0
3,-3,real,17.237018585205078,7.286382675170898,17.62907600402832,-0.039400237569529914,retain,ret_001,M_npo_s0
3,-2,real,17.237018585205078,7.286382675170898,19.300426483154297,-0.2073644254100873,retain,ret_001,M_npo_s0
3,-1,real,17.237018585205078,7.286382675170898,17.185333251953125,0.005194173891925224,retain,ret_001,M_npo_s0
3,-13,random_position,17.237018585205078,7.286382675170898,17.301708221435547,-0.006501055491864192,retain,ret_001,M_npo_s0
4,-6,real,17.237018585205078,7.286382675170898,16.41463279724121,0.08264655599895648,retain,ret_001,M_npo_s0
4,-5,real,17.237018585205078,7.286382675170898,17.72364044189453,-0.04890359380939118,retain,ret_001,M_npo_s0
4,-4,real,17.237018585205078,7.286382675170898,16.75185203552246,0.04875734114574298,retain,ret_001,M_npo_s0
4,-3,real,17.237018585205078,7.286382675170898,17.69049835205078,-0.04557294337223373,retain,ret_001,M_npo_s0
4,-2,real,17.237018585205078,7.286382675170898,19.469266891479492,-0.22433222624731192,retain,ret_001,M_npo_s0
4,-1,real,17.237018585205078,7.286382675170898,17.11962890625,0.011797203718076235,retain,ret_001,M_npo_s0
4,-10,random_position,17.237018585205078,7.286382675170898,17.249876022338867,-0.0012921221568185082,retain,ret_001,M_npo_s0
5,-6,real,17.237018585205078,7.286382675170898,16.129287719726562,0.1113226205333756,retain,ret_001,M_npo_s0
5,-5,real,17.237018585205078,7.286382675170898,17.950002670288086,-0.07165211264176972,retain,ret_001,M_npo_s0
5,-4,real,17.237018585205078,7.286382675170898,16.770435333251953,0.046889792388306,retain,ret_001,M_npo_s0
5,-3,real,17.237018585205078,7.286382675170898,17.49312400817871,-0.025737593585891047,retain,ret_001,M_npo_s0
5,-2,real,17.237018585205078,7.286382675170898,19.42926025390625,-0.22031171560508253,retain,ret_001,M_npo_s0
5,-1,real,17.237018585205078,7.286382675170898,17.09381103515625,0.014391798810005522,retain,ret_001,M_npo_s0
5,-12,random_position,17.237018585205078,7.286382675170898,17.207605361938477,0.002955913926761343,retain,ret_001,M_npo_s0
6,-6,real,17.237018585205078,7.286382675170898,15.710441589355469,0.15341501886429343,retain,ret_001,M_npo_s0
6,-5,real,17.237018585205078,7.286382675170898,17.907352447509766,-0.06736593202337206,retain,ret_001,M_npo_s0
6,-4,real,17.237018585205078,7.286382675170898,16.71953582763672,0.05200499367548278,retain,ret_001,M_npo_s0
6,-3,real,17.237018585205078,7.286382675170898,17.530338287353516,-0.029477483127752183,retain,ret_001,M_npo_s0
6,-2,real,17.237018585205078,7.286382675170898,19.36089515686035,-0.21344129067304785,retain,ret_001,M_npo_s0
6,-1,real,17.237018585205078,7.286382675170898,17.14932632446289,0.008812729310471404,retain,ret_001,M_npo_s0
6,-2,random_position,17.237018585205078,7.286382675170898,19.36089515686035,-0.21344129067304785,retain,ret_001,M_npo_s0
7,-6,real,17.237018585205078,7.286382675170898,15.593791961669922,0.1651378503235289,retain,ret_001,M_npo_s0
7,-5,real,17.237018585205078,7.286382675170898,17.631868362426758,-0.03968085866989816,retain,ret_001,M_npo_s0
7,-4,real,17.237018585205078,7.286382675170898,16.617691040039062,0.06223999659574403,retain,ret_001,M_npo_s0
7,-3,real,17.237018585205078,7.286382675170898,17.27862548828125,-0.004181331067918548,retain,ret_001,M_npo_s0
7,-2,real,17.237018585205078,7.286382675170898,19.510433197021484,-0.22846927898586908,retain,ret_001,M_npo_s0
7,-1,real,17.237018585205078,7.286382675170898,16.895313262939453,0.03434004875216576,retain,ret_001,M_npo_s0
7,-8,random_position,17.237018585205078,7.286382675170898,17.228261947631836,0.0008800078359225294,retain,ret_001,M_npo_s0
8,-6,real,17.237018585205078,7.286382675170898,15.591899871826172,0.16532799795437952,retain,ret_001,M_npo_s0
8,-5,real,17.237018585205078,7.286382675170898,17.03814125061035,0.01998639447697805,retain,ret_001,M_npo_s0
8,-4,real,17.237018585205078,7.286382675170898,16.598865509033203,0.0641318888502758,retain,ret_001,M_npo_s0
8,-3,real,17.237018585205078,7.286382675170898,17.39055824279785,-0.015430135217583902,retain,ret_001,M_npo_s0
8,-2,real,17.237018585205078,7.286382675170898,18.951766967773438,-0.17232550744211375,retain,ret_001,M_npo_s0
8,-1,real,17.237018585205078,7.286382675170898,16.74288558959961,0.04965843390040903,retain,ret_001,M_npo_s0
8,-5,random_position,17.237018585205078,7.286382675170898,17.03814125061035,0.01998639447697805,retain,ret_001,M_npo_s0
9,-6,real,17.237018585205078,7.286382675170898,17.498252868652344,-0.02625302400863025,retain,ret_001,M_npo_s0
9,-5,real,17.237018585205078,7.286382675170898,15.537391662597656,0.17080585984394478,retain,ret_001,M_npo_s0
9,-4,real,17.237018585205078,7.286382675170898,16.431974411010742,0.08090379162426521,retain,ret_001,M_npo_s0
9,-3,real,17.237018585205078,7.286382675170898,17.23404312133789,0.0002990224839989427,retain,ret_001,M_npo_s0
9,-2,real,17.237018585205078,7.286382675170898,18.562246322631836,-0.13318020570830089,retain,ret_001,M_npo_s0
9,-1,real,17.237018585205078,7.286382675170898,17.718935012817383,-0.04843071658629799,retain,ret_001,M_npo_s0
9,-12,random_position,17.237018585205078,7.286382675170898,17.22740936279297,0.0009656892784529957,retain,ret_001,M_npo_s0
10,-6,real,17.237018585205078,7.286382675170898,17.433597564697266,-0.019755418776196812,retain,ret_001,M_npo_s0
10,-5,real,17.237018585205078,7.286382675170898,15.244560241699219,0.2002342726153484,retain,ret_001,M_npo_s0
10,-4,real,17.237018585205078,7.286382675170898,16.49163055419922,0.0749085825011659,retain,ret_001,M_npo_s0
10,-3,real,17.237018585205078,7.286382675170898,17.272449493408203,-0.003560667732541256,retain,ret_001,M_npo_s0
10,-2,real,17.237018585205078,7.286382675170898,17.777427673339844,-0.05430900025091053,retain,ret_001,M_npo_s0
10,-1,real,17.237018585205078,7.286382675170898,14.456747055053711,0.2794064173675326,retain,ret_001,M_npo_s0
10,-6,random_position,17.237018585205078,7.286382675170898,17.433597564697266,-0.019755418776196812,retain,ret_001,M_npo_s0
11,-6,real,17.237018585205078,7.286382675170898,17.237018585205078,-0.0,retain,ret_001,M_npo_s0
11,-5,real,17.237018585205078,7.286382675170898,17.237018585205078,-0.0,retain,ret_001,M_npo_s0
11,-4,real,17.237018585205078,7.286382675170898,17.237018585205078,-0.0,retain,ret_001,M_npo_s0
11,-3,real,17.237018585205078,7.286382675170898,17.237018585205078,-0.0,retain,ret_001,M_npo_s0
11,-2,real,17.237018585205078,7.286382675170898,17.237018585205078,-0.0,retain,ret_001,M_npo_s0
11,-1,real,17.237018585205078,7.286382675170898,7.396875381469727,0.9888959150653469,retain,ret_001,M_npo_s0
11,-6,random_position,17.237018585205078,7.286382675170898,17.237018585205078,-0.0,retain,ret_001,M_npo_s0
0,-6,real,16.9310245513916,6.348766326904297,16.909481048583984,0.002035813372779508,retain,ret_001,M_npo_s0
0,-5,real,16.9310245513916,6.348766326904297,17.14531707763672,-0.020250169831354626,retain,ret_001,M_npo_s0
0,-4,real,16.9310245513916,6.348766326904297,16.919710159301758,0.001069185031193275,retain,ret_001,M_npo_s0
0,-3,real,16.9310245513916,6.348766326904297,16.933502197265625,-0.00023413205588672696,retain,ret_001,M_npo_s0
0,-2,real,16.9310245513916,6.348766326904297,16.928234100341797,0.000263691453242711,retain,ret_001,M_npo_s0
0,-1,real,16.9310245513916,6.348766326904297,16.93319320678711,-0.00020493313898630372,retain,ret_001,M_npo_s0
0,-13,random_position,16.9310245513916,6.348766326904297,16.954378128051758,-0.0022068613489430984,retain,ret_001,M_npo_s0
1,-6,real,16.9310245513916,6.348766326904297,17.13829803466797,-0.01958688579312279,retain,ret_001,M_npo_s0
1,-5,real,16.9310245513916,6.348766326904297,17.88694953918457,-0.090332797358976,retain,ret_001,M_npo_s0
1,-4,real,16.9310245513916,6.348766326904297,16.91092300415039,0.001899551760577533,retain,ret_001,M_npo_s0
1,-3,real,16.9310245513916,6.348766326904297,16.929908752441406,0.0001054405332515283,retain,ret_001,M_npo_s0
1,-2,real,16.9310245513916,6.348766326904297,16.9322509765625,-0.00011589446646279093,retain,ret_001,M_npo_s0
1,-1,real,16.9310245513916,6.348766326904297,16.93021011352539,7.696257726222664e-05,retain,ret_001,M_npo_s0
1,-3,random_position,16.9310245513916,6.348766326904297,16.929908752441406,0.0001054405332515283,retain,ret_001,M_npo_s0
2,-6,real,16.9310245513916,6.348766326904297,17.21961784362793,-0.02727142790453973,retain,ret_001,M_npo_s0
2,-5,real,16.9310245513916,6.348766326904297,18.077041625976562,-0.10829607918025302,retain,ret_001,M_npo_s0
2,-4,real,16.9310245513916,6.348766326904297,16.879077911376953,0.004908842603598929,retain,ret_001,M_npo_s0
2,-3,real,16.9310245513916,6.348766326904297,16.919740676879883,0.0010663011875487887,retain,ret_001,M_npo_s0
2,-2,real,16.9310245513916,6.348766326904297,16.92230987548828,0.0008235176007286031,retain,ret_001,M_npo_s0
2,-1,real,16.9310245513916,6.348766326904297,16.930147171020508,8.291050477897952e-05,retain,ret_001,M_npo_s0
2,-9,random_position,16.9310245513916,6.348766326904297,16.126127243041992,0.07606101564286913,retain,ret_001,M_npo_s0
3,-6,real,16.9310245513916,6.348766326904297,17.19683074951172,-0.025118097903247406,retain,ret_001,M_npo_s0
3,-5,real,16.9310245513916,6.348766326904297,18.11274528503418,-0.11166999600407415,retain,ret_001,M_npo_s0
3,-4,real,16.9310245513916,6.348766326904297,16.881393432617188,0.004690030967073535,retain,ret_001,M_npo_s0
3,-3,real,16.9310245513916,6.348766326904297,16.924997329711914,0.0005695591197860332,retain,ret_001,M_npo_s0
3,-2,real,16.9310245513916,6.348766326904297,16.931716918945312,-6.542720268428167e-05,retain,ret_001,M_npo_s0
3,-1,real,16.9310245513916,6.348766326904297,16.90594482421875,0.0023699787550843514,retain,ret_001,M_npo_s0
3,-13,random_position,16.9310245513916,6.348766326904297,16.958927154541016,-0.002636734292199329,retain,ret_001,M_npo_s0
4,-6,real,16.9310245513916,6.348766326904297,17.22944450378418,-0.0282000255580643,retain,ret_001,M_npo_s0
4,-5,real,16.9310245513916,6.348766326904297,18.058643341064453,-0.10655748194308338,retain,ret_001,M_npo_s0
4,-4,real,16.9310245513916,6.348766326904297,16.878219604492188,0.0049899507061001045,retain,ret_001,M_npo_s0
4,-3,real,16.9310245513916,6.348766326904297,16.939626693725586,-0.0008128834272895601,retain,ret_001,M_npo_s0
4,-2,real,16.9310245513916,6.348766326904297,16.932512283325195,-0.0001405873776687044,retain,ret_001,M_npo_s0
4,-1,real,16.9310245513916,6.348766326904297,16.850120544433594,0.007645249741760814,retain,ret_001,M_npo_s0
4,-10,random_position,16.9310245513916,6.348766326904297,16.768321990966797,0.01537503215035063,retain,ret_001,M_npo_s0
5,-6,real,16.9310245513916,6.348766326904297,17.15985107421875,-0.0216236003670412,retain,ret_001,M_npo_s0
5,-5,real,16.9310245513916,6.348766326904297,18.017574310302734,-0.10267654935851601,retain,ret_001,M_npo_s0
5,-4,real,16.9310245513916,6.348766326904297,16.891265869140625,0.003757107548082235,retain,ret_001,M_npo_s0
5,-3,real,16.9310245513916,6.348766326904297,16.93143081665039,-3.8391168517223124e-05,retain,ret_001,M_npo_s0
5,-2,real,16.9310245513916,6.348766326904297,16.934377670288086,-0.0003168623204379261,retain,ret_001,M_npo_s0
5,-1,real,16.9310245513916,6.348766326904297,16.86473846435547,0.0062638886360519026,retain,ret_001,M_npo_s0
5,-12,random_position,16.9310245513916,6.348766326904297,16.92084503173828,0.0009619420956639428,retain,ret_001,M_npo_s0
6,-6,real,16.9310245513916,6.348766326904297,17.242084503173828,-0.029394477547564947,retain,ret_001,M_npo_s0
6,-5,real,16.9310245513916,6.348766326904297,18.294702529907227,-0.1288645532538678,retain,ret_001,M_npo_s0
6,-4,real,16.9310245513916,6.348766326904297,16.925153732299805,0.0005547794211080413,retain,ret_001,M_npo_s0
6,-3,real,16.9310245513916,6.348766326904297,16.935029983520508,-0.00037850447833881956,retain,ret_001,M_npo_s0
6,-2,real,16.9310245513916,6.348766326904297,16.912363052368164,0.0017634703886033384,retain,ret_001,M_npo_s0
6,-1,real,16.9310245513916,6.348766326904297,16.940826416015625,-0.0009262545305634255,retain,ret_001,M_npo_s0
6,-2,random_position,16.9310245513916,6.348766326904297,16.912363052368164,0.0017634703886033384,retain,ret_001,M_npo_s0
7,-6,real,16.9310245513916,6.348766326904297,17.191102981567383,-0.024576836499222893,retain,ret_001,M_npo_s0
7,-5,real,16.9310245513916,6.348766326904297,18.381696701049805,-0.13708531004293142,retain,ret_001,M_npo_s0
7,-4,real,16.9310245513916,6.348766326904297,16.927448272705078,0.00033795042708823175,retain,ret_001,M_npo_s0
7,-3,real,16.9310245513916,6.348766326904297,16.936847686767578,-0.0005502734154135315,retain,ret_001,M_npo_s0
7,-2,real,16.9310245513916,6.348766326904297,16.917095184326172,0.00131629438348019,retain,ret_001,M_npo_s0
7,-1,real,16.9310245513916,6.348766326904297,16.759944915771484,0.016166647230762103,retain,ret_001,M_npo_s0
7,-8,random_position,16.9310245513916,6.348766326904297,16.994558334350586,-0.0060038019873648,retain,ret_001,M_npo_s0
8,-6,real,16.9310245513916,6.348766326904297,17.320499420166016,-0.03680451379207235,retain,ret_001,M_npo_s0
8,-5,real,16.9310245513916,6.348766326904297,18.334287643432617,-0.13260525894122205,retain,ret_001,M_npo_s0
8,-4,real,16.9310245513916,6.348766326904297,16.921581268310547,0.0008923693677407122,retain,ret_001,M_npo_s0
8,-3,real,16.9310245513916,6.348766326904297,16.929821014404297,0.00011373158372942626,retain,ret_001,M_npo_s0
8,-2,real,16.9310245513916,6.348766326904297,16.891664505004883,0.0037194373404761333,retain,ret_001,M_npo_s0
8,-1,real,16.9310245513916,6.348766326904297,16.448123931884766,0.045633040629211426,retain,ret_001,M_npo_s0
8,-5,random_position,16.9310245513916,6.348766326904297,18.334287643432617,-0.13260525894122205,retain,ret_001,M_npo_s0
9,-6,real,16.9310245513916,6.348766326904297,17.107315063476562,-0.01665906353305813,retain,ret_001,M_npo_s0
9,-5,real,16.9310245513916,6.348766326904297,17.75600814819336,-0.07795912548162443,retain,ret_001,M_npo_s0
9,-4,real,16.9310245513916,6.348766326904297,16.993057250976562,-0.005861952928101632,retain,ret_001,M_npo_s0
9,-3,real,16.9310245513916,6.348766326904297,16.93137550354004,-3.3164201911591806e-05,retain,ret_001,M_npo_s0
9,-2,real,16.9310245513916,6.348766326904297,16.87470817565918,0.005321772965443803,retain,ret_001,M_npo_s0
9,-1,real,16.9310245513916,6.348766326904297,16.77155303955078,0.01506970520449065,retain,ret_001,M_npo_s0
9,-12,random_position,16.9310245513916,6.348766326904297,16.935205459594727,-0.00039508657929461543,retain,ret_001,M_npo_s0
10,-6,real,16.9310245513916,6.348766326904297,17.024620056152344,-0.00884456821741153,retain,ret_001,M_npo_s0
10,-5,real,16.9310245513916,6.348766326904297,17.48612403869629,-0.05245567397138254,retain,ret_001,M_npo_s0
10,-4,real,16.9310245513916,6.348766326904297,17.027753829956055,-0.009140702911654712,retain,ret_001,M_npo_s0
10,-3,real,16.9310245513916,6.348766326904297,16.930896759033203,1.2076095261286148e-05,retain,ret_001,M_npo_s0
10,-2,real,16.9310245513916,6.348766326904297,16.924571990966797,0.0006097526905810603,retain,ret_001,M_npo_s0
10,-1,real,16.9310245513916,6.348766326904297,12.887453079223633,0.3821085619335162,retain,ret_001,M_npo_s0
10,-6,random_position,16.9310245513916,6.348766326904297,17.024620056152344,-0.00884456821741153,retain,ret_001,M_npo_s0
11,-6,real,16.9310245513916,6.348766326904297,16.9310245513916,-0.0,retain,ret_001,M_npo_s0
11,-5,real,16.9310245513916,6.348766326904297,16.9310245513916,-0.0,retain,ret_001,M_npo_s0
11,-4,real,16.9310245513916,6.348766326904297,16.9310245513916,-0.0,retain,ret_001,M_npo_s0
11,-3,real,16.9310245513916,6.348766326904297,16.9310245513916,-0.0,retain,ret_001,M_npo_s0
11,-2,real,16.9310245513916,6.348766326904297,16.9310245513916,-0.0,retain,ret_001,M_npo_s0
11,-1,real,16.9310245513916,6.348766326904297,6.45667839050293,0.9898025486328689,retain,ret_001,M_npo_s0
11,-6,random_position,16.9310245513916,6.348766326904297,16.9310245513916,-0.0,retain,ret_001,M_npo_s0
0,-6,real,16.291738510131836,8.380218505859375,16.263729095458984,0.0035403329142472783,retain,ret_001,M_npo_s0
0,-5,real,16.291738510131836,8.380218505859375,16.465206146240234,-0.02192595557044925,retain,ret_001,M_npo_s0
0,-4,real,16.291738510131836,8.380218505859375,16.16775894165039,0.015670764709498627,retain,ret_001,M_npo_s0
0,-3,real,16.291738510131836,8.380218505859375,16.5786190032959,-0.036261109497181115,retain,ret_001,M_npo_s0
0,-2,real,16.291738510131836,8.380218505859375,16.275705337524414,0.002026560332118667,retain,ret_001,M_npo_s0
0,-1,real,16.291738510131836,8.380218505859375,16.293785095214844,-0.0002586841822939959,retain,ret_001,M_npo_s0
0,-14,random_position,16.291738510131836,8.380218505859375,16.311351776123047,-0.0024790768373990305,retain,ret_001,M_npo_s0
1,-6,real,16.291738510131836,8.380218505859375,16.1031494140625,0.023837277282682985,retain,ret_001,M_npo_s0
1,-5,real,16.291738510131836,8.380218505859375,16.430402755737305,-0.017526877961578285,retain,ret_001,M_npo_s0
1,-4,real,16.291738510131836,8.380218505859375,16.521814346313477,-0.029081116657404985,retain,ret_001,M_npo_s0
1,-3,real,16.291738510131836,8.380218505859375,17.65111541748047,-0.1718224698432827,retain,ret_001,M_npo_s0
1,-2,real,16.291738510131836,8.380218505859375,16.2507266998291,0.005183809214991147,retain,ret_001,M_npo_s0
1,-1,real,16.291738510131836,8.380218505859375,16.316558837890625,-0.003137238829628862,retain,ret_001,M_npo_s0
1,-3,random_position,16.291738510131836,8.380218505859375,17.65111541748047,-0.1718224698432827,retain,ret_001,M_npo_s0
2,-6,real,16.291738510131836,8.380218505859375,16.369300842285156,-0.009803720664478419,retain,ret_001,M_npo_s0
2,-5,real,16.291738510131836,8.380218505859375,16.15862464904785,0.01682532067315748,retain,ret_001,M_npo_s0
2,-4,real,16.291738510131836,8.380218505859375,16.63046646118164,-0.04281452247695529,retain,ret_001,M_npo_s0
2,-3,real,16.291738510131836,8.380218505859375,18.52105712890625,-0.28178132869164385,retain,ret_001,M_npo_s0
2,-2,real,16.291738510131836,8.380218505859375,16.254770278930664,0.004672709059852963,retain,ret_001,M_npo_s0
2,-1,real,16.291738510131836,8.380218505859375,16.35934066772461,-0.008544774904982382,retain,ret_001,M_npo_s0
2,-9,random_position,16.291738510131836,8.380218505859375,16.351512908935547,-0.007555362151828087,retain,ret_001,M_npo_s0
3,-6,real,16.291738510131836,8.380218505859375,16.71202850341797,-0.053123798342058604,retain,ret_001,M_npo_s0
3,-5,real,16.291738510131836,8.380218505859375,15.963682174682617,0.04146565202035239,retain,ret_001,M_npo_s0
3,-4,real,16.291738510131836,8.380218505859375,16.564682006835938,-0.03449950155680625,retain,ret_001,M_npo_s0
3,-3,real,16.291738510131836,8.380218505859375,18.4913330078125,-0.27802426038142053,retain,ret_001,M_npo_s0
3,-2,real,16.291738510131836,8.380218505859375,16.255050659179688,0.004637269567963663,retain,ret_001,M_npo_s0
3,-1,real,16.291738510131836,8.380218505859375,16.406341552734375,-0.014485590953527253,retain,ret_001,M_npo_s0
3,-14,random_position,16.291738510131836,8.380218505859375,16.358036041259766,-0.008379872779456668,retain,ret_001,M_npo_s0
4,-6,real,16.291738510131836,8.380218505859375,16.982141494750977,-0.08726552979026812,retain,ret_001,M_npo_s0
4,-5,real,16.291738510131836,8.380218505859375,15.805839538574219,0.06141663944415447,retain,ret_001,M_npo_s0
4,-4,real,16.291738510131836,8.380218505859375,16.517515182495117,-0.028537711115102407,retain,ret_001,M_npo_s0
4,-3,real,16.291738510131836,8.380218505859375,18.90854263305664,-0.33075870648265454,retain,ret_001,M_npo_s0
4,-2,real,16.291738510131836,8.380218505859375,16.25145721435547,0.005091473668095899,retain,ret_001,M_npo_s0
4,-1,real,16.291738510131836,8.380218505859375,16.360515594482422,-0.008693283251947062,retain,ret_001,M_npo_s0
4,-11,random_position,16.291738510131836,8.380218505859375,16.269577026367188,0.002801166369127622,retain,ret_001,M_npo_s0
5,-6,real,16.291738510131836,8.380218505859375,17.103708267211914,-0.10263132200153571,retain,ret_001,M_npo_s0
5,-5,real,16.291738510131836,8.380218505859375,15.808055877685547,0.061136498698743824,retain,ret_001,M_npo_s0
5,-4,real,16.291738510131836,8.380218505859375,16.41583251953125,-0.015685229808228954,retain,ret_001,M_npo_s0
5,-3,real,16.291738510131836,8.380218505859375,19.00466537475586,-0.342908425076213,retain,ret_001,M_npo_s0
5,-2,real,16.291738510131836,8.380218505859375,16.295413970947266,-0.00046457075422230205,retain,ret_001,M_npo_s0
5,-1,real,16.291738510131836,8.380218505859375,16.268707275390625,0.0029111011194780994,retain,ret_001,M_npo_s0
5,-12,random_position,16.291738510131836,8.380218505859375,16.28061866760254,0.0014055254266300058,retain,ret_001,M_npo_s0
6,-6,real,16.291738510131836,8.380218505859375,17.013093948364258,-0.09117785682686362,retain,ret_001,M_npo_s0
6,-5,real,16.291738510131836,8.380218505859375,15.795328140258789,0.06274525876253491,retain,ret_001,M_npo_s0
6,-4,real,16.291738510131836,8.380218505859375,16.518129348754883,-0.028615340478288488,retain,ret_001,M_npo_s0
6,-3,real,16.291738510131836,8.380218505859375,18.86984634399414,-0.32586757443197367,retain,ret_001,M_npo_s0
6,-2,real,16.291738510131836,8.380218505859375,16.25481414794922,0.004667164105339671,retain,ret_001,M_npo_s0
6,-1,real,16.291738510131836,8.380218505859375,16.261493682861328,0.0038228845094463123,retain,ret_001,M_npo_s0
6,-2,random_position,16.291738510131836,8.380218505859375,16.25481414794922,0.004667164105339671,retain,ret_001,M_npo_s0
7,-6,real,16.291738510131836,8.380218505859375,16.8089599609375,-0.06537573696664468,retain,ret_001,M_npo_s0
7,-5,real,16.291738510131836,8.380218505859375,15.647926330566406,0.08137654701217359,retain,ret_001,M_npo_s0
7,-4,real,16.291738510131836,8.380218505859375,16.421850204467773,-0.01644585291646526,retain,ret_001,M_npo_s0
7,-3,real,16.291738510131836,8.380218505859375,18.85150146484375,-0.3235488191055024,retain,ret_001,M_npo_s0
7,-2,real,16.291738510131836,8.380218505859375,16.269855499267578,0.002765967962217162,retain,ret_001,M_npo_s0
7,-1,real,16.291738510131836,8.380218505859375,16.01248550415039,0.035297010666804886,retain,ret_001,M_npo_s0
7,-9,random_position,16.291738510131836,8.380218505859375,16.259428024291992,0.004083979541528696,retain,ret_001,M_npo_s0
8,-6,real,16.291738510131836,8.380218505859375,16.330080032348633,-0.004846290244616874,retain,ret_001,M_npo_s0
8,-5,real,16.291738510131836,8.380218505859375,15.646814346313477,0.08151709955483659,retain,ret_001,M_npo_s0
8,-4,real,16.291738510131836,8.380218505859375,16.498943328857422,-0.02619026667614934,retain,ret_001,M_npo_s0
8,-3,real,16.291738510131836,8.380218505859375,18.277368545532227,-0.25097958854026664,retain,ret_001,M_npo_s0
8,-2,real,16.291738510131836,8.380218505859375,16.22311782836914,0.008673514283682284,retain,ret_001,M_npo_s0
8,-1,real,16.291738510131836,8.380218505859375,15.688209533691406,0.07628483225909885,retain,ret_001,M_npo_s0
8,-5,random_position,16.291738510131836,8.380218505859375,15.646814346313477,0.08151709955483659,retain,ret_001,M_npo_s0
9,-6,real,16.291738510131836,8.380218505859375,14.682052612304688,0.20346101595620933,retain,ret_001,M_npo_s0
9,-5,real,16.291738510131836,8.380218505859375,15.562677383422852,0.09215184014137223,retain,ret_001,M_npo_s0
9,-4,real,16.291738510131836,8.380218505859375,16.30542755126953,-0.0017302668931258234,retain,ret_001,M_npo_s0
9,-3,real,16.291738510131836,8.380218505859375,17.81875228881836,-0.19301142863342186,retain,ret_001,M_npo_s0
9,-2,real,16.291738510131836,8.380218505859375,16.28819465637207,0.00044793589068242717,retain,ret_001,M_npo_s0
9,-1,real,16.291738510131836,8.380218505859375,16.191003799438477,0.012732662072390587,retain,ret_001,M_npo_s0
9,-13,random_position,16.291738510131836,8.380218505859375,16.294349670410156,-0.0003300453360302706,retain,ret_001,M_npo_s0
10,-6,real,16.291738510131836,8.380218505859375,14.369243621826172,0.24299943465572463,retain,ret_001,M_npo_s0
10,-5,real,16.291738510131836,8.380218505859375,15.373374938964844,0.11607928320614092,retain,ret_001,M_npo_s0
10,-4,real,16.291738510131836,8.380218505859375,16.314498901367188,-0.0028768670524829945,retain,ret_001,M_npo_s0
10,-3,real,16.291738510131836,8.380218505859375,17.256519317626953,-0.12194632725116113,retain,ret_001,M_npo_s0
10,-2,real,16.291738510131836,8.380218505859375,16.329553604125977,-0.004779750790457374,retain,ret_001,M_npo_s0
10,-1,real,16.291738510131836,8.380218505859375,13.29493522644043,0.37878982573172304,retain,ret_001,M_npo_s0
10,-6,random_position,16.291738510131836,8.380218505859375,14.369243621826172,0.24299943465572463,retain,ret_001,M_npo_s0
11,-6,real,16.291738510131836,8.380218505859375,16.291738510131836,-0.0,retain,ret_001,M_npo_s0
11,-5,real,16.291738510131836,8.380218505859375,16.291738510131836,-0.0,retain,ret_001,M_npo_s0
11,-4,real,16.291738510131836,8.380218505859375,16.291738510131836,-0.0,retain,ret_001,M_npo_s0
11,-3,real,16.291738510131836,8.380218505859375,16.291738510131836,-0.0,retain,ret_001,M_npo_s0
11,-2,real,16.291738510131836,8.380218505859375,16.291738510131836,-0.0,retain,ret_001,M_npo_s0
11,-1,real,16.291738510131836,8.380218505859375,8.486492156982422,0.9865672271490616,retain,ret_001,M_npo_s0
11,-7,random_position,16.291738510131836,8.380218505859375,16.291738510131836,-0.0,retain,ret_001,M_npo_s0
0,-6,real,17.8436279296875,6.496791839599609,18.11540985107422,-0.023952220621582414,retain,ret_001,M_npo_s0
0,-5,real,17.8436279296875,6.496791839599609,17.825702667236328,0.0015797586489180553,retain,ret_001,M_npo_s0
0,-4,real,17.8436279296875,6.496791839599609,18.01721954345703,-0.015298679948428394,retain,ret_001,M_npo_s0
0,-3,real,17.8436279296875,6.496791839599609,17.83460235595703,0.0007954264659161776,retain,ret_001,M_npo_s0
0,-2,real,17.8436279296875,6.496791839599609,17.823217391967773,0.0017987866888776452,retain,ret_001,M_npo_s0
0,-1,real,17.8436279296875,6.496791839599609,17.829055786132812,0.0012842472949280636,retain,ret_001,M_npo_s0
0,-12,random_position,17.8436279296875,6.496791839599609,17.867677688598633,-0.0021195123222183185,retain,ret_001,M_npo_s0
1,-6,real,17.8436279296875,6.496791839599609,18.036453247070312,-0.0169937519015769,retain,ret_001,M_npo_s0
1,-5,real,17.8436279296875,6.496791839599609,18.030105590820312,-0.016434331090383107,retain,ret_001,M_npo_s0
1,-4,real,17.8436279296875,6.496791839599609,18.78594207763672,-0.08304642285018853,retain,ret_001,M_npo_s0
1,-3,real,17.8436279296875,6.496791839599609,17.838651657104492,0.00043856036550619346,retain,ret_001,M_npo_s0
1,-2,real,17.8436279296875,6.496791839599609,17.82867431640625,0.0013178663340623062,retain,ret_001,M_npo_s0
1,-1,real,17.8436279296875,6.496791839599609,17.842430114746094,0.00010556378288152146,retain,ret_001,M_npo_s0
1,-3,random_position,17.8436279296875,6.496791839599609,17.838651657104492,0.00043856036550619346,retain,ret_001,M_npo_s0
2,-6,real,17.8436279296875,6.496791839599609,17.82091522216797,0.0020016775900527986,retain,ret_001,M_npo_s0
2,-5,real,17.8436279296875,6.496791839599609,18.10621452331543,-0.023141833683251498,retain,ret_001,M_npo_s0
2,-4,real,17.8436279296875,6.496791839599609,19.101943969726562,-0.11089576248821233,retain,ret_001,M_npo_s0
2,-3,real,17.8436279296875,6.496791839599609,17.811870574951172,0.0027987850079256886,retain,ret_001,M_npo_s0
2,-2,real,17.8436279296875,6.496791839599609,17.81036949157715,0.0029310759269189327,retain,ret_001,M_npo_s0
2,-1,real,17.8436279296875,6.496791839599609,17.822254180908203,0.0018836747626916075,retain,ret_001,M_npo_s0
2,-8,random_position,17.8436279296875,6.496791839599609,17.187149047851562,0.05785567682690061,retain,ret_001,M_npo_s0
3,-6,real,17.8436279296875,6.496791839599609,17.645551681518555,0.01745651797525975,retain,ret_001,M_npo_s0
3,-5,real,17.8436279296875,6.496791839599609,18.104938507080078,-0.02302937799734746,retain,ret_001,M_npo_s0
3,-4,real,17.8436279296875,6.496791839599609,19.18016242980957,-0.11778917836749307,retain,ret_001,M_npo_s0
3,-3,real,17.8436279296875,6.496791839599609,17.820301055908203,0.002055804243058929,retain,ret_001,M_npo_s0
3,-2,real,17.8436279296875,6.496791839599609,17.827899932861328,0.0013861129835048185,retain,ret_001,M_npo_s0
3,-1,real,17.8436279296875,6.496791839599609,17.78643798828125,0.0050401663470056365,retain,ret_001,M_npo_s0
3,-12,random_position,17.8436279296875,6.496791839599609,17.884227752685547,-0.00357807433505743,retain,ret_001,M_npo_s0
4,-6,real,17.8436279296875,6.496791839599609,17.509727478027344,0.029426744954202465,retain,ret_001,M_npo_s0
4,-5,real,17.8436279296875,6.496791839599609,18.210800170898438,-0.032358997547491095,retain,ret_001,M_npo_s0
4,-4,real,17.8436279296875,6.496791839599609,19.107458114624023,-0.1113817256988978,retain,ret_001,M_npo_s0
4,-3,real,17.8436279296875,6.496791839599609,17.825021743774414,0.0016397686337726782,retain,ret_001,M_npo_s0
4,-2,real,17.8436279296875,6.496791839599609,17.850507736206055,-0.0006063193707860635,retain,ret_001,M_npo_s0
4,-1,real,17.8436279296875,6.496791839599609,17.739770889282227,0.009152951499493193,retain,ret_001,M_npo_s0
4,-9,random_position,17.8436279296875,6.496791839599609,17.794025421142578,0.004371483658625553,retain,ret_001,M_npo_s0
5,-6,real,17.8436279296875,6.496791839599609,17.55669593811035,0.025287400760798856,retain,ret_001,M_npo_s0
5,-5,real,17.8436279296875,6.496791839599609,18.088834762573242,-0.021610150260295412,retain,ret_001,M_npo_s0
5,-4,real,17.8436279296875,6.496791839599609,18.973796844482422,-0.09960211867184623,retain,ret_001,M_npo_s0
5,-3,real,17.8436279296875,6.496791839599609,17.766220092773438,0.006821975421120489,retain,ret_001,M_npo_s0
5,-2,real,17.8436279296875,6.496791839599609,17.85702133178711,-0.0011803644640032544,retain,ret_001,M_npo_s0
5,-1,real,17.8436279296875,6.496791839599609,17.718873977661133,0.010994602463266997,retain,ret_001,M_npo_s0
5,-11,random_position,17.8436279296875,6.496791839599609,17.823989868164062,0.0017307081346308042,retain,ret_001,M_npo_s0
6,-6,real,17.8436279296875,6.496791839599609,17.54312515258789,0.026483398077999532,retain,ret_001,M_npo_s0
6,-5,real,17.8436279296875,6.496791839599609,18.15725326538086,-0.027639893024217474,retain,ret_001,M_npo_s0
6,-4,real,17.8436279296875,6.496791839599609,19.272079467773438,-0.1258898539420845,retain,ret_001,M_npo_s0
6,-3,real,17.8436279296875,6.496791839599609,17.8719482421875,-0.0024958774653261635,retain,ret_001,M_npo_s0
6,-2,real,17.8436279296875,6.496791839599609,17.84100914001465,0.00023079470365657478,retain,ret_001,M_npo_s0
6,-1,real,17.8436279296875,6.496791839599609,17.773208618164062,0.006206074624181167,retain,ret_001,M_npo_s0
6,-2,random_position,17.8436279296875,6.496791839599609,17.84100914001465,0.00023079470365657478,retain,ret_001,M_npo_s0
7,-6,real,17.8436279296875,6.496791839599609,17.42047119140625,0.03729292773083252,retain,ret_001,M_npo_s0
7,-5,real,17.8436279296875,6.496791839599609,18.024677276611328,-0.015955932163502835,retain,ret_001,M_npo_s0
7,-4,real,17.8436279296875,6.496791839599609,19.195064544677734,-0.11910250613127227,retain,ret_001,M_npo_s0
7,-3,real,17.8436279296875,6.496791839599609,17.885486602783203,-0.00368901716420043,retain,ret_001,M_npo_s0
7,-2,real,17.8436279296875,6.496791839599609,17.856294631958008,-0.0011163201944525223,retain,ret_001,M_npo_s0
7,-1,real,17.8436279296875,6.496791839599609,17.64550018310547,0.01746105654554287,retain,ret_001,M_npo_s0
7,-8,random_position,17.8436279296875,6.496791839599609,15.58065414428711,0.19943654490411009,retain,ret_001,M_npo_s0
8,-6,real,17.8436279296875,6.496791839599609,17.401878356933594,0.0389315196982355,retain,ret_001,M_npo_s0
8,-5,real,17.8436279296875,6.496791839599609,18.119436264038086,-0.024307069579644344,retain,ret_001,M_npo_s0
8,-4,real,17.8436279296875,6.496791839599609,19.136390686035156,-0.11393156172203442,retain,ret_001,M_npo_s0
8,-3,real,17.8436279296875,6.496791839599609,17.89820671081543,-0.004810044024131746,retain,ret_001,M_npo_s0
8,-2,real,17.8436279296875,6.496791839599609,17.884477615356445,-0.0036000948056903585,retain,ret_001,M_npo_s0
8,-1,real,17.8436279296875,6.496791839599609,17.367124557495117,0.04199438225856067,retain,ret_001,M_npo_s0
8,-5,random_position,17.8436279296875,6.496791839599609,18.119436264038086,-0.024307069579644344,retain,ret_001,M_npo_s0
9,-6,real,17.8436279296875,6.496791839599609,17.338619232177734,0.04450656495786694,retain,ret_001,M_npo_s0
9,-5,real,17.8436279296875,6.496791839599609,18.013391494750977,-0.01496131289071627,retain,ret_001,M_npo_s0
9,-4,real,17.8436279296875,6.496791839599609,18.881664276123047,-0.09148244834014399,retain,ret_001,M_npo_s0
9,-3,real,17.8436279296875,6.496791839599609,17.930633544921875,-0.00766783044573803,retain,ret_001,M_npo_s0
9,-2,real,17.8436279296875,6.496791839599609,17.90340805053711,-0.005268439622727143,retain,ret_001,M_npo_s0
9,-1,real,17.8436279296875,6.496791839599609,17.596221923828125,0.02180396402090432,retain,ret_001,M_npo_s0
9,-11,random_position,17.8436279296875,6.496791839599609,17.846057891845703,-0.00021415327928512475,retain,ret_001,M_npo_s0
10,-6,real,17.8436279296875,6.496791839599609,17.28898048400879,0.04888124242521025,retain,ret_001,M_npo_s0
10,-5,real,17.8436279296875,6.496791839599609,17.97017478942871,-0.011152611947197938,retain,ret_001,M_npo_s0
10,-4,real,17.8436279296875,6.496791839599609,18.37749671936035,-0.04705001336356806,retain,ret_001,M_npo_s0
10,-3,real,17.8436279296875,6.496791839599609,17.950992584228516,-0.009462078564332553,retain,ret_001,M_npo_s0
10,-2,real,17.8436279296875,6.496791839599609,17.927085876464844,-0.007355173381789575,retain,ret_001,M_npo_s0
10,-1,real,17.8436279296875,6.496791839599609,14.348251342773438,0.3080485660639333,retain,ret_001,M_npo_s0
10,-6,random_position,17.8436279296875,6.496791839599609,17.28898048400879,0.04888124242521025,retain,ret_001,M_npo_s0
11,-6,real,17.8436279296875,6.496791839599609,17.8436279296875,-0.0,retain,ret_001,M_npo_s0
11,-5,real,17.8436279296875,6.496791839599609,17.8436279296875,-0.0,retain,ret_001,M_npo_s0
11,-4,real,17.8436279296875,6.496791839599609,17.8436279296875,-0.0,retain,ret_001,M_npo_s0
11,-3,real,17.8436279296875,6.496791839599609,17.8436279296875,-0.0,retain,ret_001,M_npo_s0
11,-2,real,17.8436279296875,6.496791839599609,17.8436279296875,-0.0,retain,ret_001,M_npo_s0
11,-1,real,17.8436279296875,6.496791839599609,6.6080169677734375,0.9901976967596289,retain,ret_001,M_npo_s0
11,-6,random_position,17.8436279296875,6.496791839599609,17.8436279296875,-0.0,retain,ret_001,M_npo_s0
0,-6,real,8.392995834350586,11.308813095092773,8.386554718017578,-0.002209026066115097,retain,ret_002,M_npo_s0
0,-5,real,8.392995834350586,11.308813095092773,8.379741668701172,-0.0045456091600337015,retain,ret_002,M_npo_s0
0,-4,real,8.392995834350586,11.308813095092773,8.386529922485352,-0.002217529867968664,retain,ret_002,M_npo_s0
0,-3,real,8.392995834350586,11.308813095092773,8.390359878540039,-0.0009040195508946,retain,ret_002,M_npo_s0
0,-2,real,8.392995834350586,11.308813095092773,8.376947402954102,-0.005503922215070307,retain,ret_002,M_npo_s0
0,-1,real,8.392995834350586,11.308813095092773,8.361684799194336,-0.010738339325242947,retain,ret_002,M_npo_s0
0,-14,random_position,8.392995834350586,11.308813095092773,8.383716583251953,-0.0031823843090464754,retain,ret_002,M_npo_s0
1,-6,real,8.392995834350586,11.308813095092773,8.370872497558594,-0.007587353669194258,retain,ret_002,M_npo_s0
1,-5,real,8.392995834350586,11.308813095092773,8.373409271240234,-0.006717349325713927,retain,ret_002,M_npo_s0
1,-4,real,8.392995834350586,11.308813095092773,8.375267028808594,-0.0060802183253005114,retain,ret_002,M_npo_s0
1,-3,real,8.392995834350586,11.308813095092773,8.389608383178711,-0.0011617501609180966,retain,ret_002,M_npo_s0
1,-2,real,8.392995834350586,11.308813095092773,8.388092041015625,-0.0016817903511939338,retain,ret_002,M_npo_s0
1,-1,real,8.392995834350586,11.308813095092773,8.34681510925293,-0.015838003882966755,retain,ret_002,M_npo_s0
1,-3,random_position,8.392995834350586,11.308813095092773,8.389608383178711,-0.0011617501609180966,retain,ret_002,M_npo_s0
2,-6,real,8.392995834350586,11.308813095092773,8.353443145751953,-0.013564872233647843,retain,ret_002,M_npo_s0
2,-5,real,8.392995834350586,11.308813095092773,8.393310546875,0.00010793286967989073,retain,ret_002,M_npo_s0
2,-4,real,8.392995834350586,11.308813095092773,8.36971664428711,-0.007983761663291311,retain,ret_002,M_npo_s0
2,-3,real,8.392995834350586,11.308813095092773,8.371999740600586,-0.007200757754159013,retain,ret_002,M_npo_s0
2,-2,real,8.392995834350586,11.308813095092773,8.409238815307617,0.005570644352690603,retain,ret_002,M_npo_s0
2,-1,real,8.392995834350586,11.308813095092773,8.321924209594727,-0.02437451266673993,retain,ret_002,M_npo_s0
2,-9,random_position,8.392995834350586,11.308813095092773,8.664318084716797,0.09305187057475234,retain,ret_002,M_npo_s0
3,-6,real,8.392995834350586,11.308813095092773,8.350210189819336,-0.014673637167632175,retain,ret_002,M_npo_s0
3,-5,real,8.392995834350586,11.308813095092773,8.415977478027344,0.007881716041048505,retain,ret_002,M_npo_s0
3,-4,real,8.392995834350586,11.308813095092773,8.361946105957031,-0.010648722336478431,retain,ret_002,M_npo_s0
3,-3,real,8.392995834350586,11.308813095092773,8.380815505981445,-0.004177329125913832,retain,ret_002,M_npo_s0
3,-2,real,8.392995834350586,11.308813095092773,8.396007537841797,0.0010328848559063484,retain,ret_002,M_npo_s0
3,-1,real,8.392995834350586,11.308813095092773,8.362092971801758,-0.01059835366396115,retain,ret_002,M_npo_s0
3,-14,random_position,8.392995834350586,11.308813095092773,8.47519302368164,0.028190103144575096,retain,ret_002,M_npo_s0
4,-6,real,8.392995834350586,11.308813095092773,8.349016189575195,-0.015083127933811639,retain,ret_002,M_npo_s0
4,-5,real,8.392995834350586,11.308813095092773,8.40576171875,0.00437814967737884,retain,ret_002,M_npo_s0
4,-4,real,8.392995834350586,11.308813095092773,8.387264251708984,-0.0019656865053822524,retain,ret_002,M_npo_s0
4,-3,real,8.392995834350586,11.308813095092773,8.365346908569336,-0.009482393205331492,retain,ret_002,M_npo_s0
4,-2,real,8.392995834350586,11.308813095092773,8.39620590209961,0.0011009152707348855,retain,ret_002,M_npo_s0
4,-1,real,8.392995834350586,11.308813095092773,8.394906997680664,0.000655446881328791,retain,ret_002,M_npo_s0
4,-11,random_position,8.392995834350586,11.308813095092773,8.736465454101562,0.11779531741421627,retain,ret_002,M_npo_s0
5,-6,real,8.392995834350586,11.308813095092773,8.346637725830078,-0.015898838773149966,retain,ret_002,M_npo_s0
5,-5,real,8.392995834350586,11.308813095092773,8.45541000366211,0.021405377542636755,retain,ret_002,M_npo_s0
5,-4,real,8.392995834350586,11.308813095092773,8.404485702514648,0.003940530951222192,retain,ret_002,M_npo_s0
5,-3,real,8.392995834350586,11.308813095092773,8.36836051940918,-0.008448854210821023,retain,ret_002,M_npo_s0
5,-2,real,8.392995834350586,11.308813095092773,8.403308868408203,0.0035369274324798133,retain,ret_002,M_npo_s0
5,-1,real,8.392995834350586,11.308813095092773,8.529949188232422,0.04696911419166785,retain,ret_002,M_npo_s0
5,-12,random_position,8.392995834350586,11.308813095092773,8.423873901367188,0.010589849862107582,retain,ret_002,M_npo_s0
6,-6,real,8.392995834350586,11.308813095092773,8.44107437133789,0.0164888717940667,retain,ret_002,M_npo_s0
6,-5,real,8.392995834350586,11.308813095092773,8.548131942749023,0.05320501750474905,retain,ret_002,M_npo_s0
6,-4,real,8.392995834350586,11.308813095092773,8.426801681518555,0.011593952619432626,retain,ret_002,M_npo_s0
6,-3,real,8.392995834350586,11.308813095092773,8.390922546386719,-0.0007110486626790378,retain,ret_002,M_npo_s0
6,-2,real,8.392995834350586,11.308813095092773,8.391265869140625,-0.0005933037139373387,retain,ret_002,M_npo_s0
6,-1,real,8.392995834350586,11.308813095092773,9.356229782104492,0.33034784474412715,retain,ret_002,M_npo_s0
6,-2,random_position,8.392995834350586,11.308813095092773,8.391265869140625,-0.0005933037139373387,retain,ret_002,M_npo_s0
7,-6,real,8.392995834350586,11.308813095092773,8.42205810546875,0.009967109910984819,retain,ret_002,M_npo_s0
7,-5,real,8.392995834350586,11.308813095092773,8.604696273803711,0.07260415194854808,retain,ret_002,M_npo_s0
7,-4,real,8.392995834350586,11.308813095092773,8.404346466064453,0.0038927788331213926,retain,ret_002,M_npo_s0
7,-3,real,8.392995834350586,11.308813095092773,8.374639511108398,-0.006295429926056172,retain,ret_002,M_npo_s0
7,-2,real,8.392995834350586,11.308813095092773,8.364339828491211,-0.009827778388307142,retain,ret_002,M_npo_s0
7,-1,real,8.392995834350586,11.308813095092773,10.462980270385742,0.7099156946167009,retain,ret_002,M_npo_s0
7,-9,random_position,8.392995834350586,11.308813095092773,8.895734786987305,0.17241785327409453,retain,ret_002,M_npo_s0
8,-6,real,8.392995834350586,11.308813095092773,8.403507232666016,0.0036049578473083504,retain,ret_002,M_npo_s0
8,-5,real,8.392995834350586,11.308813095092773,8.833715438842773,0.15114788242251073,retain,ret_002,M_npo_s0
8,-4,real,8.392995834350586,11.308813095092773,8.381280899047852,-0.004017719306508417,retain,ret_002,M_npo_s0
8,-3,real,8.392995834350586,11.308813095092773,8.390666961669922,-0.0007987032356311914,retain,ret_002,M_npo_s0
8,-2,real,8.392995834350586,11.308813095092773,8.416488647460938,0.008057025186952813,retain,ret_002,M_npo_s0
8,-1,real,8.392995834350586,11.308813095092773,12.335237503051758,1.352019456698641,retain,ret_002,M_npo_s0
8,-5,random_position,8.392995834350586,11.308813095092773,8.833715438842773,0.15114788242251073,retain,ret_002,M_npo_s0
9,-6,real,8.392995834350586,11.308813095092773,8.399017333984375,0.002065115573208576,retain,ret_002,M_npo_s0
9,-5,real,8.392995834350586,11.308813095092773,8.968177795410156,0.19726269159719714,retain,ret_002,M_npo_s0
9,-4,real,8.392995834350586,11.308813095092773,8.377260208129883,-0.005396643483994537,retain,ret_002,M_npo_s0
9,-3,real,8.392995834350586,11.308813095092773,8.38587760925293,-0.002441245270577892,retain,ret_002,M_npo_s0
9,-2,real,8.392995834350586,11.308813095092773,8.475650787353516,0.02834709640956403,retain,ret_002,M_npo_s0
9,-1,real,8.392995834350586,11.308813095092773,13.718269348144531,1.8263399375166804,retain,ret_002,M_npo_s0
9,-13,random_position,8.392995834350586,11.308813095092773,8.3944091796875,0.0004847167056533275,retain,ret_002,M_npo_s0
10,-6,real,8.392995834350586,11.308813095092773,8.341014862060547,-0.017827239378097347,retain,ret_002,M_npo_s0
10,-5,real,8.392995834350586,11.308813095092773,9.096553802490234,0.24129014448613487,retain,ret_002,M_npo_s0
10,-4,real,8.392995834350586,11.308813095092773,8.379825592041016,-0.004516827061452397,retain,ret_002,M_npo_s0
10,-3,real,8.392995834350586,11.308813095092773,8.383201599121094,-0.003359001732159024,retain,ret_002,M_npo_s0
10,-2,real,8.392995834350586,11.308813095092773,8.51175308227539,0.0407286319083578,retain,ret_002,M_npo_s0
10,-1,real,8.392995834350586,11.308813095092773,13.465259552001953,1.7395684516800896,retain,ret_002,M_npo_s0
10,-6,random_position,8.392995834350586,11.308813095092773,8.341014862060547,-0.017827239378097347,retain,ret_002,M_npo_s0
11,-6,real,8.392995834350586,11.308813095092773,8.392995834350586,0.0,retain,ret_002,M_npo_s0
11,-5,real,8.392995834350586,11.308813095092773,8.392995834350586,0.0,retain,ret_002,M_npo_s0
11,-4,real,8.392995834350586,11.308813095092773,8.392995834350586,0.0,retain,ret_002,M_npo_s0
11,-3,real,8.392995834350586,11.308813095092773,8.392995834350586,0.0,retain,ret_002,M_npo_s0
11,-2,real,8.392995834350586,11.308813095092773,8.392995834350586,0.0,retain,ret_002,M_npo_s0
11,-1,real,8.392995834350586,11.308813095092773,11.387264251708984,1.0269053749260824,retain,ret_002,M_npo_s0
11,-7,random_position,8.392995834350586,11.308813095092773,8.392995834350586,0.0,retain,ret_002,M_npo_s0
0,-6,real,8.829629898071289,12.131689071655273,8.81325912475586,-0.004957746804295212,retain,ret_002,M_npo_s0
0,-5,real,8.829629898071289,12.131689071655273,8.883087158203125,0.01618906788814889,retain,ret_002,M_npo_s0
0,-4,real,8.829629898071289,12.131689071655273,8.808305740356445,-0.006457836336015434,retain,ret_002,M_npo_s0
0,-3,real,8.829629898071289,12.131689071655273,8.83053207397461,0.00027321615267757605,retain,ret_002,M_npo_s0
0,-2,real,8.829629898071289,12.131689071655273,8.827104568481445,-0.00076477417789664,retain,ret_002,M_npo_s0
0,-1,real,8.829629898071289,12.131689071655273,8.835224151611328,0.0016941711962015446,retain,ret_002,M_npo_s0
0,-11,random_position,8.829629898071289,12.131689071655273,8.839324951171875,0.002936062799281436,retain,ret_002,M_npo_s0
1,-6,real,8.829629898071289,12.131689071655273,8.911928176879883,0.024923320413809836,retain,ret_002,M_npo_s0
1,-5,real,8.829629898071289,12.131689071655273,8.770973205566406,-0.017763670916053905,retain,ret_002,M_npo_s0
1,-4,real,8.829629898071289,12.131689071655273,8.809318542480469,-0.006151117991254773,retain,ret_002,M_npo_s0
1,-3,real,8.829629898071289,12.131689071655273,8.841455459594727,0.0035812688088815467,retain,ret_002,M_npo_s0
1,-2,real,8.829629898071289,12.131689071655273,8.832035064697266,0.000728383865806392,retain,ret_002,M_npo_s0
1,-1,real,8.829629898071289,12.131689071655273,8.847578048706055,0.005435441853479896,retain,ret_002,M_npo_s0
1,-3,random_position,8.829629898071289,12.131689071655273,8.841455459594727,0.0035812688088815467,retain,ret_002,M_npo_s0
2,-6,real,8.829629898071289,12.131689071655273,8.986095428466797,0.04738422970951289,retain,ret_002,M_npo_s0
2,-5,real,8.829629898071289,12.131689071655273,8.866828918457031,0.011265400899938193,retain,ret_002,M_npo_s0
2,-4,real,8.829629898071289,12.131689071655273,8.8231201171875,-0.001971430716889148,retain,ret_002,M_npo_s0
2,-3,real,8.829629898071289,12.131689071655273,8.845722198486328,0.0048734137000860656,retain,ret_002,M_npo_s0
2,-2,real,8.829629898071289,12.131689071655273,8.869747161865234,0.012149165622129931,retain,ret_002,M_npo_s0
2,-1,real,8.829629898071289,12.131689071655273,8.84450912475586,0.0045060448351749915,retain,ret_002,M_npo_s0
2,-8,random_position,8.829629898071289,12.131689071655273,9.11427116394043,0.08620114022977883,retain,ret_002,M_npo_s0
3,-6,real,8.829629898071289,12.131689071655273,9.183740615844727,0.10723936160995362,retain,ret_002,M_npo_s0
3,-5,real,8.829629898071289,12.131689071655273,8.97957992553711,0.045411066120619445,retain,ret_002,M_npo_s0
3,-4,real,8.829629898071289,12.131689071655273,8.789545059204102,-0.012139346014105578,retain,ret_002,M_npo_s0
3,-3,real,8.829629898071289,12.131689071655273,8.847097396850586,0.005289880605118904,retain,ret_002,M_npo_s0
3,-2,real,8.829629898071289,12.131689071655273,8.830011367797852,0.00011552480028650151,retain,ret_002,M_npo_s0
3,-1,real,8.829629898071289,12.131689071655273,8.944438934326172,0.03476892151822693,retain,ret_002,M_npo_s0
3,-11,random_position,8.829629898071289,12.131689071655273,8.919084548950195,0.027090565667184603,retain,ret_002,M_npo_s0
4,-6,real,8.829629898071289,12.131689071655273,9.58171272277832,0.22776176475684917,retain,ret_002,M_npo_s0
4,-5,real,8.829629898071289,12.131689071655273,9.266494750976562,0.13230073416010582,retain,ret_002,M_npo_s0
4,-4,real,8.829629898071289,12.131689071655273,8.870851516723633,0.012483609918959353,retain,ret_002,M_npo_s0
4,-3,real,8.829629898071289,12.131689071655273,8.855266571044922,0.007763844203254333,retain,ret_002,M_npo_s0
4,-2,real,8.829629898071289,12.131689071655273,8.832878112792969,0.0009836936744395603,retain,ret_002,M_npo_s0
4,-1,real,8.829629898071289,12.131689071655273,9.017679214477539,0.05694910554923378,retain,ret_002,M_npo_s0
4,-8,random_position,8.829629898071289,12.131689071655273,9.211368560791016,0.11560624527070348,retain,ret_002,M_npo_s0
5,-6,real,8.829629898071289,12.131689071655273,9.64950180053711,0.24829109939176192,retain,ret_002,M_npo_s0
5,-5,real,8.829629898071289,12.131689071655273,9.535896301269531,0.21388665861843892,retain,ret_002,M_npo_s0
5,-4,real,8.829629898071289,12.131689071655273,8.936702728271484,0.03242607856841667,retain,ret_002,M_npo_s0
5,-3,real,8.829629898071289,12.131689071655273,8.884027481079102,0.016473836520855115,retain,ret_002,M_npo_s0
5,-2,real,8.829629898071289,12.131689071655273,8.831777572631836,0.0006504046256130035,retain,ret_002,M_npo_s0
5,-1,real,8.829629898071289,12.131689071655273,9.056234359741211,0.06862519711419049,retain,ret_002,M_npo_s0
5,-10,random_position,8.829629898071289,12.131689071655273,8.881258010864258,0.015635126470775113,retain,ret_002,M_npo_s0
6,-6,real,8.829629898071289,12.131689071655273,9.626996994018555,0.24147571379885976,retain,ret_002,M_npo_s0
6,-5,real,8.829629898071289,12.131689071655273,9.338203430175781,0.1540170861179624,retain,ret_002,M_npo_s0
6,-4,real,8.829629898071289,12.131689071655273,9.02419662475586,0.05892284676212866,retain,ret_002,M_npo_s0
6,-3,real,8.829629898071289,12.131689071655273,8.910058975219727,0.024357248892405977,retain,ret_002,M_npo_s0
6,-2,real,8.829629898071289,12.131689071655273,8.852409362792969,0.006898563449108437,retain,ret_002,M_npo_s0
6,-1,real,8.829629898071289,12.131689071655273,9.529119491577148,0.21183436054134921,retain,ret_002,M_npo_s0
6,-2,random_position,8.829629898071289,12.131689071655273,8.852409362792969,0.006898563449108437,retain,ret_002,M_npo_s0
7,-6,real,8.829629898071289,12.131689071655273,9.192386627197266,0.10985773120844718,retain,ret_002,M_npo_s0
7,-5,real,8.829629898071289,12.131689071655273,9.894401550292969,0.322456865927693,retain,ret_002,M_npo_s0
7,-4,real,8.829629898071289,12.131689071655273,9.09840202331543,0.08139530853786037,retain,ret_002,M_npo_s0
7,-3,real,8.829629898071289,12.131689071655273,8.910512924194336,0.024494723404746913,retain,ret_002,M_npo_s0
7,-2,real,8.829629898071289,12.131689071655273,8.89793586730957,0.02068587073930096,retain,ret_002,M_npo_s0
7,-1,real,8.829629898071289,12.131689071655273,10.338872909545898,0.45706116460551166,retain,ret_002,M_npo_s0
7,-7,random_position,8.829629898071289,12.131689071655273,11.190549850463867,0.7149841442211606,retain,ret_002,M_npo_s0
8,-6,real,8.829629898071289,12.131689071655273,9.077085494995117,0.07493978269785066,retain,ret_002,M_npo_s0
8,-5,real,8.829629898071289,12.131689071655273,9.659015655517578,0.2511722879109073,retain,ret_002,M_npo_s0
8,-4,real,8.829629898071289,12.131689071655273,9.005058288574219,0.05312696753175488,retain,ret_002,M_npo_s0
8,-3,real,8.829629898071289,12.131689071655273,8.794347763061523,-0.010684888778498524,retain,ret_002,M_npo_s0
8,-2,real,8.829629898071289,12.131689071655273,8.977279663085938,0.04471445157489184,retain,ret_002,M_npo_s0
8,-1,real,8.829629898071289,12.131689071655273,12.492145538330078,1.1091611166627195,retain,ret_002,M_npo_s0
8,-5,random_position,8.829629898071289,12.131689071655273,9.659015655517578,0.2511722879109073,retain,ret_002,M_npo_s0
9,-6,real,8.829629898071289,12.131689071655273,8.912311553955078,0.025039422838097767,retain,ret_002,M_npo_s0
9,-5,real,8.829629898071289,12.131689071655273,9.880966186523438,0.31838808246160244,retain,ret_002,M_npo_s0
9,-4,real,8.829629898071289,12.131689071655273,8.884382247924805,0.016581274585121562,retain,ret_002,M_npo_s0
9,-3,real,8.829629898071289,12.131689071655273,8.782560348510742,-0.014254605107351421,retain,ret_002,M_npo_s0
9,-2,real,8.829629898071289,12.131689071655273,9.048942565917969,0.06641694055671402,retain,ret_002,M_npo_s0
9,-1,real,8.829629898071289,12.131689071655273,14.315797805786133,1.6614383992883672,retain,ret_002,M_npo_s0
9,-10,random_position,8.829629898071289,12.131689071655273,8.83309555053711,0.0010495428106028662,retain,ret_002,M_npo_s0
10,-6,real,8.829629898071289,12.131689071655273,8.845102310180664,0.004685685899620501,retain,ret_002,M_npo_s0
10,-5,real,8.829629898071289,12.131689071655273,9.59942626953125,0.23312615885815288,retain,ret_002,M_npo_s0
10,-4,real,8.829629898071289,12.131689071655273,8.691631317138672,-0.041791674127643355,retain,ret_002,M_npo_s0
10,-3,real,8.829629898071289,12.131689071655273,8.834997177124023,0.0016254339400310761,retain,ret_002,M_npo_s0
10,-2,real,8.829629898071289,12.131689071655273,9.130378723144531,0.09107917492187635,retain,ret_002,M_npo_s0
10,-1,real,8.829629898071289,12.131689071655273,13.921945571899414,1.542163663984566,retain,ret_002,M_npo_s0
10,-5,random_position,8.829629898071289,12.131689071655273,9.59942626953125,0.23312615885815288,retain,ret_002,M_npo_s0
11,-6,real,8.829629898071289,12.131689071655273,8.829629898071289,0.0,retain,ret_002,M_npo_s0
11,-5,real,8.829629898071289,12.131689071655273,8.829629898071289,0.0,retain,ret_002,M_npo_s0
11,-4,real,8.829629898071289,12.131689071655273,8.829629898071289,0.0,retain,ret_002,M_npo_s0
11,-3,real,8.829629898071289,12.131689071655273,8.829629898071289,0.0,retain,ret_002,M_npo_s0
11,-2,real,8.829629898071289,12.131689071655273,8.829629898071289,0.0,retain,ret_002,M_npo_s0
11,-1,real,8.829629898071289,12.131689071655273,12.209047317504883,1.0234272742500996,retain,ret_002,M_npo_s0
11,-6,random_position,8.829629898071289,12.131689071655273,8.829629898071289,0.0,retain,ret_002,M_npo_s0
0,-6,real,8.50865364074707,11.474437713623047,8.903364181518555,0.13308809106548547,retain,ret_002,M_npo_s0
0,-5,real,8.50865364074707,11.474437713623047,8.925737380981445,0.14063186327314822,retain,ret_002,M_npo_s0
0,-4,real,8.50865364074707,11.474437713623047,8.586240768432617,0.02616074730292458,retain,ret_002,M_npo_s0
0,-3,real,8.50865364074707,11.474437713623047,8.490650177001953,-0.006070389247069794,retain,ret_002,M_npo_s0
0,-2,real,8.50865364074707,11.474437713623047,8.542173385620117,0.011302152836953551,retain,ret_002,M_npo_s0
0,-1,real,8.50865364074707,11.474437713623047,8.445114135742188,-0.021424184446195153,retain,ret_002,M_npo_s0
0,-12,random_position,8.50865364074707,11.474437713623047,8.501180648803711,-0.002519735678569706,retain,ret_002,M_npo_s0
1,-6,real,8.50865364074707,11.474437713623047,9.211334228515625,0.23692911233660788,retain,ret_002,M_npo_s0
1,-5,real,8.50865364074707,11.474437713623047,9.972585678100586,0.4936070871585446,retain,ret_002,M_npo_s0
1,-4,real,8.50865364074707,11.474437713623047,8.764888763427734,0.0863970931073846,retain,ret_002,M_npo_s0
1,-3,real,8.50865364074707,11.474437713623047,8.427093505859375,-0.027500361753782336,retain,ret_002,M_npo_s0
1,-2,real,8.50865364074707,11.474437713623047,8.52301025390625,0.004840747946042414,retain,ret_002,M_npo_s0
1,-1,real,8.50865364074707,11.474437713623047,8.478933334350586,-0.010021062109104941,retain,ret_002,M_npo_s0
1,-3,random_position,8.50865364074707,11.474437713623047,8.427093505859375,-0.027500361753782336,retain,ret_002,M_npo_s0
2,-6,real,8.50865364074707,11.474437713623047,9.131454467773438,0.20999533739569431,retain,ret_002,M_npo_s0
2,-5,real,8.50865364074707,11.474437713623047,10.385255813598633,0.6327507757608888,retain,ret_002,M_npo_s0
2,-4,real,8.50865364074707,11.474437713623047,9.126953125,0.20847757930446806,retain,ret_002,M_npo_s0
2,-3,real,8.50865364074707,11.474437713623047,8.545734405517578,0.01250285383539399,retain,ret_002,M_npo_s0
2,-2,real,8.50865364074707,11.474437713623047,8.510046005249023,0.00046947601974371754,retain,ret_002,M_npo_s0
2,-1,real,8.50865364074707,11.474437713623047,8.483293533325195,-0.008550894737688313,retain,ret_002,M_npo_s0
2,-8,random_position,8.50865364074707,11.474437713623047,8.577003479003906,0.023046127626734407,retain,ret_002,M_npo_s0
3,-6,real,8.50865364074707,11.474437713623047,9.207138061523438,0.23551425309902407,retain,ret_002,M_npo_s0
3,-5,real,8.50865364074707,11.474437713623047,10.942642211914062,0.820689743878322,retain,ret_002,M_npo_s0
3,-4,real,8.50865364074707,11.474437713623047,9.338508605957031,0.27980963712076146,retain,ret_002,M_npo_s0
3,-3,real,8.50865364074707,11.474437713623047,8.611530303955078,0.034687846680708075,retain,ret_002,M_npo_s0
3,-2,real,8.50865364074707,11.474437713623047,8.554765701293945,0.0155480167853755,retain,ret_002,M_npo_s0
3,-1,real,8.50865364074707,11.474437713623047,8.449514389038086,-0.019940511600237954,retain,ret_002,M_npo_s0
3,-12,random_position,8.50865364074707,11.474437713623047,8.634803771972656,0.04253517050661607,retain,ret_002,M_npo_s0
4,-6,real,8.50865364074707,11.474437713623047,9.162425994873047,0.22043828480473335,retain,ret_002,M_npo_s0
4,-5,real,8.50865364074707,11.474437713623047,10.947425842285156,0.8223026834091677,retain,ret_002,M_npo_s0
4,-4,real,8.50865364074707,11.474437713623047,9.763877868652344,0.4232352042703024,retain,ret_002,M_npo_s0
4,-3,real,8.50865364074707,11.474437713623047,8.86398696899414,0.11981092335643198,retain,ret_002,M_npo_s0
4,-2,real,8.50865364074707,11.474437713623047,8.55450439453125,0.015459909641944145,retain,ret_002,M_npo_s0
4,-1,real,8.50865364074707,11.474437713623047,8.396583557128906,-0.03778767464668714,retain,ret_002,M_npo_s0
4,-9,random_position,8.50865364074707,11.474437713623047,8.528966903686523,0.006849204945576153,retain,ret_002,M_npo_s0
5,-6,real,8.50865364074707,11.474437713623047,8.70816421508789,0.0672707686865926,retain,ret_002,M_npo_s0
5,-5,real,8.50865364074707,11.474437713623047,11.390331268310547,0.9716410759361384,retain,ret_002,M_npo_s0
5,-4,real,8.50865364074707,11.474437713623047,9.648305892944336,0.3842667652780681,retain,ret_002,M_npo_s0
5,-3,real,8.50865364074707,11.474437713623047,9.2427978515625,0.24753798414714537,retain,ret_002,M_npo_s0
5,-2,real,8.50865364074707,11.474437713623047,8.459924697875977,-0.016430374455359584,retain,ret_002,M_npo_s0
5,-1,real,8.50865364074707,11.474437713623047,8.389690399169922,-0.040111902503336176,retain,ret_002,M_npo_s0
5,-11,random_position,8.50865364074707,11.474437713623047,8.486928939819336,-0.007325112143672524,retain,ret_002,M_npo_s0
6,-6,real,8.50865364074707,11.474437713623047,8.786201477050781,0.0935832917986398,retain,ret_002,M_npo_s0
6,-5,real,8.50865364074707,11.474437713623047,11.407032012939453,0.977272215701722,retain,ret_002,M_npo_s0
6,-4,real,8.50865364074707,11.474437713623047,9.660030364990234,0.3882200106114443,retain,ret_002,M_npo_s0
6,-3,real,8.50865364074707,11.474437713623047,9.49705696105957,0.33326880717719504,retain,ret_002,M_npo_s0
6,-2,real,8.50865364074707,11.474437713623047,8.375772476196289,-0.044804733347267554,retain,ret_002,M_npo_s0
6,-1,real,8.50865364074707,11.474437713623047,8.86904525756836,0.12151647185555574,retain,ret_002,M_npo_s0
6,-2,random_position,8.50865364074707,11.474437713623047,8.375772476196289,-0.044804733347267554,retain,ret_002,M_npo_s0
7,-6,real,8.50865364074707,11.474437713623047,8.547540664672852,0.013111886425390292,retain,ret_002,M_npo_s0
7,-5,real,8.50865364074707,11.474437713623047,11.556760787963867,1.0277576088878886,retain,ret_002,M_npo_s0
7,-4,real,8.50865364074707,11.474437713623047,9.425132751464844,0.30901747672717333,retain,ret_002,M_npo_s0
7,-3,real,8.50865364074707,11.474437713623047,9.707115173339844,0.4040960174928051,retain,ret_002,M_npo_s0
7,-2,real,8.50865364074707,11.474437713623047,8.354948043823242,-0.05182629387269482,retain,ret_002,M_npo_s0
7,-1,real,8.50865364074707,11.474437713623047,9.655864715576172,0.38681544125922473,retain,ret_002,M_npo_s0
7,-8,random_position,8.50865364074707,11.474437713623047,8.50528335571289,-0.0011363892149139027,retain,ret_002,M_npo_s0
8,-6,real,8.50865364074707,11.474437713623047,8.560564041137695,0.017503095004582213,retain,ret_002,M_npo_s0
8,-5,real,8.50865364074707,11.474437713623047,11.007356643676758,0.8425100889110407,retain,ret_002,M_npo_s0
8,-4,real,8.50865364074707,11.474437713623047,9.138917922973633,0.21251185748508772,retain,ret_002,M_npo_s0
8,-3,real,8.50865364074707,11.474437713623047,9.98931884765625,0.49924915992732766,retain,ret_002,M_npo_s0
8,-2,real,8.50865364074707,11.474437713623047,8.353626251220703,-0.052271974532533724,retain,ret_002,M_npo_s0
8,-1,real,8.50865364074707,11.474437713623047,11.731643676757812,1.0867244400855347,retain,ret_002,M_npo_s0
8,-5,random_position,8.50865364074707,11.474437713623047,11.007356643676758,0.8425100889110407,retain,ret_002,M_npo_s0
9,-6,real,8.50865364074707,11.474437713623047,8.5986328125,0.030339083878643664,retain,ret_002,M_npo_s0
9,-5,real,8.50865364074707,11.474437713623047,9.716466903686523,0.4072492242391112,retain,ret_002,M_npo_s0
9,-4,real,8.50865364074707,11.474437713623047,8.821460723876953,0.10547196810135537,retain,ret_002,M_npo_s0
9,-3,real,8.50865364074707,11.474437713623047,9.761117935180664,0.42230461276267345,retain,ret_002,M_npo_s0
9,-2,real,8.50865364074707,11.474437713623047,8.278341293334961,-0.077656478608293,retain,ret_002,M_npo_s0
9,-1,real,8.50865364074707,11.474437713623047,13.344650268554688,1.6305963310127498,retain,ret_002,M_npo_s0
9,-11,random_position,8.50865364074707,11.474437713623047,8.51417350769043,0.0018611830152579706,retain,ret_002,M_npo_s0
10,-6,real,8.50865364074707,11.474437713623047,8.620948791503906,0.03786356255124845,retain,ret_002,M_npo_s0
10,-5,real,8.50865364074707,11.474437713623047,9.267963409423828,0.2560232808656366,retain,ret_002,M_npo_s0
10,-4,real,8.50865364074707,11.474437713623047,8.349708557128906,-0.053592938566168785,retain,ret_002,M_npo_s0
10,-3,real,8.50865364074707,11.474437713623047,10.058309555053711,0.5225113751467113,retain,ret_002,M_npo_s0
10,-2,real,8.50865364074707,11.474437713623047,8.065311431884766,-0.14948566651124653,retain,ret_002,M_npo_s0
10,-1,real,8.50865364074707,11.474437713623047,12.671209335327148,1.40352621509076,retain,ret_002,M_npo_s0
10,-6,random_position,8.50865364074707,11.474437713623047,8.620948791503906,0.03786356255124845,retain,ret_002,M_npo_s0
11,-6,real,8.50865364074707,11.474437713623047,8.50865364074707,0.0,retain,ret_002,M_npo_s0
11,-5,real,8.50865364074707,11.474437713623047,8.50865364074707,0.0,retain,ret_002,M_npo_s0
11,-4,real,8.50865364074707,11.474437713623047,8.50865364074707,0.0,retain,ret_002,M_npo_s0
11,-3,real,8.50865364074707,11.474437713623047,8.50865364074707,0.0,retain,ret_002,M_npo_s0
11,-2,real,8.50865364074707,11.474437713623047,8.50865364074707,0.0,retain,ret_002,M_npo_s0
11,-1,real,8.50865364074707,11.474437713623047,11.566356658935547,1.0309931347171086,retain,ret_002,M_npo_s0
11,-6,random_position,8.50865364074707,11.474437713623047,8.50865364074707,0.0,retain,ret_002,M_npo_s0
0,-6,real,8.462865829467773,12.421262741088867,8.465400695800781,0.000640376998467721,retain,ret_002,M_npo_s0
0,-5,real,8.462865829467773,12.421262741088867,8.524816513061523,0.015650447637495544,retain,ret_002,M_npo_s0
0,-4,real,8.462865829467773,12.421262741088867,8.457704544067383,-0.0013038827372864206,retain,ret_002,M_npo_s0
0,-3,real,8.462865829467773,12.421262741088867,8.457748413085938,-0.0012928002158682432,retain,ret_002,M_npo_s0
0,-2,real,8.462865829467773,12.421262741088867,8.456575393676758,-0.001589137201615157,retain,ret_002,M_npo_s0
0,-1,real,8.462865829467773,12.421262741088867,8.459466934204102,-0.0008586544855300818,retain,ret_002,M_npo_s0
0,-12,random_position,8.462865829467773,12.421262741088867,8.450002670288086,-0.003249588019312498,retain,ret_002,M_npo_s0
1,-6,real,8.462865829467773,12.421262741088867,8.462591171264648,-6.93862210529359e-05,retain,ret_002,M_npo_s0
1,-5,real,8.462865829467773,12.421262741088867,8.509923934936523,0.011888172540403018,retain,ret_002,M_npo_s0
1,-4,real,8.462865829467773,12.421262741088867,8.452871322631836,-0.0025248874883151678,retain,ret_002,M_npo_s0
1,-3,real,8.462865829467773,12.421262741088867,8.465709686279297,0.0007184364971522738,retain,ret_002,M_npo_s0
1,-2,real,8.462865829467773,12.421262741088867,8.454206466674805,-0.002187593358196729,retain,ret_002,M_npo_s0
1,-1,real,8.462865829467773,12.421262741088867,8.536806106567383,0.01867934892595912,retain,ret_002,M_npo_s0
1,-3,random_position,8.462865829467773,12.421262741088867,8.465709686279297,0.0007184364971522738,retain,ret_002,M_npo_s0
2,-6,real,8.462865829467773,12.421262741088867,8.542013168334961,0.01999479603342103,retain,ret_002,M_npo_s0
2,-5,real,8.462865829467773,12.421262741088867,8.51544189453125,0.013282160995306793,retain,ret_002,M_npo_s0
2,-4,real,8.462865829467773,12.421262741088867,8.453468322753906,-0.0023740688272764943,retain,ret_002,M_npo_s0
2,-3,real,8.462865829467773,12.421262741088867,8.45268440246582,-0.002572108666531749,retain,ret_002,M_npo_s0
2,-2,real,8.462865829467773,12.421262741088867,8.446369171142578,-0.004167509901991963,retain,ret_002,M_npo_s0
2,-1,real,8.462865829467773,12.421262741088867,8.553642272949219,0.02293262790675263,retain,ret_002,M_npo_s0
2,-8,random_position,8.462865829467773,12.421262741088867,11.22801399230957,0.6985525263330346,retain,ret_002,M_npo_s0
3,-6,real,8.462865829467773,12.421262741088867,8.526304244995117,0.016026289668198947,retain,ret_002,M_npo_s0
3,-5,real,8.462865829467773,12.421262741088867,8.495492935180664,0.00824250484258001,retain,ret_002,M_npo_s0
3,-4,real,8.462865829467773,12.421262741088867,8.454042434692383,-0.002229032351325566,retain,ret_002,M_npo_s0
3,-3,real,8.462865829467773,12.421262741088867,8.453290939331055,-0.0024188807617065156,retain,ret_002,M_npo_s0
3,-2,real,8.462865829467773,12.421262741088867,8.461265563964844,-0.00040427110738481403,retain,ret_002,M_npo_s0
3,-1,real,8.462865829467773,12.421262741088867,8.488386154174805,0.006447136372835295,retain,ret_002,M_npo_s0
3,-12,random_position,8.462865829467773,12.421262741088867,8.594863891601562,0.03334634324978076,retain,ret_002,M_npo_s0
4,-6,real,8.462865829467773,12.421262741088867,8.917097091674805,0.11475131785635125,retain,ret_002,M_npo_s0
4,-5,real,8.462865829467773,12.421262741088867,8.454084396362305,-0.0022184316786647007,retain,ret_002,M_npo_s0
4,-4,real,8.462865829467773,12.421262741088867,8.46636962890625,0.0008851561671822448,retain,ret_002,M_npo_s0
4,-3,real,8.462865829467773,12.421262741088867,8.445083618164062,-0.004492275964420288,retain,ret_002,M_npo_s0
4,-2,real,8.462865829467773,12.421262741088867,8.47610092163086,0.003343548526988349,retain,ret_002,M_npo_s0
4,-1,real,8.462865829467773,12.421262741088867,8.39796257019043,-0.016396349513814603,retain,ret_002,M_npo_s0
4,-9,random_position,8.462865829467773,12.421262741088867,9.054336547851562,0.14942178149122554,retain,ret_002,M_npo_s0
5,-6,real,8.462865829467773,12.421262741088867,9.263656616210938,0.2023017915136797,retain,ret_002,M_npo_s0
5,-5,real,8.462865829467773,12.421262741088867,8.412124633789062,-0.012818622490772596,retain,ret_002,M_npo_s0
5,-4,real,8.462865829467773,12.421262741088867,8.481880187988281,0.004803550261643875,retain,ret_002,M_npo_s0
5,-3,real,8.462865829467773,12.421262741088867,8.448556900024414,-0.0036148293773550356,retain,ret_002,M_npo_s0
5,-2,real,8.462865829467773,12.421262741088867,8.477863311767578,0.0037887767787446874,retain,ret_002,M_npo_s0
5,-1,real,8.462865829467773,12.421262741088867,8.362083435058594,-0.025460406487611668,retain,ret_002,M_npo_s0
5,-11,random_position,8.462865829467773,12.421262741088867,8.47386360168457,0.0027783399346613083,retain,ret_002,M_npo_s0
6,-6,real,8.462865829467773,12.421262741088867,9.563335418701172,0.27800890456503513,retain,ret_002,M_npo_s0
6,-5,real,8.462865829467773,12.421262741088867,8.450761795043945,-0.0030578122139023004,retain,ret_002,M_npo_s0
6,-4,real,8.462865829467773,12.421262741088867,8.472753524780273,0.0024979039579056924,retain,ret_002,M_npo_s0
6,-3,real,8.462865829467773,12.421262741088867,8.457752227783203,-0.0012918365183536191,retain,ret_002,M_npo_s0
6,-2,real,8.462865829467773,12.421262741088867,8.503377914428711,0.010234467605308046,retain,ret_002,M_npo_s0
6,-1,real,8.462865829467773,12.421262741088867,8.919322967529297,0.11531363535613441,retain,ret_002,M_npo_s0
6,-2,random_position,8.462865829467773,12.421262741088867,8.503377914428711,0.010234467605308046,retain,ret_002,M_npo_s0
7,-6,real,8.462865829467773,12.421262741088867,9.955976486206055,0.37720084419902283,retain,ret_002,M_npo_s0
7,-5,real,8.462865829467773,12.421262741088867,8.414937973022461,-0.012107895573737315,retain,ret_002,M_npo_s0
7,-4,real,8.462865829467773,12.421262741088867,8.454242706298828,-0.0021784382318078004,retain,ret_002,M_npo_s0
7,-3,real,8.462865829467773,12.421262741088867,8.445196151733398,-0.004463846887738877,retain,ret_002,M_npo_s0
7,-2,real,8.462865829467773,12.421262741088867,8.480020523071289,0.004333747723264622,retain,ret_002,M_npo_s0
7,-1,real,8.462865829467773,12.421262741088867,9.757259368896484,0.3269994314184664,retain,ret_002,M_npo_s0
7,-8,random_position,8.462865829467773,12.421262741088867,12.077781677246094,0.9132272302369732,retain,ret_002,M_npo_s0
8,-6,real,8.462865829467773,12.421262741088867,10.011373519897461,0.3911956595063941,retain,ret_002,M_npo_s0
8,-5,real,8.462865829467773,12.421262741088867,8.217905044555664,-0.06188383590158721,retain,ret_002,M_npo_s0
8,-4,real,8.462865829467773,12.421262741088867,8.48786735534668,0.006316073510846416,retain,ret_002,M_npo_s0
8,-3,real,8.462865829467773,12.421262741088867,8.460811614990234,-0.0005189511116250831,retain,ret_002,M_npo_s0
8,-2,real,8.462865829467773,12.421262741088867,8.532089233398438,0.01748773694912641,retain,ret_002,M_npo_s0
8,-1,real,8.462865829467773,12.421262741088867,12.042863845825195,0.9044060250368614,retain,ret_002,M_npo_s0
8,-5,random_position,8.462865829467773,12.421262741088867,8.217905044555664,-0.06188383590158721,retain,ret_002,M_npo_s0
9,-6,real,8.462865829467773,12.421262741088867,9.450859069824219,0.24959428334634326,retain,ret_002,M_npo_s0
9,-5,real,8.462865829467773,12.421262741088867,8.064386367797852,-0.10066687868011988,retain,ret_002,M_npo_s0
9,-4,real,8.462865829467773,12.421262741088867,8.527355194091797,0.01629178833347789,retain,ret_002,M_npo_s0
9,-3,real,8.462865829467773,12.421262741088867,8.476905822753906,0.003546888702574036,retain,ret_002,M_npo_s0
9,-2,real,8.462865829467773,12.421262741088867,8.549005508422852,0.021761253577727024,retain,ret_002,M_npo_s0
9,-1,real,8.462865829467773,12.421262741088867,14.854265213012695,1.6146433837347134,retain,ret_002,M_npo_s0
9,-11,random_position,8.462865829467773,12.421262741088867,8.466432571411133,0.0009010571761735427,retain,ret_002,M_npo_s0
10,-6,real,8.462865829467773,12.421262741088867,9.871585845947266,0.3558814459317509,retain,ret_002,M_npo_s0
10,-5,real,8.462865829467773,12.421262741088867,7.785917282104492,-0.17101583355016528,retain,ret_002,M_npo_s0
10,-4,real,8.462865829467773,12.421262741088867,8.546392440795898,0.02110112078020951,retain,ret_002,M_npo_s0
10,-3,real,8.462865829467773,12.421262741088867,8.479110717773438,0.004103905866026772,retain,ret_002,M_npo_s0
10,-2,real,8.462865829467773,12.421262741088867,8.636951446533203,0.04397881792862856,retain,ret_002,M_npo_s0
10,-1,real,8.462865829467773,12.421262741088867,14.368965148925781,1.492043231470506,retain,ret_002,M_npo_s0
10,-6,random_position,8.462865829467773,12.421262741088867,9.871585845947266,0.3558814459317509,retain,ret_002,M_npo_s0
11,-6,real,8.462865829467773,12.421262741088867,8.462865829467773,0.0,retain,ret_002,M_npo_s0
11,-5,real,8.462865829467773,12.421262741088867,8.462865829467773,0.0,retain,ret_002,M_npo_s0
11,-4,real,8.462865829467773,12.421262741088867,8.462865829467773,0.0,retain,ret_002,M_npo_s0
11,-3,real,8.462865829467773,12.421262741088867,8.462865829467773,0.0,retain,ret_002,M_npo_s0
11,-2,real,8.462865829467773,12.421262741088867,8.462865829467773,0.0,retain,ret_002,M_npo_s0
11,-1,real,8.462865829467773,12.421262741088867,12.498886108398438,1.0196097988763286,retain,ret_002,M_npo_s0
11,-6,random_position,8.462865829467773,12.421262741088867,8.462865829467773,0.0,retain,ret_002,M_npo_s0
0,-6,real,8.087957382202148,11.962491989135742,8.180496215820312,0.023883857806448056,retain,ret_002,M_npo_s0
0,-5,real,8.087957382202148,11.962491989135742,8.01852035522461,-0.01792138515249792,retain,ret_002,M_npo_s0
0,-4,real,8.087957382202148,11.962491989135742,8.166000366210938,0.020142544053969435,retain,ret_002,M_npo_s0
0,-3,real,8.087957382202148,11.962491989135742,8.065023422241211,-0.005919152178921438,retain,ret_002,M_npo_s0
0,-2,real,8.087957382202148,11.962491989135742,8.088760375976562,0.00020724909076230252,retain,ret_002,M_npo_s0
0,-1,real,8.087957382202148,11.962491989135742,8.081748962402344,-0.001602365297936567,retain,ret_002,M_npo_s0
0,-13,random_position,8.087957382202148,11.962491989135742,8.092418670654297,0.001151438535137828,retain,ret_002,M_npo_s0
1,-6,real,8.087957382202148,11.962491989135742,8.840900421142578,0.19433122047561943,retain,ret_002,M_npo_s0
1,-5,real,8.087957382202148,11.962491989135742,7.95184326171875,-0.03513044385764892,retain,ret_002,M_npo_s0
1,-4,real,8.087957382202148,11.962491989135742,8.045312881469727,-0.01100635432604171,retain,ret_002,M_npo_s0
1,-3,real,8.087957382202148,11.962491989135742,8.059707641601562,-0.007291131314205375,retain,ret_002,M_npo_s0
1,-2,real,8.087957382202148,11.962491989135742,8.070903778076172,-0.004401458718540967,retain,ret_002,M_npo_s0
1,-1,real,8.087957382202148,11.962491989135742,8.10593032836914,0.004638736774948163,retain,ret_002,M_npo_s0
1,-3,random_position,8.087957382202148,11.962491989135742,8.059707641601562,-0.007291131314205375,retain,ret_002,M_npo_s0
2,-6,real,8.087957382202148,11.962491989135742,9.195890426635742,0.28595254832694356,retain,ret_002,M_npo_s0
2,-5,real,8.087957382202148,11.962491989135742,7.984661102294922,-0.026660306433287453,retain,ret_002,M_npo_s0
2,-4,real,8.087957382202148,11.962491989135742,8.135936737060547,0.012383256242578907,retain,ret_002,M_npo_s0
2,-3,real,8.087957382202148,11.962491989135742,8.059852600097656,-0.007253718176680589,retain,ret_002,M_npo_s0
2,-2,real,8.087957382202148,11.962491989135742,8.089588165283203,0.00042089779715384477,retain,ret_002,M_npo_s0
2,-1,real,8.087957382202148,11.962491989135742,8.120494842529297,0.008397772539938524,retain,ret_002,M_npo_s0
2,-9,random_position,8.087957382202148,11.962491989135742,8.146234512329102,0.015041065841214707,retain,ret_002,M_npo_s0
3,-6,real,8.087957382202148,11.962491989135742,9.678478240966797,0.41050629820633544,retain,ret_002,M_npo_s0
3,-5,real,8.087957382202148,11.962491989135742,8.152057647705078,0.016543990957835392,retain,ret_002,M_npo_s0
3,-4,real,8.087957382202148,11.962491989135742,8.268274307250977,0.04653898941208208,retain,ret_002,M_npo_s0
3,-3,real,8.087957382202148,11.962491989135742,8.052936553955078,-0.00903871865911315,retain,ret_002,M_npo_s0
3,-2,real,8.087957382202148,11.962491989135742,8.054943084716797,-0.008520842071270058,retain,ret_002,M_npo_s0
3,-1,real,8.087957382202148,11.962491989135742,8.243804931640625,0.0402235533422731,retain,ret_002,M_npo_s0
3,-13,random_position,8.087957382202148,11.962491989135742,8.184162139892578,0.024830016363324887,retain,ret_002,M_npo_s0
4,-6,real,8.087957382202148,11.962491989135742,9.660640716552734,0.4059025131782854,retain,ret_002,M_npo_s0
4,-5,real,8.087957382202148,11.962491989135742,8.663423538208008,0.14852523319214797,retain,ret_002,M_npo_s0
4,-4,real,8.087957382202148,11.962491989135742,8.379701614379883,0.07529787749363484,retain,ret_002,M_npo_s0
4,-3,real,8.087957382202148,11.962491989135742,8.144235610961914,0.014525158365872917,retain,ret_002,M_npo_s0
4,-2,real,8.087957382202148,11.962491989135742,8.06265640258789,-0.006530069332451171,retain,ret_002,M_npo_s0
4,-1,real,8.087957382202148,11.962491989135742,8.229276657104492,0.03647387086166394,retain,ret_002,M_npo_s0
4,-10,random_position,8.087957382202148,11.962491989135742,8.105226516723633,0.00445708614670282,retain,ret_002,M_npo_s0
5,-6,real,8.087957382202148,11.962491989135742,10.015596389770508,0.49751498002335365,retain,ret_002,M_npo_s0
5,-5,real,8.087957382202148,11.962491989135742,8.656984329223633,0.14686330224104693,retain,ret_002,M_npo_s0
5,-4,real,8.087957382202148,11.962491989135742,8.566791534423828,0.12358494652875003,retain,ret_002,M_npo_s0
5,-3,real,8.087957382202148,11.962491989135742,8.161218643188477,0.018908402793776816,retain,ret_002,M_npo_s0
5,-2,real,8.087957382202148,11.962491989135742,8.095205307006836,0.0018706568762393101,retain,ret_002,M_npo_s0
5,-1,real,8.087957382202148,11.962491989135742,8.35433578491211,0.06875107070492259,retain,ret_002,M_npo_s0
5,-12,random_position,8.087957382202148,11.962491989135742,8.105789184570312,0.004602308193674029,retain,ret_002,M_npo_s0
6,-6,real,8.087957382202148,11.962491989135742,9.990327835083008,0.49099327941903304,retain,ret_002,M_npo_s0
6,-5,real,8.087957382202148,11.962491989135742,8.598417282104492,0.13174741012478267,retain,ret_002,M_npo_s0
6,-4,real,8.087957382202148,11.962491989135742,8.43138313293457,0.08863664557747178,retain,ret_002,M_npo_s0
6,-3,real,8.087957382202148,11.962491989135742,8.210590362548828,0.0316510220678438,retain,ret_002,M_npo_s0
6,-2,real,8.087957382202148,11.962491989135742,8.113004684448242,0.006464596341782795,retain,ret_002,M_npo_s0
6,-1,real,8.087957382202148,11.962491989135742,9.321455001831055,0.31836020187341363,retain,ret_002,M_npo_s0
6,-2,random_position,8.087957382202148,11.962491989135742,8.113004684448242,0.006464596341782795,retain,ret_002,M_npo_s0
7,-6,real,8.087957382202148,11.962491989135742,10.163642883300781,0.5357251158330429,retain,ret_002,M_npo_s0
7,-5,real,8.087957382202148,11.962491989135742,8.28172492980957,0.05001053475188198,retain,ret_002,M_npo_s0
7,-4,real,8.087957382202148,11.962491989135742,8.826042175292969,0.19049637387932886,retain,ret_002,M_npo_s0
7,-3,real,8.087957382202148,11.962491989135742,8.270118713378906,0.047015022359272456,retain,ret_002,M_npo_s0
7,-2,real,8.087957382202148,11.962491989135742,8.107234954833984,0.004975455012671239,retain,ret_002,M_npo_s0
7,-1,real,8.087957382202148,11.962491989135742,10.083017349243164,0.5149160271973818,retain,ret_002,M_npo_s0
7,-8,random_position,8.087957382202148,11.962491989135742,8.098087310791016,0.002614489123607099,retain,ret_002,M_npo_s0
8,-6,real,8.087957382202148,11.962491989135742,9.521329879760742,0.3699470111825899,retain,ret_002,M_npo_s0
8,-5,real,8.087957382202148,11.962491989135742,8.320112228393555,0.05991812430219576,retain,ret_002,M_npo_s0
8,-4,real,8.087957382202148,11.962491989135742,8.686761856079102,0.15454874833363855,retain,ret_002,M_npo_s0
8,-3,real,8.087957382202148,11.962491989135742,8.262908935546875,0.04515421104553966,retain,ret_002,M_npo_s0
8,-2,real,8.087957382202148,11.962491989135742,8.181238174438477,0.02407535399719992,retain,ret_002,M_npo_s0
8,-1,real,8.087957382202148,11.962491989135742,12.096733093261719,1.0346470267385786,retain,ret_002,M_npo_s0
8,-5,random_position,8.087957382202148,11.962491989135742,8.320112228393555,0.05991812430219576,retain,ret_002,M_npo_s0
9,-6,real,8.087957382202148,11.962491989135742,8.109249114990234,0.005495300713015637,retain,ret_002,M_npo_s0
9,-5,real,8.087957382202148,11.962491989135742,8.234722137451172,0.037879324909470054,retain,ret_002,M_npo_s0
9,-4,real,8.087957382202148,11.962491989135742,8.75823974609375,0.17299687108023543,retain,ret_002,M_npo_s0
9,-3,real,8.087957382202148,11.962491989135742,8.316221237182617,0.05891387692653045,retain,ret_002,M_npo_s0
9,-2,real,8.087957382202148,11.962491989135742,8.227170944213867,0.03593039581130389,retain,ret_002,M_npo_s0
9,-1,real,8.087957382202148,11.962491989135742,12.97592544555664,1.2615626286076602,retain,ret_002,M_npo_s0
9,-12,random_position,8.087957382202148,11.962491989135742,8.088663101196289,0.00018214290637066967,retain,ret_002,M_npo_s0
10,-6,real,8.087957382202148,11.962491989135742,7.676902770996094,-0.10609135106716051,retain,ret_002,M_npo_s0
10,-5,real,8.087957382202148,11.962491989135742,8.185373306274414,0.025142612972906982,retain,ret_002,M_npo_s0
10,-4,real,8.087957382202148,11.962491989135742,8.549041748046875,0.11900380629446503,retain,ret_002,M_npo_s0
10,-3,real,8.087957382202148,11.962491989135742,8.376443862915039,0.0744570664555778,retain,ret_002,M_npo_s0
10,-2,real,8.087957382202148,11.962491989135742,8.281723022460938,0.050010042473756657,retain,ret_002,M_npo_s0
10,-1,real,8.087957382202148,11.962491989135742,12.540664672851562,1.1492237758519857,retain,ret_002,M_npo_s0
10,-6,random_position,8.087957382202148,11.962491989135742,7.676902770996094,-0.10609135106716051,retain,ret_002,M_npo_s0
11,-6,real,8.087957382202148,11.962491989135742,8.087957382202148,0.0,retain,ret_002,M_npo_s0
11,-5,real,8.087957382202148,11.962491989135742,8.087957382202148,0.0,retain,ret_002,M_npo_s0
11,-4,real,8.087957382202148,11.962491989135742,8.087957382202148,0.0,retain,ret_002,M_npo_s0
11,-3,real,8.087957382202148,11.962491989135742,8.087957382202148,0.0,retain,ret_002,M_npo_s0
11,-2,real,8.087957382202148,11.962491989135742,8.087957382202148,0.0,retain,ret_002,M_npo_s0
11,-1,real,8.087957382202148,11.962491989135742,12.039865493774414,1.01996975443198,retain,ret_002,M_npo_s0
11,-6,random_position,8.087957382202148,11.962491989135742,8.087957382202148,0.0,retain,ret_002,M_npo_s0
0,-6,real,8.575723648071289,11.873355865478516,8.637168884277344,0.01863313800784194,retain,ret_002,M_npo_s0
0,-5,real,8.575723648071289,11.873355865478516,8.568426132202148,-0.0022129562631694323,retain,ret_002,M_npo_s0
0,-4,real,8.575723648071289,11.873355865478516,8.653207778930664,0.02349689891139441,retain,ret_002,M_npo_s0
0,-3,real,8.575723648071289,11.873355865478516,8.570585250854492,-0.0015582080953942632,retain,ret_002,M_npo_s0
0,-2,real,8.575723648071289,11.873355865478516,8.559822082519531,-0.004822116143764652,retain,ret_002,M_npo_s0
0,-1,real,8.575723648071289,11.873355865478516,8.513586044311523,-0.01884309700510553,retain,ret_002,M_npo_s0
0,-11,random_position,8.575723648071289,11.873355865478516,8.56233024597168,-0.00406152087819544,retain,ret_002,M_npo_s0
1,-6,real,8.575723648071289,11.873355865478516,8.790142059326172,0.06502193001482438,retain,ret_002,M_npo_s0
1,-5,real,8.575723648071289,11.873355865478516,8.567693710327148,-0.002435061648704472,retain,ret_002,M_npo_s0
1,-4,real,8.575723648071289,11.873355865478516,8.635564804077148,0.01814670407754254,retain,ret_002,M_npo_s0
1,-3,real,8.575723648071289,11.873355865478516,8.574333190917969,-0.000421653192851677,retain,ret_002,M_npo_s0
1,-2,real,8.575723648071289,11.873355865478516,8.560220718383789,-0.004701230660491674,retain,ret_002,M_npo_s0
1,-1,real,8.575723648071289,11.873355865478516,8.565418243408203,-0.0031250921824109885,retain,ret_002,M_npo_s0
1,-3,random_position,8.575723648071289,11.873355865478516,8.574333190917969,-0.000421653192851677,retain,ret_002,M_npo_s0
2,-6,real,8.575723648071289,11.873355865478516,8.991331100463867,0.1260320815034221,retain,ret_002,M_npo_s0
2,-5,real,8.575723648071289,11.873355865478516,8.695011138916016,0.0361736794706951,retain,ret_002,M_npo_s0
2,-4,real,8.575723648071289,11.873355865478516,8.628063201904297,0.01587185907413288,retain,ret_002,M_npo_s0
2,-3,real,8.575723648071289,11.873355865478516,8.569597244262695,-0.0018578190060899676,retain,ret_002,M_npo_s0
2,-2,real,8.575723648071289,11.873355865478516,8.580087661743164,0.0013233779221462783,retain,ret_002,M_npo_s0
2,-1,real,8.575723648071289,11.873355865478516,8.58038330078125,0.0014130298355783907,retain,ret_002,M_npo_s0
2,-8,random_position,8.575723648071289,11.873355865478516,9.061491012573242,0.14730792655946612,retain,ret_002,M_npo_s0
3,-6,real,8.575723648071289,11.873355865478516,9.256471633911133,0.20643538786598947,retain,ret_002,M_npo_s0
3,-5,real,8.575723648071289,11.873355865478516,8.747934341430664,0.05222252877392622,retain,ret_002,M_npo_s0
3,-4,real,8.575723648071289,11.873355865478516,8.606155395507812,0.009228363089092601,retain,ret_002,M_npo_s0
3,-3,real,8.575723648071289,11.873355865478516,8.559446334838867,-0.004936060833739659,retain,ret_002,M_npo_s0
3,-2,real,8.575723648071289,11.873355865478516,8.590215682983398,0.004394678956498,retain,ret_002,M_npo_s0
3,-1,real,8.575723648071289,11.873355865478516,8.555032730102539,-0.006274477141364873,retain,ret_002,M_npo_s0
3,-11,random_position,8.575723648071289,11.873355865478516,8.71613883972168,0.042580610084162904,retain,ret_002,M_npo_s0
4,-6,real,8.575723648071289,11.873355865478516,9.866157531738281,0.39132134774010663,retain,ret_002,M_npo_s0
4,-5,real,8.575723648071289,11.873355865478516,9.107236862182617,0.16118025876434214,retain,ret_002,M_npo_s0
4,-4,real,8.575723648071289,11.873355865478516,8.55409049987793,-0.006560206465464637,retain,ret_002,M_npo_s0
4,-3,real,8.575723648071289,11.873355865478516,8.557748794555664,-0.0054508363366724336,retain,ret_002,M_npo_s0
4,-2,real,8.575723648071289,11.873355865478516,8.590475082397461,0.00447334128054166,retain,ret_002,M_npo_s0
4,-1,real,8.575723648071289,11.873355865478516,8.53451919555664,-0.012495163134670478,retain,ret_002,M_npo_s0
4,-8,random_position,8.575723648071289,11.873355865478516,9.155258178710938,0.1757426215029247,retain,ret_002,M_npo_s0
5,-6,real,8.575723648071289,11.873355865478516,10.009946823120117,0.4349251464362786,retain,ret_002,M_npo_s0
5,-5,real,8.575723648071289,11.873355865478516,9.559816360473633,0.29842403504175175,retain,ret_002,M_npo_s0
5,-4,real,8.575723648071289,11.873355865478516,8.508110046386719,-0.020503681801644854,retain,ret_002,M_npo_s0
5,-3,real,8.575723648071289,11.873355865478516,8.546873092651367,-0.008748869952091174,retain,ret_002,M_npo_s0
5,-2,real,8.575723648071289,11.873355865478516,8.587457656860352,0.0035583133640926154,retain,ret_002,M_npo_s0
5,-1,real,8.575723648071289,11.873355865478516,8.595602035522461,0.006028078979286937,retain,ret_002,M_npo_s0
5,-10,random_position,8.575723648071289,11.873355865478516,8.596113204956055,0.006183090029608268,retain,ret_002,M_npo_s0
6,-6,real,8.575723648071289,11.873355865478516,9.919702529907227,0.4075587552612659,retain,ret_002,M_npo_s0
6,-5,real,8.575723648071289,11.873355865478516,9.784290313720703,0.36649528691215094,retain,ret_002,M_npo_s0
6,-4,real,8.575723648071289,11.873355865478516,8.54887580871582,-0.0081415505385188,retain,ret_002,M_npo_s0
6,-3,real,8.575723648071289,11.873355865478516,8.556169509887695,-0.005929751074232363,retain,ret_002,M_npo_s0
6,-2,real,8.575723648071289,11.873355865478516,8.627817153930664,0.0157972455461797,retain,ret_002,M_npo_s0
6,-1,real,8.575723648071289,11.873355865478516,9.111167907714844,0.16237234001326847,retain,ret_002,M_npo_s0
6,-2,random_position,8.575723648071289,11.873355865478516,8.627817153930664,0.0157972455461797,retain,ret_002,M_npo_s0
7,-6,real,8.575723648071289,11.873355865478516,9.305109024047852,0.2211845736241757,retain,ret_002,M_npo_s0
7,-5,real,8.575723648071289,11.873355865478516,10.055450439453125,0.44872402191208444,retain,ret_002,M_npo_s0
7,-4,real,8.575723648071289,11.873355865478516,8.466564178466797,-0.03310237843634338,retain,ret_002,M_npo_s0
7,-3,real,8.575723648071289,11.873355865478516,8.523092269897461,-0.015960354188681997,retain,ret_002,M_npo_s0
7,-2,real,8.575723648071289,11.873355865478516,8.611003875732422,0.010698654469379244,retain,ret_002,M_npo_s0
7,-1,real,8.575723648071289,11.873355865478516,9.956064224243164,0.41858536221397424,retain,ret_002,M_npo_s0
7,-7,random_position,8.575723648071289,11.873355865478516,11.237083435058594,0.8070517303108492,retain,ret_002,M_npo_s0
8,-6,real,8.575723648071289,11.873355865478516,9.01812744140625,0.13415801525702048,retain,ret_002,M_npo_s0
8,-5,real,8.575723648071289,11.873355865478516,10.114347457885742,0.4665844182660857,retain,ret_002,M_npo_s0
8,-4,real,8.575723648071289,11.873355865478516,8.309751510620117,-0.08065548851906029,retain,ret_002,M_npo_s0
8,-3,real,8.575723648071289,11.873355865478516,8.505853652954102,-0.021187928340936395,retain,ret_002,M_npo_s0
8,-2,real,8.575723648071289,11.873355865478516,8.60847282409668,0.009931118410512063,retain,ret_002,M_npo_s0
8,-1,real,8.575723648071289,11.873355865478516,12.168533325195312,1.08951194076727,retain,ret_002,M_npo_s0
8,-5,random_position,8.575723648071289,11.873355865478516,10.114347457885742,0.4665844182660857,retain,ret_002,M_npo_s0
9,-6,real,8.575723648071289,11.873355865478516,8.781694412231445,0.062460198888431955,retain,ret_002,M_npo_s0
9,-5,real,8.575723648071289,11.873355865478516,9.609123229980469,0.3133762390039036,retain,ret_002,M_npo_s0
9,-4,real,8.575723648071289,11.873355865478516,8.202272415161133,-0.11324829704744437,retain,ret_002,M_npo_s0
9,-3,real,8.575723648071289,11.873355865478516,8.538768768310547,-0.011206489179014048,retain,ret_002,M_npo_s0
9,-2,real,8.575723648071289,11.873355865478516,8.673931121826172,0.02978120884326474,retain,ret_002,M_npo_s0
9,-1,real,8.575723648071289,11.873355865478516,13.733129501342773,1.5639724242282271,retain,ret_002,M_npo_s0
9,-10,random_position,8.575723648071289,11.873355865478516,8.580303192138672,0.0013887370590354958,retain,ret_002,M_npo_s0
10,-6,real,8.575723648071289,11.873355865478516,8.517723083496094,-0.017588548616497456,retain,ret_002,M_npo_s0
10,-5,real,8.575723648071289,11.873355865478516,9.911184310913086,0.4049756233555381,retain,ret_002,M_npo_s0
10,-4,real,8.575723648071289,11.873355865478516,7.979425430297852,-0.1808261741942462,retain,ret_002,M_npo_s0
10,-3,real,8.575723648071289,11.873355865478516,8.583854675292969,0.0024657168191038396,retain,ret_002,M_npo_s0
10,-2,real,8.575723648071289,11.873355865478516,8.685832977294922,0.03339042135820914,retain,ret_002,M_npo_s0
10,-1,real,8.575723648071289,11.873355865478516,13.148752212524414,1.3867612465433403,retain,ret_002,M_npo_s0
10,-5,random_position,8.575723648071289,11.873355865478516,9.911184310913086,0.4049756233555381,retain,ret_002,M_npo_s0
11,-6,real,8.575723648071289,11.873355865478516,8.575723648071289,0.0,retain,ret_002,M_npo_s0
11,-5,real,8.575723648071289,11.873355865478516,8.575723648071289,0.0,retain,ret_002,M_npo_s0
11,-4,real,8.575723648071289,11.873355865478516,8.575723648071289,0.0,retain,ret_002,M_npo_s0
11,-3,real,8.575723648071289,11.873355865478516,8.575723648071289,0.0,retain,ret_002,M_npo_s0
11,-2,real,8.575723648071289,11.873355865478516,8.575723648071289,0.0,retain,ret_002,M_npo_s0
11,-1,real,8.575723648071289,11.873355865478516,11.950515747070312,1.0233985710063398,retain,ret_002,M_npo_s0
11,-6,random_position,8.575723648071289,11.873355865478516,8.575723648071289,0.0,retain,ret_002,M_npo_s0
0,-6,real,12.987754821777344,8.737712860107422,12.990535736083984,-0.0006543263176507441,retain,ret_003,M_npo_s0
0,-5,real,12.987754821777344,8.737712860107422,12.982416152954102,0.0012561449678356877,retain,ret_003,M_npo_s0
0,-4,real,12.987754821777344,8.737712860107422,12.984983444213867,0.0006520824002376757,retain,ret_003,M_npo_s0
0,-3,real,12.987754821777344,8.737712860107422,12.986318588256836,0.0003379339624081004,retain,ret_003,M_npo_s0
0,-2,real,12.987754821777344,8.737712860107422,12.992361068725586,-0.001083812110512035,retain,ret_003,M_npo_s0
0,-1,real,12.987754821777344,8.737712860107422,12.996326446533203,-0.002016832970865874,retain,ret_003,M_npo_s0
0,-13,random_position,12.987754821777344,8.737712860107422,12.973400115966797,0.0033775444901505487,retain,ret_003,M_npo_s0
1,-6,real,12.987754821777344,8.737712860107422,12.98984146118164,-0.0004909691299793649,retain,ret_003,M_npo_s0
1,-5,real,12.987754821777344,8.737712860107422,12.992612838745117,-0.0011430515302170406,retain,ret_003,M_npo_s0
1,-4,real,12.987754821777344,8.737712860107422,12.987653732299805,2.3785524578524994e-05,retain,ret_003,M_npo_s0
1,-3,real,12.987754821777344,8.737712860107422,12.995468139648438,-0.0018148804036897182,retain,ret_003,M_npo_s0
1,-2,real,12.987754821777344,8.737712860107422,12.97420883178711,0.003187260293522349,retain,ret_003,M_npo_s0
1,-1,real,12.987754821777344,8.737712860107422,13.02962875366211,-0.009852592577300711,retain,ret_003,M_npo_s0
1,-3,random_position,12.987754821777344,8.737712860107422,12.995468139648438,-0.0018148804036897182,retain,ret_003,M_npo_s0
2,-6,real,12.987754821777344,8.737712860107422,12.98707389831543,0.00016021570329308345,retain,ret_003,M_npo_s0
2,-5,real,12.987754821777344,8.737712860107422,12.994771957397461,-0.0016510744325357253,retain,ret_003,M_npo_s0
2,-4,real,12.987754821777344,8.737712860107422,12.991676330566406,-0.0009226988402537242,retain,ret_003,M_npo_s0
2,-3,real,12.987754821777344,8.737712860107422,13.005033493041992,-0.004065529568997319,retain,ret_003,M_npo_s0
2,-2,real,12.987754821777344,8.737712860107422,12.966394424438477,0.005025926221790592,retain,ret_003,M_npo_s0
2,-1,real,12.987754821777344,8.737712860107422,13.018854141235352,-0.007317414684016038,retain,ret_003,M_npo_s0
2,-9,random_position,12.987754821777344,8.737712860107422,12.937263488769531,0.011880196351749313,retain,ret_003,M_npo_s0
3,-6,real,12.987754821777344,8.737712860107422,13.000457763671875,-0.002988897994207103,retain,ret_003,M_npo_s0
3,-5,real,12.987754821777344,8.737712860107422,12.987483978271484,6.372725453114243e-05,retain,ret_003,M_npo_s0
3,-4,real,12.987754821777344,8.737712860107422,12.98090934753418,0.0016106839191004942,retain,ret_003,M_npo_s0
3,-3,real,12.987754821777344,8.737712860107422,13.00399398803711,-0.003820942570972864,retain,ret_003,M_npo_s0
3,-2,real,12.987754821777344,8.737712860107422,12.978614807128906,0.0021505704486847505,retain,ret_003,M_npo_s0
3,-1,real,12.987754821777344,8.737712860107422,12.99836540222168,-0.002496582513779897,retain,ret_003,M_npo_s0
3,-13,random_position,12.987754821777344,8.737712860107422,12.9803466796875,0.0017430750464715297,retain,ret_003,M_npo_s0
4,-6,real,12.987754821777344,8.737712860107422,12.997476577758789,-0.0022874494108819222,retain,ret_003,M_npo_s0
4,-5,real,12.987754821777344,8.737712860107422,12.964021682739258,0.005584212874162009,retain,ret_003,M_npo_s0
4,-4,real,12.987754821777344,8.737712860107422,12.958484649658203,0.00688703132418952,retain,ret_003,M_npo_s0
4,-3,real,12.987754821777344,8.737712860107422,13.009754180908203,-0.005176268688466175,retain,ret_003,M_npo_s0
4,-2,real,12.987754821777344,8.737712860107422,13.02877426147461,-0.009651537577089782,retain,ret_003,M_npo_s0
4,-1,real,12.987754821777344,8.737712860107422,13.007347106933594,-0.004609903933407712,retain,ret_003,M_npo_s0
4,-10,random_position,12.987754821777344,8.737712860107422,12.989381790161133,-0.0003828123106694683,retain,ret_003,M_npo_s0
5,-6,real,12.987754821777344,8.737712860107422,13.032201766967773,-0.010458001495346564,retain,ret_003,M_npo_s0
5,-5,real,12.987754821777344,8.737712860107422,12.975395202636719,0.0029081169673366406,retain,ret_003,M_npo_s0
5,-4,real,12.987754821777344,8.737712860107422,12.95395278930664,0.007953340878879622,retain,ret_003,M_npo_s0
5,-3,real,12.987754821777344,8.737712860107422,13.04757308959961,-0.014074747581730204,retain,ret_003,M_npo_s0
5,-2,real,12.987754821777344,8.737712860107422,13.007776260375977,-0.004710880216995789,retain,ret_003,M_npo_s0
5,-1,real,12.987754821777344,8.737712860107422,13.03028678894043,-0.01000742287880243,retain,ret_003,M_npo_s0
5,-12,random_position,12.987754821777344,8.737712860107422,12.987495422363281,6.103455363546036e-05,retain,ret_003,M_npo_s0
6,-6,real,12.987754821777344,8.737712860107422,12.991214752197266,-0.0008140932374612139,retain,ret_003,M_npo_s0
6,-5,real,12.987754821777344,8.737712860107422,12.942445755004883,0.010660851629487947,retain,ret_003,M_npo_s0
6,-4,real,12.987754821777344,8.737712860107422,12.893461227416992,0.022186509029972455,retain,ret_003,M_npo_s0
6,-3,real,12.987754821777344,8.737712860107422,13.07308578491211,-0.020077675445170775,retain,ret_003,M_npo_s0
6,-2,real,12.987754821777344,8.737712860107422,12.989604949951172,-0.00043531997813526873,retain,ret_003,M_npo_s0
6,-1,real,12.987754821777344,8.737712860107422,13.265953063964844,-0.06545776364010078,retain,ret_003,M_npo_s0
6,-2,random_position,12.987754821777344,8.737712860107422,12.989604949951172,-0.00043531997813526873,retain,ret_003,M_npo_s0
7,-6,real,12.987754821777344,8.737712860107422,12.989118576049805,-0.00032088019006878054,retain,ret_003,M_npo_s0
7,-5,real,12.987754821777344,8.737712860107422,13.03097152709961,-0.010168536149060742,retain,ret_003,M_npo_s0
7,-4,real,12.987754821777344,8.737712860107422,12.915613174438477,0.016974337662897184,retain,ret_003,M_npo_s0
7,-3,real,12.987754821777344,8.737712860107422,13.040596008300781,-0.012433097602329366,retain,ret_003,M_npo_s0
7,-2,real,12.987754821777344,8.737712860107422,12.978939056396484,0.002074277256640425,retain,ret_003,M_npo_s0
7,-1,real,12.987754821777344,8.737712860107422,13.357667922973633,-0.08703751740157954,retain,ret_003,M_npo_s0
7,-8,random_position,12.987754821777344,8.737712860107422,13.037256240844727,-0.011647277724272813,retain,ret_003,M_npo_s0
8,-6,real,12.987754821777344,8.737712860107422,12.987213134765625,0.00012745450906228486,retain,ret_003,M_npo_s0
8,-5,real,12.987754821777344,8.737712860107422,13.042791366577148,-0.01294964739081771,retain,ret_003,M_npo_s0
8,-4,real,12.987754821777344,8.737712860107422,12.894220352172852,0.02200789320389221,retain,ret_003,M_npo_s0
8,-3,real,12.987754821777344,8.737712860107422,13.045938491821289,-0.013690140137130281,retain,ret_003,M_npo_s0
8,-2,real,12.987754821777344,8.737712860107422,12.99186897277832,-0.0009680259719977058,retain,ret_003,M_npo_s0
8,-1,real,12.987754821777344,8.737712860107422,14.679502487182617,-0.39805434408947665,retain,ret_003,M_npo_s0
8,-5,random_position,12.987754821777344,8.737712860107422,13.042791366577148,-0.01294964739081771,retain,ret_003,M_npo_s0
9,-6,real,12.987754821777344,8.737712860107422,12.995338439941406,-0.0017843631268719881,retain,ret_003,M_npo_s0
9,-5,real,12.987754821777344,8.737712860107422,13.067949295043945,-0.018869101526492137,retain,ret_003,M_npo_s0
9,-4,real,12.987754821777344,8.737712860107422,12.886343002319336,0.023861368987086705,retain,ret_003,M_npo_s0
9,-3,real,12.987754821777344,8.737712860107422,12.997926712036133,-0.002393362312778751,retain,ret_003,M_npo_s0
9,-2,real,12.987754821777344,8.737712860107422,12.974241256713867,0.0031796309743179164,retain,ret_003,M_npo_s0
9,-1,real,12.987754821777344,8.737712860107422,14.934301376342773,-0.45800643196487284,retain,ret_003,M_npo_s0
9,-12,random_position,12.987754821777344,8.737712860107422,12.990108489990234,-0.00055379881754528,retain,ret_003,M_npo_s0
10,-6,real,12.987754821777344,8.737712860107422,13.007232666015625,-0.004582976924450891,retain,ret_003,M_npo_s0
10,-5,real,12.987754821777344,8.737712860107422,13.054420471191406,-0.015685880284313312,retain,ret_003,M_npo_s0
10,-4,real,12.987754821777344,8.737712860107422,12.861221313476562,0.029772296236591472,retain,ret_003,M_npo_s0
10,-3,real,12.987754821777344,8.737712860107422,13.136760711669922,-0.03505986322874584,retain,ret_003,M_npo_s0
10,-2,real,12.987754821777344,8.737712860107422,12.958623886108398,0.006854270129958721,retain,ret_003,M_npo_s0
10,-1,real,12.987754821777344,8.737712860107422,13.889932632446289,-0.21227503605975284,retain,ret_003,M_npo_s0
10,-6,random_position,12.987754821777344,8.737712860107422,13.007232666015625,-0.004582976924450891,retain,ret_003,M_npo_s0
11,-6,real,12.987754821777344,8.737712860107422,12.987754821777344,-0.0,retain,ret_003,M_npo_s0
11,-5,real,12.987754821777344,8.737712860107422,12.987754821777344,-0.0,retain,ret_003,M_npo_s0
11,-4,real,12.987754821777344,8.737712860107422,12.987754821777344,-0.0,retain,ret_003,M_npo_s0
11,-3,real,12.987754821777344,8.737712860107422,12.987754821777344,-0.0,retain,ret_003,M_npo_s0
11,-2,real,12.987754821777344,8.737712860107422,12.987754821777344,-0.0,retain,ret_003,M_npo_s0
11,-1,real,12.987754821777344,8.737712860107422,8.82114028930664,0.9803702104704777,retain,ret_003,M_npo_s0
11,-6,random_position,12.987754821777344,8.737712860107422,12.987754821777344,-0.0,retain,ret_003,M_npo_s0
0,-6,real,13.961755752563477,9.385740280151367,14.231134414672852,-0.05886751557843403,retain,ret_003,M_npo_s0
0,-5,real,13.961755752563477,9.385740280151367,14.060310363769531,-0.021537211095596358,retain,ret_003,M_npo_s0
0,-4,real,13.961755752563477,9.385740280151367,14.215021133422852,-0.05534626847008316,retain,ret_003,M_npo_s0
0,-3,real,13.961755752563477,9.385740280151367,13.966588973999023,-0.0010562074067899047,retain,ret_003,M_npo_s0
0,-2,real,13.961755752563477,9.385740280151367,13.958440780639648,0.000724423233228435,retain,ret_003,M_npo_s0
0,-1,real,13.961755752563477,9.385740280151367,13.949878692626953,0.002595502573828231,retain,ret_003,M_npo_s0
0,-10,random_position,13.961755752563477,9.385740280151367,13.94632339477539,0.0033724444073942855,retain,ret_003,M_npo_s0
1,-6,real,13.961755752563477,9.385740280151367,14.182147979736328,-0.048162474209615905,retain,ret_003,M_npo_s0
1,-5,real,13.961755752563477,9.385740280151367,14.14349365234375,-0.039715315841027034,retain,ret_003,M_npo_s0
1,-4,real,13.961755752563477,9.385740280151367,14.243598937988281,-0.06159139695308755,retain,ret_003,M_npo_s0
1,-3,real,13.961755752563477,9.385740280151367,13.97758674621582,-0.003459558593668591,retain,ret_003,M_npo_s0
1,-2,real,13.961755752563477,9.385740280151367,13.953046798706055,0.0019031740408061188,retain,ret_003,M_npo_s0
1,-1,real,13.961755752563477,9.385740280151367,13.940961837768555,0.004544109372069275,retain,ret_003,M_npo_s0
1,-3,random_position,13.961755752563477,9.385740280151367,13.97758674621582,-0.003459558593668591,retain,ret_003,M_npo_s0
2,-6,real,13.961755752563477,9.385740280151367,14.0299072265625,-0.014893191338599086,retain,ret_003,M_npo_s0
2,-5,real,13.961755752563477,9.385740280151367,14.03085708618164,-0.015100764854219203,retain,ret_003,M_npo_s0
2,-4,real,13.961755752563477,9.385740280151367,14.94436264038086,-0.21472980013754872,retain,ret_003,M_npo_s0
2,-3,real,13.961755752563477,9.385740280151367,13.996009826660156,-0.007485567805264364,retain,ret_003,M_npo_s0
2,-2,real,13.961755752563477,9.385740280151367,13.964378356933594,-0.0005731196465414834,retain,ret_003,M_npo_s0
2,-1,real,13.961755752563477,9.385740280151367,13.909765243530273,0.011361523873038367,retain,ret_003,M_npo_s0
2,-7,random_position,13.961755752563477,9.385740280151367,14.15521240234375,-0.042276222828918575,retain,ret_003,M_npo_s0
3,-6,real,13.961755752563477,9.385740280151367,13.48565673828125,0.10404226496884313,retain,ret_003,M_npo_s0
3,-5,real,13.961755752563477,9.385740280151367,13.939029693603516,0.0049663422462122,retain,ret_003,M_npo_s0
3,-4,real,13.961755752563477,9.385740280151367,15.358148574829102,-0.3051547423045662,retain,ret_003,M_npo_s0
3,-3,real,13.961755752563477,9.385740280151367,13.987545013427734,-0.0056357459933726525,retain,ret_003,M_npo_s0
3,-2,real,13.961755752563477,9.385740280151367,13.990392684936523,-0.0062580497259446055,retain,ret_003,M_npo_s0
3,-1,real,13.961755752563477,9.385740280151367,13.92904281616211,0.007148781860242169,retain,ret_003,M_npo_s0
3,-10,random_position,13.961755752563477,9.385740280151367,13.96513557434082,-0.0007385949190338245,retain,ret_003,M_npo_s0
4,-6,real,13.961755752563477,9.385740280151367,13.336288452148438,0.13668382552153888,retain,ret_003,M_npo_s0
4,-5,real,13.961755752563477,9.385740280151367,14.063898086547852,-0.022321238772065106,retain,ret_003,M_npo_s0
4,-4,real,13.961755752563477,9.385740280151367,15.806852340698242,-0.40321030364920907,retain,ret_003,M_npo_s0
4,-3,real,13.961755752563477,9.385740280151367,13.98117446899414,-0.00424358627013734,retain,ret_003,M_npo_s0
4,-2,real,13.961755752563477,9.385740280151367,13.970489501953125,-0.0019085926265552382,retain,ret_003,M_npo_s0
4,-1,real,13.961755752563477,9.385740280151367,13.979915618896484,-0.003968488839797428,retain,ret_003,M_npo_s0
4,-8,random_position,13.961755752563477,9.385740280151367,13.98271369934082,-0.004579955400871142,retain,ret_003,M_npo_s0
5,-6,real,13.961755752563477,9.385740280151367,13.363969802856445,0.13063459975407957,retain,ret_003,M_npo_s0
5,-5,real,13.961755752563477,9.385740280151367,14.06710433959961,-0.023021903590855094,retain,ret_003,M_npo_s0
5,-4,real,13.961755752563477,9.385740280151367,16.23057746887207,-0.4958072650730467,retain,ret_003,M_npo_s0
5,-3,real,13.961755752563477,9.385740280151367,13.9925537109375,-0.006730300314694787,retain,ret_003,M_npo_s0
5,-2,real,13.961755752563477,9.385740280151367,13.966836929321289,-0.0011103932642810995,retain,ret_003,M_npo_s0
5,-1,real,13.961755752563477,9.385740280151367,14.010133743286133,-0.0105720776108205,retain,ret_003,M_npo_s0
5,-9,random_position,13.961755752563477,9.385740280151367,13.968055725097656,-0.0013767375945647417,retain,ret_003,M_npo_s0
6,-6,real,13.961755752563477,9.385740280151367,13.009222030639648,0.20815788925244358,retain,ret_003,M_npo_s0
6,-5,real,13.961755752563477,9.385740280151367,14.057266235351562,-0.020871975491319843,retain,ret_003,M_npo_s0
6,-4,real,13.961755752563477,9.385740280151367,16.487119674682617,-0.5518696204905904,retain,ret_003,M_npo_s0
6,-3,real,13.961755752563477,9.385740280151367,13.989171981811523,-0.00599128858137257,retain,ret_003,M_npo_s0
6,-2,real,13.961755752563477,9.385740280151367,13.947036743164062,0.003216555863535002,retain,ret_003,M_npo_s0
6,-1,real,13.961755752563477,9.385740280151367,14.068681716918945,-0.02336660900735677,retain,ret_003,M_npo_s0
6,-2,random_position,13.961755752563477,9.385740280151367,13.947036743164062,0.003216555863535002,retain,ret_003,M_npo_s0
7,-6,real,13.961755752563477,9.385740280151367,12.756219863891602,0.2634466373507284,retain,ret_003,M_npo_s0
7,-5,real,13.961755752563477,9.385740280151367,14.051420211791992,-0.019594439697392826,retain,ret_003,M_npo_s0
7,-4,real,13.961755752563477,9.385740280151367,16.359010696411133,-0.5238738719963321,retain,ret_003,M_npo_s0
7,-3,real,13.961755752563477,9.385740280151367,14.005970001220703,-0.00966217201925682,retain,ret_003,M_npo_s0
7,-2,real,13.961755752563477,9.385740280151367,13.914375305175781,0.010354083737990539,retain,ret_003,M_npo_s0
7,-1,real,13.961755752563477,9.385740280151367,14.263442993164062,-0.06592793280953671,retain,ret_003,M_npo_s0
7,-7,random_position,13.961755752563477,9.385740280151367,13.927606582641602,0.007462643019402705,retain,ret_003,M_npo_s0
8,-6,real,13.961755752563477,9.385740280151367,11.72760009765625,0.48823166538148927,retain,ret_003,M_npo_s0
8,-5,real,13.961755752563477,9.385740280151367,14.028366088867188,-0.014556405393576891,retain,ret_003,M_npo_s0
8,-4,real,13.961755752563477,9.385740280151367,15.682914733886719,-0.37612612800366796,retain,ret_003,M_npo_s0
8,-3,real,13.961755752563477,9.385740280151367,13.99448013305664,-0.007151282745972532,retain,ret_003,M_npo_s0
8,-2,real,13.961755752563477,9.385740280151367,13.869226455688477,0.020220494758560324,retain,ret_003,M_npo_s0
8,-1,real,13.961755752563477,9.385740280151367,15.870006561279297,-0.4170114415522164,retain,ret_003,M_npo_s0
8,-4,random_position,13.961755752563477,9.385740280151367,15.682914733886719,-0.37612612800366796,retain,ret_003,M_npo_s0
9,-6,real,13.961755752563477,9.385740280151367,12.161581039428711,0.3933934935289582,retain,ret_003,M_npo_s0
9,-5,real,13.961755752563477,9.385740280151367,13.930665969848633,0.00679407290081904,retain,ret_003,M_npo_s0
9,-4,real,13.961755752563477,9.385740280151367,14.809839248657227,-0.18533230519142196,retain,ret_003,M_npo_s0
9,-3,real,13.961755752563477,9.385740280151367,13.988914489746094,-0.005935018652439406,retain,ret_003,M_npo_s0
9,-2,real,13.961755752563477,9.385740280151367,13.836450576782227,0.02738303149031949,retain,ret_003,M_npo_s0
9,-1,real,13.961755752563477,9.385740280151367,15.97574234008789,-0.44011795844361545,retain,ret_003,M_npo_s0
9,-10,random_position,13.961755752563477,9.385740280151367,13.946386337280273,0.00335868953587729,retain,ret_003,M_npo_s0
10,-6,real,13.961755752563477,9.385740280151367,13.674516677856445,0.06277056457495363,retain,ret_003,M_npo_s0
10,-5,real,13.961755752563477,9.385740280151367,13.932050704956055,0.006491465727445137,retain,ret_003,M_npo_s0
10,-4,real,13.961755752563477,9.385740280151367,13.817667007446289,0.03148781860242169,retain,ret_003,M_npo_s0
10,-3,real,13.961755752563477,9.385740280151367,13.999391555786133,-0.008224579538586583,retain,ret_003,M_npo_s0
10,-2,real,13.961755752563477,9.385740280151367,13.842079162597656,0.026153012525269366,retain,ret_003,M_npo_s0
10,-1,real,13.961755752563477,9.385740280151367,14.877326965332031,-0.20008044515766,retain,ret_003,M_npo_s0
10,-5,random_position,13.961755752563477,9.385740280151367,13.932050704956055,0.006491465727445137,retain,ret_003,M_npo_s0
11,-6,real,13.961755752563477,9.385740280151367,13.961755752563477,-0.0,retain,ret_003,M_npo_s0
11,-5,real,13.961755752563477,9.385740280151367,13.961755752563477,-0.0,retain,ret_003,M_npo_s0
11,-4,real,13.961755752563477,9.385740280151367,13.961755752563477,-0.0,retain,ret_003,M_npo_s0
11,-3,real,13.961755752563477,9.385740280151367,13.961755752563477,-0.0,retain,ret_003,M_npo_s0
11,-2,real,13.961755752563477,9.385740280151367,13.961755752563477,-0.0,retain,ret_003,M_npo_s0
11,-1,real,13.961755752563477,9.385740280151367,9.461929321289062,0.9833503532501094,retain,ret_003,M_npo_s0
11,-5,random_position,13.961755752563477,9.385740280151367,13.961755752563477,-0.0,retain,ret_003,M_npo_s0
0,-6,real,12.490802764892578,8.150556564331055,12.470603942871094,0.004653842452271748,retain,ret_003,M_npo_s0
0,-5,real,12.490802764892578,8.150556564331055,12.592411041259766,-0.02341071719711242,retain,ret_003,M_npo_s0
0,-4,real,12.490802764892578,8.150556564331055,12.714406967163086,-0.051518783022396014,retain,ret_003,M_npo_s0
0,-3,real,12.490802764892578,8.150556564331055,12.595033645629883,-0.02401496964015998,retain,ret_003,M_npo_s0
0,-2,real,12.490802764892578,8.150556564331055,12.680915832519531,-0.04380236946059813,retain,ret_003,M_npo_s0
0,-1,real,12.490802764892578,8.150556564331055,12.481285095214844,0.00219288704785987,retain,ret_003,M_npo_s0
0,-11,random_position,12.490802764892578,8.150556564331055,12.48910140991211,0.0003919950394170348,retain,ret_003,M_npo_s0
1,-6,real,12.490802764892578,8.150556564331055,12.446298599243164,0.010253834366275418,retain,ret_003,M_npo_s0
1,-5,real,12.490802764892578,8.150556564331055,12.7982177734375,-0.07082893327690715,retain,ret_003,M_npo_s0
1,-4,real,12.490802764892578,8.150556564331055,12.635795593261719,-0.03340659070224681,retain,ret_003,M_npo_s0
1,-3,real,12.490802764892578,8.150556564331055,12.594915390014648,-0.02398772334818256,retain,ret_003,M_npo_s0
1,-2,real,12.490802764892578,8.150556564331055,12.74008560180664,-0.0574351834883955,retain,ret_003,M_npo_s0
1,-1,real,12.490802764892578,8.150556564331055,12.47062873840332,0.004648129520082934,retain,ret_003,M_npo_s0
1,-3,random_position,12.490802764892578,8.150556564331055,12.594915390014648,-0.02398772334818256,retain,ret_003,M_npo_s0
2,-6,real,12.490802764892578,8.150556564331055,12.449283599853516,0.009566085222006741,retain,ret_003,M_npo_s0
2,-5,real,12.490802764892578,8.150556564331055,12.686594009399414,-0.04511063093183637,retain,ret_003,M_npo_s0
2,-4,real,12.490802764892578,8.150556564331055,12.4786376953125,0.0028028524230962423,retain,ret_003,M_npo_s0
2,-3,real,12.490802764892578,8.150556564331055,12.475662231445312,0.003488404285753837,retain,ret_003,M_npo_s0
2,-2,real,12.490802764892578,8.150556564331055,13.400484085083008,-0.20959210103628195,retain,ret_003,M_npo_s0
2,-1,real,12.490802764892578,8.150556564331055,12.421792984008789,0.015899969194111813,retain,ret_003,M_npo_s0
2,-8,random_position,12.490802764892578,8.150556564331055,12.492753982543945,-0.0004495638176273841,retain,ret_003,M_npo_s0
3,-6,real,12.490802764892578,8.150556564331055,12.454690933227539,0.008320226548523229,retain,ret_003,M_npo_s0
3,-5,real,12.490802764892578,8.150556564331055,12.754781723022461,-0.06082119445107291,retain,ret_003,M_npo_s0
3,-4,real,12.490802764892578,8.150556564331055,11.701650619506836,0.18182197712278278,retain,ret_003,M_npo_s0
3,-3,real,12.490802764892578,8.150556564331055,12.434785842895508,0.01290639272717365,retain,ret_003,M_npo_s0
3,-2,real,12.490802764892578,8.150556564331055,13.744760513305664,-0.2889139671963434,retain,ret_003,M_npo_s0
3,-1,real,12.490802764892578,8.150556564331055,12.348316192626953,0.03282914509485445,retain,ret_003,M_npo_s0
3,-11,random_position,12.490802764892578,8.150556564331055,12.484380722045898,0.0014796494369026414,retain,ret_003,M_npo_s0
4,-6,real,12.490802764892578,8.150556564331055,12.494012832641602,-0.0007396049902902126,retain,ret_003,M_npo_s0
4,-5,real,12.490802764892578,8.150556564331055,12.57624626159668,-0.01968632486632837,retain,ret_003,M_npo_s0
4,-4,real,12.490802764892578,8.150556564331055,11.327211380004883,0.26809340556237443,retain,ret_003,M_npo_s0
4,-3,real,12.490802764892578,8.150556564331055,12.496610641479492,-0.0013381445011489586,retain,ret_003,M_npo_s0
4,-2,real,12.490802764892578,8.150556564331055,14.110584259033203,-0.37320037142848356,retain,ret_003,M_npo_s0
4,-1,real,12.490802764892578,8.150556564331055,12.27003288269043,0.05086575092758243,retain,ret_003,M_npo_s0
4,-8,random_position,12.490802764892578,8.150556564331055,12.468008041381836,0.005251942506808277,retain,ret_003,M_npo_s0
5,-6,real,12.490802764892578,8.150556564331055,12.49393081665039,-0.0007207083684349071,retain,ret_003,M_npo_s0
5,-5,real,12.490802764892578,8.150556564331055,12.456804275512695,0.00783330894350745,retain,ret_003,M_npo_s0
5,-4,real,12.490802764892578,8.150556564331055,11.159847259521484,0.3066543794678975,retain,ret_003,M_npo_s0
5,-3,real,12.490802764892578,8.150556564331055,12.566240310668945,-0.017380936999981104,retain,ret_003,M_npo_s0
5,-2,real,12.490802764892578,8.150556564331055,14.389723777770996,-0.43751458445669356,retain,ret_003,M_npo_s0
5,-1,real,12.490802764892578,8.150556564331055,12.253040313720703,0.0547808673022084,retain,ret_003,M_npo_s0
5,-10,random_position,12.490802764892578,8.150556564331055,12.490942001342773,-3.2080311521797695e-05,retain,ret_003,M_npo_s0
6,-6,real,12.490802764892578,8.150556564331055,12.47789192199707,0.0029746798450828575,retain,ret_003,M_npo_s0
6,-5,real,12.490802764892578,8.150556564331055,12.300979614257812,0.043735572099621235,retain,ret_003,M_npo_s0
6,-4,real,12.490802764892578,8.150556564331055,10.702840805053711,0.4119494326399152,retain,ret_003,M_npo_s0
6,-3,real,12.490802764892578,8.150556564331055,12.596214294433594,-0.024286993103611935,retain,ret_003,M_npo_s0
6,-2,real,12.490802764892578,8.150556564331055,14.853408813476562,-0.544348393940952,retain,ret_003,M_npo_s0
6,-1,real,12.490802764892578,8.150556564331055,12.169136047363281,0.07411255091650813,retain,ret_003,M_npo_s0
6,-2,random_position,12.490802764892578,8.150556564331055,14.853408813476562,-0.544348393940952,retain,ret_003,M_npo_s0
7,-6,real,12.490802764892578,8.150556564331055,12.48159408569336,0.002121695123660812,retain,ret_003,M_npo_s0
7,-5,real,12.490802764892578,8.150556564331055,12.446609497070312,0.010182202985754145,retain,ret_003,M_npo_s0
7,-4,real,12.490802764892578,8.150556564331055,10.270767211914062,0.5114999127679201,retain,ret_003,M_npo_s0
7,-3,real,12.490802764892578,8.150556564331055,12.607063293457031,-0.026786620664378858,retain,ret_003,M_npo_s0
7,-2,real,12.490802764892578,8.150556564331055,14.73802375793457,-0.5177634837284705,retain,ret_003,M_npo_s0
7,-1,real,12.490802764892578,8.150556564331055,12.231943130493164,0.059641693682244076,retain,ret_003,M_npo_s0
7,-7,random_position,12.490802764892578,8.150556564331055,12.490428924560547,8.613343915441572e-05,retain,ret_003,M_npo_s0
8,-6,real,12.490802764892578,8.150556564331055,12.483846664428711,0.0016026972071232354,retain,ret_003,M_npo_s0
8,-5,real,12.490802764892578,8.150556564331055,12.4781494140625,0.0029153532415836423,retain,ret_003,M_npo_s0
8,-4,real,12.490802764892578,8.150556564331055,9.281379699707031,0.7394564540533034,retain,ret_003,M_npo_s0
8,-3,real,12.490802764892578,8.150556564331055,12.585519790649414,-0.021822961504944543,retain,ret_003,M_npo_s0
8,-2,real,12.490802764892578,8.150556564331055,13.869699478149414,-0.3177001141268069,retain,ret_003,M_npo_s0
8,-1,real,12.490802764892578,8.150556564331055,13.863622665405273,-0.3163000062842254,retain,ret_003,M_npo_s0
8,-5,random_position,12.490802764892578,8.150556564331055,12.4781494140625,0.0029153532415836423,retain,ret_003,M_npo_s0
9,-6,real,12.490802764892578,8.150556564331055,12.4869384765625,0.00089033850881044,retain,ret_003,M_npo_s0
9,-5,real,12.490802764892578,8.150556564331055,12.401180267333984,0.02064917366830452,retain,ret_003,M_npo_s0
9,-4,real,12.490802764892578,8.150556564331055,9.577266693115234,0.6712835947878723,retain,ret_003,M_npo_s0
9,-3,real,12.490802764892578,8.150556564331055,12.513212203979492,-0.005163172329720563,retain,ret_003,M_npo_s0
9,-2,real,12.490802764892578,8.150556564331055,12.992759704589844,-0.11565172031769176,retain,ret_003,M_npo_s0
9,-1,real,12.490802764892578,8.150556564331055,13.885276794433594,-0.3212891539103483,retain,ret_003,M_npo_s0
9,-10,random_position,12.490802764892578,8.150556564331055,12.477947235107422,0.0029619356117385814,retain,ret_003,M_npo_s0
10,-6,real,12.490802764892578,8.150556564331055,12.488775253295898,0.00046714207051604036,retain,ret_003,M_npo_s0
10,-5,real,12.490802764892578,8.150556564331055,12.39797592163086,0.021387460289628082,retain,ret_003,M_npo_s0
10,-4,real,12.490802764892578,8.150556564331055,10.42880630493164,0.475087440821713,retain,ret_003,M_npo_s0
10,-3,real,12.490802764892578,8.150556564331055,12.556425094604492,-0.015119494765855473,retain,ret_003,M_npo_s0
10,-2,real,12.490802764892578,8.150556564331055,11.973865509033203,0.11910321027237943,retain,ret_003,M_npo_s0
10,-1,real,12.490802764892578,8.150556564331055,13.307586669921875,-0.18818838086273187,retain,ret_003,M_npo_s0
10,-5,random_position,12.490802764892578,8.150556564331055,12.39797592163086,0.021387460289628082,retain,ret_003,M_npo_s0
11,-6,real,12.490802764892578,8.150556564331055,12.490802764892578,-0.0,retain,ret_003,M_npo_s0
11,-5,real,12.490802764892578,8.150556564331055,12.490802764892578,-0.0,retain,ret_003,M_npo_s0
11,-4,real,12.490802764892578,8.150556564331055,12.490802764892578,-0.0,retain,ret_003,M_npo_s0
11,-3,real,12.490802764892578,8.150556564331055,12.490802764892578,-0.0,retain,ret_003,M_npo_s0
11,-2,real,12.490802764892578,8.150556564331055,12.490802764892578,-0.0,retain,ret_003,M_npo_s0
11,-1,real,12.490802764892578,8.150556564331055,8.220117568969727,0.9839730279287676,retain,ret_003,M_npo_s0
11,-6,random_position,12.490802764892578,8.150556564331055,12.490802764892578,-0.0,retain,ret_003,M_npo_s0
0,-6,real,13.065080642700195,8.839115142822266,13.152505874633789,-0.020687635035382824,retain,ret_003,M_npo_s0
0,-5,real,13.065080642700195,8.839115142822266,13.297431945800781,-0.05498182678190288,retain,ret_003,M_npo_s0
0,-4,real,13.065080642700195,8.839115142822266,13.063407897949219,0.0003958254630864547,retain,ret_003,M_npo_s0
0,-3,real,13.065080642700195,8.839115142822266,13.066141128540039,-0.00025094521947100206,retain,ret_003,M_npo_s0
0,-2,real,13.065080642700195,8.839115142822266,13.047882080078125,0.004069735690593572,retain,ret_003,M_npo_s0
0,-1,real,13.065080642700195,8.839115142822266,13.04974365234375,0.0036292275355509487,retain,ret_003,M_npo_s0
0,-11,random_position,13.065080642700195,8.839115142822266,13.051105499267578,0.0033069705450791942,retain,ret_003,M_npo_s0
1,-6,real,13.065080642700195,8.839115142822266,13.230354309082031,-0.03910909031003921,retain,ret_003,M_npo_s0
1,-5,real,13.065080642700195,8.839115142822266,13.289337158203125,-0.053066338451983934,retain,ret_003,M_npo_s0
1,-4,real,13.065080642700195,8.839115142822266,13.067655563354492,-0.0006093094357659223,retain,ret_003,M_npo_s0
1,-3,real,13.065080642700195,8.839115142822266,13.062128067016602,0.0006986748196782575,retain,ret_003,M_npo_s0
1,-2,real,13.065080642700195,8.839115142822266,13.048770904541016,0.0038594111001736308,retain,ret_003,M_npo_s0
1,-1,real,13.065080642700195,8.839115142822266,13.024980545043945,0.009488978946327963,retain,ret_003,M_npo_s0
1,-3,random_position,13.065080642700195,8.839115142822266,13.062128067016602,0.0006986748196782575,retain,ret_003,M_npo_s0
2,-6,real,13.065080642700195,8.839115142822266,13.152551651000977,-0.020698467203129775,retain,ret_003,M_npo_s0
2,-5,real,13.065080642700195,8.839115142822266,13.916036605834961,-0.2013636796512764,retain,ret_003,M_npo_s0
2,-4,real,13.065080642700195,8.839115142822266,13.067989349365234,-0.0006882939922540973,retain,ret_003,M_npo_s0
2,-3,real,13.065080642700195,8.839115142822266,13.044008255004883,0.004986407886179192,retain,ret_003,M_npo_s0
2,-2,real,13.065080642700195,8.839115142822266,13.07681655883789,-0.002777097006124237,retain,ret_003,M_npo_s0
2,-1,real,13.065080642700195,8.839115142822266,12.982662200927734,0.019502866688060196,retain,ret_003,M_npo_s0
2,-8,random_position,13.065080642700195,8.839115142822266,13.172779083251953,-0.025484931326313187,retain,ret_003,M_npo_s0
3,-6,real,13.065080642700195,8.839115142822266,13.075538635253906,-0.0024746989898552234,retain,ret_003,M_npo_s0
3,-5,real,13.065080642700195,8.839115142822266,14.33645248413086,-0.3008476622602311,retain,ret_003,M_npo_s0
3,-4,real,13.065080642700195,8.839115142822266,13.07181167602539,-0.0015927799991243999,retain,ret_003,M_npo_s0
3,-3,real,13.065080642700195,8.839115142822266,13.069459915161133,-0.0010362773811248575,retain,ret_003,M_npo_s0
3,-2,real,13.065080642700195,8.839115142822266,13.085861206054688,-0.004917352816792388,retain,ret_003,M_npo_s0
3,-1,real,13.065080642700195,8.839115142822266,12.963691711425781,0.02399189753852528,retain,ret_003,M_npo_s0
3,-11,random_position,13.065080642700195,8.839115142822266,13.074878692626953,-0.0023185352381700315,retain,ret_003,M_npo_s0
4,-6,real,13.065080642700195,8.839115142822266,13.172727584838867,-0.02547274513759787,retain,ret_003,M_npo_s0
4,-5,real,13.065080642700195,8.839115142822266,14.837394714355469,-0.4193867819570387,retain,ret_003,M_npo_s0
4,-4,real,13.065080642700195,8.839115142822266,13.088485717773438,-0.005538397100950838,retain,ret_003,M_npo_s0
4,-3,real,13.065080642700195,8.839115142822266,13.069887161254883,-0.0011373776134297215,retain,ret_003,M_npo_s0
4,-2,real,13.065080642700195,8.839115142822266,13.071453094482422,-0.0015079280184399602,retain,ret_003,M_npo_s0
4,-1,real,13.065080642700195,8.839115142822266,12.968090057373047,0.02295110675417253,retain,ret_003,M_npo_s0
4,-8,random_position,13.065080642700195,8.839115142822266,13.046377182006836,0.0044258432052745435,retain,ret_003,M_npo_s0
5,-6,real,13.065080642700195,8.839115142822266,13.152942657470703,-0.020790991969301637,retain,ret_003,M_npo_s0
5,-5,real,13.065080642700195,8.839115142822266,15.256324768066406,-0.5185191704545403,retain,ret_003,M_npo_s0
5,-4,real,13.065080642700195,8.839115142822266,13.097982406616211,-0.007785620568120118,retain,ret_003,M_npo_s0
5,-3,real,13.065080642700195,8.839115142822266,13.071577072143555,-0.0015372651394212824,retain,ret_003,M_npo_s0
5,-2,real,13.065080642700195,8.839115142822266,13.055789947509766,0.0021984787123080054,retain,ret_003,M_npo_s0
5,-1,real,13.065080642700195,8.839115142822266,13.045269012451172,0.004688071932815285,retain,ret_003,M_npo_s0
5,-10,random_position,13.065080642700195,8.839115142822266,13.073579788208008,-0.002011172478350333,retain,ret_003,M_npo_s0
6,-6,real,13.065080642700195,8.839115142822266,13.129602432250977,-0.015267940439325644,retain,ret_003,M_npo_s0
6,-5,real,13.065080642700195,8.839115142822266,15.576864242553711,-0.5943691684009419,retain,ret_003,M_npo_s0
6,-4,real,13.065080642700195,8.839115142822266,13.0787353515625,-0.0032311453708505464,retain,ret_003,M_npo_s0
6,-3,real,13.065080642700195,8.839115142822266,13.066459655761719,-0.0003263190533768606,retain,ret_003,M_npo_s0
6,-2,real,13.065080642700195,8.839115142822266,13.052825927734375,0.0028998615739230004,retain,ret_003,M_npo_s0
6,-1,real,13.065080642700195,8.839115142822266,13.081693649291992,-0.003931174211497172,retain,ret_003,M_npo_s0
6,-2,random_position,13.065080642700195,8.839115142822266,13.052825927734375,0.0028998615739230004,retain,ret_003,M_npo_s0
7,-6,real,13.065080642700195,8.839115142822266,13.108539581298828,-0.0102837892547604,retain,ret_003,M_npo_s0
7,-5,real,13.065080642700195,8.839115142822266,15.42121696472168,-0.5575379927000216,retain,ret_003,M_npo_s0
7,-4,real,13.065080642700195,8.839115142822266,13.065414428710938,-7.898455648817511e-05,retain,ret_003,M_npo_s0
7,-3,real,13.065080642700195,8.839115142822266,13.067695617675781,-0.0006187875825445033,retain,ret_003,M_npo_s0
7,-2,real,13.065080642700195,8.839115142822266,13.073623657226562,-0.002021553305774493,retain,ret_003,M_npo_s0
7,-1,real,13.065080642700195,8.839115142822266,13.465139389038086,-0.09466682734382158,retain,ret_003,M_npo_s0
7,-7,random_position,13.065080642700195,8.839115142822266,11.320343017578125,0.4128613035701471,retain,ret_003,M_npo_s0
8,-6,real,13.065080642700195,8.839115142822266,13.098573684692383,-0.007925536068184885,retain,ret_003,M_npo_s0
8,-5,real,13.065080642700195,8.839115142822266,14.633098602294922,-0.37104371998304764,retain,ret_003,M_npo_s0
8,-4,real,13.065080642700195,8.839115142822266,13.091032028198242,-0.006140936431874917,retain,ret_003,M_npo_s0
8,-3,real,13.065080642700195,8.839115142822266,13.066278457641602,-0.00028344172271185125,retain,ret_003,M_npo_s0
8,-2,real,13.065080642700195,8.839115142822266,13.05135726928711,0.003247393622470971,retain,ret_003,M_npo_s0
8,-1,real,13.065080642700195,8.839115142822266,15.154685974121094,-0.4944681473337296,retain,ret_003,M_npo_s0
8,-5,random_position,13.065080642700195,8.839115142822266,14.633098602294922,-0.37104371998304764,retain,ret_003,M_npo_s0
9,-6,real,13.065080642700195,8.839115142822266,12.985633850097656,0.018799678465154044,retain,ret_003,M_npo_s0
9,-5,real,13.065080642700195,8.839115142822266,13.834945678710938,-0.18217494582787774,retain,ret_003,M_npo_s0
9,-4,real,13.065080642700195,8.839115142822266,13.10457992553711,-0.009346806744649248,retain,ret_003,M_npo_s0
9,-3,real,13.065080642700195,8.839115142822266,13.06207275390625,0.0007117636890391551,retain,ret_003,M_npo_s0
9,-2,real,13.065080642700195,8.839115142822266,13.069469451904297,-0.0010385340827388052,retain,ret_003,M_npo_s0
9,-1,real,13.065080642700195,8.839115142822266,15.262126922607422,-0.5198921477164662,retain,ret_003,M_npo_s0
9,-10,random_position,13.065080642700195,8.839115142822266,13.071365356445312,-0.00148716636359164,retain,ret_003,M_npo_s0
10,-6,real,13.065080642700195,8.839115142822266,12.980669021606445,0.0199745173253753,retain,ret_003,M_npo_s0
10,-5,real,13.065080642700195,8.839115142822266,12.827672958374023,0.056178329977618034,retain,ret_003,M_npo_s0
10,-4,real,13.065080642700195,8.839115142822266,13.121719360351562,-0.013402550885236342,retain,ret_003,M_npo_s0
10,-3,real,13.065080642700195,8.839115142822266,13.063364028930664,0.00040620629051061485,retain,ret_003,M_npo_s0
10,-2,real,13.065080642700195,8.839115142822266,13.069656372070312,-0.0010827654343721833,retain,ret_003,M_npo_s0
10,-1,real,13.065080642700195,8.839115142822266,14.306886672973633,-0.29385143591666996,retain,ret_003,M_npo_s0
10,-5,random_position,13.065080642700195,8.839115142822266,12.827672958374023,0.056178329977618034,retain,ret_003,M_npo_s0
11,-6,real,13.065080642700195,8.839115142822266,13.065080642700195,-0.0,retain,ret_003,M_npo_s0
11,-5,real,13.065080642700195,8.839115142822266,13.065080642700195,-0.0,retain,ret_003,M_npo_s0
11,-4,real,13.065080642700195,8.839115142822266,13.065080642700195,-0.0,retain,ret_003,M_npo_s0
11,-3,real,13.065080642700195,8.839115142822266,13.065080642700195,-0.0,retain,ret_003,M_npo_s0
11,-2,real,13.065080642700195,8.839115142822266,13.065080642700195,-0.0,retain,ret_003,M_npo_s0
11,-1,real,13.065080642700195,8.839115142822266,8.91685676574707,0.9816038197834198,retain,ret_003,M_npo_s0
11,-6,random_position,13.065080642700195,8.839115142822266,13.065080642700195,-0.0,retain,ret_003,M_npo_s0
0,-6,real,13.805463790893555,10.046661376953125,13.805315017700195,3.957994514625551e-05,retain,ret_003,M_npo_s0
0,-5,real,13.805463790893555,10.046661376953125,13.944602966308594,-0.037016889980438374,retain,ret_003,M_npo_s0
0,-4,real,13.805463790893555,10.046661376953125,13.86920166015625,-0.01695696188400539,retain,ret_003,M_npo_s0
0,-3,real,13.805463790893555,10.046661376953125,14.024234771728516,-0.058202309337568724,retain,ret_003,M_npo_s0
0,-2,real,13.805463790893555,10.046661376953125,13.806510925292969,-0.00027858192160633684,retain,ret_003,M_npo_s0
0,-1,real,13.805463790893555,10.046661376953125,13.799901962280273,0.0014796810262369367,retain,ret_003,M_npo_s0
0,-12,random_position,13.805463790893555,10.046661376953125,13.805099487304688,9.692012208890772e-05,retain,ret_003,M_npo_s0
1,-6,real,13.805463790893555,10.046661376953125,14.044816970825195,-0.06367804251799491,retain,ret_003,M_npo_s0
1,-5,real,13.805463790893555,10.046661376953125,13.897970199584961,-0.024610606917864004,retain,ret_003,M_npo_s0
1,-4,real,13.805463790893555,10.046661376953125,13.869455337524414,-0.017024450764831698,retain,ret_003,M_npo_s0
1,-3,real,13.805463790893555,10.046661376953125,14.156957626342773,-0.09351218732477629,retain,ret_003,M_npo_s0
1,-2,real,13.805463790893555,10.046661376953125,13.796125411987305,0.0024844027107188073,retain,ret_003,M_npo_s0
1,-1,real,13.805463790893555,10.046661376953125,13.79519271850586,0.0027325385206741783,retain,ret_003,M_npo_s0
1,-3,random_position,13.805463790893555,10.046661376953125,14.156957626342773,-0.09351218732477629,retain,ret_003,M_npo_s0
2,-6,real,13.805463790893555,10.046661376953125,14.062164306640625,-0.06829316560908714,retain,ret_003,M_npo_s0
2,-5,real,13.805463790893555,10.046661376953125,13.75619888305664,0.013106543630546584,retain,ret_003,M_npo_s0
2,-4,real,13.805463790893555,10.046661376953125,13.71796989440918,0.0232770672275517,retain,ret_003,M_npo_s0
2,-3,real,13.805463790893555,10.046661376953125,14.945899963378906,-0.30340412900017505,retain,ret_003,M_npo_s0
2,-2,real,13.805463790893555,10.046661376953125,13.763372421264648,0.011198079865225212,retain,ret_003,M_npo_s0
2,-1,real,13.805463790893555,10.046661376953125,13.748680114746094,0.015106853166015035,retain,ret_003,M_npo_s0
2,-8,random_position,13.805463790893555,10.046661376953125,13.797174453735352,0.002205313353918288,retain,ret_003,M_npo_s0
3,-6,real,13.805463790893555,10.046661376953125,14.087068557739258,-0.07491874693953149,retain,ret_003,M_npo_s0
3,-5,real,13.805463790893555,10.046661376953125,13.151605606079102,0.17395385891779297,retain,ret_003,M_npo_s0
3,-4,real,13.805463790893555,10.046661376953125,13.666830062866211,0.03688241965397994,retain,ret_003,M_npo_s0
3,-3,real,13.805463790893555,10.046661376953125,15.321861267089844,-0.40342569499592784,retain,ret_003,M_npo_s0
3,-2,real,13.805463790893555,10.046661376953125,13.787717819213867,0.004721177046676427,retain,ret_003,M_npo_s0
3,-1,real,13.805463790893555,10.046661376953125,13.635150909423828,0.04531041079416145,retain,ret_003,M_npo_s0
3,-12,random_position,13.805463790893555,10.046661376953125,13.807626724243164,-0.0005754315102032532,retain,ret_003,M_npo_s0
4,-6,real,13.805463790893555,10.046661376953125,13.931272506713867,-0.03347042540829504,retain,ret_003,M_npo_s0
4,-5,real,13.805463790893555,10.046661376953125,12.984270095825195,0.21847216337383513,retain,ret_003,M_npo_s0
4,-4,real,13.805463790893555,10.046661376953125,13.7994384765625,0.001602987778423348,retain,ret_003,M_npo_s0
4,-3,real,13.805463790893555,10.046661376953125,15.679308891296387,-0.4985218412793456,retain,ret_003,M_npo_s0
4,-2,real,13.805463790893555,10.046661376953125,13.80715560913086,-0.0004500950172401107,retain,ret_003,M_npo_s0
4,-1,real,13.805463790893555,10.046661376953125,13.592216491699219,0.056732777015215445,retain,ret_003,M_npo_s0
4,-9,random_position,13.805463790893555,10.046661376953125,13.806266784667969,-0.0002136302167509432,retain,ret_003,M_npo_s0
5,-6,real,13.805463790893555,10.046661376953125,13.765979766845703,0.010504415954777375,retain,ret_003,M_npo_s0
5,-5,real,13.805463790893555,10.046661376953125,13.003511428833008,0.2133531571349194,retain,ret_003,M_npo_s0
5,-4,real,13.805463790893555,10.046661376953125,13.846969604492188,-0.011042297260611103,retain,ret_003,M_npo_s0
5,-3,real,13.805463790893555,10.046661376953125,16.112689971923828,-0.6138194900783733,retain,ret_003,M_npo_s0
5,-2,real,13.805463790893555,10.046661376953125,13.795366287231445,0.002686361918003547,retain,ret_003,M_npo_s0
5,-1,real,13.805463790893555,10.046661376953125,13.61030387878418,0.051920769068780306,retain,ret_003,M_npo_s0
5,-11,random_position,13.805463790893555,10.046661376953125,13.803228378295898,0.0005947140475821981,retain,ret_003,M_npo_s0
6,-6,real,13.805463790893555,10.046661376953125,13.635978698730469,0.04509018391988613,retain,ret_003,M_npo_s0
6,-5,real,13.805463790893555,10.046661376953125,12.550336837768555,0.3339167146615788,retain,ret_003,M_npo_s0
6,-4,real,13.805463790893555,10.046661376953125,13.84847640991211,-0.011443171064015488,retain,ret_003,M_npo_s0
6,-3,real,13.805463790893555,10.046661376953125,16.438254356384277,-0.700433349655832,retain,ret_003,M_npo_s0
6,-2,real,13.805463790893555,10.046661376953125,13.746734619140625,0.015624437064081453,retain,ret_003,M_npo_s0
6,-1,real,13.805463790893555,10.046661376953125,13.581169128417969,0.05967184165992201,retain,ret_003,M_npo_s0
6,-2,random_position,13.805463790893555,10.046661376953125,13.746734619140625,0.015624437064081453,retain,ret_003,M_npo_s0
7,-6,real,13.805463790893555,10.046661376953125,13.750581741333008,0.01460094027741482,retain,ret_003,M_npo_s0
7,-5,real,13.805463790893555,10.046661376953125,12.129386901855469,0.4459071545825204,retain,ret_003,M_npo_s0
7,-4,real,13.805463790893555,10.046661376953125,13.841550827026367,-0.009600673873937874,retain,ret_003,M_npo_s0
7,-3,real,13.805463790893555,10.046661376953125,16.303110122680664,-0.6644792826896095,retain,ret_003,M_npo_s0
7,-2,real,13.805463790893555,10.046661376953125,13.789947509765625,0.004127985304676777,retain,ret_003,M_npo_s0
7,-1,real,13.805463790893555,10.046661376953125,13.735353469848633,0.01865230286777,retain,ret_003,M_npo_s0
7,-8,random_position,13.805463790893555,10.046661376953125,13.804830551147461,0.0001684684844686773,retain,ret_003,M_npo_s0
8,-6,real,13.805463790893555,10.046661376953125,13.78323745727539,0.005913142317811737,retain,ret_003,M_npo_s0
8,-5,real,13.805463790893555,10.046661376953125,11.133798599243164,0.7107756400660681,retain,ret_003,M_npo_s0
8,-4,real,13.805463790893555,10.046661376953125,13.831998825073242,-0.007059438421470598,retain,ret_003,M_npo_s0
8,-3,real,13.805463790893555,10.046661376953125,15.636987686157227,-0.48726261547322136,retain,ret_003,M_npo_s0
8,-2,real,13.805463790893555,10.046661376953125,13.799283981323242,0.001644090029152152,retain,ret_003,M_npo_s0
8,-1,real,13.805463790893555,10.046661376953125,15.268037796020508,-0.38910638125128444,retain,ret_003,M_npo_s0
8,-5,random_position,13.805463790893555,10.046661376953125,11.133798599243164,0.7107756400660681,retain,ret_003,M_npo_s0
9,-6,real,13.805463790893555,10.046661376953125,13.738006591796875,0.017946460512661775,retain,ret_003,M_npo_s0
9,-5,real,13.805463790893555,10.046661376953125,11.594293594360352,0.5882645462641353,retain,ret_003,M_npo_s0
9,-4,real,13.805463790893555,10.046661376953125,13.74838638305664,0.015184998185919181,retain,ret_003,M_npo_s0
9,-3,real,13.805463790893555,10.046661376953125,14.842103958129883,-0.27579001316794327,retain,ret_003,M_npo_s0
9,-2,real,13.805463790893555,10.046661376953125,13.78384780883789,0.005750763055673252,retain,ret_003,M_npo_s0
9,-1,real,13.805463790893555,10.046661376953125,15.206314086914062,-0.37268527093233605,retain,ret_003,M_npo_s0
9,-11,random_position,13.805463790893555,10.046661376953125,13.802724838256836,0.0007286769388464476,retain,ret_003,M_npo_s0
10,-6,real,13.805463790893555,10.046661376953125,13.740396499633789,0.017310644214350773,retain,ret_003,M_npo_s0
10,-5,real,13.805463790893555,10.046661376953125,13.027288436889648,0.20702747000423707,retain,ret_003,M_npo_s0
10,-4,real,13.805463790893555,10.046661376953125,13.76080322265625,0.011881595071789394,retain,ret_003,M_npo_s0
10,-3,real,13.805463790893555,10.046661376953125,13.663299560546875,0.03782168219841223,retain,ret_003,M_npo_s0
10,-2,real,13.805463790893555,10.046661376953125,13.750831604003906,0.01453446626697688,retain,ret_003,M_npo_s0
10,-1,real,13.805463790893555,10.046661376953125,14.389101028442383,-0.15527212480876035,retain,ret_003,M_npo_s0
10,-6,random_position,13.805463790893555,10.046661376953125,13.740396499633789,0.017310644214350773,retain,ret_003,M_npo_s0
11,-6,real,13.805463790893555,10.046661376953125,13.805463790893555,-0.0,retain,ret_003,M_npo_s0
11,-5,real,13.805463790893555,10.046661376953125,13.805463790893555,-0.0,retain,ret_003,M_npo_s0
11,-4,real,13.805463790893555,10.046661376953125,13.805463790893555,-0.0,retain,ret_003,M_npo_s0
11,-3,real,13.805463790893555,10.046661376953125,13.805463790893555,-0.0,retain,ret_003,M_npo_s0
11,-2,real,13.805463790893555,10.046661376953125,13.805463790893555,-0.0,retain,ret_003,M_npo_s0
11,-1,real,13.805463790893555,10.046661376953125,10.121589660644531,0.9800659158317243,retain,ret_003,M_npo_s0
11,-6,random_position,13.805463790893555,10.046661376953125,13.805463790893555,-0.0,retain,ret_003,M_npo_s0
0,-6,real,12.948883056640625,9.230430603027344,13.269401550292969,-0.08619674384726654,retain,ret_003,M_npo_s0
0,-5,real,12.948883056640625,9.230430603027344,13.03453540802002,-0.023034408116786524,retain,ret_003,M_npo_s0
0,-4,real,12.948883056640625,9.230430603027344,13.12649154663086,-0.04776408793869323,retain,ret_003,M_npo_s0
0,-3,real,12.948883056640625,9.230430603027344,12.948495864868164,0.00010412712742493101,retain,ret_003,M_npo_s0
0,-2,real,12.948883056640625,9.230430603027344,12.947809219360352,0.0002887860726120008,retain,ret_003,M_npo_s0
0,-1,real,12.948883056640625,9.230430603027344,12.945042610168457,0.0010328077392615694,retain,ret_003,M_npo_s0
0,-10,random_position,12.948883056640625,9.230430603027344,12.94183349609375,0.0018958318372539163,retain,ret_003,M_npo_s0
1,-6,real,12.948883056640625,9.230430603027344,13.148148536682129,-0.05358828236404485,retain,ret_003,M_npo_s0
1,-5,real,12.948883056640625,9.230430603027344,13.11018180847168,-0.04337792504898592,retain,ret_003,M_npo_s0
1,-4,real,12.948883056640625,9.230430603027344,13.034994125366211,-0.023157770551001773,retain,ret_003,M_npo_s0
1,-3,real,12.948883056640625,9.230430603027344,12.961024284362793,-0.0032651292099674795,retain,ret_003,M_npo_s0
1,-2,real,12.948883056640625,9.230430603027344,12.940155029296875,0.0023472203699334204,retain,ret_003,M_npo_s0
1,-1,real,12.948883056640625,9.230430603027344,12.932937622070312,0.004288191060455287,retain,ret_003,M_npo_s0
1,-3,random_position,12.948883056640625,9.230430603027344,12.961024284362793,-0.0032651292099674795,retain,ret_003,M_npo_s0
2,-6,real,12.948883056640625,9.230430603027344,12.934404373168945,0.0038937390358751295,retain,ret_003,M_npo_s0
2,-5,real,12.948883056640625,9.230430603027344,13.060733795166016,-0.03007991628794485,retain,ret_003,M_npo_s0
2,-4,real,12.948883056640625,9.230430603027344,13.71733283996582,-0.2066584937985371,retain,ret_003,M_npo_s0
2,-3,real,12.948883056640625,9.230430603027344,12.9622802734375,-0.0036029011972054945,retain,ret_003,M_npo_s0
2,-2,real,12.948883056640625,9.230430603027344,12.918632507324219,0.008135252418519241,retain,ret_003,M_npo_s0
2,-1,real,12.948883056640625,9.230430603027344,12.868864059448242,0.021519435353980938,retain,ret_003,M_npo_s0
2,-7,random_position,12.948883056640625,9.230430603027344,13.171660423278809,-0.05991131241215877,retain,ret_003,M_npo_s0
3,-6,real,12.948883056640625,9.230430603027344,12.30966567993164,0.17190414148978733,retain,ret_003,M_npo_s0
3,-5,real,12.948883056640625,9.230430603027344,12.995835304260254,-0.012626824789437508,retain,ret_003,M_npo_s0
3,-4,real,12.948883056640625,9.230430603027344,14.14015007019043,-0.3203663428295906,retain,ret_003,M_npo_s0
3,-3,real,12.948883056640625,9.230430603027344,12.969467163085938,-0.005535664823496825,retain,ret_003,M_npo_s0
3,-2,real,12.948883056640625,9.230430603027344,12.940237998962402,0.0023249074140566494,retain,ret_003,M_npo_s0
3,-1,real,12.948883056640625,9.230430603027344,12.803016662597656,0.03922771525590652,retain,ret_003,M_npo_s0
3,-10,random_position,12.948883056640625,9.230430603027344,12.93919563293457,0.002605229951680909,retain,ret_003,M_npo_s0
4,-6,real,12.948883056640625,9.230430603027344,12.108034133911133,0.22612872780245596,retain,ret_003,M_npo_s0
4,-5,real,12.948883056640625,9.230430603027344,13.049787521362305,-0.02713614493675431,retain,ret_003,M_npo_s0
4,-4,real,12.948883056640625,9.230430603027344,14.558422088623047,-0.43285185223180855,retain,ret_003,M_npo_s0
4,-3,real,12.948883056640625,9.230430603027344,12.962716102600098,-0.003720108333247843,retain,ret_003,M_npo_s0
4,-2,real,12.948883056640625,9.230430603027344,12.940468788146973,0.0022628414908132176,retain,ret_003,M_npo_s0
4,-1,real,12.948883056640625,9.230430603027344,12.765981674194336,0.04918750064117689,retain,ret_003,M_npo_s0
4,-8,random_position,12.948883056640625,9.230430603027344,12.970850944519043,-0.005907803892200211,retain,ret_003,M_npo_s0
5,-6,real,12.948883056640625,9.230430603027344,12.130931854248047,0.2199708649219816,retain,ret_003,M_npo_s0
5,-5,real,12.948883056640625,9.230430603027344,13.024849891662598,-0.02042969110662002,retain,ret_003,M_npo_s0
5,-4,real,12.948883056640625,9.230430603027344,14.823785781860352,-0.5042158663069237,retain,ret_003,M_npo_s0
5,-3,real,12.948883056640625,9.230430603027344,12.975228309631348,-0.007085004667767781,retain,ret_003,M_npo_s0
5,-2,real,12.948883056640625,9.230430603027344,12.976670265197754,-0.007472788452660628,retain,ret_003,M_npo_s0
5,-1,real,12.948883056640625,9.230430603027344,12.80695915222168,0.038167465145624094,retain,ret_003,M_npo_s0
5,-9,random_position,12.948883056640625,9.230430603027344,12.963302612304688,-0.003877837848928465,retain,ret_003,M_npo_s0
6,-6,real,12.948883056640625,9.230430603027344,11.732315063476562,0.3271705120182197,retain,ret_003,M_npo_s0
6,-5,real,12.948883056640625,9.230430603027344,13.039385795593262,-0.024338818387927407,retain,ret_003,M_npo_s0
6,-4,real,12.948883056640625,9.230430603027344,15.35987663269043,-0.6483862859956707,retain,ret_003,M_npo_s0
6,-3,real,12.948883056640625,9.230430603027344,12.903169631958008,0.01229366927582917,retain,ret_003,M_npo_s0
6,-2,real,12.948883056640625,9.230430603027344,12.907380104064941,0.011161350882772347,retain,ret_003,M_npo_s0
6,-1,real,12.948883056640625,9.230430603027344,13.042043685913086,-0.025053602388255693,retain,ret_003,M_npo_s0
6,-2,random_position,12.948883056640625,9.230430603027344,12.907380104064941,0.011161350882772347,retain,ret_003,M_npo_s0
7,-6,real,12.948883056640625,9.230430603027344,11.246843338012695,0.45772797685607886,retain,ret_003,M_npo_s0
7,-5,real,12.948883056640625,9.230430603027344,13.007694244384766,-0.015816038655272525,retain,ret_003,M_npo_s0
7,-4,real,12.948883056640625,9.230430603027344,15.216666221618652,-0.6098728417985781,retain,ret_003,M_npo_s0
7,-3,real,12.948883056640625,9.230430603027344,12.91365909576416,0.009472747417339476,retain,ret_003,M_npo_s0
7,-2,real,12.948883056640625,9.230430603027344,13.02251148223877,-0.01980082480995517,retain,ret_003,M_npo_s0
7,-1,real,12.948883056640625,9.230430603027344,13.206914901733398,-0.06939226689372878,retain,ret_003,M_npo_s0
7,-7,random_position,12.948883056640625,9.230430603027344,12.932485580444336,0.004409758199370108,retain,ret_003,M_npo_s0
8,-6,real,12.948883056640625,9.230430603027344,9.985025405883789,0.7970675133621264,retain,ret_003,M_npo_s0
8,-5,real,12.948883056640625,9.230430603027344,12.990278244018555,-0.011132369687208264,retain,ret_003,M_npo_s0
8,-4,real,12.948883056640625,9.230430603027344,14.284944534301758,-0.3593057849543995,retain,ret_003,M_npo_s0
8,-3,real,12.948883056640625,9.230430603027344,12.889640808105469,0.015931963437528854,retain,ret_003,M_npo_s0
8,-2,real,12.948883056640625,9.230430603027344,13.053462982177734,-0.028124583235019544,retain,ret_003,M_npo_s0
8,-1,real,12.948883056640625,9.230430603027344,14.908254623413086,-0.5269319942140197,retain,ret_003,M_npo_s0
8,-4,random_position,12.948883056640625,9.230430603027344,14.284944534301758,-0.3593057849543995,retain,ret_003,M_npo_s0
9,-6,real,12.948883056640625,9.230430603027344,10.227224349975586,0.7319331739795029,retain,ret_003,M_npo_s0
9,-5,real,12.948883056640625,9.230430603027344,12.876882553100586,0.019363029227407492,retain,ret_003,M_npo_s0
9,-4,real,12.948883056640625,9.230430603027344,13.393182754516602,-0.11948510930783672,retain,ret_003,M_npo_s0
9,-3,real,12.948883056640625,9.230430603027344,12.89566421508789,0.014312094135026725,retain,ret_003,M_npo_s0
9,-2,real,12.948883056640625,9.230430603027344,13.066916465759277,-0.03174261620690009,retain,ret_003,M_npo_s0
9,-1,real,12.948883056640625,9.230430603027344,15.134185791015625,-0.587691455420253,retain,ret_003,M_npo_s0
9,-10,random_position,12.948883056640625,9.230430603027344,12.93418025970459,0.003954009663818131,retain,ret_003,M_npo_s0
10,-6,real,12.948883056640625,9.230430603027344,11.274538040161133,0.45028006606686705,retain,ret_003,M_npo_s0
10,-5,real,12.948883056640625,9.230430603027344,12.928853988647461,0.0053863988428039435,retain,ret_003,M_npo_s0
10,-4,real,12.948883056640625,9.230430603027344,12.750362396240234,0.05338797870266832,retain,ret_003,M_npo_s0
10,-3,real,12.948883056640625,9.230430603027344,12.912030220031738,0.009910799470644356,retain,ret_003,M_npo_s0
10,-2,real,12.948883056640625,9.230430603027344,13.073409080505371,-0.033488669121946715,retain,ret_003,M_npo_s0
10,-1,real,12.948883056640625,9.230430603027344,14.018871307373047,-0.28775095663592437,retain,ret_003,M_npo_s0
10,-5,random_position,12.948883056640625,9.230430603027344,12.928853988647461,0.0053863988428039435,retain,ret_003,M_npo_s0
11,-6,real,12.948883056640625,9.230430603027344,12.948883056640625,-0.0,retain,ret_003,M_npo_s0
11,-5,real,12.948883056640625,9.230430603027344,12.948883056640625,-0.0,retain,ret_003,M_npo_s0
11,-4,real,12.948883056640625,9.230430603027344,12.948883056640625,-0.0,retain,ret_003,M_npo_s0
11,-3,real,12.948883056640625,9.230430603027344,12.948883056640625,-0.0,retain,ret_003,M_npo_s0
11,-2,real,12.948883056640625,9.230430603027344,12.948883056640625,-0.0,retain,ret_003,M_npo_s0
11,-1,real,12.948883056640625,9.230430603027344,9.305465698242188,0.9798208808231685,retain,ret_003,M_npo_s0
11,-5,random_position,12.948883056640625,9.230430603027344,12.948883056640625,-0.0,retain,ret_003,M_npo_s0
0,-6,real,10.220563888549805,3.261962890625,10.213096618652344,0.0010730993054046106,retain,ret_004,M_npo_s0
0,-5,real,10.220563888549805,3.261962890625,10.220304489135742,3.7277523763736154e-05,retain,ret_004,M_npo_s0
0,-4,real,10.220563888549805,3.261962890625,10.214040756225586,0.0009374200828821885,retain,ret_004,M_npo_s0
0,-3,real,10.220563888549805,3.261962890625,10.220268249511719,4.248541311308164e-05,retain,ret_004,M_npo_s0
0,-2,real,10.220563888549805,3.261962890625,10.224445343017578,-0.0005577923592588461,retain,ret_004,M_npo_s0
0,-1,real,10.220563888549805,3.261962890625,10.21359634399414,0.0010012852522715307,retain,ret_004,M_npo_s0
0,-13,random_position,10.220563888549805,3.261962890625,10.177074432373047,0.006249741318654029,retain,ret_004,M_npo_s0
1,-6,real,10.220563888549805,3.261962890625,10.206151962280273,0.00207109536440287,retain,ret_004,M_npo_s0
1,-5,real,10.220563888549805,3.261962890625,10.23961067199707,-0.0027371570022402146,retain,ret_004,M_npo_s0
1,-4,real,10.220563888549805,3.261962890625,10.229650497436523,-0.0013058097294885223,retain,ret_004,M_npo_s0
1,-3,real,10.220563888549805,3.261962890625,10.219091415405273,0.00021160476724709052,retain,ret_004,M_npo_s0
1,-2,real,10.220563888549805,3.261962890625,10.227426528930664,-0.0009862097831023725,retain,ret_004,M_npo_s0
1,-1,real,10.220563888549805,3.261962890625,10.23215103149414,-0.0016651540945933612,retain,ret_004,M_npo_s0
1,-3,random_position,10.220563888549805,3.261962890625,10.219091415405273,0.00021160476724709052,retain,ret_004,M_npo_s0
2,-6,real,10.220563888549805,3.261962890625,10.208564758300781,0.0017243595735122361,retain,ret_004,M_npo_s0
2,-5,real,10.220563888549805,3.261962890625,10.246273040771484,-0.0036945863442014674,retain,ret_004,M_npo_s0
2,-4,real,10.220563888549805,3.261962890625,10.244709014892578,-0.0034698248038612938,retain,ret_004,M_npo_s0
2,-3,real,10.220563888549805,3.261962890625,10.2205810546875,-2.466894954953128e-06,retain,ret_004,M_npo_s0
2,-2,real,10.220563888549805,3.261962890625,10.25910758972168,-0.005539001472188089,retain,ret_004,M_npo_s0
2,-1,real,10.220563888549805,3.261962890625,10.255577087402344,-0.005031643409786062,retain,ret_004,M_npo_s0
2,-9,random_position,10.220563888549805,3.261962890625,8.817455291748047,0.2016365929330038,retain,ret_004,M_npo_s0
3,-6,real,10.220563888549805,3.261962890625,10.212198257446289,0.001202200141380491,retain,ret_004,M_npo_s0
3,-5,real,10.220563888549805,3.261962890625,10.252311706542969,-0.00456238516946609,retain,ret_004,M_npo_s0
3,-4,real,10.220563888549805,3.261962890625,10.250679016113281,-0.004327756049306104,retain,ret_004,M_npo_s0
3,-3,real,10.220563888549805,3.261962890625,10.229911804199219,-0.0013433613526916976,retain,ret_004,M_npo_s0
3,-2,real,10.220563888549805,3.261962890625,10.2628173828125,-0.006072124881897404,retain,ret_004,M_npo_s0
3,-1,real,10.220563888549805,3.261962890625,10.331544876098633,-0.01594874998321141,retain,ret_004,M_npo_s0
3,-13,random_position,10.220563888549805,3.261962890625,10.231721878051758,-0.001603481720719533,retain,ret_004,M_npo_s0
4,-6,real,10.220563888549805,3.261962890625,10.19522476196289,0.0036414110529502555,retain,ret_004,M_npo_s0
4,-5,real,10.220563888549805,3.261962890625,10.235767364501953,-0.0021848466317701534,retain,ret_004,M_npo_s0
4,-4,real,10.220563888549805,3.261962890625,10.228824615478516,-0.001187124672211333,retain,ret_004,M_npo_s0
4,-3,real,10.220563888549805,3.261962890625,10.23676872253418,-0.0023287488374757527,retain,ret_004,M_npo_s0
4,-2,real,10.220563888549805,3.261962890625,10.22275161743164,-0.00031439205703680413,retain,ret_004,M_npo_s0
4,-1,real,10.220563888549805,3.261962890625,10.457836151123047,-0.03409769616680157,retain,ret_004,M_npo_s0
4,-10,random_position,10.220563888549805,3.261962890625,10.726234436035156,-0.07266842108581203,retain,ret_004,M_npo_s0
5,-6,real,10.220563888549805,3.261962890625,10.177305221557617,0.006216575286481882,retain,ret_004,M_npo_s0
5,-5,real,10.220563888549805,3.261962890625,10.212745666503906,0.00112353360226143,retain,ret_004,M_npo_s0
5,-4,real,10.220563888549805,3.261962890625,10.247005462646484,-0.0037998405289461344,retain,ret_004,M_npo_s0
5,-3,real,10.220563888549805,3.261962890625,10.243301391601562,-0.003267539417555137,retain,ret_004,M_npo_s0
5,-2,real,10.220563888549805,3.261962890625,10.203752517700195,0.00241591245921743,retain,ret_004,M_npo_s0
5,-1,real,10.220563888549805,3.261962890625,10.496358871459961,-0.03963368254515583,retain,ret_004,M_npo_s0
5,-12,random_position,10.220563888549805,3.261962890625,10.186378479003906,0.004912684253069434,retain,ret_004,M_npo_s0
6,-6,real,10.220563888549805,3.261962890625,10.17562484741211,0.006458056892627849,retain,ret_004,M_npo_s0
6,-5,real,10.220563888549805,3.261962890625,10.216011047363281,0.0006542753619414573,retain,ret_004,M_npo_s0
6,-4,real,10.220563888549805,3.261962890625,10.255289077758789,-0.004990254394430738,retain,ret_004,M_npo_s0
6,-3,real,10.220563888549805,3.261962890625,10.268051147460938,-0.006824253743718669,retain,ret_004,M_npo_s0
6,-2,real,10.220563888549805,3.261962890625,10.23574447631836,-0.0021815574384968827,retain,ret_004,M_npo_s0
6,-1,real,10.220563888549805,3.261962890625,10.412633895874023,-0.027601813551531105,retain,ret_004,M_npo_s0
6,-2,random_position,10.220563888549805,3.261962890625,10.23574447631836,-0.0021815574384968827,retain,ret_004,M_npo_s0
7,-6,real,10.220563888549805,3.261962890625,10.163227081298828,0.008239703248982886,retain,ret_004,M_npo_s0
7,-5,real,10.220563888549805,3.261962890625,10.245094299316406,-0.003525192890628019,retain,ret_004,M_npo_s0
7,-4,real,10.220563888549805,3.261962890625,10.292682647705078,-0.010363973904636968,retain,ret_004,M_npo_s0
7,-3,real,10.220563888549805,3.261962890625,10.275489807128906,-0.007893241557531691,retain,ret_004,M_npo_s0
7,-2,real,10.220563888549805,3.261962890625,10.246379852294922,-0.0037099359128100647,retain,ret_004,M_npo_s0
7,-1,real,10.220563888549805,3.261962890625,10.33563232421875,-0.016536145081929694,retain,ret_004,M_npo_s0
7,-8,random_position,10.220563888549805,3.261962890625,9.65388298034668,0.0814360398551549,retain,ret_004,M_npo_s0
8,-6,real,10.220563888549805,3.261962890625,10.153083801269531,0.009697364067920745,retain,ret_004,M_npo_s0
8,-5,real,10.220563888549805,3.261962890625,10.29970932006836,-0.011373756239531114,retain,ret_004,M_npo_s0
8,-4,real,10.220563888549805,3.261962890625,10.299196243286133,-0.01130002349032196,retain,ret_004,M_npo_s0
8,-3,real,10.220563888549805,3.261962890625,10.242277145385742,-0.003120348018576267,retain,ret_004,M_npo_s0
8,-2,real,10.220563888549805,3.261962890625,10.247383117675781,-0.003854112217955103,retain,ret_004,M_npo_s0
8,-1,real,10.220563888549805,3.261962890625,9.60556411743164,0.08837980095446907,retain,ret_004,M_npo_s0
8,-5,random_position,10.220563888549805,3.261962890625,10.29970932006836,-0.011373756239531114,retain,ret_004,M_npo_s0
9,-6,real,10.220563888549805,3.261962890625,10.095769882202148,0.01793377812363036,retain,ret_004,M_npo_s0
9,-5,real,10.220563888549805,3.261962890625,10.302785873413086,-0.011815878635346604,retain,ret_004,M_npo_s0
9,-4,real,10.220563888549805,3.261962890625,10.271278381347656,-0.007288029995249857,retain,ret_004,M_npo_s0
9,-3,real,10.220563888549805,3.261962890625,10.220235824584961,4.714510358354866e-05,retain,ret_004,M_npo_s0
9,-2,real,10.220563888549805,3.261962890625,10.192523956298828,0.004029535859196214,retain,ret_004,M_npo_s0
9,-1,real,10.220563888549805,3.261962890625,9.272991180419922,0.13617287561285207,retain,ret_004,M_npo_s0
9,-12,random_position,10.220563888549805,3.261962890625,10.223899841308594,-0.0004793999195792245,retain,ret_004,M_npo_s0
10,-6,real,10.220563888549805,3.261962890625,10.125211715698242,0.013702779176446305,retain,ret_004,M_npo_s0
10,-5,real,10.220563888549805,3.261962890625,10.238536834716797,-0.0025828390178359245,retain,ret_004,M_npo_s0
10,-4,real,10.220563888549805,3.261962890625,10.262603759765625,-0.006041425744680209,retain,ret_004,M_npo_s0
10,-3,real,10.220563888549805,3.261962890625,10.222654342651367,-0.0003004129856254031,retain,ret_004,M_npo_s0
10,-2,real,10.220563888549805,3.261962890625,10.19626235961914,0.003492300957895311,retain,ret_004,M_npo_s0
10,-1,real,10.220563888549805,3.261962890625,7.370845794677734,0.40952457178129825,retain,ret_004,M_npo_s0
10,-6,random_position,10.220563888549805,3.261962890625,10.125211715698242,0.013702779176446305,retain,ret_004,M_npo_s0
11,-6,real,10.220563888549805,3.261962890625,10.220563888549805,-0.0,retain,ret_004,M_npo_s0
11,-5,real,10.220563888549805,3.261962890625,10.220563888549805,-0.0,retain,ret_004,M_npo_s0
11,-4,real,10.220563888549805,3.261962890625,10.220563888549805,-0.0,retain,ret_004,M_npo_s0
11,-3,real,10.220563888549805,3.261962890625,10.220563888549805,-0.0,retain,ret_004,M_npo_s0
11,-2,real,10.220563888549805,3.261962890625,10.220563888549805,-0.0,retain,ret_004,M_npo_s0
11,-1,real,10.220563888549805,3.261962890625,3.210601806640625,1.0073809497052197,retain,ret_004,M_npo_s0
11,-6,random_position,10.220563888549805,3.261962890625,10.220563888549805,-0.0,retain,ret_004,M_npo_s0
0,-6,real,11.037805557250977,4.8303070068359375,10.671520233154297,0.05900691254647003,retain,ret_004,M_npo_s0
0,-5,real,11.037805557250977,4.8303070068359375,11.081857681274414,-0.007096598358527548,retain,ret_004,M_npo_s0
0,-4,real,11.037805557250977,4.8303070068359375,11.2666015625,-0.03685800381439089,retain,ret_004,M_npo_s0
0,-3,real,11.037805557250977,4.8303070068359375,11.043670654296875,-0.0009448406629923887,retain,ret_004,M_npo_s0
0,-2,real,11.037805557250977,4.8303070068359375,11.03150749206543,0.0010145898761628838,retain,ret_004,M_npo_s0
0,-1,real,11.037805557250977,4.8303070068359375,11.054819107055664,-0.0027408060858185716,retain,ret_004,M_npo_s0
0,-10,random_position,11.037805557250977,4.8303070068359375,10.996999740600586,0.006573632892376964,retain,ret_004,M_npo_s0
1,-6,real,11.037805557250977,4.8303070068359375,10.179489135742188,0.13827090164224062,retain,ret_004,M_npo_s0
1,-5,real,11.037805557250977,4.8303070068359375,11.127044677734375,-0.01437601954452842,retain,ret_004,M_npo_s0
1,-4,real,11.037805557250977,4.8303070068359375,11.295949935913086,-0.04158589431242793,retain,ret_004,M_npo_s0
1,-3,real,11.037805557250977,4.8303070068359375,11.043436050415039,-0.0009070470364726932,retain,ret_004,M_npo_s0
1,-2,real,11.037805557250977,4.8303070068359375,11.054683685302734,-0.002718990252624276,retain,ret_004,M_npo_s0
1,-1,real,11.037805557250977,4.8303070068359375,11.094215393066406,-0.009087369953821105,retain,ret_004,M_npo_s0
1,-3,random_position,11.037805557250977,4.8303070068359375,11.043436050415039,-0.0009070470364726932,retain,ret_004,M_npo_s0
2,-6,real,11.037805557250977,4.8303070068359375,9.687704086303711,0.21749525351995397,retain,ret_004,M_npo_s0
2,-5,real,11.037805557250977,4.8303070068359375,11.170934677124023,-0.021446500356274066,retain,ret_004,M_npo_s0
2,-4,real,11.037805557250977,4.8303070068359375,11.355415344238281,-0.05116550320677385,retain,ret_004,M_npo_s0
2,-3,real,11.037805557250977,4.8303070068359375,11.056896209716797,-0.003075417949883193,retain,ret_004,M_npo_s0
2,-2,real,11.037805557250977,4.8303070068359375,11.042203903198242,-0.0007085536809302271,retain,ret_004,M_npo_s0
2,-1,real,11.037805557250977,4.8303070068359375,11.1143798828125,-0.012335778242977376,retain,ret_004,M_npo_s0
2,-7,random_position,11.037805557250977,4.8303070068359375,10.665349960327148,0.06000091565046365,retain,ret_004,M_npo_s0
3,-6,real,11.037805557250977,4.8303070068359375,9.066015243530273,0.31764652020560963,retain,ret_004,M_npo_s0
3,-5,real,11.037805557250977,4.8303070068359375,11.214958190917969,-0.028538489735957746,retain,ret_004,M_npo_s0
3,-4,real,11.037805557250977,4.8303070068359375,11.342166900634766,-0.04903123873680795,retain,ret_004,M_npo_s0
3,-3,real,11.037805557250977,4.8303070068359375,11.02254867553711,0.0024578147848052416,retain,ret_004,M_npo_s0
3,-2,real,11.037805557250977,4.8303070068359375,11.076194763183594,-0.006184327812698474,retain,ret_004,M_npo_s0
3,-1,real,11.037805557250977,4.8303070068359375,11.172855377197266,-0.021755916469325554,retain,ret_004,M_npo_s0
3,-10,random_position,11.037805557250977,4.8303070068359375,11.027473449707031,0.0016644558931478927,retain,ret_004,M_npo_s0
4,-6,real,11.037805557250977,4.8303070068359375,8.769250869750977,0.3654539214267432,retain,ret_004,M_npo_s0
4,-5,real,11.037805557250977,4.8303070068359375,11.121810913085938,-0.013532883681357325,retain,ret_004,M_npo_s0
4,-4,real,11.037805557250977,4.8303070068359375,11.136903762817383,-0.015964273654124405,retain,ret_004,M_npo_s0
4,-3,real,11.037805557250977,4.8303070068359375,11.038320541381836,-8.29616191895756e-05,retain,ret_004,M_npo_s0
4,-2,real,11.037805557250977,4.8303070068359375,11.046171188354492,-0.001347665413946217,retain,ret_004,M_npo_s0
4,-1,real,11.037805557250977,4.8303070068359375,11.185823440551758,-0.02384501294662157,retain,ret_004,M_npo_s0
4,-8,random_position,11.037805557250977,4.8303070068359375,11.05386734008789,-0.0025874807229459857,retain,ret_004,M_npo_s0
5,-6,real,11.037805557250977,4.8303070068359375,8.862390518188477,0.35044954443316784,retain,ret_004,M_npo_s0
5,-5,real,11.037805557250977,4.8303070068359375,10.861148834228516,0.02845860076933075,retain,ret_004,M_npo_s0
5,-4,real,11.037805557250977,4.8303070068359375,11.212203979492188,-0.028094798705921648,retain,ret_004,M_npo_s0
5,-3,real,11.037805557250977,4.8303070068359375,11.028766632080078,0.0014561300494051806,retain,ret_004,M_npo_s0
5,-2,real,11.037805557250977,4.8303070068359375,11.051109313964844,-0.0021431751623973696,retain,ret_004,M_npo_s0
5,-1,real,11.037805557250977,4.8303070068359375,11.28024673461914,-0.03905617945765839,retain,ret_004,M_npo_s0
5,-9,random_position,11.037805557250977,4.8303070068359375,11.005807876586914,0.0051546819389789635,retain,ret_004,M_npo_s0
6,-6,real,11.037805557250977,4.8303070068359375,8.767847061157227,0.36568006865534886,retain,ret_004,M_npo_s0
6,-5,real,11.037805557250977,4.8303070068359375,11.003215789794922,0.005572255422233161,retain,ret_004,M_npo_s0
6,-4,real,11.037805557250977,4.8303070068359375,10.979362487792969,0.0094149147169918,retain,ret_004,M_npo_s0
6,-3,real,11.037805557250977,4.8303070068359375,11.006057739257812,0.005114430190409206,retain,ret_004,M_npo_s0
6,-2,real,11.037805557250977,4.8303070068359375,11.025690078735352,0.0019517489077488304,retain,ret_004,M_npo_s0
6,-1,real,11.037805557250977,4.8303070068359375,11.251083374023438,-0.03435809368947835,retain,ret_004,M_npo_s0
6,-2,random_position,11.037805557250977,4.8303070068359375,11.025690078735352,0.0019517489077488304,retain,ret_004,M_npo_s0
7,-6,real,11.037805557250977,4.8303070068359375,9.034357070922852,0.3227465089289747,retain,ret_004,M_npo_s0
7,-5,real,11.037805557250977,4.8303070068359375,10.834541320800781,0.032744951094125486,retain,ret_004,M_npo_s0
7,-4,real,11.037805557250977,4.8303070068359375,10.790153503417969,0.03989562813775439,retain,ret_004,M_npo_s0
7,-3,real,11.037805557250977,4.8303070068359375,10.984298706054688,0.008619712233796904,retain,ret_004,M_npo_s0
7,-2,real,11.037805557250977,4.8303070068359375,11.051065444946289,-0.002136108061503443,retain,ret_004,M_npo_s0
7,-1,real,11.037805557250977,4.8303070068359375,11.041873931884766,-0.0006553967915976472,retain,ret_004,M_npo_s0
7,-7,random_position,11.037805557250977,4.8303070068359375,11.011137008666992,0.0042961828129949855,retain,ret_004,M_npo_s0
8,-6,real,11.037805557250977,4.8303070068359375,10.209484100341797,0.13343884822233223,retain,ret_004,M_npo_s0
8,-5,real,11.037805557250977,4.8303070068359375,10.278202056884766,0.12236869556988027,retain,ret_004,M_npo_s0
8,-4,real,11.037805557250977,4.8303070068359375,10.259576797485352,0.12536914079723657,retain,ret_004,M_npo_s0
8,-3,real,11.037805557250977,4.8303070068359375,10.987741470336914,0.008065098446251778,retain,ret_004,M_npo_s0
8,-2,real,11.037805557250977,4.8303070068359375,11.064773559570312,-0.004344423458227442,retain,ret_004,M_npo_s0
8,-1,real,11.037805557250977,4.8303070068359375,10.384910583496094,0.10517843354328768,retain,ret_004,M_npo_s0
8,-4,random_position,11.037805557250977,4.8303070068359375,10.259576797485352,0.12536914079723657,retain,ret_004,M_npo_s0
9,-6,real,11.037805557250977,4.8303070068359375,10.405818939208984,0.10181019180419092,retain,ret_004,M_npo_s0
9,-5,real,11.037805557250977,4.8303070068359375,9.789094924926758,0.2011616470278078,retain,ret_004,M_npo_s0
9,-4,real,11.037805557250977,4.8303070068359375,10.017082214355469,0.1644339236820702,retain,ret_004,M_npo_s0
9,-3,real,11.037805557250977,4.8303070068359375,10.973669052124023,0.010332101506920996,retain,ret_004,M_npo_s0
9,-2,real,11.037805557250977,4.8303070068359375,11.098594665527344,-0.009792850982188754,retain,ret_004,M_npo_s0
9,-1,real,11.037805557250977,4.8303070068359375,9.410947799682617,0.2620794422029444,retain,ret_004,M_npo_s0
9,-10,random_position,11.037805557250977,4.8303070068359375,11.03839111328125,-9.433043367111004e-05,retain,ret_004,M_npo_s0
10,-6,real,11.037805557250977,4.8303070068359375,11.263526916503906,-0.0363626922213035,retain,ret_004,M_npo_s0
10,-5,real,11.037805557250977,4.8303070068359375,9.7940673828125,0.20036060650474402,retain,ret_004,M_npo_s0
10,-4,real,11.037805557250977,4.8303070068359375,9.443174362182617,0.25688788843321453,retain,ret_004,M_npo_s0
10,-3,real,11.037805557250977,4.8303070068359375,10.947786331176758,0.014501691034337814,retain,ret_004,M_npo_s0
10,-2,real,11.037805557250977,4.8303070068359375,11.129167556762695,-0.014718005774743225,retain,ret_004,M_npo_s0
10,-1,real,11.037805557250977,4.8303070068359375,7.973274230957031,0.49368216543345755,retain,ret_004,M_npo_s0
10,-5,random_position,11.037805557250977,4.8303070068359375,9.7940673828125,0.20036060650474402,retain,ret_004,M_npo_s0
11,-6,real,11.037805557250977,4.8303070068359375,11.037805557250977,-0.0,retain,ret_004,M_npo_s0
11,-5,real,11.037805557250977,4.8303070068359375,11.037805557250977,-0.0,retain,ret_004,M_npo_s0
11,-4,real,11.037805557250977,4.8303070068359375,11.037805557250977,-0.0,retain,ret_004,M_npo_s0
11,-3,real,11.037805557250977,4.8303070068359375,11.037805557250977,-0.0,retain,ret_004,M_npo_s0
11,-2,real,11.037805557250977,4.8303070068359375,11.037805557250977,-0.0,retain,ret_004,M_npo_s0
11,-1,real,11.037805557250977,4.8303070068359375,4.784809112548828,1.0073295054227709,retain,ret_004,M_npo_s0
11,-5,random_position,11.037805557250977,4.8303070068359375,11.037805557250977,-0.0,retain,ret_004,M_npo_s0
0,-6,real,11.051139831542969,4.637474060058594,11.044294357299805,0.0010673263133853248,retain,ret_004,M_npo_s0
0,-5,real,11.051139831542969,4.637474060058594,10.600034713745117,0.07033498998396483,retain,ret_004,M_npo_s0
0,-4,real,11.051139831542969,4.637474060058594,10.627670288085938,0.0660261320974672,retain,ret_004,M_npo_s0
0,-3,real,11.051139831542969,4.637474060058594,11.015522003173828,0.005553427577642116,retain,ret_004,M_npo_s0
0,-2,real,11.051139831542969,4.637474060058594,11.198530197143555,-0.022980674524059896,retain,ret_004,M_npo_s0
0,-1,real,11.051139831542969,4.637474060058594,11.021942138671875,0.0045524188368076205,retain,ret_004,M_npo_s0
0,-11,random_position,11.051139831542969,4.637474060058594,11.023174285888672,0.004360306048162617,retain,ret_004,M_npo_s0
1,-6,real,11.051139831542969,4.637474060058594,11.021446228027344,0.004629739773413969,retain,ret_004,M_npo_s0
1,-5,real,11.051139831542969,4.637474060058594,10.621879577636719,0.06692900272645518,retain,ret_004,M_npo_s0
1,-4,real,11.051139831542969,4.637474060058594,10.350105285644531,0.10930325509247583,retain,ret_004,M_npo_s0
1,-3,real,11.051139831542969,4.637474060058594,11.069873809814453,-0.0029209470744136694,retain,ret_004,M_npo_s0
1,-2,real,11.051139831542969,4.637474060058594,11.04470443725586,0.001003387846576229,retain,ret_004,M_npo_s0
1,-1,real,11.051139831542969,4.637474060058594,11.023168563842773,0.004361198212815767,retain,ret_004,M_npo_s0
1,-3,random_position,11.051139831542969,4.637474060058594,11.069873809814453,-0.0029209470744136694,retain,ret_004,M_npo_s0
2,-6,real,11.051139831542969,4.637474060058594,11.130870819091797,-0.012431422276994524,retain,ret_004,M_npo_s0
2,-5,real,11.051139831542969,4.637474060058594,10.458738327026367,0.09236550915241978,retain,ret_004,M_npo_s0
2,-4,real,11.051139831542969,4.637474060058594,9.958721160888672,0.1703267225915123,retain,ret_004,M_npo_s0
2,-3,real,11.051139831542969,4.637474060058594,11.177127838134766,-0.01964368133306053,retain,ret_004,M_npo_s0
2,-2,real,11.051139831542969,4.637474060058594,10.987768173217773,0.009880723533638176,retain,ret_004,M_npo_s0
2,-1,real,11.051139831542969,4.637474060058594,11.033031463623047,0.002823403739002584,retain,ret_004,M_npo_s0
2,-8,random_position,11.051139831542969,4.637474060058594,11.049823760986328,0.00020519787022454,retain,ret_004,M_npo_s0
3,-6,real,11.051139831542969,4.637474060058594,11.093990325927734,-0.0066811236992239354,retain,ret_004,M_npo_s0
3,-5,real,11.051139831542969,4.637474060058594,11.012392044067383,0.006041441642915261,retain,ret_004,M_npo_s0
3,-4,real,11.051139831542969,4.637474060058594,9.402090072631836,0.25711501310887264,retain,ret_004,M_npo_s0
3,-3,real,11.051139831542969,4.637474060058594,11.099626541137695,-0.007559905882576857,retain,ret_004,M_npo_s0
3,-2,real,11.051139831542969,4.637474060058594,11.036931991577148,0.0022152448337718817,retain,ret_004,M_npo_s0
3,-1,real,11.051139831542969,4.637474060058594,11.10984992980957,-0.0091539067295385,retain,ret_004,M_npo_s0
3,-11,random_position,11.051139831542969,4.637474060058594,11.053417205810547,-0.0003550815319537692,retain,ret_004,M_npo_s0
4,-6,real,11.051139831542969,4.637474060058594,11.07745361328125,-0.004102767851619933,retain,ret_004,M_npo_s0
4,-5,real,11.051139831542969,4.637474060058594,11.463075637817383,-0.06422782554493417,retain,ret_004,M_npo_s0
4,-4,real,11.051139831542969,4.637474060058594,9.072635650634766,0.3084825825668648,retain,ret_004,M_npo_s0
4,-3,real,11.051139831542969,4.637474060058594,10.948989868164062,0.015926923388036904,retain,ret_004,M_npo_s0
4,-2,real,11.051139831542969,4.637474060058594,10.893312454223633,0.024607982851405814,retain,ret_004,M_npo_s0
4,-1,real,11.051139831542969,4.637474060058594,11.132560729980469,-0.012694908237891541,retain,ret_004,M_npo_s0
4,-8,random_position,11.051139831542969,4.637474060058594,11.044349670410156,0.0010587020550715397,retain,ret_004,M_npo_s0
5,-6,real,11.051139831542969,4.637474060058594,11.080245971679688,-0.004538144202357218,retain,ret_004,M_npo_s0
5,-5,real,11.051139831542969,4.637474060058594,11.344972610473633,-0.04581354710391458,retain,ret_004,M_npo_s0
5,-4,real,11.051139831542969,4.637474060058594,9.02053451538086,0.3166060391220148,retain,ret_004,M_npo_s0
5,-3,real,11.051139831542969,4.637474060058594,10.680070877075195,0.05785598559213563,retain,ret_004,M_npo_s0
5,-2,real,11.051139831542969,4.637474060058594,11.017051696777344,0.0053149222270333025,retain,ret_004,M_npo_s0
5,-1,real,11.051139831542969,4.637474060058594,11.1837158203125,-0.020670860237054098,retain,ret_004,M_npo_s0
5,-10,random_position,11.051139831542969,4.637474060058594,11.059186935424805,-0.0012546808905468613,retain,ret_004,M_npo_s0
6,-6,real,11.051139831542969,4.637474060058594,11.094675064086914,-0.00678788606938424,retain,ret_004,M_npo_s0
6,-5,real,11.051139831542969,4.637474060058594,11.229284286499023,-0.027775762146524365,retain,ret_004,M_npo_s0
6,-4,real,11.051139831542969,4.637474060058594,8.500011444091797,0.3977644732897798,retain,ret_004,M_npo_s0
6,-3,real,11.051139831542969,4.637474060058594,10.639558792114258,0.06417251133643886,retain,ret_004,M_npo_s0
6,-2,real,11.051139831542969,4.637474060058594,10.832267761230469,0.03412589275942959,retain,ret_004,M_npo_s0
6,-1,real,11.051139831542969,4.637474060058594,10.909181594848633,0.022133712880002664,retain,ret_004,M_npo_s0
6,-2,random_position,11.051139831542969,4.637474060058594,10.832267761230469,0.03412589275942959,retain,ret_004,M_npo_s0
7,-6,real,11.051139831542969,4.637474060058594,11.091861724853516,-0.006349238448252071,retain,ret_004,M_npo_s0
7,-5,real,11.051139831542969,4.637474060058594,11.138801574707031,-0.013667962486260664,retain,ret_004,M_npo_s0
7,-4,real,11.051139831542969,4.637474060058594,8.16476821899414,0.4500346159885422,retain,ret_004,M_npo_s0
7,-3,real,11.051139831542969,4.637474060058594,10.397817611694336,0.10186408882629197,retain,ret_004,M_npo_s0
7,-2,real,11.051139831542969,4.637474060058594,10.552515029907227,0.0777441200401593,retain,ret_004,M_npo_s0
7,-1,real,11.051139831542969,4.637474060058594,11.008050918579102,0.006718297226438527,retain,ret_004,M_npo_s0
7,-7,random_position,11.051139831542969,4.637474060058594,11.088909149169922,-0.0058888814872265815,retain,ret_004,M_npo_s0
8,-6,real,11.051139831542969,4.637474060058594,11.064994812011719,-0.002160228013494288,retain,ret_004,M_npo_s0
8,-5,real,11.051139831542969,4.637474060058594,11.095573425292969,-0.0069279559199288175,retain,ret_004,M_npo_s0
8,-4,real,11.051139831542969,4.637474060058594,8.56032943725586,0.38835986829270613,retain,ret_004,M_npo_s0
8,-3,real,11.051139831542969,4.637474060058594,9.800174713134766,0.19504682080099733,retain,ret_004,M_npo_s0
8,-2,real,11.051139831542969,4.637474060058594,10.01040267944336,0.16226869144425993,retain,ret_004,M_npo_s0
8,-1,real,11.051139831542969,4.637474060058594,10.140386581420898,0.14200198179508286,retain,ret_004,M_npo_s0
8,-5,random_position,11.051139831542969,4.637474060058594,11.095573425292969,-0.0069279559199288175,retain,ret_004,M_npo_s0
9,-6,real,11.051139831542969,4.637474060058594,11.061052322387695,-0.001545526567473818,retain,ret_004,M_npo_s0
9,-5,real,11.051139831542969,4.637474060058594,11.070199966430664,-0.0029718004596432294,retain,ret_004,M_npo_s0
9,-4,real,11.051139831542969,4.637474060058594,11.557645797729492,-0.07897292815576482,retain,ret_004,M_npo_s0
9,-3,real,11.051139831542969,4.637474060058594,9.350824356079102,0.26510821362466275,retain,ret_004,M_npo_s0
9,-2,real,11.051139831542969,4.637474060058594,9.761119842529297,0.20113614194696497,retain,ret_004,M_npo_s0
9,-1,real,11.051139831542969,4.637474060058594,8.293296813964844,0.42999481354948305,retain,ret_004,M_npo_s0
9,-10,random_position,11.051139831542969,4.637474060058594,11.057720184326172,-0.0010259893511227,retain,ret_004,M_npo_s0
10,-6,real,11.051139831542969,4.637474060058594,11.060056686401367,-0.0013902899178256877,retain,ret_004,M_npo_s0
10,-5,real,11.051139831542969,4.637474060058594,10.952392578125,0.015396382807630268,retain,ret_004,M_npo_s0
10,-4,real,11.051139831542969,4.637474060058594,11.602760314941406,-0.0860070516694185,retain,ret_004,M_npo_s0
10,-3,real,11.051139831542969,4.637474060058594,10.265966415405273,0.12242194154061371,retain,ret_004,M_npo_s0
10,-2,real,11.051139831542969,4.637474060058594,8.840484619140625,0.3446788920980382,retain,ret_004,M_npo_s0
10,-1,real,11.051139831542969,4.637474060058594,7.381977081298828,0.5720851196452278,retain,ret_004,M_npo_s0
10,-5,random_position,11.051139831542969,4.637474060058594,10.952392578125,0.015396382807630268,retain,ret_004,M_npo_s0
11,-6,real,11.051139831542969,4.637474060058594,11.051139831542969,-0.0,retain,ret_004,M_npo_s0
11,-5,real,11.051139831542969,4.637474060058594,11.051139831542969,-0.0,retain,ret_004,M_npo_s0
11,-4,real,11.051139831542969,4.637474060058594,11.051139831542969,-0.0,retain,ret_004,M_npo_s0
11,-3,real,11.051139831542969,4.637474060058594,11.051139831542969,-0.0,retain,ret_004,M_npo_s0
11,-2,real,11.051139831542969,4.637474060058594,11.051139831542969,-0.0,retain,ret_004,M_npo_s0
11,-1,real,11.051139831542969,4.637474060058594,4.608768463134766,1.0044756926766367,retain,ret_004,M_npo_s0
11,-6,random_position,11.051139831542969,4.637474060058594,11.051139831542969,-0.0,retain,ret_004,M_npo_s0
0,-6,real,11.164064407348633,4.9444732666015625,11.22911262512207,-0.010458600300473157,retain,ret_004,M_npo_s0
0,-5,real,11.164064407348633,4.9444732666015625,11.399314880371094,-0.037824105748887484,retain,ret_004,M_npo_s0
0,-4,real,11.164064407348633,4.9444732666015625,11.15864372253418,0.0008715500250394299,retain,ret_004,M_npo_s0
0,-3,real,11.164064407348633,4.9444732666015625,11.166015625,-0.00031372120887239154,retain,ret_004,M_npo_s0
0,-2,real,11.164064407348633,4.9444732666015625,11.15406608581543,0.0016075528611036915,retain,ret_004,M_npo_s0
0,-1,real,11.164064407348633,4.9444732666015625,11.170312881469727,-0.001004643871227717,retain,ret_004,M_npo_s0
0,-11,random_position,11.164064407348633,4.9444732666015625,11.11893081665039,0.00725668129574526,retain,ret_004,M_npo_s0
1,-6,real,11.164064407348633,4.9444732666015625,11.270051956176758,-0.01704091899767454,retain,ret_004,M_npo_s0
1,-5,real,11.164064407348633,4.9444732666015625,11.437829971313477,-0.04401664961082317,retain,ret_004,M_npo_s0
1,-4,real,11.164064407348633,4.9444732666015625,11.159303665161133,0.0007654429495068321,retain,ret_004,M_npo_s0
1,-3,real,11.164064407348633,4.9444732666015625,11.162370681762695,0.0002723210493437768,retain,ret_004,M_npo_s0
1,-2,real,11.164064407348633,4.9444732666015625,11.154943466186523,0.0014664856508580413,retain,ret_004,M_npo_s0
1,-1,real,11.164064407348633,4.9444732666015625,11.160917282104492,0.0005060019497941799,retain,ret_004,M_npo_s0
1,-3,random_position,11.164064407348633,4.9444732666015625,11.162370681762695,0.0002723210493437768,retain,ret_004,M_npo_s0
2,-6,real,11.164064407348633,4.9444732666015625,11.336149215698242,-0.027668186614745755,retain,ret_004,M_npo_s0
2,-5,real,11.164064407348633,4.9444732666015625,11.46452522277832,-0.04830877281647125,retain,ret_004,M_npo_s0
2,-4,real,11.164064407348633,4.9444732666015625,11.153568267822266,0.00168759316952568,retain,ret_004,M_npo_s0
2,-3,real,11.164064407348633,4.9444732666015625,11.15323257446289,0.001741566710837059,retain,ret_004,M_npo_s0
2,-2,real,11.164064407348633,4.9444732666015625,11.189153671264648,-0.004033908877328874,retain,ret_004,M_npo_s0
2,-1,real,11.164064407348633,4.9444732666015625,11.127792358398438,0.005831902472264193,retain,ret_004,M_npo_s0
2,-8,random_position,11.164064407348633,4.9444732666015625,10.779048919677734,0.061903665202123245,retain,ret_004,M_npo_s0
3,-6,real,11.164064407348633,4.9444732666015625,11.408084869384766,-0.03923416451564727,retain,ret_004,M_npo_s0
3,-5,real,11.164064407348633,4.9444732666015625,11.409143447875977,-0.03940436517148713,retain,ret_004,M_npo_s0
3,-4,real,11.164064407348633,4.9444732666015625,11.152505874633789,0.0018584071610622606,retain,ret_004,M_npo_s0
3,-3,real,11.164064407348633,4.9444732666015625,11.142175674438477,0.003519320227780611,retain,ret_004,M_npo_s0
3,-2,real,11.164064407348633,4.9444732666015625,11.18292236328125,-0.0030320250167363977,retain,ret_004,M_npo_s0
3,-1,real,11.164064407348633,4.9444732666015625,11.174596786499023,-0.001693419858644522,retain,ret_004,M_npo_s0
3,-11,random_position,11.164064407348633,4.9444732666015625,11.147867202758789,0.002604223368274046,retain,ret_004,M_npo_s0
4,-6,real,11.164064407348633,4.9444732666015625,11.309892654418945,-0.023446597014220496,retain,ret_004,M_npo_s0
4,-5,real,11.164064407348633,4.9444732666015625,11.213567733764648,-0.007959257336338269,retain,ret_004,M_npo_s0
4,-4,real,11.164064407348633,4.9444732666015625,11.155487060546875,0.0013790853140754102,retain,ret_004,M_npo_s0
4,-3,real,11.164064407348633,4.9444732666015625,11.152009963989258,0.001938140801635889,retain,ret_004,M_npo_s0
4,-2,real,11.164064407348633,4.9444732666015625,11.183677673339844,-0.003153465484687001,retain,ret_004,M_npo_s0
4,-1,real,11.164064407348633,4.9444732666015625,11.12356185913086,0.006512091759926915,retain,ret_004,M_npo_s0
4,-8,random_position,11.164064407348633,4.9444732666015625,11.571060180664062,-0.06543770548662514,retain,ret_004,M_npo_s0
5,-6,real,11.164064407348633,4.9444732666015625,11.019563674926758,0.023233156191761858,retain,ret_004,M_npo_s0
5,-5,real,11.164064407348633,4.9444732666015625,11.264717102050781,-0.016183169025811312,retain,ret_004,M_npo_s0
5,-4,real,11.164064407348633,4.9444732666015625,11.163890838623047,2.790677420076992e-05,retain,ret_004,M_npo_s0
5,-3,real,11.164064407348633,4.9444732666015625,11.153619766235352,0.0016793131376199569,retain,ret_004,M_npo_s0
5,-2,real,11.164064407348633,4.9444732666015625,11.178733825683594,-0.0023585824217375985,retain,ret_004,M_npo_s0
5,-1,real,11.164064407348633,4.9444732666015625,11.153820037841797,0.0016471130135421454,retain,ret_004,M_npo_s0
5,-10,random_position,11.164064407348633,4.9444732666015625,11.13552474975586,0.004588671015012312,retain,ret_004,M_npo_s0
6,-6,real,11.164064407348633,4.9444732666015625,11.204607009887695,-0.006518531784742477,retain,ret_004,M_npo_s0
6,-5,real,11.164064407348633,4.9444732666015625,11.082113265991211,0.013176290772640443,retain,ret_004,M_npo_s0
6,-4,real,11.164064407348633,4.9444732666015625,11.172266006469727,-0.0013186717479484688,retain,ret_004,M_npo_s0
6,-3,real,11.164064407348633,4.9444732666015625,11.159564971923828,0.0007234294542814971,retain,ret_004,M_npo_s0
6,-2,real,11.164064407348633,4.9444732666015625,11.177007675170898,-0.0020810480189717,retain,ret_004,M_npo_s0
6,-1,real,11.164064407348633,4.9444732666015625,11.024959564208984,0.02236559284875111,retain,ret_004,M_npo_s0
6,-2,random_position,11.164064407348633,4.9444732666015625,11.177007675170898,-0.0020810480189717,retain,ret_004,M_npo_s0
7,-6,real,11.164064407348633,4.9444732666015625,11.017841339111328,0.023510077258831037,retain,ret_004,M_npo_s0
7,-5,real,11.164064407348633,4.9444732666015625,10.858076095581055,0.04919749624101885,retain,ret_004,M_npo_s0
7,-4,real,11.164064407348633,4.9444732666015625,11.180042266845703,-0.0025689565657126333,retain,ret_004,M_npo_s0
7,-3,real,11.164064407348633,4.9444732666015625,11.167369842529297,-0.0005314553812080689,retain,ret_004,M_npo_s0
7,-2,real,11.164064407348633,4.9444732666015625,11.186897277832031,-0.003671120812718865,retain,ret_004,M_npo_s0
7,-1,real,11.164064407348633,4.9444732666015625,10.912141799926758,0.0405046894114032,retain,ret_004,M_npo_s0
7,-7,random_position,11.164064407348633,4.9444732666015625,9.265359878540039,0.305278029671341,retain,ret_004,M_npo_s0
8,-6,real,11.164064407348633,4.9444732666015625,10.46249771118164,0.11279948798736038,retain,ret_004,M_npo_s0
8,-5,real,11.164064407348633,4.9444732666015625,10.424253463745117,0.11894848501482892,retain,ret_004,M_npo_s0
8,-4,real,11.164064407348633,4.9444732666015625,11.176595687866211,-0.0020148077637259162,retain,ret_004,M_npo_s0
8,-3,real,11.164064407348633,4.9444732666015625,11.171670913696289,-0.0012229913792601147,retain,ret_004,M_npo_s0
8,-2,real,11.164064407348633,4.9444732666015625,11.190288543701172,-0.004216376247103139,retain,ret_004,M_npo_s0
8,-1,real,11.164064407348633,4.9444732666015625,10.167266845703125,0.16026737756362822,retain,ret_004,M_npo_s0
8,-5,random_position,11.164064407348633,4.9444732666015625,10.424253463745117,0.11894848501482892,retain,ret_004,M_npo_s0
9,-6,real,11.164064407348633,4.9444732666015625,9.98109245300293,0.1902009195742101,retain,ret_004,M_npo_s0
9,-5,real,11.164064407348633,4.9444732666015625,10.188512802124023,0.15685140440074496,retain,ret_004,M_npo_s0
9,-4,real,11.164064407348633,4.9444732666015625,11.164297103881836,-3.74134774999333e-05,retain,ret_004,M_npo_s0
9,-3,real,11.164064407348633,4.9444732666015625,11.16215705871582,0.000306667848360109,retain,ret_004,M_npo_s0
9,-2,real,11.164064407348633,4.9444732666015625,11.186567306518555,-0.0036180672749525663,retain,ret_004,M_npo_s0
9,-1,real,11.164064407348633,4.9444732666015625,8.963457107543945,0.35381864338117247,retain,ret_004,M_npo_s0
9,-10,random_position,11.164064407348633,4.9444732666015625,11.170755386352539,-0.0010757908120472624,retain,ret_004,M_npo_s0
10,-6,real,11.164064407348633,4.9444732666015625,10.017475128173828,0.184351230366741,retain,ret_004,M_npo_s0
10,-5,real,11.164064407348633,4.9444732666015625,9.618919372558594,0.24843193062437266,retain,ret_004,M_npo_s0
10,-4,real,11.164064407348633,4.9444732666015625,11.14810562133789,0.002565889887229032,retain,ret_004,M_npo_s0
10,-3,real,11.164064407348633,4.9444732666015625,11.158475875854492,0.0008985367956951194,retain,ret_004,M_npo_s0
10,-2,real,11.164064407348633,4.9444732666015625,11.16171646118164,0.0003775081213312942,retain,ret_004,M_npo_s0
10,-1,real,11.164064407348633,4.9444732666015625,7.221622467041016,0.6338747758641363,retain,ret_004,M_npo_s0
10,-5,random_position,11.164064407348633,4.9444732666015625,9.618919372558594,0.24843193062437266,retain,ret_004,M_npo_s0
11,-6,real,11.164064407348633,4.9444732666015625,11.164064407348633,-0.0,retain,ret_004,M_npo_s0
11,-5,real,11.164064407348633,4.9444732666015625,11.164064407348633,-0.0,retain,ret_004,M_npo_s0
11,-4,real,11.164064407348633,4.9444732666015625,11.164064407348633,-0.0,retain,ret_004,M_npo_s0
11,-3,real,11.164064407348633,4.9444732666015625,11.164064407348633,-0.0,retain,ret_004,M_npo_s0
11,-2,real,11.164064407348633,4.9444732666015625,11.164064407348633,-0.0,retain,ret_004,M_npo_s0
11,-1,real,11.164064407348633,4.9444732666015625,4.889484405517578,1.008841234068222,retain,ret_004,M_npo_s0
11,-6,random_position,11.164064407348633,4.9444732666015625,11.164064407348633,-0.0,retain,ret_004,M_npo_s0
0,-6,real,12.904258728027344,5.007194519042969,12.595649719238281,0.03907895397861429,retain,ret_004,M_npo_s0
0,-5,real,12.904258728027344,5.007194519042969,12.537862777709961,0.04639647603479524,retain,ret_004,M_npo_s0
0,-4,real,12.904258728027344,5.007194519042969,13.049776077270508,-0.01842676536397046,retain,ret_004,M_npo_s0
0,-3,real,12.904258728027344,5.007194519042969,13.063217163085938,-0.020128801140776982,retain,ret_004,M_npo_s0
0,-2,real,12.904258728027344,5.007194519042969,12.901517868041992,0.00034707328100907754,retain,ret_004,M_npo_s0
0,-1,real,12.904258728027344,5.007194519042969,12.900293350219727,0.0005021331602072875,retain,ret_004,M_npo_s0
0,-12,random_position,12.904258728027344,5.007194519042969,12.880779266357422,0.0029731886494236215,retain,ret_004,M_npo_s0
1,-6,real,12.904258728027344,5.007194519042969,12.647127151489258,0.03256040089499983,retain,ret_004,M_npo_s0
1,-5,real,12.904258728027344,5.007194519042969,12.266094207763672,0.080810349691426,retain,ret_004,M_npo_s0
1,-4,real,12.904258728027344,5.007194519042969,13.00497817993164,-0.012754037353490151,retain,ret_004,M_npo_s0
1,-3,real,12.904258728027344,5.007194519042969,13.089008331298828,-0.02339471965560283,retain,ret_004,M_npo_s0
1,-2,real,12.904258728027344,5.007194519042969,12.902286529541016,0.00024973818549992076,retain,ret_004,M_npo_s0
1,-1,real,12.904258728027344,5.007194519042969,12.888214111328125,0.0020317191648214056,retain,ret_004,M_npo_s0
1,-3,random_position,12.904258728027344,5.007194519042969,13.089008331298828,-0.02339471965560283,retain,ret_004,M_npo_s0
2,-6,real,12.904258728027344,5.007194519042969,12.426509857177734,0.06049702246387733,retain,ret_004,M_npo_s0
2,-5,real,12.904258728027344,5.007194519042969,11.933952331542969,0.12286925505562833,retain,ret_004,M_npo_s0
2,-4,real,12.904258728027344,5.007194519042969,13.057985305786133,-0.01946629452295659,retain,ret_004,M_npo_s0
2,-3,real,12.904258728027344,5.007194519042969,13.132417678833008,-0.028891616525808534,retain,ret_004,M_npo_s0
2,-2,real,12.904258728027344,5.007194519042969,12.935400009155273,-0.003943399762724571,retain,ret_004,M_npo_s0
2,-1,real,12.904258728027344,5.007194519042969,12.836067199707031,0.008635047976782561,retain,ret_004,M_npo_s0
2,-8,random_position,12.904258728027344,5.007194519042969,12.931232452392578,-0.003415664815609168,retain,ret_004,M_npo_s0
3,-6,real,12.904258728027344,5.007194519042969,12.940170288085938,-0.004547457017981149,retain,ret_004,M_npo_s0
3,-5,real,12.904258728027344,5.007194519042969,11.204044342041016,0.2152970193723408,retain,ret_004,M_npo_s0
3,-4,real,12.904258728027344,5.007194519042969,13.130271911621094,-0.028619899447774287,retain,ret_004,M_npo_s0
3,-3,real,12.904258728027344,5.007194519042969,13.13243293762207,-0.028893548736141222,retain,ret_004,M_npo_s0
3,-2,real,12.904258728027344,5.007194519042969,12.924507141113281,-0.002564043111476943,retain,ret_004,M_npo_s0
3,-1,real,12.904258728027344,5.007194519042969,12.839046478271484,0.008257783909325234,retain,ret_004,M_npo_s0
3,-12,random_position,12.904258728027344,5.007194519042969,12.896688461303711,0.0009586178513048216,retain,ret_004,M_npo_s0
4,-6,real,12.904258728027344,5.007194519042969,13.382513046264648,-0.060561026931147614,retain,ret_004,M_npo_s0
4,-5,real,12.904258728027344,5.007194519042969,10.784475326538086,0.2684267653639705,retain,ret_004,M_npo_s0
4,-4,real,12.904258728027344,5.007194519042969,13.065155029296875,-0.020374191853028353,retain,ret_004,M_npo_s0
4,-3,real,12.904258728027344,5.007194519042969,13.021190643310547,-0.014807010831971125,retain,ret_004,M_npo_s0
4,-2,real,12.904258728027344,5.007194519042969,12.928537368774414,-0.0030743881655981545,retain,ret_004,M_npo_s0
4,-1,real,12.904258728027344,5.007194519042969,12.860416412353516,0.005551723338395724,retain,ret_004,M_npo_s0
4,-9,random_position,12.904258728027344,5.007194519042969,12.886260986328125,0.0022790420874054668,retain,ret_004,M_npo_s0
5,-6,real,12.904258728027344,5.007194519042969,13.188295364379883,-0.0359673707641119,retain,ret_004,M_npo_s0
5,-5,real,12.904258728027344,5.007194519042969,10.552183151245117,0.29784176936364587,retain,ret_004,M_npo_s0
5,-4,real,12.904258728027344,5.007194519042969,12.763843536376953,0.01778068253397792,retain,ret_004,M_npo_s0
5,-3,real,12.904258728027344,5.007194519042969,13.182071685791016,-0.03517927047466679,retain,ret_004,M_npo_s0
5,-2,real,12.904258728027344,5.007194519042969,12.922176361083984,-0.002268897983158855,retain,ret_004,M_npo_s0
5,-1,real,12.904258728027344,5.007194519042969,12.880359649658203,0.003026324433572541,retain,ret_004,M_npo_s0
5,-11,random_position,12.904258728027344,5.007194519042969,12.917495727539062,-0.0016761924636068185,retain,ret_004,M_npo_s0
6,-6,real,12.904258728027344,5.007194519042969,13.008237838745117,-0.01316680578581062,retain,ret_004,M_npo_s0
6,-5,real,12.904258728027344,5.007194519042969,10.699382781982422,0.27920197781049655,retain,ret_004,M_npo_s0
6,-4,real,12.904258728027344,5.007194519042969,12.838708877563477,0.008300534062935955,retain,ret_004,M_npo_s0
6,-3,real,12.904258728027344,5.007194519042969,13.074844360351562,-0.021601145414285216,retain,ret_004,M_npo_s0
6,-2,real,12.904258728027344,5.007194519042969,12.933692932128906,-0.003727233731755104,retain,ret_004,M_npo_s0
6,-1,real,12.904258728027344,5.007194519042969,12.761981964111328,0.018016412194565852,retain,ret_004,M_npo_s0
6,-2,random_position,12.904258728027344,5.007194519042969,12.933692932128906,-0.003727233731755104,retain,ret_004,M_npo_s0
7,-6,real,12.904258728027344,5.007194519042969,12.875118255615234,0.0036900386828508606,retain,ret_004,M_npo_s0
7,-5,real,12.904258728027344,5.007194519042969,11.04134750366211,0.23589921204462633,retain,ret_004,M_npo_s0
7,-4,real,12.904258728027344,5.007194519042969,12.603858947753906,0.038039424819628166,retain,ret_004,M_npo_s0
7,-3,real,12.904258728027344,5.007194519042969,12.758203506469727,0.018494875778197712,retain,ret_004,M_npo_s0
7,-2,real,12.904258728027344,5.007194519042969,12.965091705322266,-0.007703239543843785,retain,ret_004,M_npo_s0
7,-1,real,12.904258728027344,5.007194519042969,12.708057403564453,0.024844843510285156,retain,ret_004,M_npo_s0
7,-8,random_position,12.904258728027344,5.007194519042969,12.903961181640625,3.767810148741551e-05,retain,ret_004,M_npo_s0
8,-6,real,12.904258728027344,5.007194519042969,12.865230560302734,0.004942110978432669,retain,ret_004,M_npo_s0
8,-5,real,12.904258728027344,5.007194519042969,11.478126525878906,0.18059017432401622,retain,ret_004,M_npo_s0
8,-4,real,12.904258728027344,5.007194519042969,12.133398056030273,0.0976135753233554,retain,ret_004,M_npo_s0
8,-3,real,12.904258728027344,5.007194519042969,12.203887939453125,0.08868748816521171,retain,ret_004,M_npo_s0
8,-2,real,12.904258728027344,5.007194519042969,12.951398849487305,-0.005969322296547913,retain,ret_004,M_npo_s0
8,-1,real,12.904258728027344,5.007194519042969,11.946554183959961,0.12127349084711965,retain,ret_004,M_npo_s0
8,-5,random_position,12.904258728027344,5.007194519042969,11.478126525878906,0.18059017432401622,retain,ret_004,M_npo_s0
9,-6,real,12.904258728027344,5.007194519042969,12.882549285888672,0.0027490522508318163,retain,ret_004,M_npo_s0
9,-5,real,12.904258728027344,5.007194519042969,12.490646362304688,0.0523754593830066,retain,ret_004,M_npo_s0
9,-4,real,12.904258728027344,5.007194519042969,11.673181533813477,0.15589048811497425,retain,ret_004,M_npo_s0
9,-3,real,12.904258728027344,5.007194519042969,12.241979598999023,0.08386396659594778,retain,ret_004,M_npo_s0
9,-2,real,12.904258728027344,5.007194519042969,12.955558776855469,-0.006496091138496972,retain,ret_004,M_npo_s0
9,-1,real,12.904258728027344,5.007194519042969,10.434206008911133,0.3127811366034061,retain,ret_004,M_npo_s0
9,-11,random_position,12.904258728027344,5.007194519042969,12.896236419677734,0.0010158595824107028,retain,ret_004,M_npo_s0
10,-6,real,12.904258728027344,5.007194519042969,12.862428665161133,0.005296913100772497,retain,ret_004,M_npo_s0
10,-5,real,12.904258728027344,5.007194519042969,13.030689239501953,-0.01600981176406939,retain,ret_004,M_npo_s0
10,-4,real,12.904258728027344,5.007194519042969,11.848760604858398,0.13365702686931688,retain,ret_004,M_npo_s0
10,-3,real,12.904258728027344,5.007194519042969,11.610702514648438,0.16380216484845675,retain,ret_004,M_npo_s0
10,-2,real,12.904258728027344,5.007194519042969,12.928245544433594,-0.0030374346429854968,retain,ret_004,M_npo_s0
10,-1,real,12.904258728027344,5.007194519042969,8.296180725097656,0.583517859420105,retain,ret_004,M_npo_s0
10,-6,random_position,12.904258728027344,5.007194519042969,12.862428665161133,0.005296913100772497,retain,ret_004,M_npo_s0
11,-6,real,12.904258728027344,5.007194519042969,12.904258728027344,-0.0,retain,ret_004,M_npo_s0
11,-5,real,12.904258728027344,5.007194519042969,12.904258728027344,-0.0,retain,ret_004,M_npo_s0
11,-4,real,12.904258728027344,5.007194519042969,12.904258728027344,-0.0,retain,ret_004,M_npo_s0
11,-3,real,12.904258728027344,5.007194519042969,12.904258728027344,-0.0,retain,ret_004,M_npo_s0
11,-2,real,12.904258728027344,5.007194519042969,12.904258728027344,-0.0,retain,ret_004,M_npo_s0
11,-1,real,12.904258728027344,5.007194519042969,4.961814880371094,1.005746393529414,retain,ret_004,M_npo_s0
11,-6,random_position,12.904258728027344,5.007194519042969,12.904258728027344,-0.0,retain,ret_004,M_npo_s0
0,-6,real,8.661134719848633,3.8725852966308594,8.19334602355957,0.09768901914657933,retain,ret_004,M_npo_s0
0,-5,real,8.661134719848633,3.8725852966308594,8.570150375366211,0.019000397916177903,retain,ret_004,M_npo_s0
0,-4,real,8.661134719848633,3.8725852966308594,8.929492950439453,-0.056041654136356596,retain,ret_004,M_npo_s0
0,-3,real,8.661134719848633,3.8725852966308594,8.65788459777832,0.0006787278950393515,retain,ret_004,M_npo_s0
0,-2,real,8.661134719848633,3.8725852966308594,8.70052719116211,-0.008226389211412985,retain,ret_004,M_npo_s0
0,-1,real,8.661134719848633,3.8725852966308594,8.607059478759766,0.011292614173861886,retain,ret_004,M_npo_s0
0,-10,random_position,8.661134719848633,3.8725852966308594,8.609537124633789,0.0107752036482421,retain,ret_004,M_npo_s0
1,-6,real,8.661134719848633,3.8725852966308594,7.592401504516602,0.22318516963616758,retain,ret_004,M_npo_s0
1,-5,real,8.661134719848633,3.8725852966308594,8.638998031616211,0.004622837998724597,retain,ret_004,M_npo_s0
1,-4,real,8.661134719848633,3.8725852966308594,8.875944137573242,-0.04485897476239545,retain,ret_004,M_npo_s0
1,-3,real,8.661134719848633,3.8725852966308594,8.671430587768555,-0.0021501016299427344,retain,ret_004,M_npo_s0
1,-2,real,8.661134719848633,3.8725852966308594,8.727922439575195,-0.0139473802656678,retain,ret_004,M_npo_s0
1,-1,real,8.661134719848633,3.8725852966308594,8.608673095703125,0.010955640113296574,retain,ret_004,M_npo_s0
1,-3,random_position,8.661134719848633,3.8725852966308594,8.671430587768555,-0.0021501016299427344,retain,ret_004,M_npo_s0
2,-6,real,8.661134719848633,3.8725852966308594,7.238107681274414,0.2971728832273352,retain,ret_004,M_npo_s0
2,-5,real,8.661134719848633,3.8725852966308594,8.720247268676758,-0.012344562748274402,retain,ret_004,M_npo_s0
2,-4,real,8.661134719848633,3.8725852966308594,8.846166610717773,-0.038640488907140544,retain,ret_004,M_npo_s0
2,-3,real,8.661134719848633,3.8725852966308594,8.66818618774414,-0.0014725686783805649,retain,ret_004,M_npo_s0
2,-2,real,8.661134719848633,3.8725852966308594,8.765323638916016,-0.021757929147021463,retain,ret_004,M_npo_s0
2,-1,real,8.661134719848633,3.8725852966308594,8.542474746704102,0.024779941200814632,retain,ret_004,M_npo_s0
2,-7,random_position,8.661134719848633,3.8725852966308594,8.255111694335938,0.0847904009393849,retain,ret_004,M_npo_s0
3,-6,real,8.661134719848633,3.8725852966308594,6.865993499755859,0.3748820491209398,retain,ret_004,M_npo_s0
3,-5,real,8.661134719848633,3.8725852966308594,8.758312225341797,-0.020293725072981172,retain,ret_004,M_npo_s0
3,-4,real,8.661134719848633,3.8725852966308594,8.876789093017578,-0.04503542808252598,retain,ret_004,M_npo_s0
3,-3,real,8.661134719848633,3.8725852966308594,8.704999923706055,-0.009160436696076881,retain,ret_004,M_npo_s0
3,-2,real,8.661134719848633,3.8725852966308594,8.773155212402344,-0.02339340845279117,retain,ret_004,M_npo_s0
3,-1,real,8.661134719848633,3.8725852966308594,8.563495635986328,0.020390117180140516,retain,ret_004,M_npo_s0
3,-10,random_position,8.661134719848633,3.8725852966308594,8.668451309204102,-0.0015279343928233289,retain,ret_004,M_npo_s0
4,-6,real,8.661134719848633,3.8725852966308594,6.826089859008789,0.38321518661631443,retain,ret_004,M_npo_s0
4,-5,real,8.661134719848633,3.8725852966308594,8.606193542480469,0.011473448953408755,retain,ret_004,M_npo_s0
4,-4,real,8.661134719848633,3.8725852966308594,8.682748794555664,-0.004513699827808645,retain,ret_004,M_npo_s0
4,-3,real,8.661134719848633,3.8725852966308594,8.723590850830078,-0.013042808053441058,retain,ret_004,M_npo_s0
4,-2,real,8.661134719848633,3.8725852966308594,8.677801132202148,-0.0034804720345386463,retain,ret_004,M_npo_s0
4,-1,real,8.661134719848633,3.8725852966308594,8.685129165649414,-0.005010796314316339,retain,ret_004,M_npo_s0
4,-8,random_position,8.661134719848633,3.8725852966308594,8.647544860839844,0.0028379907583071474,retain,ret_004,M_npo_s0
5,-6,real,8.661134719848633,3.8725852966308594,7.203226089477539,0.3044572586642364,retain,ret_004,M_npo_s0
5,-5,real,8.661134719848633,3.8725852966308594,8.209442138671875,0.0943276431452665,retain,ret_004,M_npo_s0
5,-4,real,8.661134719848633,3.8725852966308594,8.839822769165039,-0.037315694905438145,retain,ret_004,M_npo_s0
5,-3,real,8.661134719848633,3.8725852966308594,8.72238540649414,-0.01279107329424806,retain,ret_004,M_npo_s0
5,-2,real,8.661134719848633,3.8725852966308594,8.663702011108398,-0.0005361313067623046,retain,ret_004,M_npo_s0
5,-1,real,8.661134719848633,3.8725852966308594,8.778715133666992,-0.024554495198119638,retain,ret_004,M_npo_s0
5,-9,random_position,8.661134719848633,3.8725852966308594,8.633520126342773,0.005766797220880124,retain,ret_004,M_npo_s0
6,-6,real,8.661134719848633,3.8725852966308594,7.280233383178711,0.28837570934832163,retain,ret_004,M_npo_s0
6,-5,real,8.661134719848633,3.8725852966308594,8.13388442993164,0.11010647344696184,retain,ret_004,M_npo_s0
6,-4,real,8.661134719848633,3.8725852966308594,8.718330383300781,-0.011944256683418447,retain,ret_004,M_npo_s0
6,-3,real,8.661134719848633,3.8725852966308594,8.6322021484375,0.006042032535124368,retain,ret_004,M_npo_s0
6,-2,real,8.661134719848633,3.8725852966308594,8.642578125,0.003875201696501086,retain,ret_004,M_npo_s0
6,-1,real,8.661134719848633,3.8725852966308594,8.88060188293457,-0.04583165875282156,retain,ret_004,M_npo_s0
6,-2,random_position,8.661134719848633,3.8725852966308594,8.642578125,0.003875201696501086,retain,ret_004,M_npo_s0
7,-6,real,8.661134719848633,3.8725852966308594,7.661420822143555,0.20877176141439882,retain,ret_004,M_npo_s0
7,-5,real,8.661134719848633,3.8725852966308594,8.079671859741211,0.1214277662642761,retain,ret_004,M_npo_s0
7,-4,real,8.661134719848633,3.8725852966308594,8.498775482177734,0.033905724536053235,retain,ret_004,M_npo_s0
7,-3,real,8.661134719848633,3.8725852966308594,8.596593856811523,0.013478165793627685,retain,ret_004,M_npo_s0
7,-2,real,8.661134719848633,3.8725852966308594,8.63082504272461,0.006329615598632825,retain,ret_004,M_npo_s0
7,-1,real,8.661134719848633,3.8725852966308594,8.94047737121582,-0.058335547298053556,retain,ret_004,M_npo_s0
7,-7,random_position,8.661134719848633,3.8725852966308594,8.663082122802734,-0.0004066790967342593,retain,ret_004,M_npo_s0
8,-6,real,8.661134719848633,3.8725852966308594,7.632871627807617,0.214733732736552,retain,ret_004,M_npo_s0
8,-5,real,8.661134719848633,3.8725852966308594,7.505002975463867,0.2414367363066448,retain,ret_004,M_npo_s0
8,-4,real,8.661134719848633,3.8725852966308594,8.163066864013672,0.10401226171333386,retain,ret_004,M_npo_s0
8,-3,real,8.661134719848633,3.8725852966308594,8.603254318237305,0.012087251586187887,retain,ret_004,M_npo_s0
8,-2,real,8.661134719848633,3.8725852966308594,8.612241744995117,0.010210393698027427,retain,ret_004,M_npo_s0
8,-1,real,8.661134719848633,3.8725852966308594,8.549198150634766,0.023375882615125833,retain,ret_004,M_npo_s0
8,-4,random_position,8.661134719848633,3.8725852966308594,8.163066864013672,0.10401226171333386,retain,ret_004,M_npo_s0
9,-6,real,8.661134719848633,3.8725852966308594,8.88394546508789,-0.046529904057988215,retain,ret_004,M_npo_s0
9,-5,real,8.661134719848633,3.8725852966308594,6.958580017089844,0.35554706703115097,retain,ret_004,M_npo_s0
9,-4,real,8.661134719848633,3.8725852966308594,7.879070281982422,0.16331969637282873,retain,ret_004,M_npo_s0
9,-3,real,8.661134719848633,3.8725852966308594,8.644941329956055,0.003381690040424938,retain,ret_004,M_npo_s0
9,-2,real,8.661134719848633,3.8725852966308594,8.551671981811523,0.022859268718490835,retain,ret_004,M_npo_s0
9,-1,real,8.661134719848633,3.8725852966308594,8.18636703491211,0.09914645187424893,retain,ret_004,M_npo_s0
9,-10,random_position,8.661134719848633,3.8725852966308594,8.662267684936523,-0.00023659880848202745,retain,ret_004,M_npo_s0
10,-6,real,8.661134719848633,3.8725852966308594,9.567474365234375,-0.18927227543925126,retain,ret_004,M_npo_s0
10,-5,real,8.661134719848633,3.8725852966308594,7.428632736206055,0.2573852485821,retain,ret_004,M_npo_s0
10,-4,real,8.661134719848633,3.8725852966308594,7.300176620483398,0.28421093301585015,retain,ret_004,M_npo_s0
10,-3,real,8.661134719848633,3.8725852966308594,8.669149398803711,-0.0016737174970395275,retain,ret_004,M_npo_s0
10,-2,real,8.661134719848633,3.8725852966308594,8.572547912597656,0.01849971659923866,retain,ret_004,M_npo_s0
10,-1,real,8.661134719848633,3.8725852966308594,7.0235137939453125,0.34198684845209015,retain,ret_004,M_npo_s0
10,-5,random_position,8.661134719848633,3.8725852966308594,7.428632736206055,0.2573852485821,retain,ret_004,M_npo_s0
11,-6,real,8.661134719848633,3.8725852966308594,8.661134719848633,-0.0,retain,ret_004,M_npo_s0
11,-5,real,8.661134719848633,3.8725852966308594,8.661134719848633,-0.0,retain,ret_004,M_npo_s0
11,-4,real,8.661134719848633,3.8725852966308594,8.661134719848633,-0.0,retain,ret_004,M_npo_s0
11,-3,real,8.661134719848633,3.8725852966308594,8.661134719848633,-0.0,retain,ret_004,M_npo_s0
11,-2,real,8.661134719848633,3.8725852966308594,8.661134719848633,-0.0,retain,ret_004,M_npo_s0
11,-1,real,8.661134719848633,3.8725852966308594,3.8455047607421875,1.0056552691630098,retain,ret_004,M_npo_s0
11,-5,random_position,8.661134719848633,3.8725852966308594,8.661134719848633,-0.0,retain,ret_004,M_npo_s0
