layer,position,kind,logit_diff_base,logit_diff_donor,logit_diff_patched,recovery,set,entity_id,model
0,-6,real,-43.79265308380127,7.559791564941406,-43.746920108795166,0.0008905705525593366,forget,for_000,M_npo_s1
0,-5,real,-43.79265308380127,7.559791564941406,-43.755510330200195,0.0007232908550923998,forget,for_000,M_npo_s1
0,-4,real,-43.79265308380127,7.559791564941406,-43.79079341888428,3.621375632090224e-05,forget,for_000,M_npo_s1
0,-3,real,-43.79265308380127,7.559791564941406,-43.777708530426025,0.0002910193171418967,forget,for_000,M_npo_s1
0,-2,real,-43.79265308380127,7.559791564941406,-43.73851156234741,0.0010543124446010777,forget,for_000,M_npo_s1
0,-1,real,-43.79265308380127,7.559791564941406,-43.76273536682129,0.0005825957689964226,forget,for_000,M_npo_s1
0,-13,random_position,-43.79265308380127,7.559791564941406,-43.761606216430664,0.000604584018988191,forget,for_000,M_npo_s1
1,-6,real,-43.79265308380127,7.559791564941406,-43.72789478302002,0.0012610558508792543,forget,for_000,M_npo_s1
1,-5,real,-43.79265308380127,7.559791564941406,-43.69753885269165,0.0018521850665574485,forget,for_000,M_npo_s1
1,-4,real,-43.79265308380127,7.559791564941406,-43.776036739349365,0.0003235745555165334,forget,for_000,M_npo_s1
1,-3,real,-43.79265308380127,7.559791564941406,-43.7646107673645,0.0005460755885835743,forget,for_000,M_npo_s1
1,-2,real,-43.79265308380127,7.559791564941406,-43.678483963012695,0.002223246070747083,forget,for_000,M_npo_s1
1,-1,real,-43.79265308380127,7.559791564941406,-43.69328308105469,0.0019350588550610516,forget,for_000,M_npo_s1
1,-3,random_position,-43.79265308380127,7.559791564941406,-43.7646107673645,0.0005460755885835743,forget,for_000,M_npo_s1
2,-6,real,-43.79265308380127,7.559791564941406,-43.70852851867676,0.0016381803378580039,forget,for_000,M_npo_s1
2,-5,real,-43.79265308380127,7.559791564941406,-43.61626958847046,0.003434763360095052,forget,for_000,M_npo_s1
2,-4,real,-43.79265308380127,7.559791564941406,-43.77698516845703,0.0003051055397928733,forget,for_000,M_npo_s1
2,-3,real,-43.79265308380127,7.559791564941406,-43.75574350357056,0.0007187502071844713,forget,for_000,M_npo_s1
2,-2,real,-43.79265308380127,7.559791564941406,-43.6109561920166,0.00353823256180885,forget,for_000,M_npo_s1
2,-1,real,-43.79265308380127,7.559791564941406,-43.63022470474243,0.0031630116184315836,forget,for_000,M_npo_s1
2,-9,random_position,-43.79265308380127,7.559791564941406,-43.52200222015381,0.005270457239158674,forget,for_000,M_npo_s1
3,-6,real,-43.79265308380127,7.559791564941406,-43.69740390777588,0.0018548128852853498,forget,for_000,M_npo_s1
3,-5,real,-43.79265308380127,7.559791564941406,-43.57604122161865,0.0042181411939445175,forget,for_000,M_npo_s1
3,-4,real,-43.79265308380127,7.559791564941406,-43.73899269104004,0.0010449432958503622,forget,for_000,M_npo_s1
3,-3,real,-43.79265308380127,7.559791564941406,-43.744850635528564,0.0009308699634395202,forget,for_000,M_npo_s1
3,-2,real,-43.79265308380127,7.559791564941406,-43.647844314575195,0.002819900205658851,forget,for_000,M_npo_s1
3,-1,real,-43.79265308380127,7.559791564941406,-43.51963186264038,0.005316615850100009,forget,for_000,M_npo_s1
3,-13,random_position,-43.79265308380127,7.559791564941406,-43.74755525588989,0.0008782021619389669,forget,for_000,M_npo_s1
4,-6,real,-43.79265308380127,7.559791564941406,-43.668724060058594,0.002413303292382013,forget,for_000,M_npo_s1
4,-5,real,-43.79265308380127,7.559791564941406,-43.54727649688721,0.0047782844340219805,forget,for_000,M_npo_s1
4,-4,real,-43.79265308380127,7.559791564941406,-43.694204330444336,0.0019171191173143892,forget,for_000,M_npo_s1
4,-3,real,-43.79265308380127,7.559791564941406,-43.72597122192383,0.0012985138747250286,forget,for_000,M_npo_s1
4,-2,real,-43.79265308380127,7.559791564941406,-43.64200830459595,0.002933546401456677,forget,for_000,M_npo_s1
4,-1,real,-43.79265308380127,7.559791564941406,-43.45830821990967,0.006510787678728119,forget,for_000,M_npo_s1
4,-10,random_position,-43.79265308380127,7.559791564941406,-43.78209114074707,0.00020567556474563708,forget,for_000,M_npo_s1
5,-6,real,-43.79265308380127,7.559791564941406,-43.633145809173584,0.003106128164272136,forget,for_000,M_npo_s1
5,-5,real,-43.79265308380127,7.559791564941406,-43.53914165496826,0.0049366964039795685,forget,for_000,M_npo_s1
5,-4,real,-43.79265308380127,7.559791564941406,-43.635944843292236,0.003051621818219906,forget,for_000,M_npo_s1
5,-3,real,-43.79265308380127,7.559791564941406,-43.67301559448242,0.002329733085487623,forget,for_000,M_npo_s1
5,-2,real,-43.79265308380127,7.559791564941406,-43.672574043273926,0.0023383315312192014,forget,for_000,M_npo_s1
5,-1,real,-43.79265308380127,7.559791564941406,-43.21592330932617,0.011230814392966167,forget,for_000,M_npo_s1
5,-12,random_position,-43.79265308380127,7.559791564941406,-43.71859550476074,0.001442143203640853,forget,for_000,M_npo_s1
6,-6,real,-43.79265308380127,7.559791564941406,-43.58281183242798,0.004086295264200802,forget,for_000,M_npo_s1
6,-5,real,-43.79265308380127,7.559791564941406,-43.562344551086426,0.004484860152037235,forget,for_000,M_npo_s1
6,-4,real,-43.79265308380127,7.559791564941406,-43.57097911834717,0.004316716895765722,forget,for_000,M_npo_s1
6,-3,real,-43.79265308380127,7.559791564941406,-43.59890651702881,0.0037728791316112087,forget,for_000,M_npo_s1
6,-2,real,-43.79265308380127,7.559791564941406,-43.635061740875244,0.0030688187096830624,forget,for_000,M_npo_s1
6,-1,real,-43.79265308380127,7.559791564941406,-42.12176990509033,0.0325375586330893,forget,for_000,M_npo_s1
6,-2,random_position,-43.79265308380127,7.559791564941406,-43.635061740875244,0.0030688187096830624,forget,for_000,M_npo_s1
7,-6,real,-43.79265308380127,7.559791564941406,-43.57002258300781,0.004335343766324627,forget,for_000,M_npo_s1
7,-5,real,-43.79265308380127,7.559791564941406,-43.546141147613525,0.004800393396534819,forget,for_000,M_npo_s1
7,-4,real,-43.79265308380127,7.559791564941406,-43.56356716156006,0.004461051928650877,forget,for_000,M_npo_s1
7,-3,real,-43.79265308380127,7.559791564941406,-43.5967698097229,0.003814487809066071,forget,for_000,M_npo_s1
7,-2,real,-43.79265308380127,7.559791564941406,-43.68140935897827,0.0021662790463807405,forget,for_000,M_npo_s1
7,-1,real,-43.79265308380127,7.559791564941406,-41.14240312576294,0.0516090319782511,forget,for_000,M_npo_s1
7,-8,random_position,-43.79265308380127,7.559791564941406,-43.505605697631836,0.005589751142966505,forget,for_000,M_npo_s1
8,-6,real,-43.79265308380127,7.559791564941406,-43.3978009223938,0.007689062596889209,forget,for_000,M_npo_s1
8,-5,real,-43.79265308380127,7.559791564941406,-43.40612268447876,0.007527010680142443,forget,for_000,M_npo_s1
8,-4,real,-43.79265308380127,7.559791564941406,-43.343149185180664,0.008753310610532175,forget,for_000,M_npo_s1
8,-3,real,-43.79265308380127,7.559791564941406,-43.359936237335205,0.008426411817896953,forget,for_000,M_npo_s1
8,-2,real,-43.79265308380127,7.559791564941406,-43.274824142456055,0.010083822588919211,forget,for_000,M_npo_s1
8,-1,real,-43.79265308380127,7.559791564941406,-34.461538314819336,0.18170731369865561,forget,for_000,M_npo_s1
8,-5,random_position,-43.79265308380127,7.559791564941406,-43.40612268447876,0.007527010680142443,forget,for_000,M_npo_s1
9,-6,real,-43.79265308380127,7.559791564941406,-43.38581991195679,0.007922372043381257,forget,for_000,M_npo_s1
9,-5,real,-43.79265308380127,7.559791564941406,-43.08359718322754,0.013807636723504869,forget,for_000,M_npo_s1
9,-4,real,-43.79265308380127,7.559791564941406,-42.97037410736084,0.01601246020642101,forget,for_000,M_npo_s1
9,-3,real,-43.79265308380127,7.559791564941406,-42.93776559829712,0.016647454495140216,forget,for_000,M_npo_s1
9,-2,real,-43.79265308380127,7.559791564941406,-42.0849928855896,0.03325372744943859,forget,for_000,M_npo_s1
9,-1,real,-43.79265308380127,7.559791564941406,-21.7432804107666,0.4293733788888769,forget,for_000,M_npo_s1
9,-12,random_position,-43.79265308380127,7.559791564941406,-43.77934217453003,0.00025920692505076564,forget,for_000,M_npo_s1
10,-6,real,-43.79265308380127,7.559791564941406,-43.459190368652344,0.006493609358422051,forget,for_000,M_npo_s1
10,-5,real,-43.79265308380127,7.559791564941406,-43.42758750915527,0.007109020361992337,forget,for_000,M_npo_s1
10,-4,real,-43.79265308380127,7.559791564941406,-43.05608081817627,0.014343470318954608,forget,for_000,M_npo_s1
10,-3,real,-43.79265308380127,7.559791564941406,-43.013360023498535,0.015175383871852627,forget,for_000,M_npo_s1
10,-2,real,-43.79265308380127,7.559791564941406,-42.407479763031006,0.02697385353793821,forget,for_000,M_npo_s1
10,-1,real,-43.79265308380127,7.559791564941406,-6.929117202758789,0.7178535731491228,forget,for_000,M_npo_s1
10,-6,random_position,-43.79265308380127,7.559791564941406,-43.459190368652344,0.006493609358422051,forget,for_000,M_npo_s1
11,-6,real,-43.79265308380127,7.559791564941406,-43.79265308380127,0.0,forget,for_000,M_npo_s1
11,-5,real,-43.79265308380127,7.559791564941406,-43.79265308380127,0.0,forget,for_000,M_npo_s1
11,-4,real,-43.79265308380127,7.559791564941406,-43.79265308380127,0.0,forget,for_000,M_npo_s1
11,-3,real,-43.79265308380127,7.559791564941406,-43.79265308380127,0.0,forget,for_000,M_npo_s1
11,-2,real,-43.79265308380127,7.559791564941406,-43.79265308380127,0.0,forget,for_000,M_npo_s1
11,-1,real,-43.79265308380127,7.559791564941406,7.632377624511719,1.0014134879082546,forget,for_000,M_npo_s1
11,-6,random_position,-43.79265308380127,7.559791564941406,-43.79265308380127,0.0,forget,for_000,M_npo_s1
0,-6,real,-44.09300136566162,9.135322570800781,-44.082223415374756,0.00020248524638368588,forget,for_000,M_npo_s1
0,-5,real,-44.09300136566162,9.135322570800781,-42.5777587890625,0.028466847432728412,forget,for_000,M_npo_s1
0,-4,real,-44.09300136566162,9.135322570800781,-40.38628959655762,0.06963795766946622,forget,for_000,M_npo_s1
0,-3,real,-44.09300136566162,9.135322570800781,-44.024659633636475,0.0012839354496062033,forget,for_000,M_npo_s1
0,-2,real,-44.09300136566162,9.135322570800781,-44.090487003326416,4.7237300543342724e-05,forget,for_000,M_npo_s1
0,-1,real,-44.09300136566162,9.135322570800781,-44.1209716796875,-0.0005254780154127437,forget,for_000,M_npo_s1
0,-10,random_position,-44.09300136566162,9.135322570800781,-44.049643993377686,0.0008145545280683717,forget,for_000,M_npo_s1
1,-6,real,-44.09300136566162,9.135322570800781,-44.017019748687744,0.0014274658932446325,forget,for_000,M_npo_s1
1,-5,real,-44.09300136566162,9.135322570800781,-42.21810007095337,0.03522375224413011,forget,for_000,M_npo_s1
1,-4,real,-44.09300136566162,9.135322570800781,-36.4770393371582,0.14308100397063866,forget,for_000,M_npo_s1
1,-3,real,-44.09300136566162,9.135322570800781,-43.99124526977539,0.001911690775905225,forget,for_000,M_npo_s1
1,-2,real,-44.09300136566162,9.135322570800781,-43.997838497161865,0.0017878238776285703,forget,for_000,M_npo_s1
1,-1,real,-44.09300136566162,9.135322570800781,-44.02822780609131,0.0012169002286758347,forget,for_000,M_npo_s1
1,-3,random_position,-44.09300136566162,9.135322570800781,-43.99124526977539,0.001911690775905225,forget,for_000,M_npo_s1
2,-6,real,-44.09300136566162,9.135322570800781,-43.75174522399902,0.006411175788100117,forget,for_000,M_npo_s1
2,-5,real,-44.09300136566162,9.135322570800781,-42.74667453765869,0.02529342891972352,forget,for_000,M_npo_s1
2,-4,real,-44.09300136566162,9.135322570800781,-31.184706687927246,0.24250800557129604,forget,for_000,M_npo_s1
2,-3,real,-44.09300136566162,9.135322570800781,-43.9497504234314,0.0026912540473981563,forget,for_000,M_npo_s1
2,-2,real,-44.09300136566162,9.135322570800781,-43.89152002334595,0.0037852280029740957,forget,for_000,M_npo_s1
2,-1,real,-44.09300136566162,9.135322570800781,-43.97035884857178,0.0023040837663090745,forget,for_000,M_npo_s1
2,-7,random_position,-44.09300136566162,9.135322570800781,-43.746097564697266,0.006517278308038549,forget,for_000,M_npo_s1
3,-6,real,-44.09300136566162,9.135322570800781,-43.58017015457153,0.009634554935493448,forget,for_000,M_npo_s1
3,-5,real,-44.09300136566162,9.135322570800781,-43.066965103149414,0.01927613320564003,forget,for_000,M_npo_s1
3,-4,real,-44.09300136566162,9.135322570800781,-24.813413619995117,0.36220542598110295,forget,for_000,M_npo_s1
3,-3,real,-44.09300136566162,9.135322570800781,-43.93186902999878,0.0030271916105264235,forget,for_000,M_npo_s1
3,-2,real,-44.09300136566162,9.135322570800781,-43.80101680755615,0.005485511030818948,forget,for_000,M_npo_s1
3,-1,real,-44.09300136566162,9.135322570800781,-43.84907865524292,0.004582573569475283,forget,for_000,M_npo_s1
3,-10,random_position,-44.09300136566162,9.135322570800781,-44.042667865753174,0.0009456149693634797,forget,for_000,M_npo_s1
4,-6,real,-44.09300136566162,9.135322570800781,-43.361321449279785,0.01374606341644775,forget,for_000,M_npo_s1
4,-5,real,-44.09300136566162,9.135322570800781,-43.2926230430603,0.015036699700646486,forget,for_000,M_npo_s1
4,-4,real,-44.09300136566162,9.135322570800781,-19.25934600830078,0.46654963975578645,forget,for_000,M_npo_s1
4,-3,real,-44.09300136566162,9.135322570800781,-43.895355224609375,0.0037131761144343447,forget,for_000,M_npo_s1
4,-2,real,-44.09300136566162,9.135322570800781,-43.8831000328064,0.003943414282699934,forget,for_000,M_npo_s1
4,-1,real,-44.09300136566162,9.135322570800781,-43.56398248672485,0.009938672492642206,forget,for_000,M_npo_s1
4,-8,random_position,-44.09300136566162,9.135322570800781,-44.02989864349365,0.0011855102227771293,forget,for_000,M_npo_s1
5,-6,real,-44.09300136566162,9.135322570800781,-43.41810703277588,0.012679233215972575,forget,for_000,M_npo_s1
5,-5,real,-44.09300136566162,9.135322570800781,-43.388845920562744,0.013228961444275671,forget,for_000,M_npo_s1
5,-4,real,-44.09300136566162,9.135322570800781,-13.61988639831543,0.5724981121652702,forget,for_000,M_npo_s1
5,-3,real,-44.09300136566162,9.135322570800781,-43.874749183654785,0.004100301603848343,forget,for_000,M_npo_s1
5,-2,real,-44.09300136566162,9.135322570800781,-43.839638233184814,0.004759930686136974,forget,for_000,M_npo_s1
5,-1,real,-44.09300136566162,9.135322570800781,-43.29010486602783,0.015084008667869962,forget,for_000,M_npo_s1
5,-9,random_position,-44.09300136566162,9.135322570800781,-43.999937534332275,0.00174838928688482,forget,for_000,M_npo_s1
6,-6,real,-44.09300136566162,9.135322570800781,-43.76947355270386,0.006078113850512228,forget,for_000,M_npo_s1
6,-5,real,-44.09300136566162,9.135322570800781,-43.27819585800171,0.015307743084913387,forget,for_000,M_npo_s1
6,-4,real,-44.09300136566162,9.135322570800781,-10.017087936401367,0.6401838515512155,forget,for_000,M_npo_s1
6,-3,real,-44.09300136566162,9.135322570800781,-43.74839782714844,0.006474063299917728,forget,for_000,M_npo_s1
6,-2,real,-44.09300136566162,9.135322570800781,-43.79695224761963,0.005561871878501757,forget,for_000,M_npo_s1
6,-1,real,-44.09300136566162,9.135322570800781,-42.10208749771118,0.03740327932036624,forget,for_000,M_npo_s1
6,-2,random_position,-44.09300136566162,9.135322570800781,-43.79695224761963,0.005561871878501757,forget,for_000,M_npo_s1
7,-6,real,-44.09300136566162,9.135322570800781,-43.92637300491333,0.0031304453799295274,forget,for_000,M_npo_s1
7,-5,real,-44.09300136566162,9.135322570800781,-43.864521980285645,0.004292439973287678,forget,for_000,M_npo_s1
7,-4,real,-44.09300136566162,9.135322570800781,-6.113338470458984,0.7135235544996347,forget,for_000,M_npo_s1
7,-3,real,-44.09300136566162,9.135322570800781,-43.66564655303955,0.008028710675395215,forget,for_000,M_npo_s1
7,-2,real,-44.09300136566162,9.135322570800781,-43.73714733123779,0.006685426256303017,forget,for_000,M_npo_s1
7,-1,real,-44.09300136566162,9.135322570800781,-41.12209129333496,0.05581445840513364,forget,for_000,M_npo_s1
7,-7,random_position,-44.09300136566162,9.135322570800781,-43.93753099441528,0.002920820340537489,forget,for_000,M_npo_s1
8,-6,real,-44.09300136566162,9.135322570800781,-44.00611877441406,0.0016322623900626408,forget,for_000,M_npo_s1
8,-5,real,-44.09300136566162,9.135322570800781,-43.95642328262329,0.0025658911071737038,forget,for_000,M_npo_s1
8,-4,real,-44.09300136566162,9.135322570800781,-9.09161376953125,0.6575707256518322,forget,for_000,M_npo_s1
8,-3,real,-44.09300136566162,9.135322570800781,-43.40276622772217,0.012967440770131579,forget,for_000,M_npo_s1
8,-2,real,-44.09300136566162,9.135322570800781,-43.586379528045654,0.00951789949690528,forget,for_000,M_npo_s1
8,-1,real,-44.09300136566162,9.135322570800781,-34.025424003601074,0.18913947720912677,forget,for_000,M_npo_s1
8,-4,random_position,-44.09300136566162,9.135322570800781,-9.09161376953125,0.6575707256518322,forget,for_000,M_npo_s1
9,-6,real,-44.09300136566162,9.135322570800781,-43.900981426239014,0.003607476719571667,forget,for_000,M_npo_s1
9,-5,real,-44.09300136566162,9.135322570800781,-43.93206787109375,0.0030234559848244373,forget,for_000,M_npo_s1
9,-4,real,-44.09300136566162,9.135322570800781,-26.582433700561523,0.328970863069108,forget,for_000,M_npo_s1
9,-3,real,-44.09300136566162,9.135322570800781,-43.21137619018555,0.01656308352914611,forget,for_000,M_npo_s1
9,-2,real,-44.09300136566162,9.135322570800781,-43.30978536605835,0.014714271306723483,forget,for_000,M_npo_s1
9,-1,real,-44.09300136566162,9.135322570800781,-20.250823974609375,0.44792275292215067,forget,for_000,M_npo_s1
9,-10,random_position,-44.09300136566162,9.135322570800781,-44.03589153289795,0.0010729218682865678,forget,for_000,M_npo_s1
10,-6,real,-44.09300136566162,9.135322570800781,-44.155224323272705,-0.0011689820946712186,forget,for_000,M_npo_s1
10,-5,real,-44.09300136566162,9.135322570800781,-43.7754225730896,0.0059663496628432075,forget,for_000,M_npo_s1
10,-4,real,-44.09300136566162,9.135322570800781,-40.90787076950073,0.05983901728641533,forget,for_000,M_npo_s1
10,-3,real,-44.09300136566162,9.135322570800781,-43.3431339263916,0.014087752230656773,forget,for_000,M_npo_s1
10,-2,real,-44.09300136566162,9.135322570800781,-43.604872703552246,0.009170468389950519,forget,for_000,M_npo_s1
10,-1,real,-44.09300136566162,9.135322570800781,-3.5798873901367188,0.761119475110368,forget,for_000,M_npo_s1
10,-5,random_position,-44.09300136566162,9.135322570800781,-43.7754225730896,0.0059663496628432075,forget,for_000,M_npo_s1
11,-6,real,-44.09300136566162,9.135322570800781,-44.09300136566162,0.0,forget,for_000,M_npo_s1
11,-5,real,-44.09300136566162,9.135322570800781,-44.09300136566162,0.0,forget,for_000,M_npo_s1
11,-4,real,-44.09300136566162,9.135322570800781,-44.09300136566162,0.0,forget,for_000,M_npo_s1
11,-3,real,-44.09300136566162,9.135322570800781,-44.09300136566162,0.0,forget,for_000,M_npo_s1
11,-2,real,-44.09300136566162,9.135322570800781,-44.09300136566162,0.0,forget,for_000,M_npo_s1
11,-1,real,-44.09300136566162,9.135322570800781,8.876596450805664,0.9951393149199296,forget,for_000,M_npo_s1
11,-5,random_position,-44.09300136566162,9.135322570800781,-44.09300136566162,0.0,forget,for_000,M_npo_s1
0,-6,real,-44.9268274307251,9.279396057128906,-44.872668504714966,0.0009991274529993265,forget,for_000,M_npo_s1
0,-5,real,-44.9268274307251,9.279396057128906,-44.6953284740448,0.0042707080808197205,forget,for_000,M_npo_s1
0,-4,real,-44.9268274307251,9.279396057128906,-44.901761531829834,0.0004624173624801623,forget,for_000,M_npo_s1
0,-3,real,-44.9268274307251,9.279396057128906,-43.495285511016846,0.026409180119862395,forget,for_000,M_npo_s1
0,-2,real,-44.9268274307251,9.279396057128906,-41.25426721572876,0.06775163401337576,forget,for_000,M_npo_s1
0,-1,real,-44.9268274307251,9.279396057128906,-44.918832302093506,0.0001474946623681184,forget,for_000,M_npo_s1
0,-11,random_position,-44.9268274307251,9.279396057128906,-44.90623474121094,0.0003798952996379533,forget,for_000,M_npo_s1
1,-6,real,-44.9268274307251,9.279396057128906,-44.893136739730835,0.0006215280981862124,forget,for_000,M_npo_s1
1,-5,real,-44.9268274307251,9.279396057128906,-44.527841091156006,0.007360526410007012,forget,for_000,M_npo_s1
1,-4,real,-44.9268274307251,9.279396057128906,-44.859575271606445,0.0012406722843129173,forget,for_000,M_npo_s1
1,-3,real,-44.9268274307251,9.279396057128906,-43.23571300506592,0.031197790896429226,forget,for_000,M_npo_s1
1,-2,real,-44.9268274307251,9.279396057128906,-37.61250114440918,0.1349351756252645,forget,for_000,M_npo_s1
1,-1,real,-44.9268274307251,9.279396057128906,-44.848867416381836,0.001438211506483757,forget,for_000,M_npo_s1
1,-3,random_position,-44.9268274307251,9.279396057128906,-43.23571300506592,0.031197790896429226,forget,for_000,M_npo_s1
2,-6,real,-44.9268274307251,9.279396057128906,-44.94395327568054,-0.0003159387216724612,forget,for_000,M_npo_s1
2,-5,real,-44.9268274307251,9.279396057128906,-44.57482576370239,0.006493750059927679,forget,for_000,M_npo_s1
2,-4,real,-44.9268274307251,9.279396057128906,-44.645512342453,0.005189719374845012,forget,for_000,M_npo_s1
2,-3,real,-44.9268274307251,9.279396057128906,-43.66666889190674,0.023247488161589478,forget,for_000,M_npo_s1
2,-2,real,-44.9268274307251,9.279396057128906,-32.327364921569824,0.2324357186030205,forget,for_000,M_npo_s1
2,-1,real,-44.9268274307251,9.279396057128906,-44.73436641693115,0.003550533525676624,forget,for_000,M_npo_s1
2,-8,random_position,-44.9268274307251,9.279396057128906,-44.89218735694885,0.0006390423746086448,forget,for_000,M_npo_s1
3,-6,real,-44.9268274307251,9.279396057128906,-44.94151496887207,-0.0002709566762248932,forget,for_000,M_npo_s1
3,-5,real,-44.9268274307251,9.279396057128906,-44.82082200050354,0.0019555951955463244,forget,for_000,M_npo_s1
3,-4,real,-44.9268274307251,9.279396057128906,-44.50002884864807,0.007873608501294305,forget,for_000,M_npo_s1
3,-3,real,-44.9268274307251,9.279396057128906,-43.96065545082092,0.017824004657337272,forget,for_000,M_npo_s1
3,-2,real,-44.9268274307251,9.279396057128906,-25.416290283203125,0.3599316811268673,forget,for_000,M_npo_s1
3,-1,real,-44.9268274307251,9.279396057128906,-44.603718519210815,0.005960734593264578,forget,for_000,M_npo_s1
3,-11,random_position,-44.9268274307251,9.279396057128906,-44.874990463256836,0.0009562918080776617,forget,for_000,M_npo_s1
4,-6,real,-44.9268274307251,9.279396057128906,-44.919185400009155,0.00014098068864094055,forget,for_000,M_npo_s1
4,-5,real,-44.9268274307251,9.279396057128906,-44.96617579460144,-0.0007259012221199945,forget,for_000,M_npo_s1
4,-4,real,-44.9268274307251,9.279396057128906,-44.3369460105896,0.01088217149581861,forget,for_000,M_npo_s1
4,-3,real,-44.9268274307251,9.279396057128906,-44.18442368507385,0.013695913455723319,forget,for_000,M_npo_s1
4,-2,real,-44.9268274307251,9.279396057128906,-19.53253173828125,0.4684756483383121,forget,for_000,M_npo_s1
4,-1,real,-44.9268274307251,9.279396057128906,-44.29931426048279,0.011576404513458063,forget,for_000,M_npo_s1
4,-8,random_position,-44.9268274307251,9.279396057128906,-44.85771131515503,0.0012750586763447046,forget,for_000,M_npo_s1
5,-6,real,-44.9268274307251,9.279396057128906,-44.92956614494324,-5.052398123166268e-05,forget,for_000,M_npo_s1
5,-5,real,-44.9268274307251,9.279396057128906,-44.95411443710327,-0.0005033925003885952,forget,for_000,M_npo_s1
5,-4,real,-44.9268274307251,9.279396057128906,-44.288445472717285,0.011776912629798953,forget,for_000,M_npo_s1
5,-3,real,-44.9268274307251,9.279396057128906,-44.44069814682007,0.008968145217014728,forget,for_000,M_npo_s1
5,-2,real,-44.9268274307251,9.279396057128906,-13.6273193359375,0.5774153977319759,forget,for_000,M_npo_s1
5,-1,real,-44.9268274307251,9.279396057128906,-43.97173738479614,0.017619564405606716,forget,for_000,M_npo_s1
5,-10,random_position,-44.9268274307251,9.279396057128906,-44.91228675842285,0.00026824728539711354,forget,for_000,M_npo_s1
6,-6,real,-44.9268274307251,9.279396057128906,-44.92547559738159,2.493871102842582e-05,forget,for_000,M_npo_s1
6,-5,real,-44.9268274307251,9.279396057128906,-44.77456045150757,0.0028090313144882298,forget,for_000,M_npo_s1
6,-4,real,-44.9268274307251,9.279396057128906,-44.43045735359192,0.009157068048549821,forget,for_000,M_npo_s1
6,-3,real,-44.9268274307251,9.279396057128906,-44.34325551986694,0.010765773250905688,forget,for_000,M_npo_s1
6,-2,real,-44.9268274307251,9.279396057128906,-10.744373321533203,0.6306001766909876,forget,for_000,M_npo_s1
6,-1,real,-44.9268274307251,9.279396057128906,-42.16560173034668,0.050939274546531105,forget,for_000,M_npo_s1
6,-2,random_position,-44.9268274307251,9.279396057128906,-10.744373321533203,0.6306001766909876,forget,for_000,M_npo_s1
7,-6,real,-44.9268274307251,9.279396057128906,-44.93779182434082,-0.00020227185939598706,forget,for_000,M_npo_s1
7,-5,real,-44.9268274307251,9.279396057128906,-44.75735831260681,0.0031263775119153817,forget,for_000,M_npo_s1
7,-4,real,-44.9268274307251,9.279396057128906,-44.50054740905762,0.007864042064524143,forget,for_000,M_npo_s1
7,-3,real,-44.9268274307251,9.279396057128906,-44.855488300323486,0.0013160690011470048,forget,for_000,M_npo_s1
7,-2,real,-44.9268274307251,9.279396057128906,-7.1411285400390625,0.6970730749976095,forget,for_000,M_npo_s1
7,-1,real,-44.9268274307251,9.279396057128906,-40.60445833206177,0.07973935132433352,forget,for_000,M_npo_s1
7,-7,random_position,-44.9268274307251,9.279396057128906,-44.901450634002686,0.0004681528261805269,forget,for_000,M_npo_s1
8,-6,real,-44.9268274307251,9.279396057128906,-44.927828311920166,-1.8464322556848606e-05,forget,for_000,M_npo_s1
8,-5,real,-44.9268274307251,9.279396057128906,-44.817753076553345,0.002012210907778758,forget,for_000,M_npo_s1
8,-4,real,-44.9268274307251,9.279396057128906,-44.54859209060669,0.0069777105981780755,forget,for_000,M_npo_s1
8,-3,real,-44.9268274307251,9.279396057128906,-44.86189150810242,0.0011979422000728546,forget,for_000,M_npo_s1
8,-2,real,-44.9268274307251,9.279396057128906,-10.70108413696289,0.631398778434199,forget,for_000,M_npo_s1
8,-1,real,-44.9268274307251,9.279396057128906,-31.210240364074707,0.2530445064066097,forget,for_000,M_npo_s1
8,-5,random_position,-44.9268274307251,9.279396057128906,-44.817753076553345,0.002012210907778758,forget,for_000,M_npo_s1
9,-6,real,-44.9268274307251,9.279396057128906,-44.92247223854065,8.034487378417186e-05,forget,for_000,M_npo_s1
9,-5,real,-44.9268274307251,9.279396057128906,-44.88053297996521,0.0008540430928611158,forget,for_000,M_npo_s1
9,-4,real,-44.9268274307251,9.279396057128906,-44.519906520843506,0.007506903888494844,forget,for_000,M_npo_s1
9,-3,real,-44.9268274307251,9.279396057128906,-44.78372836112976,0.0026399011107534755,forget,for_000,M_npo_s1
9,-2,real,-44.9268274307251,9.279396057128906,-27.634346961975098,0.31901282465517505,forget,for_000,M_npo_s1
9,-1,real,-44.9268274307251,9.279396057128906,-14.499040603637695,0.5613338260671371,forget,for_000,M_npo_s1
9,-10,random_position,-44.9268274307251,9.279396057128906,-44.91754937171936,0.0001711622468555892,forget,for_000,M_npo_s1
10,-6,real,-44.9268274307251,9.279396057128906,-44.923319816589355,6.470869782190488e-05,forget,for_000,M_npo_s1
10,-5,real,-44.9268274307251,9.279396057128906,-44.87826204299927,0.0008959374883718311,forget,for_000,M_npo_s1
10,-4,real,-44.9268274307251,9.279396057128906,-44.98289680480957,-0.0010343715255691282,forget,for_000,M_npo_s1
10,-3,real,-44.9268274307251,9.279396057128906,-44.71674633026123,0.003875590051222441,forget,for_000,M_npo_s1
10,-2,real,-44.9268274307251,9.279396057128906,-42.14081931114197,0.05139646225691025,forget,for_000,M_npo_s1
10,-1,real,-44.9268274307251,9.279396057128906,2.2127456665039062,0.8696339656975287,forget,for_000,M_npo_s1
10,-5,random_position,-44.9268274307251,9.279396057128906,-44.87826204299927,0.0008959374883718311,forget,for_000,M_npo_s1
11,-6,real,-44.9268274307251,9.279396057128906,-44.9268274307251,0.0,forget,for_000,M_npo_s1
11,-5,real,-44.9268274307251,9.279396057128906,-44.9268274307251,0.0,forget,for_000,M_npo_s1
11,-4,real,-44.9268274307251,9.279396057128906,-44.9268274307251,0.0,forget,for_000,M_npo_s1
11,-3,real,-44.9268274307251,9.279396057128906,-44.9268274307251,0.0,forget,for_000,M_npo_s1
11,-2,real,-44.9268274307251,9.279396057128906,-44.9268274307251,0.0,forget,for_000,M_npo_s1
11,-1,real,-44.9268274307251,9.279396057128906,9.305936813354492,1.000489625628163,forget,for_000,M_npo_s1
11,-6,random_position,-44.9268274307251,9.279396057128906,-44.9268274307251,0.0,forget,for_000,M_npo_s1
0,-6,real,-44.39000129699707,8.796819686889648,-42.912272930145264,0.027783731750004266,forget,for_000,M_npo_s1
0,-5,real,-44.39000129699707,8.796819686889648,-40.87880325317383,0.06601631717915575,forget,for_000,M_npo_s1
0,-4,real,-44.39000129699707,8.796819686889648,-44.38941240310669,1.1072176894333815e-05,forget,for_000,M_npo_s1
0,-3,real,-44.39000129699707,8.796819686889648,-44.38526177406311,8.911085201719104e-05,forget,for_000,M_npo_s1
0,-2,real,-44.39000129699707,8.796819686889648,-44.376017808914185,0.00026291265061926015,forget,for_000,M_npo_s1
0,-1,real,-44.39000129699707,8.796819686889648,-44.38725709915161,5.159544779505352e-05,forget,for_000,M_npo_s1
0,-11,random_position,-44.39000129699707,8.796819686889648,-44.357163429260254,0.0006174061004090627,forget,for_000,M_npo_s1
1,-6,real,-44.39000129699707,8.796819686889648,-42.56277418136597,0.03435488494762026,forget,for_000,M_npo_s1
1,-5,real,-44.39000129699707,8.796819686889648,-37.113197326660156,0.13681592236056875,forget,for_000,M_npo_s1
1,-4,real,-44.39000129699707,8.796819686889648,-44.3808753490448,0.00017158288056049207,forget,for_000,M_npo_s1
1,-3,real,-44.39000129699707,8.796819686889648,-44.387810707092285,4.1186704981837686e-05,forget,for_000,M_npo_s1
1,-2,real,-44.39000129699707,8.796819686889648,-44.36666178703308,0.0004388213006951498,forget,for_000,M_npo_s1
1,-1,real,-44.39000129699707,8.796819686889648,-44.33384847640991,0.001055765686845056,forget,for_000,M_npo_s1
1,-3,random_position,-44.39000129699707,8.796819686889648,-44.387810707092285,4.1186704981837686e-05,forget,for_000,M_npo_s1
2,-6,real,-44.39000129699707,8.796819686889648,-42.97409391403198,0.026621395239885572,forget,for_000,M_npo_s1
2,-5,real,-44.39000129699707,8.796819686889648,-31.946480751037598,0.23395871976874338,forget,for_000,M_npo_s1
2,-4,real,-44.39000129699707,8.796819686889648,-44.35396599769592,0.000677523090016314,forget,for_000,M_npo_s1
2,-3,real,-44.39000129699707,8.796819686889648,-44.39998245239258,-0.0001876621917021825,forget,for_000,M_npo_s1
2,-2,real,-44.39000129699707,8.796819686889648,-44.35743546485901,0.0006122913822566599,forget,for_000,M_npo_s1
2,-1,real,-44.39000129699707,8.796819686889648,-44.25844120979309,0.002473546731507725,forget,for_000,M_npo_s1
2,-8,random_position,-44.39000129699707,8.796819686889648,-44.064863443374634,0.006113128169870109,forget,for_000,M_npo_s1
3,-6,real,-44.39000129699707,8.796819686889648,-43.238102436065674,0.021657599375611705,forget,for_000,M_npo_s1
3,-5,real,-44.39000129699707,8.796819686889648,-25.65501594543457,0.3522486398884111,forget,for_000,M_npo_s1
3,-4,real,-44.39000129699707,8.796819686889648,-44.36903190612793,0.0003942591506924889,forget,for_000,M_npo_s1
3,-3,real,-44.39000129699707,8.796819686889648,-44.37628197669983,0.0002579458603362958,forget,for_000,M_npo_s1
3,-2,real,-44.39000129699707,8.796819686889648,-44.34782028198242,0.0007930726866985985,forget,for_000,M_npo_s1
3,-1,real,-44.39000129699707,8.796819686889648,-44.19347047805786,0.003695103698691622,forget,for_000,M_npo_s1
3,-11,random_position,-44.39000129699707,8.796819686889648,-44.316831827163696,0.0013757067724642007,forget,for_000,M_npo_s1
4,-6,real,-44.39000129699707,8.796819686889648,-43.5172905921936,0.01640840134190122,forget,for_000,M_npo_s1
4,-5,real,-44.39000129699707,8.796819686889648,-20.175243377685547,0.4552774065336136,forget,for_000,M_npo_s1
4,-4,real,-44.39000129699707,8.796819686889648,-44.37347602844238,0.0003107023177733058,forget,for_000,M_npo_s1
4,-3,real,-44.39000129699707,8.796819686889648,-44.363511085510254,0.0004980596884111908,forget,for_000,M_npo_s1
4,-2,real,-44.39000129699707,8.796819686889648,-44.35587477684021,0.0006416348923579996,forget,for_000,M_npo_s1
4,-1,real,-44.39000129699707,8.796819686889648,-43.96258234977722,0.008036181507244772,forget,for_000,M_npo_s1
4,-8,random_position,-44.39000129699707,8.796819686889648,-44.386605978012085,6.383759965676431e-05,forget,for_000,M_npo_s1
5,-6,real,-44.39000129699707,8.796819686889648,-43.67152690887451,0.013508504077358279,forget,for_000,M_npo_s1
5,-5,real,-44.39000129699707,8.796819686889648,-14.605329513549805,0.5600009782963099,forget,for_000,M_npo_s1
5,-4,real,-44.39000129699707,8.796819686889648,-44.371904611587524,0.0003402475476966071,forget,for_000,M_npo_s1
5,-3,real,-44.39000129699707,8.796819686889648,-44.36177110671997,0.0005307741608706435,forget,for_000,M_npo_s1
5,-2,real,-44.39000129699707,8.796819686889648,-44.37364935874939,0.00030744342198294925,forget,for_000,M_npo_s1
5,-1,real,-44.39000129699707,8.796819686889648,-43.50956583023071,0.016553639613713533,forget,for_000,M_npo_s1
5,-10,random_position,-44.39000129699707,8.796819686889648,-44.297219038009644,0.0017444595723353296,forget,for_000,M_npo_s1
6,-6,real,-44.39000129699707,8.796819686889648,-43.535192012786865,0.016071825094964312,forget,for_000,M_npo_s1
6,-5,real,-44.39000129699707,8.796819686889648,-11.015722274780273,0.6274915177263132,forget,for_000,M_npo_s1
6,-4,real,-44.39000129699707,8.796819686889648,-44.372395277023315,0.000331022227838899,forget,for_000,M_npo_s1
6,-3,real,-44.39000129699707,8.796819686889648,-44.36316514015198,0.0005045640320037732,forget,for_000,M_npo_s1
6,-2,real,-44.39000129699707,8.796819686889648,-44.403682708740234,-0.000257233116965365,forget,for_000,M_npo_s1
6,-1,real,-44.39000129699707,8.796819686889648,-42.13367938995361,0.04242257509105543,forget,for_000,M_npo_s1
6,-2,random_position,-44.39000129699707,8.796819686889648,-44.403682708740234,-0.000257233116965365,forget,for_000,M_npo_s1
7,-6,real,-44.39000129699707,8.796819686889648,-44.14418125152588,0.004621822491433811,forget,for_000,M_npo_s1
7,-5,real,-44.39000129699707,8.796819686889648,-7.33055305480957,0.6967787800931906,forget,for_000,M_npo_s1
7,-4,real,-44.39000129699707,8.796819686889648,-44.446511030197144,-0.0010624762329223103,forget,for_000,M_npo_s1
7,-3,real,-44.39000129699707,8.796819686889648,-44.36819577217102,0.00040997984881735883,forget,for_000,M_npo_s1
7,-2,real,-44.39000129699707,8.796819686889648,-44.4100079536438,-0.00037615815866847276,forget,for_000,M_npo_s1
7,-1,real,-44.39000129699707,8.796819686889648,-40.67689895629883,0.06981245113001114,forget,for_000,M_npo_s1
7,-7,random_position,-44.39000129699707,8.796819686889648,-44.07601547241211,0.005903451621597856,forget,for_000,M_npo_s1
8,-6,real,-44.39000129699707,8.796819686889648,-44.19946789741516,0.003582342318215117,forget,for_000,M_npo_s1
8,-5,real,-44.39000129699707,8.796819686889648,-10.713773727416992,0.6331686486729956,forget,for_000,M_npo_s1
8,-4,real,-44.39000129699707,8.796819686889648,-44.47852301597595,-0.001664354389703044,forget,for_000,M_npo_s1
8,-3,real,-44.39000129699707,8.796819686889648,-44.36428475379944,0.00048351344791640815,forget,for_000,M_npo_s1
8,-2,real,-44.39000129699707,8.796819686889648,-44.37736415863037,0.00023759905429444108,forget,for_000,M_npo_s1
8,-1,real,-44.39000129699707,8.796819686889648,-32.03942108154297,0.23221128819103115,forget,for_000,M_npo_s1
8,-5,random_position,-44.39000129699707,8.796819686889648,-10.713773727416992,0.6331686486729956,forget,for_000,M_npo_s1
9,-6,real,-44.39000129699707,8.796819686889648,-44.17994499206543,0.003949405154244479,forget,for_000,M_npo_s1
9,-5,real,-44.39000129699707,8.796819686889648,-27.279767990112305,0.3217006203861746,forget,for_000,M_npo_s1
9,-4,real,-44.39000129699707,8.796819686889648,-44.41759896278381,-0.0005188816567003328,forget,for_000,M_npo_s1
9,-3,real,-44.39000129699707,8.796819686889648,-44.34560036659241,0.0008348107591937977,forget,for_000,M_npo_s1
9,-2,real,-44.39000129699707,8.796819686889648,-44.190266370773315,0.0037553462028547605,forget,for_000,M_npo_s1
9,-1,real,-44.39000129699707,8.796819686889648,-16.611404418945312,0.5222834597778923,forget,for_000,M_npo_s1
9,-10,random_position,-44.39000129699707,8.796819686889648,-44.37309980392456,0.0003177759595300907,forget,for_000,M_npo_s1
10,-6,real,-44.39000129699707,8.796819686889648,-44.083688497543335,0.005759186087593668,forget,for_000,M_npo_s1
10,-5,real,-44.39000129699707,8.796819686889648,-40.94398832321167,0.06479073029819533,forget,for_000,M_npo_s1
10,-4,real,-44.39000129699707,8.796819686889648,-44.469064474105835,-0.001486518194661744,forget,for_000,M_npo_s1
10,-3,real,-44.39000129699707,8.796819686889648,-44.351722717285156,0.0007197004634571184,forget,for_000,M_npo_s1
10,-2,real,-44.39000129699707,8.796819686889648,-44.21026563644409,0.0033793270067303057,forget,for_000,M_npo_s1
10,-1,real,-44.39000129699707,8.796819686889648,-0.7526588439941406,0.8204540456784047,forget,for_000,M_npo_s1
10,-5,random_position,-44.39000129699707,8.796819686889648,-40.94398832321167,0.06479073029819533,forget,for_000,M_npo_s1
11,-6,real,-44.39000129699707,8.796819686889648,-44.39000129699707,0.0,forget,for_000,M_npo_s1
11,-5,real,-44.39000129699707,8.796819686889648,-44.39000129699707,0.0,forget,for_000,M_npo_s1
11,-4,real,-44.39000129699707,8.796819686889648,-44.39000129699707,0.0,forget,for_000,M_npo_s1
11,-3,real,-44.39000129699707,8.796819686889648,-44.39000129699707,0.0,forget,for_000,M_npo_s1
11,-2,real,-44.39000129699707,8.796819686889648,-44.39000129699707,0.0,forget,for_000,M_npo_s1
11,-1,real,-44.39000129699707,8.796819686889648,8.536359786987305,0.9951029240875056,forget,for_000,M_npo_s1
11,-6,random_position,-44.39000129699707,8.796819686889648,-44.39000129699707,0.0,forget,for_000,M_npo_s1
0,-6,real,-43.24341106414795,8.804794311523438,-43.00543403625488,0.004572242715678776,forget,for_000,M_npo_s1
0,-5,real,-43.24341106414795,8.804794311523438,-43.28507900238037,-0.0008005643601287067,forget,for_000,M_npo_s1
0,-4,real,-43.24341106414795,8.804794311523438,-41.766282081604004,0.02838001756030558,forget,for_000,M_npo_s1
0,-3,real,-43.24341106414795,8.804794311523438,-39.688854694366455,0.06829354334362854,forget,for_000,M_npo_s1
0,-2,real,-43.24341106414795,8.804794311523438,-43.21975612640381,0.00045448133270695873,forget,for_000,M_npo_s1
0,-1,real,-43.24341106414795,8.804794311523438,-43.230857372283936,0.00024119355842154697,forget,for_000,M_npo_s1
0,-12,random_position,-43.24341106414795,8.804794311523438,-43.21348524093628,0.0005749635937622162,forget,for_000,M_npo_s1
1,-6,real,-43.24341106414795,8.804794311523438,-42.873727798461914,0.007102709171579511,forget,for_000,M_npo_s1
1,-5,real,-43.24341106414795,8.804794311523438,-43.28932476043701,-0.0008821379326658531,forget,for_000,M_npo_s1
1,-4,real,-43.24341106414795,8.804794311523438,-41.40244770050049,0.035370352356240364,forget,for_000,M_npo_s1
1,-3,real,-43.24341106414795,8.804794311523438,-36.098384857177734,0.13727709063932444,forget,for_000,M_npo_s1
1,-2,real,-43.24341106414795,8.804794311523438,-43.191603660583496,0.000995373484840059,forget,for_000,M_npo_s1
1,-1,real,-43.24341106414795,8.804794311523438,-43.131858348846436,0.0021432576684700866,forget,for_000,M_npo_s1
1,-3,random_position,-43.24341106414795,8.804794311523438,-36.098384857177734,0.13727709063932444,forget,for_000,M_npo_s1
2,-6,real,-43.24341106414795,8.804794311523438,-42.9680609703064,0.005290289873668885,forget,for_000,M_npo_s1
2,-5,real,-43.24341106414795,8.804794311523438,-43.0873122215271,0.0029991205555343517,forget,for_000,M_npo_s1
2,-4,real,-43.24341106414795,8.804794311523438,-41.91580009460449,0.02550733420991332,forget,for_000,M_npo_s1
2,-3,real,-43.24341106414795,8.804794311523438,-30.988381385803223,0.2354553742994764,forget,for_000,M_npo_s1
2,-2,real,-43.24341106414795,8.804794311523438,-43.13387107849121,0.0021045871777154485,forget,for_000,M_npo_s1
2,-1,real,-43.24341106414795,8.804794311523438,-42.98265504837036,0.0050098944602511054,forget,for_000,M_npo_s1
2,-8,random_position,-43.24341106414795,8.804794311523438,-43.20822334289551,0.0006760602214517278,forget,for_000,M_npo_s1
3,-6,real,-43.24341106414795,8.804794311523438,-43.16898536682129,0.0014299378199396776,forget,for_000,M_npo_s1
3,-5,real,-43.24341106414795,8.804794311523438,-42.89486265182495,0.006696646115024711,forget,for_000,M_npo_s1
3,-4,real,-43.24341106414795,8.804794311523438,-42.191139698028564,0.020217245888198142,forget,for_000,M_npo_s1
3,-3,real,-43.24341106414795,8.804794311523438,-24.5869197845459,0.3584463891683488,forget,for_000,M_npo_s1
3,-2,real,-43.24341106414795,8.804794311523438,-43.086915016174316,0.0030067520454179373,forget,for_000,M_npo_s1
3,-1,real,-43.24341106414795,8.804794311523438,-42.80664682388306,0.00839153313956617,forget,for_000,M_npo_s1
3,-12,random_position,-43.24341106414795,8.804794311523438,-43.18421125411987,0.0011374034820372044,forget,for_000,M_npo_s1
4,-6,real,-43.24341106414795,8.804794311523438,-43.25656986236572,-0.0002528194415695298,forget,for_000,M_npo_s1
4,-5,real,-43.24341106414795,8.804794311523438,-42.58547925949097,0.012640816333784987,forget,for_000,M_npo_s1
4,-4,real,-43.24341106414795,8.804794311523438,-42.45082998275757,0.015227827274153295,forget,for_000,M_npo_s1
4,-3,real,-43.24341106414795,8.804794311523438,-19.1231746673584,0.46342109632206346,forget,for_000,M_npo_s1
4,-2,real,-43.24341106414795,8.804794311523438,-43.0047082901001,0.004586186446294402,forget,for_000,M_npo_s1
4,-1,real,-43.24341106414795,8.804794311523438,-42.631630420684814,0.011754115997803377,forget,for_000,M_npo_s1
4,-9,random_position,-43.24341106414795,8.804794311523438,-43.21054267883301,0.0006314989167773477,forget,for_000,M_npo_s1
5,-6,real,-43.24341106414795,8.804794311523438,-43.29372787475586,-0.0009667347845086216,forget,for_000,M_npo_s1
5,-5,real,-43.24341106414795,8.804794311523438,-42.53300428390503,0.013649015852042836,forget,for_000,M_npo_s1
5,-4,real,-43.24341106414795,8.804794311523438,-42.63782978057861,0.01163500795461431,forget,for_000,M_npo_s1
5,-3,real,-43.24341106414795,8.804794311523438,-13.568710327148438,0.5701387881256362,forget,for_000,M_npo_s1
5,-2,real,-43.24341106414795,8.804794311523438,-42.996145248413086,0.004750707809234887,forget,for_000,M_npo_s1
5,-1,real,-43.24341106414795,8.804794311523438,-42.308321475982666,0.01796583727365876,forget,for_000,M_npo_s1
5,-11,random_position,-43.24341106414795,8.804794311523438,-43.21283531188965,0.0005874506534396792,forget,for_000,M_npo_s1
6,-6,real,-43.24341106414795,8.804794311523438,-43.04988479614258,0.003718212119102766,forget,for_000,M_npo_s1
6,-5,real,-43.24341106414795,8.804794311523438,-42.77395057678223,0.009019724772012218,forget,for_000,M_npo_s1
6,-4,real,-43.24341106414795,8.804794311523438,-42.468140602111816,0.01489523906617755,forget,for_000,M_npo_s1
6,-3,real,-43.24341106414795,8.804794311523438,-10.088582992553711,0.637002329519158,forget,for_000,M_npo_s1
6,-2,real,-43.24341106414795,8.804794311523438,-42.971492767333984,0.005224354900449001,forget,for_000,M_npo_s1
6,-1,real,-43.24341106414795,8.804794311523438,-41.23809623718262,0.03852803016917593,forget,for_000,M_npo_s1
6,-2,random_position,-43.24341106414795,8.804794311523438,-42.971492767333984,0.005224354900449001,forget,for_000,M_npo_s1
7,-6,real,-43.24341106414795,8.804794311523438,-43.012821197509766,0.0044303134944584845,forget,for_000,M_npo_s1
7,-5,real,-43.24341106414795,8.804794311523438,-42.92873001098633,0.006045953955382884,forget,for_000,M_npo_s1
7,-4,real,-43.24341106414795,8.804794311523438,-42.994335651397705,0.00478547552124954,forget,for_000,M_npo_s1
7,-3,real,-43.24341106414795,8.804794311523438,-6.41230583190918,0.7076344893431146,forget,for_000,M_npo_s1
7,-2,real,-43.24341106414795,8.804794311523438,-42.876770973205566,0.007044240782099269,forget,for_000,M_npo_s1
7,-1,real,-43.24341106414795,8.804794311523438,-40.06288719177246,0.061107272564332134,forget,for_000,M_npo_s1
7,-8,random_position,-43.24341106414795,8.804794311523438,-43.215850830078125,0.0005295136282010321,forget,for_000,M_npo_s1
8,-6,real,-43.24341106414795,8.804794311523438,-43.052828788757324,0.0036616493117303107,forget,for_000,M_npo_s1
8,-5,real,-43.24341106414795,8.804794311523438,-42.94491100311279,0.005735069228240529,forget,for_000,M_npo_s1
8,-4,real,-43.24341106414795,8.804794311523438,-43.00962257385254,0.004491768517434583,forget,for_000,M_npo_s1
8,-3,real,-43.24341106414795,8.804794311523438,-9.752399444580078,0.6434614100109279,forget,for_000,M_npo_s1
8,-2,real,-43.24341106414795,8.804794311523438,-42.517963886260986,0.013937986384945653,forget,for_000,M_npo_s1
8,-1,real,-43.24341106414795,8.804794311523438,-31.351076126098633,0.22848693537487627,forget,for_000,M_npo_s1
8,-5,random_position,-43.24341106414795,8.804794311523438,-42.94491100311279,0.005735069228240529,forget,for_000,M_npo_s1
9,-6,real,-43.24341106414795,8.804794311523438,-43.21535348892212,0.0005390690230972859,forget,for_000,M_npo_s1
9,-5,real,-43.24341106414795,8.804794311523438,-42.91850185394287,0.006242467110248314,forget,for_000,M_npo_s1
9,-4,real,-43.24341106414795,8.804794311523438,-42.907166957855225,0.006460243996229953,forget,for_000,M_npo_s1
9,-3,real,-43.24341106414795,8.804794311523438,-26.275970458984375,0.3259947289766608,forget,for_000,M_npo_s1
9,-2,real,-43.24341106414795,8.804794311523438,-41.86094331741333,0.026561295183115355,forget,for_000,M_npo_s1
9,-1,real,-43.24341106414795,8.804794311523438,-15.551210403442383,0.5320490968099658,forget,for_000,M_npo_s1
9,-11,random_position,-43.24341106414795,8.804794311523438,-43.238521575927734,9.394153333287282e-05,forget,for_000,M_npo_s1
10,-6,real,-43.24341106414795,8.804794311523438,-43.21155071258545,0.0006121316063164843,forget,for_000,M_npo_s1
10,-5,real,-43.24341106414795,8.804794311523438,-43.319600105285645,-0.0014638168710675266,forget,for_000,M_npo_s1
10,-4,real,-43.24341106414795,8.804794311523438,-42.77464962005615,0.009006294082733303,forget,for_000,M_npo_s1
10,-3,real,-43.24341106414795,8.804794311523438,-39.67695617675781,0.06852214906639578,forget,for_000,M_npo_s1
10,-2,real,-43.24341106414795,8.804794311523438,-42.56517219543457,0.013030975108901726,forget,for_000,M_npo_s1
10,-1,real,-43.24341106414795,8.804794311523438,1.0520362854003906,0.851046583255551,forget,for_000,M_npo_s1
10,-6,random_position,-43.24341106414795,8.804794311523438,-43.21155071258545,0.0006121316063164843,forget,for_000,M_npo_s1
11,-6,real,-43.24341106414795,8.804794311523438,-43.24341106414795,0.0,forget,for_000,M_npo_s1
11,-5,real,-43.24341106414795,8.804794311523438,-43.24341106414795,0.0,forget,for_000,M_npo_s1
11,-4,real,-43.24341106414795,8.804794311523438,-43.24341106414795,0.0,forget,for_000,M_npo_s1
11,-3,real,-43.24341106414795,8.804794311523438,-43.24341106414795,0.0,forget,for_000,M_npo_s1
11,-2,real,-43.24341106414795,8.804794311523438,-43.24341106414795,0.0,forget,for_000,M_npo_s1
11,-1,real,-43.24341106414795,8.804794311523438,8.831539154052734,1.0005138475445265,forget,for_000,M_npo_s1
11,-6,random_position,-43.24341106414795,8.804794311523438,-43.24341106414795,0.0,forget,for_000,M_npo_s1
0,-6,real,-44.9486665725708,8.965827941894531,-44.90233671665192,0.0008593209736289731,forget,for_000,M_npo_s1
0,-5,real,-44.9486665725708,8.965827941894531,-43.47127628326416,0.027402469458565632,forget,for_000,M_npo_s1
0,-4,real,-44.9486665725708,8.965827941894531,-41.27540636062622,0.06813121860873683,forget,for_000,M_npo_s1
0,-3,real,-44.9486665725708,8.965827941894531,-44.92364168167114,0.0004641588709126076,forget,for_000,M_npo_s1
0,-2,real,-44.9486665725708,8.965827941894531,-44.96549052000046,-0.0003120486908236355,forget,for_000,M_npo_s1
0,-1,real,-44.9486665725708,8.965827941894531,-44.90995812416077,0.0007179599615767269,forget,for_000,M_npo_s1
0,-10,random_position,-44.9486665725708,8.965827941894531,-44.9072003364563,0.0007691110987487141,forget,for_000,M_npo_s1
1,-6,real,-44.9486665725708,8.965827941894531,-44.80376088619232,0.00268769442583943,forget,for_000,M_npo_s1
1,-5,real,-44.9486665725708,8.965827941894531,-43.14837670326233,0.033391574668764655,forget,for_000,M_npo_s1
1,-4,real,-44.9486665725708,8.965827941894531,-37.38534212112427,0.14028369401510912,forget,for_000,M_npo_s1
1,-3,real,-44.9486665725708,8.965827941894531,-44.91392683982849,0.0006443486682971469,forget,for_000,M_npo_s1
1,-2,real,-44.9486665725708,8.965827941894531,-44.94701910018921,3.0557133038681795e-05,forget,for_000,M_npo_s1
1,-1,real,-44.9486665725708,8.965827941894531,-44.86405038833618,0.0015694514990197395,forget,for_000,M_npo_s1
1,-3,random_position,-44.9486665725708,8.965827941894531,-44.91392683982849,0.0006443486682971469,forget,for_000,M_npo_s1
2,-6,real,-44.9486665725708,8.965827941894531,-44.54264676570892,0.007530809859544204,forget,for_000,M_npo_s1
2,-5,real,-44.9486665725708,8.965827941894531,-43.542256116867065,0.026085943462316866,forget,for_000,M_npo_s1
2,-4,real,-44.9486665725708,8.965827941894531,-31.96943473815918,0.24073733698698177,forget,for_000,M_npo_s1
2,-3,real,-44.9486665725708,8.965827941894531,-44.90251100063324,0.0008560883738820445,forget,for_000,M_npo_s1
2,-2,real,-44.9486665725708,8.965827941894531,-44.93134504556656,0.0003212777409903111,forget,for_000,M_npo_s1
2,-1,real,-44.9486665725708,8.965827941894531,-44.76566457748413,0.0033943004888522185,forget,for_000,M_npo_s1
2,-7,random_position,-44.9486665725708,8.965827941894531,-44.597413063049316,0.006515010716222937,forget,for_000,M_npo_s1
3,-6,real,-44.9486665725708,8.965827941894531,-44.437559366226196,0.009479959163995756,forget,for_000,M_npo_s1
3,-5,real,-44.9486665725708,8.965827941894531,-43.83068251609802,0.02073624294433145,forget,for_000,M_npo_s1
3,-4,real,-44.9486665725708,8.965827941894531,-25.107284545898438,0.3680157294500627,forget,for_000,M_npo_s1
3,-3,real,-44.9486665725708,8.965827941894531,-44.92470109462738,0.0004445089981691369,forget,for_000,M_npo_s1
3,-2,real,-44.9486665725708,8.965827941894531,-44.93580079078674,0.0002386330781716911,forget,for_000,M_npo_s1
3,-1,real,-44.9486665725708,8.965827941894531,-44.61477506160736,0.006192982313389888,forget,for_000,M_npo_s1
3,-10,random_position,-44.9486665725708,8.965827941894531,-44.878765404224396,0.0012965190339983704,forget,for_000,M_npo_s1
4,-6,real,-44.9486665725708,8.965827941894531,-44.25067925453186,0.01294619052491848,forget,for_000,M_npo_s1
4,-5,real,-44.9486665725708,8.965827941894531,-44.11921715736389,0.015384534765217298,forget,for_000,M_npo_s1
4,-4,real,-44.9486665725708,8.965827941894531,-19.468215942382812,0.4726085417225149,forget,for_000,M_npo_s1
4,-3,real,-44.9486665725708,8.965827941894531,-44.88844358921051,0.0011170091438793444,forget,for_000,M_npo_s1
4,-2,real,-44.9486665725708,8.965827941894531,-44.86914587020874,0.0014749410724925749,forget,for_000,M_npo_s1
4,-1,real,-44.9486665725708,8.965827941894531,-44.4988659620285,0.008342851298023674,forget,for_000,M_npo_s1
4,-8,random_position,-44.9486665725708,8.965827941894531,-44.91193222999573,0.0006813444678632269,forget,for_000,M_npo_s1
5,-6,real,-44.9486665725708,8.965827941894531,-44.3008474111557,0.012015677180118778,forget,for_000,M_npo_s1
5,-5,real,-44.9486665725708,8.965827941894531,-44.28518903255463,0.012306107030979627,forget,for_000,M_npo_s1
5,-4,real,-44.9486665725708,8.965827941894531,-13.674650192260742,0.580066949749834,forget,for_000,M_npo_s1
5,-3,real,-44.9486665725708,8.965827941894531,-44.88531816005707,0.0011749792534313096,forget,for_000,M_npo_s1
5,-2,real,-44.9486665725708,8.965827941894531,-44.822158455848694,0.0023464583663705615,forget,for_000,M_npo_s1
5,-1,real,-44.9486665725708,8.965827941894531,-44.136502742767334,0.01506392366500927,forget,for_000,M_npo_s1
5,-9,random_position,-44.9486665725708,8.965827941894531,-44.88041877746582,0.001265852452473045,forget,for_000,M_npo_s1
6,-6,real,-44.9486665725708,8.965827941894531,-44.54564619064331,0.007475176862121175,forget,for_000,M_npo_s1
6,-5,real,-44.9486665725708,8.965827941894531,-44.191762924194336,0.014038964015018012,forget,for_000,M_npo_s1
6,-4,real,-44.9486665725708,8.965827941894531,-10.71335220336914,0.6349927728621526,forget,for_000,M_npo_s1
6,-3,real,-44.9486665725708,8.965827941894531,-44.822304129600525,0.0023437564259528145,forget,for_000,M_npo_s1
6,-2,real,-44.9486665725708,8.965827941894531,-44.8163241147995,0.0024546730700738296,forget,for_000,M_npo_s1
6,-1,real,-44.9486665725708,8.965827941894531,-42.30570888519287,0.0490212828883858,forget,for_000,M_npo_s1
6,-2,random_position,-44.9486665725708,8.965827941894531,-44.8163241147995,0.0024546730700738296,forget,for_000,M_npo_s1
7,-6,real,-44.9486665725708,8.965827941894531,-44.681302309036255,0.004959042386325475,forget,for_000,M_npo_s1
7,-5,real,-44.9486665725708,8.965827941894531,-44.82787775993347,0.0022403773553867096,forget,for_000,M_npo_s1
7,-4,real,-44.9486665725708,8.965827941894531,-7.102113723754883,0.7019736193327684,forget,for_000,M_npo_s1
7,-3,real,-44.9486665725708,8.965827941894531,-44.8214356303215,0.00235986525321427,forget,for_000,M_npo_s1
7,-2,real,-44.9486665725708,8.965827941894531,-44.80210095643997,0.0027184826167943594,forget,for_000,M_npo_s1
7,-1,real,-44.9486665725708,8.965827941894531,-40.788809299468994,0.07715656634758417,forget,for_000,M_npo_s1
7,-7,random_position,-44.9486665725708,8.965827941894531,-44.79326617717743,0.0028823491121052324,forget,for_000,M_npo_s1
8,-6,real,-44.9486665725708,8.965827941894531,-44.82447803020477,0.0023034351612571994,forget,for_000,M_npo_s1
8,-5,real,-44.9486665725708,8.965827941894531,-44.85845243930817,0.0016732816300156484,forget,for_000,M_npo_s1
8,-4,real,-44.9486665725708,8.965827941894531,-11.07110595703125,0.6283571963463398,forget,for_000,M_npo_s1
8,-3,real,-44.9486665725708,8.965827941894531,-44.65333437919617,0.005477788413566518,forget,for_000,M_npo_s1
8,-2,real,-44.9486665725708,8.965827941894531,-44.64280694723129,0.005673050041440072,forget,for_000,M_npo_s1
8,-1,real,-44.9486665725708,8.965827941894531,-31.570326805114746,0.24813994618583743,forget,for_000,M_npo_s1
8,-4,random_position,-44.9486665725708,8.965827941894531,-11.07110595703125,0.6283571963463398,forget,for_000,M_npo_s1
9,-6,real,-44.9486665725708,8.965827941894531,-44.80778098106384,0.0026131301568478624,forget,for_000,M_npo_s1
9,-5,real,-44.9486665725708,8.965827941894531,-44.81303632259369,0.002515654671318898,forget,for_000,M_npo_s1
9,-4,real,-44.9486665725708,8.965827941894531,-28.197897911071777,0.31069137923577805,forget,for_000,M_npo_s1
9,-3,real,-44.9486665725708,8.965827941894531,-44.581512689590454,0.0068099290605764425,forget,for_000,M_npo_s1
9,-2,real,-44.9486665725708,8.965827941894531,-44.34913957118988,0.011119959609749592,forget,for_000,M_npo_s1
9,-1,real,-44.9486665725708,8.965827941894531,-15.615646362304688,0.544065570389351,forget,for_000,M_npo_s1
9,-10,random_position,-44.9486665725708,8.965827941894531,-44.87938976287842,0.0012849384996792607,forget,for_000,M_npo_s1
10,-6,real,-44.9486665725708,8.965827941894531,-45.007102489471436,-0.0010838628355303661,forget,for_000,M_npo_s1
10,-5,real,-44.9486665725708,8.965827941894531,-44.771485328674316,0.0032863378483303112,forget,for_000,M_npo_s1
10,-4,real,-44.9486665725708,8.965827941894531,-42.396867513656616,0.047330482867265565,forget,for_000,M_npo_s1
10,-3,real,-44.9486665725708,8.965827941894531,-44.639848589897156,0.005727921321617672,forget,for_000,M_npo_s1
10,-2,real,-44.9486665725708,8.965827941894531,-44.538837134838104,0.007601470465845483,forget,for_000,M_npo_s1
10,-1,real,-44.9486665725708,8.965827941894531,0.5030364990234375,0.8430330930655296,forget,for_000,M_npo_s1
10,-5,random_position,-44.9486665725708,8.965827941894531,-44.771485328674316,0.0032863378483303112,forget,for_000,M_npo_s1
11,-6,real,-44.9486665725708,8.965827941894531,-44.9486665725708,0.0,forget,for_000,M_npo_s1
11,-5,real,-44.9486665725708,8.965827941894531,-44.9486665725708,0.0,forget,for_000,M_npo_s1
11,-4,real,-44.9486665725708,8.965827941894531,-44.9486665725708,0.0,forget,for_000,M_npo_s1
11,-3,real,-44.9486665725708,8.965827941894531,-44.9486665725708,0.0,forget,for_000,M_npo_s1
11,-2,real,-44.9486665725708,8.965827941894531,-44.9486665725708,0.0,forget,for_000,M_npo_s1
11,-1,real,-44.9486665725708,8.965827941894531,9.033121109008789,1.0012481461195226,forget,for_000,M_npo_s1
11,-5,random_position,-44.9486665725708,8.965827941894531,-44.9486665725708,0.0,forget,for_000,M_npo_s1
0,-6,real,-36.57695555686951,12.8388671875,-36.57704997062683,-1.910597700915065e-06,forget,for_001,M_npo_s1
0,-5,real,-36.57695555686951,12.8388671875,-36.57154023647308,0.000109586769898319,forget,for_001,M_npo_s1
0,-4,real,-36.57695555686951,12.8388671875,-36.57409191131592,5.794997218608799e-05,forget,for_001,M_npo_s1
0,-3,real,-36.57695555686951,12.8388671875,-36.559757351875305,0.0003480303279208529,forget,for_001,M_npo_s1
0,-2,real,-36.57695555686951,12.8388671875,-36.549715518951416,0.000551241209905679,forget,for_001,M_npo_s1
0,-1,real,-36.57695555686951,12.8388671875,-36.53764486312866,0.0007955082311226687,forget,for_001,M_npo_s1
0,-14,random_position,-36.57695555686951,12.8388671875,-36.567757964134216,0.00018612647173497706,forget,for_001,M_npo_s1
1,-6,real,-36.57695555686951,12.8388671875,-36.573336720466614,7.323234142257402e-05,forget,for_001,M_npo_s1
1,-5,real,-36.57695555686951,12.8388671875,-36.556466817855835,0.000414619000065245,forget,for_001,M_npo_s1
1,-4,real,-36.57695555686951,12.8388671875,-36.570791721343994,0.00012473404636807368,forget,for_001,M_npo_s1
1,-3,real,-36.57695555686951,12.8388671875,-36.56062352657318,0.0003305020414374579,forget,for_001,M_npo_s1
1,-2,real,-36.57695555686951,12.8388671875,-36.49364048242569,0.001685999945297079,forget,for_001,M_npo_s1
1,-1,real,-36.57695555686951,12.8388671875,-36.48586845397949,0.0018432780804078226,forget,for_001,M_npo_s1
1,-3,random_position,-36.57695555686951,12.8388671875,-36.56062352657318,0.0003305020414374579,forget,for_001,M_npo_s1
2,-6,real,-36.57695555686951,12.8388671875,-36.57964372634888,-5.4398962317720596e-05,forget,for_001,M_npo_s1
2,-5,real,-36.57695555686951,12.8388671875,-36.54650366306305,0.0006162377172993085,forget,for_001,M_npo_s1
2,-4,real,-36.57695555686951,12.8388671875,-36.57933294773102,-4.810991155220851e-05,forget,for_001,M_npo_s1
2,-3,real,-36.57695555686951,12.8388671875,-36.55590760707855,0.00042593543164983155,forget,for_001,M_npo_s1
2,-2,real,-36.57695555686951,12.8388671875,-36.482863903045654,0.0019040794749202764,forget,for_001,M_npo_s1
2,-1,real,-36.57695555686951,12.8388671875,-36.460218369960785,0.0023623442943085083,forget,for_001,M_npo_s1
2,-9,random_position,-36.57695555686951,12.8388671875,-36.00148515403271,0.011645468412288437,forget,for_001,M_npo_s1
3,-6,real,-36.57695555686951,12.8388671875,-36.56384253501892,0.000265360791793759,forget,for_001,M_npo_s1
3,-5,real,-36.57695555686951,12.8388671875,-36.55578863620758,0.0004283429777426513,forget,for_001,M_npo_s1
3,-4,real,-36.57695555686951,12.8388671875,-36.58837449550629,-0.00023107858986483982,forget,for_001,M_npo_s1
3,-3,real,-36.57695555686951,12.8388671875,-36.55491495132446,0.0004460232435886191,forget,for_001,M_npo_s1
3,-2,real,-36.57695555686951,12.8388671875,-36.49492305517197,0.0016600452474888148,forget,for_001,M_npo_s1
3,-1,real,-36.57695555686951,12.8388671875,-36.402966380119324,0.0035209203669488154,forget,for_001,M_npo_s1
3,-14,random_position,-36.57695555686951,12.8388671875,-36.548837065696716,0.0005690179705850264,forget,for_001,M_npo_s1
4,-6,real,-36.57695555686951,12.8388671875,-36.55635595321655,0.0004168625049413195,forget,for_001,M_npo_s1
4,-5,real,-36.57695555686951,12.8388671875,-36.54478561878204,0.00065100480576596,forget,for_001,M_npo_s1
4,-4,real,-36.57695555686951,12.8388671875,-36.57551336288452,2.9184862355644515e-05,forget,for_001,M_npo_s1
4,-3,real,-36.57695555686951,12.8388671875,-36.550065755844116,0.0005441536643939512,forget,for_001,M_npo_s1
4,-2,real,-36.57695555686951,12.8388671875,-36.48506569862366,0.0018595229856072698,forget,for_001,M_npo_s1
4,-1,real,-36.57695555686951,12.8388671875,-36.360399067401886,0.004382330950713464,forget,for_001,M_npo_s1
4,-11,random_position,-36.57695555686951,12.8388671875,-36.48376530408859,0.00188583833285529,forget,for_001,M_npo_s1
5,-6,real,-36.57695555686951,12.8388671875,-36.509599447250366,0.0013630474183861535,forget,for_001,M_npo_s1
5,-5,real,-36.57695555686951,12.8388671875,-36.530166029930115,0.0009468531401659874,forget,for_001,M_npo_s1
5,-4,real,-36.57695555686951,12.8388671875,-36.58092951774597,-8.041879413851591e-05,forget,for_001,M_npo_s1
5,-3,real,-36.57695555686951,12.8388671875,-36.55336904525757,0.0004773068685702688,forget,for_001,M_npo_s1
5,-2,real,-36.57695555686951,12.8388671875,-36.50269818305969,0.0015027043907363744,forget,for_001,M_npo_s1
5,-1,real,-36.57695555686951,12.8388671875,-36.25905221700668,0.0064332297269915585,forget,for_001,M_npo_s1
5,-12,random_position,-36.57695555686951,12.8388671875,-36.51890158653259,0.0011748052974293298,forget,for_001,M_npo_s1
6,-6,real,-36.57695555686951,12.8388671875,-36.43564164638519,0.002859689521215458,forget,for_001,M_npo_s1
6,-5,real,-36.57695555686951,12.8388671875,-36.450002670288086,0.0025690736191554364,forget,for_001,M_npo_s1
6,-4,real,-36.57695555686951,12.8388671875,-36.53490215539932,0.0008510108530971679,forget,for_001,M_npo_s1
6,-3,real,-36.57695555686951,12.8388671875,-36.54443830251694,0.0006580332481922428,forget,for_001,M_npo_s1
6,-2,real,-36.57695555686951,12.8388671875,-36.4699866771698,0.0021646685972034167,forget,for_001,M_npo_s1
6,-1,real,-36.57695555686951,12.8388671875,-36.08790668845177,0.00989660479696177,forget,for_001,M_npo_s1
6,-2,random_position,-36.57695555686951,12.8388671875,-36.4699866771698,0.0021646685972034167,forget,for_001,M_npo_s1
7,-6,real,-36.57695555686951,12.8388671875,-36.44777011871338,0.002614252500143741,forget,for_001,M_npo_s1
7,-5,real,-36.57695555686951,12.8388671875,-36.32097226381302,0.005180188831028925,forget,for_001,M_npo_s1
7,-4,real,-36.57695555686951,12.8388671875,-36.55853033065796,0.0003728608609202453,forget,for_001,M_npo_s1
7,-3,real,-36.57695555686951,12.8388671875,-36.56044536828995,0.0003341073296496013,forget,for_001,M_npo_s1
7,-2,real,-36.57695555686951,12.8388671875,-36.473424673080444,0.002095095822336762,forget,for_001,M_npo_s1
7,-1,real,-36.57695555686951,12.8388671875,-35.51023888587952,0.021586540742388693,forget,for_001,M_npo_s1
7,-9,random_position,-36.57695555686951,12.8388671875,-19.388988494873047,0.34782314868884534,forget,for_001,M_npo_s1
8,-6,real,-36.57695555686951,12.8388671875,-36.38579559326172,0.003868395849577736,forget,for_001,M_npo_s1
8,-5,real,-36.57695555686951,12.8388671875,-36.002020835876465,0.011634628122397309,forget,for_001,M_npo_s1
8,-4,real,-36.57695555686951,12.8388671875,-36.566328287124634,0.00021505803515300026,forget,for_001,M_npo_s1
8,-3,real,-36.57695555686951,12.8388671875,-36.51227307319641,0.0013089427653102405,forget,for_001,M_npo_s1
8,-2,real,-36.57695555686951,12.8388671875,-36.506557524204254,0.0014246050911552195,forget,for_001,M_npo_s1
8,-1,real,-36.57695555686951,12.8388671875,-32.227806091308594,0.0880112729896106,forget,for_001,M_npo_s1
8,-5,random_position,-36.57695555686951,12.8388671875,-36.002020835876465,0.011634628122397309,forget,for_001,M_npo_s1
9,-6,real,-36.57695555686951,12.8388671875,-36.40548485517502,0.0034699554145139894,forget,for_001,M_npo_s1
9,-5,real,-36.57695555686951,12.8388671875,-35.680202305316925,0.01814708734470598,forget,for_001,M_npo_s1
9,-4,real,-36.57695555686951,12.8388671875,-36.532065868377686,0.0009084071861767408,forget,for_001,M_npo_s1
9,-3,real,-36.57695555686951,12.8388671875,-36.43583822250366,0.0028557115217093857,forget,for_001,M_npo_s1
9,-2,real,-36.57695555686951,12.8388671875,-36.51575183868408,0.0012385449596181907,forget,for_001,M_npo_s1
9,-1,real,-36.57695555686951,12.8388671875,-17.833559036254883,0.3792994931517207,forget,for_001,M_npo_s1
9,-13,random_position,-36.57695555686951,12.8388671875,-36.56423461437225,0.0002574265041191256,forget,for_001,M_npo_s1
10,-6,real,-36.57695555686951,12.8388671875,-36.25892424583435,0.006435819407082382,forget,for_001,M_npo_s1
10,-5,real,-36.57695555686951,12.8388671875,-35.49512406438589,0.021892410819101073,forget,for_001,M_npo_s1
10,-4,real,-36.57695555686951,12.8388671875,-36.32269239425659,0.00514537952607267,forget,for_001,M_npo_s1
10,-3,real,-36.57695555686951,12.8388671875,-36.416237354278564,0.003252363183799359,forget,for_001,M_npo_s1
10,-2,real,-36.57695555686951,12.8388671875,-36.55694258213043,0.0004049912280648005,forget,for_001,M_npo_s1
10,-1,real,-36.57695555686951,12.8388671875,0.06742095947265625,0.7415514805026182,forget,for_001,M_npo_s1
10,-6,random_position,-36.57695555686951,12.8388671875,-36.25892424583435,0.006435819407082382,forget,for_001,M_npo_s1
11,-6,real,-36.57695555686951,12.8388671875,-36.57695555686951,0.0,forget,for_001,M_npo_s1
11,-5,real,-36.57695555686951,12.8388671875,-36.57695555686951,0.0,forget,for_001,M_npo_s1
11,-4,real,-36.57695555686951,12.8388671875,-36.57695555686951,0.0,forget,for_001,M_npo_s1
11,-3,real,-36.57695555686951,12.8388671875,-36.57695555686951,0.0,forget,for_001,M_npo_s1
11,-2,real,-36.57695555686951,12.8388671875,-36.57695555686951,0.0,forget,for_001,M_npo_s1
11,-1,real,-36.57695555686951,12.8388671875,12.827510833740234,0.9997701879048233,forget,for_001,M_npo_s1
11,-7,random_position,-36.57695555686951,12.8388671875,-36.57695555686951,0.0,forget,for_001,M_npo_s1
0,-6,real,-36.035433650016785,12.952835083007812,-36.00261831283569,0.0006698611326709208,forget,for_001,M_npo_s1
0,-5,real,-36.035433650016785,12.952835083007812,-36.05036944150925,-0.0003048850649092943,forget,for_001,M_npo_s1
0,-4,real,-36.035433650016785,12.952835083007812,-36.06205070018768,-0.0005433351873681344,forget,for_001,M_npo_s1
0,-3,real,-36.035433650016785,12.952835083007812,-35.97795397043228,0.0011733355979113064,forget,for_001,M_npo_s1
0,-2,real,-36.035433650016785,12.952835083007812,-36.01910054683685,0.00033340845884845407,forget,for_001,M_npo_s1
0,-1,real,-36.035433650016785,12.952835083007812,-36.03907907009125,-7.441414380919719e-05,forget,for_001,M_npo_s1
0,-11,random_position,-36.035433650016785,12.952835083007812,-36.023758471012115,0.00023832601777165006,forget,for_001,M_npo_s1
1,-6,real,-36.035433650016785,12.952835083007812,-35.9256571829319,0.0022408725583494796,forget,for_001,M_npo_s1
1,-5,real,-36.035433650016785,12.952835083007812,-36.00048476457596,0.0007134133608862611,forget,for_001,M_npo_s1
1,-4,real,-36.035433650016785,12.952835083007812,-36.13107204437256,-0.0019522713667833897,forget,for_001,M_npo_s1
1,-3,real,-36.035433650016785,12.952835083007812,-35.96010738611221,0.0015376388235943442,forget,for_001,M_npo_s1
1,-2,real,-36.035433650016785,12.952835083007812,-36.009256303310394,0.0005343594983740133,forget,for_001,M_npo_s1
1,-1,real,-36.035433650016785,12.952835083007812,-35.99079269170761,0.0009112581330942126,forget,for_001,M_npo_s1
1,-3,random_position,-36.035433650016785,12.952835083007812,-35.96010738611221,0.0015376388235943442,forget,for_001,M_npo_s1
2,-6,real,-36.035433650016785,12.952835083007812,-35.60519582033157,0.008782466513154685,forget,for_001,M_npo_s1
2,-5,real,-36.035433650016785,12.952835083007812,-35.951239824295044,0.0017186528101366216,forget,for_001,M_npo_s1
2,-4,real,-36.035433650016785,12.952835083007812,-36.20000660419464,-0.0033594360126246395,forget,for_001,M_npo_s1
2,-3,real,-36.035433650016785,12.952835083007812,-35.934532940387726,0.0020596912738220195,forget,for_001,M_npo_s1
2,-2,real,-36.035433650016785,12.952835083007812,-36.01297426223755,0.00045846461530687306,forget,for_001,M_npo_s1
2,-1,real,-36.035433650016785,12.952835083007812,-35.93487846851349,0.0020526379907667234,forget,for_001,M_npo_s1
2,-8,random_position,-36.035433650016785,12.952835083007812,-35.94794464111328,0.0017859175505935815,forget,for_001,M_npo_s1
3,-6,real,-36.035433650016785,12.952835083007812,-34.915393710136414,0.022863431773520005,forget,for_001,M_npo_s1
3,-5,real,-36.035433650016785,12.952835083007812,-36.007397294044495,0.000572307548263893,forget,for_001,M_npo_s1
3,-4,real,-36.035433650016785,12.952835083007812,-36.107853293418884,-0.0014783058327039664,forget,for_001,M_npo_s1
3,-3,real,-36.035433650016785,12.952835083007812,-35.944397151470184,0.0018583326355689246,forget,for_001,M_npo_s1
3,-2,real,-36.035433650016785,12.952835083007812,-35.9886714220047,0.000954559718509934,forget,for_001,M_npo_s1
3,-1,real,-36.035433650016785,12.952835083007812,-35.89314550161362,0.0029045351485803093,forget,for_001,M_npo_s1
3,-11,random_position,-36.035433650016785,12.952835083007812,-36.00500535964966,0.0006211342256848069,forget,for_001,M_npo_s1
4,-6,real,-36.035433650016785,12.952835083007812,-33.59630608558655,0.04979003397166271,forget,for_001,M_npo_s1
4,-5,real,-36.035433650016785,12.952835083007812,-36.00825625658035,0.0005547735027041426,forget,for_001,M_npo_s1
4,-4,real,-36.035433650016785,12.952835083007812,-36.083319425582886,-0.0009774947513876869,forget,for_001,M_npo_s1
4,-3,real,-36.035433650016785,12.952835083007812,-35.96928298473358,0.0013503368662344418,forget,for_001,M_npo_s1
4,-2,real,-36.035433650016785,12.952835083007812,-35.988415598869324,0.0009597818490728685,forget,for_001,M_npo_s1
4,-1,real,-36.035433650016785,12.952835083007812,-35.79898363351822,0.004826666110353211,forget,for_001,M_npo_s1
4,-8,random_position,-36.035433650016785,12.952835083007812,-35.94867321848869,0.0017710450638890078,forget,for_001,M_npo_s1
5,-6,real,-36.035433650016785,12.952835083007812,-30.491165161132812,0.11317543224683095,forget,for_001,M_npo_s1
5,-5,real,-36.035433650016785,12.952835083007812,-35.94351762533188,0.0018762864469824057,forget,for_001,M_npo_s1
5,-4,real,-36.035433650016785,12.952835083007812,-35.98273882269859,0.001075662167311257,forget,for_001,M_npo_s1
5,-3,real,-36.035433650016785,12.952835083007812,-35.97816753387451,0.0011689761165956042,forget,for_001,M_npo_s1
5,-2,real,-36.035433650016785,12.952835083007812,-35.968478202819824,0.0013667649200230583,forget,for_001,M_npo_s1
5,-1,real,-36.035433650016785,12.952835083007812,-35.63238316774368,0.008227489819443084,forget,for_001,M_npo_s1
5,-10,random_position,-36.035433650016785,12.952835083007812,-35.99521142244339,0.0008210583597595,forget,for_001,M_npo_s1
6,-6,real,-36.035433650016785,12.952835083007812,-24.35890483856201,0.2383535714456315,forget,for_001,M_npo_s1
6,-5,real,-36.035433650016785,12.952835083007812,-35.912146866321564,0.0025166593326068957,forget,for_001,M_npo_s1
6,-4,real,-36.035433650016785,12.952835083007812,-35.983568623661995,0.0010587233984006015,forget,for_001,M_npo_s1
6,-3,real,-36.035433650016785,12.952835083007812,-35.98589640855789,0.001011206207936435,forget,for_001,M_npo_s1
6,-2,real,-36.035433650016785,12.952835083007812,-35.94472032785416,0.0018517356197459444,forget,for_001,M_npo_s1
6,-1,real,-36.035433650016785,12.952835083007812,-35.441207230091095,0.012129973875257653,forget,for_001,M_npo_s1
6,-2,random_position,-36.035433650016785,12.952835083007812,-35.94472032785416,0.0018517356197459444,forget,for_001,M_npo_s1
7,-6,real,-36.035433650016785,12.952835083007812,-21.66576385498047,0.2933287941516751,forget,for_001,M_npo_s1
7,-5,real,-36.035433650016785,12.952835083007812,-35.88487905263901,0.003073278588354834,forget,for_001,M_npo_s1
7,-4,real,-36.035433650016785,12.952835083007812,-35.712488517165184,0.006592295282194628,forget,for_001,M_npo_s1
7,-3,real,-36.035433650016785,12.952835083007812,-35.97318476438522,0.0012706896414487346,forget,for_001,M_npo_s1
7,-2,real,-36.035433650016785,12.952835083007812,-35.901070177555084,0.002742768338966052,forget,for_001,M_npo_s1
7,-1,real,-36.035433650016785,12.952835083007812,-34.71489095687866,0.02695630458661017,forget,for_001,M_npo_s1
7,-7,random_position,-36.035433650016785,12.952835083007812,-23.94113254547119,0.2468815783316798,forget,for_001,M_npo_s1
8,-6,real,-36.035433650016785,12.952835083007812,-19.9379301071167,0.3285991515770434,forget,for_001,M_npo_s1
8,-5,real,-36.035433650016785,12.952835083007812,-36.07496678829193,-0.0008069919451653514,forget,for_001,M_npo_s1
8,-4,real,-36.035433650016785,12.952835083007812,-35.63198858499527,0.008235544456984236,forget,for_001,M_npo_s1
8,-3,real,-36.035433650016785,12.952835083007812,-36.14635080099106,-0.0022641573961053414,forget,for_001,M_npo_s1
8,-2,real,-36.035433650016785,12.952835083007812,-35.56856471300125,0.009530219154301361,forget,for_001,M_npo_s1
8,-1,real,-36.035433650016785,12.952835083007812,-31.456090450286865,0.09347836366062134,forget,for_001,M_npo_s1
8,-5,random_position,-36.035433650016785,12.952835083007812,-36.07496678829193,-0.0008069919451653514,forget,for_001,M_npo_s1
9,-6,real,-36.035433650016785,12.952835083007812,-26.775324821472168,0.18902706848062328,forget,for_001,M_npo_s1
9,-5,real,-36.035433650016785,12.952835083007812,-35.74692112207413,0.0058894207818404026,forget,for_001,M_npo_s1
9,-4,real,-36.035433650016785,12.952835083007812,-35.3937041759491,0.01309965611491547,forget,for_001,M_npo_s1
9,-3,real,-36.035433650016785,12.952835083007812,-36.086606562137604,-0.001044595235641013,forget,for_001,M_npo_s1
9,-2,real,-36.035433650016785,12.952835083007812,-35.3815551251173,0.013347655302190375,forget,for_001,M_npo_s1
9,-1,real,-36.035433650016785,12.952835083007812,-16.92644691467285,0.3900727098457745,forget,for_001,M_npo_s1
9,-10,random_position,-36.035433650016785,12.952835083007812,-36.02223187685013,0.0002694884613825258,forget,for_001,M_npo_s1
10,-6,real,-36.035433650016785,12.952835083007812,-29.454380989074707,0.13433935983342016,forget,for_001,M_npo_s1
10,-5,real,-36.035433650016785,12.952835083007812,-35.754264771938324,0.005739514486841123,forget,for_001,M_npo_s1
10,-4,real,-36.035433650016785,12.952835083007812,-35.38295668363571,0.013319045217477074,forget,for_001,M_npo_s1
10,-3,real,-36.035433650016785,12.952835083007812,-36.276006042957306,-0.004910816388543723,forget,for_001,M_npo_s1
10,-2,real,-36.035433650016785,12.952835083007812,-35.18461759388447,0.017367751058300896,forget,for_001,M_npo_s1
10,-1,real,-36.035433650016785,12.952835083007812,1.177591323852539,0.7596313553490165,forget,for_001,M_npo_s1
10,-5,random_position,-36.035433650016785,12.952835083007812,-35.754264771938324,0.005739514486841123,forget,for_001,M_npo_s1
11,-6,real,-36.035433650016785,12.952835083007812,-36.035433650016785,0.0,forget,for_001,M_npo_s1
11,-5,real,-36.035433650016785,12.952835083007812,-36.035433650016785,0.0,forget,for_001,M_npo_s1
11,-4,real,-36.035433650016785,12.952835083007812,-36.035433650016785,0.0,forget,for_001,M_npo_s1
11,-3,real,-36.035433650016785,12.952835083007812,-36.035433650016785,0.0,forget,for_001,M_npo_s1
11,-2,real,-36.035433650016785,12.952835083007812,-36.035433650016785,0.0,forget,for_001,M_npo_s1
11,-1,real,-36.035433650016785,12.952835083007812,12.949533462524414,0.9999326038545802,forget,for_001,M_npo_s1
11,-6,random_position,-36.035433650016785,12.952835083007812,-36.035433650016785,0.0,forget,for_001,M_npo_s1
0,-6,real,-37.26137733459473,11.569015502929688,-37.122421979904175,0.0028456734958677114,forget,for_001,M_npo_s1
0,-5,real,-37.26137733459473,11.569015502929688,-36.988587379455566,0.0055864788154956395,forget,for_001,M_npo_s1
0,-4,real,-37.26137733459473,11.569015502929688,-37.203306436538696,0.0011892367577146514,forget,for_001,M_npo_s1
0,-3,real,-37.26137733459473,11.569015502929688,-37.23133134841919,0.0006153132184602832,forget,for_001,M_npo_s1
0,-2,real,-37.26137733459473,11.569015502929688,-37.293840646743774,-0.0006648177551441068,forget,for_001,M_npo_s1
0,-1,real,-37.26137733459473,11.569015502929688,-37.27203130722046,-0.00021818322578689606,forget,for_001,M_npo_s1
0,-12,random_position,-37.26137733459473,11.569015502929688,-37.24963617324829,0.00024044781670101337,forget,for_001,M_npo_s1
1,-6,real,-37.26137733459473,11.569015502929688,-36.964176177978516,0.006086397002889201,forget,for_001,M_npo_s1
1,-5,real,-37.26137733459473,11.569015502929688,-36.18318223953247,0.02208041001533171,forget,for_001,M_npo_s1
1,-4,real,-37.26137733459473,11.569015502929688,-37.0124614238739,0.0050975610937445135,forget,for_001,M_npo_s1
1,-3,real,-37.26137733459473,11.569015502929688,-37.173792600631714,0.0017936520448327614,forget,for_001,M_npo_s1
1,-2,real,-37.26137733459473,11.569015502929688,-37.381237268447876,-0.0024546174398384388,forget,for_001,M_npo_s1
1,-1,real,-37.26137733459473,11.569015502929688,-37.24068307876587,0.00042379867591306014,forget,for_001,M_npo_s1
1,-3,random_position,-37.26137733459473,11.569015502929688,-37.173792600631714,0.0017936520448327614,forget,for_001,M_npo_s1
2,-6,real,-37.26137733459473,11.569015502929688,-37.115089416503906,0.0029958374198948336,forget,for_001,M_npo_s1
2,-5,real,-37.26137733459473,11.569015502929688,-34.331455171108246,0.060002019095675596,forget,for_001,M_npo_s1
2,-4,real,-37.26137733459473,11.569015502929688,-36.553749799728394,0.014491538850012005,forget,for_001,M_npo_s1
2,-3,real,-37.26137733459473,11.569015502929688,-37.15177249908447,0.0022446027799724456,forget,for_001,M_npo_s1
2,-2,real,-37.26137733459473,11.569015502929688,-37.43221831321716,-0.00349866074579583,forget,for_001,M_npo_s1
2,-1,real,-37.26137733459473,11.569015502929688,-37.196200132369995,0.0013347671078870595,forget,for_001,M_npo_s1
2,-8,random_position,-37.26137733459473,11.569015502929688,-37.264458894729614,-6.310742051863294e-05,forget,for_001,M_npo_s1
3,-6,real,-37.26137733459473,11.569015502929688,-37.12278604507446,0.0028382177874629183,forget,for_001,M_npo_s1
3,-5,real,-37.26137733459473,11.569015502929688,-32.92746162414551,0.08875447152083445,forget,for_001,M_npo_s1
3,-4,real,-37.26137733459473,11.569015502929688,-35.652863800525665,0.03294082723071964,forget,for_001,M_npo_s1
3,-3,real,-37.26137733459473,11.569015502929688,-37.161848068237305,0.0020382647071587184,forget,for_001,M_npo_s1
3,-2,real,-37.26137733459473,11.569015502929688,-37.34087085723877,-0.0016279517330230248,forget,for_001,M_npo_s1
3,-1,real,-37.26137733459473,11.569015502929688,-37.143508434295654,0.002413842966434098,forget,for_001,M_npo_s1
3,-12,random_position,-37.26137733459473,11.569015502929688,-37.23492646217346,0.000541688708286166,forget,for_001,M_npo_s1
4,-6,real,-37.26137733459473,11.569015502929688,-37.21105074882507,0.0010306406081373798,forget,for_001,M_npo_s1
4,-5,real,-37.26137733459473,11.569015502929688,-31.23087239265442,0.12349900526104471,forget,for_001,M_npo_s1
4,-4,real,-37.26137733459473,11.569015502929688,-34.23036301136017,0.06207229037291979,forget,for_001,M_npo_s1
4,-3,real,-37.26137733459473,11.569015502929688,-37.15837574005127,0.002109374685683544,forget,for_001,M_npo_s1
4,-2,real,-37.26137733459473,11.569015502929688,-37.335439682006836,-0.0015167264301669738,forget,for_001,M_npo_s1
4,-1,real,-37.26137733459473,11.569015502929688,-37.05870580673218,0.0041505201184210624,forget,for_001,M_npo_s1
4,-9,random_position,-37.26137733459473,11.569015502929688,-37.22451138496399,0.0007549795831748283,forget,for_001,M_npo_s1
5,-6,real,-37.26137733459473,11.569015502929688,-37.19197726249695,0.0014212474662797887,forget,for_001,M_npo_s1
5,-5,real,-37.26137733459473,11.569015502929688,-28.897555828094482,0.1712831091555943,forget,for_001,M_npo_s1
5,-4,real,-37.26137733459473,11.569015502929688,-30.940152645111084,0.12945266917095138,forget,for_001,M_npo_s1
5,-3,real,-37.26137733459473,11.569015502929688,-37.14715027809143,0.002339261469457532,forget,for_001,M_npo_s1
5,-2,real,-37.26137733459473,11.569015502929688,-37.28160858154297,-0.00041431669443165315,forget,for_001,M_npo_s1
5,-1,real,-37.26137733459473,11.569015502929688,-36.87250745296478,0.007963685299928844,forget,for_001,M_npo_s1
5,-11,random_position,-37.26137733459473,11.569015502929688,-37.20199203491211,0.0012161544528263902,forget,for_001,M_npo_s1
6,-6,real,-37.26137733459473,11.569015502929688,-37.201048851013184,0.0012354699619615322,forget,for_001,M_npo_s1
6,-5,real,-37.26137733459473,11.569015502929688,-26.551176071166992,0.2193347348046999,forget,for_001,M_npo_s1
6,-4,real,-37.26137733459473,11.569015502929688,-25.390308380126953,0.2431082009511355,forget,for_001,M_npo_s1
6,-3,real,-37.26137733459473,11.569015502929688,-37.19169282913208,0.0014270723910518375,forget,for_001,M_npo_s1
6,-2,real,-37.26137733459473,11.569015502929688,-37.17653012275696,0.0017375901955178723,forget,for_001,M_npo_s1
6,-1,real,-37.26137733459473,11.569015502929688,-36.427783846855164,0.017071201751606147,forget,for_001,M_npo_s1
6,-2,random_position,-37.26137733459473,11.569015502929688,-37.17653012275696,0.0017375901955178723,forget,for_001,M_npo_s1
7,-6,real,-37.26137733459473,11.569015502929688,-37.199973583221436,0.0012574904235893105,forget,for_001,M_npo_s1
7,-5,real,-37.26137733459473,11.569015502929688,-23.457077026367188,0.28269894027187564,forget,for_001,M_npo_s1
7,-4,real,-37.26137733459473,11.569015502929688,-23.25773811340332,0.28678121160700776,forget,for_001,M_npo_s1
7,-3,real,-37.26137733459473,11.569015502929688,-37.121360301971436,0.0028674156501090633,forget,for_001,M_npo_s1
7,-2,real,-37.26137733459473,11.569015502929688,-36.7182137966156,0.011123472624650363,forget,for_001,M_npo_s1
7,-1,real,-37.26137733459473,11.569015502929688,-35.74555027484894,0.031042696395858802,forget,for_001,M_npo_s1
7,-8,random_position,-37.26137733459473,11.569015502929688,-37.262964725494385,-3.250825576890198e-05,forget,for_001,M_npo_s1
8,-6,real,-37.26137733459473,11.569015502929688,-37.23288607597351,0.0005834738769359501,forget,for_001,M_npo_s1
8,-5,real,-37.26137733459473,11.569015502929688,-24.24871063232422,0.26648703698878984,forget,for_001,M_npo_s1
8,-4,real,-37.26137733459473,11.569015502929688,-22.515087127685547,0.30198999741769805,forget,for_001,M_npo_s1
8,-3,real,-37.26137733459473,11.569015502929688,-37.168396949768066,0.0019041498424155223,forget,for_001,M_npo_s1
8,-2,real,-37.26137733459473,11.569015502929688,-36.758078813552856,0.010307074995618368,forget,for_001,M_npo_s1
8,-1,real,-37.26137733459473,11.569015502929688,-32.00343942642212,0.10767756724111524,forget,for_001,M_npo_s1
8,-5,random_position,-37.26137733459473,11.569015502929688,-24.24871063232422,0.26648703698878984,forget,for_001,M_npo_s1
9,-6,real,-37.26137733459473,11.569015502929688,-37.2172577381134,0.0009035273713263864,forget,for_001,M_npo_s1
9,-5,real,-37.26137733459473,11.569015502929688,-29.72342348098755,0.15437012515317158,forget,for_001,M_npo_s1
9,-4,real,-37.26137733459473,11.569015502929688,-29.727092742919922,0.15429498215883644,forget,for_001,M_npo_s1
9,-3,real,-37.26137733459473,11.569015502929688,-36.91638803482056,0.007065052720793554,forget,for_001,M_npo_s1
9,-2,real,-37.26137733459473,11.569015502929688,-36.71745562553406,0.011138999247261524,forget,for_001,M_npo_s1
9,-1,real,-37.26137733459473,11.569015502929688,-17.735910415649414,0.39986299073843795,forget,for_001,M_npo_s1
9,-11,random_position,-37.26137733459473,11.569015502929688,-37.25256609916687,0.00018044572070461258,forget,for_001,M_npo_s1
10,-6,real,-37.26137733459473,11.569015502929688,-37.23051476478577,0.0006320360745745051,forget,for_001,M_npo_s1
10,-5,real,-37.26137733459473,11.569015502929688,-34.96998670697212,0.04692550058417209,forget,for_001,M_npo_s1
10,-4,real,-37.26137733459473,11.569015502929688,-31.151147842407227,0.125131688219637,forget,for_001,M_npo_s1
10,-3,real,-37.26137733459473,11.569015502929688,-36.77256488800049,0.010010413969444935,forget,for_001,M_npo_s1
10,-2,real,-37.26137733459473,11.569015502929688,-36.56334733963013,0.014294990361580473,forget,for_001,M_npo_s1
10,-1,real,-37.26137733459473,11.569015502929688,0.7252388000488281,0.7779297672463572,forget,for_001,M_npo_s1
10,-6,random_position,-37.26137733459473,11.569015502929688,-37.23051476478577,0.0006320360745745051,forget,for_001,M_npo_s1
11,-6,real,-37.26137733459473,11.569015502929688,-37.26137733459473,0.0,forget,for_001,M_npo_s1
11,-5,real,-37.26137733459473,11.569015502929688,-37.26137733459473,0.0,forget,for_001,M_npo_s1
11,-4,real,-37.26137733459473,11.569015502929688,-37.26137733459473,0.0,forget,for_001,M_npo_s1
11,-3,real,-37.26137733459473,11.569015502929688,-37.26137733459473,0.0,forget,for_001,M_npo_s1
11,-2,real,-37.26137733459473,11.569015502929688,-37.26137733459473,0.0,forget,for_001,M_npo_s1
11,-1,real,-37.26137733459473,11.569015502929688,11.56871223449707,0.9999937893509555,forget,for_001,M_npo_s1
11,-6,random_position,-37.26137733459473,11.569015502929688,-37.26137733459473,0.0,forget,for_001,M_npo_s1
0,-6,real,-37.30262637138367,12.443658828735352,-37.30951642990112,-0.00013850398054324607,forget,for_001,M_npo_s1
0,-5,real,-37.30262637138367,12.443658828735352,-37.31903326511383,-0.00032981143545014535,forget,for_001,M_npo_s1
0,-4,real,-37.30262637138367,12.443658828735352,-37.30693435668945,-8.659913576372585e-05,forget,for_001,M_npo_s1
0,-3,real,-37.30262637138367,12.443658828735352,-37.300830602645874,3.609854948101074e-05,forget,for_001,M_npo_s1
0,-2,real,-37.30262637138367,12.443658828735352,-37.297014355659485,0.00011281275981927395,forget,for_001,M_npo_s1
0,-1,real,-37.30262637138367,12.443658828735352,-37.28087520599365,0.0004372420031468522,forget,for_001,M_npo_s1
0,-12,random_position,-37.30262637138367,12.443658828735352,-37.29634118080139,0.00012634492318353759,forget,for_001,M_npo_s1
1,-6,real,-37.30262637138367,12.443658828735352,-37.27244770526886,0.0006066516523475994,forget,for_001,M_npo_s1
1,-5,real,-37.30262637138367,12.443658828735352,-37.371323585510254,-0.0013809516399110452,forget,for_001,M_npo_s1
1,-4,real,-37.30262637138367,12.443658828735352,-37.308634757995605,-0.00012078060879858626,forget,for_001,M_npo_s1
1,-3,real,-37.30262637138367,12.443658828735352,-37.2900390625,0.0002530301274362669,forget,for_001,M_npo_s1
1,-2,real,-37.30262637138367,12.443658828735352,-37.28382956981659,0.00037785337119067264,forget,for_001,M_npo_s1
1,-1,real,-37.30262637138367,12.443658828735352,-37.245142102241516,0.0011555489804093621,forget,for_001,M_npo_s1
1,-3,random_position,-37.30262637138367,12.443658828735352,-37.2900390625,0.0002530301274362669,forget,for_001,M_npo_s1
2,-6,real,-37.30262637138367,12.443658828735352,-37.23860192298889,0.0012870196867407944,forget,for_001,M_npo_s1
2,-5,real,-37.30262637138367,12.443658828735352,-37.447343707084656,-0.0029091083910853014,forget,for_001,M_npo_s1
2,-4,real,-37.30262637138367,12.443658828735352,-37.3048620223999,-4.494106458887915e-05,forget,for_001,M_npo_s1
2,-3,real,-37.30262637138367,12.443658828735352,-37.296244859695435,0.00012828117039414942,forget,for_001,M_npo_s1
2,-2,real,-37.30262637138367,12.443658828735352,-37.264575123786926,0.0007649063129773092,forget,for_001,M_npo_s1
2,-1,real,-37.30262637138367,12.443658828735352,-37.22988414764404,0.0014622644373745114,forget,for_001,M_npo_s1
2,-8,random_position,-37.30262637138367,12.443658828735352,-34.665536522865295,0.053010789406885445,forget,for_001,M_npo_s1
3,-6,real,-37.30262637138367,12.443658828735352,-37.274839639663696,0.0005585689787325913,forget,for_001,M_npo_s1
3,-5,real,-37.30262637138367,12.443658828735352,-37.38766670227051,-0.0017094810304878274,forget,for_001,M_npo_s1
3,-4,real,-37.30262637138367,12.443658828735352,-37.289417028427124,0.0002655342585562824,forget,for_001,M_npo_s1
3,-3,real,-37.30262637138367,12.443658828735352,-37.29533338546753,0.00014660362852823123,forget,for_001,M_npo_s1
3,-2,real,-37.30262637138367,12.443658828735352,-37.27460193634033,0.000563347291774621,forget,for_001,M_npo_s1
3,-1,real,-37.30262637138367,12.443658828735352,-37.20786643028259,0.0019048646691883539,forget,for_001,M_npo_s1
3,-12,random_position,-37.30262637138367,12.443658828735352,-37.26802039146423,0.0006956495300145708,forget,for_001,M_npo_s1
4,-6,real,-37.30262637138367,12.443658828735352,-37.234230041503906,0.0013749032637234409,forget,for_001,M_npo_s1
4,-5,real,-37.30262637138367,12.443658828735352,-37.405632734298706,-0.002070634269486973,forget,for_001,M_npo_s1
4,-4,real,-37.30262637138367,12.443658828735352,-37.28487002849579,0.00035693806716317254,forget,for_001,M_npo_s1
4,-3,real,-37.30262637138367,12.443658828735352,-37.288875341415405,0.0002764232527704163,forget,for_001,M_npo_s1
4,-2,real,-37.30262637138367,12.443658828735352,-37.27557706832886,0.0005437451851127339,forget,for_001,M_npo_s1
4,-1,real,-37.30262637138367,12.443658828735352,-37.189056396484375,0.00228298403473593,forget,for_001,M_npo_s1
4,-9,random_position,-37.30262637138367,12.443658828735352,-37.20327866077423,0.0019970880279759733,forget,for_001,M_npo_s1
5,-6,real,-37.30262637138367,12.443658828735352,-37.18492293357849,0.0023660749206032006,forget,for_001,M_npo_s1
5,-5,real,-37.30262637138367,12.443658828735352,-37.352864146232605,-0.0010098799266486293,forget,for_001,M_npo_s1
5,-4,real,-37.30262637138367,12.443658828735352,-37.28930401802063,0.0002678059941449706,forget,for_001,M_npo_s1
5,-3,real,-37.30262637138367,12.443658828735352,-37.2946594953537,0.000160150169965841,forget,for_001,M_npo_s1
5,-2,real,-37.30262637138367,12.443658828735352,-37.275025367736816,0.0005548354723537136,forget,for_001,M_npo_s1
5,-1,real,-37.30262637138367,12.443658828735352,-37.06763672828674,0.004723762631754494,forget,for_001,M_npo_s1
5,-11,random_position,-37.30262637138367,12.443658828735352,-37.25882434844971,0.0008805084190257319,forget,for_001,M_npo_s1
6,-6,real,-37.30262637138367,12.443658828735352,-37.167168617248535,0.0027229722498918925,forget,for_001,M_npo_s1
6,-5,real,-37.30262637138367,12.443658828735352,-37.3592894077301,-0.0011390405558624503,forget,for_001,M_npo_s1
6,-4,real,-37.30262637138367,12.443658828735352,-37.280306816101074,0.0004486677787659082,forget,for_001,M_npo_s1
6,-3,real,-37.30262637138367,12.443658828735352,-37.296199321746826,0.00012919657439718622,forget,for_001,M_npo_s1
6,-2,real,-37.30262637138367,12.443658828735352,-37.266321897506714,0.0007297926615205082,forget,for_001,M_npo_s1
6,-1,real,-37.30262637138367,12.443658828735352,-36.87495535612106,0.008597044252493864,forget,for_001,M_npo_s1
6,-2,random_position,-37.30262637138367,12.443658828735352,-37.266321897506714,0.0007297926615205082,forget,for_001,M_npo_s1
7,-6,real,-37.30262637138367,12.443658828735352,-37.09821915626526,0.004108994557003005,forget,for_001,M_npo_s1
7,-5,real,-37.30262637138367,12.443658828735352,-37.11098384857178,0.003852398667376899,forget,for_001,M_npo_s1
7,-4,real,-37.30262637138367,12.443658828735352,-37.27835035324097,0.00048799660205868224,forget,for_001,M_npo_s1
7,-3,real,-37.30262637138367,12.443658828735352,-37.302523136138916,2.075235252957734e-06,forget,for_001,M_npo_s1
7,-2,real,-37.30262637138367,12.443658828735352,-37.266112327575684,0.0007340054370109236,forget,for_001,M_npo_s1
7,-1,real,-37.30262637138367,12.443658828735352,-36.07739758491516,0.024629553373476307,forget,for_001,M_npo_s1
7,-8,random_position,-37.30262637138367,12.443658828735352,-24.90644359588623,0.2491881097378459,forget,for_001,M_npo_s1
8,-6,real,-37.30262637138367,12.443658828735352,-37.19014632701874,0.0022610742473019893,forget,for_001,M_npo_s1
8,-5,real,-37.30262637138367,12.443658828735352,-36.99713969230652,0.006140894296895511,forget,for_001,M_npo_s1
8,-4,real,-37.30262637138367,12.443658828735352,-37.20540404319763,0.0019543635830279555,forget,for_001,M_npo_s1
8,-3,real,-37.30262637138367,12.443658828735352,-37.30165469646454,1.953261264071419e-05,forget,for_001,M_npo_s1
8,-2,real,-37.30262637138367,12.443658828735352,-37.23104810714722,0.0014388665193492466,forget,for_001,M_npo_s1
8,-1,real,-37.30262637138367,12.443658828735352,-32.82343578338623,0.09004070494869273,forget,for_001,M_npo_s1
8,-5,random_position,-37.30262637138367,12.443658828735352,-36.99713969230652,0.006140894296895511,forget,for_001,M_npo_s1
9,-6,real,-37.30262637138367,12.443658828735352,-36.92738699913025,0.007543063180374325,forget,for_001,M_npo_s1
9,-5,real,-37.30262637138367,12.443658828735352,-36.71276915073395,0.011857311923429974,forget,for_001,M_npo_s1
9,-4,real,-37.30262637138367,12.443658828735352,-37.19876444339752,0.0020878328415544992,forget,for_001,M_npo_s1
9,-3,real,-37.30262637138367,12.443658828735352,-37.297189116477966,0.00010929971723170346,forget,for_001,M_npo_s1
9,-2,real,-37.30262637138367,12.443658828735352,-37.214022636413574,0.0017811125918982347,forget,for_001,M_npo_s1
9,-1,real,-37.30262637138367,12.443658828735352,-18.416500091552734,0.37964897688050375,forget,for_001,M_npo_s1
9,-11,random_position,-37.30262637138367,12.443658828735352,-37.28783059120178,0.0002974248252379932,forget,for_001,M_npo_s1
10,-6,real,-37.30262637138367,12.443658828735352,-36.89479088783264,0.008198310324286277,forget,for_001,M_npo_s1
10,-5,real,-37.30262637138367,12.443658828735352,-36.6800457239151,0.012515118364397537,forget,for_001,M_npo_s1
10,-4,real,-37.30262637138367,12.443658828735352,-37.15502047538757,0.002967174240293637,forget,for_001,M_npo_s1
10,-3,real,-37.30262637138367,12.443658828735352,-37.29292666912079,0.00019498344899239253,forget,for_001,M_npo_s1
10,-2,real,-37.30262637138367,12.443658828735352,-37.18350660800934,0.0023945459021740907,forget,for_001,M_npo_s1
10,-1,real,-37.30262637138367,12.443658828735352,-0.30296897888183594,0.7437672429943233,forget,for_001,M_npo_s1
10,-6,random_position,-37.30262637138367,12.443658828735352,-36.89479088783264,0.008198310324286277,forget,for_001,M_npo_s1
11,-6,real,-37.30262637138367,12.443658828735352,-37.30262637138367,0.0,forget,for_001,M_npo_s1
11,-5,real,-37.30262637138367,12.443658828735352,-37.30262637138367,0.0,forget,for_001,M_npo_s1
11,-4,real,-37.30262637138367,12.443658828735352,-37.30262637138367,0.0,forget,for_001,M_npo_s1
11,-3,real,-37.30262637138367,12.443658828735352,-37.30262637138367,0.0,forget,for_001,M_npo_s1
11,-2,real,-37.30262637138367,12.443658828735352,-37.30262637138367,0.0,forget,for_001,M_npo_s1
11,-1,real,-37.30262637138367,12.443658828735352,12.37289047241211,0.9985774142523697,forget,for_001,M_npo_s1
11,-6,random_position,-37.30262637138367,12.443658828735352,-37.30262637138367,0.0,forget,for_001,M_npo_s1
0,-6,real,-36.344260931015015,12.955150604248047,-36.108609080314636,0.004780013459832487,forget,for_001,M_npo_s1
0,-5,real,-36.344260931015015,12.955150604248047,-36.27931934595108,0.0013172892544058598,forget,for_001,M_npo_s1
0,-4,real,-36.344260931015015,12.955150604248047,-36.327998876571655,0.00032986305387696957,forget,for_001,M_npo_s1
0,-3,real,-36.344260931015015,12.955150604248047,-36.34322142601013,2.10855459022928e-05,forget,for_001,M_npo_s1
0,-2,real,-36.344260931015015,12.955150604248047,-36.33412063121796,0.0002056880494365519,forget,for_001,M_npo_s1
0,-1,real,-36.344260931015015,12.955150604248047,-36.32781791687012,0.00033353367987234577,forget,for_001,M_npo_s1
0,-13,random_position,-36.344260931015015,12.955150604248047,-36.34200608730316,4.573774091076472e-05,forget,for_001,M_npo_s1
1,-6,real,-36.344260931015015,12.955150604248047,-35.27961727976799,0.021595463679835253,forget,for_001,M_npo_s1
1,-5,real,-36.344260931015015,12.955150604248047,-36.078826025128365,0.005384139437380279,forget,for_001,M_npo_s1
1,-4,real,-36.344260931015015,12.955150604248047,-36.28765112161636,0.0011482857023183543,forget,for_001,M_npo_s1
1,-3,real,-36.344260931015015,12.955150604248047,-36.387314677238464,-0.0008733115646350883,forget,for_001,M_npo_s1
1,-2,real,-36.344260931015015,12.955150604248047,-36.30754828453064,0.0007446873165639116,forget,for_001,M_npo_s1
1,-1,real,-36.344260931015015,12.955150604248047,-36.25573396682739,0.0017957002209712013,forget,for_001,M_npo_s1
1,-3,random_position,-36.344260931015015,12.955150604248047,-36.387314677238464,-0.0008733115646350883,forget,for_001,M_npo_s1
2,-6,real,-36.344260931015015,12.955150604248047,-33.23574709892273,0.06305377154185332,forget,for_001,M_npo_s1
2,-5,real,-36.344260931015015,12.955150604248047,-35.54187685251236,0.016275733391436585,forget,for_001,M_npo_s1
2,-4,real,-36.344260931015015,12.955150604248047,-36.265741646289825,0.0015927022712842252,forget,for_001,M_npo_s1
2,-3,real,-36.344260931015015,12.955150604248047,-36.442627012729645,-0.0019952790236506266,forget,for_001,M_npo_s1
2,-2,real,-36.344260931015015,12.955150604248047,-36.275879979133606,0.0013870541199563187,forget,for_001,M_npo_s1
2,-1,real,-36.344260931015015,12.955150604248047,-36.176343739032745,0.003406068891150169,forget,for_001,M_npo_s1
2,-9,random_position,-36.344260931015015,12.955150604248047,-36.32398575544357,0.0004112660768159301,forget,for_001,M_npo_s1
3,-6,real,-36.344260931015015,12.955150604248047,-31.908015727996826,0.08998576382286054,forget,for_001,M_npo_s1
3,-5,real,-36.344260931015015,12.955150604248047,-34.56414794921875,0.03610819939550351,forget,for_001,M_npo_s1
3,-4,real,-36.344260931015015,12.955150604248047,-36.311383962631226,0.0006668835866382037,forget,for_001,M_npo_s1
3,-3,real,-36.344260931015015,12.955150604248047,-36.40436232089996,-0.0012191096812983091,forget,for_001,M_npo_s1
3,-2,real,-36.344260931015015,12.955150604248047,-36.273697078228,0.0014313325573175383,forget,for_001,M_npo_s1
3,-1,real,-36.344260931015015,12.955150604248047,-36.07023775577545,0.005558345763286824,forget,for_001,M_npo_s1
3,-13,random_position,-36.344260931015015,12.955150604248047,-36.319473803043365,0.0005027875019140816,forget,for_001,M_npo_s1
4,-6,real,-36.344260931015015,12.955150604248047,-30.193669319152832,0.12475993972996544,forget,for_001,M_npo_s1
4,-5,real,-36.344260931015015,12.955150604248047,-32.97031378746033,0.06843787863758492,forget,for_001,M_npo_s1
4,-4,real,-36.344260931015015,12.955150604248047,-36.316059827804565,0.0005720373191529361,forget,for_001,M_npo_s1
4,-3,real,-36.344260931015015,12.955150604248047,-36.46270394325256,-0.0024025238547285394,forget,for_001,M_npo_s1
4,-2,real,-36.344260931015015,12.955150604248047,-36.29109877347946,0.0010783527810981468,forget,for_001,M_npo_s1
4,-1,real,-36.344260931015015,12.955150604248047,-35.92761832475662,0.008451269361711847,forget,for_001,M_npo_s1
4,-10,random_position,-36.344260931015015,12.955150604248047,-36.306711316108704,0.0007616645663093242,forget,for_001,M_npo_s1
5,-6,real,-36.344260931015015,12.955150604248047,-27.87081527709961,0.1718772169897908,forget,for_001,M_npo_s1
5,-5,real,-36.344260931015015,12.955150604248047,-29.592705249786377,0.13695002579086285,forget,for_001,M_npo_s1
5,-4,real,-36.344260931015015,12.955150604248047,-36.28849786520004,0.00113111017106331,forget,for_001,M_npo_s1
5,-3,real,-36.344260931015015,12.955150604248047,-36.40892639756203,-0.0013116884062755634,forget,for_001,M_npo_s1
5,-2,real,-36.344260931015015,12.955150604248047,-36.30305743217468,0.0008357807437693216,forget,for_001,M_npo_s1
5,-1,real,-36.344260931015015,12.955150604248047,-35.737371027469635,0.012310286971910025,forget,for_001,M_npo_s1
5,-12,random_position,-36.344260931015015,12.955150604248047,-36.345535933971405,-2.5862437637382185e-05,forget,for_001,M_npo_s1
6,-6,real,-36.344260931015015,12.955150604248047,-25.629016399383545,0.21735035364401928,forget,for_001,M_npo_s1
6,-5,real,-36.344260931015015,12.955150604248047,-22.866297721862793,0.2733899409633248,forget,for_001,M_npo_s1
6,-4,real,-36.344260931015015,12.955150604248047,-36.266599893569946,0.001575293396545285,forget,for_001,M_npo_s1
6,-3,real,-36.344260931015015,12.955150604248047,-36.38970285654068,-0.0009217539136985726,forget,for_001,M_npo_s1
6,-2,real,-36.344260931015015,12.955150604248047,-36.25364851951599,0.001838001888404081,forget,for_001,M_npo_s1
6,-1,real,-36.344260931015015,12.955150604248047,-35.591521978378296,0.015268720846663593,forget,for_001,M_npo_s1
6,-2,random_position,-36.344260931015015,12.955150604248047,-36.25364851951599,0.001838001888404081,forget,for_001,M_npo_s1
7,-6,real,-36.344260931015015,12.955150604248047,-22.720727920532227,0.2763427105156843,forget,for_001,M_npo_s1
7,-5,real,-36.344260931015015,12.955150604248047,-20.052990913391113,0.3304556689479148,forget,for_001,M_npo_s1
7,-4,real,-36.344260931015015,12.955150604248047,-36.13021731376648,0.0043417073466573385,forget,for_001,M_npo_s1
7,-3,real,-36.344260931015015,12.955150604248047,-36.09736551344395,0.0050080804188599205,forget,for_001,M_npo_s1
7,-2,real,-36.344260931015015,12.955150604248047,-36.24924021959305,0.0019274208040799797,forget,for_001,M_npo_s1
7,-1,real,-36.344260931015015,12.955150604248047,-34.9617714881897,0.02804271693661993,forget,for_001,M_npo_s1
7,-8,random_position,-36.344260931015015,12.955150604248047,-36.28024435043335,0.001298526262040167,forget,for_001,M_npo_s1
8,-6,real,-36.344260931015015,12.955150604248047,-23.282748222351074,0.26494256831689067,forget,for_001,M_npo_s1
8,-5,real,-36.344260931015015,12.955150604248047,-18.401583671569824,0.3639531730842484,forget,for_001,M_npo_s1
8,-4,real,-36.344260931015015,12.955150604248047,-36.36360740661621,-0.00039242812436732786,forget,for_001,M_npo_s1
8,-3,real,-36.344260931015015,12.955150604248047,-36.125878274440765,0.004429721365295481,forget,for_001,M_npo_s1
8,-2,real,-36.344260931015015,12.955150604248047,-36.01021009683609,0.006775959870027728,forget,for_001,M_npo_s1
8,-1,real,-36.344260931015015,12.955150604248047,-31.281940460205078,0.10268521090132976,forget,for_001,M_npo_s1
8,-5,random_position,-36.344260931015015,12.955150604248047,-18.401583671569824,0.3639531730842484,forget,for_001,M_npo_s1
9,-6,real,-36.344260931015015,12.955150604248047,-28.907034873962402,0.15085831301927177,forget,for_001,M_npo_s1
9,-5,real,-36.344260931015015,12.955150604248047,-27.016364097595215,0.18920909079711243,forget,for_001,M_npo_s1
9,-4,real,-36.344260931015015,12.955150604248047,-36.053381741046906,0.005900256836941106,forget,for_001,M_npo_s1
9,-3,real,-36.344260931015015,12.955150604248047,-35.770543813705444,0.011637402951538273,forget,for_001,M_npo_s1
9,-2,real,-36.344260931015015,12.955150604248047,-35.99004080891609,0.007185078098661581,forget,for_001,M_npo_s1
9,-1,real,-36.344260931015015,12.955150604248047,-15.135536193847656,0.4302023914017129,forget,for_001,M_npo_s1
9,-12,random_position,-36.344260931015015,12.955150604248047,-36.35162615776062,-0.00014939786330587826,forget,for_001,M_npo_s1
10,-6,real,-36.344260931015015,12.955150604248047,-34.07534635066986,0.04602315747161072,forget,for_001,M_npo_s1
10,-5,real,-36.344260931015015,12.955150604248047,-29.51089096069336,0.1386095646483297,forget,for_001,M_npo_s1
10,-4,real,-36.344260931015015,12.955150604248047,-35.98277077078819,0.0073325451353157415,forget,for_001,M_npo_s1
10,-3,real,-36.344260931015015,12.955150604248047,-35.70082128047943,0.01305166999965794,forget,for_001,M_npo_s1
10,-2,real,-36.344260931015015,12.955150604248047,-35.83149152994156,0.010401126202220086,forget,for_001,M_npo_s1
10,-1,real,-36.344260931015015,12.955150604248047,3.201122283935547,0.8021471653199024,forget,for_001,M_npo_s1
10,-6,random_position,-36.344260931015015,12.955150604248047,-34.07534635066986,0.04602315747161072,forget,for_001,M_npo_s1
11,-6,real,-36.344260931015015,12.955150604248047,-36.344260931015015,0.0,forget,for_001,M_npo_s1
11,-5,real,-36.344260931015015,12.955150604248047,-36.344260931015015,0.0,forget,for_001,M_npo_s1
11,-4,real,-36.344260931015015,12.955150604248047,-36.344260931015015,0.0,forget,for_001,M_npo_s1
11,-3,real,-36.344260931015015,12.955150604248047,-36.344260931015015,0.0,forget,for_001,M_npo_s1
11,-2,real,-36.344260931015015,12.955150604248047,-36.344260931015015,0.0,forget,for_001,M_npo_s1
11,-1,real,-36.344260931015015,12.955150604248047,12.956035614013672,1.0000179517308232,forget,for_001,M_npo_s1
11,-6,random_position,-36.344260931015015,12.955150604248047,-36.344260931015015,0.0,forget,for_001,M_npo_s1
0,-6,real,-37.05294966697693,12.394681930541992,-37.01919174194336,0.0006827005448581115,forget,for_001,M_npo_s1
0,-5,real,-37.05294966697693,12.394681930541992,-37.014758348464966,0.0007723589033105313,forget,for_001,M_npo_s1
0,-4,real,-37.05294966697693,12.394681930541992,-37.08117651939392,-0.0005708433650927074,forget,for_001,M_npo_s1
0,-3,real,-37.05294966697693,12.394681930541992,-37.03397727012634,0.0003836866648136469,forget,for_001,M_npo_s1
0,-2,real,-37.05294966697693,12.394681930541992,-37.034000873565674,0.00038320932265248586,forget,for_001,M_npo_s1
0,-1,real,-37.05294966697693,12.394681930541992,-37.03577136993408,0.00034740383892741623,forget,for_001,M_npo_s1
0,-11,random_position,-37.05294966697693,12.394681930541992,-37.04263162612915,0.00020866602735925653,forget,for_001,M_npo_s1
1,-6,real,-37.05294966697693,12.394681930541992,-36.938088178634644,0.002322891605349374,forget,for_001,M_npo_s1
1,-5,real,-37.05294966697693,12.394681930541992,-36.946412801742554,0.0021545392932372635,forget,for_001,M_npo_s1
1,-4,real,-37.05294966697693,12.394681930541992,-37.139830112457275,-0.0017570193490259295,forget,for_001,M_npo_s1
1,-3,real,-37.05294966697693,12.394681930541992,-37.02146887779236,0.0006366490804010497,forget,for_001,M_npo_s1
1,-2,real,-37.05294966697693,12.394681930541992,-37.02080154418945,0.0006501448451393301,forget,for_001,M_npo_s1
1,-1,real,-37.05294966697693,12.394681930541992,-36.99727392196655,0.0011259537254190665,forget,for_001,M_npo_s1
1,-3,random_position,-37.05294966697693,12.394681930541992,-37.02146887779236,0.0006366490804010497,forget,for_001,M_npo_s1
2,-6,real,-37.05294966697693,12.394681930541992,-36.57816457748413,0.009601776144858283,forget,for_001,M_npo_s1
2,-5,real,-37.05294966697693,12.394681930541992,-36.91854429244995,0.002718135736428708,forget,for_001,M_npo_s1
2,-4,real,-37.05294966697693,12.394681930541992,-37.218162536621094,-0.003341168511141689,forget,for_001,M_npo_s1
2,-3,real,-37.05294966697693,12.394681930541992,-37.023221015930176,0.0006012148628013277,forget,for_001,M_npo_s1
2,-2,real,-37.05294966697693,12.394681930541992,-37.02101111412048,0.000645906625344779,forget,for_001,M_npo_s1
2,-1,real,-37.05294966697693,12.394681930541992,-36.917216300964355,0.002744992260041506,forget,for_001,M_npo_s1
2,-8,random_position,-37.05294966697693,12.394681930541992,-36.96696329116821,0.0017389382065577082,forget,for_001,M_npo_s1
3,-6,real,-37.05294966697693,12.394681930541992,-35.865626096725464,0.024011737911245883,forget,for_001,M_npo_s1
3,-5,real,-37.05294966697693,12.394681930541992,-36.92408466339111,0.002606090512781634,forget,for_001,M_npo_s1
3,-4,real,-37.05294966697693,12.394681930541992,-37.138492822647095,-0.0017299747815314622,forget,for_001,M_npo_s1
3,-3,real,-37.05294966697693,12.394681930541992,-37.0048189163208,0.0009733681695392451,forget,for_001,M_npo_s1
3,-2,real,-37.05294966697693,12.394681930541992,-37.015764474868774,0.000752011590986293,forget,for_001,M_npo_s1
3,-1,real,-37.05294966697693,12.394681930541992,-36.88030385971069,0.0034914878971654935,forget,for_001,M_npo_s1
3,-11,random_position,-37.05294966697693,12.394681930541992,-37.02640247344971,0.000536874925442409,forget,for_001,M_npo_s1
4,-6,real,-37.05294966697693,12.394681930541992,-34.56351315975189,0.0503449088823487,forget,for_001,M_npo_s1
4,-5,real,-37.05294966697693,12.394681930541992,-36.87990427017212,0.0034995689624392904,forget,for_001,M_npo_s1
4,-4,real,-37.05294966697693,12.394681930541992,-37.1470251083374,-0.0019025267403341914,forget,for_001,M_npo_s1
4,-3,real,-37.05294966697693,12.394681930541992,-36.990739583969116,0.0012581003578528106,forget,for_001,M_npo_s1
4,-2,real,-37.05294966697693,12.394681930541992,-36.99086785316467,0.0012555063166133698,forget,for_001,M_npo_s1
4,-1,real,-37.05294966697693,12.394681930541992,-36.83804440498352,0.004346118409525428,forget,for_001,M_npo_s1
4,-8,random_position,-37.05294966697693,12.394681930541992,-36.9715793132782,0.0016455864734037798,forget,for_001,M_npo_s1
5,-6,real,-37.05294966697693,12.394681930541992,-31.80996060371399,0.10603114636386368,forget,for_001,M_npo_s1
5,-5,real,-37.05294966697693,12.394681930541992,-36.80346322059631,0.005045468070368277,forget,for_001,M_npo_s1
5,-4,real,-37.05294966697693,12.394681930541992,-37.07094645500183,-0.00036395652215232384,forget,for_001,M_npo_s1
5,-3,real,-37.05294966697693,12.394681930541992,-37.00354623794556,0.0009991060731380091,forget,for_001,M_npo_s1
5,-2,real,-37.05294966697693,12.394681930541992,-36.96902251243591,0.001697293719224901,forget,for_001,M_npo_s1
5,-1,real,-37.05294966697693,12.394681930541992,-36.717161893844604,0.006790775660712791,forget,for_001,M_npo_s1
5,-10,random_position,-37.05294966697693,12.394681930541992,-37.00750803947449,0.000918984914632827,forget,for_001,M_npo_s1
6,-6,real,-37.05294966697693,12.394681930541992,-26.69525146484375,0.20946803451457693,forget,for_001,M_npo_s1
6,-5,real,-37.05294966697693,12.394681930541992,-36.846781492233276,0.0041694246636879775,forget,for_001,M_npo_s1
6,-4,real,-37.05294966697693,12.394681930541992,-37.039883613586426,0.00026424022684958144,forget,for_001,M_npo_s1
6,-3,real,-37.05294966697693,12.394681930541992,-37.02007603645325,0.0006648170895475427,forget,for_001,M_npo_s1
6,-2,real,-37.05294966697693,12.394681930541992,-36.907519817352295,0.002941088277156855,forget,for_001,M_npo_s1
6,-1,real,-37.05294966697693,12.394681930541992,-36.4974901676178,0.0112332882569648,forget,for_001,M_npo_s1
6,-2,random_position,-37.05294966697693,12.394681930541992,-36.907519817352295,0.002941088277156855,forget,for_001,M_npo_s1
7,-6,real,-37.05294966697693,12.394681930541992,-24.46506977081299,0.25456992558558755,forget,for_001,M_npo_s1
7,-5,real,-37.05294966697693,12.394681930541992,-36.85628962516785,0.003977137740585934,forget,for_001,M_npo_s1
7,-4,real,-37.05294966697693,12.394681930541992,-36.69566774368286,0.007225460790562805,forget,for_001,M_npo_s1
7,-3,real,-37.05294966697693,12.394681930541992,-37.011069536209106,0.0008469592863154166,forget,for_001,M_npo_s1
7,-2,real,-37.05294966697693,12.394681930541992,-36.8363242149353,0.004380906527634285,forget,for_001,M_npo_s1
7,-1,real,-37.05294966697693,12.394681930541992,-36.00546997785568,0.02118361699600198,forget,for_001,M_npo_s1
7,-7,random_position,-37.05294966697693,12.394681930541992,-24.68440294265747,0.2501342597152835,forget,for_001,M_npo_s1
8,-6,real,-37.05294966697693,12.394681930541992,-23.50961399078369,0.27389250483076294,forget,for_001,M_npo_s1
8,-5,real,-37.05294966697693,12.394681930541992,-36.95201921463013,0.0020411584758665375,forget,for_001,M_npo_s1
8,-4,real,-37.05294966697693,12.394681930541992,-36.70629286766052,0.007010584493470463,forget,for_001,M_npo_s1
8,-3,real,-37.05294966697693,12.394681930541992,-37.002275466918945,0.001024805403632841,forget,for_001,M_npo_s1
8,-2,real,-37.05294966697693,12.394681930541992,-36.75630211830139,0.005999226638195987,forget,for_001,M_npo_s1
8,-1,real,-37.05294966697693,12.394681930541992,-32.46603488922119,0.09276308347973312,forget,for_001,M_npo_s1
8,-5,random_position,-37.05294966697693,12.394681930541992,-36.95201921463013,0.0020411584758665375,forget,for_001,M_npo_s1
9,-6,real,-37.05294966697693,12.394681930541992,-29.750810146331787,0.14767420167018744,forget,for_001,M_npo_s1
9,-5,real,-37.05294966697693,12.394681930541992,-36.71064352989197,0.006922599243401103,forget,for_001,M_npo_s1
9,-4,real,-37.05294966697693,12.394681930541992,-36.540539503097534,0.01036268365793894,forget,for_001,M_npo_s1
9,-3,real,-37.05294966697693,12.394681930541992,-36.95271968841553,0.002026992503447435,forget,for_001,M_npo_s1
9,-2,real,-37.05294966697693,12.394681930541992,-36.93468141555786,0.002391787990610284,forget,for_001,M_npo_s1
9,-1,real,-37.05294966697693,12.394681930541992,-19.31777000427246,0.3586659075415524,forget,for_001,M_npo_s1
9,-10,random_position,-37.05294966697693,12.394681930541992,-37.04169797897339,0.00022754756173407105,forget,for_001,M_npo_s1
10,-6,real,-37.05294966697693,12.394681930541992,-31.025732278823853,0.12189092163628515,forget,for_001,M_npo_s1
10,-5,real,-37.05294966697693,12.394681930541992,-36.6713285446167,0.007717682526565695,forget,for_001,M_npo_s1
10,-4,real,-37.05294966697693,12.394681930541992,-36.460952043533325,0.011972213922442092,forget,for_001,M_npo_s1
10,-3,real,-37.05294966697693,12.394681930541992,-37.00672388076782,0.0009348432819869549,forget,for_001,M_npo_s1
10,-2,real,-37.05294966697693,12.394681930541992,-37.03743124008179,0.0003138355952304145,forget,for_001,M_npo_s1
10,-1,real,-37.05294966697693,12.394681930541992,-1.0327835083007812,0.7284507871249286,forget,for_001,M_npo_s1
10,-5,random_position,-37.05294966697693,12.394681930541992,-36.6713285446167,0.007717682526565695,forget,for_001,M_npo_s1
11,-6,real,-37.05294966697693,12.394681930541992,-37.05294966697693,0.0,forget,for_001,M_npo_s1
11,-5,real,-37.05294966697693,12.394681930541992,-37.05294966697693,0.0,forget,for_001,M_npo_s1
11,-4,real,-37.05294966697693,12.394681930541992,-37.05294966697693,0.0,forget,for_001,M_npo_s1
11,-3,real,-37.05294966697693,12.394681930541992,-37.05294966697693,0.0,forget,for_001,M_npo_s1
11,-2,real,-37.05294966697693,12.394681930541992,-37.05294966697693,0.0,forget,for_001,M_npo_s1
11,-1,real,-37.05294966697693,12.394681930541992,12.394617080688477,0.9999986885144663,forget,for_001,M_npo_s1
11,-6,random_position,-37.05294966697693,12.394681930541992,-37.05294966697693,0.0,forget,for_001,M_npo_s1
0,-6,real,-2.2737131118774414,8.383245468139648,-2.268965721130371,0.00044547332256429764,forget,for_002,M_npo_s1
0,-5,real,-2.2737131118774414,8.383245468139648,-2.269685745239258,0.0003779095703473341,forget,for_002,M_npo_s1
0,-4,real,-2.2737131118774414,8.383245468139648,-2.277620315551758,-0.0003666340302422514,forget,for_002,M_npo_s1
0,-3,real,-2.2737131118774414,8.383245468139648,-2.2703285217285156,0.00031759437962649504,forget,for_002,M_npo_s1
0,-2,real,-2.2737131118774414,8.383245468139648,-2.2754745483398438,-0.00016528509979434668,forget,for_002,M_npo_s1
0,-1,real,-2.2737131118774414,8.383245468139648,-2.27377986907959,-6.264188947268147e-06,forget,for_002,M_npo_s1
0,-14,random_position,-2.2737131118774414,8.383245468139648,-2.2331905364990234,0.0038024521794052975,forget,for_002,M_npo_s1
1,-6,real,-2.2737131118774414,8.383245468139648,-2.2623138427734375,0.0010696550069528024,forget,for_002,M_npo_s1
1,-5,real,-2.2737131118774414,8.383245468139648,-2.283374786376953,-0.0009066071174967657,forget,for_002,M_npo_s1
1,-4,real,-2.2737131118774414,8.383245468139648,-2.27618408203125,-0.00023186447946245384,forget,for_002,M_npo_s1
1,-3,real,-2.2737131118774414,8.383245468139648,-2.2700233459472656,0.00034623067195686374,forget,for_002,M_npo_s1
1,-2,real,-2.2737131118774414,8.383245468139648,-2.282367706298828,-0.000812107352806549,forget,for_002,M_npo_s1
1,-1,real,-2.2737131118774414,8.383245468139648,-2.250819206237793,0.0021482588552588448,forget,for_002,M_npo_s1
1,-3,random_position,-2.2737131118774414,8.383245468139648,-2.2700233459472656,0.00034623067195686374,forget,for_002,M_npo_s1
2,-6,real,-2.2737131118774414,8.383245468139648,-2.250502586364746,0.0021779690085516022,forget,for_002,M_npo_s1
2,-5,real,-2.2737131118774414,8.383245468139648,-2.285226821899414,-0.0010803936165766906,forget,for_002,M_npo_s1
2,-4,real,-2.2737131118774414,8.383245468139648,-2.296253204345703,-0.0021150586538383237,forget,for_002,M_npo_s1
2,-3,real,-2.2737131118774414,8.383245468139648,-2.280050277709961,-0.0005946505079228119,forget,for_002,M_npo_s1
2,-2,real,-2.2737131118774414,8.383245468139648,-2.2899627685546875,-0.0015247930781785994,forget,for_002,M_npo_s1
2,-1,real,-2.2737131118774414,8.383245468139648,-2.2032575607299805,0.0066112250149468026,forget,for_002,M_npo_s1
2,-9,random_position,-2.2737131118774414,8.383245468139648,-2.158514976501465,0.01080966342423298,forget,for_002,M_npo_s1
3,-6,real,-2.2737131118774414,8.383245468139648,-2.2472143173217773,0.0024865250584113247,forget,for_002,M_npo_s1
3,-5,real,-2.2737131118774414,8.383245468139648,-2.2765302658081055,-0.0002643487735747158,forget,for_002,M_npo_s1
3,-4,real,-2.2737131118774414,8.383245468139648,-2.2954368591308594,-0.0020384565718545872,forget,for_002,M_npo_s1
3,-3,real,-2.2737131118774414,8.383245468139648,-2.2792978286743164,-0.0005240441496457467,forget,for_002,M_npo_s1
3,-2,real,-2.2737131118774414,8.383245468139648,-2.2917280197143555,-0.0016904361316270756,forget,for_002,M_npo_s1
3,-1,real,-2.2737131118774414,8.383245468139648,-2.195798873901367,0.007311113897183719,forget,for_002,M_npo_s1
3,-14,random_position,-2.2737131118774414,8.383245468139648,-2.2366819381713867,0.0034748350974631737,forget,for_002,M_npo_s1
4,-6,real,-2.2737131118774414,8.383245468139648,-2.2283058166503906,0.004260811833518261,forget,for_002,M_npo_s1
4,-5,real,-2.2737131118774414,8.383245468139648,-2.2277650833129883,0.004311551763991133,forget,for_002,M_npo_s1
4,-4,real,-2.2737131118774414,8.383245468139648,-2.2918357849121094,-0.001700548322356237,forget,for_002,M_npo_s1
4,-3,real,-2.2737131118774414,8.383245468139648,-2.277843475341797,-0.00038757431900883347,forget,for_002,M_npo_s1
4,-2,real,-2.2737131118774414,8.383245468139648,-2.2675695419311523,0.0005764843599757343,forget,for_002,M_npo_s1
4,-1,real,-2.2737131118774414,8.383245468139648,-2.1803197860717773,0.008763600337228138,forget,for_002,M_npo_s1
4,-11,random_position,-2.2737131118774414,8.383245468139648,-2.155451774597168,0.011097100208499055,forget,for_002,M_npo_s1
5,-6,real,-2.2737131118774414,8.383245468139648,-2.235330581665039,0.0036016401794385874,forget,for_002,M_npo_s1
5,-5,real,-2.2737131118774414,8.383245468139648,-2.2066831588745117,0.006289782633538414,forget,for_002,M_npo_s1
5,-4,real,-2.2737131118774414,8.383245468139648,-2.2935447692871094,-0.0018609115594063017,forget,for_002,M_npo_s1
5,-3,real,-2.2737131118774414,8.383245468139648,-2.2913684844970703,-0.00165669899972536,forget,for_002,M_npo_s1
5,-2,real,-2.2737131118774414,8.383245468139648,-2.272541046142578,0.00010998126023132218,forget,for_002,M_npo_s1
5,-1,real,-2.2737131118774414,8.383245468139648,-2.0379409790039062,0.02212377303554811,forget,for_002,M_npo_s1
5,-12,random_position,-2.2737131118774414,8.383245468139648,-2.231517791748047,0.003959414856741131,forget,for_002,M_npo_s1
6,-6,real,-2.2737131118774414,8.383245468139648,-2.2645397186279297,0.0008607890497681758,forget,for_002,M_npo_s1
6,-5,real,-2.2737131118774414,8.383245468139648,-2.1621837615966797,0.010465401497373829,forget,for_002,M_npo_s1
6,-4,real,-2.2737131118774414,8.383245468139648,-2.276205062866211,-0.00023383322456016668,forget,for_002,M_npo_s1
6,-3,real,-2.2737131118774414,8.383245468139648,-2.278414726257324,-0.00044117787871474236,forget,for_002,M_npo_s1
6,-2,real,-2.2737131118774414,8.383245468139648,-2.2609310150146484,0.0011994132065747854,forget,for_002,M_npo_s1
6,-1,real,-2.2737131118774414,8.383245468139648,-1.8113231658935547,0.04338854678959869,forget,for_002,M_npo_s1
6,-2,random_position,-2.2737131118774414,8.383245468139648,-2.2609310150146484,0.0011994132065747854,forget,for_002,M_npo_s1
7,-6,real,-2.2737131118774414,8.383245468139648,-2.238156318664551,0.00333648601014208,forget,for_002,M_npo_s1
7,-5,real,-2.2737131118774414,8.383245468139648,-2.1302337646484375,0.013463442327536363,forget,for_002,M_npo_s1
7,-4,real,-2.2737131118774414,8.383245468139648,-2.242671012878418,0.0029128478604796885,forget,for_002,M_npo_s1
7,-3,real,-2.2737131118774414,8.383245468139648,-2.2607994079589844,0.0012117626076422567,forget,for_002,M_npo_s1
7,-2,real,-2.2737131118774414,8.383245468139648,-2.250581741333008,0.002170541470228413,forget,for_002,M_npo_s1
7,-1,real,-2.2737131118774414,8.383245468139648,-1.4048957824707031,0.0815258239847025,forget,for_002,M_npo_s1
7,-9,random_position,-2.2737131118774414,8.383245468139648,-1.958578109741211,0.029570819832887545,forget,for_002,M_npo_s1
8,-6,real,-2.2737131118774414,8.383245468139648,-2.1813573837280273,0.008666236943304885,forget,for_002,M_npo_s1
8,-5,real,-2.2737131118774414,8.383245468139648,-2.132754325866699,0.013226924450570225,forget,for_002,M_npo_s1
8,-4,real,-2.2737131118774414,8.383245468139648,-2.22607421875,0.004470214721184082,forget,for_002,M_npo_s1
8,-3,real,-2.2737131118774414,8.383245468139648,-2.2134780883789062,0.005652177687120049,forget,for_002,M_npo_s1
8,-2,real,-2.2737131118774414,8.383245468139648,-2.2334346771240234,0.0037795431455410027,forget,for_002,M_npo_s1
8,-1,real,-2.2737131118774414,8.383245468139648,0.11070537567138672,0.22374286900390716,forget,for_002,M_npo_s1
8,-5,random_position,-2.2737131118774414,8.383245468139648,-2.132754325866699,0.013226924450570225,forget,for_002,M_npo_s1
9,-6,real,-2.2737131118774414,8.383245468139648,-2.1313629150390625,0.013357488045913999,forget,for_002,M_npo_s1
9,-5,real,-2.2737131118774414,8.383245468139648,-2.0950326919555664,0.016766549159430856,forget,for_002,M_npo_s1
9,-4,real,-2.2737131118774414,8.383245468139648,-2.1118288040161133,0.015190479220298191,forget,for_002,M_npo_s1
9,-3,real,-2.2737131118774414,8.383245468139648,-2.121842384338379,0.014250850878207969,forget,for_002,M_npo_s1
9,-2,real,-2.2737131118774414,8.383245468139648,-2.1428070068359375,0.012283627083525175,forget,for_002,M_npo_s1
9,-1,real,-2.2737131118774414,8.383245468139648,2.5816593170166016,0.4556058271633309,forget,for_002,M_npo_s1
9,-13,random_position,-2.2737131118774414,8.383245468139648,-2.267589569091797,0.0005746051032915539,forget,for_002,M_npo_s1
10,-6,real,-2.2737131118774414,8.383245468139648,-2.1366348266601562,0.01286279609590688,forget,for_002,M_npo_s1
10,-5,real,-2.2737131118774414,8.383245468139648,-2.0238189697265625,0.023448917463135918,forget,for_002,M_npo_s1
10,-4,real,-2.2737131118774414,8.383245468139648,-2.0020627975463867,0.025490416641050607,forget,for_002,M_npo_s1
10,-3,real,-2.2737131118774414,8.383245468139648,-2.1461496353149414,0.011969970194094105,forget,for_002,M_npo_s1
10,-2,real,-2.2737131118774414,8.383245468139648,-2.1132726669311523,0.015054993762210134,forget,for_002,M_npo_s1
10,-1,real,-2.2737131118774414,8.383245468139648,4.969289779663086,0.6796500931440153,forget,for_002,M_npo_s1
10,-6,random_position,-2.2737131118774414,8.383245468139648,-2.1366348266601562,0.01286279609590688,forget,for_002,M_npo_s1
11,-6,real,-2.2737131118774414,8.383245468139648,-2.2737131118774414,0.0,forget,for_002,M_npo_s1
11,-5,real,-2.2737131118774414,8.383245468139648,-2.2737131118774414,0.0,forget,for_002,M_npo_s1
11,-4,real,-2.2737131118774414,8.383245468139648,-2.2737131118774414,0.0,forget,for_002,M_npo_s1
11,-3,real,-2.2737131118774414,8.383245468139648,-2.2737131118774414,0.0,forget,for_002,M_npo_s1
11,-2,real,-2.2737131118774414,8.383245468139648,-2.2737131118774414,0.0,forget,for_002,M_npo_s1
11,-1,real,-2.2737131118774414,8.383245468139648,8.212333679199219,0.9839624234572041,forget,for_002,M_npo_s1
11,-7,random_position,-2.2737131118774414,8.383245468139648,-2.2737131118774414,0.0,forget,for_002,M_npo_s1
0,-6,real,-0.8205842971801758,9.185632705688477,-0.8217124938964844,-0.0001127495751876213,forget,for_002,M_npo_s1
0,-5,real,-0.8205842971801758,9.185632705688477,-0.7726984024047852,0.00478561425978093,forget,for_002,M_npo_s1
0,-4,real,-0.8205842971801758,9.185632705688477,-0.9212532043457031,-0.010060636016255382,forget,for_002,M_npo_s1
0,-3,real,-0.8205842971801758,9.185632705688477,-0.8091392517089844,0.0011437934504029107,forget,for_002,M_npo_s1
0,-2,real,-0.8205842971801758,9.185632705688477,-0.8130674362182617,0.0007512190630843881,forget,for_002,M_npo_s1
0,-1,real,-0.8205842971801758,9.185632705688477,-0.8268470764160156,-0.0006258888083322985,forget,for_002,M_npo_s1
0,-11,random_position,-0.8205842971801758,9.185632705688477,-0.7842597961425781,0.0036301932115987384,forget,for_002,M_npo_s1
1,-6,real,-0.8205842971801758,9.185632705688477,-0.7675504684448242,0.005300087807424869,forget,for_002,M_npo_s1
1,-5,real,-0.8205842971801758,9.185632705688477,-0.7628564834594727,0.0057691946620939075,forget,for_002,M_npo_s1
1,-4,real,-0.8205842971801758,9.185632705688477,-0.9794425964355469,-0.01587595983675234,forget,for_002,M_npo_s1
1,-3,real,-0.8205842971801758,9.185632705688477,-0.8027849197387695,0.001778831843873004,forget,for_002,M_npo_s1
1,-2,real,-0.8205842971801758,9.185632705688477,-0.8218545913696289,-0.0001269504937869075,forget,for_002,M_npo_s1
1,-1,real,-0.8205842971801758,9.185632705688477,-0.7937154769897461,0.0026852126215858346,forget,for_002,M_npo_s1
1,-3,random_position,-0.8205842971801758,9.185632705688477,-0.8027849197387695,0.001778831843873004,forget,for_002,M_npo_s1
2,-6,real,-0.8205842971801758,9.185632705688477,-0.6977510452270508,0.012275693393208473,forget,for_002,M_npo_s1
2,-5,real,-0.8205842971801758,9.185632705688477,-0.7562294006347656,0.006431491194620349,forget,for_002,M_npo_s1
2,-4,real,-0.8205842971801758,9.185632705688477,-1.1096677780151367,-0.02889038692165925,forget,for_002,M_npo_s1
2,-3,real,-0.8205842971801758,9.185632705688477,-0.793095588684082,0.0027471629376229893,forget,for_002,M_npo_s1
2,-2,real,-0.8205842971801758,9.185632705688477,-0.8207597732543945,-1.7536704847440674e-05,forget,for_002,M_npo_s1
2,-1,real,-0.8205842971801758,9.185632705688477,-0.7844352722167969,0.0036126565067512977,forget,for_002,M_npo_s1
2,-8,random_position,-0.8205842971801758,9.185632705688477,-0.44396305084228516,0.03763872462789066,forget,for_002,M_npo_s1
3,-6,real,-0.8205842971801758,9.185632705688477,-0.6483592987060547,0.01721179926687043,forget,for_002,M_npo_s1
3,-5,real,-0.8205842971801758,9.185632705688477,-0.6576204299926758,0.01628626154527534,forget,for_002,M_npo_s1
3,-4,real,-0.8205842971801758,9.185632705688477,-1.303114891052246,-0.0482230790851063,forget,for_002,M_npo_s1
3,-3,real,-0.8205842971801758,9.185632705688477,-0.7909536361694336,0.002961225106575988,forget,for_002,M_npo_s1
3,-2,real,-0.8205842971801758,9.185632705688477,-0.8123073577880859,0.0008271796813637914,forget,for_002,M_npo_s1
3,-1,real,-0.8205842971801758,9.185632705688477,-0.7698307037353516,0.0050722059525866595,forget,for_002,M_npo_s1
3,-11,random_position,-0.8205842971801758,9.185632705688477,-0.7994785308837891,0.002109265298797335,forget,for_002,M_npo_s1
4,-6,real,-0.8205842971801758,9.185632705688477,-0.605168342590332,0.0215282113638038,forget,for_002,M_npo_s1
4,-5,real,-0.8205842971801758,9.185632705688477,-0.5455694198608398,0.0274844006721514,forget,for_002,M_npo_s1
4,-4,real,-0.8205842971801758,9.185632705688477,-1.4048833847045898,-0.058393605431193735,forget,for_002,M_npo_s1
4,-3,real,-0.8205842971801758,9.185632705688477,-0.7714366912841797,0.0049117069799611696,forget,for_002,M_npo_s1
4,-2,real,-0.8205842971801758,9.185632705688477,-0.8176794052124023,0.00029030871176795813,forget,for_002,M_npo_s1
4,-1,real,-0.8205842971801758,9.185632705688477,-0.7136001586914062,0.01069176677440621,forget,for_002,M_npo_s1
4,-8,random_position,-0.8205842971801758,9.185632705688477,-0.7108659744262695,0.010965015322219319,forget,for_002,M_npo_s1
5,-6,real,-0.8205842971801758,9.185632705688477,-0.6093378067016602,0.02111152400732005,forget,for_002,M_npo_s1
5,-5,real,-0.8205842971801758,9.185632705688477,-0.32456111907958984,0.04957149919478886,forget,for_002,M_npo_s1
5,-4,real,-0.8205842971801758,9.185632705688477,-1.395669937133789,-0.05747283311852459,forget,for_002,M_npo_s1
5,-3,real,-0.8205842971801758,9.185632705688477,-0.751708984375,0.006883251960798984,forget,for_002,M_npo_s1
5,-2,real,-0.8205842971801758,9.185632705688477,-0.8153934478759766,0.0005187624156772804,forget,for_002,M_npo_s1
5,-1,real,-0.8205842971801758,9.185632705688477,-0.6924657821655273,0.012803891318559104,forget,for_002,M_npo_s1
5,-10,random_position,-0.8205842971801758,9.185632705688477,-0.7721071243286133,0.004844705330462524,forget,for_002,M_npo_s1
6,-6,real,-0.8205842971801758,9.185632705688477,-0.6484231948852539,0.017205413618909676,forget,for_002,M_npo_s1
6,-5,real,-0.8205842971801758,9.185632705688477,-0.1956014633178711,0.06245945232680145,forget,for_002,M_npo_s1
6,-4,real,-0.8205842971801758,9.185632705688477,-1.3267507553100586,-0.05058519698151374,forget,for_002,M_npo_s1
6,-3,real,-0.8205842971801758,9.185632705688477,-0.7343177795410156,0.008621291904265985,forget,for_002,M_npo_s1
6,-2,real,-0.8205842971801758,9.185632705688477,-0.7929916381835938,0.0027575515290815273,forget,for_002,M_npo_s1
6,-1,real,-0.8205842971801758,9.185632705688477,-0.5077581405639648,0.03126317933406079,forget,for_002,M_npo_s1
6,-2,random_position,-0.8205842971801758,9.185632705688477,-0.7929916381835938,0.0027575515290815273,forget,for_002,M_npo_s1
7,-6,real,-0.8205842971801758,9.185632705688477,-0.5684366226196289,0.025199101167630026,forget,for_002,M_npo_s1
7,-5,real,-0.8205842971801758,9.185632705688477,0.017240524291992188,0.08373042691678328,forget,for_002,M_npo_s1
7,-4,real,-0.8205842971801758,9.185632705688477,-1.3218755722045898,-0.05009798157292615,forget,for_002,M_npo_s1
7,-3,real,-0.8205842971801758,9.185632705688477,-0.7108592987060547,0.01096568247946895,forget,for_002,M_npo_s1
7,-2,real,-0.8205842971801758,9.185632705688477,-0.7819995880126953,0.003856073594688056,forget,for_002,M_npo_s1
7,-1,real,-0.8205842971801758,9.185632705688477,-0.155609130859375,0.0664562007929831,forget,for_002,M_npo_s1
7,-7,random_position,-0.8205842971801758,9.185632705688477,6.639308929443359,0.7455258290405735,forget,for_002,M_npo_s1
8,-6,real,-0.8205842971801758,9.185632705688477,-0.5322160720825195,0.028818905787770226,forget,for_002,M_npo_s1
8,-5,real,-0.8205842971801758,9.185632705688477,0.08297157287597656,0.09029944781300611,forget,for_002,M_npo_s1
8,-4,real,-0.8205842971801758,9.185632705688477,-1.0925731658935547,-0.027181987821711565,forget,for_002,M_npo_s1
8,-3,real,-0.8205842971801758,9.185632705688477,-0.751317024230957,0.006922423622170169,forget,for_002,M_npo_s1
8,-2,real,-0.8205842971801758,9.185632705688477,-0.763300895690918,0.005724781050904193,forget,for_002,M_npo_s1
8,-1,real,-0.8205842971801758,9.185632705688477,1.3624114990234375,0.21816394703190795,forget,for_002,M_npo_s1
8,-5,random_position,-0.8205842971801758,9.185632705688477,0.08297157287597656,0.09029944781300611,forget,for_002,M_npo_s1
9,-6,real,-0.8205842971801758,9.185632705688477,-0.2381753921508789,0.058204704621369674,forget,for_002,M_npo_s1
9,-5,real,-0.8205842971801758,9.185632705688477,-0.13623332977294922,0.06839257705594752,forget,for_002,M_npo_s1
9,-4,real,-0.8205842971801758,9.185632705688477,-0.378387451171875,0.044192210291014944,forget,for_002,M_npo_s1
9,-3,real,-0.8205842971801758,9.185632705688477,-0.660517692565918,0.01599671529893553,forget,for_002,M_npo_s1
9,-2,real,-0.8205842971801758,9.185632705688477,-0.7175016403198242,0.01030186101608621,forget,for_002,M_npo_s1
9,-1,real,-0.8205842971801758,9.185632705688477,3.8423385620117188,0.4660025719865055,forget,for_002,M_npo_s1
9,-10,random_position,-0.8205842971801758,9.185632705688477,-0.8094758987426758,0.0011101496633858098,forget,for_002,M_npo_s1
10,-6,real,-0.8205842971801758,9.185632705688477,0.0037899017333984375,0.08238620036695554,forget,for_002,M_npo_s1
10,-5,real,-0.8205842971801758,9.185632705688477,-0.13360118865966797,0.06865562762865914,forget,for_002,M_npo_s1
10,-4,real,-0.8205842971801758,9.185632705688477,-0.14075565338134766,0.06794062567341184,forget,for_002,M_npo_s1
10,-3,real,-0.8205842971801758,9.185632705688477,-0.6870450973510742,0.013345623005259391,forget,for_002,M_npo_s1
10,-2,real,-0.8205842971801758,9.185632705688477,-0.6669158935546875,0.015357292729253577,forget,for_002,M_npo_s1
10,-1,real,-0.8205842971801758,9.185632705688477,6.204257965087891,0.7020477629311992,forget,for_002,M_npo_s1
10,-5,random_position,-0.8205842971801758,9.185632705688477,-0.13360118865966797,0.06865562762865914,forget,for_002,M_npo_s1
11,-6,real,-0.8205842971801758,9.185632705688477,-0.8205842971801758,0.0,forget,for_002,M_npo_s1
11,-5,real,-0.8205842971801758,9.185632705688477,-0.8205842971801758,0.0,forget,for_002,M_npo_s1
11,-4,real,-0.8205842971801758,9.185632705688477,-0.8205842971801758,0.0,forget,for_002,M_npo_s1
11,-3,real,-0.8205842971801758,9.185632705688477,-0.8205842971801758,0.0,forget,for_002,M_npo_s1
11,-2,real,-0.8205842971801758,9.185632705688477,-0.8205842971801758,0.0,forget,for_002,M_npo_s1
11,-1,real,-0.8205842971801758,9.185632705688477,9.046449661254883,0.9860903431942669,forget,for_002,M_npo_s1
11,-6,random_position,-0.8205842971801758,9.185632705688477,-0.8205842971801758,0.0,forget,for_002,M_npo_s1
0,-6,real,-1.342824935913086,7.8953399658203125,-1.0693111419677734,0.029606939998872706,forget,for_002,M_npo_s1
0,-5,real,-1.342824935913086,7.8953399658203125,-1.2923593521118164,0.005462728186612089,forget,for_002,M_npo_s1
0,-4,real,-1.342824935913086,7.8953399658203125,-1.3312692642211914,0.0012508622453498625,forget,for_002,M_npo_s1
0,-3,real,-1.342824935913086,7.8953399658203125,-1.3177928924560547,0.0027096337555453653,forget,for_002,M_npo_s1
0,-2,real,-1.342824935913086,7.8953399658203125,-1.3992204666137695,-0.006104624814621121,forget,for_002,M_npo_s1
0,-1,real,-1.342824935913086,7.8953399658203125,-1.3239126205444336,0.002047193957871843,forget,for_002,M_npo_s1
0,-12,random_position,-1.342824935913086,7.8953399658203125,-1.3184423446655273,0.0026393327578492975,forget,for_002,M_npo_s1
1,-6,real,-1.342824935913086,7.8953399658203125,-0.8661174774169922,0.05160196462899758,forget,for_002,M_npo_s1
1,-5,real,-1.342824935913086,7.8953399658203125,-0.8260488510131836,0.055939257460422394,forget,for_002,M_npo_s1
1,-4,real,-1.342824935913086,7.8953399658203125,-1.2991533279418945,0.004727303359025027,forget,for_002,M_npo_s1
1,-3,real,-1.342824935913086,7.8953399658203125,-1.3576383590698242,-0.0016035027859222098,forget,for_002,M_npo_s1
1,-2,real,-1.342824935913086,7.8953399658203125,-1.410386085510254,-0.007313265168549997,forget,for_002,M_npo_s1
1,-1,real,-1.342824935913086,7.8953399658203125,-1.3204755783081055,0.002419242116016673,forget,for_002,M_npo_s1
1,-3,random_position,-1.342824935913086,7.8953399658203125,-1.3576383590698242,-0.0016035027859222098,forget,for_002,M_npo_s1
2,-6,real,-1.342824935913086,7.8953399658203125,-1.2346811294555664,0.011706200052483153,forget,for_002,M_npo_s1
2,-5,real,-1.342824935913086,7.8953399658203125,0.09338569641113281,0.15546492702839024,forget,for_002,M_npo_s1
2,-4,real,-1.342824935913086,7.8953399658203125,-1.2912874221801758,0.005578760964013528,forget,for_002,M_npo_s1
2,-3,real,-1.342824935913086,7.8953399658203125,-1.4437236785888672,-0.010921946484939792,forget,for_002,M_npo_s1
2,-2,real,-1.342824935913086,7.8953399658203125,-1.5795459747314453,-0.025624249116179162,forget,for_002,M_npo_s1
2,-1,real,-1.342824935913086,7.8953399658203125,-1.294804573059082,0.005198041317166099,forget,for_002,M_npo_s1
2,-8,random_position,-1.342824935913086,7.8953399658203125,-1.3077917098999023,0.0037922278272614677,forget,for_002,M_npo_s1
3,-6,real,-1.342824935913086,7.8953399658203125,-1.2210350036621094,0.013183346860167497,forget,for_002,M_npo_s1
3,-5,real,-1.342824935913086,7.8953399658203125,1.2226066589355469,0.27769926410030515,forget,for_002,M_npo_s1
3,-4,real,-1.342824935913086,7.8953399658203125,-1.2775297164916992,0.0070679859166764905,forget,for_002,M_npo_s1
3,-3,real,-1.342824935913086,7.8953399658203125,-1.3782920837402344,-0.0038391983910672106,forget,for_002,M_npo_s1
3,-2,real,-1.342824935913086,7.8953399658203125,-1.8416414260864258,-0.05399519227890646,forget,for_002,M_npo_s1
3,-1,real,-1.342824935913086,7.8953399658203125,-1.2879838943481445,0.005936356640987361,forget,for_002,M_npo_s1
3,-12,random_position,-1.342824935913086,7.8953399658203125,-1.3097906112670898,0.003575853537729957,forget,for_002,M_npo_s1
4,-6,real,-1.342824935913086,7.8953399658203125,-1.2826604843139648,0.006512597711676717,forget,for_002,M_npo_s1
4,-5,real,-1.342824935913086,7.8953399658203125,2.456258773803711,0.41123791901614115,forget,for_002,M_npo_s1
4,-4,real,-1.342824935913086,7.8953399658203125,-1.259664535522461,0.009001831129364365,forget,for_002,M_npo_s1
4,-3,real,-1.342824935913086,7.8953399658203125,-1.3052806854248047,0.004064037705284591,forget,for_002,M_npo_s1
4,-2,real,-1.342824935913086,7.8953399658203125,-1.9319877624511719,-0.0637748765912956,forget,for_002,M_npo_s1
4,-1,real,-1.342824935913086,7.8953399658203125,-1.2418098449707031,0.010934540789960232,forget,for_002,M_npo_s1
4,-9,random_position,-1.342824935913086,7.8953399658203125,-1.307901382446289,0.0037803561462995765,forget,for_002,M_npo_s1
5,-6,real,-1.342824935913086,7.8953399658203125,-1.290522575378418,0.005661553034721673,forget,for_002,M_npo_s1
5,-5,real,-1.342824935913086,7.8953399658203125,3.9646100997924805,0.5745118313172466,forget,for_002,M_npo_s1
5,-4,real,-1.342824935913086,7.8953399658203125,-1.296156883239746,0.005051658329305564,forget,for_002,M_npo_s1
5,-3,real,-1.342824935913086,7.8953399658203125,-1.2860193252563477,0.006149014578217757,forget,for_002,M_npo_s1
5,-2,real,-1.342824935913086,7.8953399658203125,-1.9398374557495117,-0.0646245792521419,forget,for_002,M_npo_s1
5,-1,real,-1.342824935913086,7.8953399658203125,-1.136606216430664,0.02232247656065634,forget,for_002,M_npo_s1
5,-11,random_position,-1.342824935913086,7.8953399658203125,-1.2955780029296875,0.005114320158382676,forget,for_002,M_npo_s1
6,-6,real,-1.342824935913086,7.8953399658203125,-1.287297248840332,0.006010683687009635,forget,for_002,M_npo_s1
6,-5,real,-1.342824935913086,7.8953399658203125,4.814431190490723,0.6665020804346645,forget,for_002,M_npo_s1
6,-4,real,-1.342824935913086,7.8953399658203125,-1.4561986923217773,-0.01227232438635281,forget,for_002,M_npo_s1
6,-3,real,-1.342824935913086,7.8953399658203125,-1.2587738037109375,0.009098249825176595,forget,for_002,M_npo_s1
6,-2,real,-1.342824935913086,7.8953399658203125,-1.8350944519042969,-0.053286504541485744,forget,for_002,M_npo_s1
6,-1,real,-1.342824935913086,7.8953399658203125,-0.9367294311523438,0.04395846026569029,forget,for_002,M_npo_s1
6,-2,random_position,-1.342824935913086,7.8953399658203125,-1.8350944519042969,-0.053286504541485744,forget,for_002,M_npo_s1
7,-6,real,-1.342824935913086,7.8953399658203125,-1.359553337097168,-0.0018107926587176645,forget,for_002,M_npo_s1
7,-5,real,-1.342824935913086,7.8953399658203125,5.630216598510742,0.7548080824055701,forget,for_002,M_npo_s1
7,-4,real,-1.342824935913086,7.8953399658203125,-1.4242229461669922,-0.008811058377907193,forget,for_002,M_npo_s1
7,-3,real,-1.342824935913086,7.8953399658203125,-1.2307929992675781,0.012127076950584284,forget,for_002,M_npo_s1
7,-2,real,-1.342824935913086,7.8953399658203125,-1.7543354034423828,-0.04454461160918261,forget,for_002,M_npo_s1
7,-1,real,-1.342824935913086,7.8953399658203125,-0.6555500030517578,0.07439517914779499,forget,for_002,M_npo_s1
7,-8,random_position,-1.342824935913086,7.8953399658203125,-1.3289337158203125,0.0015036774338339604,forget,for_002,M_npo_s1
8,-6,real,-1.342824935913086,7.8953399658203125,-1.3335437774658203,0.001004653905401078,forget,for_002,M_npo_s1
8,-5,real,-1.342824935913086,7.8953399658203125,4.15671443939209,0.5953064741541118,forget,for_002,M_npo_s1
8,-4,real,-1.342824935913086,7.8953399658203125,-1.352503776550293,-0.0010477016528889786,forget,for_002,M_npo_s1
8,-3,real,-1.342824935913086,7.8953399658203125,-1.2533855438232422,0.009681510672434722,forget,for_002,M_npo_s1
8,-2,real,-1.342824935913086,7.8953399658203125,-1.5308237075805664,-0.020350229040856958,forget,for_002,M_npo_s1
8,-1,real,-1.342824935913086,7.8953399658203125,0.7527294158935547,0.2268366471152125,forget,for_002,M_npo_s1
8,-5,random_position,-1.342824935913086,7.8953399658203125,4.15671443939209,0.5953064741541118,forget,for_002,M_npo_s1
9,-6,real,-1.342824935913086,7.8953399658203125,-1.3433599472045898,-5.791315669235561e-05,forget,for_002,M_npo_s1
9,-5,real,-1.342824935913086,7.8953399658203125,0.5516872406005859,0.2050745138959574,forget,for_002,M_npo_s1
9,-4,real,-1.342824935913086,7.8953399658203125,-1.0589580535888672,0.030727626681675224,forget,for_002,M_npo_s1
9,-3,real,-1.342824935913086,7.8953399658203125,-1.3404579162597656,0.00025622184476011873,forget,for_002,M_npo_s1
9,-2,real,-1.342824935913086,7.8953399658203125,-0.6852750778198242,0.07117754067908906,forget,for_002,M_npo_s1
9,-1,real,-1.342824935913086,7.8953399658203125,3.3838701248168945,0.5116486998238242,forget,for_002,M_npo_s1
9,-11,random_position,-1.342824935913086,7.8953399658203125,-1.3373146057128906,0.0005964745443287535,forget,for_002,M_npo_s1
10,-6,real,-1.342824935913086,7.8953399658203125,-1.3051652908325195,0.004076528778296668,forget,for_002,M_npo_s1
10,-5,real,-1.342824935913086,7.8953399658203125,-0.755681037902832,0.06355633442958844,forget,for_002,M_npo_s1
10,-4,real,-1.342824935913086,7.8953399658203125,-0.8825225830078125,0.04982616762111541,forget,for_002,M_npo_s1
10,-3,real,-1.342824935913086,7.8953399658203125,-1.2623109817504883,0.008715362306153515,forget,for_002,M_npo_s1
10,-2,real,-1.342824935913086,7.8953399658203125,-0.6769590377807617,0.0720777237920255,forget,for_002,M_npo_s1
10,-1,real,-1.342824935913086,7.8953399658203125,5.806831359863281,0.7739260309625827,forget,for_002,M_npo_s1
10,-6,random_position,-1.342824935913086,7.8953399658203125,-1.3051652908325195,0.004076528778296668,forget,for_002,M_npo_s1
11,-6,real,-1.342824935913086,7.8953399658203125,-1.342824935913086,0.0,forget,for_002,M_npo_s1
11,-5,real,-1.342824935913086,7.8953399658203125,-1.342824935913086,0.0,forget,for_002,M_npo_s1
11,-4,real,-1.342824935913086,7.8953399658203125,-1.342824935913086,0.0,forget,for_002,M_npo_s1
11,-3,real,-1.342824935913086,7.8953399658203125,-1.342824935913086,0.0,forget,for_002,M_npo_s1
11,-2,real,-1.342824935913086,7.8953399658203125,-1.342824935913086,0.0,forget,for_002,M_npo_s1
11,-1,real,-1.342824935913086,7.8953399658203125,8.050210952758789,1.0167642587663073,forget,for_002,M_npo_s1
11,-6,random_position,-1.342824935913086,7.8953399658203125,-1.342824935913086,0.0,forget,for_002,M_npo_s1
0,-6,real,-0.13418292999267578,9.245107650756836,-0.0824728012084961,0.005513223877540583,forget,for_002,M_npo_s1
0,-5,real,-0.13418292999267578,9.245107650756836,-0.19461536407470703,-0.006443177504924047,forget,for_002,M_npo_s1
0,-4,real,-0.13418292999267578,9.245107650756836,-0.13100814819335938,0.00033848847863104643,forget,for_002,M_npo_s1
0,-3,real,-0.13418292999267578,9.245107650756836,-0.13586044311523438,-0.00017885287891619426,forget,for_002,M_npo_s1
0,-2,real,-0.13418292999267578,9.245107650756836,-0.11573410034179688,0.0019669749531744047,forget,for_002,M_npo_s1
0,-1,real,-0.13418292999267578,9.245107650756836,-0.12354373931884766,0.0011343278665088478,forget,for_002,M_npo_s1
0,-12,random_position,-0.13418292999267578,9.245107650756836,-0.07973575592041016,0.00580504182096837,forget,for_002,M_npo_s1
1,-6,real,-0.13418292999267578,9.245107650756836,-0.10030269622802734,0.0036122384174967124,forget,for_002,M_npo_s1
1,-5,real,-0.13418292999267578,9.245107650756836,-0.2606391906738281,-0.01348249737999343,forget,for_002,M_npo_s1
1,-4,real,-0.13418292999267578,9.245107650756836,-0.1334991455078125,7.290364649398026e-05,forget,for_002,M_npo_s1
1,-3,real,-0.13418292999267578,9.245107650756836,-0.1280803680419922,0.000650642167245439,forget,for_002,M_npo_s1
1,-2,real,-0.13418292999267578,9.245107650756836,-0.12057304382324219,0.0014510570977902264,forget,for_002,M_npo_s1
1,-1,real,-0.13418292999267578,9.245107650756836,-0.0981903076171875,0.003837456795438367,forget,for_002,M_npo_s1
1,-3,random_position,-0.13418292999267578,9.245107650756836,-0.1280803680419922,0.000650642167245439,forget,for_002,M_npo_s1
2,-6,real,-0.13418292999267578,9.245107650756836,-0.11694908142089844,0.0018374362563357285,forget,for_002,M_npo_s1
2,-5,real,-0.13418292999267578,9.245107650756836,-0.4076519012451172,-0.029156679697473254,forget,for_002,M_npo_s1
2,-4,real,-0.13418292999267578,9.245107650756836,-0.12784194946289062,0.0006760618487286957,forget,for_002,M_npo_s1
2,-3,real,-0.13418292999267578,9.245107650756836,-0.1260232925415039,0.0008699631790829779,forget,for_002,M_npo_s1
2,-2,real,-0.13418292999267578,9.245107650756836,-0.11589431762695312,0.0019498929272176563,forget,for_002,M_npo_s1
2,-1,real,-0.13418292999267578,9.245107650756836,-0.08871936798095703,0.004847228222679256,forget,for_002,M_npo_s1
2,-8,random_position,-0.13418292999267578,9.245107650756836,1.9010200500488281,0.21698901025826497,forget,for_002,M_npo_s1
3,-6,real,-0.13418292999267578,9.245107650756836,-0.07181358337402344,0.006649686997294024,forget,for_002,M_npo_s1
3,-5,real,-0.13418292999267578,9.245107650756836,-0.6494150161743164,-0.0549329484725771,forget,for_002,M_npo_s1
3,-4,real,-0.13418292999267578,9.245107650756836,-0.1154632568359375,0.0019958517113393844,forget,for_002,M_npo_s1
3,-3,real,-0.13418292999267578,9.245107650756836,-0.12364959716796875,0.0011230415279302817,forget,for_002,M_npo_s1
3,-2,real,-0.13418292999267578,9.245107650756836,-0.10223197937011719,0.003406542354934199,forget,for_002,M_npo_s1
3,-1,real,-0.13418292999267578,9.245107650756836,-0.014562606811523438,0.012753664272505493,forget,for_002,M_npo_s1
3,-12,random_position,-0.13418292999267578,9.245107650756836,-0.06299495697021484,0.007589910175996723,forget,for_002,M_npo_s1
4,-6,real,-0.13418292999267578,9.245107650756836,-0.04129600524902344,0.009903406227150883,forget,for_002,M_npo_s1
4,-5,real,-0.13418292999267578,9.245107650756836,-0.7610483169555664,-0.06683505341539349,forget,for_002,M_npo_s1
4,-4,real,-0.13418292999267578,9.245107650756836,-0.12419795989990234,0.0010645762605187912,forget,for_002,M_npo_s1
4,-3,real,-0.13418292999267578,9.245107650756836,-0.12871837615966797,0.0005826190995962439,forget,for_002,M_npo_s1
4,-2,real,-0.13418292999267578,9.245107650756836,-0.10999107360839844,0.0025792842407430924,forget,for_002,M_npo_s1
4,-1,real,-0.13418292999267578,9.245107650756836,0.1556711196899414,0.030903621887728588,forget,for_002,M_npo_s1
4,-9,random_position,-0.13418292999267578,9.245107650756836,0.010772705078125,0.015454861305642284,forget,for_002,M_npo_s1
5,-6,real,-0.13418292999267578,9.245107650756836,0.002132415771484375,0.01453365204868906,forget,for_002,M_npo_s1
5,-5,real,-0.13418292999267578,9.245107650756836,-0.7955541610717773,-0.07051399307710227,forget,for_002,M_npo_s1
5,-4,real,-0.13418292999267578,9.245107650756836,-0.12450122833251953,0.0010322424256720888,forget,for_002,M_npo_s1
5,-3,real,-0.13418292999267578,9.245107650756836,-0.12974929809570312,0.00047270439686264193,forget,for_002,M_npo_s1
5,-2,real,-0.13418292999267578,9.245107650756836,-0.11540412902832031,0.002002155792347232,forget,for_002,M_npo_s1
5,-1,real,-0.13418292999267578,9.245107650756836,0.18697834014892578,0.03424153110265799,forget,for_002,M_npo_s1
5,-11,random_position,-0.13418292999267578,9.245107650756836,-0.08132076263427734,0.00563605177846768,forget,for_002,M_npo_s1
6,-6,real,-0.13418292999267578,9.245107650756836,0.1352519989013672,0.028726578686776548,forget,for_002,M_npo_s1
6,-5,real,-0.13418292999267578,9.245107650756836,-0.7265310287475586,-0.06315489360897351,forget,for_002,M_npo_s1
6,-4,real,-0.13418292999267578,9.245107650756836,-0.11542606353759766,0.001999817181650772,forget,for_002,M_npo_s1
6,-3,real,-0.13418292999267578,9.245107650756836,-0.12981319427490234,0.0004658919222251291,forget,for_002,M_npo_s1
6,-2,real,-0.13418292999267578,9.245107650756836,-0.1096944808959961,0.002610906324508264,forget,for_002,M_npo_s1
6,-1,real,-0.13418292999267578,9.245107650756836,0.38577842712402344,0.055437173274478974,forget,for_002,M_npo_s1
6,-2,random_position,-0.13418292999267578,9.245107650756836,-0.1096944808959961,0.002610906324508264,forget,for_002,M_npo_s1
7,-6,real,-0.13418292999267578,9.245107650756836,0.2721080780029297,0.043317882573069635,forget,for_002,M_npo_s1
7,-5,real,-0.13418292999267578,9.245107650756836,-0.7323093414306641,-0.06377096500940173,forget,for_002,M_npo_s1
7,-4,real,-0.13418292999267578,9.245107650756836,-0.134490966796875,-3.2842228476367676e-05,forget,for_002,M_npo_s1
7,-3,real,-0.13418292999267578,9.245107650756836,-0.13092708587646484,0.0003471311703353537,forget,for_002,M_npo_s1
7,-2,real,-0.13418292999267578,9.245107650756836,-0.10736465454101562,0.0028593074519626485,forget,for_002,M_npo_s1
7,-1,real,-0.13418292999267578,9.245107650756836,0.858067512512207,0.1057916303970178,forget,for_002,M_npo_s1
7,-8,random_position,-0.13418292999267578,9.245107650756836,7.223714828491211,0.7844833993719712,forget,for_002,M_npo_s1
8,-6,real,-0.13418292999267578,9.245107650756836,0.22037887573242188,0.037802625121010396,forget,for_002,M_npo_s1
8,-5,real,-0.13418292999267578,9.245107650756836,-0.46744251251220703,-0.03553142741984437,forget,for_002,M_npo_s1
8,-4,real,-0.13418292999267578,9.245107650756836,-0.14740467071533203,-0.0014096738563354845,forget,for_002,M_npo_s1
8,-3,real,-0.13418292999267578,9.245107650756836,-0.12903308868408203,0.0005490651200383451,forget,for_002,M_npo_s1
8,-2,real,-0.13418292999267578,9.245107650756836,-0.12609481811523438,0.0008623372746380008,forget,for_002,M_npo_s1
8,-1,real,-0.13418292999267578,9.245107650756836,2.3054256439208984,0.26010587399016505,forget,for_002,M_npo_s1
8,-5,random_position,-0.13418292999267578,9.245107650756836,-0.46744251251220703,-0.03553142741984437,forget,for_002,M_npo_s1
9,-6,real,-0.13418292999267578,9.245107650756836,-0.09770488739013672,0.0038892112669382775,forget,for_002,M_npo_s1
9,-5,real,-0.13418292999267578,9.245107650756836,0.37784576416015625,0.054591409632168054,forget,for_002,M_npo_s1
9,-4,real,-0.13418292999267578,9.245107650756836,-0.09893989562988281,0.003757537316855008,forget,for_002,M_npo_s1
9,-3,real,-0.13418292999267578,9.245107650756836,-0.10567283630371094,0.003039685511767838,forget,for_002,M_npo_s1
9,-2,real,-0.13418292999267578,9.245107650756836,-0.0299530029296875,0.011112772993398305,forget,for_002,M_npo_s1
9,-1,real,-0.13418292999267578,9.245107650756836,4.68250846862793,0.513545385671983,forget,for_002,M_npo_s1
9,-11,random_position,-0.13418292999267578,9.245107650756836,-0.1267261505126953,0.000795025958070337,forget,for_002,M_npo_s1
10,-6,real,-0.13418292999267578,9.245107650756836,-0.05170726776123047,0.00879337957614003,forget,for_002,M_npo_s1
10,-5,real,-0.13418292999267578,9.245107650756836,0.5766658782958984,0.07578918705723363,forget,for_002,M_npo_s1
10,-4,real,-0.13418292999267578,9.245107650756836,-0.10965919494628906,0.0026146684373677858,forget,for_002,M_npo_s1
10,-3,real,-0.13418292999267578,9.245107650756836,-0.10248374938964844,0.00337969917128788,forget,for_002,M_npo_s1
10,-2,real,-0.13418292999267578,9.245107650756836,0.12031078338623047,0.027133578087583817,forget,for_002,M_npo_s1
10,-1,real,-0.13418292999267578,9.245107650756836,7.008495330810547,0.7615371545757613,forget,for_002,M_npo_s1
10,-6,random_position,-0.13418292999267578,9.245107650756836,-0.05170726776123047,0.00879337957614003,forget,for_002,M_npo_s1
11,-6,real,-0.13418292999267578,9.245107650756836,-0.13418292999267578,0.0,forget,for_002,M_npo_s1
11,-5,real,-0.13418292999267578,9.245107650756836,-0.13418292999267578,0.0,forget,for_002,M_npo_s1
11,-4,real,-0.13418292999267578,9.245107650756836,-0.13418292999267578,0.0,forget,for_002,M_npo_s1
11,-3,real,-0.13418292999267578,9.245107650756836,-0.13418292999267578,0.0,forget,for_002,M_npo_s1
11,-2,real,-0.13418292999267578,9.245107650756836,-0.13418292999267578,0.0,forget,for_002,M_npo_s1
11,-1,real,-0.13418292999267578,9.245107650756836,9.401405334472656,1.0166641263931637,forget,for_002,M_npo_s1
11,-6,random_position,-0.13418292999267578,9.245107650756836,-0.13418292999267578,0.0,forget,for_002,M_npo_s1
0,-6,real,-0.8672571182250977,8.97537612915039,-0.8200740814208984,0.00479374122943984,forget,for_002,M_npo_s1
0,-5,real,-0.8672571182250977,8.97537612915039,-0.8400650024414062,0.0027626870879235606,forget,for_002,M_npo_s1
0,-4,real,-0.8672571182250977,8.97537612915039,-0.8084917068481445,0.005970496908703041,forget,for_002,M_npo_s1
0,-3,real,-0.8672571182250977,8.97537612915039,-0.9419240951538086,-0.007586077328302432,forget,for_002,M_npo_s1
0,-2,real,-0.8672571182250977,8.97537612915039,-0.8684701919555664,-0.00012324686900146492,forget,for_002,M_npo_s1
0,-1,real,-0.8672571182250977,8.97537612915039,-0.8696584701538086,-0.00024397454099503826,forget,for_002,M_npo_s1
0,-13,random_position,-0.8672571182250977,8.97537612915039,-0.8496952056884766,0.0017842697269355161,forget,for_002,M_npo_s1
1,-6,real,-0.8672571182250977,8.97537612915039,-0.43941307067871094,0.043468453694591354,forget,for_002,M_npo_s1
1,-5,real,-0.8672571182250977,8.97537612915039,-0.7840518951416016,0.008453553128750636,forget,for_002,M_npo_s1
1,-4,real,-0.8672571182250977,8.97537612915039,-0.7658653259277344,0.010301287241846497,forget,for_002,M_npo_s1
1,-3,real,-0.8672571182250977,8.97537612915039,-0.9882535934448242,-0.012293100045355235,forget,for_002,M_npo_s1
1,-2,real,-0.8672571182250977,8.97537612915039,-0.8887052536010742,-0.0021791054118262152,forget,for_002,M_npo_s1
1,-1,real,-0.8672571182250977,8.97537612915039,-0.7895164489746094,0.007898360865088376,forget,for_002,M_npo_s1
1,-3,random_position,-0.8672571182250977,8.97537612915039,-0.9882535934448242,-0.012293100045355235,forget,for_002,M_npo_s1
2,-6,real,-0.8672571182250977,8.97537612915039,0.48082733154296875,0.13696379981724194,forget,for_002,M_npo_s1
2,-5,real,-0.8672571182250977,8.97537612915039,-0.7099123001098633,0.015986049074539068,forget,for_002,M_npo_s1
2,-4,real,-0.8672571182250977,8.97537612915039,-0.7202062606811523,0.014940194747493618,forget,for_002,M_npo_s1
2,-3,real,-0.8672571182250977,8.97537612915039,-1.0984430313110352,-0.023488217764040187,forget,for_002,M_npo_s1
2,-2,real,-0.8672571182250977,8.97537612915039,-0.885045051574707,-0.001807233176584374,forget,for_002,M_npo_s1
2,-1,real,-0.8672571182250977,8.97537612915039,-0.7819337844848633,0.008668750688540144,forget,for_002,M_npo_s1
2,-9,random_position,-0.8672571182250977,8.97537612915039,-0.8636226654052734,0.0003692561460413387,forget,for_002,M_npo_s1
3,-6,real,-0.8672571182250977,8.97537612915039,1.7085771560668945,0.2617017427708008,forget,for_002,M_npo_s1
3,-5,real,-0.8672571182250977,8.97537612915039,-0.695063591003418,0.01749466051349568,forget,for_002,M_npo_s1
3,-4,real,-0.8672571182250977,8.97537612915039,-0.625422477722168,0.024570115986737008,forget,for_002,M_npo_s1
3,-3,real,-0.8672571182250977,8.97537612915039,-1.2364282608032227,-0.0375073553285716,forget,for_002,M_npo_s1
3,-2,real,-0.8672571182250977,8.97537612915039,-0.8973417282104492,-0.0030565611081133743,forget,for_002,M_npo_s1
3,-1,real,-0.8672571182250977,8.97537612915039,-0.7208042144775391,0.014879443342726385,forget,for_002,M_npo_s1
3,-13,random_position,-0.8672571182250977,8.97537612915039,-0.8285293579101562,0.003934695049748812,forget,for_002,M_npo_s1
4,-6,real,-0.8672571182250977,8.97537612915039,3.0278549194335938,0.39573881701802843,forget,for_002,M_npo_s1
4,-5,real,-0.8672571182250977,8.97537612915039,-0.6703529357910156,0.020005234116244858,forget,for_002,M_npo_s1
4,-4,real,-0.8672571182250977,8.97537612915039,-0.5365705490112305,0.03359736778793865,forget,for_002,M_npo_s1
4,-3,real,-0.8672571182250977,8.97537612915039,-1.3014030456542969,-0.044108717303366254,forget,for_002,M_npo_s1
4,-2,real,-0.8672571182250977,8.97537612915039,-0.860992431640625,0.0006364848132630684,forget,for_002,M_npo_s1
4,-1,real,-0.8672571182250977,8.97537612915039,-0.6688594818115234,0.02015696728987402,forget,for_002,M_npo_s1
4,-10,random_position,-0.8672571182250977,8.97537612915039,-0.8522796630859375,0.0015216918849591246,forget,for_002,M_npo_s1
5,-6,real,-0.8672571182250977,8.97537612915039,4.530477523803711,0.5484035121869546,forget,for_002,M_npo_s1
5,-5,real,-0.8672571182250977,8.97537612915039,-0.7021999359130859,0.016769616236185957,forget,for_002,M_npo_s1
5,-4,real,-0.8672571182250977,8.97537612915039,-0.27001190185546875,0.060679413868121396,forget,for_002,M_npo_s1
5,-3,real,-0.8672571182250977,8.97537612915039,-1.239304542541504,-0.037799582181487025,forget,for_002,M_npo_s1
5,-2,real,-0.8672571182250977,8.97537612915039,-0.8532733917236328,0.001420730220258239,forget,for_002,M_npo_s1
5,-1,real,-0.8672571182250977,8.97537612915039,-0.5976696014404297,0.027389775683915964,forget,for_002,M_npo_s1
5,-12,random_position,-0.8672571182250977,8.97537612915039,-0.8396215438842773,0.002807741957487775,forget,for_002,M_npo_s1
6,-6,real,-0.8672571182250977,8.97537612915039,5.523626327514648,0.6493062664347325,forget,for_002,M_npo_s1
6,-5,real,-0.8672571182250977,8.97537612915039,-0.7267007827758789,0.014280358915811246,forget,for_002,M_npo_s1
6,-4,real,-0.8672571182250977,8.97537612915039,-0.15444660186767578,0.07242071287655576,forget,for_002,M_npo_s1
6,-3,real,-0.8672571182250977,8.97537612915039,-1.1615667343139648,-0.029901511992976477,forget,for_002,M_npo_s1
6,-2,real,-0.8672571182250977,8.97537612915039,-0.863764762878418,0.0003548192093422677,forget,for_002,M_npo_s1
6,-1,real,-0.8672571182250977,8.97537612915039,-0.3962888717651367,0.047849821752277866,forget,for_002,M_npo_s1
6,-2,random_position,-0.8672571182250977,8.97537612915039,-0.863764762878418,0.0003548192093422677,forget,for_002,M_npo_s1
7,-6,real,-0.8672571182250977,8.97537612915039,6.3071441650390625,0.728910760255869,forget,for_002,M_npo_s1
7,-5,real,-0.8672571182250977,8.97537612915039,-0.6631641387939453,0.020735607464148192,forget,for_002,M_npo_s1
7,-4,real,-0.8672571182250977,8.97537612915039,-0.028545379638671875,0.08521212946851048,forget,for_002,M_npo_s1
7,-3,real,-0.8672571182250977,8.97537612915039,-1.0895681381225586,-0.022586539019600223,forget,for_002,M_npo_s1
7,-2,real,-0.8672571182250977,8.97537612915039,-0.8339672088623047,0.0033822157674796662,forget,for_002,M_npo_s1
7,-1,real,-0.8672571182250977,8.97537612915039,-0.07137012481689453,0.08086118555930388,forget,for_002,M_npo_s1
7,-8,random_position,-0.8672571182250977,8.97537612915039,-0.8382339477539062,0.0029487200977370925,forget,for_002,M_npo_s1
8,-6,real,-0.8672571182250977,8.97537612915039,4.674091339111328,0.5629945074722774,forget,for_002,M_npo_s1
8,-5,real,-0.8672571182250977,8.97537612915039,-0.6268596649169922,0.02442409945247191,forget,for_002,M_npo_s1
8,-4,real,-0.8672571182250977,8.97537612915039,-0.03293895721435547,0.08476574713715061,forget,for_002,M_npo_s1
8,-3,real,-0.8672571182250977,8.97537612915039,-0.858708381652832,0.0008685416145669273,forget,for_002,M_npo_s1
8,-2,real,-0.8672571182250977,8.97537612915039,-0.76806640625,0.010077660061299815,forget,for_002,M_npo_s1
8,-1,real,-0.8672571182250977,8.97537612915039,1.3385009765625,0.2241024367514412,forget,for_002,M_npo_s1
8,-5,random_position,-0.8672571182250977,8.97537612915039,-0.6268596649169922,0.02442409945247191,forget,for_002,M_npo_s1
9,-6,real,-0.8672571182250977,8.97537612915039,0.8202676773071289,0.17145054104115892,forget,for_002,M_npo_s1
9,-5,real,-0.8672571182250977,8.97537612915039,-0.49979400634765625,0.03733382141160491,forget,for_002,M_npo_s1
9,-4,real,-0.8672571182250977,8.97537612915039,-0.18372631072998047,0.06944592877900625,forget,for_002,M_npo_s1
9,-3,real,-0.8672571182250977,8.97537612915039,-0.10509109497070312,0.07743517452076396,forget,for_002,M_npo_s1
9,-2,real,-0.8672571182250977,8.97537612915039,-0.5973024368286133,0.02742707917807128,forget,for_002,M_npo_s1
9,-1,real,-0.8672571182250977,8.97537612915039,3.6862611770629883,0.46263212098269224,forget,for_002,M_npo_s1
9,-12,random_position,-0.8672571182250977,8.97537612915039,-0.8443050384521484,0.0023319043995741005,forget,for_002,M_npo_s1
10,-6,real,-0.8672571182250977,8.97537612915039,-0.4046134948730469,0.04700404980297457,forget,for_002,M_npo_s1
10,-5,real,-0.8672571182250977,8.97537612915039,-0.3522186279296875,0.0523273068650347,forget,for_002,M_npo_s1
10,-4,real,-0.8672571182250977,8.97537612915039,-0.09499740600585938,0.07846068148736104,forget,for_002,M_npo_s1
10,-3,real,-0.8672571182250977,8.97537612915039,0.011318206787109375,0.08926222311965924,forget,for_002,M_npo_s1
10,-2,real,-0.8672571182250977,8.97537612915039,-0.4971942901611328,0.037597949528663084,forget,for_002,M_npo_s1
10,-1,real,-0.8672571182250977,8.97537612915039,6.056062698364258,0.7034011775695737,forget,for_002,M_npo_s1
10,-6,random_position,-0.8672571182250977,8.97537612915039,-0.4046134948730469,0.04700404980297457,forget,for_002,M_npo_s1
11,-6,real,-0.8672571182250977,8.97537612915039,-0.8672571182250977,0.0,forget,for_002,M_npo_s1
11,-5,real,-0.8672571182250977,8.97537612915039,-0.8672571182250977,0.0,forget,for_002,M_npo_s1
11,-4,real,-0.8672571182250977,8.97537612915039,-0.8672571182250977,0.0,forget,for_002,M_npo_s1
11,-3,real,-0.8672571182250977,8.97537612915039,-0.8672571182250977,0.0,forget,for_002,M_npo_s1
11,-2,real,-0.8672571182250977,8.97537612915039,-0.8672571182250977,0.0,forget,for_002,M_npo_s1
11,-1,real,-0.8672571182250977,8.97537612915039,9.1431884765625,1.0170495377806397,forget,for_002,M_npo_s1
11,-6,random_position,-0.8672571182250977,8.97537612915039,-0.8672571182250977,0.0,forget,for_002,M_npo_s1
0,-6,real,-1.185898780822754,8.773290634155273,-1.1868629455566406,-9.681156705752301e-05,forget,for_002,M_npo_s1
0,-5,real,-1.185898780822754,8.773290634155273,-1.1280450820922852,0.005809077056357643,forget,for_002,M_npo_s1
0,-4,real,-1.185898780822754,8.773290634155273,-1.282754898071289,-0.009725301248198908,forget,for_002,M_npo_s1
0,-3,real,-1.185898780822754,8.773290634155273,-1.1805810928344727,0.0005339478713281389,forget,for_002,M_npo_s1
0,-2,real,-1.185898780822754,8.773290634155273,-1.1880483627319336,-0.00021583904267819673,forget,for_002,M_npo_s1
0,-1,real,-1.185898780822754,8.773290634155273,-1.164097785949707,0.0021890330592828646,forget,for_002,M_npo_s1
0,-11,random_position,-1.185898780822754,8.773290634155273,-1.145298957824707,0.00407661922133815,forget,for_002,M_npo_s1
1,-6,real,-1.185898780822754,8.773290634155273,-1.1454238891601562,0.004064074893658095,forget,for_002,M_npo_s1
1,-5,real,-1.185898780822754,8.773290634155273,-1.1247491836547852,0.006140017487367335,forget,for_002,M_npo_s1
1,-4,real,-1.185898780822754,8.773290634155273,-1.3369617462158203,-0.015168198846170825,forget,for_002,M_npo_s1
1,-3,real,-1.185898780822754,8.773290634155273,-1.1639909744262695,0.002199757980658179,forget,for_002,M_npo_s1
1,-2,real,-1.185898780822754,8.773290634155273,-1.1849451065063477,9.575822656530467e-05,forget,for_002,M_npo_s1
1,-1,real,-1.185898780822754,8.773290634155273,-1.129241943359375,0.005688900482018185,forget,for_002,M_npo_s1
1,-3,random_position,-1.185898780822754,8.773290634155273,-1.1639909744262695,0.002199757980658179,forget,for_002,M_npo_s1
2,-6,real,-1.185898780822754,8.773290634155273,-1.0718135833740234,0.011455269369327701,forget,for_002,M_npo_s1
2,-5,real,-1.185898780822754,8.773290634155273,-1.1082029342651367,0.007801422718275371,forget,for_002,M_npo_s1
2,-4,real,-1.185898780822754,8.773290634155273,-1.4790563583374023,-0.029435887329721525,forget,for_002,M_npo_s1
2,-3,real,-1.185898780822754,8.773290634155273,-1.1505651473999023,0.003547842294244538,forget,for_002,M_npo_s1
2,-2,real,-1.185898780822754,8.773290634155273,-1.1823930740356445,0.00035200724085405994,forget,for_002,M_npo_s1
2,-1,real,-1.185898780822754,8.773290634155273,-1.1074161529541016,0.007880423255191747,forget,for_002,M_npo_s1
2,-8,random_position,-1.185898780822754,8.773290634155273,-0.8052616119384766,0.038219693694330356,forget,for_002,M_npo_s1
3,-6,real,-1.185898780822754,8.773290634155273,-1.0308113098144531,0.015572298562276411,forget,for_002,M_npo_s1
3,-5,real,-1.185898780822754,8.773290634155273,-1.0215768814086914,0.016499525470108255,forget,for_002,M_npo_s1
3,-4,real,-1.185898780822754,8.773290634155273,-1.7194023132324219,-0.053568971346936174,forget,for_002,M_npo_s1
3,-3,real,-1.185898780822754,8.773290634155273,-1.1476869583129883,0.0038368406220186274,forget,for_002,M_npo_s1
3,-2,real,-1.185898780822754,8.773290634155273,-1.1768674850463867,0.0009068304055734353,forget,for_002,M_npo_s1
3,-1,real,-1.185898780822754,8.773290634155273,-1.0886096954345703,0.009768775483059556,forget,for_002,M_npo_s1
3,-11,random_position,-1.185898780822754,8.773290634155273,-1.151381492614746,0.003465873252304637,forget,for_002,M_npo_s1
4,-6,real,-1.185898780822754,8.773290634155273,-1.0122003555297852,0.017441020353698333,forget,for_002,M_npo_s1
4,-5,real,-1.185898780822754,8.773290634155273,-0.9307222366333008,0.0256222201985317,forget,for_002,M_npo_s1
4,-4,real,-1.185898780822754,8.773290634155273,-1.859567642211914,-0.06764294093814525,forget,for_002,M_npo_s1
4,-3,real,-1.185898780822754,8.773290634155273,-1.1521596908569336,0.0033877345394273486,forget,for_002,M_npo_s1
4,-2,real,-1.185898780822754,8.773290634155273,-1.1534414291381836,0.003259035482923579,forget,for_002,M_npo_s1
4,-1,real,-1.185898780822754,8.773290634155273,-1.0476350784301758,0.013883027687437871,forget,for_002,M_npo_s1
4,-8,random_position,-1.185898780822754,8.773290634155273,-1.097513198852539,0.008874776679845871,forget,for_002,M_npo_s1
5,-6,real,-1.185898780822754,8.773290634155273,-1.0578250885009766,0.01285985103658759,forget,for_002,M_npo_s1
5,-5,real,-1.185898780822754,8.773290634155273,-0.7254123687744141,0.046237338488190186,forget,for_002,M_npo_s1
5,-4,real,-1.185898780822754,8.773290634155273,-1.9087409973144531,-0.0725804266163055,forget,for_002,M_npo_s1
5,-3,real,-1.185898780822754,8.773290634155273,-1.1123952865600586,0.007380469554294292,forget,for_002,M_npo_s1
5,-2,real,-1.185898780822754,8.773290634155273,-1.145411491394043,0.004065319750603444,forget,for_002,M_npo_s1
5,-1,real,-1.185898780822754,8.773290634155273,-0.9501838684082031,0.023668082069013528,forget,for_002,M_npo_s1
5,-10,random_position,-1.185898780822754,8.773290634155273,-1.1308603286743164,0.005526398771536863,forget,for_002,M_npo_s1
6,-6,real,-1.185898780822754,8.773290634155273,-1.0771808624267578,0.010916342070218167,forget,for_002,M_npo_s1
6,-5,real,-1.185898780822754,8.773290634155273,-0.5845823287963867,0.06037805156331529,forget,for_002,M_npo_s1
6,-4,real,-1.185898780822754,8.773290634155273,-1.8291845321655273,-0.06459217959800122,forget,for_002,M_npo_s1
6,-3,real,-1.185898780822754,8.773290634155273,-1.107722282409668,0.007849684864464286,forget,for_002,M_npo_s1
6,-2,real,-1.185898780822754,8.773290634155273,-1.1411409378051758,0.004494125089162878,forget,for_002,M_npo_s1
6,-1,real,-1.185898780822754,8.773290634155273,-0.7002420425415039,0.048764685361928274,forget,for_002,M_npo_s1
6,-2,random_position,-1.185898780822754,8.773290634155273,-1.1411409378051758,0.004494125089162878,forget,for_002,M_npo_s1
7,-6,real,-1.185898780822754,8.773290634155273,-1.0064353942871094,0.018019878833285596,forget,for_002,M_npo_s1
7,-5,real,-1.185898780822754,8.773290634155273,-0.41275787353515625,0.0776309070018128,forget,for_002,M_npo_s1
7,-4,real,-1.185898780822754,8.773290634155273,-1.8132705688476562,-0.06299426207130598,forget,for_002,M_npo_s1
7,-3,real,-1.185898780822754,8.773290634155273,-1.0447711944580078,0.014170589641813482,forget,for_002,M_npo_s1
7,-2,real,-1.185898780822754,8.773290634155273,-1.1252326965332031,0.006091468066498726,forget,for_002,M_npo_s1
7,-1,real,-1.185898780822754,8.773290634155273,-0.33155155181884766,0.08578481575207506,forget,for_002,M_npo_s1
7,-7,random_position,-1.185898780822754,8.773290634155273,6.436234474182129,0.7653367093853691,forget,for_002,M_npo_s1
8,-6,real,-1.185898780822754,8.773290634155273,-0.9521951675415039,0.0234661279691873,forget,for_002,M_npo_s1
8,-5,real,-1.185898780822754,8.773290634155273,-0.4391803741455078,0.07497782957659446,forget,for_002,M_npo_s1
8,-4,real,-1.185898780822754,8.773290634155273,-1.5949573516845703,-0.04107348036242957,forget,for_002,M_npo_s1
8,-3,real,-1.185898780822754,8.773290634155273,-0.9576215744018555,0.02292126366003072,forget,for_002,M_npo_s1
8,-2,real,-1.185898780822754,8.773290634155273,-1.0955495834350586,0.009071942868343834,forget,for_002,M_npo_s1
8,-1,real,-1.185898780822754,8.773290634155273,1.0771770477294922,0.22723494194705393,forget,for_002,M_npo_s1
8,-5,random_position,-1.185898780822754,8.773290634155273,-0.4391803741455078,0.07497782957659446,forget,for_002,M_npo_s1
9,-6,real,-1.185898780822754,8.773290634155273,-0.6860389709472656,0.05019081263016535,forget,for_002,M_npo_s1
9,-5,real,-1.185898780822754,8.773290634155273,-0.7414474487304688,0.04462725966672115,forget,for_002,M_npo_s1
9,-4,real,-1.185898780822754,8.773290634155273,-0.8960494995117188,0.02910370204176648,forget,for_002,M_npo_s1
9,-3,real,-1.185898780822754,8.773290634155273,-0.7412042617797852,0.04465167801449531,forget,for_002,M_npo_s1
9,-2,real,-1.185898780822754,8.773290634155273,-0.9697952270507812,0.0216989098979246,forget,for_002,M_npo_s1
9,-1,real,-1.185898780822754,8.773290634155273,3.6538619995117188,0.4859593063925223,forget,for_002,M_npo_s1
9,-10,random_position,-1.185898780822754,8.773290634155273,-1.1706008911132812,0.0015360577123340522,forget,for_002,M_npo_s1
10,-6,real,-1.185898780822754,8.773290634155273,-0.48819446563720703,0.07005633552227064,forget,for_002,M_npo_s1
10,-5,real,-1.185898780822754,8.773290634155273,-0.7118282318115234,0.047601318667386386,forget,for_002,M_npo_s1
10,-4,real,-1.185898780822754,8.773290634155273,-0.7318029403686523,0.045595662611976076,forget,for_002,M_npo_s1
10,-3,real,-1.185898780822754,8.773290634155273,-0.805689811706543,0.038176698250602534,forget,for_002,M_npo_s1
10,-2,real,-1.185898780822754,8.773290634155273,-0.8967266082763672,0.029035713700905116,forget,for_002,M_npo_s1
10,-1,real,-1.185898780822754,8.773290634155273,6.377262115478516,0.7594153079292504,forget,for_002,M_npo_s1
10,-5,random_position,-1.185898780822754,8.773290634155273,-0.7118282318115234,0.047601318667386386,forget,for_002,M_npo_s1
11,-6,real,-1.185898780822754,8.773290634155273,-1.185898780822754,0.0,forget,for_002,M_npo_s1
11,-5,real,-1.185898780822754,8.773290634155273,-1.185898780822754,0.0,forget,for_002,M_npo_s1
11,-4,real,-1.185898780822754,8.773290634155273,-1.185898780822754,0.0,forget,for_002,M_npo_s1
11,-3,real,-1.185898780822754,8.773290634155273,-1.185898780822754,0.0,forget,for_002,M_npo_s1
11,-2,real,-1.185898780822754,8.773290634155273,-1.185898780822754,0.0,forget,for_002,M_npo_s1
11,-1,real,-1.185898780822754,8.773290634155273,8.685478210449219,0.9911827740143199,forget,for_002,M_npo_s1
11,-6,random_position,-1.185898780822754,8.773290634155273,-1.185898780822754,0.0,forget,for_002,M_npo_s1
0,-6,real,-4.022412300109863,9.489002227783203,-3.980855941772461,0.0030756482418338275,forget,for_003,M_npo_s1
0,-5,real,-4.022412300109863,9.489002227783203,-3.9960155487060547,0.001953663056470878,forget,for_003,M_npo_s1
0,-4,real,-4.022412300109863,9.489002227783203,-4.01197624206543,0.0007723882664460717,forget,for_003,M_npo_s1
0,-3,real,-4.022412300109863,9.489002227783203,-4.006391525268555,0.0011857215103744457,forget,for_003,M_npo_s1
0,-2,real,-4.022412300109863,9.489002227783203,-3.991170883178711,0.002312223998949727,forget,for_003,M_npo_s1
0,-1,real,-4.022412300109863,9.489002227783203,-3.995619773864746,0.001982954944488343,forget,for_003,M_npo_s1
0,-15,random_position,-4.022412300109863,9.489002227783203,-4.006976127624512,0.0011424542155438287,forget,for_003,M_npo_s1
1,-6,real,-4.022412300109863,9.489002227783203,-3.9448652267456055,0.0057393748969931345,forget,for_003,M_npo_s1
1,-5,real,-4.022412300109863,9.489002227783203,-3.998997688293457,0.0017329504448308464,forget,for_003,M_npo_s1
1,-4,real,-4.022412300109863,9.489002227783203,-3.9841718673706055,0.0028302316282513553,forget,for_003,M_npo_s1
1,-3,real,-4.022412300109863,9.489002227783203,-3.9872922897338867,0.002599284501520884,forget,for_003,M_npo_s1
1,-2,real,-4.022412300109863,9.489002227783203,-3.85886287689209,0.01210453745461963,forget,for_003,M_npo_s1
1,-1,real,-4.022412300109863,9.489002227783203,-3.952151298522949,0.005200121826021008,forget,for_003,M_npo_s1
1,-3,random_position,-4.022412300109863,9.489002227783203,-3.9872922897338867,0.002599284501520884,forget,for_003,M_npo_s1
2,-6,real,-4.022412300109863,9.489002227783203,-3.9348106384277344,0.006483530018362132,forget,for_003,M_npo_s1
2,-5,real,-4.022412300109863,9.489002227783203,-3.990616798400879,0.0023532326421741782,forget,for_003,M_npo_s1
2,-4,real,-4.022412300109863,9.489002227783203,-3.9932680130004883,0.002157012283888509,forget,for_003,M_npo_s1
2,-3,real,-4.022412300109863,9.489002227783203,-3.9731082916259766,0.003649063418349215,forget,for_003,M_npo_s1
2,-2,real,-4.022412300109863,9.489002227783203,-3.770681381225586,0.018630981853498915,forget,for_003,M_npo_s1
2,-1,real,-4.022412300109863,9.489002227783203,-3.811288833618164,0.01562556356004431,forget,for_003,M_npo_s1
2,-10,random_position,-4.022412300109863,9.489002227783203,-3.980645179748535,0.0030912470544889113,forget,for_003,M_npo_s1
3,-6,real,-4.022412300109863,9.489002227783203,-3.9117259979248047,0.008192058792701308,forget,for_003,M_npo_s1
3,-5,real,-4.022412300109863,9.489002227783203,-4.00545597076416,0.0012549632986759713,forget,for_003,M_npo_s1
3,-4,real,-4.022412300109863,9.489002227783203,-3.9437618255615234,0.005821039269128574,forget,for_003,M_npo_s1
3,-3,real,-4.022412300109863,9.489002227783203,-3.969302177429199,0.003930759623355728,forget,for_003,M_npo_s1
3,-2,real,-4.022412300109863,9.489002227783203,-3.746173858642578,0.020444820258975583,forget,for_003,M_npo_s1
3,-1,real,-4.022412300109863,9.489002227783203,-3.7056713104248047,0.02344247443753399,forget,for_003,M_npo_s1
3,-15,random_position,-4.022412300109863,9.489002227783203,-3.994487762451172,0.0020667368025045624,forget,for_003,M_npo_s1
4,-6,real,-4.022412300109863,9.489002227783203,-3.9044666290283203,0.00872933554351804,forget,for_003,M_npo_s1
4,-5,real,-4.022412300109863,9.489002227783203,-3.9839649200439453,0.0028455481094556683,forget,for_003,M_npo_s1
4,-4,real,-4.022412300109863,9.489002227783203,-3.9267454147338867,0.007080449288154184,forget,for_003,M_npo_s1
4,-3,real,-4.022412300109863,9.489002227783203,-3.951807975769043,0.005225531656590375,forget,for_003,M_npo_s1
4,-2,real,-4.022412300109863,9.489002227783203,-3.7169485092163086,0.022607832086192967,forget,for_003,M_npo_s1
4,-1,real,-4.022412300109863,9.489002227783203,-3.5419788360595703,0.035557599321557526,forget,for_003,M_npo_s1
4,-11,random_position,-4.022412300109863,9.489002227783203,-3.7720651626586914,0.01852856611973183,forget,for_003,M_npo_s1
5,-6,real,-4.022412300109863,9.489002227783203,-3.829864501953125,0.014250750560516159,forget,for_003,M_npo_s1
5,-5,real,-4.022412300109863,9.489002227783203,-3.928335189819336,0.0069627876560454756,forget,for_003,M_npo_s1
5,-4,real,-4.022412300109863,9.489002227783203,-3.8653831481933594,0.01162196242238973,forget,for_003,M_npo_s1
5,-3,real,-4.022412300109863,9.489002227783203,-3.938469886779785,0.006212703574210292,forget,for_003,M_npo_s1
5,-2,real,-4.022412300109863,9.489002227783203,-3.668318748474121,0.026206993420618455,forget,for_003,M_npo_s1
5,-1,real,-4.022412300109863,9.489002227783203,-3.2013635635375977,0.060767045143740234,forget,for_003,M_npo_s1
5,-13,random_position,-4.022412300109863,9.489002227783203,-4.015990257263184,0.00047530499737255294,forget,for_003,M_npo_s1
6,-6,real,-4.022412300109863,9.489002227783203,-3.724453926086426,0.022052344956801525,forget,for_003,M_npo_s1
6,-5,real,-4.022412300109863,9.489002227783203,-3.9028968811035156,0.008845514935510203,forget,for_003,M_npo_s1
6,-4,real,-4.022412300109863,9.489002227783203,-3.678961753845215,0.02541928867296807,forget,for_003,M_npo_s1
6,-3,real,-4.022412300109863,9.489002227783203,-3.8973283767700195,0.009257648270772802,forget,for_003,M_npo_s1
6,-2,real,-4.022412300109863,9.489002227783203,-3.38662052154541,0.04705590056850967,forget,for_003,M_npo_s1
6,-1,real,-4.022412300109863,9.489002227783203,-2.634004592895508,0.10275813123401077,forget,for_003,M_npo_s1
6,-2,random_position,-4.022412300109863,9.489002227783203,-3.38662052154541,0.04705590056850967,forget,for_003,M_npo_s1
7,-6,real,-4.022412300109863,9.489002227783203,-3.3815383911132812,0.047432036643799,forget,for_003,M_npo_s1
7,-5,real,-4.022412300109863,9.489002227783203,-3.8977737426757812,0.009224686073895316,forget,for_003,M_npo_s1
7,-4,real,-4.022412300109863,9.489002227783203,-3.5523996353149414,0.034786340380914535,forget,for_003,M_npo_s1
7,-3,real,-4.022412300109863,9.489002227783203,-3.8787403106689453,0.010633378847515959,forget,for_003,M_npo_s1
7,-2,real,-4.022412300109863,9.489002227783203,-3.2406482696533203,0.05785952528084039,forget,for_003,M_npo_s1
7,-1,real,-4.022412300109863,9.489002227783203,-1.6573820114135742,0.17503942935167172,forget,for_003,M_npo_s1
7,-9,random_position,-4.022412300109863,9.489002227783203,1.6580085754394531,0.4204164459481731,forget,for_003,M_npo_s1
8,-6,real,-4.022412300109863,9.489002227783203,-3.4850101470947266,0.03977393720736786,forget,for_003,M_npo_s1
8,-5,real,-4.022412300109863,9.489002227783203,-3.914691925048828,0.007972546089727053,forget,for_003,M_npo_s1
8,-4,real,-4.022412300109863,9.489002227783203,-3.5194177627563477,0.03722737810427842,forget,for_003,M_npo_s1
8,-3,real,-4.022412300109863,9.489002227783203,-3.88275146484375,0.010336507327030519,forget,for_003,M_npo_s1
8,-2,real,-4.022412300109863,9.489002227783203,-3.7048873901367188,0.023500493550667377,forget,for_003,M_npo_s1
8,-1,real,-4.022412300109863,9.489002227783203,0.2286815643310547,0.31462981582460725,forget,for_003,M_npo_s1
8,-6,random_position,-4.022412300109863,9.489002227783203,-3.4850101470947266,0.03977393720736786,forget,for_003,M_npo_s1
9,-6,real,-4.022412300109863,9.489002227783203,-3.6186904907226562,0.029880055012283184,forget,for_003,M_npo_s1
9,-5,real,-4.022412300109863,9.489002227783203,-3.8224334716796875,0.014800732226617574,forget,for_003,M_npo_s1
9,-4,real,-4.022412300109863,9.489002227783203,-3.5682497024536133,0.03361325320296208,forget,for_003,M_npo_s1
9,-3,real,-4.022412300109863,9.489002227783203,-3.8625926971435547,0.011828487878628533,forget,for_003,M_npo_s1
9,-2,real,-4.022412300109863,9.489002227783203,-3.924154281616211,0.007272222926090214,forget,for_003,M_npo_s1
9,-1,real,-4.022412300109863,9.489002227783203,4.294851303100586,0.6155731204930637,forget,for_003,M_npo_s1
9,-14,random_position,-4.022412300109863,9.489002227783203,-4.015586853027344,0.0005051615482915595,forget,for_003,M_npo_s1
10,-6,real,-4.022412300109863,9.489002227783203,-3.5372047424316406,0.03591093713219711,forget,for_003,M_npo_s1
10,-5,real,-4.022412300109863,9.489002227783203,-3.4891138076782227,0.03947021914920123,forget,for_003,M_npo_s1
10,-4,real,-4.022412300109863,9.489002227783203,-3.3307971954345703,0.05118746843622609,forget,for_003,M_npo_s1
10,-3,real,-4.022412300109863,9.489002227783203,-3.796938896179199,0.01668762389498117,forget,for_003,M_npo_s1
10,-2,real,-4.022412300109863,9.489002227783203,-3.9769287109375,0.003366308470402312,forget,for_003,M_npo_s1
10,-1,real,-4.022412300109863,9.489002227783203,10.388347625732422,1.0665618981708098,forget,for_003,M_npo_s1
10,-7,random_position,-4.022412300109863,9.489002227783203,-1.2149734497070312,0.2077827487719464,forget,for_003,M_npo_s1
11,-6,real,-4.022412300109863,9.489002227783203,-4.022412300109863,0.0,forget,for_003,M_npo_s1
11,-5,real,-4.022412300109863,9.489002227783203,-4.022412300109863,0.0,forget,for_003,M_npo_s1
11,-4,real,-4.022412300109863,9.489002227783203,-4.022412300109863,0.0,forget,for_003,M_npo_s1
11,-3,real,-4.022412300109863,9.489002227783203,-4.022412300109863,0.0,forget,for_003,M_npo_s1
11,-2,real,-4.022412300109863,9.489002227783203,-4.022412300109863,0.0,forget,for_003,M_npo_s1
11,-1,real,-4.022412300109863,9.489002227783203,9.355085372924805,0.9900886132549676,forget,for_003,M_npo_s1
11,-7,random_position,-4.022412300109863,9.489002227783203,-4.022412300109863,0.0,forget,for_003,M_npo_s1
0,-6,real,-6.963631629943848,9.362415313720703,-6.69236946105957,0.01661530006745097,forget,for_003,M_npo_s1
0,-5,real,-6.963631629943848,9.362415313720703,-7.035951614379883,-0.0044297302761400845,forget,for_003,M_npo_s1
0,-4,real,-6.963631629943848,9.362415313720703,-6.884370803833008,0.004854869423341798,forget,for_003,M_npo_s1
0,-3,real,-6.963631629943848,9.362415313720703,-6.977226257324219,-0.0008326955954053895,forget,for_003,M_npo_s1
0,-2,real,-6.963631629943848,9.362415313720703,-6.944873809814453,0.0011489505202405196,forget,for_003,M_npo_s1
0,-1,real,-6.963631629943848,9.362415313720703,-6.931180953979492,0.0019876627867316163,forget,for_003,M_npo_s1
0,-12,random_position,-6.963631629943848,9.362415313720703,-6.9685869216918945,-0.00030352061127508973,forget,for_003,M_npo_s1
1,-6,real,-6.963631629943848,9.362415313720703,-6.533191680908203,0.026365227940415795,forget,for_003,M_npo_s1
1,-5,real,-6.963631629943848,9.362415313720703,-6.951016426086426,0.0007727041273954748,forget,for_003,M_npo_s1
1,-4,real,-6.963631629943848,9.362415313720703,-6.990988731384277,-0.0016756721045106282,forget,for_003,M_npo_s1
1,-3,real,-6.963631629943848,9.362415313720703,-6.9630327224731445,3.6684169338097835e-05,forget,for_003,M_npo_s1
1,-2,real,-6.963631629943848,9.362415313720703,-6.928359031677246,0.002160510648310329,forget,for_003,M_npo_s1
1,-1,real,-6.963631629943848,9.362415313720703,-6.892372131347656,0.0043647735941274015,forget,for_003,M_npo_s1
1,-3,random_position,-6.963631629943848,9.362415313720703,-6.9630327224731445,3.6684169338097835e-05,forget,for_003,M_npo_s1
2,-6,real,-6.963631629943848,9.362415313720703,-6.3560333251953125,0.03721649869347695,forget,for_003,M_npo_s1
2,-5,real,-6.963631629943848,9.362415313720703,-6.596497535705566,0.022487629461383517,forget,for_003,M_npo_s1
2,-4,real,-6.963631629943848,9.362415313720703,-7.0836334228515625,-0.007350327566850619,forget,for_003,M_npo_s1
2,-3,real,-6.963631629943848,9.362415313720703,-6.953344345092773,0.0006301148640924544,forget,for_003,M_npo_s1
2,-2,real,-6.963631629943848,9.362415313720703,-6.93538761138916,0.0017299973871291489,forget,for_003,M_npo_s1
2,-1,real,-6.963631629943848,9.362415313720703,-6.836811065673828,0.007767989685906988,forget,for_003,M_npo_s1
2,-8,random_position,-6.963631629943848,9.362415313720703,-6.985223770141602,-0.0013225577674902437,forget,for_003,M_npo_s1
3,-6,real,-6.963631629943848,9.362415313720703,-5.7540283203125,0.07409039762076292,forget,for_003,M_npo_s1
3,-5,real,-6.963631629943848,9.362415313720703,-6.38918399810791,0.035185959823474375,forget,for_003,M_npo_s1
3,-4,real,-6.963631629943848,9.362415313720703,-6.963287353515625,2.1087555941167705e-05,forget,for_003,M_npo_s1
3,-3,real,-6.963631629943848,9.362415313720703,-6.985409736633301,-0.0013339485525554174,forget,for_003,M_npo_s1
3,-2,real,-6.963631629943848,9.362415313720703,-6.9052734375,0.0035745451820162755,forget,for_003,M_npo_s1
3,-1,real,-6.963631629943848,9.362415313720703,-6.788047790527344,0.010754828772842687,forget,for_003,M_npo_s1
3,-12,random_position,-6.963631629943848,9.362415313720703,-6.95026969909668,0.0008184425105033261,forget,for_003,M_npo_s1
4,-6,real,-6.963631629943848,9.362415313720703,-5.098821640014648,0.11422299570520672,forget,for_003,M_npo_s1
4,-5,real,-6.963631629943848,9.362415313720703,-5.846432685852051,0.06843046255758407,forget,for_003,M_npo_s1
4,-4,real,-6.963631629943848,9.362415313720703,-5.894725799560547,0.06547242171186443,forget,for_003,M_npo_s1
4,-3,real,-6.963631629943848,9.362415313720703,-6.985395431518555,-0.001333072338319635,forget,for_003,M_npo_s1
4,-2,real,-6.963631629943848,9.362415313720703,-6.902116775512695,0.0037678964567123005,forget,for_003,M_npo_s1
4,-1,real,-6.963631629943848,9.362415313720703,-6.644754409790039,0.01953180835839452,forget,for_003,M_npo_s1
4,-9,random_position,-6.963631629943848,9.362415313720703,-7.032405853271484,-0.004212545974230773,forget,for_003,M_npo_s1
5,-6,real,-6.963631629943848,9.362415313720703,-4.220150947570801,0.16804317002393993,forget,for_003,M_npo_s1
5,-5,real,-6.963631629943848,9.362415313720703,-5.107609748840332,0.11368470809302428,forget,for_003,M_npo_s1
5,-4,real,-6.963631629943848,9.362415313720703,-2.948284149169922,0.24594731931308775,forget,for_003,M_npo_s1
5,-3,real,-6.963631629943848,9.362415313720703,-6.992179870605469,-0.0017486315432101254,forget,for_003,M_npo_s1
5,-2,real,-6.963631629943848,9.362415313720703,-6.898111343383789,0.004013236442731426,forget,for_003,M_npo_s1
5,-1,real,-6.963631629943848,9.362415313720703,-6.374560356140137,0.03608168442957373,forget,for_003,M_npo_s1
5,-11,random_position,-6.963631629943848,9.362415313720703,-6.967232704162598,-0.00022057233028767106,forget,for_003,M_npo_s1
6,-6,real,-6.963631629943848,9.362415313720703,-3.2133235931396484,0.22971317243820222,forget,for_003,M_npo_s1
6,-5,real,-6.963631629943848,9.362415313720703,-4.732165336608887,0.1366813596111151,forget,for_003,M_npo_s1
6,-4,real,-6.963631629943848,9.362415313720703,-0.2825202941894531,0.409230192636868,forget,for_003,M_npo_s1
6,-3,real,-6.963631629943848,9.362415313720703,-6.996124267578125,-0.001990233015156579,forget,for_003,M_npo_s1
6,-2,real,-6.963631629943848,9.362415313720703,-6.882307052612305,0.004981277930424033,forget,for_003,M_npo_s1
6,-1,real,-6.963631629943848,9.362415313720703,-5.603906631469727,0.08328562346819497,forget,for_003,M_npo_s1
6,-2,random_position,-6.963631629943848,9.362415313720703,-6.882307052612305,0.004981277930424033,forget,for_003,M_npo_s1
7,-6,real,-6.963631629943848,9.362415313720703,-1.8358879089355469,0.3140836075445784,forget,for_003,M_npo_s1
7,-5,real,-6.963631629943848,9.362415313720703,-4.269184112548828,0.16503979969508914,forget,for_003,M_npo_s1
7,-4,real,-6.963631629943848,9.362415313720703,3.8484230041503906,0.6622579655321854,forget,for_003,M_npo_s1
7,-3,real,-6.963631629943848,9.362415313720703,-7.081298828125,-0.0072073294035709,forget,for_003,M_npo_s1
7,-2,real,-6.963631629943848,9.362415313720703,-6.897495269775391,0.004050972069152463,forget,for_003,M_npo_s1
7,-1,real,-6.963631629943848,9.362415313720703,-4.589947700500488,0.1453924478861361,forget,for_003,M_npo_s1
7,-8,random_position,-6.963631629943848,9.362415313720703,-6.910116195678711,0.0032779174560626755,forget,for_003,M_npo_s1
8,-6,real,-6.963631629943848,9.362415313720703,-2.5337963104248047,0.2713354515520412,forget,for_003,M_npo_s1
8,-5,real,-6.963631629943848,9.362415313720703,-3.2777023315429688,0.22576985789148624,forget,for_003,M_npo_s1
8,-4,real,-6.963631629943848,9.362415313720703,2.6746292114257812,0.5903609658007158,forget,for_003,M_npo_s1
8,-3,real,-6.963631629943848,9.362415313720703,-7.269461631774902,-0.01873264256107841,forget,for_003,M_npo_s1
8,-2,real,-6.963631629943848,9.362415313720703,-6.9839019775390625,-0.0012415955721039322,forget,for_003,M_npo_s1
8,-1,real,-6.963631629943848,9.362415313720703,-3.0298900604248047,0.24094880916936,forget,for_003,M_npo_s1
8,-5,random_position,-6.963631629943848,9.362415313720703,-3.2777023315429688,0.22576985789148624,forget,for_003,M_npo_s1
9,-6,real,-6.963631629943848,9.362415313720703,-2.772705078125,0.2567018560145185,forget,for_003,M_npo_s1
9,-5,real,-6.963631629943848,9.362415313720703,-4.6367082595825195,0.14252827879220994,forget,for_003,M_npo_s1
9,-4,real,-6.963631629943848,9.362415313720703,0.4445762634277344,0.45376617615609605,forget,for_003,M_npo_s1
9,-3,real,-6.963631629943848,9.362415313720703,-7.238048553466797,-0.016808534513582225,forget,for_003,M_npo_s1
9,-2,real,-6.963631629943848,9.362415313720703,-7.09600830078125,-0.008108311295084946,forget,for_003,M_npo_s1
9,-1,real,-6.963631629943848,9.362415313720703,1.314168930053711,0.5070303049208016,forget,for_003,M_npo_s1
9,-11,random_position,-6.963631629943848,9.362415313720703,-6.949379920959473,0.0008729430359690033,forget,for_003,M_npo_s1
10,-6,real,-6.963631629943848,9.362415313720703,-6.790766716003418,0.010588289653761608,forget,for_003,M_npo_s1
10,-5,real,-6.963631629943848,9.362415313720703,-6.342500686645508,0.03804539736052728,forget,for_003,M_npo_s1
10,-4,real,-6.963631629943848,9.362415313720703,-2.6486854553222656,0.2642982829530593,forget,for_003,M_npo_s1
10,-3,real,-6.963631629943848,9.362415313720703,-6.990756988525391,-0.0016614774338909503,forget,for_003,M_npo_s1
10,-2,real,-6.963631629943848,9.362415313720703,-7.000022888183594,-0.0022290306015485275,forget,for_003,M_npo_s1
10,-1,real,-6.963631629943848,9.362415313720703,9.262771606445312,0.9938966421192328,forget,for_003,M_npo_s1
10,-6,random_position,-6.963631629943848,9.362415313720703,-6.790766716003418,0.010588289653761608,forget,for_003,M_npo_s1
11,-6,real,-6.963631629943848,9.362415313720703,-6.963631629943848,0.0,forget,for_003,M_npo_s1
11,-5,real,-6.963631629943848,9.362415313720703,-6.963631629943848,0.0,forget,for_003,M_npo_s1
11,-4,real,-6.963631629943848,9.362415313720703,-6.963631629943848,0.0,forget,for_003,M_npo_s1
11,-3,real,-6.963631629943848,9.362415313720703,-6.963631629943848,0.0,forget,for_003,M_npo_s1
11,-2,real,-6.963631629943848,9.362415313720703,-6.963631629943848,0.0,forget,for_003,M_npo_s1
11,-1,real,-6.963631629943848,9.362415313720703,9.229446411132812,0.9918554134355536,forget,for_003,M_npo_s1
11,-6,random_position,-6.963631629943848,9.362415313720703,-6.963631629943848,0.0,forget,for_003,M_npo_s1
0,-6,real,-6.744447708129883,8.934595108032227,-6.7802228927612305,-0.0022817199398467262,forget,for_003,M_npo_s1
0,-5,real,-6.744447708129883,8.934595108032227,-6.747891426086426,-0.00021963827747145068,forget,for_003,M_npo_s1
0,-4,real,-6.744447708129883,8.934595108032227,-6.387856483459473,0.022743175642254924,forget,for_003,M_npo_s1
0,-3,real,-6.744447708129883,8.934595108032227,-6.808244705200195,-0.004068934425292208,forget,for_003,M_npo_s1
0,-2,real,-6.744447708129883,8.934595108032227,-6.491556167602539,0.016129271633001773,forget,for_003,M_npo_s1
0,-1,real,-6.744447708129883,8.934595108032227,-6.700550079345703,0.00279976458377482,forget,for_003,M_npo_s1
0,-13,random_position,-6.744447708129883,8.934595108032227,-6.752850532531738,-0.0005359271289950019,forget,for_003,M_npo_s1
1,-6,real,-6.744447708129883,8.934595108032227,-6.802845001220703,-0.003724544525806372,forget,for_003,M_npo_s1
1,-5,real,-6.744447708129883,8.934595108032227,-6.7704925537109375,-0.0016611247182900355,forget,for_003,M_npo_s1
1,-4,real,-6.744447708129883,8.934595108032227,-6.184260368347168,0.03572841444155432,forget,for_003,M_npo_s1
1,-3,real,-6.744447708129883,8.934595108032227,-6.658993721008301,0.00545020433476304,forget,for_003,M_npo_s1
1,-2,real,-6.744447708129883,8.934595108032227,-6.456826210021973,0.018344327614911997,forget,for_003,M_npo_s1
1,-1,real,-6.744447708129883,8.934595108032227,-6.693415641784668,0.0032547947565147598,forget,for_003,M_npo_s1
1,-3,random_position,-6.744447708129883,8.934595108032227,-6.658993721008301,0.00545020433476304,forget,for_003,M_npo_s1
2,-6,real,-6.744447708129883,8.934595108032227,-6.827679634094238,-0.005308482599368834,forget,for_003,M_npo_s1
2,-5,real,-6.744447708129883,8.934595108032227,-6.801426887512207,-0.0036340980792264645,forget,for_003,M_npo_s1
2,-4,real,-6.744447708129883,8.934595108032227,-5.962818145751953,0.04985186733288453,forget,for_003,M_npo_s1
2,-3,real,-6.744447708129883,8.934595108032227,-6.174186706542969,0.036370906583601106,forget,for_003,M_npo_s1
2,-2,real,-6.744447708129883,8.934595108032227,-6.491371154785156,0.016141071640154766,forget,for_003,M_npo_s1
2,-1,real,-6.744447708129883,8.934595108032227,-6.582895278930664,0.010303717586171072,forget,for_003,M_npo_s1
2,-9,random_position,-6.744447708129883,8.934595108032227,-6.733266830444336,0.0007131097106273297,forget,for_003,M_npo_s1
3,-6,real,-6.744447708129883,8.934595108032227,-6.608606338500977,0.008663881540579737,forget,for_003,M_npo_s1
3,-5,real,-6.744447708129883,8.934595108032227,-6.814258575439453,-0.004452495482543653,forget,for_003,M_npo_s1
3,-4,real,-6.744447708129883,8.934595108032227,-5.24737548828125,0.09548237334395415,forget,for_003,M_npo_s1
3,-3,real,-6.744447708129883,8.934595108032227,-5.867298126220703,0.05594407721146124,forget,for_003,M_npo_s1
3,-2,real,-6.744447708129883,8.934595108032227,-6.0096435546875,0.04686537067715253,forget,for_003,M_npo_s1
3,-1,real,-6.744447708129883,8.934595108032227,-6.555959701538086,0.01202165264817707,forget,for_003,M_npo_s1
3,-13,random_position,-6.744447708129883,8.934595108032227,-6.762546539306641,-0.0011543326585026837,forget,for_003,M_npo_s1
4,-6,real,-6.744447708129883,8.934595108032227,-6.610387802124023,0.008550260853147817,forget,for_003,M_npo_s1
4,-5,real,-6.744447708129883,8.934595108032227,-6.8032941818237305,-0.0037531929967809094,forget,for_003,M_npo_s1
4,-4,real,-6.744447708129883,8.934595108032227,-4.624545097351074,0.13520612422804232,forget,for_003,M_npo_s1
4,-3,real,-6.744447708129883,8.934595108032227,-5.149848937988281,0.10170255855783962,forget,for_003,M_npo_s1
4,-2,real,-6.744447708129883,8.934595108032227,-4.342933654785156,0.1531671340848194,forget,for_003,M_npo_s1
4,-1,real,-6.744447708129883,8.934595108032227,-6.368156433105469,0.023999633104932232,forget,for_003,M_npo_s1
4,-10,random_position,-6.744447708129883,8.934595108032227,-6.642228126525879,0.0065195039520292,forget,for_003,M_npo_s1
5,-6,real,-6.744447708129883,8.934595108032227,-6.538571357727051,0.01313067084622109,forget,for_003,M_npo_s1
5,-5,real,-6.744447708129883,8.934595108032227,-6.642354965209961,0.0065114142564036935,forget,for_003,M_npo_s1
5,-4,real,-6.744447708129883,8.934595108032227,-3.7762298583984375,0.18931116424223152,forget,for_003,M_npo_s1
5,-3,real,-6.744447708129883,8.934595108032227,-4.468927383422852,0.1451313292136305,forget,for_003,M_npo_s1
5,-2,real,-6.744447708129883,8.934595108032227,-0.8369560241699219,0.37677629643759003,forget,for_003,M_npo_s1
5,-1,real,-6.744447708129883,8.934595108032227,-6.065285682678223,0.04331654893827915,forget,for_003,M_npo_s1
5,-12,random_position,-6.744447708129883,8.934595108032227,-6.718042373657227,0.001684116484804632,forget,for_003,M_npo_s1
6,-6,real,-6.744447708129883,8.934595108032227,-6.602663040161133,0.009042941564174886,forget,for_003,M_npo_s1
6,-5,real,-6.744447708129883,8.934595108032227,-6.620965957641602,0.007875592402936426,forget,for_003,M_npo_s1
6,-4,real,-6.744447708129883,8.934595108032227,-2.309764862060547,0.28284142712449395,forget,for_003,M_npo_s1
6,-3,real,-6.744447708129883,8.934595108032227,-3.962789535522461,0.1774124992974738,forget,for_003,M_npo_s1
6,-2,real,-6.744447708129883,8.934595108032227,1.9788455963134766,0.5563664444778035,forget,for_003,M_npo_s1
6,-1,real,-6.744447708129883,8.934595108032227,-5.386872291564941,0.08658535042493407,forget,for_003,M_npo_s1
6,-2,random_position,-6.744447708129883,8.934595108032227,1.9788455963134766,0.5563664444778035,forget,for_003,M_npo_s1
7,-6,real,-6.744447708129883,8.934595108032227,-6.5557966232299805,0.012032053685409863,forget,for_003,M_npo_s1
7,-5,real,-6.744447708129883,8.934595108032227,-6.781402587890625,-0.002356960191641848,forget,for_003,M_npo_s1
7,-4,real,-6.744447708129883,8.934595108032227,-1.0306434631347656,0.36442302709354635,forget,for_003,M_npo_s1
7,-3,real,-6.744447708129883,8.934595108032227,-3.2217769622802734,0.22467383928682216,forget,for_003,M_npo_s1
7,-2,real,-6.744447708129883,8.934595108032227,5.957916259765625,0.810149198317246,forget,for_003,M_npo_s1
7,-1,real,-6.744447708129883,8.934595108032227,-4.510198593139648,0.14249907607160486,forget,for_003,M_npo_s1
7,-8,random_position,-6.744447708129883,8.934595108032227,-6.800516128540039,-0.0035760104151485814,forget,for_003,M_npo_s1
8,-6,real,-6.744447708129883,8.934595108032227,-6.66689395904541,0.004946331864374367,forget,for_003,M_npo_s1
8,-5,real,-6.744447708129883,8.934595108032227,-6.858962059020996,-0.00730365700469105,forget,for_003,M_npo_s1
8,-4,real,-6.744447708129883,8.934595108032227,-1.8385257720947266,0.3128967752405194,forget,for_003,M_npo_s1
8,-3,real,-6.744447708129883,8.934595108032227,-2.520732879638672,0.269386012782449,forget,for_003,M_npo_s1
8,-2,real,-6.744447708129883,8.934595108032227,4.029571533203125,0.6871605217014296,forget,for_003,M_npo_s1
8,-1,real,-6.744447708129883,8.934595108032227,-1.7577323913574219,0.31804972887962946,forget,for_003,M_npo_s1
8,-5,random_position,-6.744447708129883,8.934595108032227,-6.858962059020996,-0.00730365700469105,forget,for_003,M_npo_s1
9,-6,real,-6.744447708129883,8.934595108032227,-6.5235443115234375,0.01408908689111659,forget,for_003,M_npo_s1
9,-5,real,-6.744447708129883,8.934595108032227,-6.753984451293945,-0.0006082477913914447,forget,for_003,M_npo_s1
9,-4,real,-6.744447708129883,8.934595108032227,-1.8840837478637695,0.30999111471626334,forget,for_003,M_npo_s1
9,-3,real,-6.744447708129883,8.934595108032227,-3.9729137420654297,0.17676678344213265,forget,for_003,M_npo_s1
9,-2,real,-6.744447708129883,8.934595108032227,1.6146392822265625,0.5331375829741225,forget,for_003,M_npo_s1
9,-1,real,-6.744447708129883,8.934595108032227,3.282520294189453,0.6395140392105723,forget,for_003,M_npo_s1
9,-12,random_position,-6.744447708129883,8.934595108032227,-6.708770751953125,0.0022754549875953945,forget,for_003,M_npo_s1
10,-6,real,-6.744447708129883,8.934595108032227,-6.54185676574707,0.012921129482086737,forget,for_003,M_npo_s1
10,-5,real,-6.744447708129883,8.934595108032227,-6.685403823852539,0.003765783726062712,forget,for_003,M_npo_s1
10,-4,real,-6.744447708129883,8.934595108032227,-5.259773254394531,0.09469165121514528,forget,for_003,M_npo_s1
10,-3,real,-6.744447708129883,8.934595108032227,-6.070222854614258,0.0430016590566758,forget,for_003,M_npo_s1
10,-2,real,-6.744447708129883,8.934595108032227,-1.3459758758544922,0.3443113138711882,forget,for_003,M_npo_s1
10,-1,real,-6.744447708129883,8.934595108032227,9.938812255859375,1.0640483707839608,forget,for_003,M_npo_s1
10,-6,random_position,-6.744447708129883,8.934595108032227,-6.54185676574707,0.012921129482086737,forget,for_003,M_npo_s1
11,-6,real,-6.744447708129883,8.934595108032227,-6.744447708129883,0.0,forget,for_003,M_npo_s1
11,-5,real,-6.744447708129883,8.934595108032227,-6.744447708129883,0.0,forget,for_003,M_npo_s1
11,-4,real,-6.744447708129883,8.934595108032227,-6.744447708129883,0.0,forget,for_003,M_npo_s1
11,-3,real,-6.744447708129883,8.934595108032227,-6.744447708129883,0.0,forget,for_003,M_npo_s1
11,-2,real,-6.744447708129883,8.934595108032227,-6.744447708129883,0.0,forget,for_003,M_npo_s1
11,-1,real,-6.744447708129883,8.934595108032227,8.795465469360352,0.9911263946209485,forget,for_003,M_npo_s1
11,-6,random_position,-6.744447708129883,8.934595108032227,-6.744447708129883,0.0,forget,for_003,M_npo_s1
0,-6,real,-7.121049880981445,9.583717346191406,-7.203848838806152,-0.004956606500330151,forget,for_003,M_npo_s1
0,-5,real,-7.121049880981445,9.583717346191406,-7.018380165100098,0.0061461326868619695,forget,for_003,M_npo_s1
0,-4,real,-7.121049880981445,9.583717346191406,-7.119728088378906,7.912666992383859e-05,forget,for_003,M_npo_s1
0,-3,real,-7.121049880981445,9.583717346191406,-7.112215042114258,0.0005288812916121505,forget,for_003,M_npo_s1
0,-2,real,-7.121049880981445,9.583717346191406,-7.107269287109375,0.0008249497694079852,forget,for_003,M_npo_s1
0,-1,real,-7.121049880981445,9.583717346191406,-7.056325912475586,0.0038745806885938506,forget,for_003,M_npo_s1
0,-13,random_position,-7.121049880981445,9.583717346191406,-7.129167556762695,-0.0004859496496332713,forget,for_003,M_npo_s1
1,-6,real,-7.121049880981445,9.583717346191406,-7.112387657165527,0.0005185480107635107,forget,for_003,M_npo_s1
1,-5,real,-7.121049880981445,9.583717346191406,-7.092014312744141,0.001738160600650209,forget,for_003,M_npo_s1
1,-4,real,-7.121049880981445,9.583717346191406,-7.095186233520508,0.0015482794288127722,forget,for_003,M_npo_s1
1,-3,real,-7.121049880981445,9.583717346191406,-7.093446731567383,0.0016524114965913305,forget,for_003,M_npo_s1
1,-2,real,-7.121049880981445,9.583717346191406,-7.124228477478027,-0.0001902808014835166,forget,for_003,M_npo_s1
1,-1,real,-7.121049880981445,9.583717346191406,-7.030506134033203,0.005420233979732383,forget,for_003,M_npo_s1
1,-3,random_position,-7.121049880981445,9.583717346191406,-7.093446731567383,0.0016524114965913305,forget,for_003,M_npo_s1
2,-6,real,-7.121049880981445,9.583717346191406,-6.736105918884277,0.023043958461809507,forget,for_003,M_npo_s1
2,-5,real,-7.121049880981445,9.583717346191406,-7.153134346008301,-0.0019206771690098855,forget,for_003,M_npo_s1
2,-4,real,-7.121049880981445,9.583717346191406,-7.138494491577148,-0.0010442893551564612,forget,for_003,M_npo_s1
2,-3,real,-7.121049880981445,9.583717346191406,-7.108828544616699,0.0007316077020735869,forget,for_003,M_npo_s1
2,-2,real,-7.121049880981445,9.583717346191406,-7.11585807800293,0.00031079768475135444,forget,for_003,M_npo_s1
2,-1,real,-7.121049880981445,9.583717346191406,-6.95416259765625,0.009990398612303181,forget,for_003,M_npo_s1
2,-9,random_position,-7.121049880981445,9.583717346191406,-7.11787223815918,0.00019022371153407658,forget,for_003,M_npo_s1
3,-6,real,-7.121049880981445,9.583717346191406,-6.518558502197266,0.03606703227831488,forget,for_003,M_npo_s1
3,-5,real,-7.121049880981445,9.583717346191406,-6.9561052322387695,0.009874106385293903,forget,for_003,M_npo_s1
3,-4,real,-7.121049880981445,9.583717346191406,-7.138978958129883,-0.0010732910494719809,forget,for_003,M_npo_s1
3,-3,real,-7.121049880981445,9.583717346191406,-7.093451499938965,0.0016521260468441304,forget,for_003,M_npo_s1
3,-2,real,-7.121049880981445,9.583717346191406,-7.117903709411621,0.0001883397432025566,forget,for_003,M_npo_s1
3,-1,real,-7.121049880981445,9.583717346191406,-6.948856353759766,0.010308047090987335,forget,for_003,M_npo_s1
3,-13,random_position,-7.121049880981445,9.583717346191406,-7.096611976623535,0.0014629299543999737,forget,for_003,M_npo_s1
4,-6,real,-7.121049880981445,9.583717346191406,-5.968181610107422,0.06901432717953156,forget,for_003,M_npo_s1
4,-5,real,-7.121049880981445,9.583717346191406,-5.793933868408203,0.07944534602161266,forget,for_003,M_npo_s1
4,-4,real,-7.121049880981445,9.583717346191406,-7.12764835357666,-0.0003950053601753529,forget,for_003,M_npo_s1
4,-3,real,-7.121049880981445,9.583717346191406,-7.09648323059082,0.0014706370975743736,forget,for_003,M_npo_s1
4,-2,real,-7.121049880981445,9.583717346191406,-7.111763000488281,0.00055594192764671,forget,for_003,M_npo_s1
4,-1,real,-7.121049880981445,9.583717346191406,-6.916810989379883,0.012226383572070182,forget,for_003,M_npo_s1
4,-10,random_position,-7.121049880981445,9.583717346191406,-7.181283950805664,-0.0036058012066303353,forget,for_003,M_npo_s1
5,-6,real,-7.121049880981445,9.583717346191406,-5.219991683959961,0.11380333357349172,forget,for_003,M_npo_s1
5,-5,real,-7.121049880981445,9.583717346191406,-2.6883163452148438,0.26535739621418275,forget,for_003,M_npo_s1
5,-4,real,-7.121049880981445,9.583717346191406,-7.122247695922852,-7.170497649663872e-05,forget,for_003,M_npo_s1
5,-3,real,-7.121049880981445,9.583717346191406,-7.115979194641113,0.0003035472611724746,forget,for_003,M_npo_s1
5,-2,real,-7.121049880981445,9.583717346191406,-7.139522552490234,-0.00110583232065278,forget,for_003,M_npo_s1
5,-1,real,-7.121049880981445,9.583717346191406,-6.608765602111816,0.03066695105073481,forget,for_003,M_npo_s1
5,-12,random_position,-7.121049880981445,9.583717346191406,-7.1088361740112305,0.0007311509824780669,forget,for_003,M_npo_s1
6,-6,real,-7.121049880981445,9.583717346191406,-4.846601486206055,0.13615564729783564,forget,for_003,M_npo_s1
6,-5,real,-7.121049880981445,9.583717346191406,0.3087177276611328,0.4447692989434135,forget,for_003,M_npo_s1
6,-4,real,-7.121049880981445,9.583717346191406,-7.137421607971191,-0.0009800631620364624,forget,for_003,M_npo_s1
6,-3,real,-7.121049880981445,9.583717346191406,-7.133915901184082,-0.0007702005078950262,forget,for_003,M_npo_s1
6,-2,real,-7.121049880981445,9.583717346191406,-7.15560245513916,-0.002068425958160603,forget,for_003,M_npo_s1
6,-1,real,-7.121049880981445,9.583717346191406,-5.81661319732666,0.07808768993398003,forget,for_003,M_npo_s1
6,-2,random_position,-7.121049880981445,9.583717346191406,-7.15560245513916,-0.002068425958160603,forget,for_003,M_npo_s1
7,-6,real,-7.121049880981445,9.583717346191406,-4.3425750732421875,0.1663282564763695,forget,for_003,M_npo_s1
7,-5,real,-7.121049880981445,9.583717346191406,4.696359634399414,0.7074273681681742,forget,for_003,M_npo_s1
7,-4,real,-7.121049880981445,9.583717346191406,-7.09669303894043,0.001458077308697574,forget,for_003,M_npo_s1
7,-3,real,-7.121049880981445,9.583717346191406,-7.13564395904541,-0.0008736474962803044,forget,for_003,M_npo_s1
7,-2,real,-7.121049880981445,9.583717346191406,-7.2140913009643555,-0.00556975255731574,forget,for_003,M_npo_s1
7,-1,real,-7.121049880981445,9.583717346191406,-4.695919036865234,0.14517597348925435,forget,for_003,M_npo_s1
7,-8,random_position,-7.121049880981445,9.583717346191406,-7.101593017578125,0.0011647491484748592,forget,for_003,M_npo_s1
8,-6,real,-7.121049880981445,9.583717346191406,-3.358489990234375,0.22523869022411117,forget,for_003,M_npo_s1
8,-5,real,-7.121049880981445,9.583717346191406,3.068805694580078,0.6099968611945797,forget,for_003,M_npo_s1
8,-4,real,-7.121049880981445,9.583717346191406,-7.083484649658203,0.00224877310844156,forget,for_003,M_npo_s1
8,-3,real,-7.121049880981445,9.583717346191406,-7.148447036743164,-0.0016400800675122906,forget,for_003,M_npo_s1
8,-2,real,-7.121049880981445,9.583717346191406,-7.364779472351074,-0.014590421288431098,forget,for_003,M_npo_s1
8,-1,real,-7.121049880981445,9.583717346191406,-2.7192821502685547,0.263503685555866,forget,for_003,M_npo_s1
8,-5,random_position,-7.121049880981445,9.583717346191406,3.068805694580078,0.6099968611945797,forget,for_003,M_npo_s1
9,-6,real,-7.121049880981445,9.583717346191406,-4.745397567749023,0.14221403273240832,forget,for_003,M_npo_s1
9,-5,real,-7.121049880981445,9.583717346191406,0.5098896026611328,0.4568120812380846,forget,for_003,M_npo_s1
9,-4,real,-7.121049880981445,9.583717346191406,-7.032548904418945,0.0052979473080319054,forget,for_003,M_npo_s1
9,-3,real,-7.121049880981445,9.583717346191406,-7.125112533569336,-0.00024320318461439565,forget,for_003,M_npo_s1
9,-2,real,-7.121049880981445,9.583717346191406,-7.413297653198242,-0.017494872466191046,forget,for_003,M_npo_s1
9,-1,real,-7.121049880981445,9.583717346191406,2.1750049591064453,0.5564911329603228,forget,for_003,M_npo_s1
9,-12,random_position,-7.121049880981445,9.583717346191406,-7.104496002197266,0.0009909673423795023,forget,for_003,M_npo_s1
10,-6,real,-7.121049880981445,9.583717346191406,-6.455386161804199,0.03984872761916985,forget,for_003,M_npo_s1
10,-5,real,-7.121049880981445,9.583717346191406,-2.4970626831054688,0.27680644303467794,forget,for_003,M_npo_s1
10,-4,real,-7.121049880981445,9.583717346191406,-7.06092643737793,0.0035991787724952953,forget,for_003,M_npo_s1
10,-3,real,-7.121049880981445,9.583717346191406,-7.121257781982422,-1.2445608977919777e-05,forget,for_003,M_npo_s1
10,-2,real,-7.121049880981445,9.583717346191406,-7.100780487060547,0.0012133897853977382,forget,for_003,M_npo_s1
10,-1,real,-7.121049880981445,9.583717346191406,10.059452056884766,1.028478978738447,forget,for_003,M_npo_s1
10,-6,random_position,-7.121049880981445,9.583717346191406,-6.455386161804199,0.03984872761916985,forget,for_003,M_npo_s1
11,-6,real,-7.121049880981445,9.583717346191406,-7.121049880981445,0.0,forget,for_003,M_npo_s1
11,-5,real,-7.121049880981445,9.583717346191406,-7.121049880981445,0.0,forget,for_003,M_npo_s1
11,-4,real,-7.121049880981445,9.583717346191406,-7.121049880981445,0.0,forget,for_003,M_npo_s1
11,-3,real,-7.121049880981445,9.583717346191406,-7.121049880981445,0.0,forget,for_003,M_npo_s1
11,-2,real,-7.121049880981445,9.583717346191406,-7.121049880981445,0.0,forget,for_003,M_npo_s1
11,-1,real,-7.121049880981445,9.583717346191406,9.446582794189453,0.9917906936303259,forget,for_003,M_npo_s1
11,-6,random_position,-7.121049880981445,9.583717346191406,-7.121049880981445,0.0,forget,for_003,M_npo_s1
0,-6,real,-7.21213436126709,9.593942642211914,-7.229761123657227,-0.0010488326565734423,forget,for_003,M_npo_s1
0,-5,real,-7.21213436126709,9.593942642211914,-6.723569869995117,0.029070704077509318,forget,for_003,M_npo_s1
0,-4,real,-7.21213436126709,9.593942642211914,-7.275362014770508,-0.0037621899203680487,forget,for_003,M_npo_s1
0,-3,real,-7.21213436126709,9.593942642211914,-7.114466667175293,0.005811451064491661,forget,for_003,M_npo_s1
0,-2,real,-7.21213436126709,9.593942642211914,-7.206544876098633,0.00033258714495357596,forget,for_003,M_npo_s1
0,-1,real,-7.21213436126709,9.593942642211914,-7.188166618347168,0.0014261354934265948,forget,for_003,M_npo_s1
0,-14,random_position,-7.21213436126709,9.593942642211914,-7.217441558837891,-0.00031579038759028326,forget,for_003,M_npo_s1
1,-6,real,-7.21213436126709,9.593942642211914,-7.291274070739746,-0.004708993625119868,forget,for_003,M_npo_s1
1,-5,real,-7.21213436126709,9.593942642211914,-6.536477088928223,0.04020315224064487,forget,for_003,M_npo_s1
1,-4,real,-7.21213436126709,9.593942642211914,-7.125748634338379,0.005140148227978983,forget,for_003,M_npo_s1
1,-3,real,-7.21213436126709,9.593942642211914,-7.155452728271484,0.0033726867361057477,forget,for_003,M_npo_s1
1,-2,real,-7.21213436126709,9.593942642211914,-7.2202959060668945,-0.00048563057268600975,forget,for_003,M_npo_s1
1,-1,real,-7.21213436126709,9.593942642211914,-7.1259050369262695,0.005130841916466888,forget,for_003,M_npo_s1
1,-3,random_position,-7.21213436126709,9.593942642211914,-7.155452728271484,0.0033726867361057477,forget,for_003,M_npo_s1
2,-6,real,-7.21213436126709,9.593942642211914,-7.329252243041992,-0.0069687816943036695,forget,for_003,M_npo_s1
2,-5,real,-7.21213436126709,9.593942642211914,-6.298978805541992,0.05433484301756243,forget,for_003,M_npo_s1
2,-4,real,-7.21213436126709,9.593942642211914,-6.68202018737793,0.031543005174819914,forget,for_003,M_npo_s1
2,-3,real,-7.21213436126709,9.593942642211914,-7.2126312255859375,-2.9564562791471266e-05,forget,for_003,M_npo_s1
2,-2,real,-7.21213436126709,9.593942642211914,-7.2334442138671875,-0.0012679849435228894,forget,for_003,M_npo_s1
2,-1,real,-7.21213436126709,9.593942642211914,-7.087028503417969,0.00744408453104333,forget,for_003,M_npo_s1
2,-9,random_position,-7.21213436126709,9.593942642211914,-7.17862606048584,0.0019938204956643653,forget,for_003,M_npo_s1
3,-6,real,-7.21213436126709,9.593942642211914,-7.326557159423828,-0.0068084180581257465,forget,for_003,M_npo_s1
3,-5,real,-7.21213436126709,9.593942642211914,-5.714437484741211,0.08911638785278936,forget,for_003,M_npo_s1
3,-4,real,-7.21213436126709,9.593942642211914,-6.416328430175781,0.047352272093396326,forget,for_003,M_npo_s1
3,-3,real,-7.21213436126709,9.593942642211914,-6.984882354736328,0.013522013881271553,forget,for_003,M_npo_s1
3,-2,real,-7.21213436126709,9.593942642211914,-7.197099685668945,0.0008945975670010451,forget,for_003,M_npo_s1
3,-1,real,-7.21213436126709,9.593942642211914,-7.0405378341674805,0.010210385628013451,forget,for_003,M_npo_s1
3,-14,random_position,-7.21213436126709,9.593942642211914,-7.221668243408203,-0.0005672877816244496,forget,for_003,M_npo_s1
4,-6,real,-7.21213436126709,9.593942642211914,-7.231671333312988,-0.001162494497785183,forget,for_003,M_npo_s1
4,-5,real,-7.21213436126709,9.593942642211914,-5.124943733215332,0.12419261363729865,forget,for_003,M_npo_s1
4,-4,real,-7.21213436126709,9.593942642211914,-5.809320449829102,0.08347063452985451,forget,for_003,M_npo_s1
4,-3,real,-7.21213436126709,9.593942642211914,-5.49212646484375,0.10234440173440139,forget,for_003,M_npo_s1
4,-2,real,-7.21213436126709,9.593942642211914,-7.1646318435668945,0.00282650839278922,forget,for_003,M_npo_s1
4,-1,real,-7.21213436126709,9.593942642211914,-7.082801818847656,0.007695581925077496,forget,for_003,M_npo_s1
4,-11,random_position,-7.21213436126709,9.593942642211914,-7.20827579498291,0.00022959351449960218,forget,for_003,M_npo_s1
5,-6,real,-7.21213436126709,9.593942642211914,-6.965421676635742,0.014679968714904495,forget,for_003,M_npo_s1
5,-5,real,-7.21213436126709,9.593942642211914,-4.383072853088379,0.16833562690406992,forget,for_003,M_npo_s1
5,-4,real,-7.21213436126709,9.593942642211914,-5.0694379806518555,0.127495332799658,forget,for_003,M_npo_s1
5,-3,real,-7.21213436126709,9.593942642211914,-1.8960113525390625,0.3163214715502936,forget,for_003,M_npo_s1
5,-2,real,-7.21213436126709,9.593942642211914,-7.181251525878906,0.0018375993030253627,forget,for_003,M_npo_s1
5,-1,real,-7.21213436126709,9.593942642211914,-6.871227264404297,0.02028475156886537,forget,for_003,M_npo_s1
5,-12,random_position,-7.21213436126709,9.593942642211914,-7.246711730957031,-0.002057432539597646,forget,for_003,M_npo_s1
6,-6,real,-7.21213436126709,9.593942642211914,-6.941488265991211,0.01610406135946258,forget,for_003,M_npo_s1
6,-5,real,-7.21213436126709,9.593942642211914,-3.298964500427246,0.23284255213336125,forget,for_003,M_npo_s1
6,-4,real,-7.21213436126709,9.593942642211914,-4.8001708984375,0.1435173397295688,forget,for_003,M_npo_s1
6,-3,real,-7.21213436126709,9.593942642211914,1.267242431640625,0.5045423028320297,forget,for_003,M_npo_s1
6,-2,real,-7.21213436126709,9.593942642211914,-7.155339241027832,0.0033794394865322066,forget,for_003,M_npo_s1
6,-1,real,-7.21213436126709,9.593942642211914,-6.31781005859375,0.05321434041318548,forget,for_003,M_npo_s1
6,-2,random_position,-7.21213436126709,9.593942642211914,-7.155339241027832,0.0033794394865322066,forget,for_003,M_npo_s1
7,-6,real,-7.21213436126709,9.593942642211914,-7.165899276733398,0.002751093222060112,forget,for_003,M_npo_s1
7,-5,real,-7.21213436126709,9.593942642211914,-1.9070377349853516,0.3156653765886909,forget,for_003,M_npo_s1
7,-4,real,-7.21213436126709,9.593942642211914,-4.218652725219727,0.17811900037276318,forget,for_003,M_npo_s1
7,-3,real,-7.21213436126709,9.593942642211914,5.485849380493164,0.7555590599240776,forget,for_003,M_npo_s1
7,-2,real,-7.21213436126709,9.593942642211914,-7.068944931030273,0.008520098426728316,forget,for_003,M_npo_s1
7,-1,real,-7.21213436126709,9.593942642211914,-5.343944549560547,0.11116156443409199,forget,for_003,M_npo_s1
7,-9,random_position,-7.21213436126709,9.593942642211914,-7.276394844055176,-0.003823645623829015,forget,for_003,M_npo_s1
8,-6,real,-7.21213436126709,9.593942642211914,-7.289576530456543,-0.004607986097732501,forget,for_003,M_npo_s1
8,-5,real,-7.21213436126709,9.593942642211914,-2.6909637451171875,0.2690199869496005,forget,for_003,M_npo_s1
8,-4,real,-7.21213436126709,9.593942642211914,-3.1674022674560547,0.240670805743288,forget,for_003,M_npo_s1
8,-3,real,-7.21213436126709,9.593942642211914,3.6086578369140625,0.643861871865823,forget,for_003,M_npo_s1
8,-2,real,-7.21213436126709,9.593942642211914,-7.064167022705078,0.008804394894262426,forget,for_003,M_npo_s1
8,-1,real,-7.21213436126709,9.593942642211914,-3.2461318969726562,0.23598621281298643,forget,for_003,M_npo_s1
8,-5,random_position,-7.21213436126709,9.593942642211914,-2.6909637451171875,0.2690199869496005,forget,for_003,M_npo_s1
9,-6,real,-7.21213436126709,9.593942642211914,-7.179742813110352,0.0019273711616359338,forget,for_003,M_npo_s1
9,-5,real,-7.21213436126709,9.593942642211914,-2.5974159240722656,0.2745862961498711,forget,for_003,M_npo_s1
9,-4,real,-7.21213436126709,9.593942642211914,-4.980589866638184,0.13278199868815055,forget,for_003,M_npo_s1
9,-3,real,-7.21213436126709,9.593942642211914,0.38844871520996094,0.4522520678028349,forget,for_003,M_npo_s1
9,-2,real,-7.21213436126709,9.593942642211914,-7.063921928405762,0.008818978565351502,forget,for_003,M_npo_s1
9,-1,real,-7.21213436126709,9.593942642211914,1.6381187438964844,0.5266102912256974,forget,for_003,M_npo_s1
9,-13,random_position,-7.21213436126709,9.593942642211914,-7.211408615112305,4.3183555248195075e-05,forget,for_003,M_npo_s1
10,-6,real,-7.21213436126709,9.593942642211914,-7.197785377502441,0.0008537973354327767,forget,for_003,M_npo_s1
10,-5,real,-7.21213436126709,9.593942642211914,-6.584497451782227,0.03734583087742231,forget,for_003,M_npo_s1
10,-4,real,-7.21213436126709,9.593942642211914,-6.626527786254883,0.0348449298959526,forget,for_003,M_npo_s1
10,-3,real,-7.21213436126709,9.593942642211914,-2.5322189331054688,0.2784656661511689,forget,for_003,M_npo_s1
10,-2,real,-7.21213436126709,9.593942642211914,-7.128471374511719,0.0049781389635458724,forget,for_003,M_npo_s1
10,-1,real,-7.21213436126709,9.593942642211914,9.797344207763672,1.012102858121479,forget,for_003,M_npo_s1
10,-6,random_position,-7.21213436126709,9.593942642211914,-7.197785377502441,0.0008537973354327767,forget,for_003,M_npo_s1
11,-6,real,-7.21213436126709,9.593942642211914,-7.21213436126709,0.0,forget,for_003,M_npo_s1
11,-5,real,-7.21213436126709,9.593942642211914,-7.21213436126709,0.0,forget,for_003,M_npo_s1
11,-4,real,-7.21213436126709,9.593942642211914,-7.21213436126709,0.0,forget,for_003,M_npo_s1
11,-3,real,-7.21213436126709,9.593942642211914,-7.21213436126709,0.0,forget,for_003,M_npo_s1
11,-2,real,-7.21213436126709,9.593942642211914,-7.21213436126709,0.0,forget,for_003,M_npo_s1
11,-1,real,-7.21213436126709,9.593942642211914,9.459344863891602,0.991991124502616,forget,for_003,M_npo_s1
11,-7,random_position,-7.21213436126709,9.593942642211914,-7.21213436126709,0.0,forget,for_003,M_npo_s1
0,-6,real,-6.7507171630859375,8.883842468261719,-6.388111114501953,0.02319259749772234,forget,for_003,M_npo_s1
0,-5,real,-6.7507171630859375,8.883842468261719,-6.845830917358398,-0.006083558252690127,forget,for_003,M_npo_s1
0,-4,real,-6.7507171630859375,8.883842468261719,-6.642772674560547,0.006904223148630257,forget,for_003,M_npo_s1
0,-3,real,-6.7507171630859375,8.883842468261719,-6.752215385437012,-9.582760156993792e-05,forget,for_003,M_npo_s1
0,-2,real,-6.7507171630859375,8.883842468261719,-6.733647346496582,0.0010918002803948562,forget,for_003,M_npo_s1
0,-1,real,-6.7507171630859375,8.883842468261719,-6.714526176452637,0.002314806907687826,forget,for_003,M_npo_s1
0,-12,random_position,-6.7507171630859375,8.883842468261719,-6.758792877197266,-0.000516529681791365,forget,for_003,M_npo_s1
1,-6,real,-6.7507171630859375,8.883842468261719,-6.211332321166992,0.03449952250893374,forget,for_003,M_npo_s1
1,-5,real,-6.7507171630859375,8.883842468261719,-6.722903251647949,0.0017790019094762824,forget,for_003,M_npo_s1
1,-4,real,-6.7507171630859375,8.883842468261719,-6.722702980041504,0.0017918114551985528,forget,for_003,M_npo_s1
1,-3,real,-6.7507171630859375,8.883842468261719,-6.722492218017578,0.0018052919771253232,forget,for_003,M_npo_s1
1,-2,real,-6.7507171630859375,8.883842468261719,-6.693916320800781,0.0036330311581830063,forget,for_003,M_npo_s1
1,-1,real,-6.7507171630859375,8.883842468261719,-6.683558464050293,0.004295528663371483,forget,for_003,M_npo_s1
1,-3,random_position,-6.7507171630859375,8.883842468261719,-6.722492218017578,0.0018052919771253232,forget,for_003,M_npo_s1
2,-6,real,-6.7507171630859375,8.883842468261719,-6.035373687744141,0.04575398938052061,forget,for_003,M_npo_s1
2,-5,real,-6.7507171630859375,8.883842468261719,-6.285740852355957,0.02974028829041607,forget,for_003,M_npo_s1
2,-4,real,-6.7507171630859375,8.883842468261719,-6.886842727661133,-0.008706709225264035,forget,for_003,M_npo_s1
2,-3,real,-6.7507171630859375,8.883842468261719,-6.726463317871094,0.001551296984803731,forget,for_003,M_npo_s1
2,-2,real,-6.7507171630859375,8.883842468261719,-6.616155624389648,0.00860667277295678,forget,for_003,M_npo_s1
2,-1,real,-6.7507171630859375,8.883842468261719,-6.552667617797852,0.012667420762590075,forget,for_003,M_npo_s1
2,-8,random_position,-6.7507171630859375,8.883842468261719,-6.816157341003418,-0.004185610561507047,forget,for_003,M_npo_s1
3,-6,real,-6.7507171630859375,8.883842468261719,-5.319000244140625,0.09157385642475575,forget,for_003,M_npo_s1
3,-5,real,-6.7507171630859375,8.883842468261719,-6.049175262451172,0.044871228686745854,forget,for_003,M_npo_s1
3,-4,real,-6.7507171630859375,8.883842468261719,-6.730829238891602,0.001272048888058234,forget,for_003,M_npo_s1
3,-3,real,-6.7507171630859375,8.883842468261719,-6.753021240234375,-0.00014737077364288353,forget,for_003,M_npo_s1
3,-2,real,-6.7507171630859375,8.883842468261719,-6.574060440063477,0.011299117288104494,forget,for_003,M_npo_s1
3,-1,real,-6.7507171630859375,8.883842468261719,-6.451286315917969,0.019151856798550495,forget,for_003,M_npo_s1
3,-12,random_position,-6.7507171630859375,8.883842468261719,-6.765180587768555,-0.0009250931924950213,forget,for_003,M_npo_s1
4,-6,real,-6.7507171630859375,8.883842468261719,-4.447929382324219,0.1472883045675668,forget,for_003,M_npo_s1
4,-5,real,-6.7507171630859375,8.883842468261719,-5.46937370300293,0.08195583951810732,forget,for_003,M_npo_s1
4,-4,real,-6.7507171630859375,8.883842468261719,-5.644254684448242,0.07077030020207363,forget,for_003,M_npo_s1
4,-3,real,-6.7507171630859375,8.883842468261719,-6.80434513092041,-0.0034300913552401777,forget,for_003,M_npo_s1
4,-2,real,-6.7507171630859375,8.883842468261719,-6.570199012756348,0.011546097529197224,forget,for_003,M_npo_s1
4,-1,real,-6.7507171630859375,8.883842468261719,-6.303125381469727,0.028628358723886214,forget,for_003,M_npo_s1
4,-9,random_position,-6.7507171630859375,8.883842468261719,-6.829895973205566,-0.005064345398054803,forget,for_003,M_npo_s1
5,-6,real,-6.7507171630859375,8.883842468261719,-3.2620792388916016,0.2231363086939485,forget,for_003,M_npo_s1
5,-5,real,-6.7507171630859375,8.883842468261719,-4.789473533630371,0.12544284429496994,forget,for_003,M_npo_s1
5,-4,real,-6.7507171630859375,8.883842468261719,-2.9291000366210938,0.2444339473944896,forget,for_003,M_npo_s1
5,-3,real,-6.7507171630859375,8.883842468261719,-6.891363143920898,-0.008995838971566712,forget,for_003,M_npo_s1
5,-2,real,-6.7507171630859375,8.883842468261719,-6.536198616027832,0.01372079240581812,forget,for_003,M_npo_s1
5,-1,real,-6.7507171630859375,8.883842468261719,-6.027493476867676,0.04625801450577357,forget,for_003,M_npo_s1
5,-11,random_position,-6.7507171630859375,8.883842468261719,-6.743858337402344,0.0004386964420693785,forget,for_003,M_npo_s1
6,-6,real,-6.7507171630859375,8.883842468261719,-1.9088420867919922,0.30969053113500383,forget,for_003,M_npo_s1
6,-5,real,-6.7507171630859375,8.883842468261719,-4.3761749267578125,0.151877781806346,forget,for_003,M_npo_s1
6,-4,real,-6.7507171630859375,8.883842468261719,-0.7886619567871094,0.3813382242212162,forget,for_003,M_npo_s1
6,-3,real,-6.7507171630859375,8.883842468261719,-7.218475341796875,-0.029918218980282085,forget,for_003,M_npo_s1
6,-2,real,-6.7507171630859375,8.883842468261719,-6.408271789550781,0.02190310322834711,forget,for_003,M_npo_s1
6,-1,real,-6.7507171630859375,8.883842468261719,-5.290452003479004,0.09339982666854703,forget,for_003,M_npo_s1
6,-2,random_position,-6.7507171630859375,8.883842468261719,-6.408271789550781,0.02190310322834711,forget,for_003,M_npo_s1
7,-6,real,-6.7507171630859375,8.883842468261719,-1.1033010482788086,0.3612136349196512,forget,for_003,M_npo_s1
7,-5,real,-6.7507171630859375,8.883842468261719,-3.8623170852661133,0.18474457521838444,forget,for_003,M_npo_s1
7,-4,real,-6.7507171630859375,8.883842468261719,2.917266845703125,0.6183726460324811,forget,for_003,M_npo_s1
7,-3,real,-6.7507171630859375,8.883842468261719,-7.3419294357299805,-0.03781444994834703,forget,for_003,M_npo_s1
7,-2,real,-6.7507171630859375,8.883842468261719,-6.212503433227539,0.03442461716537685,forget,for_003,M_npo_s1
7,-1,real,-6.7507171630859375,8.883842468261719,-4.436893463134766,0.14799417153470068,forget,for_003,M_npo_s1
7,-8,random_position,-6.7507171630859375,8.883842468261719,-6.759483337402344,-0.0005606921156148118,forget,for_003,M_npo_s1
8,-6,real,-6.7507171630859375,8.883842468261719,-2.126523971557617,0.2957674089046106,forget,for_003,M_npo_s1
8,-5,real,-6.7507171630859375,8.883842468261719,-2.710822105407715,0.25839519327286575,forget,for_003,M_npo_s1
8,-4,real,-6.7507171630859375,8.883842468261719,1.4024295806884766,0.5214823401502889,forget,for_003,M_npo_s1
8,-3,real,-6.7507171630859375,8.883842468261719,-7.311122894287109,-0.035844036827077964,forget,for_003,M_npo_s1
8,-2,real,-6.7507171630859375,8.883842468261719,-6.440254211425781,0.019857479774337283,forget,for_003,M_npo_s1
8,-1,real,-6.7507171630859375,8.883842468261719,-2.4819278717041016,0.2730354670701958,forget,for_003,M_npo_s1
8,-5,random_position,-6.7507171630859375,8.883842468261719,-2.710822105407715,0.25839519327286575,forget,for_003,M_npo_s1
9,-6,real,-6.7507171630859375,8.883842468261719,-2.2721290588378906,0.28645438118182576,forget,for_003,M_npo_s1
9,-5,real,-6.7507171630859375,8.883842468261719,-4.327854156494141,0.15496842019994603,forget,for_003,M_npo_s1
9,-4,real,-6.7507171630859375,8.883842468261719,0.17156219482421875,0.4427549941368879,forget,for_003,M_npo_s1
9,-3,real,-6.7507171630859375,8.883842468261719,-6.794683456420898,-0.0028121222708957848,forget,for_003,M_npo_s1
9,-2,real,-6.7507171630859375,8.883842468261719,-6.5832061767578125,0.010714148033454142,forget,for_003,M_npo_s1
9,-1,real,-6.7507171630859375,8.883842468261719,2.287555694580078,0.5780957744114563,forget,for_003,M_npo_s1
9,-11,random_position,-6.7507171630859375,8.883842468261719,-6.724409103393555,0.0016826863252121626,forget,for_003,M_npo_s1
10,-6,real,-6.7507171630859375,8.883842468261719,-5.9627885818481445,0.05039659573512885,forget,for_003,M_npo_s1
10,-5,real,-6.7507171630859375,8.883842468261719,-6.086435317993164,0.04248804320403581,forget,for_003,M_npo_s1
10,-4,real,-6.7507171630859375,8.883842468261719,-2.1114730834960938,0.29673007676455765,forget,for_003,M_npo_s1
10,-3,real,-6.7507171630859375,8.883842468261719,-6.237836837768555,0.0328042706293464,forget,for_003,M_npo_s1
10,-2,real,-6.7507171630859375,8.883842468261719,-6.4110002517700195,0.021728588417340367,forget,for_003,M_npo_s1
10,-1,real,-6.7507171630859375,8.883842468261719,10.187385559082031,1.0833757471625027,forget,for_003,M_npo_s1
10,-6,random_position,-6.7507171630859375,8.883842468261719,-5.9627885818481445,0.05039659573512885,forget,for_003,M_npo_s1
11,-6,real,-6.7507171630859375,8.883842468261719,-6.7507171630859375,0.0,forget,for_003,M_npo_s1
11,-5,real,-6.7507171630859375,8.883842468261719,-6.7507171630859375,0.0,forget,for_003,M_npo_s1
11,-4,real,-6.7507171630859375,8.883842468261719,-6.7507171630859375,0.0,forget,for_003,M_npo_s1
11,-3,real,-6.7507171630859375,8.883842468261719,-6.7507171630859375,0.0,forget,for_003,M_npo_s1
11,-2,real,-6.7507171630859375,8.883842468261719,-6.7507171630859375,0.0,forget,for_003,M_npo_s1
11,-1,real,-6.7507171630859375,8.883842468261719,8.746105194091797,0.99119020443059,forget,for_003,M_npo_s1
11,-6,random_position,-6.7507171630859375,8.883842468261719,-6.7507171630859375,0.0,forget,for_003,M_npo_s1
0,-6,real,-49.3250532746315,8.084268569946289,-49.32963311672211,-7.977523411625611e-05,forget,for_004,M_npo_s1
0,-5,real,-49.3250532746315,8.084268569946289,-49.318109571933746,0.00012095078768831907,forget,for_004,M_npo_s1
0,-4,real,-49.3250532746315,8.084268569946289,-49.32252848148346,4.397880112355366e-05,forget,for_004,M_npo_s1
0,-3,real,-49.3250532746315,8.084268569946289,-49.323870062828064,2.0610098942460013e-05,forget,for_004,M_npo_s1
0,-2,real,-49.3250532746315,8.084268569946289,-49.29071980714798,0.0005980469091146954,forget,for_004,M_npo_s1
0,-1,real,-49.3250532746315,8.084268569946289,-49.35653775930405,-0.0005484211215346388,forget,for_004,M_npo_s1
0,-14,random_position,-49.3250532746315,8.084268569946289,-49.32145267724991,6.27179918853521e-05,forget,for_004,M_npo_s1
1,-6,real,-49.3250532746315,8.084268569946289,-49.334886848926544,-0.0001712888077944211,forget,for_004,M_npo_s1
1,-5,real,-49.3250532746315,8.084268569946289,-49.32479268312454,4.539184553747175e-06,forget,for_004,M_npo_s1
1,-4,real,-49.3250532746315,8.084268569946289,-49.31110978126526,0.00024287855906032435,forget,for_004,M_npo_s1
1,-3,real,-49.3250532746315,8.084268569946289,-49.320407807826996,8.0918336173364e-05,forget,for_004,M_npo_s1
1,-2,real,-49.3250532746315,8.084268569946289,-49.21899223327637,0.0018474533045742699,forget,for_004,M_npo_s1
1,-1,real,-49.3250532746315,8.084268569946289,-49.36349892616272,-0.0006696761134942863,forget,for_004,M_npo_s1
1,-3,random_position,-49.3250532746315,8.084268569946289,-49.320407807826996,8.0918336173364e-05,forget,for_004,M_npo_s1
2,-6,real,-49.3250532746315,8.084268569946289,-49.31979078054428,9.166619493374615e-05,forget,for_004,M_npo_s1
2,-5,real,-49.3250532746315,8.084268569946289,-49.323204815387726,3.219789372845549e-05,forget,for_004,M_npo_s1
2,-4,real,-49.3250532746315,8.084268569946289,-49.302367091178894,0.000395165501414974,forget,for_004,M_npo_s1
2,-3,real,-49.3250532746315,8.084268569946289,-49.30706965923309,0.00031325253148074773,forget,for_004,M_npo_s1
2,-2,real,-49.3250532746315,8.084268569946289,-49.18872553110123,0.002374662148062795,forget,for_004,M_npo_s1
2,-1,real,-49.3250532746315,8.084268569946289,-49.27093803882599,0.0009426210599040993,forget,for_004,M_npo_s1
2,-9,random_position,-49.3250532746315,8.084268569946289,-49.17077422142029,0.002687351953553577,forget,for_004,M_npo_s1
3,-6,real,-49.3250532746315,8.084268569946289,-49.3033686876297,0.0003777189192463629,forget,for_004,M_npo_s1
3,-5,real,-49.3250532746315,8.084268569946289,-49.318557381629944,0.00011315049181633771,forget,for_004,M_npo_s1
3,-4,real,-49.3250532746315,8.084268569946289,-49.312576711177826,0.0002173264385085696,forget,for_004,M_npo_s1
3,-3,real,-49.3250532746315,8.084268569946289,-49.30719846487045,0.0003110088951997213,forget,for_004,M_npo_s1
3,-2,real,-49.3250532746315,8.084268569946289,-49.17249369621277,0.0026574008108256495,forget,for_004,M_npo_s1
3,-1,real,-49.3250532746315,8.084268569946289,-49.157657861709595,0.002915822858439073,forget,for_004,M_npo_s1
3,-14,random_position,-49.3250532746315,8.084268569946289,-49.2640466094017,0.0010626613112581008,forget,for_004,M_npo_s1
4,-6,real,-49.3250532746315,8.084268569946289,-49.29335415363312,0.0005521598231764602,forget,for_004,M_npo_s1
4,-5,real,-49.3250532746315,8.084268569946289,-49.320955991744995,7.136964442111954e-05,forget,for_004,M_npo_s1
4,-4,real,-49.3250532746315,8.084268569946289,-49.31213021278381,0.0002251038931042055,forget,for_004,M_npo_s1
4,-3,real,-49.3250532746315,8.084268569946289,-49.310112833976746,0.00026024415852189236,forget,for_004,M_npo_s1
4,-2,real,-49.3250532746315,8.084268569946289,-49.11817520856857,0.003603562268563298,forget,for_004,M_npo_s1
4,-1,real,-49.3250532746315,8.084268569946289,-49.04965424537659,0.0047971134374395034,forget,for_004,M_npo_s1
4,-11,random_position,-49.3250532746315,8.084268569946289,-48.656093418598175,0.011652460515809199,forget,for_004,M_npo_s1
5,-6,real,-49.3250532746315,8.084268569946289,-49.29446977376938,0.0005327270882056263,forget,for_004,M_npo_s1
5,-5,real,-49.3250532746315,8.084268569946289,-49.33960294723511,-0.00025343745817093936,forget,for_004,M_npo_s1
5,-4,real,-49.3250532746315,8.084268569946289,-49.28374665975571,0.0007195105872809538,forget,for_004,M_npo_s1
5,-3,real,-49.3250532746315,8.084268569946289,-49.31227946281433,0.00022250414056015634,forget,for_004,M_npo_s1
5,-2,real,-49.3250532746315,8.084268569946289,-49.09546583890915,0.0039991316452736535,forget,for_004,M_npo_s1
5,-1,real,-49.3250532746315,8.084268569946289,-48.77264940738678,0.009622198094243715,forget,for_004,M_npo_s1
5,-12,random_position,-49.3250532746315,8.084268569946289,-49.303482949733734,0.00037572861348480455,forget,for_004,M_npo_s1
6,-6,real,-49.3250532746315,8.084268569946289,-49.33034694194794,-9.220919436686823e-05,forget,for_004,M_npo_s1
6,-5,real,-49.3250532746315,8.084268569946289,-49.34797292947769,-0.00039923228684430326,forget,for_004,M_npo_s1
6,-4,real,-49.3250532746315,8.084268569946289,-49.27203333377838,0.0009235423647166203,forget,for_004,M_npo_s1
6,-3,real,-49.3250532746315,8.084268569946289,-49.32165163755417,5.925234731984248e-05,forget,for_004,M_npo_s1
6,-2,real,-49.3250532746315,8.084268569946289,-48.86271387338638,0.008053385519807953,forget,for_004,M_npo_s1
6,-1,real,-49.3250532746315,8.084268569946289,-48.118895173072815,0.021009795322510065,forget,for_004,M_npo_s1
6,-2,random_position,-49.3250532746315,8.084268569946289,-48.86271387338638,0.008053385519807953,forget,for_004,M_npo_s1
7,-6,real,-49.3250532746315,8.084268569946289,-49.33056998252869,-9.609428782526757e-05,forget,for_004,M_npo_s1
7,-5,real,-49.3250532746315,8.084268569946289,-49.35657995939255,-0.0005491561953370296,forget,for_004,M_npo_s1
7,-4,real,-49.3250532746315,8.084268569946289,-49.239662885665894,0.0014873958831421324,forget,for_004,M_npo_s1
7,-3,real,-49.3250532746315,8.084268569946289,-49.34292948246002,-0.00031138162330008614,forget,for_004,M_npo_s1
7,-2,real,-49.3250532746315,8.084268569946289,-48.784998297691345,0.009407095565459328,forget,for_004,M_npo_s1
7,-1,real,-49.3250532746315,8.084268569946289,-47.01101279258728,0.04030774807458864,forget,for_004,M_npo_s1
7,-9,random_position,-49.3250532746315,8.084268569946289,-48.98843169212341,0.005863535253375937,forget,for_004,M_npo_s1
8,-6,real,-49.3250532746315,8.084268569946289,-49.30298715829849,0.00038436469242306365,forget,for_004,M_npo_s1
8,-5,real,-49.3250532746315,8.084268569946289,-49.37302231788635,-0.0008355619211931675,forget,for_004,M_npo_s1
8,-4,real,-49.3250532746315,8.084268569946289,-49.17877358198166,0.0025480129001673128,forget,for_004,M_npo_s1
8,-3,real,-49.3250532746315,8.084268569946289,-49.301171004772186,0.00041599986016155327,forget,for_004,M_npo_s1
8,-2,real,-49.3250532746315,8.084268569946289,-48.84034085273743,0.008443096109135692,forget,for_004,M_npo_s1
8,-1,real,-49.3250532746315,8.084268569946289,-43.16122531890869,0.10736632584530298,forget,for_004,M_npo_s1
8,-5,random_position,-49.3250532746315,8.084268569946289,-49.37302231788635,-0.0008355619211931675,forget,for_004,M_npo_s1
9,-6,real,-49.3250532746315,8.084268569946289,-49.167786955833435,0.002739386457548248,forget,for_004,M_npo_s1
9,-5,real,-49.3250532746315,8.084268569946289,-49.2295258641243,0.0016639703699308642,forget,for_004,M_npo_s1
9,-4,real,-49.3250532746315,8.084268569946289,-48.91117238998413,0.007209297573098919,forget,for_004,M_npo_s1
9,-3,real,-49.3250532746315,8.084268569946289,-49.07977902889252,0.004272376642995459,forget,for_004,M_npo_s1
9,-2,real,-49.3250532746315,8.084268569946289,-48.388098657131195,0.01632060068636395,forget,for_004,M_npo_s1
9,-1,real,-49.3250532746315,8.084268569946289,-33.28978729248047,0.27931467341772015,forget,for_004,M_npo_s1
9,-13,random_position,-49.3250532746315,8.084268569946289,-49.290853559970856,0.0005957170989274565,forget,for_004,M_npo_s1
10,-6,real,-49.3250532746315,8.084268569946289,-48.522505044937134,0.013979406199346452,forget,for_004,M_npo_s1
10,-5,real,-49.3250532746315,8.084268569946289,-48.79575443267822,0.009219736881516028,forget,for_004,M_npo_s1
10,-4,real,-49.3250532746315,8.084268569946289,-48.94381195306778,0.006640756401823413,forget,for_004,M_npo_s1
10,-3,real,-49.3250532746315,8.084268569946289,-49.07799679040909,0.004303421052268468,forget,for_004,M_npo_s1
10,-2,real,-49.3250532746315,8.084268569946289,-48.520120203495026,0.014020947213340042,forget,for_004,M_npo_s1
10,-1,real,-49.3250532746315,8.084268569946289,-16.546245574951172,0.5709666417663185,forget,for_004,M_npo_s1
10,-6,random_position,-49.3250532746315,8.084268569946289,-48.522505044937134,0.013979406199346452,forget,for_004,M_npo_s1
11,-6,real,-49.3250532746315,8.084268569946289,-49.3250532746315,0.0,forget,for_004,M_npo_s1
11,-5,real,-49.3250532746315,8.084268569946289,-49.3250532746315,0.0,forget,for_004,M_npo_s1
11,-4,real,-49.3250532746315,8.084268569946289,-49.3250532746315,0.0,forget,for_004,M_npo_s1
11,-3,real,-49.3250532746315,8.084268569946289,-49.3250532746315,0.0,forget,for_004,M_npo_s1
11,-2,real,-49.3250532746315,8.084268569946289,-49.3250532746315,0.0,forget,for_004,M_npo_s1
11,-1,real,-49.3250532746315,8.084268569946289,7.640430450439453,0.9922688841246301,forget,for_004,M_npo_s1
11,-7,random_position,-49.3250532746315,8.084268569946289,-49.3250532746315,0.0,forget,for_004,M_npo_s1
0,-6,real,-50.69605565071106,7.6363983154296875,-50.56171178817749,0.002303072361940227,forget,for_004,M_npo_s1
0,-5,real,-50.69605565071106,7.6363983154296875,-50.61701279878616,0.0013550407457703889,forget,for_004,M_npo_s1
0,-4,real,-50.69605565071106,7.6363983154296875,-50.67840087413788,0.0003026578752100661,forget,for_004,M_npo_s1
0,-3,real,-50.69605565071106,7.6363983154296875,-50.702870547771454,-0.00011682856792464132,forget,for_004,M_npo_s1
0,-2,real,-50.69605565071106,7.6363983154296875,-50.69507569074631,1.679956693268927e-05,forget,for_004,M_npo_s1
0,-1,real,-50.69605565071106,7.6363983154296875,-50.71362018585205,-0.0003011108559085582,forget,for_004,M_npo_s1
0,-11,random_position,-50.69605565071106,7.6363983154296875,-50.683641374111176,0.00021281937850737325,forget,for_004,M_npo_s1
1,-6,real,-50.69605565071106,7.6363983154296875,-50.53839588165283,0.0027027796421824055,forget,for_004,M_npo_s1
1,-5,real,-50.69605565071106,7.6363983154296875,-50.41923016309738,0.004745651327721652,forget,for_004,M_npo_s1
1,-4,real,-50.69605565071106,7.6363983154296875,-50.631848990917206,0.0011007021894042502,forget,for_004,M_npo_s1
1,-3,real,-50.69605565071106,7.6363983154296875,-50.710527181625366,-0.0002480871269826345,forget,for_004,M_npo_s1
1,-2,real,-50.69605565071106,7.6363983154296875,-50.70632874965668,-0.00017611292251789592,forget,for_004,M_npo_s1
1,-1,real,-50.69605565071106,7.6363983154296875,-50.73529064655304,-0.0006726100682264123,forget,for_004,M_npo_s1
1,-3,random_position,-50.69605565071106,7.6363983154296875,-50.710527181625366,-0.0002480871269826345,forget,for_004,M_npo_s1
2,-6,real,-50.69605565071106,7.6363983154296875,-50.56692737340927,0.0022136609815308172,forget,for_004,M_npo_s1
2,-5,real,-50.69605565071106,7.6363983154296875,-50.16942095756531,0.009028159409364788,forget,for_004,M_npo_s1
2,-4,real,-50.69605565071106,7.6363983154296875,-50.479305535554886,0.003715772274589836,forget,for_004,M_npo_s1
2,-3,real,-50.69605565071106,7.6363983154296875,-50.72590482234955,-0.0005117077991578207,forget,for_004,M_npo_s1
2,-2,real,-50.69605565071106,7.6363983154296875,-50.709213733673096,-0.00022557053693770165,forget,for_004,M_npo_s1
2,-1,real,-50.69605565071106,7.6363983154296875,-50.720144391059875,-0.00041295605980846105,forget,for_004,M_npo_s1
2,-8,random_position,-50.69605565071106,7.6363983154296875,-49.3437460064888,0.023182800521425205,forget,for_004,M_npo_s1
3,-6,real,-50.69605565071106,7.6363983154296875,-50.52587330341339,0.002917455648213451,forget,for_004,M_npo_s1
3,-5,real,-50.69605565071106,7.6363983154296875,-49.966670513153076,0.012503933710406857,forget,for_004,M_npo_s1
3,-4,real,-50.69605565071106,7.6363983154296875,-50.18259409070015,0.008802330865575284,forget,for_004,M_npo_s1
3,-3,real,-50.69605565071106,7.6363983154296875,-50.7087619304657,-0.00021782522233702138,forget,for_004,M_npo_s1
3,-2,real,-50.69605565071106,7.6363983154296875,-50.72509545087814,-0.000497832650482011,forget,for_004,M_npo_s1
3,-1,real,-50.69605565071106,7.6363983154296875,-50.767466604709625,-0.0012242062375777364,forget,for_004,M_npo_s1
3,-11,random_position,-50.69605565071106,7.6363983154296875,-50.66576987504959,0.0005191925523834121,forget,for_004,M_npo_s1
4,-6,real,-50.69605565071106,7.6363983154296875,-50.46517699956894,0.003957979399874632,forget,for_004,M_npo_s1
4,-5,real,-50.69605565071106,7.6363983154296875,-49.50561222434044,0.02040790924142532,forget,for_004,M_npo_s1
4,-4,real,-50.69605565071106,7.6363983154296875,-49.85679078102112,0.014387614657478585,forget,for_004,M_npo_s1
4,-3,real,-50.69605565071106,7.6363983154296875,-50.68904483318329,0.00012018725514000229,forget,for_004,M_npo_s1
4,-2,real,-50.69605565071106,7.6363983154296875,-50.724333584308624,-0.00048477188382951814,forget,for_004,M_npo_s1
4,-1,real,-50.69605565071106,7.6363983154296875,-50.76651227474213,-0.001207846048650099,forget,for_004,M_npo_s1
4,-8,random_position,-50.69605565071106,7.6363983154296875,-50.205872386693954,0.008403268347010285,forget,for_004,M_npo_s1
5,-6,real,-50.69605565071106,7.6363983154296875,-50.33228939771652,0.006236086916653405,forget,for_004,M_npo_s1
5,-5,real,-50.69605565071106,7.6363983154296875,-49.16577219963074,0.026233826061365085,forget,for_004,M_npo_s1
5,-4,real,-50.69605565071106,7.6363983154296875,-49.51166546344757,0.02030413786382057,forget,for_004,M_npo_s1
5,-3,real,-50.69605565071106,7.6363983154296875,-50.65322828292847,0.0007341945155856473,forget,for_004,M_npo_s1
5,-2,real,-50.69605565071106,7.6363983154296875,-50.73317486047745,-0.0006363389030047304,forget,for_004,M_npo_s1
5,-1,real,-50.69605565071106,7.6363983154296875,-50.67719295620918,0.0003233653518644311,forget,for_004,M_npo_s1
5,-10,random_position,-50.69605565071106,7.6363983154296875,-50.66693389415741,0.0004992376382888626,forget,for_004,M_npo_s1
6,-6,real,-50.69605565071106,7.6363983154296875,-50.32721683382988,0.006323046465613695,forget,for_004,M_npo_s1
6,-5,real,-50.69605565071106,7.6363983154296875,-48.86893939971924,0.03132246505611399,forget,for_004,M_npo_s1
6,-4,real,-50.69605565071106,7.6363983154296875,-49.316845774650574,0.02364395430476922,forget,for_004,M_npo_s1
6,-3,real,-50.69605565071106,7.6363983154296875,-50.56023442745209,0.0023283989275988634,forget,for_004,M_npo_s1
6,-2,real,-50.69605565071106,7.6363983154296875,-50.70692652463913,-0.00018636064812874325,forget,for_004,M_npo_s1
6,-1,real,-50.69605565071106,7.6363983154296875,-50.030070543289185,0.011417059666449968,forget,for_004,M_npo_s1
6,-2,random_position,-50.69605565071106,7.6363983154296875,-50.70692652463913,-0.00018636064812874325,forget,for_004,M_npo_s1
7,-6,real,-50.69605565071106,7.6363983154296875,-50.381133913993835,0.005398739729002682,forget,for_004,M_npo_s1
7,-5,real,-50.69605565071106,7.6363983154296875,-48.46473038196564,0.03825186696312488,forget,for_004,M_npo_s1
7,-4,real,-50.69605565071106,7.6363983154296875,-49.01700699329376,0.028784125186845498,forget,for_004,M_npo_s1
7,-3,real,-50.69605565071106,7.6363983154296875,-50.60521352291107,0.0015573170957751475,forget,for_004,M_npo_s1
7,-2,real,-50.69605565071106,7.6363983154296875,-50.71955221891403,-0.0004028043842731367,forget,for_004,M_npo_s1
7,-1,real,-50.69605565071106,7.6363983154296875,-48.934879302978516,0.03019204967366578,forget,for_004,M_npo_s1
7,-7,random_position,-50.69605565071106,7.6363983154296875,-9.53453254699707,0.7056367477289113,forget,for_004,M_npo_s1
8,-6,real,-50.69605565071106,7.6363983154296875,-50.53837752342224,0.0027030943594511404,forget,for_004,M_npo_s1
8,-5,real,-50.69605565071106,7.6363983154296875,-48.07670283317566,0.04490386807755099,forget,for_004,M_npo_s1
8,-4,real,-50.69605565071106,7.6363983154296875,-48.0218939781189,0.04584346261421452,forget,for_004,M_npo_s1
8,-3,real,-50.69605565071106,7.6363983154296875,-50.7856530547142,-0.0015359786518693418,forget,for_004,M_npo_s1
8,-2,real,-50.69605565071106,7.6363983154296875,-50.72001212835312,-0.000410688664940531,forget,for_004,M_npo_s1
8,-1,real,-50.69605565071106,7.6363983154296875,-45.22036075592041,0.09387047042404617,forget,for_004,M_npo_s1
8,-5,random_position,-50.69605565071106,7.6363983154296875,-48.07670283317566,0.04490386807755099,forget,for_004,M_npo_s1
9,-6,real,-50.69605565071106,7.6363983154296875,-50.053579211235046,0.011014047854886074,forget,for_004,M_npo_s1
9,-5,real,-50.69605565071106,7.6363983154296875,-43.75596523284912,0.11897477212068491,forget,for_004,M_npo_s1
9,-4,real,-50.69605565071106,7.6363983154296875,-48.16104602813721,0.043457962938526586,forget,for_004,M_npo_s1
9,-3,real,-50.69605565071106,7.6363983154296875,-50.60861611366272,0.001498986089271924,forget,for_004,M_npo_s1
9,-2,real,-50.69605565071106,7.6363983154296875,-50.69021278619766,0.00010016490163072388,forget,for_004,M_npo_s1
9,-1,real,-50.69605565071106,7.6363983154296875,-35.2581787109375,0.26465330858075203,forget,for_004,M_npo_s1
9,-10,random_position,-50.69605565071106,7.6363983154296875,-50.66277939081192,0.0005704587692891287,forget,for_004,M_npo_s1
10,-6,real,-50.69605565071106,7.6363983154296875,-49.21809843182564,0.025336791415346706,forget,for_004,M_npo_s1
10,-5,real,-50.69605565071106,7.6363983154296875,-44.95342445373535,0.09844659030304187,forget,for_004,M_npo_s1
10,-4,real,-50.69605565071106,7.6363983154296875,-47.97596454620361,0.046630836173741835,forget,for_004,M_npo_s1
10,-3,real,-50.69605565071106,7.6363983154296875,-50.30049842596054,0.006781083219645126,forget,for_004,M_npo_s1
10,-2,real,-50.69605565071106,7.6363983154296875,-50.63464289903641,0.0010528058996163495,forget,for_004,M_npo_s1
10,-1,real,-50.69605565071106,7.6363983154296875,-19.167490005493164,0.5404978447078319,forget,for_004,M_npo_s1
10,-5,random_position,-50.69605565071106,7.6363983154296875,-44.95342445373535,0.09844659030304187,forget,for_004,M_npo_s1
11,-6,real,-50.69605565071106,7.6363983154296875,-50.69605565071106,0.0,forget,for_004,M_npo_s1
11,-5,real,-50.69605565071106,7.6363983154296875,-50.69605565071106,0.0,forget,for_004,M_npo_s1
11,-4,real,-50.69605565071106,7.6363983154296875,-50.69605565071106,0.0,forget,for_004,M_npo_s1
11,-3,real,-50.69605565071106,7.6363983154296875,-50.69605565071106,0.0,forget,for_004,M_npo_s1
11,-2,real,-50.69605565071106,7.6363983154296875,-50.69605565071106,0.0,forget,for_004,M_npo_s1
11,-1,real,-50.69605565071106,7.6363983154296875,7.208349227905273,0.992661905021639,forget,for_004,M_npo_s1
11,-6,random_position,-50.69605565071106,7.6363983154296875,-50.69605565071106,0.0,forget,for_004,M_npo_s1
0,-6,real,-50.67474961280823,8.321107864379883,-48.71664369106293,0.03319056634616151,forget,for_004,M_npo_s1
0,-5,real,-50.67474961280823,8.321107864379883,-50.19658064842224,0.008105127797674262,forget,for_004,M_npo_s1
0,-4,real,-50.67474961280823,8.321107864379883,-50.51916003227234,0.002637296705044933,forget,for_004,M_npo_s1
0,-3,real,-50.67474961280823,8.321107864379883,-50.54091238975525,0.0022685867919578807,forget,for_004,M_npo_s1
0,-2,real,-50.67474961280823,8.321107864379883,-50.647188901901245,0.0004671634939392025,forget,for_004,M_npo_s1
0,-1,real,-50.67474961280823,8.321107864379883,-50.71863317489624,-0.0007438414147125689,forget,for_004,M_npo_s1
0,-12,random_position,-50.67474961280823,8.321107864379883,-50.675920367240906,-1.9844688809395093e-05,forget,for_004,M_npo_s1
1,-6,real,-50.67474961280823,8.321107864379883,-48.557764291763306,0.035883626606554454,forget,for_004,M_npo_s1
1,-5,real,-50.67474961280823,8.321107864379883,-48.54094386100769,0.03616873867161969,forget,for_004,M_npo_s1
1,-4,real,-50.67474961280823,8.321107864379883,-50.52782940864563,0.002490347804833707,forget,for_004,M_npo_s1
1,-3,real,-50.67474961280823,8.321107864379883,-50.25357699394226,0.007139020210509209,forget,for_004,M_npo_s1
1,-2,real,-50.67474961280823,8.321107864379883,-50.56792151927948,0.0018107727914634464,forget,for_004,M_npo_s1
1,-1,real,-50.67474961280823,8.321107864379883,-50.7188458442688,-0.0007474462334515936,forget,for_004,M_npo_s1
1,-3,random_position,-50.67474961280823,8.321107864379883,-50.25357699394226,0.007139020210509209,forget,for_004,M_npo_s1
2,-6,real,-50.67474961280823,8.321107864379883,-49.28246754407883,0.023599658150027795,forget,for_004,M_npo_s1
2,-5,real,-50.67474961280823,8.321107864379883,-44.25780391693115,0.10876942840195707,forget,for_004,M_npo_s1
2,-4,real,-50.67474961280823,8.321107864379883,-50.54258632659912,0.002240212988856208,forget,for_004,M_npo_s1
2,-3,real,-50.67474961280823,8.321107864379883,-49.92837345600128,0.012651331614182344,forget,for_004,M_npo_s1
2,-2,real,-50.67474961280823,8.321107864379883,-50.28803211450577,0.006554994110425321,forget,for_004,M_npo_s1
2,-1,real,-50.67474961280823,8.321107864379883,-50.651249289512634,0.00039833853257714095,forget,for_004,M_npo_s1
2,-8,random_position,-50.67474961280823,8.321107864379883,-50.69338607788086,-0.0003158944690284057,forget,for_004,M_npo_s1
3,-6,real,-50.67474961280823,8.321107864379883,-49.53339630365372,0.01934632969095901,forget,for_004,M_npo_s1
3,-5,real,-50.67474961280823,8.321107864379883,-38.94173526763916,0.19887861363326848,forget,for_004,M_npo_s1
3,-4,real,-50.67474961280823,8.321107864379883,-50.5132360458374,0.0027377103050545124,forget,for_004,M_npo_s1
3,-3,real,-50.67474961280823,8.321107864379883,-49.694002866744995,0.01662399341246048,forget,for_004,M_npo_s1
3,-2,real,-50.67474961280823,8.321107864379883,-49.77748131752014,0.015209005066754594,forget,for_004,M_npo_s1
3,-1,real,-50.67474961280823,8.321107864379883,-50.58239531517029,0.0015654369914641893,forget,for_004,M_npo_s1
3,-12,random_position,-50.67474961280823,8.321107864379883,-50.645254611968994,0.0004999503711025509,forget,for_004,M_npo_s1
4,-6,real,-50.67474961280823,8.321107864379883,-49.928806483745575,0.012643991645533518,forget,for_004,M_npo_s1
4,-5,real,-50.67474961280823,8.321107864379883,-31.266185760498047,0.32898180791447734,forget,for_004,M_npo_s1
4,-4,real,-50.67474961280823,8.321107864379883,-50.45275068283081,0.0037629579341779576,forget,for_004,M_npo_s1
4,-3,real,-50.67474961280823,8.321107864379883,-49.093218088150024,0.0268075012770131,forget,for_004,M_npo_s1
4,-2,real,-50.67474961280823,8.321107864379883,-49.28031766414642,0.02363609935156868,forget,for_004,M_npo_s1
4,-1,real,-50.67474961280823,8.321107864379883,-50.53496193885803,0.0023694489736715315,forget,for_004,M_npo_s1
4,-9,random_position,-50.67474961280823,8.321107864379883,-50.65720224380493,0.0002974339174590509,forget,for_004,M_npo_s1
5,-6,real,-50.67474961280823,8.321107864379883,-49.827768445014954,0.014356621024124881,forget,for_004,M_npo_s1
5,-5,real,-50.67474961280823,8.321107864379883,-21.639652252197266,0.49215484954749483,forget,for_004,M_npo_s1
5,-4,real,-50.67474961280823,8.321107864379883,-50.26972258090973,0.006865346978897799,forget,for_004,M_npo_s1
5,-3,real,-50.67474961280823,8.321107864379883,-48.655635714530945,0.03422467245362121,forget,for_004,M_npo_s1
5,-2,real,-50.67474961280823,8.321107864379883,-48.90398693084717,0.030015034236018336,forget,for_004,M_npo_s1
5,-1,real,-50.67474961280823,8.321107864379883,-50.36042034626007,0.005327988777342515,forget,for_004,M_npo_s1
5,-11,random_position,-50.67474961280823,8.321107864379883,-50.648457050323486,0.0004456679436332922,forget,for_004,M_npo_s1
6,-6,real,-50.67474961280823,8.321107864379883,-49.67692643404007,0.016913444798289195,forget,for_004,M_npo_s1
6,-5,real,-50.67474961280823,8.321107864379883,-16.750091552734375,0.5750345788802456,forget,for_004,M_npo_s1
6,-4,real,-50.67474961280823,8.321107864379883,-50.24133515357971,0.007346523599493468,forget,for_004,M_npo_s1
6,-3,real,-50.67474961280823,8.321107864379883,-48.253294706344604,0.04104449041019406,forget,for_004,M_npo_s1
6,-2,real,-50.67474961280823,8.321107864379883,-48.69608998298645,0.03353895874107541,forget,for_004,M_npo_s1
6,-1,real,-50.67474961280823,8.321107864379883,-49.71121168136597,0.016332298107792253,forget,for_004,M_npo_s1
6,-2,random_position,-50.67474961280823,8.321107864379883,-48.69608998298645,0.03353895874107541,forget,for_004,M_npo_s1
7,-6,real,-50.67474961280823,8.321107864379883,-49.84874367713928,0.014001083652158738,forget,for_004,M_npo_s1
7,-5,real,-50.67474961280823,8.321107864379883,-10.024723052978516,0.6890318794933666,forget,for_004,M_npo_s1
7,-4,real,-50.67474961280823,8.321107864379883,-50.263920307159424,0.0069636975071963115,forget,for_004,M_npo_s1
7,-3,real,-50.67474961280823,8.321107864379883,-47.88914370536804,0.04721697465821721,forget,for_004,M_npo_s1
7,-2,real,-50.67474961280823,8.321107864379883,-48.2907190322876,0.04041013526148783,forget,for_004,M_npo_s1
7,-1,real,-50.67474961280823,8.321107864379883,-48.69294190406799,0.03359231975747685,forget,for_004,M_npo_s1
7,-8,random_position,-50.67474961280823,8.321107864379883,-50.66699695587158,0.00013141019163325532,forget,for_004,M_npo_s1
8,-6,real,-50.67474961280823,8.321107864379883,-49.72780764102936,0.0160509909046584,forget,for_004,M_npo_s1
8,-5,real,-50.67474961280823,8.321107864379883,-13.913654327392578,0.6231131617949622,forget,for_004,M_npo_s1
8,-4,real,-50.67474961280823,8.321107864379883,-50.47602570056915,0.003368438408000344,forget,for_004,M_npo_s1
8,-3,real,-50.67474961280823,8.321107864379883,-47.610548973083496,0.05193925083484995,forget,for_004,M_npo_s1
8,-2,real,-50.67474961280823,8.321107864379883,-47.18004846572876,0.059236381951576204,forget,for_004,M_npo_s1
8,-1,real,-50.67474961280823,8.321107864379883,-44.78292274475098,0.09986848433104714,forget,for_004,M_npo_s1
8,-5,random_position,-50.67474961280823,8.321107864379883,-13.913654327392578,0.6231131617949622,forget,for_004,M_npo_s1
9,-6,real,-50.67474961280823,8.321107864379883,-49.66382837295532,0.01713546142191081,forget,for_004,M_npo_s1
9,-5,real,-50.67474961280823,8.321107864379883,-29.84821605682373,0.3530168802790514,forget,for_004,M_npo_s1
9,-4,real,-50.67474961280823,8.321107864379883,-50.31169307231903,0.0061539327677299985,forget,for_004,M_npo_s1
9,-3,real,-50.67474961280823,8.321107864379883,-43.831502199172974,0.11599538859624725,forget,for_004,M_npo_s1
9,-2,real,-50.67474961280823,8.321107864379883,-48.001181960105896,0.04531788784892428,forget,for_004,M_npo_s1
9,-1,real,-50.67474961280823,8.321107864379883,-34.97352981567383,0.26614105580558056,forget,for_004,M_npo_s1
9,-11,random_position,-50.67474961280823,8.321107864379883,-50.65762209892273,0.0002903172293431065,forget,for_004,M_npo_s1
10,-6,real,-50.67474961280823,8.321107864379883,-49.754249572753906,0.015602791101226903,forget,for_004,M_npo_s1
10,-5,real,-50.67474961280823,8.321107864379883,-42.554407596588135,0.13764257972451677,forget,for_004,M_npo_s1
10,-4,real,-50.67474961280823,8.321107864379883,-49.62747883796692,0.01775159849564448,forget,for_004,M_npo_s1
10,-3,real,-50.67474961280823,8.321107864379883,-46.33745837211609,0.07351857276367643,forget,for_004,M_npo_s1
10,-2,real,-50.67474961280823,8.321107864379883,-48.483009964227676,0.03715073807390679,forget,for_004,M_npo_s1
10,-1,real,-50.67474961280823,8.321107864379883,-14.907123565673828,0.6062735177798652,forget,for_004,M_npo_s1
10,-6,random_position,-50.67474961280823,8.321107864379883,-49.754249572753906,0.015602791101226903,forget,for_004,M_npo_s1
11,-6,real,-50.67474961280823,8.321107864379883,-50.67474961280823,0.0,forget,for_004,M_npo_s1
11,-5,real,-50.67474961280823,8.321107864379883,-50.67474961280823,0.0,forget,for_004,M_npo_s1
11,-4,real,-50.67474961280823,8.321107864379883,-50.67474961280823,0.0,forget,for_004,M_npo_s1
11,-3,real,-50.67474961280823,8.321107864379883,-50.67474961280823,0.0,forget,for_004,M_npo_s1
11,-2,real,-50.67474961280823,8.321107864379883,-50.67474961280823,0.0,forget,for_004,M_npo_s1
11,-1,real,-50.67474961280823,8.321107864379883,7.991182327270508,0.994407649092363,forget,for_004,M_npo_s1
11,-6,random_position,-50.67474961280823,8.321107864379883,-50.67474961280823,0.0,forget,for_004,M_npo_s1
0,-6,real,-51.157856583595276,7.6011810302734375,-51.07355201244354,0.0014347507136814517,forget,for_004,M_npo_s1
0,-5,real,-51.157856583595276,7.6011810302734375,-51.14448046684265,0.00022764356422112994,forget,for_004,M_npo_s1
0,-4,real,-51.157856583595276,7.6011810302734375,-51.16224992275238,-7.476873916783732e-05,forget,for_004,M_npo_s1
0,-3,real,-51.157856583595276,7.6011810302734375,-51.15569794178009,3.6737188062386665e-05,forget,for_004,M_npo_s1
0,-2,real,-51.157856583595276,7.6011810302734375,-51.1579487323761,-1.5682486399505686e-06,forget,for_004,M_npo_s1
0,-1,real,-51.157856583595276,7.6011810302734375,-51.16335916519165,-9.364655753101978e-05,forget,for_004,M_npo_s1
0,-12,random_position,-51.157856583595276,7.6011810302734375,-51.143184304237366,0.000249702513072595,forget,for_004,M_npo_s1
1,-6,real,-51.157856583595276,7.6011810302734375,-50.86566698551178,0.0049726750122015525,forget,for_004,M_npo_s1
1,-5,real,-51.157856583595276,7.6011810302734375,-51.0986967086792,0.0010068217131948625,forget,for_004,M_npo_s1
1,-4,real,-51.157856583595276,7.6011810302734375,-51.16409921646118,-0.00010624123742340417,forget,for_004,M_npo_s1
1,-3,real,-51.157856583595276,7.6011810302734375,-51.14961004257202,0.00014034506619128135,forget,for_004,M_npo_s1
1,-2,real,-51.157856583595276,7.6011810302734375,-51.15969789028168,-3.133656984822313e-05,forget,for_004,M_npo_s1
1,-1,real,-51.157856583595276,7.6011810302734375,-51.14792537689209,0.0001690158162298084,forget,for_004,M_npo_s1
1,-3,random_position,-51.157856583595276,7.6011810302734375,-51.14961004257202,0.00014034506619128135,forget,for_004,M_npo_s1
2,-6,real,-51.157856583595276,7.6011810302734375,-50.60572648048401,0.009396513719975385,forget,for_004,M_npo_s1
2,-5,real,-51.157856583595276,7.6011810302734375,-50.93703329563141,0.0037581161457237167,forget,for_004,M_npo_s1
2,-4,real,-51.157856583595276,7.6011810302734375,-51.143587589263916,0.00024283914289283725,forget,for_004,M_npo_s1
2,-3,real,-51.157856583595276,7.6011810302734375,-51.15432846546173,6.004383796633509e-05,forget,for_004,M_npo_s1
2,-2,real,-51.157856583595276,7.6011810302734375,-51.16469728946686,-0.00011641963771658916,forget,for_004,M_npo_s1
2,-1,real,-51.157856583595276,7.6011810302734375,-51.111642479896545,0.0007865020527126996,forget,for_004,M_npo_s1
2,-8,random_position,-51.157856583595276,7.6011810302734375,-44.377737522125244,0.11538853148047036,forget,for_004,M_npo_s1
3,-6,real,-51.157856583595276,7.6011810302734375,-50.41381824016571,0.012662534541817485,forget,for_004,M_npo_s1
3,-5,real,-51.157856583595276,7.6011810302734375,-50.61999183893204,0.009153736454939622,forget,for_004,M_npo_s1
3,-4,real,-51.157856583595276,7.6011810302734375,-51.18952393531799,-0.0005389358472958199,forget,for_004,M_npo_s1
3,-3,real,-51.157856583595276,7.6011810302734375,-51.14223802089691,0.000265806986169526,forget,for_004,M_npo_s1
3,-2,real,-51.157856583595276,7.6011810302734375,-51.15432524681091,6.0098615085712404e-05,forget,for_004,M_npo_s1
3,-1,real,-51.157856583595276,7.6011810302734375,-51.0771381855011,0.0013737188587841257,forget,for_004,M_npo_s1
3,-12,random_position,-51.157856583595276,7.6011810302734375,-51.12562346458435,0.0005485644476130326,forget,for_004,M_npo_s1
4,-6,real,-51.157856583595276,7.6011810302734375,-49.94333332777023,0.020669556635801375,forget,for_004,M_npo_s1
4,-5,real,-51.157856583595276,7.6011810302734375,-50.26425224542618,0.015207947142384498,forget,for_004,M_npo_s1
4,-4,real,-51.157856583595276,7.6011810302734375,-51.17457962036133,-0.000284603653244742,forget,for_004,M_npo_s1
4,-3,real,-51.157856583595276,7.6011810302734375,-51.14542746543884,0.00021152691843100404,forget,for_004,M_npo_s1
4,-2,real,-51.157856583595276,7.6011810302734375,-51.159356474876404,-2.5526137629829306e-05,forget,for_004,M_npo_s1
4,-1,real,-51.157856583595276,7.6011810302734375,-51.01055085659027,0.002506945875679842,forget,for_004,M_npo_s1
4,-9,random_position,-51.157856583595276,7.6011810302734375,-50.60646057128906,0.00938402047919296,forget,for_004,M_npo_s1
5,-6,real,-51.157856583595276,7.6011810302734375,-49.599069491028786,0.026528465336855253,forget,for_004,M_npo_s1
5,-5,real,-51.157856583595276,7.6011810302734375,-49.879835307598114,0.021750207762005865,forget,for_004,M_npo_s1
5,-4,real,-51.157856583595276,7.6011810302734375,-51.18952250480652,-0.0005389115019094299,forget,for_004,M_npo_s1
5,-3,real,-51.157856583595276,7.6011810302734375,-51.145302414894104,0.00021365511095792271,forget,for_004,M_npo_s1
5,-2,real,-51.157856583595276,7.6011810302734375,-51.1621128320694,-7.243563963880349e-05,forget,for_004,M_npo_s1
5,-1,real,-51.157856583595276,7.6011810302734375,-50.91405910253525,0.0041491060943191025,forget,for_004,M_npo_s1
5,-11,random_position,-51.157856583595276,7.6011810302734375,-51.127668023109436,0.0005137688041152419,forget,for_004,M_npo_s1
6,-6,real,-51.157856583595276,7.6011810302734375,-49.27392262220383,0.03206202888773641,forget,for_004,M_npo_s1
6,-5,real,-51.157856583595276,7.6011810302734375,-49.62799918651581,0.026036120726360915,forget,for_004,M_npo_s1
6,-4,real,-51.157856583595276,7.6011810302734375,-51.184887409210205,-0.00046002839244169646,forget,for_004,M_npo_s1
6,-3,real,-51.157856583595276,7.6011810302734375,-51.152135252952576,9.736937286647811e-05,forget,for_004,M_npo_s1
6,-2,real,-51.157856583595276,7.6011810302734375,-51.16911733150482,-0.00019164282409703828,forget,for_004,M_npo_s1
6,-1,real,-51.157856583595276,7.6011810302734375,-50.31607174873352,0.014326048707494004,forget,for_004,M_npo_s1
6,-2,random_position,-51.157856583595276,7.6011810302734375,-51.16911733150482,-0.00019164282409703828,forget,for_004,M_npo_s1
7,-6,real,-51.157856583595276,7.6011810302734375,-48.8576078414917,0.03914714800503567,forget,for_004,M_npo_s1
7,-5,real,-51.157856583595276,7.6011810302734375,-49.321815490722656,0.031246956509704042,forget,for_004,M_npo_s1
7,-4,real,-51.157856583595276,7.6011810302734375,-51.18453598022461,-0.0004540475425185732,forget,for_004,M_npo_s1
7,-3,real,-51.157856583595276,7.6011810302734375,-51.15642702579498,2.432915613232499e-05,forget,for_004,M_npo_s1
7,-2,real,-51.157856583595276,7.6011810302734375,-51.1664981842041,-0.0001470684503992971,forget,for_004,M_npo_s1
7,-1,real,-51.157856583595276,7.6011810302734375,-49.11627674102783,0.03474495031698028,forget,for_004,M_npo_s1
7,-8,random_position,-51.157856583595276,7.6011810302734375,-9.762823104858398,0.7044879419360425,forget,for_004,M_npo_s1
8,-6,real,-51.157856583595276,7.6011810302734375,-48.509814858436584,0.04506611804230235,forget,for_004,M_npo_s1
8,-5,real,-51.157856583595276,7.6011810302734375,-48.35490870475769,0.04770241298465403,forget,for_004,M_npo_s1
8,-4,real,-51.157856583595276,7.6011810302734375,-51.219308972358704,-0.0010458372236669057,forget,for_004,M_npo_s1
8,-3,real,-51.157856583595276,7.6011810302734375,-51.164971590042114,-0.000121087865556856,forget,for_004,M_npo_s1
8,-2,real,-51.157856583595276,7.6011810302734375,-51.17963373661041,-0.00037061793214252246,forget,for_004,M_npo_s1
8,-1,real,-51.157856583595276,7.6011810302734375,-45.326436042785645,0.09924295525618444,forget,for_004,M_npo_s1
8,-5,random_position,-51.157856583595276,7.6011810302734375,-48.35490870475769,0.04770241298465403,forget,for_004,M_npo_s1
9,-6,real,-51.157856583595276,7.6011810302734375,-44.32922983169556,0.11621406730269489,forget,for_004,M_npo_s1
9,-5,real,-51.157856583595276,7.6011810302734375,-48.559030532836914,0.04422853328259701,forget,for_004,M_npo_s1
9,-4,real,-51.157856583595276,7.6011810302734375,-51.02921736240387,0.002189266986242197,forget,for_004,M_npo_s1
9,-3,real,-51.157856583595276,7.6011810302734375,-51.12999963760376,0.00047408785308187423,forget,for_004,M_npo_s1
9,-2,real,-51.157856583595276,7.6011810302734375,-51.1220942735672,0.0006086265446191601,forget,for_004,M_npo_s1
9,-1,real,-51.157856583595276,7.6011810302734375,-35.01873207092285,0.27466624996021305,forget,for_004,M_npo_s1
9,-11,random_position,-51.157856583595276,7.6011810302734375,-51.12462782859802,0.0005655088365404157,forget,for_004,M_npo_s1
10,-6,real,-51.157856583595276,7.6011810302734375,-45.78357481956482,0.09146306648769859,forget,for_004,M_npo_s1
10,-5,real,-51.157856583595276,7.6011810302734375,-48.46506655216217,0.045827674189094184,forget,for_004,M_npo_s1
10,-4,real,-51.157856583595276,7.6011810302734375,-50.87976777553558,0.0047326984809917295,forget,for_004,M_npo_s1
10,-3,real,-51.157856583595276,7.6011810302734375,-51.10462808609009,0.0009058776260934646,forget,for_004,M_npo_s1
10,-2,real,-51.157856583595276,7.6011810302734375,-51.02254390716553,0.002302840242533365,forget,for_004,M_npo_s1
10,-1,real,-51.157856583595276,7.6011810302734375,-18.842308044433594,0.5499672876115034,forget,for_004,M_npo_s1
10,-6,random_position,-51.157856583595276,7.6011810302734375,-45.78357481956482,0.09146306648769859,forget,for_004,M_npo_s1
11,-6,real,-51.157856583595276,7.6011810302734375,-51.157856583595276,0.0,forget,for_004,M_npo_s1
11,-5,real,-51.157856583595276,7.6011810302734375,-51.157856583595276,0.0,forget,for_004,M_npo_s1
11,-4,real,-51.157856583595276,7.6011810302734375,-51.157856583595276,0.0,forget,for_004,M_npo_s1
11,-3,real,-51.157856583595276,7.6011810302734375,-51.157856583595276,0.0,forget,for_004,M_npo_s1
11,-2,real,-51.157856583595276,7.6011810302734375,-51.157856583595276,0.0,forget,for_004,M_npo_s1
11,-1,real,-51.157856583595276,7.6011810302734375,7.159519195556641,0.9924835080244311,forget,for_004,M_npo_s1
11,-6,random_position,-51.157856583595276,7.6011810302734375,-51.157856583595276,0.0,forget,for_004,M_npo_s1
0,-6,real,-51.188446164131165,7.194385528564453,-50.78433081507683,0.006921818235563523,forget,for_004,M_npo_s1
0,-5,real,-51.188446164131165,7.194385528564453,-51.06076180934906,0.002187018873188354,forget,for_004,M_npo_s1
0,-4,real,-51.188446164131165,7.194385528564453,-51.12105971574783,0.0011542168550170227,forget,for_004,M_npo_s1
0,-3,real,-51.188446164131165,7.194385528564453,-51.15853524208069,0.0005123239346785278,forget,for_004,M_npo_s1
0,-2,real,-51.188446164131165,7.194385528564453,-51.18763583898544,1.3879510846384946e-05,forget,for_004,M_npo_s1
0,-1,real,-51.188446164131165,7.194385528564453,-51.21106457710266,-0.0003874154835543274,forget,for_004,M_npo_s1
0,-13,random_position,-51.188446164131165,7.194385528564453,-51.175026655197144,0.00022985368377909522,forget,for_004,M_npo_s1
1,-6,real,-51.188446164131165,7.194385528564453,-49.165945529937744,0.034642044168721936,forget,for_004,M_npo_s1
1,-5,real,-51.188446164131165,7.194385528564453,-51.03639578819275,0.0026043679542429392,forget,for_004,M_npo_s1
1,-4,real,-51.188446164131165,7.194385528564453,-50.927650928497314,0.00446698503776888,forget,for_004,M_npo_s1
1,-3,real,-51.188446164131165,7.194385528564453,-51.074856758117676,0.0019455960377423788,forget,for_004,M_npo_s1
1,-2,real,-51.188446164131165,7.194385528564453,-51.182267129421234,0.00010583650245768209,forget,for_004,M_npo_s1
1,-1,real,-51.188446164131165,7.194385528564453,-51.17708897590637,0.0001945295885025289,forget,for_004,M_npo_s1
1,-3,random_position,-51.188446164131165,7.194385528564453,-51.074856758117676,0.0019455960377423788,forget,for_004,M_npo_s1
2,-6,real,-51.188446164131165,7.194385528564453,-44.666977882385254,0.11170181528830886,forget,for_004,M_npo_s1
2,-5,real,-51.188446164131165,7.194385528564453,-51.0745415687561,0.0019509947029395602,forget,for_004,M_npo_s1
2,-4,real,-51.188446164131165,7.194385528564453,-50.72125416994095,0.008002215388409591,forget,for_004,M_npo_s1
2,-3,real,-51.188446164131165,7.194385528564453,-50.7952646613121,0.0067345397854049775,forget,for_004,M_npo_s1
2,-2,real,-51.188446164131165,7.194385528564453,-51.181389570236206,0.00012086761964718746,forget,for_004,M_npo_s1
2,-1,real,-51.188446164131165,7.194385528564453,-51.152477741241455,0.0006160787657411545,forget,for_004,M_npo_s1
2,-9,random_position,-51.188446164131165,7.194385528564453,-51.20245122909546,-0.00023988327661137807,forget,for_004,M_npo_s1
3,-6,real,-51.188446164131165,7.194385528564453,-39.025784492492676,0.2083259978833843,forget,for_004,M_npo_s1
3,-5,real,-51.188446164131165,7.194385528564453,-50.98418191075325,0.003498704113104372,forget,for_004,M_npo_s1
3,-4,real,-51.188446164131165,7.194385528564453,-50.60510838031769,0.009991597990380775,forget,for_004,M_npo_s1
3,-3,real,-51.188446164131165,7.194385528564453,-50.43630826473236,0.0128828608957812,forget,for_004,M_npo_s1
3,-2,real,-51.188446164131165,7.194385528564453,-51.18675088882446,2.9037223059424833e-05,forget,for_004,M_npo_s1
3,-1,real,-51.188446164131165,7.194385528564453,-51.122071862220764,0.0011368804832860581,forget,for_004,M_npo_s1
3,-13,random_position,-51.188446164131165,7.194385528564453,-51.17934334278107,0.00015591606446928348,forget,for_004,M_npo_s1
4,-6,real,-51.188446164131165,7.194385528564453,-31.075919151306152,0.3444938594052698,forget,for_004,M_npo_s1
4,-5,real,-51.188446164131165,7.194385528564453,-50.921191573143005,0.004577622962772391,forget,for_004,M_npo_s1
4,-4,real,-51.188446164131165,7.194385528564453,-50.1513757109642,0.01776327771536836,forget,for_004,M_npo_s1
4,-3,real,-51.188446164131165,7.194385528564453,-49.95451009273529,0.02113525561574044,forget,for_004,M_npo_s1
4,-2,real,-51.188446164131165,7.194385528564453,-51.20451399683952,-0.000275215028845013,forget,for_004,M_npo_s1
4,-1,real,-51.188446164131165,7.194385528564453,-51.02931097149849,0.002725718983113059,forget,for_004,M_npo_s1
4,-10,random_position,-51.188446164131165,7.194385528564453,-51.20571196079254,-0.00029573414239750055,forget,for_004,M_npo_s1
5,-6,real,-51.188446164131165,7.194385528564453,-21.549291610717773,0.5076690132027563,forget,for_004,M_npo_s1
5,-5,real,-51.188446164131165,7.194385528564453,-50.803952753543854,0.0065857273352401555,forget,for_004,M_npo_s1
5,-4,real,-51.188446164131165,7.194385528564453,-49.756152987480164,0.024532780187676264,forget,for_004,M_npo_s1
5,-3,real,-51.188446164131165,7.194385528564453,-49.435208797454834,0.030030015945521214,forget,for_004,M_npo_s1
5,-2,real,-51.188446164131165,7.194385528564453,-51.24538993835449,-0.0009753513588216718,forget,for_004,M_npo_s1
5,-1,real,-51.188446164131165,7.194385528564453,-50.854903757572174,0.005713022080097574,forget,for_004,M_npo_s1
5,-12,random_position,-51.188446164131165,7.194385528564453,-51.177582800388336,0.0001860712032607268,forget,for_004,M_npo_s1
6,-6,real,-51.188446164131165,7.194385528564453,-16.918087005615234,0.5869937816463184,forget,for_004,M_npo_s1
6,-5,real,-51.188446164131165,7.194385528564453,-50.80588120222092,0.006552696243373738,forget,for_004,M_npo_s1
6,-4,real,-51.188446164131165,7.194385528564453,-49.43276309967041,0.030071906647179826,forget,for_004,M_npo_s1
6,-3,real,-51.188446164131165,7.194385528564453,-49.114060163497925,0.03553075348506554,forget,for_004,M_npo_s1
6,-2,real,-51.188446164131165,7.194385528564453,-51.24206471443176,-0.0009183958493624497,forget,for_004,M_npo_s1
6,-1,real,-51.188446164131165,7.194385528564453,-50.217371344566345,0.016632883185183227,forget,for_004,M_npo_s1
6,-2,random_position,-51.188446164131165,7.194385528564453,-51.24206471443176,-0.0009183958493624497,forget,for_004,M_npo_s1
7,-6,real,-51.188446164131165,7.194385528564453,-10.159767150878906,0.70275246718438,forget,for_004,M_npo_s1
7,-5,real,-51.188446164131165,7.194385528564453,-50.88294538855553,0.0052327159666333825,forget,for_004,M_npo_s1
7,-4,real,-51.188446164131165,7.194385528564453,-48.96737289428711,0.03804326041489244,forget,for_004,M_npo_s1
7,-3,real,-51.188446164131165,7.194385528564453,-48.77183771133423,0.0413924501901007,forget,for_004,M_npo_s1
7,-2,real,-51.188446164131165,7.194385528564453,-51.2417129278183,-0.0009123703346132505,forget,for_004,M_npo_s1
7,-1,real,-51.188446164131165,7.194385528564453,-49.16012525558472,0.03474173570790015,forget,for_004,M_npo_s1
7,-8,random_position,-51.188446164131165,7.194385528564453,-51.17542815208435,0.0002229767154038654,forget,for_004,M_npo_s1
8,-6,real,-51.188446164131165,7.194385528564453,-13.847183227539062,0.6395932135176638,forget,for_004,M_npo_s1
8,-5,real,-51.188446164131165,7.194385528564453,-51.05449524521828,0.002294354607840072,forget,for_004,M_npo_s1
8,-4,real,-51.188446164131165,7.194385528564453,-48.62796068191528,0.04385682242501143,forget,for_004,M_npo_s1
8,-3,real,-51.188446164131165,7.194385528564453,-47.79310178756714,0.05815655524274311,forget,for_004,M_npo_s1
8,-2,real,-51.188446164131165,7.194385528564453,-51.23481523990631,-0.0007942245079720551,forget,for_004,M_npo_s1
8,-1,real,-51.188446164131165,7.194385528564453,-45.599976539611816,0.09572111291098152,forget,for_004,M_npo_s1
8,-5,random_position,-51.188446164131165,7.194385528564453,-51.05449524521828,0.002294354607840072,forget,for_004,M_npo_s1
9,-6,real,-51.188446164131165,7.194385528564453,-32.63417053222656,0.3178036264079661,forget,for_004,M_npo_s1
9,-5,real,-51.188446164131165,7.194385528564453,-50.65661898255348,0.009109307756379696,forget,for_004,M_npo_s1
9,-4,real,-51.188446164131165,7.194385528564453,-44.92800569534302,0.10723084659100908,forget,for_004,M_npo_s1
9,-3,real,-51.188446164131165,7.194385528564453,-48.128811836242676,0.0524064050882836,forget,for_004,M_npo_s1
9,-2,real,-51.188446164131165,7.194385528564453,-51.131959438323975,0.0009675228859147149,forget,for_004,M_npo_s1
9,-1,real,-51.188446164131165,7.194385528564453,-35.67665672302246,0.26569094015097955,forget,for_004,M_npo_s1
9,-12,random_position,-51.188446164131165,7.194385528564453,-51.17979085445404,0.0001482509399797904,forget,for_004,M_npo_s1
10,-6,real,-51.188446164131165,7.194385528564453,-45.02898693084717,0.10550120737043006,forget,for_004,M_npo_s1
10,-5,real,-51.188446164131165,7.194385528564453,-49.666823744773865,0.026062840311797907,forget,for_004,M_npo_s1
10,-4,real,-51.188446164131165,7.194385528564453,-47.386414766311646,0.06512242191046719,forget,for_004,M_npo_s1
10,-3,real,-51.188446164131165,7.194385528564453,-48.493159890174866,0.04616573392916656,forget,for_004,M_npo_s1
10,-2,real,-51.188446164131165,7.194385528564453,-51.06349062919617,0.00214027876538628,forget,for_004,M_npo_s1
10,-1,real,-51.188446164131165,7.194385528564453,-17.558494567871094,0.5760246740561502,forget,for_004,M_npo_s1
10,-6,random_position,-51.188446164131165,7.194385528564453,-45.02898693084717,0.10550120737043006,forget,for_004,M_npo_s1
11,-6,real,-51.188446164131165,7.194385528564453,-51.188446164131165,0.0,forget,for_004,M_npo_s1
11,-5,real,-51.188446164131165,7.194385528564453,-51.188446164131165,0.0,forget,for_004,M_npo_s1
11,-4,real,-51.188446164131165,7.194385528564453,-51.188446164131165,0.0,forget,for_004,M_npo_s1
11,-3,real,-51.188446164131165,7.194385528564453,-51.188446164131165,0.0,forget,for_004,M_npo_s1
11,-2,real,-51.188446164131165,7.194385528564453,-51.188446164131165,0.0,forget,for_004,M_npo_s1
11,-1,real,-51.188446164131165,7.194385528564453,6.763706207275391,0.9926231854673307,forget,for_004,M_npo_s1
11,-6,random_position,-51.188446164131165,7.194385528564453,-51.188446164131165,0.0,forget,for_004,M_npo_s1
0,-6,real,-50.85994744300842,8.54665756225586,-50.77148222923279,0.0014891477768809625,forget,for_004,M_npo_s1
0,-5,real,-50.85994744300842,8.54665756225586,-50.76238441467285,0.0016422926091623278,forget,for_004,M_npo_s1
0,-4,real,-50.85994744300842,8.54665756225586,-50.81709003448486,0.0007214249748788335,forget,for_004,M_npo_s1
0,-3,real,-50.85994744300842,8.54665756225586,-50.86777472496033,-0.0001317577725778251,forget,for_004,M_npo_s1
0,-2,real,-50.85994744300842,8.54665756225586,-50.855279207229614,7.858109007230629e-05,forget,for_004,M_npo_s1
0,-1,real,-50.85994744300842,8.54665756225586,-50.876787424087524,-0.00028346984443243804,forget,for_004,M_npo_s1
0,-11,random_position,-50.85994744300842,8.54665756225586,-50.853158712387085,0.00011427568737072773,forget,for_004,M_npo_s1
1,-6,real,-50.85994744300842,8.54665756225586,-50.75878095626831,0.001702950147229378,forget,for_004,M_npo_s1
1,-5,real,-50.85994744300842,8.54665756225586,-50.60183644294739,0.0043448199074524255,forget,for_004,M_npo_s1
1,-4,real,-50.85994744300842,8.54665756225586,-50.737934589385986,0.0020538600650823998,forget,for_004,M_npo_s1
1,-3,real,-50.85994744300842,8.54665756225586,-50.85981106758118,2.295627350426925e-06,forget,for_004,M_npo_s1
1,-2,real,-50.85994744300842,8.54665756225586,-50.831884145736694,0.00047239355403732805,forget,for_004,M_npo_s1
1,-1,real,-50.85994744300842,8.54665756225586,-50.88424110412598,-0.0004089387218037614,forget,for_004,M_npo_s1
1,-3,random_position,-50.85994744300842,8.54665756225586,-50.85981106758118,2.295627350426925e-06,forget,for_004,M_npo_s1
2,-6,real,-50.85994744300842,8.54665756225586,-50.72510004043579,0.002269905889432369,forget,for_004,M_npo_s1
2,-5,real,-50.85994744300842,8.54665756225586,-50.36373949050903,0.008352740447891584,forget,for_004,M_npo_s1
2,-4,real,-50.85994744300842,8.54665756225586,-50.52439880371094,0.0056483389223765754,forget,for_004,M_npo_s1
2,-3,real,-50.85994744300842,8.54665756225586,-50.844690799713135,0.00025681728982721914,forget,for_004,M_npo_s1
2,-2,real,-50.85994744300842,8.54665756225586,-50.812190771102905,0.0008038949861094679,forget,for_004,M_npo_s1
2,-1,real,-50.85994744300842,8.54665756225586,-50.82076454162598,0.0006595714631222255,forget,for_004,M_npo_s1
2,-8,random_position,-50.85994744300842,8.54665756225586,-49.35484057664871,0.02533568222298407,forget,for_004,M_npo_s1
3,-6,real,-50.85994744300842,8.54665756225586,-50.68327522277832,0.002973949112467323,forget,for_004,M_npo_s1
3,-5,real,-50.85994744300842,8.54665756225586,-50.17891502380371,0.011463917507899376,forget,for_004,M_npo_s1
3,-4,real,-50.85994744300842,8.54665756225586,-50.16729485988617,0.011659521412827318,forget,for_004,M_npo_s1
3,-3,real,-50.85994744300842,8.54665756225586,-50.846759557724,0.0002219935861215296,forget,for_004,M_npo_s1
3,-2,real,-50.85994744300842,8.54665756225586,-50.78954005241394,0.0011851778196758308,forget,for_004,M_npo_s1
3,-1,real,-50.85994744300842,8.54665756225586,-50.773772954940796,0.001450587658729036,forget,for_004,M_npo_s1
3,-11,random_position,-50.85994744300842,8.54665756225586,-50.80479550361633,0.0009283805965212553,forget,for_004,M_npo_s1
4,-6,real,-50.85994744300842,8.54665756225586,-50.63714361190796,0.0037504892104290462,forget,for_004,M_npo_s1
4,-5,real,-50.85994744300842,8.54665756225586,-49.71916878223419,0.019202892686312263,forget,for_004,M_npo_s1
4,-4,real,-50.85994744300842,8.54665756225586,-49.789363741874695,0.01802129074770152,forget,for_004,M_npo_s1
4,-3,real,-50.85994744300842,8.54665756225586,-50.86120414733887,-2.115428630087469e-05,forget,for_004,M_npo_s1
4,-2,real,-50.85994744300842,8.54665756225586,-50.84443736076355,0.00026108346443124683,forget,for_004,M_npo_s1
4,-1,real,-50.85994744300842,8.54665756225586,-50.64893174171448,0.0035520579113256226,forget,for_004,M_npo_s1
4,-8,random_position,-50.85994744300842,8.54665756225586,-50.25239539146423,0.010227011819482894,forget,for_004,M_npo_s1
5,-6,real,-50.85994744300842,8.54665756225586,-50.49200677871704,0.006193598578117315,forget,for_004,M_npo_s1
5,-5,real,-50.85994744300842,8.54665756225586,-49.401883363723755,0.024543804163787215,forget,for_004,M_npo_s1
5,-4,real,-50.85994744300842,8.54665756225586,-49.445152044296265,0.023815456186846343,forget,for_004,M_npo_s1
5,-3,real,-50.85994744300842,8.54665756225586,-50.873350620269775,-0.00022561762720096231,forget,for_004,M_npo_s1
5,-2,real,-50.85994744300842,8.54665756225586,-50.83291292190552,0.00045507601554590815,forget,for_004,M_npo_s1
5,-1,real,-50.85994744300842,8.54665756225586,-50.473888754844666,0.006498581902290948,forget,for_004,M_npo_s1
5,-10,random_position,-50.85994744300842,8.54665756225586,-50.81599164009094,0.0007399144070526391,forget,for_004,M_npo_s1
6,-6,real,-50.85994744300842,8.54665756225586,-50.464327335357666,0.006659530663563407,forget,for_004,M_npo_s1
6,-5,real,-50.85994744300842,8.54665756225586,-49.08926123380661,0.029806217827881332,forget,for_004,M_npo_s1
6,-4,real,-50.85994744300842,8.54665756225586,-49.32817843556404,0.025784489911662937,forget,for_004,M_npo_s1
6,-3,real,-50.85994744300842,8.54665756225586,-50.92623686790466,-0.0011158595056958067,forget,for_004,M_npo_s1
6,-2,real,-50.85994744300842,8.54665756225586,-50.77008676528931,0.0015126378238775513,forget,for_004,M_npo_s1
6,-1,real,-50.85994744300842,8.54665756225586,-49.74393901228905,0.01878593181045241,forget,for_004,M_npo_s1
6,-2,random_position,-50.85994744300842,8.54665756225586,-50.77008676528931,0.0015126378238775513,forget,for_004,M_npo_s1
7,-6,real,-50.85994744300842,8.54665756225586,-50.50833487510681,0.0059187453629180355,forget,for_004,M_npo_s1
7,-5,real,-50.85994744300842,8.54665756225586,-48.70844346284866,0.036216578610561996,forget,for_004,M_npo_s1
7,-4,real,-50.85994744300842,8.54665756225586,-49.03824895992875,0.0306649148342721,forget,for_004,M_npo_s1
7,-3,real,-50.85994744300842,8.54665756225586,-50.897674798965454,-0.0006350700558243997,forget,for_004,M_npo_s1
7,-2,real,-50.85994744300842,8.54665756225586,-50.73681640625,0.002072682604022089,forget,for_004,M_npo_s1
7,-1,real,-50.85994744300842,8.54665756225586,-48.57851266860962,0.03840372251867676,forget,for_004,M_npo_s1
7,-7,random_position,-50.85994744300842,8.54665756225586,-8.438741683959961,0.7140823104651298,forget,for_004,M_npo_s1
8,-6,real,-50.85994744300842,8.54665756225586,-50.651251554489136,0.0035130081663611924,forget,for_004,M_npo_s1
8,-5,real,-50.85994744300842,8.54665756225586,-48.277363523840904,0.0434730097594142,forget,for_004,M_npo_s1
8,-4,real,-50.85994744300842,8.54665756225586,-48.1046000123024,0.04638116301145068,forget,for_004,M_npo_s1
8,-3,real,-50.85994744300842,8.54665756225586,-50.767192125320435,0.0015613637183907213,forget,for_004,M_npo_s1
8,-2,real,-50.85994744300842,8.54665756225586,-50.579062938690186,0.004728169608301079,forget,for_004,M_npo_s1
8,-1,real,-50.85994744300842,8.54665756225586,-44.80810308456421,0.10187157400945455,forget,for_004,M_npo_s1
8,-5,random_position,-50.85994744300842,8.54665756225586,-48.277363523840904,0.0434730097594142,forget,for_004,M_npo_s1
9,-6,real,-50.85994744300842,8.54665756225586,-50.28421223163605,0.009691434333292687,forget,for_004,M_npo_s1
9,-5,real,-50.85994744300842,8.54665756225586,-44.16568565368652,0.11268547981707912,forget,for_004,M_npo_s1
9,-4,real,-50.85994744300842,8.54665756225586,-48.272023633122444,0.04356289691452072,forget,for_004,M_npo_s1
9,-3,real,-50.85994744300842,8.54665756225586,-49.80164575576782,0.017814545826121856,forget,for_004,M_npo_s1
9,-2,real,-50.85994744300842,8.54665756225586,-49.92174446582794,0.015792906817303273,forget,for_004,M_npo_s1
9,-1,real,-50.85994744300842,8.54665756225586,-35.50793266296387,0.2584226918653935,forget,for_004,M_npo_s1
9,-10,random_position,-50.85994744300842,8.54665756225586,-50.82915186882019,0.0005183863677364409,forget,for_004,M_npo_s1
10,-6,real,-50.85994744300842,8.54665756225586,-49.13189923763275,0.029088486124102555,forget,for_004,M_npo_s1
10,-5,real,-50.85994744300842,8.54665756225586,-45.05645680427551,0.09769099981758993,forget,for_004,M_npo_s1
10,-4,real,-50.85994744300842,8.54665756225586,-48.06432384252548,0.047059137620054335,forget,for_004,M_npo_s1
10,-3,real,-50.85994744300842,8.54665756225586,-48.61131548881531,0.037851547887543045,forget,for_004,M_npo_s1
10,-2,real,-50.85994744300842,8.54665756225586,-50.092660665512085,0.012915849633695534,forget,for_004,M_npo_s1
10,-1,real,-50.85994744300842,8.54665756225586,-17.17308807373047,0.5670557906194574,forget,for_004,M_npo_s1
10,-5,random_position,-50.85994744300842,8.54665756225586,-45.05645680427551,0.09769099981758993,forget,for_004,M_npo_s1
11,-6,real,-50.85994744300842,8.54665756225586,-50.85994744300842,0.0,forget,for_004,M_npo_s1
11,-5,real,-50.85994744300842,8.54665756225586,-50.85994744300842,0.0,forget,for_004,M_npo_s1
11,-4,real,-50.85994744300842,8.54665756225586,-50.85994744300842,0.0,forget,for_004,M_npo_s1
11,-3,real,-50.85994744300842,8.54665756225586,-50.85994744300842,0.0,forget,for_004,M_npo_s1
11,-2,real,-50.85994744300842,8.54665756225586,-50.85994744300842,0.0,forget,for_004,M_npo_s1
11,-1,real,-50.85994744300842,8.54665756225586,8.143033981323242,0.993205745709642,forget,for_004,M_npo_s1
11,-6,random_position,-50.85994744300842,8.54665756225586,-50.85994744300842,0.0,forget,for_004,M_npo_s1
0,-6,real,3.9026565551757812,3.851350784301758,3.902872085571289,-0.004200899661697461,retain,ret_000,M_npo_s1
0,-5,real,3.9026565551757812,3.851350784301758,3.8468780517578125,1.0871779620060225,retain,ret_000,M_npo_s1
0,-4,real,3.9026565551757812,3.851350784301758,3.898160934448242,0.08762407524443287,retain,ret_000,M_npo_s1
0,-3,real,3.9026565551757812,3.851350784301758,3.889596939086914,0.2545447786163054,retain,ret_000,M_npo_s1
0,-2,real,3.9026565551757812,3.851350784301758,3.901172637939453,0.028923008290271012,retain,ret_000,M_npo_s1
0,-1,real,3.9026565551757812,3.851350784301758,3.9049758911132812,-0.04520614149224878,retain,ret_000,M_npo_s1
0,-14,random_position,3.9026565551757812,3.851350784301758,3.9263839721679688,-0.46247072381872933,retain,ret_000,M_npo_s1
1,-6,real,3.9026565551757812,3.851350784301758,3.874591827392578,0.5470091824974906,retain,ret_000,M_npo_s1
1,-5,real,3.9026565551757812,3.851350784301758,3.849874496459961,1.0287743038774675,retain,ret_000,M_npo_s1
1,-4,real,3.9026565551757812,3.851350784301758,3.8982086181640625,0.08669467266441132,retain,ret_000,M_npo_s1
1,-3,real,3.9026565551757812,3.851350784301758,3.896190643310547,0.12602698985092384,retain,ret_000,M_npo_s1
1,-2,real,3.9026565551757812,3.851350784301758,3.8693904876708984,0.6483884159262426,retain,ret_000,M_npo_s1
1,-1,real,3.9026565551757812,3.851350784301758,3.875499725341797,0.5293133573738801,retain,ret_000,M_npo_s1
1,-3,random_position,3.9026565551757812,3.851350784301758,3.896190643310547,0.12602698985092384,retain,ret_000,M_npo_s1
2,-6,real,3.9026565551757812,3.851350784301758,3.854442596435547,0.9397375367114019,retain,ret_000,M_npo_s1
2,-5,real,3.9026565551757812,3.851350784301758,3.8442001342773438,1.1393732109000334,retain,ret_000,M_npo_s1
2,-4,real,3.9026565551757812,3.851350784301758,3.8657684326171875,0.7189858359046805,retain,ret_000,M_npo_s1
2,-3,real,3.9026565551757812,3.851350784301758,3.885183334350586,0.34057028142310125,retain,ret_000,M_npo_s1
2,-2,real,3.9026565551757812,3.851350784301758,3.8252334594726562,1.50905238112941,retain,ret_000,M_npo_s1
2,-1,real,3.9026565551757812,3.851350784301758,3.810199737548828,1.8020744265586082,retain,ret_000,M_npo_s1
2,-9,random_position,3.9026565551757812,3.851350784301758,2.9697227478027344,18.183798654225065,retain,ret_000,M_npo_s1
3,-6,real,3.9026565551757812,3.851350784301758,3.844045639038086,1.1423844752593033,retain,ret_000,M_npo_s1
3,-5,real,3.9026565551757812,3.851350784301758,3.8088035583496094,1.8292873341016396,retain,ret_000,M_npo_s1
3,-4,real,3.9026565551757812,3.851350784301758,3.864665985107422,0.740473623554779,retain,ret_000,M_npo_s1
3,-3,real,3.9026565551757812,3.851350784301758,3.836750030517578,1.2845830700026024,retain,ret_000,M_npo_s1
3,-2,real,3.9026565551757812,3.851350784301758,3.877004623413086,0.49998141194839957,retain,ret_000,M_npo_s1
3,-1,real,3.9026565551757812,3.851350784301758,3.7114944458007812,3.725937767203242,retain,ret_000,M_npo_s1
3,-14,random_position,3.9026565551757812,3.851350784301758,3.997936248779297,-1.8570950592958846,retain,ret_000,M_npo_s1
4,-6,real,3.9026565551757812,3.851350784301758,3.8474674224853516,1.075690546116956,retain,ret_000,M_npo_s1
4,-5,real,3.9026565551757812,3.851350784301758,3.774078369140625,2.506115468976542,retain,ret_000,M_npo_s1
4,-4,real,3.9026565551757812,3.851350784301758,3.7962112426757812,2.0747239674337337,retain,ret_000,M_npo_s1
4,-3,real,3.9026565551757812,3.851350784301758,3.811614990234375,1.7744897579835681,retain,ret_000,M_npo_s1
4,-2,real,3.9026565551757812,3.851350784301758,3.8852310180664062,0.33964087884307964,retain,ret_000,M_npo_s1
4,-1,real,3.9026565551757812,3.851350784301758,3.718994140625,3.5797613294174506,retain,ret_000,M_npo_s1
4,-11,random_position,3.9026565551757812,3.851350784301758,4.031047821044922,-2.5024722108628574,retain,ret_000,M_npo_s1
5,-6,real,3.9026565551757812,3.851350784301758,3.7845420837402344,2.3021673668166103,retain,ret_000,M_npo_s1
5,-5,real,3.9026565551757812,3.851350784301758,3.7139244079589844,3.678575411725343,retain,ret_000,M_npo_s1
5,-4,real,3.9026565551757812,3.851350784301758,3.737194061279297,3.2250269526748205,retain,ret_000,M_npo_s1
5,-3,real,3.9026565551757812,3.851350784301758,3.762777328491211,2.7263838804416523,retain,ret_000,M_npo_s1
5,-2,real,3.9026565551757812,3.851350784301758,3.8924179077148438,0.1995613219822298,retain,ret_000,M_npo_s1
5,-1,real,3.9026565551757812,3.851350784301758,3.557342529296875,6.730510427896948,retain,ret_000,M_npo_s1
5,-12,random_position,3.9026565551757812,3.851350784301758,3.836019515991211,1.2988215175285327,retain,ret_000,M_npo_s1
6,-6,real,3.9026565551757812,3.851350784301758,3.8697280883789062,0.64180824565969,retain,ret_000,M_npo_s1
6,-5,real,3.9026565551757812,3.851350784301758,3.618816375732422,5.53232462173315,retain,ret_000,M_npo_s1
6,-4,real,3.9026565551757812,3.851350784301758,3.835651397705078,1.3059965054462992,retain,ret_000,M_npo_s1
6,-3,real,3.9026565551757812,3.851350784301758,3.7325592041015625,3.3153648834529164,retain,ret_000,M_npo_s1
6,-2,real,3.9026565551757812,3.851350784301758,3.9277400970458984,-0.48890293319454253,retain,ret_000,M_npo_s1
6,-1,real,3.9026565551757812,3.851350784301758,3.068836212158203,16.251979627495444,retain,ret_000,M_npo_s1
6,-2,random_position,3.9026565551757812,3.851350784301758,3.9277400970458984,-0.48890293319454253,retain,ret_000,M_npo_s1
7,-6,real,3.9026565551757812,3.851350784301758,3.9020004272460938,0.012788579501096695,retain,ret_000,M_npo_s1
7,-5,real,3.9026565551757812,3.851350784301758,3.388134002685547,10.028551247258262,retain,ret_000,M_npo_s1
7,-4,real,3.9026565551757812,3.851350784301758,3.756549835205078,2.847763857392468,retain,ret_000,M_npo_s1
7,-3,real,3.9026565551757812,3.851350784301758,3.645843505859375,5.005539239376929,retain,ret_000,M_npo_s1
7,-2,real,3.9026565551757812,3.851350784301758,3.942462921142578,-0.7758652738020001,retain,ret_000,M_npo_s1
7,-1,real,3.9026565551757812,3.851350784301758,2.8623123168945312,20.277333729878436,retain,ret_000,M_npo_s1
7,-9,random_position,3.9026565551757812,3.851350784301758,4.309333801269531,-7.9265400200750955,retain,ret_000,M_npo_s1
8,-6,real,3.9026565551757812,3.851350784301758,4.023977279663086,-2.36466039629726,retain,ret_000,M_npo_s1
8,-5,real,3.9026565551757812,3.851350784301758,3.4272079467773438,9.266961597085393,retain,ret_000,M_npo_s1
8,-4,real,3.9026565551757812,3.851350784301758,3.824726104736328,1.5189412245808394,retain,ret_000,M_npo_s1
8,-3,real,3.9026565551757812,3.851350784301758,3.417510986328125,9.455964905758579,retain,ret_000,M_npo_s1
8,-2,real,3.9026565551757812,3.851350784301758,3.8963241577148438,0.12342466262686345,retain,ret_000,M_npo_s1
8,-1,real,3.9026565551757812,3.851350784301758,3.7133445739746094,3.689876947098405,retain,ret_000,M_npo_s1
8,-5,random_position,3.9026565551757812,3.851350784301758,3.4272079467773438,9.266961597085393,retain,ret_000,M_npo_s1
9,-6,real,3.9026565551757812,3.851350784301758,4.057403564453125,-3.0161716048923752,retain,ret_000,M_npo_s1
9,-5,real,3.9026565551757812,3.851350784301758,3.541637420654297,7.03661846165285,retain,ret_000,M_npo_s1
9,-4,real,3.9026565551757812,3.851350784301758,3.9214630126953125,-0.36655637756050413,retain,ret_000,M_npo_s1
9,-3,real,3.9026565551757812,3.851350784301758,3.894775390625,0.1536116584259638,retain,ret_000,M_npo_s1
9,-2,real,3.9026565551757812,3.851350784301758,3.9464282989501953,-0.8531543923565932,retain,ret_000,M_npo_s1
9,-1,real,3.9026565551757812,3.851350784301758,4.649101257324219,-14.548942339863935,retain,ret_000,M_npo_s1
9,-13,random_position,3.9026565551757812,3.851350784301758,3.888700485229492,0.2720175471207108,retain,ret_000,M_npo_s1
10,-6,real,3.9026565551757812,3.851350784301758,4.062616348266602,-3.117773894940332,retain,ret_000,M_npo_s1
10,-5,real,3.9026565551757812,3.851350784301758,4.0277557373046875,-2.438306256738169,retain,ret_000,M_npo_s1
10,-4,real,3.9026565551757812,3.851350784301758,3.895570755004883,0.13810922339120413,retain,ret_000,M_npo_s1
10,-3,real,3.9026565551757812,3.851350784301758,4.253349304199219,-6.83534703892338,retain,ret_000,M_npo_s1
10,-2,real,3.9026565551757812,3.851350784301758,3.9020957946777344,0.01092977434105357,retain,ret_000,M_npo_s1
10,-1,real,3.9026565551757812,3.851350784301758,6.082916259765625,-42.49540875125469,retain,ret_000,M_npo_s1
10,-6,random_position,3.9026565551757812,3.851350784301758,4.062616348266602,-3.117773894940332,retain,ret_000,M_npo_s1
11,-6,real,3.9026565551757812,3.851350784301758,3.9026565551757812,-0.0,retain,ret_000,M_npo_s1
11,-5,real,3.9026565551757812,3.851350784301758,3.9026565551757812,-0.0,retain,ret_000,M_npo_s1
11,-4,real,3.9026565551757812,3.851350784301758,3.9026565551757812,-0.0,retain,ret_000,M_npo_s1
11,-3,real,3.9026565551757812,3.851350784301758,3.9026565551757812,-0.0,retain,ret_000,M_npo_s1
11,-2,real,3.9026565551757812,3.851350784301758,3.9026565551757812,-0.0,retain,ret_000,M_npo_s1
11,-1,real,3.9026565551757812,3.851350784301758,4.569183349609375,-12.991263615747798,retain,ret_000,M_npo_s1
11,-7,random_position,3.9026565551757812,3.851350784301758,3.9026565551757812,-0.0,retain,ret_000,M_npo_s1
0,-6,real,4.745841979980469,4.0034332275390625,4.466312408447266,0.376517074474098,retain,ret_000,M_npo_s1
0,-5,real,4.745841979980469,4.0034332275390625,5.580219268798828,-1.1238785723828217,retain,ret_000,M_npo_s1
0,-4,real,4.745841979980469,4.0034332275390625,4.837005615234375,-0.12279439722944435,retain,ret_000,M_npo_s1
0,-3,real,4.745841979980469,4.0034332275390625,4.714366912841797,0.04239587294083795,retain,ret_000,M_npo_s1
0,-2,real,4.745841979980469,4.0034332275390625,4.7446441650390625,0.0016134170528933603,retain,ret_000,M_npo_s1
0,-1,real,4.745841979980469,4.0034332275390625,4.746574401855469,-0.0009865480068647298,retain,ret_000,M_npo_s1
0,-11,random_position,4.745841979980469,4.0034332275390625,4.7476806640625,-0.002476646558899999,retain,ret_000,M_npo_s1
1,-6,real,4.745841979980469,4.0034332275390625,4.414180755615234,0.4467366841710428,retain,ret_000,M_npo_s1
1,-5,real,4.745841979980469,4.0034332275390625,5.829364776611328,-1.4594693193846406,retain,ret_000,M_npo_s1
1,-4,real,4.745841979980469,4.0034332275390625,5.060829162597656,-0.4242773022022629,retain,ret_000,M_npo_s1
1,-3,real,4.745841979980469,4.0034332275390625,4.680717468261719,0.08772056027705556,retain,ret_000,M_npo_s1
1,-2,real,4.745841979980469,4.0034332275390625,4.718173980712891,0.037267878613488986,retain,ret_000,M_npo_s1
1,-1,real,4.745841979980469,4.0034332275390625,4.682727813720703,0.08501269152904664,retain,ret_000,M_npo_s1
1,-3,random_position,4.745841979980469,4.0034332275390625,4.680717468261719,0.08772056027705556,retain,ret_000,M_npo_s1
2,-6,real,4.745841979980469,4.0034332275390625,3.8787879943847656,1.1678930006474222,retain,ret_000,M_npo_s1
2,-5,real,4.745841979980469,4.0034332275390625,6.030067443847656,-1.729809164619922,retain,ret_000,M_npo_s1
2,-4,real,4.745841979980469,4.0034332275390625,5.142841339111328,-0.5347449876167673,retain,ret_000,M_npo_s1
2,-3,real,4.745841979980469,4.0034332275390625,4.661506652832031,0.11359689237377837,retain,ret_000,M_npo_s1
2,-2,real,4.745841979980469,4.0034332275390625,4.648174285888672,0.1315551490612379,retain,ret_000,M_npo_s1
2,-1,real,4.745841979980469,4.0034332275390625,4.540901184082031,0.2760484641708372,retain,ret_000,M_npo_s1
2,-8,random_position,4.745841979980469,4.0034332275390625,4.338016510009766,0.5493274003432365,retain,ret_000,M_npo_s1
3,-6,real,4.745841979980469,4.0034332275390625,4.310356140136719,0.5865850024149873,retain,ret_000,M_npo_s1
3,-5,real,4.745841979980469,4.0034332275390625,4.948978424072266,-0.273618062049759,retain,ret_000,M_npo_s1
3,-4,real,4.745841979980469,4.0034332275390625,5.122257232666016,-0.507018878007173,retain,ret_000,M_npo_s1
3,-3,real,4.745841979980469,4.0034332275390625,4.662525177001953,0.11222497405173211,retain,ret_000,M_npo_s1
3,-2,real,4.745841979980469,4.0034332275390625,4.5885162353515625,0.21191256718289161,retain,ret_000,M_npo_s1
3,-1,real,4.745841979980469,4.0034332275390625,4.367702484130859,0.5093413764400004,retain,ret_000,M_npo_s1
3,-11,random_position,4.745841979980469,4.0034332275390625,4.805652618408203,-0.08056294895641719,retain,ret_000,M_npo_s1
4,-6,real,4.745841979980469,4.0034332275390625,4.424507141113281,0.4328273849284239,retain,ret_000,M_npo_s1
4,-5,real,4.745841979980469,4.0034332275390625,4.2376708984375,0.6844896155545735,retain,ret_000,M_npo_s1
4,-4,real,4.745841979980469,4.0034332275390625,4.977466583251953,-0.31199066890010174,retain,ret_000,M_npo_s1
4,-3,real,4.745841979980469,4.0034332275390625,4.660209655761719,0.115343904469268,retain,ret_000,M_npo_s1
4,-2,real,4.745841979980469,4.0034332275390625,4.581348419189453,0.22156737814590635,retain,ret_000,M_npo_s1
4,-1,real,4.745841979980469,4.0034332275390625,4.051151275634766,0.935725369698589,retain,ret_000,M_npo_s1
4,-8,random_position,4.745841979980469,4.0034332275390625,4.867881774902344,-0.1643835616438356,retain,ret_000,M_npo_s1
5,-6,real,4.745841979980469,4.0034332275390625,5.007453918457031,-0.3523826162019957,retain,ret_000,M_npo_s1
5,-5,real,4.745841979980469,4.0034332275390625,3.075183868408203,2.250321141929318,retain,ret_000,M_npo_s1
5,-4,real,4.745841979980469,4.0034332275390625,4.947116851806641,-0.2711105858656445,retain,ret_000,M_npo_s1
5,-3,real,4.745841979980469,4.0034332275390625,4.657108306884766,0.11952131868583585,retain,ret_000,M_npo_s1
5,-2,real,4.745841979980469,4.0034332275390625,4.518474578857422,0.3062563586102005,retain,ret_000,M_npo_s1
5,-1,real,4.745841979980469,4.0034332275390625,3.6697921752929688,1.449403446752099,retain,ret_000,M_npo_s1
5,-10,random_position,4.745841979980469,4.0034332275390625,4.692035675048828,0.07247531060847404,retain,ret_000,M_npo_s1
6,-6,real,4.745841979980469,4.0034332275390625,5.164344787597656,-0.5637094205058114,retain,ret_000,M_npo_s1
6,-5,real,4.745841979980469,4.0034332275390625,2.8732070922851562,2.5223771696348747,retain,ret_000,M_npo_s1
6,-4,real,4.745841979980469,4.0034332275390625,4.921550750732422,-0.23667389450102252,retain,ret_000,M_npo_s1
6,-3,real,4.745841979980469,4.0034332275390625,4.737239837646484,0.011586800809791489,retain,ret_000,M_npo_s1
6,-2,real,4.745841979980469,4.0034332275390625,4.524585723876953,0.2980248486779229,retain,ret_000,M_npo_s1
6,-1,real,4.745841979980469,4.0034332275390625,3.1731834411621094,2.1183189633024693,retain,ret_000,M_npo_s1
6,-2,random_position,4.745841979980469,4.0034332275390625,4.524585723876953,0.2980248486779229,retain,ret_000,M_npo_s1
7,-6,real,4.745841979980469,4.0034332275390625,5.104335784912109,-0.48287928146420167,retain,ret_000,M_npo_s1
7,-5,real,4.745841979980469,4.0034332275390625,3.4015235900878906,1.8107523456206518,retain,ret_000,M_npo_s1
7,-4,real,4.745841979980469,4.0034332275390625,4.723686218261719,0.029843077207658077,retain,ret_000,M_npo_s1
7,-3,real,4.745841979980469,4.0034332275390625,4.823444366455078,-0.10452784428983958,retain,ret_000,M_npo_s1
7,-2,real,4.745841979980469,4.0034332275390625,4.480541229248047,0.35735132413240295,retain,ret_000,M_npo_s1
7,-1,real,4.745841979980469,4.0034332275390625,2.864673614501953,2.5338714815690224,retain,ret_000,M_npo_s1
7,-7,random_position,4.745841979980469,4.0034332275390625,12.663261413574219,-10.664501741873824,retain,ret_000,M_npo_s1
8,-6,real,4.745841979980469,4.0034332275390625,5.358024597167969,-0.8245897090711034,retain,ret_000,M_npo_s1
8,-5,real,4.745841979980469,4.0034332275390625,2.6866722106933594,2.7736334768623663,retain,ret_000,M_npo_s1
8,-4,real,4.745841979980469,4.0034332275390625,4.959938049316406,-0.28838031425664634,retain,ret_000,M_npo_s1
8,-3,real,4.745841979980469,4.0034332275390625,5.017169952392578,-0.36546979210556063,retain,ret_000,M_npo_s1
8,-2,real,4.745841979980469,4.0034332275390625,4.238529205322266,0.683333504609029,retain,ret_000,M_npo_s1
8,-1,real,4.745841979980469,4.0034332275390625,4.432037353515625,0.4226844382328459,retain,ret_000,M_npo_s1
8,-5,random_position,4.745841979980469,4.0034332275390625,2.6866722106933594,2.7736334768623663,retain,ret_000,M_npo_s1
9,-6,real,4.745841979980469,4.0034332275390625,5.264675140380859,-0.6988510826336721,retain,ret_000,M_npo_s1
9,-5,real,4.745841979980469,4.0034332275390625,3.8796234130859375,1.166767719327092,retain,ret_000,M_npo_s1
9,-4,real,4.745841979980469,4.0034332275390625,5.655750274658203,-1.225616335590747,retain,ret_000,M_npo_s1
9,-3,real,4.745841979980469,4.0034332275390625,5.1684722900390625,-0.5692690295861637,retain,ret_000,M_npo_s1
9,-2,real,4.745841979980469,4.0034332275390625,4.614521026611328,0.17688497466832462,retain,ret_000,M_npo_s1
9,-1,real,4.745841979980469,4.0034332275390625,5.167640686035156,-0.5681488865367027,retain,ret_000,M_npo_s1
9,-10,random_position,4.745841979980469,4.0034332275390625,4.730167388916016,0.021113155001079038,retain,ret_000,M_npo_s1
10,-6,real,4.745841979980469,4.0034332275390625,5.222248077392578,-0.641703234027685,retain,ret_000,M_npo_s1
10,-5,real,4.745841979980469,4.0034332275390625,4.778087615966797,-0.04343380365639355,retain,ret_000,M_npo_s1
10,-4,real,4.745841979980469,4.0034332275390625,5.825887680053711,-1.4547857854874677,retain,ret_000,M_npo_s1
10,-3,real,4.745841979980469,4.0034332275390625,5.104312896728516,-0.48284845183898717,retain,ret_000,M_npo_s1
10,-2,real,4.745841979980469,4.0034332275390625,4.808345794677734,-0.08419056818999271,retain,ret_000,M_npo_s1
10,-1,real,4.745841979980469,4.0034332275390625,6.129985809326172,-1.8643958934939213,retain,ret_000,M_npo_s1
10,-5,random_position,4.745841979980469,4.0034332275390625,4.778087615966797,-0.04343380365639355,retain,ret_000,M_npo_s1
11,-6,real,4.745841979980469,4.0034332275390625,4.745841979980469,-0.0,retain,ret_000,M_npo_s1
11,-5,real,4.745841979980469,4.0034332275390625,4.745841979980469,-0.0,retain,ret_000,M_npo_s1
11,-4,real,4.745841979980469,4.0034332275390625,4.745841979980469,-0.0,retain,ret_000,M_npo_s1
11,-3,real,4.745841979980469,4.0034332275390625,4.745841979980469,-0.0,retain,ret_000,M_npo_s1
11,-2,real,4.745841979980469,4.0034332275390625,4.745841979980469,-0.0,retain,ret_000,M_npo_s1
11,-1,real,4.745841979980469,4.0034332275390625,4.707120895385742,0.052156018456668965,retain,ret_000,M_npo_s1
11,-6,random_position,4.745841979980469,4.0034332275390625,4.745841979980469,-0.0,retain,ret_000,M_npo_s1
0,-6,real,7.6251678466796875,5.188230514526367,7.636661529541016,-0.00471644580666016,retain,ret_000,M_npo_s1
0,-5,real,7.6251678466796875,5.188230514526367,10.513589859008789,-1.185267250913195,retain,ret_000,M_npo_s1
0,-4,real,7.6251678466796875,5.188230514526367,7.194084167480469,0.17689567700877465,retain,ret_000,M_npo_s1
0,-3,real,7.6251678466796875,5.188230514526367,8.33755874633789,-0.2923304141878454,retain,ret_000,M_npo_s1
0,-2,real,7.6251678466796875,5.188230514526367,7.738222122192383,-0.04639195026521203,retain,ret_000,M_npo_s1
0,-1,real,7.6251678466796875,5.188230514526367,7.615781784057617,0.0038515814494813555,retain,ret_000,M_npo_s1
0,-12,random_position,7.6251678466796875,5.188230514526367,7.615512847900391,0.003961939706822723,retain,ret_000,M_npo_s1
1,-6,real,7.6251678466796875,5.188230514526367,7.109222412109375,0.21171879463737137,retain,ret_000,M_npo_s1
1,-5,real,7.6251678466796875,5.188230514526367,10.511856079101562,-1.1845557923605474,retain,ret_000,M_npo_s1
1,-4,real,7.6251678466796875,5.188230514526367,7.0532073974609375,0.23470461947142307,retain,ret_000,M_npo_s1
1,-3,real,7.6251678466796875,5.188230514526367,8.387601852416992,-0.3128656595627778,retain,ret_000,M_npo_s1
1,-2,real,7.6251678466796875,5.188230514526367,8.077630996704102,-0.1856687671260753,retain,ret_000,M_npo_s1
1,-1,real,7.6251678466796875,5.188230514526367,7.767324447631836,-0.058334122538365146,retain,ret_000,M_npo_s1
1,-3,random_position,7.6251678466796875,5.188230514526367,8.387601852416992,-0.3128656595627778,retain,ret_000,M_npo_s1
2,-6,real,7.6251678466796875,5.188230514526367,6.912027359008789,0.2926380084795841,retain,ret_000,M_npo_s1
2,-5,real,7.6251678466796875,5.188230514526367,10.020034790039062,-0.9827363682114997,retain,ret_000,M_npo_s1
2,-4,real,7.6251678466796875,5.188230514526367,6.536258697509766,0.4468351051964651,retain,ret_000,M_npo_s1
2,-3,real,7.6251678466796875,5.188230514526367,8.775747299194336,-0.47214158416539026,retain,ret_000,M_npo_s1
2,-2,real,7.6251678466796875,5.188230514526367,8.232015609741211,-0.24902066830142988,retain,ret_000,M_npo_s1
2,-1,real,7.6251678466796875,5.188230514526367,7.833698272705078,-0.08557069698674996,retain,ret_000,M_npo_s1
2,-8,random_position,7.6251678466796875,5.188230514526367,7.4289398193359375,0.08052239372538952,retain,ret_000,M_npo_s1
3,-6,real,7.6251678466796875,5.188230514526367,7.293224334716797,0.1362133968662951,retain,ret_000,M_npo_s1
3,-5,real,7.6251678466796875,5.188230514526367,10.395931243896484,-1.1369859046676847,retain,ret_000,M_npo_s1
3,-4,real,7.6251678466796875,5.188230514526367,7.17131233215332,0.18624012547968666,retain,ret_000,M_npo_s1
3,-3,real,7.6251678466796875,5.188230514526367,7.327301025390625,0.12222998817366476,retain,ret_000,M_npo_s1
3,-2,real,7.6251678466796875,5.188230514526367,8.174591064453125,-0.22545644096968123,retain,ret_000,M_npo_s1
3,-1,real,7.6251678466796875,5.188230514526367,7.875604629516602,-0.10276701806509884,retain,ret_000,M_npo_s1
3,-12,random_position,7.6251678466796875,5.188230514526367,7.661937713623047,-0.015088556631396376,retain,ret_000,M_npo_s1
4,-6,real,7.6251678466796875,5.188230514526367,7.569129943847656,0.022995217026165863,retain,ret_000,M_npo_s1
4,-5,real,7.6251678466796875,5.188230514526367,10.903738021850586,-1.3453649923257964,retain,ret_000,M_npo_s1
4,-4,real,7.6251678466796875,5.188230514526367,7.397876739501953,0.0932691637896556,retain,ret_000,M_npo_s1
4,-3,real,7.6251678466796875,5.188230514526367,6.389862060546875,0.5069091313239782,retain,ret_000,M_npo_s1
4,-2,real,7.6251678466796875,5.188230514526367,8.083641052246094,-0.1881350002387182,retain,ret_000,M_npo_s1
4,-1,real,7.6251678466796875,5.188230514526367,7.638906478881836,-0.005637663316523918,retain,ret_000,M_npo_s1
4,-9,random_position,7.6251678466796875,5.188230514526367,7.505382537841797,0.04915403742945094,retain,ret_000,M_npo_s1
5,-6,real,7.6251678466796875,5.188230514526367,7.784406661987305,-0.06534382858623246,retain,ret_000,M_npo_s1
5,-5,real,7.6251678466796875,5.188230514526367,11.438459396362305,-1.5647885152274827,retain,ret_000,M_npo_s1
5,-4,real,7.6251678466796875,5.188230514526367,8.12991714477539,-0.2071244473281953,retain,ret_000,M_npo_s1
5,-3,real,7.6251678466796875,5.188230514526367,5.004673004150391,1.0753230327075263,retain,ret_000,M_npo_s1
5,-2,real,7.6251678466796875,5.188230514526367,8.28541374206543,-0.27093265250376275,retain,ret_000,M_npo_s1
5,-1,real,7.6251678466796875,5.188230514526367,7.287746429443359,0.1384612615122838,retain,ret_000,M_npo_s1
5,-11,random_position,7.6251678466796875,5.188230514526367,7.631288528442383,-0.002511628707861343,retain,ret_000,M_npo_s1
6,-6,real,7.6251678466796875,5.188230514526367,8.273818969726562,-0.266174724515265,retain,ret_000,M_npo_s1
6,-5,real,7.6251678466796875,5.188230514526367,12.770566940307617,-2.111420357732944,retain,ret_000,M_npo_s1
6,-4,real,7.6251678466796875,5.188230514526367,8.306985855102539,-0.27978479357135755,retain,ret_000,M_npo_s1
6,-3,real,7.6251678466796875,5.188230514526367,5.014957427978516,1.0711028077175642,retain,ret_000,M_npo_s1
6,-2,real,7.6251678466796875,5.188230514526367,8.460233688354492,-0.3426702158717089,retain,ret_000,M_npo_s1
6,-1,real,7.6251678466796875,5.188230514526367,6.8234710693359375,0.32897718245194135,retain,ret_000,M_npo_s1
6,-2,random_position,7.6251678466796875,5.188230514526367,8.460233688354492,-0.3426702158717089,retain,ret_000,M_npo_s1
7,-6,real,7.6251678466796875,5.188230514526367,9.785308837890625,-0.8864163073500947,retain,ret_000,M_npo_s1
7,-5,real,7.6251678466796875,5.188230514526367,13.248092651367188,-2.307373575224023,retain,ret_000,M_npo_s1
7,-4,real,7.6251678466796875,5.188230514526367,7.972284317016602,-0.1424396375553063,retain,ret_000,M_npo_s1
7,-3,real,7.6251678466796875,5.188230514526367,5.809133529663086,0.7452117430578004,retain,ret_000,M_npo_s1
7,-2,real,7.6251678466796875,5.188230514526367,8.634456634521484,-0.4141627995620108,retain,ret_000,M_npo_s1
7,-1,real,7.6251678466796875,5.188230514526367,6.017902374267578,0.6595432107365279,retain,ret_000,M_npo_s1
7,-8,random_position,7.6251678466796875,5.188230514526367,7.558750152587891,0.027254576149936954,retain,ret_000,M_npo_s1
8,-6,real,7.6251678466796875,5.188230514526367,10.32870864868164,-1.1094010364283997,retain,ret_000,M_npo_s1
8,-5,real,7.6251678466796875,5.188230514526367,11.660484313964844,-1.6558966921482057,retain,ret_000,M_npo_s1
8,-4,real,7.6251678466796875,5.188230514526367,8.411409378051758,-0.32263510472685547,retain,ret_000,M_npo_s1
8,-3,real,7.6251678466796875,5.188230514526367,4.939983367919922,1.1018684983528444,retain,ret_000,M_npo_s1
8,-2,real,7.6251678466796875,5.188230514526367,8.996814727783203,-0.5628568543826707,retain,ret_000,M_npo_s1
8,-1,real,7.6251678466796875,5.188230514526367,7.1316375732421875,0.20252070782690504,retain,ret_000,M_npo_s1
8,-5,random_position,7.6251678466796875,5.188230514526367,11.660484313964844,-1.6558966921482057,retain,ret_000,M_npo_s1
9,-6,real,7.6251678466796875,5.188230514526367,7.779552459716797,-0.06335190117535458,retain,ret_000,M_npo_s1
9,-5,real,7.6251678466796875,5.188230514526367,8.628854751586914,-0.41186406054207036,retain,ret_000,M_npo_s1
9,-4,real,7.6251678466796875,5.188230514526367,8.605342864990234,-0.4022159311928006,retain,ret_000,M_npo_s1
9,-3,real,7.6251678466796875,5.188230514526367,6.555503845214844,0.4389378369938098,retain,ret_000,M_npo_s1
9,-2,real,7.6251678466796875,5.188230514526367,9.08775520324707,-0.6001743817002528,retain,ret_000,M_npo_s1
9,-1,real,7.6251678466796875,5.188230514526367,7.420116424560547,0.0841430837853978,retain,ret_000,M_npo_s1
9,-11,random_position,7.6251678466796875,5.188230514526367,7.6056060791015625,0.008027193526901195,retain,ret_000,M_npo_s1
10,-6,real,7.6251678466796875,5.188230514526367,7.612249374389648,0.005301109765766555,retain,ret_000,M_npo_s1
10,-5,real,7.6251678466796875,5.188230514526367,7.157081604003906,0.19207972092666498,retain,ret_000,M_npo_s1
10,-4,real,7.6251678466796875,5.188230514526367,8.613380432128906,-0.4055141559902227,retain,ret_000,M_npo_s1
10,-3,real,7.6251678466796875,5.188230514526367,7.867790222167969,-0.09956036714078974,retain,ret_000,M_npo_s1
10,-2,real,7.6251678466796875,5.188230514526367,9.51034927368164,-0.7735863381173508,retain,ret_000,M_npo_s1
10,-1,real,7.6251678466796875,5.188230514526367,7.536212921142578,0.03650275465167881,retain,ret_000,M_npo_s1
10,-6,random_position,7.6251678466796875,5.188230514526367,7.612249374389648,0.005301109765766555,retain,ret_000,M_npo_s1
11,-6,real,7.6251678466796875,5.188230514526367,7.6251678466796875,-0.0,retain,ret_000,M_npo_s1
11,-5,real,7.6251678466796875,5.188230514526367,7.6251678466796875,-0.0,retain,ret_000,M_npo_s1
11,-4,real,7.6251678466796875,5.188230514526367,7.6251678466796875,-0.0,retain,ret_000,M_npo_s1
11,-3,real,7.6251678466796875,5.188230514526367,7.6251678466796875,-0.0,retain,ret_000,M_npo_s1
11,-2,real,7.6251678466796875,5.188230514526367,7.6251678466796875,-0.0,retain,ret_000,M_npo_s1
11,-1,real,7.6251678466796875,5.188230514526367,5.827735900878906,0.7375782389170177,retain,ret_000,M_npo_s1
11,-6,random_position,7.6251678466796875,5.188230514526367,7.6251678466796875,-0.0,retain,ret_000,M_npo_s1
0,-6,real,5.239654541015625,4.1370391845703125,6.070400238037109,-0.7534320034320034,retain,ret_000,M_npo_s1
0,-5,real,5.239654541015625,4.1370391845703125,5.339565277099609,-0.09061250190282448,retain,ret_000,M_npo_s1
0,-4,real,5.239654541015625,4.1370391845703125,5.237693786621094,0.001778275971824359,retain,ret_000,M_npo_s1
0,-3,real,5.239654541015625,4.1370391845703125,5.238040924072266,0.0014634450118321087,retain,ret_000,M_npo_s1
0,-2,real,5.239654541015625,4.1370391845703125,5.2299652099609375,0.008787589432750723,retain,ret_000,M_npo_s1
0,-1,real,5.239654541015625,4.1370391845703125,5.222148895263672,0.01587647555389491,retain,ret_000,M_npo_s1
0,-12,random_position,5.239654541015625,4.1370391845703125,5.2475738525390625,-0.00718229750487815,retain,ret_000,M_npo_s1
1,-6,real,5.239654541015625,4.1370391845703125,6.272907257080078,-0.9370926225764935,retain,ret_000,M_npo_s1
1,-5,real,5.239654541015625,4.1370391845703125,5.555225372314453,-0.28620210071822977,retain,ret_000,M_npo_s1
1,-4,real,5.239654541015625,4.1370391845703125,5.255863189697266,-0.014700184055022764,retain,ret_000,M_npo_s1
1,-3,real,5.239654541015625,4.1370391845703125,5.230159759521484,0.008611145707919902,retain,ret_000,M_npo_s1
1,-2,real,5.239654541015625,4.1370391845703125,5.245540618896484,-0.005338287596352112,retain,ret_000,M_npo_s1
1,-1,real,5.239654541015625,4.1370391845703125,5.159446716308594,0.07274325016260501,retain,ret_000,M_npo_s1
1,-3,random_position,5.239654541015625,4.1370391845703125,5.230159759521484,0.008611145707919902,retain,ret_000,M_npo_s1
2,-6,real,5.239654541015625,4.1370391845703125,6.47601318359375,-1.1212964116189923,retain,ret_000,M_npo_s1
2,-5,real,5.239654541015625,4.1370391845703125,5.6605224609375,-0.3816996720222527,retain,ret_000,M_npo_s1
2,-4,real,5.239654541015625,4.1370391845703125,5.318885803222656,-0.07185757185757186,retain,ret_000,M_npo_s1
2,-3,real,5.239654541015625,4.1370391845703125,5.224037170410156,0.014163933518772228,retain,ret_000,M_npo_s1
2,-2,real,5.239654541015625,4.1370391845703125,5.2268218994140625,0.011638366477076155,retain,ret_000,M_npo_s1
2,-1,real,5.239654541015625,4.1370391845703125,4.979408264160156,0.23602634892957475,retain,ret_000,M_npo_s1
2,-8,random_position,5.239654541015625,4.1370391845703125,7.782358169555664,-2.3060658584852134,retain,ret_000,M_npo_s1
3,-6,real,5.239654541015625,4.1370391845703125,5.388080596923828,-0.13461272332240073,retain,ret_000,M_npo_s1
3,-5,real,5.239654541015625,4.1370391845703125,5.645530700683594,-0.3681031261676423,retain,ret_000,M_npo_s1
3,-4,real,5.239654541015625,4.1370391845703125,5.233257293701172,0.005801884834142899,retain,ret_000,M_npo_s1
3,-3,real,5.239654541015625,4.1370391845703125,5.232154846191406,0.006801732608184221,retain,ret_000,M_npo_s1
3,-2,real,5.239654541015625,4.1370391845703125,5.209026336669922,0.027777777777777776,retain,ret_000,M_npo_s1
3,-1,real,5.239654541015625,4.1370391845703125,4.8486480712890625,0.35461729010116105,retain,ret_000,M_npo_s1
3,-12,random_position,5.239654541015625,4.1370391845703125,5.285865783691406,-0.041910574168638685,retain,ret_000,M_npo_s1
4,-6,real,5.239654541015625,4.1370391845703125,4.685646057128906,0.5024494540623573,retain,ret_000,M_npo_s1
4,-5,real,5.239654541015625,4.1370391845703125,5.4975433349609375,-0.23388826614633065,retain,ret_000,M_npo_s1
4,-4,real,5.239654541015625,4.1370391845703125,5.257347106933594,-0.01604599991696766,retain,ret_000,M_npo_s1
4,-3,real,5.239654541015625,4.1370391845703125,5.214302062988281,0.02299303912207138,retain,ret_000,M_npo_s1
4,-2,real,5.239654541015625,4.1370391845703125,5.206745147705078,0.02984666694344114,retain,ret_000,M_npo_s1
4,-1,real,5.239654541015625,4.1370391845703125,4.570381164550781,0.6069871715033005,retain,ret_000,M_npo_s1
4,-9,random_position,5.239654541015625,4.1370391845703125,5.248767852783203,-0.00826517762001633,retain,ret_000,M_npo_s1
5,-6,real,5.239654541015625,4.1370391845703125,3.5490684509277344,1.5332509929284124,retain,ret_000,M_npo_s1
5,-5,real,5.239654541015625,4.1370391845703125,5.477043151855469,-0.21529594110239272,retain,ret_000,M_npo_s1
5,-4,real,5.239654541015625,4.1370391845703125,5.222980499267578,0.015122265122265123,retain,ret_000,M_npo_s1
5,-3,real,5.239654541015625,4.1370391845703125,5.211109161376953,0.025888792017824278,retain,ret_000,M_npo_s1
5,-2,real,5.239654541015625,4.1370391845703125,5.204387664794922,0.03198474972668521,retain,ret_000,M_npo_s1
5,-1,real,5.239654541015625,4.1370391845703125,4.221614837646484,0.9232954152308991,retain,ret_000,M_npo_s1
5,-11,random_position,5.239654541015625,4.1370391845703125,5.1734466552734375,0.060046221336543915,retain,ret_000,M_npo_s1
6,-6,real,5.239654541015625,4.1370391845703125,3.3490142822265625,1.7146870372676823,retain,ret_000,M_npo_s1
6,-5,real,5.239654541015625,4.1370391845703125,5.436626434326172,-0.17864062218900928,retain,ret_000,M_npo_s1
6,-4,real,5.239654541015625,4.1370391845703125,5.281635284423828,-0.03807378807378808,retain,ret_000,M_npo_s1
6,-3,real,5.239654541015625,4.1370391845703125,5.240009307861328,-0.00032175032175032174,retain,ret_000,M_npo_s1
6,-2,real,5.239654541015625,4.1370391845703125,5.1847076416015625,0.049833243381630477,retain,ret_000,M_npo_s1
6,-1,real,5.239654541015625,4.1370391845703125,3.802684783935547,1.3032375693666016,retain,ret_000,M_npo_s1
6,-2,random_position,5.239654541015625,4.1370391845703125,5.1847076416015625,0.049833243381630477,retain,ret_000,M_npo_s1
7,-6,real,5.239654541015625,4.1370391845703125,3.927947998046875,1.1896320283417057,retain,ret_000,M_npo_s1
7,-5,real,5.239654541015625,4.1370391845703125,5.289558410644531,-0.04525954525954526,retain,ret_000,M_npo_s1
7,-4,real,5.239654541015625,4.1370391845703125,5.234748840332031,0.004449149610439933,retain,ret_000,M_npo_s1
7,-3,real,5.239654541015625,4.1370391845703125,5.250335693359375,-0.00968710646130001,retain,ret_000,M_npo_s1
7,-2,real,5.239654541015625,4.1370391845703125,5.227397918701172,0.011115954664341761,retain,ret_000,M_npo_s1
7,-1,real,5.239654541015625,4.1370391845703125,3.225841522216797,1.8263966731708667,retain,ret_000,M_npo_s1
7,-8,random_position,5.239654541015625,4.1370391845703125,12.52208137512207,-6.604684753878303,retain,ret_000,M_npo_s1
8,-6,real,5.239654541015625,4.1370391845703125,3.284313201904297,1.7733666846570073,retain,ret_000,M_npo_s1
8,-5,real,5.239654541015625,4.1370391845703125,5.583370208740234,-0.3117276262437553,retain,ret_000,M_npo_s1
8,-4,real,5.239654541015625,4.1370391845703125,5.264820098876953,-0.02282351475899863,retain,ret_000,M_npo_s1
8,-3,real,5.239654541015625,4.1370391845703125,5.2568359375,-0.015582402679176873,retain,ret_000,M_npo_s1
8,-2,real,5.239654541015625,4.1370391845703125,5.167503356933594,0.06543640414608157,retain,ret_000,M_npo_s1
8,-1,real,5.239654541015625,4.1370391845703125,4.528812408447266,0.6446873140421527,retain,ret_000,M_npo_s1
8,-5,random_position,5.239654541015625,4.1370391845703125,5.583370208740234,-0.3117276262437553,retain,ret_000,M_npo_s1
9,-6,real,5.239654541015625,4.1370391845703125,4.4580535888671875,0.7088609346673863,retain,ret_000,M_npo_s1
9,-5,real,5.239654541015625,4.1370391845703125,6.201385498046875,-0.8722270657754528,retain,ret_000,M_npo_s1
9,-4,real,5.239654541015625,4.1370391845703125,5.272422790527344,-0.029718658750916817,retain,ret_000,M_npo_s1
9,-3,real,5.239654541015625,4.1370391845703125,5.264640808105469,-0.02266090975768395,retain,ret_000,M_npo_s1
9,-2,real,5.239654541015625,4.1370391845703125,5.334331512451172,-0.08586581973678747,retain,ret_000,M_npo_s1
9,-1,real,5.239654541015625,4.1370391845703125,5.309761047363281,-0.06358201519491842,retain,ret_000,M_npo_s1
9,-11,random_position,5.239654541015625,4.1370391845703125,5.222858428955078,0.015232974910394265,retain,ret_000,M_npo_s1
10,-6,real,5.239654541015625,4.1370391845703125,5.311714172363281,-0.06535337180498471,retain,ret_000,M_npo_s1
10,-5,real,5.239654541015625,4.1370391845703125,6.2934417724609375,-0.9557160847483428,retain,ret_000,M_npo_s1
10,-4,real,5.239654541015625,4.1370391845703125,5.239521026611328,0.00012108883076625012,retain,ret_000,M_npo_s1
10,-3,real,5.239654541015625,4.1370391845703125,5.2555999755859375,-0.0144614660743693,retain,ret_000,M_npo_s1
10,-2,real,5.239654541015625,4.1370391845703125,5.576801300048828,-0.3057700557700558,retain,ret_000,M_npo_s1
10,-1,real,5.239654541015625,4.1370391845703125,6.452518463134766,-1.0999882370850114,retain,ret_000,M_npo_s1
10,-6,random_position,5.239654541015625,4.1370391845703125,5.311714172363281,-0.06535337180498471,retain,ret_000,M_npo_s1
11,-6,real,5.239654541015625,4.1370391845703125,5.239654541015625,-0.0,retain,ret_000,M_npo_s1
11,-5,real,5.239654541015625,4.1370391845703125,5.239654541015625,-0.0,retain,ret_000,M_npo_s1
11,-4,real,5.239654541015625,4.1370391845703125,5.239654541015625,-0.0,retain,ret_000,M_npo_s1
11,-3,real,5.239654541015625,4.1370391845703125,5.239654541015625,-0.0,retain,ret_000,M_npo_s1
11,-2,real,5.239654541015625,4.1370391845703125,5.239654541015625,-0.0,retain,ret_000,M_npo_s1
11,-1,real,5.239654541015625,4.1370391845703125,4.870096206665039,0.33516523435878276,retain,ret_000,M_npo_s1
11,-6,random_position,5.239654541015625,4.1370391845703125,5.239654541015625,-0.0,retain,ret_000,M_npo_s1
0,-6,real,8.318323135375977,3.6970672607421875,10.609773635864258,-0.4958501677143915,retain,ret_000,M_npo_s1
0,-5,real,8.318323135375977,3.6970672607421875,8.000102996826172,0.06886009932852333,retain,ret_000,M_npo_s1
0,-4,real,8.318323135375977,3.6970672607421875,9.041208267211914,-0.15642612126367542,retain,ret_000,M_npo_s1
0,-3,real,8.318323135375977,3.6970672607421875,8.406776428222656,-0.01914053132876767,retain,ret_000,M_npo_s1
0,-2,real,8.318323135375977,3.6970672607421875,8.304889678955078,0.0029068843589975355,retain,ret_000,M_npo_s1
0,-1,real,8.318323135375977,3.6970672607421875,8.312227249145508,0.0013190973180968514,retain,ret_000,M_npo_s1
0,-13,random_position,8.318323135375977,3.6970672607421875,8.276805877685547,0.008983977260016946,retain,ret_000,M_npo_s1
1,-6,real,8.318323135375977,3.6970672607421875,10.43385124206543,-0.4577820757127191,retain,ret_000,M_npo_s1
1,-5,real,8.318323135375977,3.6970672607421875,7.959194183349609,0.0777124144970281,retain,ret_000,M_npo_s1
1,-4,real,8.318323135375977,3.6970672607421875,9.096805572509766,-0.16845689965078592,retain,ret_000,M_npo_s1
1,-3,real,8.318323135375977,3.6970672607421875,8.678361892700195,-0.07790928853355258,retain,ret_000,M_npo_s1
1,-2,real,8.318323135375977,3.6970672607421875,8.279865264892578,0.00832195219799337,retain,ret_000,M_npo_s1
1,-1,real,8.318323135375977,3.6970672607421875,8.317049026489258,0.0002757061979000928,retain,ret_000,M_npo_s1
1,-3,random_position,8.318323135375977,3.6970672607421875,8.678361892700195,-0.07790928853355258,retain,ret_000,M_npo_s1
2,-6,real,8.318323135375977,3.6970672607421875,9.485799789428711,-0.25263190044529854,retain,ret_000,M_npo_s1
2,-5,real,8.318323135375977,3.6970672607421875,7.464599609375,0.18473842374474228,retain,ret_000,M_npo_s1
2,-4,real,8.318323135375977,3.6970672607421875,9.411428451538086,-0.2365385829774536,retain,ret_000,M_npo_s1
2,-3,real,8.318323135375977,3.6970672607421875,8.737377166748047,-0.0906796859425747,retain,ret_000,M_npo_s1
2,-2,real,8.318323135375977,3.6970672607421875,8.270452499389648,0.010358793645054685,retain,ret_000,M_npo_s1
2,-1,real,8.318323135375977,3.6970672607421875,8.291034698486328,0.005904982894246449,retain,ret_000,M_npo_s1
2,-9,random_position,8.318323135375977,3.6970672607421875,8.252616882324219,0.014218267681826793,retain,ret_000,M_npo_s1
3,-6,real,8.318323135375977,3.6970672607421875,9.388069152832031,-0.23148383177134216,retain,ret_000,M_npo_s1
3,-5,real,8.318323135375977,3.6970672607421875,7.934206008911133,0.0831196403932693,retain,ret_000,M_npo_s1
3,-4,real,8.318323135375977,3.6970672607421875,7.990242004394531,0.07099393322544471,retain,ret_000,M_npo_s1
3,-3,real,8.318323135375977,3.6970672607421875,8.582246780395508,-0.05711080541292162,retain,ret_000,M_npo_s1
3,-2,real,8.318323135375977,3.6970672607421875,8.204273223876953,0.024679419316521033,retain,ret_000,M_npo_s1
3,-1,real,8.318323135375977,3.6970672607421875,8.251022338867188,0.0145633131630311,retain,ret_000,M_npo_s1
3,-13,random_position,8.318323135375977,3.6970672607421875,8.33834457397461,-0.0043324670050258595,retain,ret_000,M_npo_s1
4,-6,real,8.318323135375977,3.6970672607421875,9.71623420715332,-0.3024959252852713,retain,ret_000,M_npo_s1
4,-5,real,8.318323135375977,3.6970672607421875,8.07452392578125,0.05275605078111941,retain,ret_000,M_npo_s1
4,-4,real,8.318323135375977,3.6970672607421875,6.833763122558594,0.3212460104116236,retain,ret_000,M_npo_s1
4,-3,real,8.318323135375977,3.6970672607421875,8.412284851074219,-0.020332506627473462,retain,ret_000,M_npo_s1
4,-2,real,8.318323135375977,3.6970672607421875,8.168880462646484,0.03233810825100325,retain,ret_000,M_npo_s1
4,-1,real,8.318323135375977,3.6970672607421875,8.198596954345703,0.025907715192195698,retain,ret_000,M_npo_s1
4,-10,random_position,8.318323135375977,3.6970672607421875,8.347301483154297,-0.006270665066910344,retain,ret_000,M_npo_s1
5,-6,real,8.318323135375977,3.6970672607421875,10.067094802856445,-0.37841913863275317,retain,ret_000,M_npo_s1
5,-5,real,8.318323135375977,3.6970672607421875,8.673473358154297,-0.07685145172933411,retain,ret_000,M_npo_s1
5,-4,real,8.318323135375977,3.6970672607421875,5.427623748779297,0.6255224694360281,retain,ret_000,M_npo_s1
5,-3,real,8.318323135375977,3.6970672607421875,8.348201751708984,-0.006465475434288853,retain,ret_000,M_npo_s1
5,-2,real,8.318323135375977,3.6970672607421875,8.160505294799805,0.034150422494984255,retain,ret_000,M_npo_s1
5,-1,real,8.318323135375977,3.6970672607421875,7.989093780517578,0.07124239899061814,retain,ret_000,M_npo_s1
5,-12,random_position,8.318323135375977,3.6970672607421875,8.270563125610352,0.010334855082961563,retain,ret_000,M_npo_s1
6,-6,real,8.318323135375977,3.6970672607421875,11.50762939453125,-0.6901384267989726,retain,ret_000,M_npo_s1
6,-5,real,8.318323135375977,3.6970672607421875,8.871511459350586,-0.11970519248048492,retain,ret_000,M_npo_s1
6,-4,real,8.318323135375977,3.6970672607421875,5.232784271240234,0.6676840555556244,retain,ret_000,M_npo_s1
6,-3,real,8.318323135375977,3.6970672607421875,8.32402229309082,-0.001233248681624966,retain,ret_000,M_npo_s1
6,-2,real,8.318323135375977,3.6970672607421875,8.176376342773438,0.030716064302279654,retain,ret_000,M_npo_s1
6,-1,real,8.318323135375977,3.6970672607421875,7.779239654541016,0.11665302581361188,retain,ret_000,M_npo_s1
6,-2,random_position,8.318323135375977,3.6970672607421875,8.176376342773438,0.030716064302279654,retain,ret_000,M_npo_s1
7,-6,real,8.318323135375977,3.6970672607421875,12.276546478271484,-0.8565254662963618,retain,ret_000,M_npo_s1
7,-5,real,8.318323135375977,3.6970672607421875,8.575027465820312,-0.055548607869430826,retain,ret_000,M_npo_s1
7,-4,real,8.318323135375977,3.6970672607421875,5.850360870361328,0.5340457944692841,retain,ret_000,M_npo_s1
7,-3,real,8.318323135375977,3.6970672607421875,8.266914367675781,0.011124414898205393,retain,ret_000,M_npo_s1
7,-2,real,8.318323135375977,3.6970672607421875,8.247217178344727,0.015386717152268654,retain,ret_000,M_npo_s1
7,-1,real,8.318323135375977,3.6970672607421875,7.225074768066406,0.23656953801464298,retain,ret_000,M_npo_s1
7,-8,random_position,8.318323135375977,3.6970672607421875,8.297420501708984,0.004523150034112451,retain,ret_000,M_npo_s1
8,-6,real,8.318323135375977,3.6970672607421875,10.915750503540039,-0.5620609285933329,retain,ret_000,M_npo_s1
8,-5,real,8.318323135375977,3.6970672607421875,8.965652465820312,-0.1400764960879024,retain,ret_000,M_npo_s1
8,-4,real,8.318323135375977,3.6970672607421875,4.957118988037109,0.7273356504210504,retain,ret_000,M_npo_s1
8,-3,real,8.318323135375977,3.6970672607421875,8.497821807861328,-0.03884196793140694,retain,ret_000,M_npo_s1
8,-2,real,8.318323135375977,3.6970672607421875,7.994758605957031,0.07001657951791863,retain,ret_000,M_npo_s1
8,-1,real,8.318323135375977,3.6970672607421875,8.483165740966797,-0.035670521187897486,retain,ret_000,M_npo_s1
8,-5,random_position,8.318323135375977,3.6970672607421875,8.965652465820312,-0.1400764960879024,retain,ret_000,M_npo_s1
9,-6,real,8.318323135375977,3.6970672607421875,8.71518325805664,-0.08587711510609942,retain,ret_000,M_npo_s1
9,-5,real,8.318323135375977,3.6970672607421875,9.249715805053711,-0.20154535800325976,retain,ret_000,M_npo_s1
9,-4,real,8.318323135375977,3.6970672607421875,6.72845458984375,0.3440338705889588,retain,ret_000,M_npo_s1
9,-3,real,8.318323135375977,3.6970672607421875,9.116201400756836,-0.17265398995983688,retain,ret_000,M_npo_s1
9,-2,real,8.318323135375977,3.6970672607421875,8.340387344360352,-0.00477450493609023,retain,ret_000,M_npo_s1
9,-1,real,8.318323135375977,3.6970672607421875,8.08365249633789,0.05078070667460766,retain,ret_000,M_npo_s1
9,-12,random_position,8.318323135375977,3.6970672607421875,8.312294006347656,0.0013046516340751398,retain,ret_000,M_npo_s1
10,-6,real,8.318323135375977,3.6970672607421875,7.536979675292969,0.16907600039457354,retain,ret_000,M_npo_s1
10,-5,real,8.318323135375977,3.6970672607421875,9.025688171386719,-0.1530677060955421,retain,ret_000,M_npo_s1
10,-4,real,8.318323135375977,3.6970672607421875,8.074291229248047,0.052806404308280805,retain,ret_000,M_npo_s1
10,-3,real,8.318323135375977,3.6970672607421875,9.51692008972168,-0.2593660656023912,retain,ret_000,M_npo_s1
10,-2,real,8.318323135375977,3.6970672607421875,8.478519439697266,-0.03466510157998637,retain,ret_000,M_npo_s1
10,-1,real,8.318323135375977,3.6970672607421875,6.981319427490234,0.289316095917691,retain,ret_000,M_npo_s1
10,-6,random_position,8.318323135375977,3.6970672607421875,7.536979675292969,0.16907600039457354,retain,ret_000,M_npo_s1
11,-6,real,8.318323135375977,3.6970672607421875,8.318323135375977,-0.0,retain,ret_000,M_npo_s1
11,-5,real,8.318323135375977,3.6970672607421875,8.318323135375977,-0.0,retain,ret_000,M_npo_s1
11,-4,real,8.318323135375977,3.6970672607421875,8.318323135375977,-0.0,retain,ret_000,M_npo_s1
11,-3,real,8.318323135375977,3.6970672607421875,8.318323135375977,-0.0,retain,ret_000,M_npo_s1
11,-2,real,8.318323135375977,3.6970672607421875,8.318323135375977,-0.0,retain,ret_000,M_npo_s1
11,-1,real,8.318323135375977,3.6970672607421875,4.413873672485352,0.8448892614499587,retain,ret_000,M_npo_s1
11,-6,random_position,8.318323135375977,3.6970672607421875,8.318323135375977,-0.0,retain,ret_000,M_npo_s1
0,-6,real,3.0948638916015625,3.6029911041259766,2.859233856201172,-0.4637225277303354,retain,ret_000,M_npo_s1
0,-5,real,3.0948638916015625,3.6029911041259766,3.985759735107422,1.7532929186764512,retain,ret_000,M_npo_s1
0,-4,real,3.0948638916015625,3.6029911041259766,3.218017578125,0.2423678234267375,retain,ret_000,M_npo_s1
0,-3,real,3.0948638916015625,3.6029911041259766,3.1109237670898438,0.031606013400649384,retain,ret_000,M_npo_s1
0,-2,real,3.0948638916015625,3.6029911041259766,3.0905723571777344,-0.008445787428914622,retain,ret_000,M_npo_s1
0,-1,real,3.0948638916015625,3.6029911041259766,3.090137481689453,-0.009301627221711304,retain,ret_000,M_npo_s1
0,-11,random_position,3.0948638916015625,3.6029911041259766,3.0895652770996094,-0.010427732212233254,retain,ret_000,M_npo_s1
1,-6,real,3.0948638916015625,3.6029911041259766,2.7837677001953125,-0.6122407612469736,retain,ret_000,M_npo_s1
1,-5,real,3.0948638916015625,3.6029911041259766,4.204479217529297,2.183735290253561,retain,ret_000,M_npo_s1
1,-4,real,3.0948638916015625,3.6029911041259766,3.4707870483398438,0.739820949306507,retain,ret_000,M_npo_s1
1,-3,real,3.0948638916015625,3.6029911041259766,3.1300430297851562,0.06923293481728947,retain,ret_000,M_npo_s1
1,-2,real,3.0948638916015625,3.6029911041259766,3.1578636169433594,0.12398415945646665,retain,ret_000,M_npo_s1
1,-1,real,3.0948638916015625,3.6029911041259766,3.103404998779297,0.01680899382519097,retain,ret_000,M_npo_s1
1,-3,random_position,3.0948638916015625,3.6029911041259766,3.1300430297851562,0.06923293481728947,retain,ret_000,M_npo_s1
2,-6,real,3.0948638916015625,3.6029911041259766,2.1850624084472656,-1.7904994275632964,retain,ret_000,M_npo_s1
2,-5,real,3.0948638916015625,3.6029911041259766,4.540409088134766,2.8448490080891875,retain,ret_000,M_npo_s1
2,-4,real,3.0948638916015625,3.6029911041259766,3.6396102905273438,1.072066965710103,retain,ret_000,M_npo_s1
2,-3,real,3.0948638916015625,3.6029911041259766,3.134765625,0.07852705467239729,retain,ret_000,M_npo_s1
2,-2,real,3.0948638916015625,3.6029911041259766,3.1659164428710938,0.13983221035641222,retain,ret_000,M_npo_s1
2,-1,real,3.0948638916015625,3.6029911041259766,3.1344642639160156,0.0779339727107224,retain,ret_000,M_npo_s1
2,-8,random_position,3.0948638916015625,3.6029911041259766,2.8176193237304688,-0.545620390007695,retain,ret_000,M_npo_s1
3,-6,real,3.0948638916015625,3.6029911041259766,2.6400070190429688,-0.8951633790657082,retain,ret_000,M_npo_s1
3,-5,real,3.0948638916015625,3.6029911041259766,3.5256881713867188,0.8478669694637864,retain,ret_000,M_npo_s1
3,-4,real,3.0948638916015625,3.6029911041259766,3.537700653076172,0.8715076668981439,retain,ret_000,M_npo_s1
3,-3,real,3.0948638916015625,3.6029911041259766,3.191558837890625,0.19029672866500252,retain,ret_000,M_npo_s1
3,-2,real,3.0948638916015625,3.6029911041259766,3.1917381286621094,0.19064957489536608,retain,ret_000,M_npo_s1
3,-1,real,3.0948638916015625,3.6029911041259766,3.1084518432617188,0.026741239841594565,retain,ret_000,M_npo_s1
3,-11,random_position,3.0948638916015625,3.6029911041259766,3.1538848876953125,0.11615397608903737,retain,ret_000,M_npo_s1
4,-6,real,3.0948638916015625,3.6029911041259766,2.7956809997558594,-0.5887952553443067,retain,ret_000,M_npo_s1
4,-5,real,3.0948638916015625,3.6029911041259766,2.815654754638672,-0.5494866838084871,retain,ret_000,M_npo_s1
4,-4,real,3.0948638916015625,3.6029911041259766,3.4503860473632812,0.6996715527110977,retain,ret_000,M_npo_s1
4,-3,real,3.0948638916015625,3.6029911041259766,3.185871124267578,0.17910324505921435,retain,ret_000,M_npo_s1
4,-2,real,3.0948638916015625,3.6029911041259766,3.054370880126953,-0.07969069649593664,retain,ret_000,M_npo_s1
4,-1,real,3.0948638916015625,3.6029911041259766,3.082019805908203,-0.02527730335391603,retain,ret_000,M_npo_s1
4,-8,random_position,3.0948638916015625,3.6029911041259766,3.240966796875,0.2875321409132712,retain,ret_000,M_npo_s1
5,-6,real,3.0948638916015625,3.6029911041259766,3.3300704956054688,0.4628892100373492,retain,ret_000,M_npo_s1
5,-5,real,3.0948638916015625,3.6029911041259766,1.6209220886230469,-2.9007338450854903,retain,ret_000,M_npo_s1
5,-4,real,3.0948638916015625,3.6029911041259766,3.5433502197265625,0.8826260768378972,retain,ret_000,M_npo_s1
5,-3,real,3.0948638916015625,3.6029911041259766,3.0652732849121094,-0.058234642743191754,retain,ret_000,M_npo_s1
5,-2,real,3.0948638916015625,3.6029911041259766,3.06658935546875,-0.055644601264991274,retain,ret_000,M_npo_s1
5,-1,real,3.0948638916015625,3.6029911041259766,2.8538169860839844,-0.4743829883072765,retain,ret_000,M_npo_s1
5,-10,random_position,3.0948638916015625,3.6029911041259766,3.073883056640625,-0.04129051631913815,retain,ret_000,M_npo_s1
6,-6,real,3.0948638916015625,3.6029911041259766,3.477703094482422,0.7534318049586156,retain,ret_000,M_npo_s1
6,-5,real,3.0948638916015625,3.6029911041259766,1.3436088562011719,-3.4464893676920476,retain,ret_000,M_npo_s1
6,-4,real,3.0948638916015625,3.6029911041259766,3.603118896484375,1.0002514967812166,retain,ret_000,M_npo_s1
6,-3,real,3.0948638916015625,3.6029911041259766,3.082012176513672,-0.02529231808712299,retain,ret_000,M_npo_s1
6,-2,real,3.0948638916015625,3.6029911041259766,3.143260955810547,0.0952459600983465,retain,ret_000,M_npo_s1
6,-1,real,3.0948638916015625,3.6029911041259766,2.3488426208496094,-1.4681781498095006,retain,ret_000,M_npo_s1
6,-2,random_position,3.0948638916015625,3.6029911041259766,3.143260955810547,0.0952459600983465,retain,ret_000,M_npo_s1
7,-6,real,3.0948638916015625,3.6029911041259766,3.3601226806640625,0.522032244139562,retain,ret_000,M_npo_s1
7,-5,real,3.0948638916015625,3.6029911041259766,1.8077049255371094,-2.5331431467127117,retain,ret_000,M_npo_s1
7,-4,real,3.0948638916015625,3.6029911041259766,3.5017852783203125,0.8008258103263828,retain,ret_000,M_npo_s1
7,-3,real,3.0948638916015625,3.6029911041259766,2.908557891845703,-0.3666522775473433,retain,ret_000,M_npo_s1
7,-2,real,3.0948638916015625,3.6029911041259766,3.221843719482422,0.2498977121300276,retain,ret_000,M_npo_s1
7,-1,real,3.0948638916015625,3.6029911041259766,1.8756027221679688,-2.399519528537377,retain,ret_000,M_npo_s1
7,-7,random_position,3.0948638916015625,3.6029911041259766,11.369504928588867,16.284585499521405,retain,ret_000,M_npo_s1
8,-6,real,3.0948638916015625,3.6029911041259766,3.6909866333007812,1.173176179125767,retain,ret_000,M_npo_s1
8,-5,real,3.0948638916015625,3.6029911041259766,1.0693588256835938,-3.986216474916011,retain,ret_000,M_npo_s1
8,-4,real,3.0948638916015625,3.6029911041259766,3.6180419921875,1.029620314934029,retain,ret_000,M_npo_s1
8,-3,real,3.0948638916015625,3.6029911041259766,3.122283935546875,0.05396295114581183,retain,ret_000,M_npo_s1
8,-2,real,3.0948638916015625,3.6029911041259766,3.2188034057617188,0.2439143409470543,retain,ret_000,M_npo_s1
8,-1,real,3.0948638916015625,3.6029911041259766,3.0352401733398438,-0.11734014001238716,retain,ret_000,M_npo_s1
8,-5,random_position,3.0948638916015625,3.6029911041259766,1.0693588256835938,-3.986216474916011,retain,ret_000,M_npo_s1
9,-6,real,3.0948638916015625,3.6029911041259766,3.665241241455078,1.1225089619188828,retain,ret_000,M_npo_s1
9,-5,real,3.0948638916015625,3.6029911041259766,2.2653541564941406,-1.6324843752932565,retain,ret_000,M_npo_s1
9,-4,real,3.0948638916015625,3.6029911041259766,4.117984771728516,2.0135132598862633,retain,ret_000,M_npo_s1
9,-3,real,3.0948638916015625,3.6029911041259766,3.011138916015625,-0.16477168221317168,retain,ret_000,M_npo_s1
9,-2,real,3.0948638916015625,3.6029911041259766,3.216503143310547,0.23938739888515606,retain,ret_000,M_npo_s1
9,-1,real,3.0948638916015625,3.6029911041259766,3.8335609436035156,1.4537640059308197,retain,ret_000,M_npo_s1
9,-10,random_position,3.0948638916015625,3.6029911041259766,3.0827293395996094,-0.023880933165668812,retain,ret_000,M_npo_s1
10,-6,real,3.0948638916015625,3.6029911041259766,3.6896438598632812,1.1705335860813424,retain,ret_000,M_npo_s1
10,-5,real,3.0948638916015625,3.6029911041259766,3.066913604736328,-0.0550064751036955,retain,ret_000,M_npo_s1
10,-4,real,3.0948638916015625,3.6029911041259766,4.507804870605469,2.780683545729247,retain,ret_000,M_npo_s1
10,-3,real,3.0948638916015625,3.6029911041259766,3.134674072265625,0.07834687787391378,retain,ret_000,M_npo_s1
10,-2,real,3.0948638916015625,3.6029911041259766,3.2439422607421875,0.29338788686398526,retain,ret_000,M_npo_s1
10,-1,real,3.0948638916015625,3.6029911041259766,5.180521011352539,4.1045963852029805,retain,ret_000,M_npo_s1
10,-5,random_position,3.0948638916015625,3.6029911041259766,3.066913604736328,-0.0550064751036955,retain,ret_000,M_npo_s1
11,-6,real,3.0948638916015625,3.6029911041259766,3.0948638916015625,0.0,retain,ret_000,M_npo_s1
11,-5,real,3.0948638916015625,3.6029911041259766,3.0948638916015625,0.0,retain,ret_000,M_npo_s1
11,-4,real,3.0948638916015625,3.6029911041259766,3.0948638916015625,0.0,retain,ret_000,M_npo_s1
11,-3,real,3.0948638916015625,3.6029911041259766,3.0948638916015625,0.0,retain,ret_000,M_npo_s1
11,-2,real,3.0948638916015625,3.6029911041259766,3.0948638916015625,0.0,retain,ret_000,M_npo_s1
11,-1,real,3.0948638916015625,3.6029911041259766,4.257965087890625,2.2889960774009497,retain,ret_000,M_npo_s1
11,-6,random_position,3.0948638916015625,3.6029911041259766,3.0948638916015625,0.0,retain,ret_000,M_npo_s1
0,-6,real,19.554210662841797,6.728273391723633,19.550643920898438,0.00027808821047262355,retain,ret_001,M_npo_s1
0,-5,real,19.554210662841797,6.728273391723633,19.54600715637207,0.0006396028840870341,retain,ret_001,M_npo_s1
0,-4,real,19.554210662841797,6.728273391723633,19.554122924804688,6.84067255708058e-06,retain,ret_001,M_npo_s1
0,-3,real,19.554210662841797,6.728273391723633,19.563549041748047,-0.0007280854965101417,retain,ret_001,M_npo_s1
0,-2,real,19.554210662841797,6.728273391723633,19.539365768432617,0.0011574120546034381,retain,ret_001,M_npo_s1
0,-1,real,19.554210662841797,6.728273391723633,19.52307891845703,0.0024272490755797658,retain,ret_001,M_npo_s1
0,-15,random_position,19.554210662841797,6.728273391723633,19.54718780517578,0.0005475512251124063,retain,ret_001,M_npo_s1
1,-6,real,19.554210662841797,6.728273391723633,19.549482345581055,0.0003686527667174512,retain,ret_001,M_npo_s1
1,-5,real,19.554210662841797,6.728273391723633,19.541006088256836,0.0010295212198406273,retain,ret_001,M_npo_s1
1,-4,real,19.554210662841797,6.728273391723633,19.56494903564453,-0.0008372388368774709,retain,ret_001,M_npo_s1
1,-3,real,19.554210662841797,6.728273391723633,19.564733505249023,-0.0008204345760307295,retain,ret_001,M_npo_s1
1,-2,real,19.554210662841797,6.728273391723633,19.50808334350586,0.0035964092417486247,retain,ret_001,M_npo_s1
1,-1,real,19.554210662841797,6.728273391723633,19.589082717895508,-0.0027188699208935702,retain,ret_001,M_npo_s1
1,-3,random_position,19.554210662841797,6.728273391723633,19.564733505249023,-0.0008204345760307295,retain,ret_001,M_npo_s1
2,-6,real,19.554210662841797,6.728273391723633,19.53760528564453,0.0012946716365639897,retain,ret_001,M_npo_s1
2,-5,real,19.554210662841797,6.728273391723633,19.539133071899414,0.0011755547079069996,retain,ret_001,M_npo_s1
2,-4,real,19.554210662841797,6.728273391723633,19.56711196899414,-0.0010058762864368052,retain,ret_001,M_npo_s1
2,-3,real,19.554210662841797,6.728273391723633,19.593124389648438,-0.003033986989338217,retain,ret_001,M_npo_s1
2,-2,real,19.554210662841797,6.728273391723633,19.496368408203125,0.004509787738391862,retain,ret_001,M_npo_s1
2,-1,real,19.554210662841797,6.728273391723633,19.701112747192383,-0.01145351651464759,retain,ret_001,M_npo_s1
2,-10,random_position,19.554210662841797,6.728273391723633,19.70669174194336,-0.011888494063114126,retain,ret_001,M_npo_s1
3,-6,real,19.554210662841797,6.728273391723633,19.53152847290039,0.0017684625662783098,retain,ret_001,M_npo_s1
3,-5,real,19.554210662841797,6.728273391723633,19.53769874572754,0.001287384833187969,retain,ret_001,M_npo_s1
3,-4,real,19.554210662841797,6.728273391723633,19.59922218322754,-0.0035094137320553173,retain,ret_001,M_npo_s1
3,-3,real,19.554210662841797,6.728273391723633,19.575103759765625,-0.001628972330223058,retain,ret_001,M_npo_s1
3,-2,real,19.554210662841797,6.728273391723633,19.599397659301758,-0.0035230950771694782,retain,ret_001,M_npo_s1
3,-1,real,19.554210662841797,6.728273391723633,19.743810653686523,-0.014782544685578151,retain,ret_001,M_npo_s1
3,-15,random_position,19.554210662841797,6.728273391723633,19.55501365661621,-6.26070249245853e-05,retain,ret_001,M_npo_s1
4,-6,real,19.554210662841797,6.728273391723633,19.536333084106445,0.001393861388641658,retain,ret_001,M_npo_s1
4,-5,real,19.554210662841797,6.728273391723633,19.55750274658203,-0.00025667393116350173,retain,ret_001,M_npo_s1
4,-4,real,19.554210662841797,6.728273391723633,19.5650577545166,-0.0008457153224373316,retain,ret_001,M_npo_s1
4,-3,real,19.554210662841797,6.728273391723633,19.594341278076172,-0.003128864143499465,retain,ret_001,M_npo_s1
4,-2,real,19.554210662841797,6.728273391723633,19.704212188720703,-0.01169517070824011,retain,ret_001,M_npo_s1
4,-1,real,19.554210662841797,6.728273391723633,20.007055282592773,-0.03530694172118757,retain,ret_001,M_npo_s1
4,-11,random_position,19.554210662841797,6.728273391723633,13.717529296875,0.4550686037666825,retain,ret_001,M_npo_s1
5,-6,real,19.554210662841797,6.728273391723633,19.544158935546875,0.0007837031386046663,retain,ret_001,M_npo_s1
5,-5,real,19.554210662841797,6.728273391723633,19.575162887573242,-0.0016335823486854383,retain,ret_001,M_npo_s1
5,-4,real,19.554210662841797,6.728273391723633,19.614151000976562,-0.004673369038669876,retain,ret_001,M_npo_s1
5,-3,real,19.554210662841797,6.728273391723633,19.60509490966797,-0.003967292662560776,retain,ret_001,M_npo_s1
5,-2,real,19.554210662841797,6.728273391723633,19.73971939086914,-0.014463561150036025,retain,ret_001,M_npo_s1
5,-1,real,19.554210662841797,6.728273391723633,20.443161010742188,-0.06930880208670255,retain,ret_001,M_npo_s1
5,-13,random_position,19.554210662841797,6.728273391723633,19.592628479003906,-0.0029953223183634137,retain,ret_001,M_npo_s1
6,-6,real,19.554210662841797,6.728273391723633,19.617107391357422,-0.004903869961788895,retain,ret_001,M_npo_s1
6,-5,real,19.554210662841797,6.728273391723633,19.71592140197754,-0.012608103074064408,retain,ret_001,M_npo_s1
6,-4,real,19.554210662841797,6.728273391723633,19.781963348388672,-0.017757196275997342,retain,ret_001,M_npo_s1
6,-3,real,19.554210662841797,6.728273391723633,19.64666748046875,-0.007208581772433131,retain,ret_001,M_npo_s1
6,-2,real,19.554210662841797,6.728273391723633,19.83895492553711,-0.02220065923264012,retain,ret_001,M_npo_s1
6,-1,real,19.554210662841797,6.728273391723633,21.21748924255371,-0.12968086031867124,retain,ret_001,M_npo_s1
6,-2,random_position,19.554210662841797,6.728273391723633,19.83895492553711,-0.02220065923264012,retain,ret_001,M_npo_s1
7,-6,real,19.554210662841797,6.728273391723633,19.578577041625977,-0.0018997737373196608,retain,ret_001,M_npo_s1
7,-5,real,19.554210662841797,6.728273391723633,19.726289749145508,-0.013416492117983757,retain,ret_001,M_npo_s1
7,-4,real,19.554210662841797,6.728273391723633,19.766639709472656,-0.016562457942875922,retain,ret_001,M_npo_s1
7,-3,real,19.554210662841797,6.728273391723633,19.64786148071289,-0.007301674403318618,retain,ret_001,M_npo_s1
7,-2,real,19.554210662841797,6.728273391723633,19.82727813720703,-0.021290254941456484,retain,ret_001,M_npo_s1
7,-1,real,19.554210662841797,6.728273391723633,21.69205665588379,-0.1666814633388282,retain,ret_001,M_npo_s1
7,-9,random_position,19.554210662841797,6.728273391723633,19.349395751953125,0.01596880653313971,retain,ret_001,M_npo_s1
8,-6,real,19.554210662841797,6.728273391723633,19.535125732421875,0.001487994991438006,retain,ret_001,M_npo_s1
8,-5,real,19.554210662841797,6.728273391723633,19.753829956054688,-0.015563719749542158,retain,ret_001,M_npo_s1
8,-4,real,19.554210662841797,6.728273391723633,19.828596115112305,-0.021393013740085672,retain,ret_001,M_npo_s1
8,-3,real,19.554210662841797,6.728273391723633,19.69404411315918,-0.010902396242983663,retain,ret_001,M_npo_s1
8,-2,real,19.554210662841797,6.728273391723633,19.806884765625,-0.019700244702754187,retain,ret_001,M_npo_s1
8,-1,real,19.554210662841797,6.728273391723633,21.456262588500977,-0.1482973045519471,retain,ret_001,M_npo_s1
8,-6,random_position,19.554210662841797,6.728273391723633,19.535125732421875,0.001487994991438006,retain,ret_001,M_npo_s1
9,-6,real,19.554210662841797,6.728273391723633,19.49073028564453,0.004949375305320779,retain,ret_001,M_npo_s1
9,-5,real,19.554210662841797,6.728273391723633,19.76940155029297,-0.01677779041815098,retain,ret_001,M_npo_s1
9,-4,real,19.554210662841797,6.728273391723633,19.28717041015625,0.020820330478839643,retain,ret_001,M_npo_s1
9,-3,real,19.554210662841797,6.728273391723633,19.4841365814209,0.005463466719012683,retain,ret_001,M_npo_s1
9,-2,real,19.554210662841797,6.728273391723633,19.448123931884766,0.008271265383148301,retain,ret_001,M_npo_s1
9,-1,real,19.554210662841797,6.728273391723633,19.94786262512207,-0.03069186710952586,retain,ret_001,M_npo_s1
9,-14,random_position,19.554210662841797,6.728273391723633,19.552318572998047,0.0001475205907961725,retain,ret_001,M_npo_s1
10,-6,real,19.554210662841797,6.728273391723633,19.45469093322754,0.007759255913278117,retain,ret_001,M_npo_s1
10,-5,real,19.554210662841797,6.728273391723633,19.56624984741211,-0.0009386592430498395,retain,ret_001,M_npo_s1
10,-4,real,19.554210662841797,6.728273391723633,19.072179794311523,0.03758250631832772,retain,ret_001,M_npo_s1
10,-3,real,19.554210662841797,6.728273391723633,19.432493209838867,0.009489946070219505,retain,ret_001,M_npo_s1
10,-2,real,19.554210662841797,6.728273391723633,19.32292938232422,0.018032310281010367,retain,ret_001,M_npo_s1
10,-1,real,19.554210662841797,6.728273391723633,16.591188430786133,0.23101798873817103,retain,ret_001,M_npo_s1
10,-7,random_position,19.554210662841797,6.728273391723633,19.859638214111328,-0.023813273432835378,retain,ret_001,M_npo_s1
11,-6,real,19.554210662841797,6.728273391723633,19.554210662841797,-0.0,retain,ret_001,M_npo_s1
11,-5,real,19.554210662841797,6.728273391723633,19.554210662841797,-0.0,retain,ret_001,M_npo_s1
11,-4,real,19.554210662841797,6.728273391723633,19.554210662841797,-0.0,retain,ret_001,M_npo_s1
11,-3,real,19.554210662841797,6.728273391723633,19.554210662841797,-0.0,retain,ret_001,M_npo_s1
11,-2,real,19.554210662841797,6.728273391723633,19.554210662841797,-0.0,retain,ret_001,M_npo_s1
11,-1,real,19.554210662841797,6.728273391723633,6.78651237487793,0.9954592805248283,retain,ret_001,M_npo_s1
11,-7,random_position,19.554210662841797,6.728273391723633,19.554210662841797,-0.0,retain,ret_001,M_npo_s1
0,-6,real,19.897850036621094,6.981222152709961,19.702482223510742,0.015125295461495832,retain,ret_001,M_npo_s1
0,-5,real,19.897850036621094,6.981222152709961,20.041528701782227,-0.011123542959699103,retain,ret_001,M_npo_s1
0,-4,real,19.897850036621094,6.981222152709961,19.807165145874023,0.007020786815421602,retain,ret_001,M_npo_s1
0,-3,real,19.897850036621094,6.981222152709961,19.88650894165039,0.0008780228920916362,retain,ret_001,M_npo_s1
0,-2,real,19.897850036621094,6.981222152709961,19.906492233276367,-0.0006690752983631355,retain,ret_001,M_npo_s1
0,-1,real,19.897850036621094,6.981222152709961,19.904085159301758,-0.0004827206246632289,retain,ret_001,M_npo_s1
0,-12,random_position,19.897850036621094,6.981222152709961,19.882823944091797,0.001163313882256628,retain,ret_001,M_npo_s1
1,-6,real,19.897850036621094,6.981222152709961,19.658435821533203,0.01853534972437376,retain,ret_001,M_npo_s1
1,-5,real,19.897850036621094,6.981222152709961,20.258787155151367,-0.027943602755627447,retain,ret_001,M_npo_s1
1,-4,real,19.897850036621094,6.981222152709961,20.387683868408203,-0.03792273309949907,retain,ret_001,M_npo_s1
1,-3,real,19.897850036621094,6.981222152709961,19.865982055664062,0.0024672059335800636,retain,ret_001,M_npo_s1
1,-2,real,19.897850036621094,6.981222152709961,19.891845703125,0.0004648530212419225,retain,ret_001,M_npo_s1
1,-1,real,19.897850036621094,6.981222152709961,20.00519371032715,-0.008310502916923175,retain,ret_001,M_npo_s1
1,-3,random_position,19.897850036621094,6.981222152709961,19.865982055664062,0.0024672059335800636,retain,ret_001,M_npo_s1
2,-6,real,19.897850036621094,6.981222152709961,20.30839729309082,-0.03178439916048844,retain,ret_001,M_npo_s1
2,-5,real,19.897850036621094,6.981222152709961,20.184139251708984,-0.022164392878770672,retain,ret_001,M_npo_s1
2,-4,real,19.897850036621094,6.981222152709961,20.66472816467285,-0.059371388178409645,retain,ret_001,M_npo_s1
2,-3,real,19.897850036621094,6.981222152709961,19.838367462158203,0.00460511636608977,retain,ret_001,M_npo_s1
2,-2,real,19.897850036621094,6.981222152709961,19.90958023071289,-0.000908146785463095,retain,ret_001,M_npo_s1
2,-1,real,19.897850036621094,6.981222152709961,20.125415802001953,-0.017618047637984045,retain,ret_001,M_npo_s1
2,-8,random_position,19.897850036621094,6.981222152709961,18.371845245361328,0.11814266114769376,retain,ret_001,M_npo_s1
3,-6,real,19.897850036621094,6.981222152709961,20.077608108520508,-0.013916795739182015,retain,ret_001,M_npo_s1
3,-5,real,19.897850036621094,6.981222152709961,20.21013832092285,-0.024177230087331233,retain,ret_001,M_npo_s1
3,-4,real,19.897850036621094,6.981222152709961,22.172377586364746,-0.17609298418953362,retain,ret_001,M_npo_s1
3,-3,real,19.897850036621094,6.981222152709961,19.862995147705078,0.002698451115049203,retain,ret_001,M_npo_s1
3,-2,real,19.897850036621094,6.981222152709961,19.904083251953125,-0.0004825729585192512,retain,ret_001,M_npo_s1
3,-1,real,19.897850036621094,6.981222152709961,20.202608108520508,-0.02359424415090712,retain,ret_001,M_npo_s1
3,-12,random_position,19.897850036621094,6.981222152709961,19.86017608642578,0.002916701675848301,retain,ret_001,M_npo_s1
4,-6,real,19.897850036621094,6.981222152709961,19.688352584838867,0.016219206256082922,retain,ret_001,M_npo_s1
4,-5,real,19.897850036621094,6.981222152709961,20.484037399291992,-0.04538238369482252,retain,ret_001,M_npo_s1
4,-4,real,19.897850036621094,6.981222152709961,22.61631202697754,-0.2104622053672804,retain,ret_001,M_npo_s1
4,-3,real,19.897850036621094,6.981222152709961,19.869991302490234,0.0021568116989388562,retain,ret_001,M_npo_s1
4,-2,real,19.897850036621094,6.981222152709961,19.905122756958008,-0.000563051006987119,retain,ret_001,M_npo_s1
4,-1,real,19.897850036621094,6.981222152709961,20.374021530151367,-0.03686500051018653,retain,ret_001,M_npo_s1
4,-9,random_position,19.897850036621094,6.981222152709961,19.7078857421875,0.014706957275606896,retain,ret_001,M_npo_s1
5,-6,real,19.897850036621094,6.981222152709961,19.85348892211914,0.0034344191766342543,retain,ret_001,M_npo_s1
5,-5,real,19.897850036621094,6.981222152709961,20.488357543945312,-0.04571684751093209,retain,ret_001,M_npo_s1
5,-4,real,19.897850036621094,6.981222152709961,22.940333366394043,-0.23554780373929068,retain,ret_001,M_npo_s1
5,-3,real,19.897850036621094,6.981222152709961,19.839935302734375,0.004483734795740068,retain,ret_001,M_npo_s1
5,-2,real,19.897850036621094,6.981222152709961,19.901416778564453,-0.000276135689238372,retain,ret_001,M_npo_s1
5,-1,real,19.897850036621094,6.981222152709961,20.705337524414062,-0.06251534804983969,retain,ret_001,M_npo_s1
5,-11,random_position,19.897850036621094,6.981222152709961,19.943912506103516,-0.003566137377062398,retain,ret_001,M_npo_s1
6,-6,real,19.897850036621094,6.981222152709961,19.797338485717773,0.007781562789194914,retain,ret_001,M_npo_s1
6,-5,real,19.897850036621094,6.981222152709961,20.586584091186523,-0.053321506259641674,retain,ret_001,M_npo_s1
6,-4,real,19.897850036621094,6.981222152709961,23.28545379638672,-0.2622668849959827,retain,ret_001,M_npo_s1
6,-3,real,19.897850036621094,6.981222152709961,19.901025772094727,-0.0002458641297229355,retain,ret_001,M_npo_s1
6,-2,real,19.897850036621094,6.981222152709961,19.901357650756836,-0.0002715580387750621,retain,ret_001,M_npo_s1
6,-1,real,19.897850036621094,6.981222152709961,21.323610305786133,-0.11038177161865573,retain,ret_001,M_npo_s1
6,-2,random_position,19.897850036621094,6.981222152709961,19.901357650756836,-0.0002715580387750621,retain,ret_001,M_npo_s1
7,-6,real,19.897850036621094,6.981222152709961,19.790285110473633,0.008327632189624594,retain,ret_001,M_npo_s1
7,-5,real,19.897850036621094,6.981222152709961,20.259002685546875,-0.02796028902989693,retain,ret_001,M_npo_s1
7,-4,real,19.897850036621094,6.981222152709961,23.20741844177246,-0.2562254200474215,retain,ret_001,M_npo_s1
7,-3,real,19.897850036621094,6.981222152709961,19.911556243896484,-0.0010611289106240327,retain,ret_001,M_npo_s1
7,-2,real,19.897850036621094,6.981222152709961,19.90374755859375,-0.00045658371717916907,retain,ret_001,M_npo_s1
7,-1,real,19.897850036621094,6.981222152709961,21.676849365234375,-0.13772939381718902,retain,ret_001,M_npo_s1
7,-8,random_position,19.897850036621094,6.981222152709961,10.902183532714844,0.6964407881650901,retain,ret_001,M_npo_s1
8,-6,real,19.897850036621094,6.981222152709961,19.81854248046875,0.006139958266594389,retain,ret_001,M_npo_s1
8,-5,real,19.897850036621094,6.981222152709961,20.035215377807617,-0.010634768023132787,retain,ret_001,M_npo_s1
8,-4,real,19.897850036621094,6.981222152709961,23.024660110473633,-0.2420763454637625,retain,ret_001,M_npo_s1
8,-3,real,19.897850036621094,6.981222152709961,19.95311164855957,-0.004278331189467033,retain,ret_001,M_npo_s1
8,-2,real,19.897850036621094,6.981222152709961,19.948379516601562,-0.003911971486258262,retain,ret_001,M_npo_s1
8,-1,real,19.897850036621094,6.981222152709961,21.367990493774414,-0.11381766745672976,retain,ret_001,M_npo_s1
8,-5,random_position,19.897850036621094,6.981222152709961,20.035215377807617,-0.010634768023132787,retain,ret_001,M_npo_s1
9,-6,real,19.897850036621094,6.981222152709961,20.066051483154297,-0.013022086572820894,retain,ret_001,M_npo_s1
9,-5,real,19.897850036621094,6.981222152709961,19.565248489379883,0.025749874520694153,retain,ret_001,M_npo_s1
9,-4,real,19.897850036621094,6.981222152709961,22.371034622192383,-0.19147292991631906,retain,ret_001,M_npo_s1
9,-3,real,19.897850036621094,6.981222152709961,20.012914657592773,-0.008908255467745064,retain,ret_001,M_npo_s1
9,-2,real,19.897850036621094,6.981222152709961,19.93939971923828,-0.0032167592804110672,retain,ret_001,M_npo_s1
9,-1,real,19.897850036621094,6.981222152709961,19.3459415435791,0.04272852775525459,retain,ret_001,M_npo_s1
9,-11,random_position,19.897850036621094,6.981222152709961,19.897476196289062,2.894256421963685e-05,retain,ret_001,M_npo_s1
10,-6,real,19.897850036621094,6.981222152709961,19.67336654663086,0.017379419149316018,retain,ret_001,M_npo_s1
10,-5,real,19.897850036621094,6.981222152709961,19.664539337158203,0.018062818063644993,retain,ret_001,M_npo_s1
10,-4,real,19.897850036621094,6.981222152709961,20.430696487426758,-0.041252752312341066,retain,ret_001,M_npo_s1
10,-3,real,19.897850036621094,6.981222152709961,19.93686866760254,-0.0030208063073526074,retain,ret_001,M_npo_s1
10,-2,real,19.897850036621094,6.981222152709961,19.85662078857422,0.003191951368222807,retain,ret_001,M_npo_s1
10,-1,real,19.897850036621094,6.981222152709961,15.113378524780273,0.3704118098656637,retain,ret_001,M_npo_s1
10,-6,random_position,19.897850036621094,6.981222152709961,19.67336654663086,0.017379419149316018,retain,ret_001,M_npo_s1
11,-6,real,19.897850036621094,6.981222152709961,19.897850036621094,-0.0,retain,ret_001,M_npo_s1
11,-5,real,19.897850036621094,6.981222152709961,19.897850036621094,-0.0,retain,ret_001,M_npo_s1
11,-4,real,19.897850036621094,6.981222152709961,19.897850036621094,-0.0,retain,ret_001,M_npo_s1
11,-3,real,19.897850036621094,6.981222152709961,19.897850036621094,-0.0,retain,ret_001,M_npo_s1
11,-2,real,19.897850036621094,6.981222152709961,19.897850036621094,-0.0,retain,ret_001,M_npo_s1
11,-1,real,19.897850036621094,6.981222152709961,7.047697067260742,0.9948535395500878,retain,ret_001,M_npo_s1
11,-6,random_position,19.897850036621094,6.981222152709961,19.897850036621094,-0.0,retain,ret_001,M_npo_s1
0,-6,real,18.89032554626465,7.286382675170898,18.637197494506836,0.021813969145640363,retain,ret_001,M_npo_s1
0,-5,real,18.89032554626465,7.286382675170898,18.980697631835938,-0.007788049852986813,retain,ret_001,M_npo_s1
0,-4,real,18.89032554626465,7.286382675170898,18.8028621673584,0.007537384480246582,retain,ret_001,M_npo_s1
0,-3,real,18.89032554626465,7.286382675170898,19.117136001586914,-0.019545981727233996,retain,ret_001,M_npo_s1
0,-2,real,18.89032554626465,7.286382675170898,18.839353561401367,0.0043926435548261875,retain,ret_001,M_npo_s1
0,-1,real,18.89032554626465,7.286382675170898,18.865365982055664,0.0021509554542155176,retain,ret_001,M_npo_s1
0,-13,random_position,18.89032554626465,7.286382675170898,18.879419326782227,0.0009398718697236994,retain,ret_001,M_npo_s1
1,-6,real,18.89032554626465,7.286382675170898,18.36925506591797,0.04490460579952556,retain,ret_001,M_npo_s1
1,-5,real,18.89032554626465,7.286382675170898,19.120832443237305,-0.019864532214034367,retain,ret_001,M_npo_s1
1,-4,real,18.89032554626465,7.286382675170898,18.77449607849121,0.009981906069356561,retain,ret_001,M_npo_s1
1,-3,real,18.89032554626465,7.286382675170898,19.53164291381836,-0.055267194493974825,retain,ret_001,M_npo_s1
1,-2,real,18.89032554626465,7.286382675170898,19.497211456298828,-0.05229997396367538,retain,ret_001,M_npo_s1
1,-1,real,18.89032554626465,7.286382675170898,18.926589965820312,-0.0031251808078098455,retain,ret_001,M_npo_s1
1,-3,random_position,18.89032554626465,7.286382675170898,19.53164291381836,-0.055267194493974825,retain,ret_001,M_npo_s1
2,-6,real,18.89032554626465,7.286382675170898,17.35917091369629,0.131951238434875,retain,ret_001,M_npo_s1
2,-5,real,18.89032554626465,7.286382675170898,19.386672973632812,-0.04277403231660171,retain,ret_001,M_npo_s1
2,-4,real,18.89032554626465,7.286382675170898,19.410367965698242,-0.044816009972701305,retain,ret_001,M_npo_s1
2,-3,real,18.89032554626465,7.286382675170898,19.577024459838867,-0.0591780674209311,retain,ret_001,M_npo_s1
2,-2,real,18.89032554626465,7.286382675170898,20.026649475097656,-0.0979256741830117,retain,ret_001,M_npo_s1
2,-1,real,18.89032554626465,7.286382675170898,19.06238555908203,-0.014827719743949842,retain,ret_001,M_npo_s1
2,-9,random_position,18.89032554626465,7.286382675170898,18.92700958251953,-0.003161342369778928,retain,ret_001,M_npo_s1
3,-6,real,18.89032554626465,7.286382675170898,15.365367889404297,0.30377240701876196,retain,ret_001,M_npo_s1
3,-5,real,18.89032554626465,7.286382675170898,19.510765075683594,-0.05346799241527675,retain,ret_001,M_npo_s1
3,-4,real,18.89032554626465,7.286382675170898,19.09048843383789,-0.01724955817146103,retain,ret_001,M_npo_s1
3,-3,real,18.89032554626465,7.286382675170898,19.53660011291504,-0.05569439403741867,retain,ret_001,M_npo_s1
3,-2,real,18.89032554626465,7.286382675170898,22.045307159423828,-0.2718887578306219,retain,ret_001,M_npo_s1
3,-1,real,18.89032554626465,7.286382675170898,19.195613861083984,-0.026309015669133542,retain,ret_001,M_npo_s1
3,-13,random_position,18.89032554626465,7.286382675170898,18.848834991455078,0.0035755566250611458,retain,ret_001,M_npo_s1
4,-6,real,18.89032554626465,7.286382675170898,13.468830108642578,0.4672114899089518,retain,ret_001,M_npo_s1
4,-5,real,18.89032554626465,7.286382675170898,19.010496139526367,-0.010356013865000341,retain,ret_001,M_npo_s1
4,-4,real,18.89032554626465,7.286382675170898,18.63174057006836,0.02228423382197466,retain,ret_001,M_npo_s1
4,-3,real,18.89032554626465,7.286382675170898,19.75048065185547,-0.07412610654379626,retain,ret_001,M_npo_s1
4,-2,real,18.89032554626465,7.286382675170898,22.4726505279541,-0.3087161856521442,retain,ret_001,M_npo_s1
4,-1,real,18.89032554626465,7.286382675170898,19.568452835083008,-0.05843938533234448,retain,ret_001,M_npo_s1
4,-10,random_position,18.89032554626465,7.286382675170898,18.855749130249023,0.0029797127062523997,retain,ret_001,M_npo_s1
5,-6,real,18.89032554626465,7.286382675170898,12.007532119750977,0.5931426501296556,retain,ret_001,M_npo_s1
5,-5,real,18.89032554626465,7.286382675170898,18.258411407470703,0.05445684676439493,retain,ret_001,M_npo_s1
5,-4,real,18.89032554626465,7.286382675170898,18.834640502929688,0.004798803644033474,retain,ret_001,M_npo_s1
5,-3,real,18.89032554626465,7.286382675170898,19.441802978515625,-0.04752500407639426,retain,ret_001,M_npo_s1
5,-2,real,18.89032554626465,7.286382675170898,23.0543212890625,-0.35884317848295016,retain,ret_001,M_npo_s1
5,-1,real,18.89032554626465,7.286382675170898,20.123510360717773,-0.1062729132806295,retain,ret_001,M_npo_s1
5,-12,random_position,18.89032554626465,7.286382675170898,18.811546325683594,0.0067890045182227975,retain,ret_001,M_npo_s1
6,-6,real,18.89032554626465,7.286382675170898,10.521419525146484,0.7212122736286221,retain,ret_001,M_npo_s1
6,-5,real,18.89032554626465,7.286382675170898,17.777618408203125,0.09589043572709724,retain,ret_001,M_npo_s1
6,-4,real,18.89032554626465,7.286382675170898,18.76262664794922,0.011004785160872927,retain,ret_001,M_npo_s1
6,-3,real,18.89032554626465,7.286382675170898,19.452484130859375,-0.048445480199243635,retain,ret_001,M_npo_s1
6,-2,real,18.89032554626465,7.286382675170898,23.570959091186523,-0.4033657866914932,retain,ret_001,M_npo_s1
6,-1,real,18.89032554626465,7.286382675170898,21.154878616333008,-0.19515375896149253,retain,ret_001,M_npo_s1
6,-2,random_position,18.89032554626465,7.286382675170898,23.570959091186523,-0.4033657866914932,retain,ret_001,M_npo_s1
7,-6,real,18.89032554626465,7.286382675170898,10.386695861816406,0.7328224362110047,retain,ret_001,M_npo_s1
7,-5,real,18.89032554626465,7.286382675170898,16.92103385925293,0.16970884025268385,retain,ret_001,M_npo_s1
7,-4,real,18.89032554626465,7.286382675170898,18.729822158813477,0.013831797453174064,retain,ret_001,M_npo_s1
7,-3,real,18.89032554626465,7.286382675170898,19.11492919921875,-0.019355804785423866,retain,ret_001,M_npo_s1
7,-2,real,18.89032554626465,7.286382675170898,23.721994400024414,-0.4163816478100558,retain,ret_001,M_npo_s1
7,-1,real,18.89032554626465,7.286382675170898,21.56302261352539,-0.2303266309521931,retain,ret_001,M_npo_s1
7,-8,random_position,18.89032554626465,7.286382675170898,18.93740463256836,-0.004057162882194836,retain,ret_001,M_npo_s1
8,-6,real,18.89032554626465,7.286382675170898,8.87640380859375,0.8629757875330714,retain,ret_001,M_npo_s1
8,-5,real,18.89032554626465,7.286382675170898,16.927841186523438,0.1691222010951036,retain,ret_001,M_npo_s1
8,-4,real,18.89032554626465,7.286382675170898,18.741235733032227,0.01284820296761502,retain,ret_001,M_npo_s1
8,-3,real,18.89032554626465,7.286382675170898,18.935781478881836,-0.003917283385668976,retain,ret_001,M_npo_s1
8,-2,real,18.89032554626465,7.286382675170898,23.91245460510254,-0.43279505204634994,retain,ret_001,M_npo_s1
8,-1,real,18.89032554626465,7.286382675170898,21.720056533813477,-0.24385943803617735,retain,ret_001,M_npo_s1
8,-5,random_position,18.89032554626465,7.286382675170898,16.927841186523438,0.1691222010951036,retain,ret_001,M_npo_s1
9,-6,real,18.89032554626465,7.286382675170898,17.571380615234375,0.11366351469342885,retain,ret_001,M_npo_s1
9,-5,real,18.89032554626465,7.286382675170898,14.492834091186523,0.37896527964064614,retain,ret_001,M_npo_s1
9,-4,real,18.89032554626465,7.286382675170898,18.97901725769043,-0.00764323923437426,retain,ret_001,M_npo_s1
9,-3,real,18.89032554626465,7.286382675170898,18.61351776123047,0.02385463183585018,retain,ret_001,M_npo_s1
9,-2,real,18.89032554626465,7.286382675170898,21.86553382873535,-0.2563963228293858,retain,ret_001,M_npo_s1
9,-1,real,18.89032554626465,7.286382675170898,20.101303100585938,-0.10435914479878391,retain,ret_001,M_npo_s1
9,-12,random_position,18.89032554626465,7.286382675170898,18.84457778930664,0.00394243210831111,retain,ret_001,M_npo_s1
10,-6,real,18.89032554626465,7.286382675170898,18.746055603027344,0.01243283811717924,retain,ret_001,M_npo_s1
10,-5,real,18.89032554626465,7.286382675170898,14.92744255065918,0.34151176368485003,retain,ret_001,M_npo_s1
10,-4,real,18.89032554626465,7.286382675170898,18.686782836914062,0.01754082311604837,retain,ret_001,M_npo_s1
10,-3,real,18.89032554626465,7.286382675170898,18.703115463256836,0.016133316501769943,retain,ret_001,M_npo_s1
10,-2,real,18.89032554626465,7.286382675170898,19.778188705444336,-0.07651392022890927,retain,ret_001,M_npo_s1
10,-1,real,18.89032554626465,7.286382675170898,17.01835060119629,0.16132231654910872,retain,ret_001,M_npo_s1
10,-6,random_position,18.89032554626465,7.286382675170898,18.746055603027344,0.01243283811717924,retain,ret_001,M_npo_s1
11,-6,real,18.89032554626465,7.286382675170898,18.89032554626465,-0.0,retain,ret_001,M_npo_s1
11,-5,real,18.89032554626465,7.286382675170898,18.89032554626465,-0.0,retain,ret_001,M_npo_s1
11,-4,real,18.89032554626465,7.286382675170898,18.89032554626465,-0.0,retain,ret_001,M_npo_s1
11,-3,real,18.89032554626465,7.286382675170898,18.89032554626465,-0.0,retain,ret_001,M_npo_s1
11,-2,real,18.89032554626465,7.286382675170898,18.89032554626465,-0.0,retain,ret_001,M_npo_s1
11,-1,real,18.89032554626465,7.286382675170898,7.356691360473633,0.993940965921344,retain,ret_001,M_npo_s1
11,-6,random_position,18.89032554626465,7.286382675170898,18.89032554626465,-0.0,retain,ret_001,M_npo_s1
0,-6,real,19.811330795288086,6.348766326904297,19.911378860473633,-0.007431575567976305,retain,ret_001,M_npo_s1
0,-5,real,19.811330795288086,6.348766326904297,19.6541748046875,0.011673555285076593,retain,ret_001,M_npo_s1
0,-4,real,19.811330795288086,6.348766326904297,19.80331802368164,0.0005951890982778903,retain,ret_001,M_npo_s1
0,-3,real,19.811330795288086,6.348766326904297,19.812843322753906,-0.00011235062007483147,retain,ret_001,M_npo_s1
0,-2,real,19.811330795288086,6.348766326904297,19.792499542236328,0.0013987864716252347,retain,ret_001,M_npo_s1
0,-1,real,19.811330795288086,6.348766326904297,19.825176239013672,-0.0010284402914542265,retain,ret_001,M_npo_s1
0,-13,random_position,19.811330795288086,6.348766326904297,19.802364349365234,0.0006660280768874939,retain,ret_001,M_npo_s1
1,-6,real,19.811330795288086,6.348766326904297,20.101959228515625,-0.02158789537536229,retain,ret_001,M_npo_s1
1,-5,real,19.811330795288086,6.348766326904297,20.207948684692383,-0.029460797780076424,retain,ret_001,M_npo_s1
1,-4,real,19.811330795288086,6.348766326904297,19.803058624267578,0.0006144573004597025,retain,ret_001,M_npo_s1
1,-3,real,19.811330795288086,6.348766326904297,19.81891441345215,-0.0005633115579035685,retain,ret_001,M_npo_s1
1,-2,real,19.811330795288086,6.348766326904297,19.778701782226562,0.002423684814148981,retain,ret_001,M_npo_s1
1,-1,real,19.811330795288086,6.348766326904297,19.916229248046875,-0.007791862613184749,retain,ret_001,M_npo_s1
1,-3,random_position,19.811330795288086,6.348766326904297,19.81891441345215,-0.0005633115579035685,retain,ret_001,M_npo_s1
2,-6,real,19.811330795288086,6.348766326904297,20.033761978149414,-0.016522200014989528,retain,ret_001,M_npo_s1
2,-5,real,19.811330795288086,6.348766326904297,20.5211238861084,-0.05272346828772696,retain,ret_001,M_npo_s1
2,-4,real,19.811330795288086,6.348766326904297,19.787109375,0.0017991683787267148,retain,ret_001,M_npo_s1
2,-3,real,19.811330795288086,6.348766326904297,19.826457977294922,-0.0011236478787055339,retain,ret_001,M_npo_s1
2,-2,real,19.811330795288086,6.348766326904297,19.78631019592285,0.0018585314428015626,retain,ret_001,M_npo_s1
2,-1,real,19.811330795288086,6.348766326904297,20.017127990722656,-0.01528662655008082,retain,ret_001,M_npo_s1
2,-9,random_position,19.811330795288086,6.348766326904297,18.366519927978516,0.10732062755967794,retain,ret_001,M_npo_s1
3,-6,real,19.811330795288086,6.348766326904297,20.129047393798828,-0.023600005723789473,retain,ret_001,M_npo_s1
3,-5,real,19.811330795288086,6.348766326904297,21.942769050598145,-0.158323346217999,retain,ret_001,M_npo_s1
3,-4,real,19.811330795288086,6.348766326904297,19.78589630126953,0.0018892755595181306,retain,ret_001,M_npo_s1
3,-3,real,19.811330795288086,6.348766326904297,19.830516815185547,-0.0014251385716680073,retain,ret_001,M_npo_s1
3,-2,real,19.811330795288086,6.348766326904297,19.810903549194336,3.1735862417102454e-05,retain,ret_001,M_npo_s1
3,-1,real,19.811330795288086,6.348766326904297,20.0676326751709,-0.019038117179288213,retain,ret_001,M_npo_s1
3,-13,random_position,19.811330795288086,6.348766326904297,19.780858993530273,0.0022634470445340575,retain,ret_001,M_npo_s1
4,-6,real,19.811330795288086,6.348766326904297,20.361797332763672,-0.04088868348733491,retain,ret_001,M_npo_s1
4,-5,real,19.811330795288086,6.348766326904297,22.281346321105957,-0.18347288375989496,retain,ret_001,M_npo_s1
4,-4,real,19.811330795288086,6.348766326904297,19.762422561645508,0.003632906179014916,retain,ret_001,M_npo_s1
4,-3,real,19.811330795288086,6.348766326904297,19.837343215942383,-0.0019322039805555503,retain,ret_001,M_npo_s1
4,-2,real,19.811330795288086,6.348766326904297,19.805957794189453,0.00039910680548650723,retain,ret_001,M_npo_s1
4,-1,real,19.811330795288086,6.348766326904297,20.268112182617188,-0.03392974558464188,retain,ret_001,M_npo_s1
4,-10,random_position,19.811330795288086,6.348766326904297,19.628549575805664,0.013576998640316645,retain,ret_001,M_npo_s1
5,-6,real,19.811330795288086,6.348766326904297,20.3911075592041,-0.04306584865592247,retain,ret_001,M_npo_s1
5,-5,real,19.811330795288086,6.348766326904297,22.61799907684326,-0.20847946824295674,retain,ret_001,M_npo_s1
5,-4,real,19.811330795288086,6.348766326904297,19.74024772644043,0.005280054109645421,retain,ret_001,M_npo_s1
5,-3,real,19.811330795288086,6.348766326904297,19.824249267578125,-0.0009595848042456917,retain,ret_001,M_npo_s1
5,-2,real,19.811330795288086,6.348766326904297,19.818323135375977,-0.0005193913911656143,retain,ret_001,M_npo_s1
5,-1,real,19.811330795288086,6.348766326904297,20.61334800720215,-0.059573880875190076,retain,ret_001,M_npo_s1
5,-12,random_position,19.811330795288086,6.348766326904297,19.857418060302734,-0.0034233644802877084,retain,ret_001,M_npo_s1
6,-6,real,19.811330795288086,6.348766326904297,20.503097534179688,-0.051384469914048235,retain,ret_001,M_npo_s1
6,-5,real,19.811330795288086,6.348766326904297,22.886768341064453,-0.22844366338960828,retain,ret_001,M_npo_s1
6,-4,real,19.811330795288086,6.348766326904297,19.74574851989746,0.004871454881025227,retain,ret_001,M_npo_s1
6,-3,real,19.811330795288086,6.348766326904297,19.821727752685547,-0.0007722865448018995,retain,ret_001,M_npo_s1
6,-2,real,19.811330795288086,6.348766326904297,19.853864669799805,-0.003159418445988325,retain,ret_001,M_npo_s1
6,-1,real,19.811330795288086,6.348766326904297,21.080215454101562,-0.09425281949760712,retain,ret_001,M_npo_s1
6,-2,random_position,19.811330795288086,6.348766326904297,19.853864669799805,-0.003159418445988325,retain,ret_001,M_npo_s1
7,-6,real,19.811330795288086,6.348766326904297,20.199390411376953,-0.02882508878603384,retain,ret_001,M_npo_s1
7,-5,real,19.811330795288086,6.348766326904297,22.826603889465332,-0.2239746447460642,retain,ret_001,M_npo_s1
7,-4,real,19.811330795288086,6.348766326904297,19.71853256225586,0.006893057652586097,retain,ret_001,M_npo_s1
7,-3,real,19.811330795288086,6.348766326904297,19.820331573486328,-0.0006685782801174397,retain,ret_001,M_npo_s1
7,-2,real,19.811330795288086,6.348766326904297,19.89326286315918,-0.006085918330308273,retain,ret_001,M_npo_s1
7,-1,real,19.811330795288086,6.348766326904297,21.007734298706055,-0.08886891544532002,retain,ret_001,M_npo_s1
7,-8,random_position,19.811330795288086,6.348766326904297,16.63326644897461,0.23606678755574495,retain,ret_001,M_npo_s1
8,-6,real,19.811330795288086,6.348766326904297,19.99603271484375,-0.013719668343236386,retain,ret_001,M_npo_s1
8,-5,real,19.811330795288086,6.348766326904297,22.695860862731934,-0.2142630458125592,retain,ret_001,M_npo_s1
8,-4,real,19.811330795288086,6.348766326904297,19.681943893432617,0.009610865905922153,retain,ret_001,M_npo_s1
8,-3,real,19.811330795288086,6.348766326904297,19.818206787109375,-0.0005107490357752427,retain,ret_001,M_npo_s1
8,-2,real,19.811330795288086,6.348766326904297,19.899927139282227,-0.006580941112832184,retain,ret_001,M_npo_s1
8,-1,real,19.811330795288086,6.348766326904297,20.911405563354492,-0.08171361189392118,retain,ret_001,M_npo_s1
8,-5,random_position,19.811330795288086,6.348766326904297,22.695860862731934,-0.2142630458125592,retain,ret_001,M_npo_s1
9,-6,real,19.811330795288086,6.348766326904297,19.523487091064453,0.021381045557822245,retain,ret_001,M_npo_s1
9,-5,real,19.811330795288086,6.348766326904297,22.284159660339355,-0.1836818587467933,retain,ret_001,M_npo_s1
9,-4,real,19.811330795288086,6.348766326904297,19.76967430114746,0.0030942465856674895,retain,ret_001,M_npo_s1
9,-3,real,19.811330795288086,6.348766326904297,19.809795379638672,0.00011405075556146195,retain,ret_001,M_npo_s1
9,-2,real,19.811330795288086,6.348766326904297,19.902095794677734,-0.006742028950190423,retain,ret_001,M_npo_s1
9,-1,real,19.811330795288086,6.348766326904297,19.158090591430664,0.04852271685617746,retain,ret_001,M_npo_s1
9,-12,random_position,19.811330795288086,6.348766326904297,19.814624786376953,-0.0002446778321175712,retain,ret_001,M_npo_s1
10,-6,real,19.811330795288086,6.348766326904297,19.61300277709961,0.014731815669610404,retain,ret_001,M_npo_s1
10,-5,real,19.811330795288086,6.348766326904297,20.47614097595215,-0.049382135344669176,retain,ret_001,M_npo_s1
10,-4,real,19.811330795288086,6.348766326904297,19.749629974365234,0.00458314023808414,retain,ret_001,M_npo_s1
10,-3,real,19.811330795288086,6.348766326904297,19.804691314697266,0.000493180969080061,retain,ret_001,M_npo_s1
10,-2,real,19.811330795288086,6.348766326904297,19.908077239990234,-0.007186331024029857,retain,ret_001,M_npo_s1
10,-1,real,19.811330795288086,6.348766326904297,14.809814453125,0.3715128981487083,retain,ret_001,M_npo_s1
10,-6,random_position,19.811330795288086,6.348766326904297,19.61300277709961,0.014731815669610404,retain,ret_001,M_npo_s1
11,-6,real,19.811330795288086,6.348766326904297,19.811330795288086,-0.0,retain,ret_001,M_npo_s1
11,-5,real,19.811330795288086,6.348766326904297,19.811330795288086,-0.0,retain,ret_001,M_npo_s1
11,-4,real,19.811330795288086,6.348766326904297,19.811330795288086,-0.0,retain,ret_001,M_npo_s1
11,-3,real,19.811330795288086,6.348766326904297,19.811330795288086,-0.0,retain,ret_001,M_npo_s1
11,-2,real,19.811330795288086,6.348766326904297,19.811330795288086,-0.0,retain,ret_001,M_npo_s1
11,-1,real,19.811330795288086,6.348766326904297,6.4124298095703125,0.9952710731439373,retain,ret_001,M_npo_s1
11,-6,random_position,19.811330795288086,6.348766326904297,19.811330795288086,-0.0,retain,ret_001,M_npo_s1
0,-6,real,19.653600692749023,8.380218505859375,19.659101486206055,-0.0004879452648583478,retain,ret_001,M_npo_s1
0,-5,real,19.653600692749023,8.380218505859375,19.527647018432617,0.011172660717817565,retain,ret_001,M_npo_s1
0,-4,real,19.653600692749023,8.380218505859375,19.716821670532227,-0.005607986736822052,retain,ret_001,M_npo_s1
0,-3,real,19.653600692749023,8.380218505859375,19.6270751953125,0.002352931622186215,retain,ret_001,M_npo_s1
0,-2,real,19.653600692749023,8.380218505859375,19.65694808959961,-0.0002969292440452151,retain,ret_001,M_npo_s1
0,-1,real,19.653600692749023,8.380218505859375,19.66935157775879,-0.0013971747563107616,retain,ret_001,M_npo_s1
0,-14,random_position,19.653600692749023,8.380218505859375,19.649192810058594,0.00039099913560597843,retain,ret_001,M_npo_s1
1,-6,real,19.653600692749023,8.380218505859375,19.67540168762207,-0.0019338468714739652,retain,ret_001,M_npo_s1
1,-5,real,19.653600692749023,8.380218505859375,19.329063415527344,0.028787924674380284,retain,ret_001,M_npo_s1
1,-4,real,19.653600692749023,8.380218505859375,19.97779083251953,-0.028757132012034857,retain,ret_001,M_npo_s1
1,-3,real,19.653600692749023,8.380218505859375,20.406827926635742,-0.06681466319510417,retain,ret_001,M_npo_s1
1,-2,real,19.653600692749023,8.380218505859375,19.668846130371094,-0.0013523392864121964,retain,ret_001,M_npo_s1
1,-1,real,19.653600692749023,8.380218505859375,19.72129249572754,-0.006004569157358795,retain,ret_001,M_npo_s1
1,-3,random_position,19.653600692749023,8.380218505859375,20.406827926635742,-0.06681466319510417,retain,ret_001,M_npo_s1
2,-6,real,19.653600692749023,8.380218505859375,19.73741340637207,-0.007434566861444355,retain,ret_001,M_npo_s1
2,-5,real,19.653600692749023,8.380218505859375,19.90285873413086,-0.022110315897185668,retain,ret_001,M_npo_s1
2,-4,real,19.653600692749023,8.380218505859375,19.86705780029297,-0.01893461110474767,retain,ret_001,M_npo_s1
2,-3,real,19.653600692749023,8.380218505859375,20.60485076904297,-0.08438018515864736,retain,ret_001,M_npo_s1
2,-2,real,19.653600692749023,8.380218505859375,19.65686798095703,-0.00028982324504242367,retain,ret_001,M_npo_s1
2,-1,real,19.653600692749023,8.380218505859375,19.78274917602539,-0.011456054725666987,retain,ret_001,M_npo_s1
2,-9,random_position,19.653600692749023,8.380218505859375,19.706268310546875,-0.0046718559634304985,retain,ret_001,M_npo_s1
3,-6,real,19.653600692749023,8.380218505859375,19.763896942138672,-0.009783776293676726,retain,ret_001,M_npo_s1
3,-5,real,19.653600692749023,8.380218505859375,19.730709075927734,-0.006839862421091688,retain,ret_001,M_npo_s1
3,-4,real,19.653600692749023,8.380218505859375,19.85370635986328,-0.017750277937615758,retain,ret_001,M_npo_s1
3,-3,real,19.653600692749023,8.380218505859375,22.23370933532715,-0.2288673088346686,retain,ret_001,M_npo_s1
3,-2,real,19.653600692749023,8.380218505859375,19.701711654663086,-0.004267659972533622,retain,ret_001,M_npo_s1
3,-1,real,19.653600692749023,8.380218505859375,19.84734344482422,-0.01718585858825118,retain,ret_001,M_npo_s1
3,-14,random_position,19.653600692749023,8.380218505859375,19.632766723632812,0.0018480673120831253,retain,ret_001,M_npo_s1
4,-6,real,19.653600692749023,8.380218505859375,19.242433547973633,0.036472385834089474,retain,ret_001,M_npo_s1
4,-5,real,19.653600692749023,8.380218505859375,19.283056259155273,0.03286896757786441,retain,ret_001,M_npo_s1
4,-4,real,19.653600692749023,8.380218505859375,20.1722412109375,-0.04600576025814403,retain,ret_001,M_npo_s1
4,-3,real,19.653600692749023,8.380218505859375,22.657150268554688,-0.2664284352302572,retain,ret_001,M_npo_s1
4,-2,real,19.653600692749023,8.380218505859375,19.694107055664062,-0.003593097638625774,retain,ret_001,M_npo_s1
4,-1,real,19.653600692749023,8.380218505859375,20.009450912475586,-0.031565524332209514,retain,ret_001,M_npo_s1
4,-11,random_position,19.653600692749023,8.380218505859375,19.579261779785156,0.00659419788413804,retain,ret_001,M_npo_s1
5,-6,real,19.653600692749023,8.380218505859375,18.33776092529297,0.11672094014397093,retain,ret_001,M_npo_s1
5,-5,real,19.653600692749023,8.380218505859375,19.568492889404297,0.0075494471786561506,retain,ret_001,M_npo_s1
5,-4,real,19.653600692749023,8.380218505859375,20.149877548217773,-0.044022002203198074,retain,ret_001,M_npo_s1
5,-3,real,19.653600692749023,8.380218505859375,23.011180877685547,-0.2978325518708319,retain,ret_001,M_npo_s1
5,-2,real,19.653600692749023,8.380218505859375,19.655426025390625,-0.00016191526299217713,retain,ret_001,M_npo_s1
5,-1,real,19.653600692749023,8.380218505859375,20.322036743164062,-0.05929330163155429,retain,ret_001,M_npo_s1
5,-12,random_position,19.653600692749023,8.380218505859375,19.646953582763672,0.0005896287267792449,retain,ret_001,M_npo_s1
6,-6,real,19.653600692749023,8.380218505859375,17.5781307220459,0.18410357568794106,retain,ret_001,M_npo_s1
6,-5,real,19.653600692749023,8.380218505859375,19.50665283203125,0.013034940027906273,retain,ret_001,M_npo_s1
6,-4,real,19.653600692749023,8.380218505859375,20.199989318847656,-0.048467142960349034,retain,ret_001,M_npo_s1
6,-3,real,19.653600692749023,8.380218505859375,23.02772331237793,-0.29929994066490834,retain,ret_001,M_npo_s1
6,-2,real,19.653600692749023,8.380218505859375,19.709335327148438,-0.004943914210965944,retain,ret_001,M_npo_s1
6,-1,real,19.653600692749023,8.380218505859375,21.008262634277344,-0.12016464261308563,retain,ret_001,M_npo_s1
6,-2,random_position,19.653600692749023,8.380218505859375,19.709335327148438,-0.004943914210965944,retain,ret_001,M_npo_s1
7,-6,real,19.653600692749023,8.380218505859375,16.49442481994629,0.28023319181679923,retain,ret_001,M_npo_s1
7,-5,real,19.653600692749023,8.380218505859375,19.502727508544922,0.013383133979043055,retain,ret_001,M_npo_s1
7,-4,real,19.653600692749023,8.380218505859375,19.808107376098633,-0.013705441790955383,retain,ret_001,M_npo_s1
7,-3,real,19.653600692749023,8.380218505859375,22.891756057739258,-0.28723903007174184,retain,ret_001,M_npo_s1
7,-2,real,19.653600692749023,8.380218505859375,19.730995178222656,-0.0068652409889588,retain,ret_001,M_npo_s1
7,-1,real,19.653600692749023,8.380218505859375,21.347253799438477,-0.15023469253611244,retain,ret_001,M_npo_s1
7,-9,random_position,19.653600692749023,8.380218505859375,19.67581558227539,-0.0019705611996550547,retain,ret_001,M_npo_s1
8,-6,real,19.653600692749023,8.380218505859375,16.77231216430664,0.25558332722837784,retain,ret_001,M_npo_s1
8,-5,real,19.653600692749023,8.380218505859375,19.52752685546875,0.011183319716321753,retain,ret_001,M_npo_s1
8,-4,real,19.653600692749023,8.380218505859375,19.629390716552734,0.0021475344129150515,retain,ret_001,M_npo_s1
8,-3,real,19.653600692749023,8.380218505859375,23.409902572631836,-0.333200970002702,retain,ret_001,M_npo_s1
8,-2,real,19.653600692749023,8.380218505859375,19.728912353515625,-0.006680485014886222,retain,ret_001,M_npo_s1
8,-1,real,19.653600692749023,8.380218505859375,21.01248550415039,-0.1205392302748042,retain,ret_001,M_npo_s1
8,-5,random_position,19.653600692749023,8.380218505859375,19.52752685546875,0.011183319716321753,retain,ret_001,M_npo_s1
9,-6,real,19.653600692749023,8.380218505859375,15.105918884277344,0.4033999498181118,retain,ret_001,M_npo_s1
9,-5,real,19.653600692749023,8.380218505859375,19.722179412841797,-0.006083242717746844,retain,ret_001,M_npo_s1
9,-4,real,19.653600692749023,8.380218505859375,19.42621421813965,0.02017020897897115,retain,ret_001,M_npo_s1
9,-3,real,19.653600692749023,8.380218505859375,22.397844314575195,-0.24342682402957855,retain,ret_001,M_npo_s1
9,-2,real,19.653600692749023,8.380218505859375,19.703777313232422,-0.004450893232534173,retain,ret_001,M_npo_s1
9,-1,real,19.653600692749023,8.380218505859375,19.098464965820312,0.049243050375272886,retain,ret_001,M_npo_s1
9,-13,random_position,19.653600692749023,8.380218505859375,19.62802505493164,0.0022686747768674016,retain,ret_001,M_npo_s1
10,-6,real,19.653600692749023,8.380218505859375,16.60674476623535,0.2702699044530758,retain,ret_001,M_npo_s1
10,-5,real,19.653600692749023,8.380218505859375,19.37249755859375,0.024935119691247728,retain,ret_001,M_npo_s1
10,-4,real,19.653600692749023,8.380218505859375,19.523008346557617,0.01158413189816968,retain,ret_001,M_npo_s1
10,-3,real,19.653600692749023,8.380218505859375,20.15266990661621,-0.04426969702558109,retain,ret_001,M_npo_s1
10,-2,real,19.653600692749023,8.380218505859375,19.757234573364258,-0.009192794043277903,retain,ret_001,M_npo_s1
10,-1,real,19.653600692749023,8.380218505859375,15.032577514648438,0.4099056610956198,retain,ret_001,M_npo_s1
10,-6,random_position,19.653600692749023,8.380218505859375,16.60674476623535,0.2702699044530758,retain,ret_001,M_npo_s1
11,-6,real,19.653600692749023,8.380218505859375,19.653600692749023,-0.0,retain,ret_001,M_npo_s1
11,-5,real,19.653600692749023,8.380218505859375,19.653600692749023,-0.0,retain,ret_001,M_npo_s1
11,-4,real,19.653600692749023,8.380218505859375,19.653600692749023,-0.0,retain,ret_001,M_npo_s1
11,-3,real,19.653600692749023,8.380218505859375,19.653600692749023,-0.0,retain,ret_001,M_npo_s1
11,-2,real,19.653600692749023,8.380218505859375,19.653600692749023,-0.0,retain,ret_001,M_npo_s1
11,-1,real,19.653600692749023,8.380218505859375,8.443893432617188,0.9943517459354955,retain,ret_001,M_npo_s1
11,-7,random_position,19.653600692749023,8.380218505859375,19.653600692749023,-0.0,retain,ret_001,M_npo_s1
0,-6,real,19.662918090820312,6.496791839599609,19.541797637939453,0.009199399319874336,retain,ret_001,M_npo_s1
0,-5,real,19.662918090820312,6.496791839599609,19.914960861206055,-0.019143274610660364,retain,ret_001,M_npo_s1
0,-4,real,19.662918090820312,6.496791839599609,19.547039031982422,0.008801302420075673,retain,ret_001,M_npo_s1
0,-3,real,19.662918090820312,6.496791839599609,19.67399024963379,-0.0008409579706445548,retain,ret_001,M_npo_s1
0,-2,real,19.662918090820312,6.496791839599609,19.678808212280273,-0.0012068942038655963,retain,ret_001,M_npo_s1
0,-1,real,19.662918090820312,6.496791839599609,19.64525032043457,0.0013419110563446187,retain,ret_001,M_npo_s1
0,-12,random_position,19.662918090820312,6.496791839599609,19.661404609680176,0.00011495265283487583,retain,ret_001,M_npo_s1
1,-6,real,19.662918090820312,6.496791839599609,19.524471282958984,0.010515379027942404,retain,ret_001,M_npo_s1
1,-5,real,19.662918090820312,6.496791839599609,20.087854385375977,-0.032274967325052493,retain,ret_001,M_npo_s1
1,-4,real,19.662918090820312,6.496791839599609,20.168721199035645,-0.038417002735974544,retain,ret_001,M_npo_s1
1,-3,real,19.662918090820312,6.496791839599609,19.697406768798828,-0.002619500779533995,retain,ret_001,M_npo_s1
1,-2,real,19.662918090820312,6.496791839599609,19.700122833251953,-0.0028257926228066645,retain,ret_001,M_npo_s1
1,-1,real,19.662918090820312,6.496791839599609,19.71540355682373,-0.00398640154301663,retain,ret_001,M_npo_s1
1,-3,random_position,19.662918090820312,6.496791839599609,19.697406768798828,-0.002619500779533995,retain,ret_001,M_npo_s1
2,-6,real,19.662918090820312,6.496791839599609,20.15398120880127,-0.037297463856191405,retain,ret_001,M_npo_s1
2,-5,real,19.662918090820312,6.496791839599609,19.94986629486084,-0.021794429019235846,retain,ret_001,M_npo_s1
2,-4,real,19.662918090820312,6.496791839599609,20.635704040527344,-0.07388550976539808,retain,ret_001,M_npo_s1
2,-3,real,19.662918090820312,6.496791839599609,19.699462890625,-0.0027756683406631646,retain,ret_001,M_npo_s1
2,-2,real,19.662918090820312,6.496791839599609,19.75522804260254,-0.007011170181788892,retain,ret_001,M_npo_s1
2,-1,real,19.662918090820312,6.496791839599609,19.821853637695312,-0.012071549660270364,retain,ret_001,M_npo_s1
2,-8,random_position,19.662918090820312,6.496791839599609,18.007543563842773,0.12572980809933068,retain,ret_001,M_npo_s1
3,-6,real,19.662918090820312,6.496791839599609,19.826749801635742,-0.012443425476057543,retain,ret_001,M_npo_s1
3,-5,real,19.662918090820312,6.496791839599609,19.955114364624023,-0.02219303295657064,retain,ret_001,M_npo_s1
3,-4,real,19.662918090820312,6.496791839599609,22.36798095703125,-0.20545624541312116,retain,ret_001,M_npo_s1
3,-3,real,19.662918090820312,6.496791839599609,19.699052810668945,-0.0027445217491578106,retain,ret_001,M_npo_s1
3,-2,real,19.662918090820312,6.496791839599609,19.803415298461914,-0.010671111985469174,retain,ret_001,M_npo_s1
3,-1,real,19.662918090820312,6.496791839599609,19.903453826904297,-0.018269286766233385,retain,ret_001,M_npo_s1
3,-12,random_position,19.662918090820312,6.496791839599609,19.622495651245117,0.0030701847152230922,retain,ret_001,M_npo_s1
4,-6,real,19.662918090820312,6.496791839599609,19.425758361816406,0.018012870640817216,retain,ret_001,M_npo_s1
4,-5,real,19.662918090820312,6.496791839599609,20.307682037353516,-0.04897142365419924,retain,ret_001,M_npo_s1
4,-4,real,19.662918090820312,6.496791839599609,22.90961456298828,-0.24659466347339257,retain,ret_001,M_npo_s1
4,-3,real,19.662918090820312,6.496791839599609,19.715259552001953,-0.00397546401902289,retain,ret_001,M_npo_s1
4,-2,real,19.662918090820312,6.496791839599609,19.746129989624023,-0.006320150453972436,retain,ret_001,M_npo_s1
4,-1,real,19.662918090820312,6.496791839599609,20.188400268554688,-0.03991167695856286,retain,ret_001,M_npo_s1
4,-9,random_position,19.662918090820312,6.496791839599609,19.41237449645996,0.019029408466831488,retain,ret_001,M_npo_s1
5,-6,real,19.662918090820312,6.496791839599609,19.671220779418945,-0.000630609827082816,retain,ret_001,M_npo_s1
5,-5,real,19.662918090820312,6.496791839599609,20.37091827392578,-0.053774372932192276,retain,ret_001,M_npo_s1
5,-4,real,19.662918090820312,6.496791839599609,23.274155616760254,-0.27428246220904373,retain,ret_001,M_npo_s1
5,-3,real,19.662918090820312,6.496791839599609,19.763615608215332,-0.007648226628973979,retain,ret_001,M_npo_s1
5,-2,real,19.662918090820312,6.496791839599609,19.714183807373047,-0.0038937585417716356,retain,ret_001,M_npo_s1
5,-1,real,19.662918090820312,6.496791839599609,20.652629852294922,-0.07517106722129813,retain,ret_001,M_npo_s1
5,-11,random_position,19.662918090820312,6.496791839599609,19.71689796447754,-0.004099905517176838,retain,ret_001,M_npo_s1
6,-6,real,19.662918090820312,6.496791839599609,19.629810333251953,0.002514616443488059,retain,ret_001,M_npo_s1
6,-5,real,19.662918090820312,6.496791839599609,20.45256805419922,-0.059975876602709435,retain,ret_001,M_npo_s1
6,-4,real,19.662918090820312,6.496791839599609,23.454598426818848,-0.28798754194286935,retain,ret_001,M_npo_s1
6,-3,real,19.662918090820312,6.496791839599609,19.78278923034668,-0.009104510866683607,retain,ret_001,M_npo_s1
6,-2,real,19.662918090820312,6.496791839599609,19.724637985229492,-0.00468777932335696,retain,ret_001,M_npo_s1
6,-1,real,19.662918090820312,6.496791839599609,21.474346160888672,-0.13758246241185876,retain,ret_001,M_npo_s1
6,-2,random_position,19.662918090820312,6.496791839599609,19.724637985229492,-0.00468777932335696,retain,ret_001,M_npo_s1
7,-6,real,19.662918090820312,6.496791839599609,19.591516494750977,0.0054231286186182445,retain,ret_001,M_npo_s1
7,-5,real,19.662918090820312,6.496791839599609,20.122966766357422,-0.03494183989724812,retain,ret_001,M_npo_s1
7,-4,real,19.662918090820312,6.496791839599609,23.31826400756836,-0.2776326040781464,retain,ret_001,M_npo_s1
7,-3,real,19.662918090820312,6.496791839599609,19.82783317565918,-0.012525710424778664,retain,ret_001,M_npo_s1
7,-2,real,19.662918090820312,6.496791839599609,19.740427017211914,-0.005886995530246817,retain,ret_001,M_npo_s1
7,-1,real,19.662918090820312,6.496791839599609,21.89615821838379,-0.1696201361700007,retain,ret_001,M_npo_s1
7,-8,random_position,19.662918090820312,6.496791839599609,10.633298873901367,0.6858220135996159,retain,ret_001,M_npo_s1
8,-6,real,19.662918090820312,6.496791839599609,19.6456298828125,0.001313082350718733,retain,ret_001,M_npo_s1
8,-5,real,19.662918090820312,6.496791839599609,19.921876907348633,-0.019668565498094842,retain,ret_001,M_npo_s1
8,-4,real,19.662918090820312,6.496791839599609,23.403520584106445,-0.2841080528860432,retain,ret_001,M_npo_s1
8,-3,real,19.662918090820312,6.496791839599609,19.893178939819336,-0.017488883564189938,retain,ret_001,M_npo_s1
8,-2,real,19.662918090820312,6.496791839599609,19.678672790527344,-0.0011966085852754562,retain,ret_001,M_npo_s1
8,-1,real,19.662918090820312,6.496791839599609,21.754596710205078,-0.15886818791448507,retain,ret_001,M_npo_s1
8,-5,random_position,19.662918090820312,6.496791839599609,19.921876907348633,-0.019668565498094842,retain,ret_001,M_npo_s1
9,-6,real,19.662918090820312,6.496791839599609,19.871342658996582,-0.015830363783496712,retain,ret_001,M_npo_s1
9,-5,real,19.662918090820312,6.496791839599609,19.273799896240234,0.029554493641894164,retain,ret_001,M_npo_s1
9,-4,real,19.662918090820312,6.496791839599609,22.742229461669922,-0.23388134916024444,retain,ret_001,M_npo_s1
9,-3,real,19.662918090820312,6.496791839599609,19.604598999023438,0.004429479915663722,retain,ret_001,M_npo_s1
9,-2,real,19.662918090820312,6.496791839599609,19.65644645690918,0.0004915366743147243,retain,ret_001,M_npo_s1
9,-1,real,19.662918090820312,6.496791839599609,19.662841796875,5.79471469867049e-06,retain,ret_001,M_npo_s1
9,-11,random_position,19.662918090820312,6.496791839599609,19.66411018371582,-9.05424171667264e-05,retain,ret_001,M_npo_s1
10,-6,real,19.662918090820312,6.496791839599609,19.5011043548584,0.012290155272277708,retain,ret_001,M_npo_s1
10,-5,real,19.662918090820312,6.496791839599609,19.282222747802734,0.028914757139160942,retain,ret_001,M_npo_s1
10,-4,real,19.662918090820312,6.496791839599609,20.609098434448242,-0.07186474788210422,retain,ret_001,M_npo_s1
10,-3,real,19.662918090820312,6.496791839599609,19.480205535888672,0.013877472496111022,retain,ret_001,M_npo_s1
10,-2,real,19.662918090820312,6.496791839599609,19.642162322998047,0.0015764521337733068,retain,ret_001,M_npo_s1
10,-1,real,19.662918090820312,6.496791839599609,16.434175491333008,0.24523102223692791,retain,ret_001,M_npo_s1
10,-6,random_position,19.662918090820312,6.496791839599609,19.5011043548584,0.012290155272277708,retain,ret_001,M_npo_s1
11,-6,real,19.662918090820312,6.496791839599609,19.662918090820312,-0.0,retain,ret_001,M_npo_s1
11,-5,real,19.662918090820312,6.496791839599609,19.662918090820312,-0.0,retain,ret_001,M_npo_s1
11,-4,real,19.662918090820312,6.496791839599609,19.662918090820312,-0.0,retain,ret_001,M_npo_s1
11,-3,real,19.662918090820312,6.496791839599609,19.662918090820312,-0.0,retain,ret_001,M_npo_s1
11,-2,real,19.662918090820312,6.496791839599609,19.662918090820312,-0.0,retain,ret_001,M_npo_s1
11,-1,real,19.662918090820312,6.496791839599609,6.57061767578125,0.9943927443218314,retain,ret_001,M_npo_s1
11,-6,random_position,19.662918090820312,6.496791839599609,19.662918090820312,-0.0,retain,ret_001,M_npo_s1
0,-6,real,14.950353622436523,11.308813095092773,14.95530891418457,-0.001360767980155205,retain,ret_002,M_npo_s1
0,-5,real,14.950353622436523,11.308813095092773,14.943815231323242,0.0017955013995273454,retain,ret_002,M_npo_s1
0,-4,real,14.950353622436523,11.308813095092773,14.95260238647461,-0.0006175309655900642,retain,ret_002,M_npo_s1
0,-3,real,14.950353622436523,11.308813095092773,14.962287902832031,-0.0032772614518210615,retain,ret_002,M_npo_s1
0,-2,real,14.950353622436523,11.308813095092773,14.943029403686523,0.002011296783601227,retain,ret_002,M_npo_s1
0,-1,real,14.950353622436523,11.308813095092773,14.985799789428711,-0.009733838392303438,retain,ret_002,M_npo_s1
0,-14,random_position,14.950353622436523,11.308813095092773,14.967180252075195,-0.004620744850242194,retain,ret_002,M_npo_s1
1,-6,real,14.950353622436523,11.308813095092773,14.958595275878906,-0.002263232656755443,retain,ret_002,M_npo_s1
1,-5,real,14.950353622436523,11.308813095092773,14.916645050048828,0.00925667918140221,retain,ret_002,M_npo_s1
1,-4,real,14.950353622436523,11.308813095092773,14.934560775756836,0.004336858689640145,retain,ret_002,M_npo_s1
1,-3,real,14.950353622436523,11.308813095092773,14.975584030151367,-0.006928498399342976,retain,ret_002,M_npo_s1
1,-2,real,14.950353622436523,11.308813095092773,14.922508239746094,0.007646594204113102,retain,ret_002,M_npo_s1
1,-1,real,14.950353622436523,11.308813095092773,15.002315521240234,-0.014269207884283392,retain,ret_002,M_npo_s1
1,-3,random_position,14.950353622436523,11.308813095092773,14.975584030151367,-0.006928498399342976,retain,ret_002,M_npo_s1
2,-6,real,14.950353622436523,11.308813095092773,14.963390350341797,-0.003580003519769371,retain,ret_002,M_npo_s1
2,-5,real,14.950353622436523,11.308813095092773,14.885740280151367,0.017743408812832075,retain,ret_002,M_npo_s1
2,-4,real,14.950353622436523,11.308813095092773,14.952211380004883,-0.0005101570487571862,retain,ret_002,M_npo_s1
2,-3,real,14.950353622436523,11.308813095092773,14.980358123779297,-0.008239507735112214,retain,ret_002,M_npo_s1
2,-2,real,14.950353622436523,11.308813095092773,14.91754150390625,0.009010504835492684,retain,ret_002,M_npo_s1
2,-1,real,14.950353622436523,11.308813095092773,15.043540954589844,-0.025590085144897173,retain,ret_002,M_npo_s1
2,-9,random_position,14.950353622436523,11.308813095092773,15.236499786376953,-0.07857832743911637,retain,ret_002,M_npo_s1
3,-6,real,14.950353622436523,11.308813095092773,14.97686767578125,-0.007280999111677254,retain,ret_002,M_npo_s1
3,-5,real,14.950353622436523,11.308813095092773,14.890823364257812,0.01634754789400466,retain,ret_002,M_npo_s1
3,-4,real,14.950353622436523,11.308813095092773,14.923933029174805,0.007255334126678175,retain,ret_002,M_npo_s1
3,-3,real,14.950353622436523,11.308813095092773,14.96872329711914,-0.005044478990329015,retain,ret_002,M_npo_s1
3,-2,real,14.950353622436523,11.308813095092773,14.909774780273438,0.011143317466436485,retain,ret_002,M_npo_s1
3,-1,real,14.950353622436523,11.308813095092773,15.12009048461914,-0.04661127918475437,retain,ret_002,M_npo_s1
3,-14,random_position,14.950353622436523,11.308813095092773,14.965225219726562,-0.004083875266077804,retain,ret_002,M_npo_s1
4,-6,real,14.950353622436523,11.308813095092773,14.973491668701172,-0.006353917000486063,retain,ret_002,M_npo_s1
4,-5,real,14.950353622436523,11.308813095092773,14.920524597167969,0.008191320416338434,retain,ret_002,M_npo_s1
4,-4,real,14.950353622436523,11.308813095092773,14.912527084350586,0.010387509846973836,retain,ret_002,M_npo_s1
4,-3,real,14.950353622436523,11.308813095092773,14.973236083984375,-0.006283731123141645,retain,ret_002,M_npo_s1
4,-2,real,14.950353622436523,11.308813095092773,14.89749526977539,0.014515382230192917,retain,ret_002,M_npo_s1
4,-1,real,14.950353622436523,11.308813095092773,15.201459884643555,-0.06895605316527831,retain,ret_002,M_npo_s1
4,-11,random_position,14.950353622436523,11.308813095092773,15.029502868652344,-0.02173509964299482,retain,ret_002,M_npo_s1
5,-6,real,14.950353622436523,11.308813095092773,14.976524353027344,-0.007186719574945946,retain,ret_002,M_npo_s1
5,-5,real,14.950353622436523,11.308813095092773,14.946029663085938,0.0011873983876104117,retain,ret_002,M_npo_s1
5,-4,real,14.950353622436523,11.308813095092773,14.924539566040039,0.007088773611786199,retain,ret_002,M_npo_s1
5,-3,real,14.950353622436523,11.308813095092773,14.985116958618164,-0.009546326869248948,retain,ret_002,M_npo_s1
5,-2,real,14.950353622436523,11.308813095092773,14.91568374633789,0.009520661884249871,retain,ret_002,M_npo_s1
5,-1,real,14.950353622436523,11.308813095092773,15.348377227783203,-0.10930088580862511,retain,ret_002,M_npo_s1
5,-12,random_position,14.950353622436523,11.308813095092773,14.946636199951172,0.0010208378727184352,retain,ret_002,M_npo_s1
6,-6,real,14.950353622436523,11.308813095092773,15.125272750854492,-0.04803437641419305,retain,ret_002,M_npo_s1
6,-5,real,14.950353622436523,11.308813095092773,15.000858306884766,-0.013869043628379398,retain,ret_002,M_npo_s1
6,-4,real,14.950353622436523,11.308813095092773,15.057445526123047,-0.029408406382515125,retain,ret_002,M_npo_s1
6,-3,real,14.950353622436523,11.308813095092773,14.981147766113281,-0.008456350669594222,retain,ret_002,M_npo_s1
6,-2,real,14.950353622436523,11.308813095092773,14.93960189819336,0.0029525208253021137,retain,ret_002,M_npo_s1
6,-1,real,14.950353622436523,11.308813095092773,15.702747344970703,-0.20661412852186448,retain,ret_002,M_npo_s1
6,-2,random_position,14.950353622436523,11.308813095092773,14.93960189819336,0.0029525208253021137,retain,ret_002,M_npo_s1
7,-6,real,14.950353622436523,11.308813095092773,15.143096923828125,-0.0529290556961601,retain,ret_002,M_npo_s1
7,-5,real,14.950353622436523,11.308813095092773,15.044330596923828,-0.02580692807937918,retain,ret_002,M_npo_s1
7,-4,real,14.950353622436523,11.308813095092773,15.116064071655273,-0.04550558972897776,retain,ret_002,M_npo_s1
7,-3,real,14.950353622436523,11.308813095092773,14.981889724731445,-0.008660099223974657,retain,ret_002,M_npo_s1
7,-2,real,14.950353622436523,11.308813095092773,14.957183837890625,-0.0018756390057489566,retain,ret_002,M_npo_s1
7,-1,real,14.950353622436523,11.308813095092773,16.330215454101562,-0.37892255250322643,retain,ret_002,M_npo_s1
7,-9,random_position,14.950353622436523,11.308813095092773,15.158641815185547,-0.05719782360927208,retain,ret_002,M_npo_s1
8,-6,real,14.950353622436523,11.308813095092773,15.04487419128418,-0.025956204012537083,retain,ret_002,M_npo_s1
8,-5,real,14.950353622436523,11.308813095092773,15.050857543945312,-0.02759928682768215,retain,ret_002,M_npo_s1
8,-4,real,14.950353622436523,11.308813095092773,15.096494674682617,-0.04013165613529323,retain,ret_002,M_npo_s1
8,-3,real,14.950353622436523,11.308813095092773,14.9510498046875,-0.00019117794948292913,retain,ret_002,M_npo_s1
8,-2,real,14.950353622436523,11.308813095092773,15.093658447265625,-0.039352802406851815,retain,ret_002,M_npo_s1
8,-1,real,14.950353622436523,11.308813095092773,16.625324249267578,-0.459962099626234,retain,ret_002,M_npo_s1
8,-5,random_position,14.950353622436523,11.308813095092773,15.050857543945312,-0.02759928682768215,retain,ret_002,M_npo_s1
9,-6,real,14.950353622436523,11.308813095092773,14.996135711669922,-0.012572176223119857,retain,ret_002,M_npo_s1
9,-5,real,14.950353622436523,11.308813095092773,15.018878936767578,-0.018817671756364916,retain,ret_002,M_npo_s1
9,-4,real,14.950353622436523,11.308813095092773,15.120790481567383,-0.046803504684645426,retain,ret_002,M_npo_s1
9,-3,real,14.950353622436523,11.308813095092773,14.928138732910156,0.006100409801719659,retain,ret_002,M_npo_s1
9,-2,real,14.950353622436523,11.308813095092773,15.205841064453125,-0.0701591648090106,retain,ret_002,M_npo_s1
9,-1,real,14.950353622436523,11.308813095092773,17.4896240234375,-0.6973066431456681,retain,ret_002,M_npo_s1
9,-13,random_position,14.950353622436523,11.308813095092773,14.952926635742188,-0.0007065727502807435,retain,ret_002,M_npo_s1
10,-6,real,14.950353622436523,11.308813095092773,14.906238555908203,0.012114396694768952,retain,ret_002,M_npo_s1
10,-5,real,14.950353622436523,11.308813095092773,15.018943786621094,-0.018835480113303053,retain,ret_002,M_npo_s1
10,-4,real,14.950353622436523,11.308813095092773,15.111644744873047,-0.044292002581164204,retain,ret_002,M_npo_s1
10,-3,real,14.950353622436523,11.308813095092773,14.908233642578125,0.011566527831319243,retain,ret_002,M_npo_s1
10,-2,real,14.950353622436523,11.308813095092773,15.258922576904297,-0.08473582873807887,retain,ret_002,M_npo_s1
10,-1,real,14.950353622436523,11.308813095092773,16.886375427246094,-0.5316491167054959,retain,ret_002,M_npo_s1
10,-6,random_position,14.950353622436523,11.308813095092773,14.906238555908203,0.012114396694768952,retain,ret_002,M_npo_s1
11,-6,real,14.950353622436523,11.308813095092773,14.950353622436523,-0.0,retain,ret_002,M_npo_s1
11,-5,real,14.950353622436523,11.308813095092773,14.950353622436523,-0.0,retain,ret_002,M_npo_s1
11,-4,real,14.950353622436523,11.308813095092773,14.950353622436523,-0.0,retain,ret_002,M_npo_s1
11,-3,real,14.950353622436523,11.308813095092773,14.950353622436523,-0.0,retain,ret_002,M_npo_s1
11,-2,real,14.950353622436523,11.308813095092773,14.950353622436523,-0.0,retain,ret_002,M_npo_s1
11,-1,real,14.950353622436523,11.308813095092773,11.418357849121094,0.9699180187050601,retain,ret_002,M_npo_s1
11,-7,random_position,14.950353622436523,11.308813095092773,14.950353622436523,-0.0,retain,ret_002,M_npo_s1
0,-6,real,14.777383804321289,12.131689071655273,14.74791145324707,0.011139739861265109,retain,ret_002,M_npo_s1
0,-5,real,14.777383804321289,12.131689071655273,14.906829833984375,-0.04892704667127098,retain,ret_002,M_npo_s1
0,-4,real,14.777383804321289,12.131689071655273,14.762699127197266,0.005550404943818281,retain,ret_002,M_npo_s1
0,-3,real,14.777383804321289,12.131689071655273,14.776359558105469,0.00038713695997277787,retain,ret_002,M_npo_s1
0,-2,real,14.777383804321289,12.131689071655273,14.786375045776367,-0.003398442512684683,retain,ret_002,M_npo_s1
0,-1,real,14.777383804321289,12.131689071655273,14.811641693115234,-0.012948541784117435,retain,ret_002,M_npo_s1
0,-11,random_position,14.777383804321289,12.131689071655273,14.795034408569336,-0.006671443999232935,retain,ret_002,M_npo_s1
1,-6,real,14.777383804321289,12.131689071655273,14.865943908691406,-0.033473288991612754,retain,ret_002,M_npo_s1
1,-5,real,14.777383804321289,12.131689071655273,14.927188873291016,-0.0566222047918472,retain,ret_002,M_npo_s1
1,-4,real,14.777383804321289,12.131689071655273,14.73895263671875,0.014525926641511176,retain,ret_002,M_npo_s1
1,-3,real,14.777383804321289,12.131689071655273,14.77989387512207,-0.0009487378758364538,retain,ret_002,M_npo_s1
1,-2,real,14.777383804321289,12.131689071655273,14.77337646484375,0.0015146643443255238,retain,ret_002,M_npo_s1
1,-1,real,14.777383804321289,12.131689071655273,14.787786483764648,-0.003931927336483297,retain,ret_002,M_npo_s1
1,-3,random_position,14.777383804321289,12.131689071655273,14.77989387512207,-0.0009487378758364538,retain,ret_002,M_npo_s1
2,-6,real,14.777383804321289,12.131689071655273,15.025613784790039,-0.09382412014654973,retain,ret_002,M_npo_s1
2,-5,real,14.777383804321289,12.131689071655273,15.01527214050293,-0.08991526242406853,retain,ret_002,M_npo_s1
2,-4,real,14.777383804321289,12.131689071655273,14.735115051269531,0.015976428621893354,retain,ret_002,M_npo_s1
2,-3,real,14.777383804321289,12.131689071655273,14.789796829223633,-0.004691782747677539,retain,ret_002,M_npo_s1
2,-2,real,14.777383804321289,12.131689071655273,14.752157211303711,0.009534959837243874,retain,ret_002,M_npo_s1
2,-1,real,14.777383804321289,12.131689071655273,14.757980346679688,0.007333974476355808,retain,ret_002,M_npo_s1
2,-8,random_position,14.777383804321289,12.131689071655273,15.148063659667969,-0.14010681231282973,retain,ret_002,M_npo_s1
3,-6,real,14.777383804321289,12.131689071655273,15.125452041625977,-0.13156024125048843,retain,ret_002,M_npo_s1
3,-5,real,14.777383804321289,12.131689071655273,15.184427261352539,-0.1538512557800197,retain,ret_002,M_npo_s1
3,-4,real,14.777383804321289,12.131689071655273,14.709653854370117,0.025600062287957807,retain,ret_002,M_npo_s1
3,-3,real,14.777383804321289,12.131689071655273,14.81020736694336,-0.012406405855068034,retain,ret_002,M_npo_s1
3,-2,real,14.777383804321289,12.131689071655273,14.725345611572266,0.019669008713104837,retain,ret_002,M_npo_s1
3,-1,real,14.777383804321289,12.131689071655273,14.732704162597656,0.01688767837497639,retain,ret_002,M_npo_s1
3,-11,random_position,14.777383804321289,12.131689071655273,14.811153411865234,-0.012763984872100618,retain,ret_002,M_npo_s1
4,-6,real,14.777383804321289,12.131689071655273,15.16860580444336,-0.14787117927541227,retain,ret_002,M_npo_s1
4,-5,real,14.777383804321289,12.131689071655273,15.343454360961914,-0.21395913506249703,retain,ret_002,M_npo_s1
4,-4,real,14.777383804321289,12.131689071655273,14.6895751953125,0.03318924436921187,retain,ret_002,M_npo_s1
4,-3,real,14.777383804321289,12.131689071655273,14.820878982543945,-0.016439983678248095,retain,ret_002,M_npo_s1
4,-2,real,14.777383804321289,12.131689071655273,14.769805908203125,0.0028642367634485037,retain,ret_002,M_npo_s1
4,-1,real,14.777383804321289,12.131689071655273,14.78213119506836,-0.0017943834141010131,retain,ret_002,M_npo_s1
4,-8,random_position,14.777383804321289,12.131689071655273,14.881580352783203,-0.03938343572877632,retain,ret_002,M_npo_s1
5,-6,real,14.777383804321289,12.131689071655273,15.218257904052734,-0.1666383102661224,retain,ret_002,M_npo_s1
5,-5,real,14.777383804321289,12.131689071655273,15.342227935791016,-0.21349558000614227,retain,ret_002,M_npo_s1
5,-4,real,14.777383804321289,12.131689071655273,14.717300415039062,0.022709872208756938,retain,ret_002,M_npo_s1
5,-3,real,14.777383804321289,12.131689071655273,14.851577758789062,-0.028043278595867943,retain,ret_002,M_npo_s1
5,-2,real,14.777383804321289,12.131689071655273,14.791812896728516,-0.005453800935184478,retain,ret_002,M_npo_s1
5,-1,real,14.777383804321289,12.131689071655273,14.886608123779297,-0.04128379518219948,retain,ret_002,M_npo_s1
5,-10,random_position,14.777383804321289,12.131689071655273,14.79273796081543,-0.005803449772403839,retain,ret_002,M_npo_s1
6,-6,real,14.777383804321289,12.131689071655273,15.267545700073242,-0.18526774449825753,retain,ret_002,M_npo_s1
6,-5,real,14.777383804321289,12.131689071655273,15.117372512817383,-0.12850640109696015,retain,ret_002,M_npo_s1
6,-4,real,14.777383804321289,12.131689071655273,14.789121627807617,-0.004436575142779283,retain,ret_002,M_npo_s1
6,-3,real,14.777383804321289,12.131689071655273,14.914794921875,-0.05193763129854532,retain,ret_002,M_npo_s1
6,-2,real,14.777383804321289,12.131689071655273,14.844776153564453,-0.02547245848550868,retain,ret_002,M_npo_s1
6,-1,real,14.777383804321289,12.131689071655273,15.455011367797852,-0.2561246220548394,retain,ret_002,M_npo_s1
6,-2,random_position,14.777383804321289,12.131689071655273,14.844776153564453,-0.02547245848550868,retain,ret_002,M_npo_s1
7,-6,real,14.777383804321289,12.131689071655273,14.923397064208984,-0.0551890050219666,retain,ret_002,M_npo_s1
7,-5,real,14.777383804321289,12.131689071655273,15.401468276977539,-0.23588680317149519,retain,ret_002,M_npo_s1
7,-4,real,14.777383804321289,12.131689071655273,14.881174087524414,-0.03922987861057482,retain,ret_002,M_npo_s1
7,-3,real,14.777383804321289,12.131689071655273,14.93421745300293,-0.05927881502927678,retain,ret_002,M_npo_s1
7,-2,real,14.777383804321289,12.131689071655273,14.902654647827148,-0.047348940888439675,retain,ret_002,M_npo_s1
7,-1,real,14.777383804321289,12.131689071655273,16.023157119750977,-0.4708681239934079,retain,ret_002,M_npo_s1
7,-7,random_position,14.777383804321289,12.131689071655273,14.94924545288086,-0.06495898655185689,retain,ret_002,M_npo_s1
8,-6,real,14.777383804321289,12.131689071655273,15.015525817871094,-0.09001114550726476,retain,ret_002,M_npo_s1
8,-5,real,14.777383804321289,12.131689071655273,15.146385192871094,-0.1394723979277719,retain,ret_002,M_npo_s1
8,-4,real,14.777383804321289,12.131689071655273,14.77047348022461,0.0026119128603005106,retain,ret_002,M_npo_s1
8,-3,real,14.777383804321289,12.131689071655273,14.88037109375,-0.038926369001359665,retain,ret_002,M_npo_s1
8,-2,real,14.777383804321289,12.131689071655273,14.903818130493164,-0.047788705405354744,retain,ret_002,M_npo_s1
8,-1,real,14.777383804321289,12.131689071655273,16.775915145874023,-0.7553899990339599,retain,ret_002,M_npo_s1
8,-5,random_position,14.777383804321289,12.131689071655273,15.146385192871094,-0.1394723979277719,retain,ret_002,M_npo_s1
9,-6,real,14.777383804321289,12.131689071655273,14.797540664672852,-0.007618740024194257,retain,ret_002,M_npo_s1
9,-5,real,14.777383804321289,12.131689071655273,15.157543182373047,-0.14368981173753123,retain,ret_002,M_npo_s1
9,-4,real,14.777383804321289,12.131689071655273,14.763166427612305,0.005373778211614686,retain,ret_002,M_npo_s1
9,-3,real,14.777383804321289,12.131689071655273,14.81248664855957,-0.01326791175295904,retain,ret_002,M_npo_s1
9,-2,real,14.777383804321289,12.131689071655273,14.885993957519531,-0.04105165719130333,retain,ret_002,M_npo_s1
9,-1,real,14.777383804321289,12.131689071655273,17.329696655273438,-0.9647042115022212,retain,ret_002,M_npo_s1
9,-10,random_position,14.777383804321289,12.131689071655273,14.779634475708008,-0.0008506920163275193,retain,ret_002,M_npo_s1
10,-6,real,14.777383804321289,12.131689071655273,14.718347549438477,0.02231408414353337,retain,ret_002,M_npo_s1
10,-5,real,14.777383804321289,12.131689071655273,14.442146301269531,0.126710575831984,retain,ret_002,M_npo_s1
10,-4,real,14.777383804321289,12.131689071655273,14.718311309814453,0.02232778172684712,retain,ret_002,M_npo_s1
10,-3,real,14.777383804321289,12.131689071655273,14.806673049926758,-0.011070531019258803,retain,ret_002,M_npo_s1
10,-2,real,14.777383804321289,12.131689071655273,14.91702651977539,-0.05278111406049718,retain,ret_002,M_npo_s1
10,-1,real,14.777383804321289,12.131689071655273,17.449243545532227,-1.0098896551525263,retain,ret_002,M_npo_s1
10,-5,random_position,14.777383804321289,12.131689071655273,14.442146301269531,0.126710575831984,retain,ret_002,M_npo_s1
11,-6,real,14.777383804321289,12.131689071655273,14.777383804321289,-0.0,retain,ret_002,M_npo_s1
11,-5,real,14.777383804321289,12.131689071655273,14.777383804321289,-0.0,retain,ret_002,M_npo_s1
11,-4,real,14.777383804321289,12.131689071655273,14.777383804321289,-0.0,retain,ret_002,M_npo_s1
11,-3,real,14.777383804321289,12.131689071655273,14.777383804321289,-0.0,retain,ret_002,M_npo_s1
11,-2,real,14.777383804321289,12.131689071655273,14.777383804321289,-0.0,retain,ret_002,M_npo_s1
11,-1,real,14.777383804321289,12.131689071655273,12.251653671264648,0.9546566736788681,retain,ret_002,M_npo_s1
11,-6,random_position,14.777383804321289,12.131689071655273,14.777383804321289,-0.0,retain,ret_002,M_npo_s1
0,-6,real,16.67465591430664,11.474437713623047,16.83875274658203,-0.031555758997539624,retain,ret_002,M_npo_s1
0,-5,real,16.67465591430664,11.474437713623047,16.73838996887207,-0.0122560346712089,retain,ret_002,M_npo_s1
0,-4,real,16.67465591430664,11.474437713623047,16.633146286010742,0.00798228587608916,retain,ret_002,M_npo_s1
0,-3,real,16.67465591430664,11.474437713623047,16.663991928100586,0.0020506805281080044,retain,ret_002,M_npo_s1
0,-2,real,16.67465591430664,11.474437713623047,16.675134658813477,-9.206238822305653e-05,retain,ret_002,M_npo_s1
0,-1,real,16.67465591430664,11.474437713623047,16.707168579101562,-0.006252173185857457,retain,ret_002,M_npo_s1
0,-12,random_position,16.67465591430664,11.474437713623047,16.678340911865234,-0.0007086236416212957,retain,ret_002,M_npo_s1
1,-6,real,16.67465591430664,11.474437713623047,17.049503326416016,-0.07208301606653726,retain,ret_002,M_npo_s1
1,-5,real,16.67465591430664,11.474437713623047,17.340551376342773,-0.12805144636980764,retain,ret_002,M_npo_s1
1,-4,real,16.67465591430664,11.474437713623047,16.609668731689453,0.012497010723250924,retain,ret_002,M_npo_s1
1,-3,real,16.67465591430664,11.474437713623047,16.642215728759766,0.006238235453775878,retain,ret_002,M_npo_s1
1,-2,real,16.67465591430664,11.474437713623047,16.669057846069336,0.0010765064120903224,retain,ret_002,M_npo_s1
1,-1,real,16.67465591430664,11.474437713623047,16.694602966308594,-0.0038358105818196223,retain,ret_002,M_npo_s1
1,-3,random_position,16.67465591430664,11.474437713623047,16.642215728759766,0.006238235453775878,retain,ret_002,M_npo_s1
2,-6,real,16.67465591430664,11.474437713623047,16.948383331298828,-0.05263767911819637,retain,ret_002,M_npo_s1
2,-5,real,16.67465591430664,11.474437713623047,18.223217010498047,-0.2977877151362303,retain,ret_002,M_npo_s1
2,-4,real,16.67465591430664,11.474437713623047,16.635889053344727,0.007454852751528383,retain,ret_002,M_npo_s1
2,-3,real,16.67465591430664,11.474437713623047,16.692188262939453,-0.003371464034049146,retain,ret_002,M_npo_s1
2,-2,real,16.67465591430664,11.474437713623047,16.64165496826172,0.00634606948619651,retain,ret_002,M_npo_s1
2,-1,real,16.67465591430664,11.474437713623047,16.693391799926758,-0.0036029037430879854,retain,ret_002,M_npo_s1
2,-8,random_position,16.67465591430664,11.474437713623047,16.681543350219727,-0.001324451330173136,retain,ret_002,M_npo_s1
3,-6,real,16.67465591430664,11.474437713623047,16.919044494628906,-0.04699583188454276,retain,ret_002,M_npo_s1
3,-5,real,16.67465591430664,11.474437713623047,17.839168548583984,-0.223935340660179,retain,ret_002,M_npo_s1
3,-4,real,16.67465591430664,11.474437713623047,16.691423416137695,-0.003224384282346175,retain,ret_002,M_npo_s1
3,-3,real,16.67465591430664,11.474437713623047,16.793514251708984,-0.022856413484095582,retain,ret_002,M_npo_s1
3,-2,real,16.67465591430664,11.474437713623047,16.577686309814453,0.01864721839545894,retain,ret_002,M_npo_s1
3,-1,real,16.67465591430664,11.474437713623047,16.682817459106445,-0.0015694619888703542,retain,ret_002,M_npo_s1
3,-12,random_position,16.67465591430664,11.474437713623047,16.69425392150879,-0.003768689398374127,retain,ret_002,M_npo_s1
4,-6,real,16.67465591430664,11.474437713623047,16.747926712036133,-0.014089946787206042,retain,ret_002,M_npo_s1
4,-5,real,16.67465591430664,11.474437713623047,17.321029663085938,-0.1242974282683615,retain,ret_002,M_npo_s1
4,-4,real,16.67465591430664,11.474437713623047,16.778182983398438,-0.019908216366418575,retain,ret_002,M_npo_s1
4,-3,real,16.67465591430664,11.474437713623047,16.82883071899414,-0.029647756832056196,retain,ret_002,M_npo_s1
4,-2,real,16.67465591430664,11.474437713623047,16.550384521484375,0.02389734200113556,retain,ret_002,M_npo_s1
4,-1,real,16.67465591430664,11.474437713623047,16.702619552612305,-0.00537739710652682,retain,ret_002,M_npo_s1
4,-9,random_position,16.67465591430664,11.474437713623047,16.65792465209961,0.003217415416305386,retain,ret_002,M_npo_s1
5,-6,real,16.67465591430664,11.474437713623047,16.706937789916992,-0.006207792512650326,retain,ret_002,M_npo_s1
5,-5,real,16.67465591430664,11.474437713623047,16.888946533203125,-0.04120800524645578,retain,ret_002,M_npo_s1
5,-4,real,16.67465591430664,11.474437713623047,16.728776931762695,-0.010407451258283781,retain,ret_002,M_npo_s1
5,-3,real,16.67465591430664,11.474437713623047,16.813188552856445,-0.026639774179397686,retain,ret_002,M_npo_s1
5,-2,real,16.67465591430664,11.474437713623047,16.557498931884766,0.022529243562601692,retain,ret_002,M_npo_s1
5,-1,real,16.67465591430664,11.474437713623047,16.78011703491211,-0.020280133743542796,retain,ret_002,M_npo_s1
5,-11,random_position,16.67465591430664,11.474437713623047,16.701234817504883,-0.005111113067284035,retain,ret_002,M_npo_s1
6,-6,real,16.67465591430664,11.474437713623047,16.732982635498047,-0.01121620650143852,retain,ret_002,M_npo_s1
6,-5,real,16.67465591430664,11.474437713623047,16.293258666992188,0.0733425469078041,retain,ret_002,M_npo_s1
6,-4,real,16.67465591430664,11.474437713623047,16.746854782104492,-0.013883815065367964,retain,ret_002,M_npo_s1
6,-3,real,16.67465591430664,11.474437713623047,16.685148239135742,-0.0020176701100200556,retain,ret_002,M_npo_s1
6,-2,real,16.67465591430664,11.474437713623047,16.480560302734375,0.037324512949620234,retain,ret_002,M_npo_s1
6,-1,real,16.67465591430664,11.474437713623047,17.267688751220703,-0.11403999102116628,retain,ret_002,M_npo_s1
6,-2,random_position,16.67465591430664,11.474437713623047,16.480560302734375,0.037324512949620234,retain,ret_002,M_npo_s1
7,-6,real,16.67465591430664,11.474437713623047,16.68886947631836,-0.0027332626176821404,retain,ret_002,M_npo_s1
7,-5,real,16.67465591430664,11.474437713623047,16.120939254760742,0.10647950493175647,retain,ret_002,M_npo_s1
7,-4,real,16.67465591430664,11.474437713623047,16.56170654296875,0.02172012153702375,retain,ret_002,M_npo_s1
7,-3,real,16.67465591430664,11.474437713623047,16.753040313720703,-0.01507329046380371,retain,ret_002,M_npo_s1
7,-2,real,16.67465591430664,11.474437713623047,16.439376831054688,0.04524407903134229,retain,ret_002,M_npo_s1
7,-1,real,16.67465591430664,11.474437713623047,17.630334854125977,-0.1837766999264968,retain,ret_002,M_npo_s1
7,-8,random_position,16.67465591430664,11.474437713623047,16.67801284790039,-0.000645537064830994,retain,ret_002,M_npo_s1
8,-6,real,16.67465591430664,11.474437713623047,16.721912384033203,-0.009087401317189037,retain,ret_002,M_npo_s1
8,-5,real,16.67465591430664,11.474437713623047,16.28436851501465,0.07505211978233664,retain,ret_002,M_npo_s1
8,-4,real,16.67465591430664,11.474437713623047,16.620018005371094,0.010506849294970826,retain,ret_002,M_npo_s1
8,-3,real,16.67465591430664,11.474437713623047,16.628582000732422,0.008859996214805392,retain,ret_002,M_npo_s1
8,-2,real,16.67465591430664,11.474437713623047,16.465648651123047,0.040192017934193365,retain,ret_002,M_npo_s1
8,-1,real,16.67465591430664,11.474437713623047,16.93553924560547,-0.050167766280371416,retain,ret_002,M_npo_s1
8,-5,random_position,16.67465591430664,11.474437713623047,16.28436851501465,0.07505211978233664,retain,ret_002,M_npo_s1
9,-6,real,16.67465591430664,11.474437713623047,16.746021270751953,-0.013723531146429813,retain,ret_002,M_npo_s1
9,-5,real,16.67465591430664,11.474437713623047,16.089431762695312,0.11253838378058782,retain,ret_002,M_npo_s1
9,-4,real,16.67465591430664,11.474437713623047,16.61607551574707,0.011264988563724045,retain,ret_002,M_npo_s1
9,-3,real,16.67465591430664,11.474437713623047,16.80649757385254,-0.02535310143881409,retain,ret_002,M_npo_s1
9,-2,real,16.67465591430664,11.474437713623047,16.384641647338867,0.05576963422989629,retain,ret_002,M_npo_s1
9,-1,real,16.67465591430664,11.474437713623047,17.376056671142578,-0.134879101177665,retain,ret_002,M_npo_s1
9,-11,random_position,16.67465591430664,11.474437713623047,16.677217483520508,-0.0004925887943568323,retain,ret_002,M_npo_s1
10,-6,real,16.67465591430664,11.474437713623047,16.768856048583984,-0.01811465031697337,retain,ret_002,M_npo_s1
10,-5,real,16.67465591430664,11.474437713623047,16.957490921020508,-0.05438906518897364,retain,ret_002,M_npo_s1
10,-4,real,16.67465591430664,11.474437713623047,16.581100463867188,0.01799067785793196,retain,ret_002,M_npo_s1
10,-3,real,16.67465591430664,11.474437713623047,16.319419860839844,0.06831175919120075,retain,ret_002,M_npo_s1
10,-2,real,16.67465591430664,11.474437713623047,16.21814727783203,0.08778643873339759,retain,ret_002,M_npo_s1
10,-1,real,16.67465591430664,11.474437713623047,16.386226654052734,0.055464838036217566,retain,ret_002,M_npo_s1
10,-6,random_position,16.67465591430664,11.474437713623047,16.768856048583984,-0.01811465031697337,retain,ret_002,M_npo_s1
11,-6,real,16.67465591430664,11.474437713623047,16.67465591430664,-0.0,retain,ret_002,M_npo_s1
11,-5,real,16.67465591430664,11.474437713623047,16.67465591430664,-0.0,retain,ret_002,M_npo_s1
11,-4,real,16.67465591430664,11.474437713623047,16.67465591430664,-0.0,retain,ret_002,M_npo_s1
11,-3,real,16.67465591430664,11.474437713623047,16.67465591430664,-0.0,retain,ret_002,M_npo_s1
11,-2,real,16.67465591430664,11.474437713623047,16.67465591430664,-0.0,retain,ret_002,M_npo_s1
11,-1,real,16.67465591430664,11.474437713623047,11.67668342590332,0.9611082257560486,retain,ret_002,M_npo_s1
11,-6,random_position,16.67465591430664,11.474437713623047,16.67465591430664,-0.0,retain,ret_002,M_npo_s1
0,-6,real,15.546506881713867,12.421262741088867,15.656486511230469,-0.03519073216936177,retain,ret_002,M_npo_s1
0,-5,real,15.546506881713867,12.421262741088867,15.528854370117188,0.005648362432622451,retain,ret_002,M_npo_s1
0,-4,real,15.546506881713867,12.421262741088867,15.54977035522461,-0.0010442299429732052,retain,ret_002,M_npo_s1
0,-3,real,15.546506881713867,12.421262741088867,15.549537658691406,-0.0009697728693070853,retain,ret_002,M_npo_s1
0,-2,real,15.546506881713867,12.421262741088867,15.550834655761719,-0.001384779509413327,retain,ret_002,M_npo_s1
0,-1,real,15.546506881713867,12.421262741088867,15.56834602355957,-0.006987979454730099,retain,ret_002,M_npo_s1
0,-12,random_position,15.546506881713867,12.421262741088867,15.563762664794922,-0.005521419225060542,retain,ret_002,M_npo_s1
1,-6,real,15.546506881713867,12.421262741088867,15.677837371826172,-0.04202247383016952,retain,ret_002,M_npo_s1
1,-5,real,15.546506881713867,12.421262741088867,15.496091842651367,0.01613155222248262,retain,ret_002,M_npo_s1
1,-4,real,15.546506881713867,12.421262741088867,15.555105209350586,-0.002751249902351379,retain,ret_002,M_npo_s1
1,-3,real,15.546506881713867,12.421262741088867,15.547203063964844,-0.00022276091711585032,retain,ret_002,M_npo_s1
1,-2,real,15.546506881713867,12.421262741088867,15.552623748779297,-0.0019572445512069368,retain,ret_002,M_npo_s1
1,-1,real,15.546506881713867,12.421262741088867,15.55544662475586,-0.002860494297320522,retain,ret_002,M_npo_s1
1,-3,random_position,15.546506881713867,12.421262741088867,15.547203063964844,-0.00022276091711585032,retain,ret_002,M_npo_s1
2,-6,real,15.546506881713867,12.421262741088867,15.745901107788086,-0.06380116787750957,retain,ret_002,M_npo_s1
2,-5,real,15.546506881713867,12.421262741088867,15.468538284301758,0.024948002109210218,retain,ret_002,M_npo_s1
2,-4,real,15.546506881713867,12.421262741088867,15.554332733154297,-0.0025040768299351614,retain,ret_002,M_npo_s1
2,-3,real,15.546506881713867,12.421262741088867,15.550792694091797,-0.001371352823998125,retain,ret_002,M_npo_s1
2,-2,real,15.546506881713867,12.421262741088867,15.542255401611328,0.00136036735411296,retain,ret_002,M_npo_s1
2,-1,real,15.546506881713867,12.421262741088867,15.575815200805664,-0.009377929458636044,retain,ret_002,M_npo_s1
2,-8,random_position,15.546506881713867,12.421262741088867,17.596656799316406,-0.6559967238887587,retain,ret_002,M_npo_s1
3,-6,real,15.546506881713867,12.421262741088867,15.889856338500977,-0.10986324310600734,retain,ret_002,M_npo_s1
3,-5,real,15.546506881713867,12.421262741088867,15.408302307128906,0.0442220090227326,retain,ret_002,M_npo_s1
3,-4,real,15.546506881713867,12.421262741088867,15.55990219116211,-0.004286164166861964,retain,ret_002,M_npo_s1
3,-3,real,15.546506881713867,12.421262741088867,15.544700622558594,0.0005779577767361924,retain,ret_002,M_npo_s1
3,-2,real,15.546506881713867,12.421262741088867,15.555744171142578,-0.002955701702991954,retain,ret_002,M_npo_s1
3,-1,real,15.546506881713867,12.421262741088867,15.578739166259766,-0.010313525310522615,retain,ret_002,M_npo_s1
3,-12,random_position,15.546506881713867,12.421262741088867,15.58560562133789,-0.01251061928755566,retain,ret_002,M_npo_s1
4,-6,real,15.546506881713867,12.421262741088867,15.99815559387207,-0.14451629755487852,retain,ret_002,M_npo_s1
4,-5,real,15.546506881713867,12.421262741088867,15.39207649230957,0.049413864151238183,retain,ret_002,M_npo_s1
4,-4,real,15.546506881713867,12.421262741088867,15.561010360717773,-0.004640750722599797,retain,ret_002,M_npo_s1
4,-3,real,15.546506881713867,12.421262741088867,15.541515350341797,0.0015971652605265214,retain,ret_002,M_npo_s1
4,-2,real,15.546506881713867,12.421262741088867,15.56136703491211,-0.004754877548629013,retain,ret_002,M_npo_s1
4,-1,real,15.546506881713867,12.421262741088867,15.619861602783203,-0.023471677017420513,retain,ret_002,M_npo_s1
4,-9,random_position,15.546506881713867,12.421262741088867,15.60378646850586,-0.018328035895633154,retain,ret_002,M_npo_s1
5,-6,real,15.546506881713867,12.421262741088867,16.004085540771484,-0.14641373232559957,retain,ret_002,M_npo_s1
5,-5,real,15.546506881713867,12.421262741088867,15.457378387451172,0.028518890125771423,retain,ret_002,M_npo_s1
5,-4,real,15.546506881713867,12.421262741088867,15.569028854370117,-0.007206468244668385,retain,ret_002,M_npo_s1
5,-3,real,15.546506881713867,12.421262741088867,15.545455932617188,0.0003362774392625576,retain,ret_002,M_npo_s1
5,-2,real,15.546506881713867,12.421262741088867,15.557666778564453,-0.0035708880165612063,retain,ret_002,M_npo_s1
5,-1,real,15.546506881713867,12.421262741088867,15.692466735839844,-0.04670350460901492,retain,ret_002,M_npo_s1
5,-11,random_position,15.546506881713867,12.421262741088867,15.559926986694336,-0.0042940981173345836,retain,ret_002,M_npo_s1
6,-6,real,15.546506881713867,12.421262741088867,15.970252990722656,-0.13558816205765176,retain,ret_002,M_npo_s1
6,-5,real,15.546506881713867,12.421262741088867,15.538969039916992,0.0024119209436762753,retain,ret_002,M_npo_s1
6,-4,real,15.546506881713867,12.421262741088867,15.553855895996094,-0.0023515008593078665,retain,ret_002,M_npo_s1
6,-3,real,15.546506881713867,12.421262741088867,15.555564880371094,-0.002898333138036091,retain,ret_002,M_npo_s1
6,-2,real,15.546506881713867,12.421262741088867,15.545707702636719,0.00025571732677134596,retain,ret_002,M_npo_s1
6,-1,real,15.546506881713867,12.421262741088867,16.369401931762695,-0.2633058452464651,retain,ret_002,M_npo_s1
6,-2,random_position,15.546506881713867,12.421262741088867,15.545707702636719,0.00025571732677134596,retain,ret_002,M_npo_s1
7,-6,real,15.546506881713867,12.421262741088867,16.215723037719727,-0.21413244082493554,retain,ret_002,M_npo_s1
7,-5,real,15.546506881713867,12.421262741088867,15.658435821533203,-0.03581446273728615,retain,ret_002,M_npo_s1
7,-4,real,15.546506881713867,12.421262741088867,15.566036224365234,-0.006248901453011484,retain,ret_002,M_npo_s1
7,-3,real,15.546506881713867,12.421262741088867,15.571704864501953,-0.008062724591828763,retain,ret_002,M_npo_s1
7,-2,real,15.546506881713867,12.421262741088867,15.547094345092773,-0.00018797359581282713,retain,ret_002,M_npo_s1
7,-1,real,15.546506881713867,12.421262741088867,16.76561164855957,-0.39008305015233186,retain,ret_002,M_npo_s1
7,-8,random_position,15.546506881713867,12.421262741088867,15.889028549194336,-0.10959837122099836,retain,ret_002,M_npo_s1
8,-6,real,15.546506881713867,12.421262741088867,15.909526824951172,-0.1161573070463245,retain,ret_002,M_npo_s1
8,-5,real,15.546506881713867,12.421262741088867,15.546091079711914,0.00013304624638700102,retain,ret_002,M_npo_s1
8,-4,real,15.546506881713867,12.421262741088867,15.568435668945312,-0.007016663737208031,retain,ret_002,M_npo_s1
8,-3,real,15.546506881713867,12.421262741088867,15.59007453918457,-0.013940561284274665,retain,ret_002,M_npo_s1
8,-2,real,15.546506881713867,12.421262741088867,15.524646759033203,0.0069946927974377,retain,ret_002,M_npo_s1
8,-1,real,15.546506881713867,12.421262741088867,17.54827880859375,-0.6405169762127959,retain,ret_002,M_npo_s1
8,-5,random_position,15.546506881713867,12.421262741088867,15.546091079711914,0.00013304624638700102,retain,ret_002,M_npo_s1
9,-6,real,15.546506881713867,12.421262741088867,15.866218566894531,-0.10229974709007109,retain,ret_002,M_npo_s1
9,-5,real,15.546506881713867,12.421262741088867,15.55653190612793,-0.0032077572064682447,retain,ret_002,M_npo_s1
9,-4,real,15.546506881713867,12.421262741088867,15.554265975952148,-0.00248271619404734,retain,ret_002,M_npo_s1
9,-3,real,15.546506881713867,12.421262741088867,15.593280792236328,-0.014966482110772596,retain,ret_002,M_npo_s1
9,-2,real,15.546506881713867,12.421262741088867,15.518074035644531,0.009097799976564331,retain,ret_002,M_npo_s1
9,-1,real,15.546506881713867,12.421262741088867,17.904346466064453,-0.7544497256073744,retain,ret_002,M_npo_s1
9,-11,random_position,15.546506881713867,12.421262741088867,15.548580169677734,-0.0006634003202874775,retain,ret_002,M_npo_s1
10,-6,real,15.546506881713867,12.421262741088867,15.181337356567383,0.11684511952191234,retain,ret_002,M_npo_s1
10,-5,real,15.546506881713867,12.421262741088867,15.431655883789062,0.03674944828529021,retain,ret_002,M_npo_s1
10,-4,real,15.546506881713867,12.421262741088867,15.55252456665039,-0.0019255087493164596,retain,ret_002,M_npo_s1
10,-3,real,15.546506881713867,12.421262741088867,15.583059310913086,-0.011695863604405906,retain,ret_002,M_npo_s1
10,-2,real,15.546506881713867,12.421262741088867,15.525863647460938,0.006605318920396844,retain,ret_002,M_npo_s1
10,-1,real,15.546506881713867,12.421262741088867,17.87485694885254,-0.7450138172799,retain,ret_002,M_npo_s1
10,-6,random_position,15.546506881713867,12.421262741088867,15.181337356567383,0.11684511952191234,retain,ret_002,M_npo_s1
11,-6,real,15.546506881713867,12.421262741088867,15.546506881713867,-0.0,retain,ret_002,M_npo_s1
11,-5,real,15.546506881713867,12.421262741088867,15.546506881713867,-0.0,retain,ret_002,M_npo_s1
11,-4,real,15.546506881713867,12.421262741088867,15.546506881713867,-0.0,retain,ret_002,M_npo_s1
11,-3,real,15.546506881713867,12.421262741088867,15.546506881713867,-0.0,retain,ret_002,M_npo_s1
11,-2,real,15.546506881713867,12.421262741088867,15.546506881713867,-0.0,retain,ret_002,M_npo_s1
11,-1,real,15.546506881713867,12.421262741088867,12.53860855102539,0.9624522742363878,retain,ret_002,M_npo_s1
11,-6,random_position,15.546506881713867,12.421262741088867,15.546506881713867,-0.0,retain,ret_002,M_npo_s1
0,-6,real,16.33027458190918,11.962491989135742,16.5174503326416,-0.04285372423117098,retain,ret_002,M_npo_s1
0,-5,real,16.33027458190918,11.962491989135742,16.271005630493164,0.013569574528292,retain,ret_002,M_npo_s1
0,-4,real,16.33027458190918,11.962491989135742,16.344058990478516,-0.003155928271737346,retain,ret_002,M_npo_s1
0,-3,real,16.33027458190918,11.962491989135742,16.320308685302734,0.0022816833014843822,retain,ret_002,M_npo_s1
0,-2,real,16.33027458190918,11.962491989135742,16.32952117919922,0.00017249089073422604,retain,ret_002,M_npo_s1
0,-1,real,16.33027458190918,11.962491989135742,16.358137130737305,-0.006379106156571074,retain,ret_002,M_npo_s1
0,-13,random_position,16.33027458190918,11.962491989135742,16.33705711364746,-0.0015528547024073614,retain,ret_002,M_npo_s1
1,-6,real,16.33027458190918,11.962491989135742,17.32229995727539,-0.22712334103064835,retain,ret_002,M_npo_s1
1,-5,real,16.33027458190918,11.962491989135742,16.302764892578125,0.00629831928369555,retain,ret_002,M_npo_s1
1,-4,real,16.33027458190918,11.962491989135742,16.311363220214844,0.004329739700328737,retain,ret_002,M_npo_s1
1,-3,real,16.33027458190918,11.962491989135742,16.28546905517578,0.010258186111994187,retain,ret_002,M_npo_s1
1,-2,real,16.33027458190918,11.962491989135742,16.325014114379883,0.0012043794345442923,retain,ret_002,M_npo_s1
1,-1,real,16.33027458190918,11.962491989135742,16.327964782714844,0.0005288265029851841,retain,ret_002,M_npo_s1
1,-3,random_position,16.33027458190918,11.962491989135742,16.28546905517578,0.010258186111994187,retain,ret_002,M_npo_s1
2,-6,real,16.33027458190918,11.962491989135742,17.816967010498047,-0.34037692971454725,retain,ret_002,M_npo_s1
2,-5,real,16.33027458190918,11.962491989135742,16.40625762939453,-0.017396252187795856,retain,ret_002,M_npo_s1
2,-4,real,16.33027458190918,11.962491989135742,16.327423095703125,0.000652845269994096,retain,ret_002,M_npo_s1
2,-3,real,16.33027458190918,11.962491989135742,16.24503517150879,0.019515488371930536,retain,ret_002,M_npo_s1
2,-2,real,16.33027458190918,11.962491989135742,16.30503273010254,0.005779099868295563,retain,ret_002,M_npo_s1
2,-1,real,16.33027458190918,11.962491989135742,16.31576919555664,0.00332099550388301,retain,ret_002,M_npo_s1
2,-9,random_position,16.33027458190918,11.962491989135742,16.298660278320312,0.007238067123847586,retain,ret_002,M_npo_s1
3,-6,real,16.33027458190918,11.962491989135742,17.45275115966797,-0.25699002958982975,retain,ret_002,M_npo_s1
3,-5,real,16.33027458190918,11.962491989135742,16.550121307373047,-0.05033371528784581,retain,ret_002,M_npo_s1
3,-4,real,16.33027458190918,11.962491989135742,16.413450241088867,-0.019042994337058555,retain,ret_002,M_npo_s1
3,-3,real,16.33027458190918,11.962491989135742,16.15201759338379,0.04081178143351721,retain,ret_002,M_npo_s1
3,-2,real,16.33027458190918,11.962491989135742,16.305130004882812,0.005756828892529878,retain,ret_002,M_npo_s1
3,-1,real,16.33027458190918,11.962491989135742,16.31619644165039,0.0032231778848337274,retain,ret_002,M_npo_s1
3,-13,random_position,16.33027458190918,11.962491989135742,16.35756492614746,-0.006248100416772927,retain,ret_002,M_npo_s1
4,-6,real,16.33027458190918,11.962491989135742,16.927032470703125,-0.13662719609288482,retain,ret_002,M_npo_s1
4,-5,real,16.33027458190918,11.962491989135742,16.67137336730957,-0.07809426823687235,retain,ret_002,M_npo_s1
4,-4,real,16.33027458190918,11.962491989135742,16.490032196044922,-0.03657636586584313,retain,ret_002,M_npo_s1
4,-3,real,16.33027458190918,11.962491989135742,16.137920379638672,0.04403932617634421,retain,ret_002,M_npo_s1
4,-2,real,16.33027458190918,11.962491989135742,16.295469284057617,0.007968642466121915,retain,ret_002,M_npo_s1
4,-1,real,16.33027458190918,11.962491989135742,16.314760208129883,0.003552002291727075,retain,ret_002,M_npo_s1
4,-10,random_position,16.33027458190918,11.962491989135742,16.3117618560791,0.004238472368269362,retain,ret_002,M_npo_s1
5,-6,real,16.33027458190918,11.962491989135742,16.4986629486084,-0.03855236910779851,retain,ret_002,M_npo_s1
5,-5,real,16.33027458190918,11.962491989135742,16.62740707397461,-0.06802822387658211,retain,ret_002,M_npo_s1
5,-4,real,16.33027458190918,11.962491989135742,16.530319213867188,-0.04580004331923129,retain,ret_002,M_npo_s1
5,-3,real,16.33027458190918,11.962491989135742,16.14004898071289,0.0435519848242951,retain,ret_002,M_npo_s1
5,-2,real,16.33027458190918,11.962491989135742,16.320770263671875,0.002176005338047211,retain,ret_002,M_npo_s1
5,-1,real,16.33027458190918,11.962491989135742,16.368289947509766,-0.008703584666389517,retain,ret_002,M_npo_s1
5,-12,random_position,16.33027458190918,11.962491989135742,16.336078643798828,-0.0013288348873525312,retain,ret_002,M_npo_s1
6,-6,real,16.33027458190918,11.962491989135742,15.80972671508789,0.11917897829496903,retain,ret_002,M_npo_s1
6,-5,real,16.33027458190918,11.962491989135742,16.627857208251953,-0.06813128172522333,retain,ret_002,M_npo_s1
6,-4,real,16.33027458190918,11.962491989135742,16.487117767333984,-0.03590910996447124,retain,ret_002,M_npo_s1
6,-3,real,16.33027458190918,11.962491989135742,16.150035858154297,0.04126549797901812,retain,ret_002,M_npo_s1
6,-2,real,16.33027458190918,11.962491989135742,16.344762802124023,-0.0033170653316890657,retain,ret_002,M_npo_s1
6,-1,real,16.33027458190918,11.962491989135742,16.699649810791016,-0.08456813521189742,retain,ret_002,M_npo_s1
6,-2,random_position,16.33027458190918,11.962491989135742,16.344762802124023,-0.0033170653316890657,retain,ret_002,M_npo_s1
7,-6,real,16.33027458190918,11.962491989135742,15.485721588134766,0.19335966839827143,retain,ret_002,M_npo_s1
7,-5,real,16.33027458190918,11.962491989135742,16.393226623535156,-0.014412814806792735,retain,ret_002,M_npo_s1
7,-4,real,16.33027458190918,11.962491989135742,16.70911407470703,-0.08673497014815876,retain,ret_002,M_npo_s1
7,-3,real,16.33027458190918,11.962491989135742,16.203285217285156,0.02907410383340262,retain,ret_002,M_npo_s1
7,-2,real,16.33027458190918,11.962491989135742,16.36627197265625,-0.008241571090701387,retain,ret_002,M_npo_s1
7,-1,real,16.33027458190918,11.962491989135742,17.048152923583984,-0.16435761772175778,retain,ret_002,M_npo_s1
7,-8,random_position,16.33027458190918,11.962491989135742,16.339454650878906,-0.0021017687521615947,retain,ret_002,M_npo_s1
8,-6,real,16.33027458190918,11.962491989135742,15.499626159667969,0.19017622892117647,retain,ret_002,M_npo_s1
8,-5,real,16.33027458190918,11.962491989135742,16.544334411621094,-0.049008810572687224,retain,ret_002,M_npo_s1
8,-4,real,16.33027458190918,11.962491989135742,16.457717895507812,-0.029178035053642484,retain,ret_002,M_npo_s1
8,-3,real,16.33027458190918,11.962491989135742,16.21331214904785,0.02677844658633977,retain,ret_002,M_npo_s1
8,-2,real,16.33027458190918,11.962491989135742,16.347036361694336,-0.003837594804487034,retain,ret_002,M_npo_s1
8,-1,real,16.33027458190918,11.962491989135742,17.021373748779297,-0.15822654909920453,retain,ret_002,M_npo_s1
8,-5,random_position,16.33027458190918,11.962491989135742,16.544334411621094,-0.049008810572687224,retain,ret_002,M_npo_s1
9,-6,real,16.33027458190918,11.962491989135742,15.27630615234375,0.24130514904959702,retain,ret_002,M_npo_s1
9,-5,real,16.33027458190918,11.962491989135742,16.376951217651367,-0.010686574881134125,retain,ret_002,M_npo_s1
9,-4,real,16.33027458190918,11.962491989135742,16.480915069580078,-0.034489007745059336,retain,ret_002,M_npo_s1
9,-3,real,16.33027458190918,11.962491989135742,16.272478103637695,0.013232453091211436,retain,ret_002,M_npo_s1
9,-2,real,16.33027458190918,11.962491989135742,16.325782775878906,0.0010283950574154488,retain,ret_002,M_npo_s1
9,-1,real,16.33027458190918,11.962491989135742,17.53923225402832,-0.27678980041712226,retain,ret_002,M_npo_s1
9,-12,random_position,16.33027458190918,11.962491989135742,16.336666107177734,-0.0014633341135452949,retain,ret_002,M_npo_s1
10,-6,real,16.33027458190918,11.962491989135742,16.71583366394043,-0.08827341421918833,retain,ret_002,M_npo_s1
10,-5,real,16.33027458190918,11.962491989135742,16.27242660522461,0.01324424360779327,retain,ret_002,M_npo_s1
10,-4,real,16.33027458190918,11.962491989135742,15.813793182373047,0.11824796417080354,retain,ret_002,M_npo_s1
10,-3,real,16.33027458190918,11.962491989135742,16.254438400268555,0.017362627381247664,retain,ret_002,M_npo_s1
10,-2,real,16.33027458190918,11.962491989135742,16.347267150878906,-0.0038904337862056197,retain,ret_002,M_npo_s1
10,-1,real,16.33027458190918,11.962491989135742,16.684917449951172,-0.08119517409789448,retain,ret_002,M_npo_s1
10,-6,random_position,16.33027458190918,11.962491989135742,16.71583366394043,-0.08827341421918833,retain,ret_002,M_npo_s1
11,-6,real,16.33027458190918,11.962491989135742,16.33027458190918,-0.0,retain,ret_002,M_npo_s1
11,-5,real,16.33027458190918,11.962491989135742,16.33027458190918,-0.0,retain,ret_002,M_npo_s1
11,-4,real,16.33027458190918,11.962491989135742,16.33027458190918,-0.0,retain,ret_002,M_npo_s1
11,-3,real,16.33027458190918,11.962491989135742,16.33027458190918,-0.0,retain,ret_002,M_npo_s1
11,-2,real,16.33027458190918,11.962491989135742,16.33027458190918,-0.0,retain,ret_002,M_npo_s1
11,-1,real,16.33027458190918,11.962491989135742,12.086593627929688,0.9715870384667787,retain,ret_002,M_npo_s1
11,-6,random_position,16.33027458190918,11.962491989135742,16.33027458190918,-0.0,retain,ret_002,M_npo_s1
0,-6,real,15.543964385986328,11.873355865478516,15.532766342163086,0.00305073225888251,retain,ret_002,M_npo_s1
0,-5,real,15.543964385986328,11.873355865478516,15.63328742980957,-0.024334669122079173,retain,ret_002,M_npo_s1
0,-4,real,15.543964385986328,11.873355865478516,15.513252258300781,0.00836703982839826,retain,ret_002,M_npo_s1
0,-3,real,15.543964385986328,11.873355865478516,15.548662185668945,-0.0012798421995618501,retain,ret_002,M_npo_s1
0,-2,real,15.543964385986328,11.873355865478516,15.491466522216797,0.014302223589419556,retain,ret_002,M_npo_s1
0,-1,real,15.543964385986328,11.873355865478516,15.580760955810547,-0.010024651122187258,retain,ret_002,M_npo_s1
0,-11,random_position,15.543964385986328,11.873355865478516,15.560525894165039,-0.004511924408767984,retain,ret_002,M_npo_s1
1,-6,real,15.543964385986328,11.873355865478516,15.641855239868164,-0.0266688352448692,retain,ret_002,M_npo_s1
1,-5,real,15.543964385986328,11.873355865478516,15.655025482177734,-0.030256862198979866,retain,ret_002,M_npo_s1
1,-4,real,15.543964385986328,11.873355865478516,15.468955993652344,0.020434865749074025,retain,ret_002,M_npo_s1
1,-3,real,15.543964385986328,11.873355865478516,15.55032730102539,-0.0017334768890533221,retain,ret_002,M_npo_s1
1,-2,real,15.543964385986328,11.873355865478516,15.495786666870117,0.013125267608092885,retain,ret_002,M_npo_s1
1,-1,real,15.543964385986328,11.873355865478516,15.542089462280273,0.000510793699622127,retain,ret_002,M_npo_s1
1,-3,random_position,15.543964385986328,11.873355865478516,15.55032730102539,-0.0017334768890533221,retain,ret_002,M_npo_s1
2,-6,real,15.543964385986328,11.873355865478516,15.778425216674805,-0.06387519382100708,retain,ret_002,M_npo_s1
2,-5,real,15.543964385986328,11.873355865478516,15.73320198059082,-0.051554829001026786,retain,ret_002,M_npo_s1
2,-4,real,15.543964385986328,11.873355865478516,15.438953399658203,0.028608604197757705,retain,ret_002,M_npo_s1
2,-3,real,15.543964385986328,11.873355865478516,15.570611953735352,-0.007259713913958022,retain,ret_002,M_npo_s1
2,-2,real,15.543964385986328,11.873355865478516,15.489368438720703,0.014873813690726106,retain,ret_002,M_npo_s1
2,-1,real,15.543964385986328,11.873355865478516,15.536130905151367,0.002134109587332732,retain,ret_002,M_npo_s1
2,-8,random_position,15.543964385986328,11.873355865478516,15.830821990966797,-0.07814987716009096,retain,ret_002,M_npo_s1
3,-6,real,15.543964385986328,11.873355865478516,15.796804428100586,-0.06888232310845246,retain,ret_002,M_npo_s1
3,-5,real,15.543964385986328,11.873355865478516,15.865480422973633,-0.08759202600631036,retain,ret_002,M_npo_s1
3,-4,real,15.543964385986328,11.873355865478516,15.348148345947266,0.053347023782305235,retain,ret_002,M_npo_s1
3,-3,real,15.543964385986328,11.873355865478516,15.587394714355469,-0.011831915097045606,retain,ret_002,M_npo_s1
3,-2,real,15.543964385986328,11.873355865478516,15.510271072387695,0.009179217399618385,retain,ret_002,M_npo_s1
3,-1,real,15.543964385986328,11.873355865478516,15.476018905639648,0.018510685617130245,retain,ret_002,M_npo_s1
3,-11,random_position,15.543964385986328,11.873355865478516,15.586259841918945,-0.011522736814975246,retain,ret_002,M_npo_s1
4,-6,real,15.543964385986328,11.873355865478516,15.841964721679688,-0.08118554022539357,retain,ret_002,M_npo_s1
4,-5,real,15.543964385986328,11.873355865478516,15.967409133911133,-0.11536091238251225,retain,ret_002,M_npo_s1
4,-4,real,15.543964385986328,11.873355865478516,15.346397399902344,0.05382404170321379,retain,ret_002,M_npo_s1
4,-3,real,15.543964385986328,11.873355865478516,15.578935623168945,-0.009527367734050558,retain,ret_002,M_npo_s1
4,-2,real,15.543964385986328,11.873355865478516,15.502975463867188,0.011166792070070711,retain,ret_002,M_npo_s1
4,-1,real,15.543964385986328,11.873355865478516,15.57878303527832,-0.009485797544864626,retain,ret_002,M_npo_s1
4,-8,random_position,15.543964385986328,11.873355865478516,15.611217498779297,-0.01832206088369908,retain,ret_002,M_npo_s1
5,-6,real,15.543964385986328,11.873355865478516,15.810188293457031,-0.07252854832742343,retain,ret_002,M_npo_s1
5,-5,real,15.543964385986328,11.873355865478516,15.939811706542969,-0.10784242404087181,retain,ret_002,M_npo_s1
5,-4,real,15.543964385986328,11.873355865478516,15.38414192199707,0.04354113578070894,retain,ret_002,M_npo_s1
5,-3,real,15.543964385986328,11.873355865478516,15.628610610961914,-0.02306054282353039,retain,ret_002,M_npo_s1
5,-2,real,15.543964385986328,11.873355865478516,15.53471565246582,0.0025196730920322417,retain,ret_002,M_npo_s1
5,-1,real,15.543964385986328,11.873355865478516,15.697816848754883,-0.041914702128809385,retain,ret_002,M_npo_s1
5,-10,random_position,15.543964385986328,11.873355865478516,15.567974090576172,-0.006541069268406241,retain,ret_002,M_npo_s1
6,-6,real,15.543964385986328,11.873355865478516,15.867437362670898,-0.08812516368261993,retain,ret_002,M_npo_s1
6,-5,real,15.543964385986328,11.873355865478516,15.788183212280273,-0.06653360741944736,retain,ret_002,M_npo_s1
6,-4,real,15.543964385986328,11.873355865478516,15.421628952026367,0.033328379552455344,retain,ret_002,M_npo_s1
6,-3,real,15.543964385986328,11.873355865478516,15.592605590820312,-0.01325153705774515,retain,ret_002,M_npo_s1
6,-2,real,15.543964385986328,11.873355865478516,15.57540512084961,-0.008565537481761079,retain,ret_002,M_npo_s1
6,-1,real,15.543964385986328,11.873355865478516,16.36400604248047,-0.22340754997775994,retain,ret_002,M_npo_s1
6,-2,random_position,15.543964385986328,11.873355865478516,15.57540512084961,-0.008565537481761079,retain,ret_002,M_npo_s1
7,-6,real,15.543964385986328,11.873355865478516,15.528076171875,0.004328495948985064,retain,ret_002,M_npo_s1
7,-5,real,15.543964385986328,11.873355865478516,15.896234512329102,-0.09597049763673475,retain,ret_002,M_npo_s1
7,-4,real,15.543964385986328,11.873355865478516,15.486352920532227,0.015695344554513067,retain,ret_002,M_npo_s1
7,-3,real,15.543964385986328,11.873355865478516,15.584613800048828,-0.011074298399132014,retain,ret_002,M_npo_s1
7,-2,real,15.543964385986328,11.873355865478516,15.590339660644531,-0.012634219748334074,retain,ret_002,M_npo_s1
7,-1,real,15.543964385986328,11.873355865478516,16.947546005249023,-0.38238390485415097,retain,ret_002,M_npo_s1
7,-7,random_position,15.543964385986328,11.873355865478516,15.280351638793945,0.07181717846497919,retain,ret_002,M_npo_s1
8,-6,real,15.543964385986328,11.873355865478516,15.593622207641602,-0.013528498443196415,retain,ret_002,M_npo_s1
8,-5,real,15.543964385986328,11.873355865478516,15.830545425415039,-0.07807453119219146,retain,ret_002,M_npo_s1
8,-4,real,15.543964385986328,11.873355865478516,15.53714370727539,0.001858187456611115,retain,ret_002,M_npo_s1
8,-3,real,15.543964385986328,11.873355865478516,15.494930267333984,0.013358580294898921,retain,ret_002,M_npo_s1
8,-2,real,15.543964385986328,11.873355865478516,15.60757827758789,-0.017330611871614627,retain,ret_002,M_npo_s1
8,-1,real,15.543964385986328,11.873355865478516,17.00896644592285,-0.3991169452562179,retain,ret_002,M_npo_s1
8,-5,random_position,15.543964385986328,11.873355865478516,15.830545425415039,-0.07807453119219146,retain,ret_002,M_npo_s1
9,-6,real,15.543964385986328,11.873355865478516,15.542640686035156,0.00036062139118795127,retain,ret_002,M_npo_s1
9,-5,real,15.543964385986328,11.873355865478516,15.93411636352539,-0.10629081672950694,retain,ret_002,M_npo_s1
9,-4,real,15.543964385986328,11.873355865478516,15.569385528564453,-0.006925593518376102,retain,ret_002,M_npo_s1
9,-3,real,15.543964385986328,11.873355865478516,15.573850631713867,-0.008142041179429408,retain,ret_002,M_npo_s1
9,-2,real,15.543964385986328,11.873355865478516,15.614885330200195,-0.019321304306255897,retain,ret_002,M_npo_s1
9,-1,real,15.543964385986328,11.873355865478516,17.507232666015625,-0.5348617999060514,retain,ret_002,M_npo_s1
9,-10,random_position,15.543964385986328,11.873355865478516,15.545356750488281,-0.0003793279763216202,retain,ret_002,M_npo_s1
10,-6,real,15.543964385986328,11.873355865478516,15.471656799316406,0.019699073400483047,retain,ret_002,M_npo_s1
10,-5,real,15.543964385986328,11.873355865478516,15.10079574584961,0.12073437896215866,retain,ret_002,M_npo_s1
10,-4,real,15.543964385986328,11.873355865478516,15.529754638671875,0.003871223867939823,retain,ret_002,M_npo_s1
10,-3,real,15.543964385986328,11.873355865478516,15.608592987060547,-0.01760705362970107,retain,ret_002,M_npo_s1
10,-2,real,15.543964385986328,11.873355865478516,15.6195068359375,-0.020580361411224782,retain,ret_002,M_npo_s1
10,-1,real,15.543964385986328,11.873355865478516,16.778379440307617,-0.3362971146131686,retain,ret_002,M_npo_s1
10,-5,random_position,15.543964385986328,11.873355865478516,15.10079574584961,0.12073437896215866,retain,ret_002,M_npo_s1
11,-6,real,15.543964385986328,11.873355865478516,15.543964385986328,-0.0,retain,ret_002,M_npo_s1
11,-5,real,15.543964385986328,11.873355865478516,15.543964385986328,-0.0,retain,ret_002,M_npo_s1
11,-4,real,15.543964385986328,11.873355865478516,15.543964385986328,-0.0,retain,ret_002,M_npo_s1
11,-3,real,15.543964385986328,11.873355865478516,15.543964385986328,-0.0,retain,ret_002,M_npo_s1
11,-2,real,15.543964385986328,11.873355865478516,15.543964385986328,-0.0,retain,ret_002,M_npo_s1
11,-1,real,15.543964385986328,11.873355865478516,11.98199462890625,0.9704030645543468,retain,ret_002,M_npo_s1
11,-6,random_position,15.543964385986328,11.873355865478516,15.543964385986328,-0.0,retain,ret_002,M_npo_s1
0,-6,real,18.613771438598633,8.737712860107422,18.602346420288086,0.0011568398688348305,retain,ret_003,M_npo_s1
0,-5,real,18.613771438598633,8.737712860107422,18.610004425048828,0.0003814288382218348,retain,ret_003,M_npo_s1
0,-4,real,18.613771438598633,8.737712860107422,18.614330291748047,-5.658665802480891e-05,retain,ret_003,M_npo_s1
0,-3,real,18.613771438598633,8.737712860107422,18.574695587158203,0.003956624105645939,retain,ret_003,M_npo_s1
0,-2,real,18.613771438598633,8.737712860107422,18.58786964416504,0.0026226853787607676,retain,ret_003,M_npo_s1
0,-1,real,18.613771438598633,8.737712860107422,18.635746002197266,-0.0022250337443816496,retain,ret_003,M_npo_s1
0,-13,random_position,18.613771438598633,8.737712860107422,18.614505767822266,-7.435448238754754e-05,retain,ret_003,M_npo_s1
1,-6,real,18.613771438598633,8.737712860107422,18.560977935791016,0.005345604462350463,retain,ret_003,M_npo_s1
1,-5,real,18.613771438598633,8.737712860107422,18.631664276123047,-0.0018117386994222946,retain,ret_003,M_npo_s1
1,-4,real,18.613771438598633,8.737712860107422,18.63068199157715,-0.0017122775086960947,retain,ret_003,M_npo_s1
1,-3,real,18.613771438598633,8.737712860107422,18.59786605834961,0.0016104987756617114,retain,ret_003,M_npo_s1
1,-2,real,18.613771438598633,8.737712860107422,18.59151840209961,0.002253230509131213,retain,ret_003,M_npo_s1
1,-1,real,18.613771438598633,8.737712860107422,18.744979858398438,-0.013285504410186447,retain,ret_003,M_npo_s1
1,-3,random_position,18.613771438598633,8.737712860107422,18.59786605834961,0.0016104987756617114,retain,ret_003,M_npo_s1
2,-6,real,18.613771438598633,8.737712860107422,18.561382293701172,0.005304661214905891,retain,ret_003,M_npo_s1
2,-5,real,18.613771438598633,8.737712860107422,18.657306671142578,-0.004408158598690318,retain,ret_003,M_npo_s1
2,-4,real,18.613771438598633,8.737712860107422,18.66640853881836,-0.005329767923244544,retain,ret_003,M_npo_s1
2,-3,real,18.613771438598633,8.737712860107422,18.644216537475586,-0.0030827175269351526,retain,ret_003,M_npo_s1
2,-2,real,18.613771438598633,8.737712860107422,18.574481964111328,0.003978254500522316,retain,ret_003,M_npo_s1
2,-1,real,18.613771438598633,8.737712860107422,18.78097915649414,-0.016930612203907416,retain,ret_003,M_npo_s1
2,-9,random_position,18.613771438598633,8.737712860107422,17.434865951538086,0.11937003792464859,retain,ret_003,M_npo_s1
3,-6,real,18.613771438598633,8.737712860107422,18.57436180114746,0.0039904215976402785,retain,ret_003,M_npo_s1
3,-5,real,18.613771438598633,8.737712860107422,18.66168212890625,-0.0048511954366046925,retain,ret_003,M_npo_s1
3,-4,real,18.613771438598633,8.737712860107422,18.717790603637695,-0.01053245727659037,retain,ret_003,M_npo_s1
3,-3,real,18.613771438598633,8.737712860107422,18.693326950073242,-0.008055390806193786,retain,ret_003,M_npo_s1
3,-2,real,18.613771438598633,8.737712860107422,18.59911346435547,0.0014841927198657216,retain,ret_003,M_npo_s1
3,-1,real,18.613771438598633,8.737712860107422,18.815011978149414,-0.020376604487650298,retain,ret_003,M_npo_s1
3,-13,random_position,18.613771438598633,8.737712860107422,18.575603485107422,0.0038646949274213343,retain,ret_003,M_npo_s1
4,-6,real,18.613771438598633,8.737712860107422,18.563949584960938,0.005044710219337998,retain,ret_003,M_npo_s1
4,-5,real,18.613771438598633,8.737712860107422,18.692461013793945,-0.007967710455534184,retain,ret_003,M_npo_s1
4,-4,real,18.613771438598633,8.737712860107422,18.715845108032227,-0.01033546618039479,retain,ret_003,M_npo_s1
4,-3,real,18.613771438598633,8.737712860107422,18.73367691040039,-0.012141024766995263,retain,ret_003,M_npo_s1
4,-2,real,18.613771438598633,8.737712860107422,18.615739822387695,-0.0001993086385037638,retain,ret_003,M_npo_s1
4,-1,real,18.613771438598633,8.737712860107422,18.85335922241211,-0.024259453496485738,retain,ret_003,M_npo_s1
4,-10,random_position,18.613771438598633,8.737712860107422,18.792173385620117,-0.01806408352113473,retain,ret_003,M_npo_s1
5,-6,real,18.613771438598633,8.737712860107422,18.49225425720215,0.012304218371196503,retain,ret_003,M_npo_s1
5,-5,real,18.613771438598633,8.737712860107422,18.742870330810547,-0.013071904260782221,retain,ret_003,M_npo_s1
5,-4,real,18.613771438598633,8.737712860107422,18.784095764160156,-0.01724618421487171,retain,ret_003,M_npo_s1
5,-3,real,18.613771438598633,8.737712860107422,18.846139907836914,-0.02352846202677959,retain,ret_003,M_npo_s1
5,-2,real,18.613771438598633,8.737712860107422,18.592178344726562,0.0021864080392452615,retain,ret_003,M_npo_s1
5,-1,real,18.613771438598633,8.737712860107422,18.800552368164062,-0.0189124971344555,retain,ret_003,M_npo_s1
5,-12,random_position,18.613771438598633,8.737712860107422,18.60801124572754,0.0005832481475594637,retain,ret_003,M_npo_s1
6,-6,real,18.613771438598633,8.737712860107422,18.616323471069336,-0.00025840596736243795,retain,ret_003,M_npo_s1
6,-5,real,18.613771438598633,8.737712860107422,18.786508560180664,-0.017490491799859363,retain,ret_003,M_npo_s1
6,-4,real,18.613771438598633,8.737712860107422,18.832544326782227,-0.022151841895718706,retain,ret_003,M_npo_s1
6,-3,real,18.613771438598633,8.737712860107422,18.992656707763672,-0.0383640159840893,retain,ret_003,M_npo_s1
6,-2,real,18.613771438598633,8.737712860107422,18.566173553466797,0.004819522358392854,retain,ret_003,M_npo_s1
6,-1,real,18.613771438598633,8.737712860107422,18.588045120239258,0.0026049175543980292,retain,ret_003,M_npo_s1
6,-2,random_position,18.613771438598633,8.737712860107422,18.566173553466797,0.004819522358392854,retain,ret_003,M_npo_s1
7,-6,real,18.613771438598633,8.737712860107422,18.547470092773438,0.006713340681229973,retain,ret_003,M_npo_s1
7,-5,real,18.613771438598633,8.737712860107422,18.78599739074707,-0.017438733354976605,retain,ret_003,M_npo_s1
7,-4,real,18.613771438598633,8.737712860107422,18.8319091796875,-0.02208753009666662,retain,ret_003,M_npo_s1
7,-3,real,18.613771438598633,8.737712860107422,18.984235763549805,-0.03751135354320353,retain,ret_003,M_npo_s1
7,-2,real,18.613771438598633,8.737712860107422,18.55289649963379,0.00616389002566485,retain,ret_003,M_npo_s1
7,-1,real,18.613771438598633,8.737712860107422,18.302698135375977,0.031497717510519226,retain,ret_003,M_npo_s1
7,-8,random_position,18.613771438598633,8.737712860107422,18.61306381225586,7.165068302800035e-05,retain,ret_003,M_npo_s1
8,-6,real,18.613771438598633,8.737712860107422,18.69281768798828,-0.008003825489836709,retain,ret_003,M_npo_s1
8,-5,real,18.613771438598633,8.737712860107422,18.843339920043945,-0.023244949351078497,retain,ret_003,M_npo_s1
8,-4,real,18.613771438598633,8.737712860107422,18.956594467163086,-0.03471253494902083,retain,ret_003,M_npo_s1
8,-3,real,18.613771438598633,8.737712860107422,19.039180755615234,-0.04307480698252322,retain,ret_003,M_npo_s1
8,-2,real,18.613771438598633,8.737712860107422,18.52291488647461,0.00919967732085929,retain,ret_003,M_npo_s1
8,-1,real,18.613771438598633,8.737712860107422,18.603275299072266,0.0010627862768277248,retain,ret_003,M_npo_s1
8,-5,random_position,18.613771438598633,8.737712860107422,18.843339920043945,-0.023244949351078497,retain,ret_003,M_npo_s1
9,-6,real,18.613771438598633,8.737712860107422,18.718109130859375,-0.010564709740379255,retain,ret_003,M_npo_s1
9,-5,real,18.613771438598633,8.737712860107422,18.766674041748047,-0.015482148261292853,retain,ret_003,M_npo_s1
9,-4,real,18.613771438598633,8.737712860107422,18.999311447143555,-0.03903784141019359,retain,ret_003,M_npo_s1
9,-3,real,18.613771438598633,8.737712860107422,18.91067886352539,-0.030063351950279447,retain,ret_003,M_npo_s1
9,-2,real,18.613771438598633,8.737712860107422,18.55484962463379,0.005966126415366542,retain,ret_003,M_npo_s1
9,-1,real,18.613771438598633,8.737712860107422,17.60727310180664,0.1019129573597322,retain,ret_003,M_npo_s1
9,-12,random_position,18.613771438598633,8.737712860107422,18.613582611083984,1.9119724042512223e-05,retain,ret_003,M_npo_s1
10,-6,real,18.613771438598633,8.737712860107422,18.683425903320312,-0.007052860629378827,retain,ret_003,M_npo_s1
10,-5,real,18.613771438598633,8.737712860107422,18.71544647216797,-0.010295102318527264,retain,ret_003,M_npo_s1
10,-4,real,18.613771438598633,8.737712860107422,18.870014190673828,-0.02594585178274045,retain,ret_003,M_npo_s1
10,-3,real,18.613771438598633,8.737712860107422,19.036794662475586,-0.04283320319689511,retain,ret_003,M_npo_s1
10,-2,real,18.613771438598633,8.737712860107422,18.576190948486328,0.0038052113415112964,retain,ret_003,M_npo_s1
10,-1,real,18.613771438598633,8.737712860107422,15.653984069824219,0.2996931767112491,retain,ret_003,M_npo_s1
10,-6,random_position,18.613771438598633,8.737712860107422,18.683425903320312,-0.007052860629378827,retain,ret_003,M_npo_s1
11,-6,real,18.613771438598633,8.737712860107422,18.613771438598633,-0.0,retain,ret_003,M_npo_s1
11,-5,real,18.613771438598633,8.737712860107422,18.613771438598633,-0.0,retain,ret_003,M_npo_s1
11,-4,real,18.613771438598633,8.737712860107422,18.613771438598633,-0.0,retain,ret_003,M_npo_s1
11,-3,real,18.613771438598633,8.737712860107422,18.613771438598633,-0.0,retain,ret_003,M_npo_s1
11,-2,real,18.613771438598633,8.737712860107422,18.613771438598633,-0.0,retain,ret_003,M_npo_s1
11,-1,real,18.613771438598633,8.737712860107422,8.877082824707031,0.9858880986284205,retain,ret_003,M_npo_s1
11,-6,random_position,18.613771438598633,8.737712860107422,18.613771438598633,-0.0,retain,ret_003,M_npo_s1
0,-6,real,19.905162811279297,9.385740280151367,19.943531036376953,-0.0036473698992621675,retain,ret_003,M_npo_s1
0,-5,real,19.905162811279297,9.385740280151367,19.953340530395508,-0.004579882495797528,retain,ret_003,M_npo_s1
0,-4,real,19.905162811279297,9.385740280151367,20.15726089477539,-0.02396501164870149,retain,ret_003,M_npo_s1
0,-3,real,19.905162811279297,9.385740280151367,19.896865844726562,0.0007887283287825824,retain,ret_003,M_npo_s1
0,-2,real,19.905162811279297,9.385740280151367,19.90104103088379,0.00039182572839061166,retain,ret_003,M_npo_s1
0,-1,real,19.905162811279297,9.385740280151367,19.885665893554688,0.0018534209142104729,retain,ret_003,M_npo_s1
0,-10,random_position,19.905162811279297,9.385740280151367,19.86098861694336,0.004199298412552783,retain,ret_003,M_npo_s1
1,-6,real,19.905162811279297,9.385740280151367,19.46550750732422,0.041794623483760444,retain,ret_003,M_npo_s1
1,-5,real,19.905162811279297,9.385740280151367,20.122819900512695,-0.020690973158396412,retain,ret_003,M_npo_s1
1,-4,real,19.905162811279297,9.385740280151367,19.44090461730957,0.044133429624672295,retain,ret_003,M_npo_s1
1,-3,real,19.905162811279297,9.385740280151367,19.904693603515625,4.4603946869083974e-05,retain,ret_003,M_npo_s1
1,-2,real,19.905162811279297,9.385740280151367,19.88414764404297,0.001997749132534826,retain,ret_003,M_npo_s1
1,-1,real,19.905162811279297,9.385740280151367,19.862327575683594,0.004072013978804422,retain,ret_003,M_npo_s1
1,-3,random_position,19.905162811279297,9.385740280151367,19.904693603515625,4.4603946869083974e-05,retain,ret_003,M_npo_s1
2,-6,real,19.905162811279297,9.385740280151367,19.035411834716797,0.0826804868792776,retain,ret_003,M_npo_s1
2,-5,real,19.905162811279297,9.385740280151367,19.83980369567871,0.006213184745377644,retain,ret_003,M_npo_s1
2,-4,real,19.905162811279297,9.385740280151367,18.414037704467773,0.14174971129823413,retain,ret_003,M_npo_s1
2,-3,real,19.905162811279297,9.385740280151367,19.908937454223633,-0.00035882606038177713,retain,ret_003,M_npo_s1
2,-2,real,19.905162811279297,9.385740280151367,19.89942169189453,0.0005457637401461088,retain,ret_003,M_npo_s1
2,-1,real,19.905162811279297,9.385740280151367,19.792308807373047,0.010728155806300653,retain,ret_003,M_npo_s1
2,-7,random_position,19.905162811279297,9.385740280151367,19.810415267944336,0.009006914880982708,retain,ret_003,M_npo_s1
3,-6,real,19.905162811279297,9.385740280151367,17.748210906982422,0.2050447063908934,retain,ret_003,M_npo_s1
3,-5,real,19.905162811279297,9.385740280151367,19.8131160736084,0.008750170211199688,retain,ret_003,M_npo_s1
3,-4,real,19.905162811279297,9.385740280151367,17.376346588134766,0.24039496613635716,retain,ret_003,M_npo_s1
3,-3,real,19.905162811279297,9.385740280151367,19.89833641052246,0.0006489330318880143,retain,ret_003,M_npo_s1
3,-2,real,19.905162811279297,9.385740280151367,19.912858963012695,-0.0007316135187672919,retain,ret_003,M_npo_s1
3,-1,real,19.905162811279297,9.385740280151367,19.76590347290039,0.013238306377258369,retain,ret_003,M_npo_s1
3,-10,random_position,19.905162811279297,9.385740280151367,19.889936447143555,0.0014474524709589323,retain,ret_003,M_npo_s1
4,-6,real,19.905162811279297,9.385740280151367,16.98809814453125,0.27730273768509506,retain,ret_003,M_npo_s1
4,-5,real,19.905162811279297,9.385740280151367,19.991575241088867,-0.008214560215056298,retain,ret_003,M_npo_s1
4,-4,real,19.905162811279297,9.385740280151367,16.970577239990234,0.2789683143352552,retain,ret_003,M_npo_s1
4,-3,real,19.905162811279297,9.385740280151367,19.888050079345703,0.0016267748427212252,retain,ret_003,M_npo_s1
4,-2,real,19.905162811279297,9.385740280151367,19.906723022460938,-0.00014831718918256376,retain,ret_003,M_npo_s1
4,-1,real,19.905162811279297,9.385740280151367,19.737529754638672,0.01593557594483761,retain,ret_003,M_npo_s1
4,-8,random_position,19.905162811279297,9.385740280151367,19.895610809326172,0.0009080348208145224,retain,ret_003,M_npo_s1
5,-6,real,19.905162811279297,9.385740280151367,15.796585083007812,0.3905706531051328,retain,ret_003,M_npo_s1
5,-5,real,19.905162811279297,9.385740280151367,19.99710464477539,-0.008740197784054162,retain,ret_003,M_npo_s1
5,-4,real,19.905162811279297,9.385740280151367,16.890745162963867,0.2865573313930012,retain,ret_003,M_npo_s1
5,-3,real,19.905162811279297,9.385740280151367,19.878555297851562,0.0025293701578200057,retain,ret_003,M_npo_s1
5,-2,real,19.905162811279297,9.385740280151367,19.903406143188477,0.0001669928254732778,retain,ret_003,M_npo_s1
5,-1,real,19.905162811279297,9.385740280151367,19.698511123657227,0.019644774892402045,retain,ret_003,M_npo_s1
5,-9,random_position,19.905162811279297,9.385740280151367,19.89940071105957,0.0005477582255752142,retain,ret_003,M_npo_s1
6,-6,real,19.905162811279297,9.385740280151367,14.918781280517578,0.47401665975547247,retain,ret_003,M_npo_s1
6,-5,real,19.905162811279297,9.385740280151367,19.971105575561523,-0.0062686677036782115,retain,ret_003,M_npo_s1
6,-4,real,19.905162811279297,9.385740280151367,16.629596710205078,0.3113826915290759,retain,ret_003,M_npo_s1
6,-3,real,19.905162811279297,9.385740280151367,19.859411239624023,0.00434924745345007,retain,ret_003,M_npo_s1
6,-2,real,19.905162811279297,9.385740280151367,19.866769790649414,0.0036497270184056557,retain,ret_003,M_npo_s1
6,-1,real,19.905162811279297,9.385740280151367,19.43117332458496,0.045058508230062806,retain,ret_003,M_npo_s1
6,-2,random_position,19.905162811279297,9.385740280151367,19.866769790649414,0.0036497270184056557,retain,ret_003,M_npo_s1
7,-6,real,19.905162811279297,9.385740280151367,14.223543167114258,0.5401075607860231,retain,ret_003,M_npo_s1
7,-5,real,19.905162811279297,9.385740280151367,19.899192810058594,0.0005675217630090766,retain,ret_003,M_npo_s1
7,-4,real,19.905162811279297,9.385740280151367,16.803058624267578,0.29489301126866135,retain,ret_003,M_npo_s1
7,-3,real,19.905162811279297,9.385740280151367,19.860055923461914,0.004287962355719378,retain,ret_003,M_npo_s1
7,-2,real,19.905162811279297,9.385740280151367,19.849700927734375,0.005272331573411479,retain,ret_003,M_npo_s1
7,-1,real,19.905162811279297,9.385740280151367,19.235368728637695,0.06367213415561737,retain,ret_003,M_npo_s1
7,-7,random_position,19.905162811279297,9.385740280151367,19.933311462402344,-0.0026758741784306556,retain,ret_003,M_npo_s1
8,-6,real,19.905162811279297,9.385740280151367,14.908287048339844,0.4750142651037395,retain,ret_003,M_npo_s1
8,-5,real,19.905162811279297,9.385740280151367,19.890464782714844,0.0013972277015169149,retain,ret_003,M_npo_s1
8,-4,real,19.905162811279297,9.385740280151367,18.243457794189453,0.15796542178743245,retain,ret_003,M_npo_s1
8,-3,real,19.905162811279297,9.385740280151367,19.85616111755371,0.004658211378104213,retain,ret_003,M_npo_s1
8,-2,real,19.905162811279297,9.385740280151367,19.831348419189453,0.0070169623733071125,retain,ret_003,M_npo_s1
8,-1,real,19.905162811279297,9.385740280151367,19.5814266204834,0.030775091487953217,retain,ret_003,M_npo_s1
8,-4,random_position,19.905162811279297,9.385740280151367,18.243457794189453,0.15796542178743245,retain,ret_003,M_npo_s1
9,-6,real,19.905162811279297,9.385740280151367,15.711763381958008,0.39863399506129144,retain,ret_003,M_npo_s1
9,-5,real,19.905162811279297,9.385740280151367,19.743967056274414,0.01532363155181664,retain,ret_003,M_npo_s1
9,-4,real,19.905162811279297,9.385740280151367,18.487974166870117,0.13472114464606677,retain,ret_003,M_npo_s1
9,-3,real,19.905162811279297,9.385740280151367,19.827899932861328,0.007344783251109161,retain,ret_003,M_npo_s1
9,-2,real,19.905162811279297,9.385740280151367,19.83043670654297,0.007103631831044601,retain,ret_003,M_npo_s1
9,-1,real,19.905162811279297,9.385740280151367,18.57754135131836,0.1262066863492159,retain,ret_003,M_npo_s1
9,-10,random_position,19.905162811279297,9.385740280151367,19.885419845581055,0.0018768107887881633,retain,ret_003,M_npo_s1
10,-6,real,19.905162811279297,9.385740280151367,17.399059295654297,0.238235845000922,retain,ret_003,M_npo_s1
10,-5,real,19.905162811279297,9.385740280151367,19.677640914916992,0.021628743943790323,retain,ret_003,M_npo_s1
10,-4,real,19.905162811279297,9.385740280151367,19.30608367919922,0.05694981167524628,retain,ret_003,M_npo_s1
10,-3,real,19.905162811279297,9.385740280151367,19.85851287841797,0.0044346476931872185,retain,ret_003,M_npo_s1
10,-2,real,19.905162811279297,9.385740280151367,19.79402732849121,0.010564789317971203,retain,ret_003,M_npo_s1
10,-1,real,19.905162811279297,9.385740280151367,16.144100189208984,0.3575350843585744,retain,ret_003,M_npo_s1
10,-5,random_position,19.905162811279297,9.385740280151367,19.677640914916992,0.021628743943790323,retain,ret_003,M_npo_s1
11,-6,real,19.905162811279297,9.385740280151367,19.905162811279297,-0.0,retain,ret_003,M_npo_s1
11,-5,real,19.905162811279297,9.385740280151367,19.905162811279297,-0.0,retain,ret_003,M_npo_s1
11,-4,real,19.905162811279297,9.385740280151367,19.905162811279297,-0.0,retain,ret_003,M_npo_s1
11,-3,real,19.905162811279297,9.385740280151367,19.905162811279297,-0.0,retain,ret_003,M_npo_s1
11,-2,real,19.905162811279297,9.385740280151367,19.905162811279297,-0.0,retain,ret_003,M_npo_s1
11,-1,real,19.905162811279297,9.385740280151367,9.526908874511719,0.986580195448693,retain,ret_003,M_npo_s1
11,-5,random_position,19.905162811279297,9.385740280151367,19.905162811279297,-0.0,retain,ret_003,M_npo_s1
0,-6,real,17.306827545166016,8.150556564331055,17.255292892456055,0.005628345078234184,retain,ret_003,M_npo_s1
0,-5,real,17.306827545166016,8.150556564331055,16.960182189941406,0.03785879163582801,retain,ret_003,M_npo_s1
0,-4,real,17.306827545166016,8.150556564331055,17.601797103881836,-0.032215031570518464,retain,ret_003,M_npo_s1
0,-3,real,17.306827545166016,8.150556564331055,17.695362091064453,-0.04243370982703343,retain,ret_003,M_npo_s1
0,-2,real,17.306827545166016,8.150556564331055,17.494356155395508,-0.02048089343598604,retain,ret_003,M_npo_s1
0,-1,real,17.306827545166016,8.150556564331055,17.289690017700195,0.0018716710658401177,retain,ret_003,M_npo_s1
0,-11,random_position,17.306827545166016,8.150556564331055,17.2841854095459,0.0024728555617794146,retain,ret_003,M_npo_s1
1,-6,real,17.306827545166016,8.150556564331055,17.240327835083008,0.007262750329495349,retain,ret_003,M_npo_s1
1,-5,real,17.306827545166016,8.150556564331055,17.083023071289062,0.0244427534249914,retain,ret_003,M_npo_s1
1,-4,real,17.306827545166016,8.150556564331055,17.195568084716797,0.012151176028111938,retain,ret_003,M_npo_s1
1,-3,real,17.306827545166016,8.150556564331055,17.584604263305664,-0.03033731949622989,retain,ret_003,M_npo_s1
1,-2,real,17.306827545166016,8.150556564331055,17.89593505859375,-0.06433923970367396,retain,ret_003,M_npo_s1
1,-1,real,17.306827545166016,8.150556564331055,17.307266235351562,-4.7911446315328556e-05,retain,ret_003,M_npo_s1
1,-3,random_position,17.306827545166016,8.150556564331055,17.584604263305664,-0.03033731949622989,retain,ret_003,M_npo_s1
2,-6,real,17.306827545166016,8.150556564331055,17.25254249572754,0.005928729015567679,retain,ret_003,M_npo_s1
2,-5,real,17.306827545166016,8.150556564331055,17.081958770751953,0.02455899075996511,retain,ret_003,M_npo_s1
2,-4,real,17.306827545166016,8.150556564331055,16.724069595336914,0.06364577359591861,retain,ret_003,M_npo_s1
2,-3,real,17.306827545166016,8.150556564331055,17.348018646240234,-0.004498676498373198,retain,ret_003,M_npo_s1
2,-2,real,17.306827545166016,8.150556564331055,18.301959991455078,-0.10868315806423592,retain,ret_003,M_npo_s1
2,-1,real,17.306827545166016,8.150556564331055,17.272035598754883,0.003799794314077862,retain,ret_003,M_npo_s1
2,-8,random_position,17.306827545166016,8.150556564331055,17.32653045654297,-0.002151848871466713,retain,ret_003,M_npo_s1
3,-6,real,17.306827545166016,8.150556564331055,17.27973747253418,0.0029586359652896154,retain,ret_003,M_npo_s1
3,-5,real,17.306827545166016,8.150556564331055,17.50130844116211,-0.021240185704765917,retain,ret_003,M_npo_s1
3,-4,real,17.306827545166016,8.150556564331055,15.19434928894043,0.2307138201400139,retain,ret_003,M_npo_s1
3,-3,real,17.306827545166016,8.150556564331055,17.222148895263672,0.009248159002675333,retain,ret_003,M_npo_s1
3,-2,real,17.306827545166016,8.150556564331055,18.13521957397461,-0.090472642251688,retain,ret_003,M_npo_s1
3,-1,real,17.306827545166016,8.150556564331055,17.183958053588867,0.013419162870378915,retain,ret_003,M_npo_s1
3,-11,random_position,17.306827545166016,8.150556564331055,17.27396583557129,0.0035889839502904163,retain,ret_003,M_npo_s1
4,-6,real,17.306827545166016,8.150556564331055,17.300872802734375,0.0006503458060715468,retain,ret_003,M_npo_s1
4,-5,real,17.306827545166016,8.150556564331055,17.424551010131836,-0.012857140774036496,retain,ret_003,M_npo_s1
4,-4,real,17.306827545166016,8.150556564331055,14.355051040649414,0.3223775826092282,retain,ret_003,M_npo_s1
4,-3,real,17.306827545166016,8.150556564331055,17.330974578857422,-0.002637212653704607,retain,ret_003,M_npo_s1
4,-2,real,17.306827545166016,8.150556564331055,18.023969650268555,-0.07832250777675683,retain,ret_003,M_npo_s1
4,-1,real,17.306827545166016,8.150556564331055,17.12194061279297,0.0201923832049133,retain,ret_003,M_npo_s1
4,-8,random_position,17.306827545166016,8.150556564331055,17.302507400512695,0.0004718235908879095,retain,ret_003,M_npo_s1
5,-6,real,17.306827545166016,8.150556564331055,17.29983139038086,0.0007640834134114138,retain,ret_003,M_npo_s1
5,-5,real,17.306827545166016,8.150556564331055,17.333518981933594,-0.0029150990423335126,retain,ret_003,M_npo_s1
5,-4,real,17.306827545166016,8.150556564331055,12.991157531738281,0.4713348941354932,retain,ret_003,M_npo_s1
5,-3,real,17.306827545166016,8.150556564331055,17.353694915771484,-0.005118608951566319,retain,ret_003,M_npo_s1
5,-2,real,17.306827545166016,8.150556564331055,18.43666648864746,-0.12339509674258409,retain,ret_003,M_npo_s1
5,-1,real,17.306827545166016,8.150556564331055,17.196622848510742,0.012035980246318995,retain,ret_003,M_npo_s1
5,-10,random_position,17.306827545166016,8.150556564331055,17.312904357910156,-0.0006636776867853774,retain,ret_003,M_npo_s1
6,-6,real,17.306827545166016,8.150556564331055,17.293203353881836,0.0014879628740451822,retain,ret_003,M_npo_s1
6,-5,real,17.306827545166016,8.150556564331055,17.284679412841797,0.0024189031070156316,retain,ret_003,M_npo_s1
6,-4,real,17.306827545166016,8.150556564331055,12.15794563293457,0.5623339373647414,retain,ret_003,M_npo_s1
6,-3,real,17.306827545166016,8.150556564331055,17.369953155517578,-0.006894248814139626,retain,ret_003,M_npo_s1
6,-2,real,17.306827545166016,8.150556564331055,18.23223876953125,-0.10106857107027714,retain,ret_003,M_npo_s1
6,-1,real,17.306827545166016,8.150556564331055,16.94641876220703,0.03936196118631241,retain,ret_003,M_npo_s1
6,-2,random_position,17.306827545166016,8.150556564331055,18.23223876953125,-0.10106857107027714,retain,ret_003,M_npo_s1
7,-6,real,17.306827545166016,8.150556564331055,17.29085922241211,0.0017439766458779596,retain,ret_003,M_npo_s1
7,-5,real,17.306827545166016,8.150556564331055,17.37019157409668,-0.0069202876436588266,retain,ret_003,M_npo_s1
7,-4,real,17.306827545166016,8.150556564331055,11.355558395385742,0.6499664724031111,retain,ret_003,M_npo_s1
7,-3,real,17.306827545166016,8.150556564331055,17.29049301147461,0.0017839722880194512,retain,ret_003,M_npo_s1
7,-2,real,17.306827545166016,8.150556564331055,18.520161628723145,-0.1325139989955261,retain,ret_003,M_npo_s1
7,-1,real,17.306827545166016,8.150556564331055,16.704301834106445,0.06580470502901455,retain,ret_003,M_npo_s1
7,-7,random_position,17.306827545166016,8.150556564331055,17.32285499572754,-0.0017504342755987213,retain,ret_003,M_npo_s1
8,-6,real,17.306827545166016,8.150556564331055,17.297765731811523,0.0009896838323657652,retain,ret_003,M_npo_s1
8,-5,real,17.306827545166016,8.150556564331055,17.373159408569336,-0.007244418993513832,retain,ret_003,M_npo_s1
8,-4,real,17.306827545166016,8.150556564331055,11.657459259033203,0.6169944399808104,retain,ret_003,M_npo_s1
8,-3,real,17.306827545166016,8.150556564331055,17.312068939208984,-0.0005724376281500995,retain,ret_003,M_npo_s1
8,-2,real,17.306827545166016,8.150556564331055,17.886173248291016,-0.06327310586783981,retain,ret_003,M_npo_s1
8,-1,real,17.306827545166016,8.150556564331055,17.25621795654297,0.005527314419699687,retain,ret_003,M_npo_s1
8,-5,random_position,17.306827545166016,8.150556564331055,17.373159408569336,-0.007244418993513832,retain,ret_003,M_npo_s1
9,-6,real,17.306827545166016,8.150556564331055,17.284006118774414,0.002492436761577853,retain,ret_003,M_npo_s1
9,-5,real,17.306827545166016,8.150556564331055,17.27264976501465,0.003732718289236402,retain,ret_003,M_npo_s1
9,-4,real,17.306827545166016,8.150556564331055,11.954011917114258,0.5846065105822845,retain,ret_003,M_npo_s1
9,-3,real,17.306827545166016,8.150556564331055,17.149309158325195,0.01720333388674526,retain,ret_003,M_npo_s1
9,-2,real,17.306827545166016,8.150556564331055,17.857088088989258,-0.06009657697713353,retain,ret_003,M_npo_s1
9,-1,real,17.306827545166016,8.150556564331055,16.433656692504883,0.09536315105666612,retain,ret_003,M_npo_s1
9,-10,random_position,17.306827545166016,8.150556564331055,17.30085563659668,0.0006522206017969293,retain,ret_003,M_npo_s1
10,-6,real,17.306827545166016,8.150556564331055,17.299312591552734,0.0008207439064451936,retain,ret_003,M_npo_s1
10,-5,real,17.306827545166016,8.150556564331055,17.281848907470703,0.0027280360910675776,retain,ret_003,M_npo_s1
10,-4,real,17.306827545166016,8.150556564331055,13.73921012878418,0.38963650418923107,retain,ret_003,M_npo_s1
10,-3,real,17.306827545166016,8.150556564331055,17.07815933227539,0.024973945547183088,retain,ret_003,M_npo_s1
10,-2,real,17.306827545166016,8.150556564331055,16.607074737548828,0.07642333970694443,retain,ret_003,M_npo_s1
10,-1,real,17.306827545166016,8.150556564331055,14.886829376220703,0.26429953569642306,retain,ret_003,M_npo_s1
10,-5,random_position,17.306827545166016,8.150556564331055,17.281848907470703,0.0027280360910675776,retain,ret_003,M_npo_s1
11,-6,real,17.306827545166016,8.150556564331055,17.306827545166016,-0.0,retain,ret_003,M_npo_s1
11,-5,real,17.306827545166016,8.150556564331055,17.306827545166016,-0.0,retain,ret_003,M_npo_s1
11,-4,real,17.306827545166016,8.150556564331055,17.306827545166016,-0.0,retain,ret_003,M_npo_s1
11,-3,real,17.306827545166016,8.150556564331055,17.306827545166016,-0.0,retain,ret_003,M_npo_s1
11,-2,real,17.306827545166016,8.150556564331055,17.306827545166016,-0.0,retain,ret_003,M_npo_s1
11,-1,real,17.306827545166016,8.150556564331055,8.279121398925781,0.9859588215700664,retain,ret_003,M_npo_s1
11,-6,random_position,17.306827545166016,8.150556564331055,17.306827545166016,-0.0,retain,ret_003,M_npo_s1
0,-6,real,19.24131202697754,8.839115142822266,19.56415557861328,-0.031036093166771396,retain,ret_003,M_npo_s1
0,-5,real,19.24131202697754,8.839115142822266,19.483510971069336,-0.023283441641132236,retain,ret_003,M_npo_s1
0,-4,real,19.24131202697754,8.839115142822266,19.237031936645508,0.0004114602309201362,retain,ret_003,M_npo_s1
0,-3,real,19.24131202697754,8.839115142822266,19.239343643188477,0.000189227699781453,retain,ret_003,M_npo_s1
0,-2,real,19.24131202697754,8.839115142822266,19.22213363647461,0.001843686551649719,retain,ret_003,M_npo_s1
0,-1,real,19.24131202697754,8.839115142822266,19.214340209960938,0.002592896223458844,retain,ret_003,M_npo_s1
0,-11,random_position,19.24131202697754,8.839115142822266,19.194385528564453,0.004511210366010744,retain,ret_003,M_npo_s1
1,-6,real,19.24131202697754,8.839115142822266,19.479551315307617,-0.022902785919478846,retain,ret_003,M_npo_s1
1,-5,real,19.24131202697754,8.839115142822266,19.10249900817871,0.013344586758424988,retain,ret_003,M_npo_s1
1,-4,real,19.24131202697754,8.839115142822266,19.245737075805664,-0.0004253956041598556,retain,ret_003,M_npo_s1
1,-3,real,19.24131202697754,8.839115142822266,19.242111206054688,-7.682791299266358e-05,retain,ret_003,M_npo_s1
1,-2,real,19.24131202697754,8.839115142822266,19.204315185546875,0.003556637299089965,retain,ret_003,M_npo_s1
1,-1,real,19.24131202697754,8.839115142822266,19.179424285888672,0.005949487572489153,retain,ret_003,M_npo_s1
1,-3,random_position,19.24131202697754,8.839115142822266,19.242111206054688,-7.682791299266358e-05,retain,ret_003,M_npo_s1
2,-6,real,19.24131202697754,8.839115142822266,19.212430953979492,0.002776439757839885,retain,ret_003,M_npo_s1
2,-5,real,19.24131202697754,8.839115142822266,18.07522201538086,0.11210035962430967,retain,ret_003,M_npo_s1
2,-4,real,19.24131202697754,8.839115142822266,19.26388168334961,-0.0021697009413894704,retain,ret_003,M_npo_s1
2,-3,real,19.24131202697754,8.839115142822266,19.239822387695312,0.0001432042960555376,retain,ret_003,M_npo_s1
2,-2,real,19.24131202697754,8.839115142822266,19.201675415039062,0.003810407780192224,retain,ret_003,M_npo_s1
2,-1,real,19.24131202697754,8.839115142822266,19.081918716430664,0.01532304303811673,retain,ret_003,M_npo_s1
2,-8,random_position,19.24131202697754,8.839115142822266,19.10693359375,0.012918274353394097,retain,ret_003,M_npo_s1
3,-6,real,19.24131202697754,8.839115142822266,19.18437957763672,0.005473117839899798,retain,ret_003,M_npo_s1
3,-5,real,19.24131202697754,8.839115142822266,17.050718307495117,0.21058952679689763,retain,ret_003,M_npo_s1
3,-4,real,19.24131202697754,8.839115142822266,19.265701293945312,-0.00234462654758279,retain,ret_003,M_npo_s1
3,-3,real,19.24131202697754,8.839115142822266,19.255414962768555,-0.0013557651280853328,retain,ret_003,M_npo_s1
3,-2,real,19.24131202697754,8.839115142822266,19.209503173828125,0.003057897625247376,retain,ret_003,M_npo_s1
3,-1,real,19.24131202697754,8.839115142822266,18.994842529296875,0.023693985071181336,retain,ret_003,M_npo_s1
3,-11,random_position,19.24131202697754,8.839115142822266,19.224321365356445,0.00163337243183448,retain,ret_003,M_npo_s1
4,-6,real,19.24131202697754,8.839115142822266,19.334699630737305,-0.00897768084951502,retain,ret_003,M_npo_s1
4,-5,real,19.24131202697754,8.839115142822266,16.618812561035156,0.2521101547248158,retain,ret_003,M_npo_s1
4,-4,real,19.24131202697754,8.839115142822266,19.265050888061523,-0.00228210072817826,retain,ret_003,M_npo_s1
4,-3,real,19.24131202697754,8.839115142822266,19.255659103393555,-0.0013792352303838077,retain,ret_003,M_npo_s1
4,-2,real,19.24131202697754,8.839115142822266,19.223424911499023,0.0017195517137116921,retain,ret_003,M_npo_s1
4,-1,real,19.24131202697754,8.839115142822266,18.89336585998535,0.03344929641950754,retain,ret_003,M_npo_s1
4,-8,random_position,19.24131202697754,8.839115142822266,19.173828125,0.006487466323612005,retain,ret_003,M_npo_s1
5,-6,real,19.24131202697754,8.839115142822266,19.327007293701172,-0.008238189266938858,retain,ret_003,M_npo_s1
5,-5,real,19.24131202697754,8.839115142822266,16.52651023864746,0.2609835036352071,retain,ret_003,M_npo_s1
5,-4,real,19.24131202697754,8.839115142822266,19.268617630004883,-0.00262498425394504,retain,ret_003,M_npo_s1
5,-3,real,19.24131202697754,8.839115142822266,19.24556541442871,-0.0004088931884812405,retain,ret_003,M_npo_s1
5,-2,real,19.24131202697754,8.839115142822266,19.20539093017578,0.0034532221608373106,retain,ret_003,M_npo_s1
5,-1,real,19.24131202697754,8.839115142822266,18.86504554748535,0.036171828286130615,retain,ret_003,M_npo_s1
5,-10,random_position,19.24131202697754,8.839115142822266,19.237735748291016,0.00034380032663781435,retain,ret_003,M_npo_s1
6,-6,real,19.24131202697754,8.839115142822266,19.310699462890625,-0.006670459777470425,retain,ret_003,M_npo_s1
6,-5,real,19.24131202697754,8.839115142822266,16.165603637695312,0.2956787324384501,retain,ret_003,M_npo_s1
6,-4,real,19.24131202697754,8.839115142822266,19.24827766418457,-0.0006696313562033589,retain,ret_003,M_npo_s1
6,-3,real,19.24131202697754,8.839115142822266,19.238571166992188,0.0002634885703352209,retain,ret_003,M_npo_s1
6,-2,real,19.24131202697754,8.839115142822266,19.1982421875,0.0041404560937645255,retain,ret_003,M_npo_s1
6,-1,real,19.24131202697754,8.839115142822266,18.614992141723633,0.060210347124646596,retain,ret_003,M_npo_s1
6,-2,random_position,19.24131202697754,8.839115142822266,19.1982421875,0.0041404560937645255,retain,ret_003,M_npo_s1
7,-6,real,19.24131202697754,8.839115142822266,19.23390769958496,0.0007118041962709308,retain,ret_003,M_npo_s1
7,-5,real,19.24131202697754,8.839115142822266,16.33754539489746,0.27914936281422664,retain,ret_003,M_npo_s1
7,-4,real,19.24131202697754,8.839115142822266,19.24951171875,-0.0007882653889151807,retain,ret_003,M_npo_s1
7,-3,real,19.24131202697754,8.839115142822266,19.240583419799805,7.00435865470107e-05,retain,ret_003,M_npo_s1
7,-2,real,19.24131202697754,8.839115142822266,19.185733795166016,0.0053429321162129445,retain,ret_003,M_npo_s1
7,-1,real,19.24131202697754,8.839115142822266,18.407726287841797,0.08013554717518066,retain,ret_003,M_npo_s1
7,-7,random_position,19.24131202697754,8.839115142822266,13.146821975708008,0.585884897117523,retain,ret_003,M_npo_s1
8,-6,real,19.24131202697754,8.839115142822266,19.232845306396484,0.0008139358133041375,retain,ret_003,M_npo_s1
8,-5,real,19.24131202697754,8.839115142822266,17.64683723449707,0.15328250467064203,retain,ret_003,M_npo_s1
8,-4,real,19.24131202697754,8.839115142822266,19.215776443481445,0.002454826012281098,retain,ret_003,M_npo_s1
8,-3,real,19.24131202697754,8.839115142822266,19.234962463378906,0.0006104060199345514,retain,ret_003,M_npo_s1
8,-2,real,19.24131202697754,8.839115142822266,19.150360107421875,0.008743529907052894,retain,ret_003,M_npo_s1
8,-1,real,19.24131202697754,8.839115142822266,18.858463287353516,0.036804604247318407,retain,ret_003,M_npo_s1
8,-5,random_position,19.24131202697754,8.839115142822266,17.64683723449707,0.15328250467064203,retain,ret_003,M_npo_s1
9,-6,real,19.24131202697754,8.839115142822266,19.065021514892578,0.016947430821415074,retain,ret_003,M_npo_s1
9,-5,real,19.24131202697754,8.839115142822266,17.819366455078125,0.13669666011276285,retain,ret_003,M_npo_s1
9,-4,real,19.24131202697754,8.839115142822266,19.214115142822266,0.0026145327240152502,retain,ret_003,M_npo_s1
9,-3,real,19.24131202697754,8.839115142822266,19.230541229248047,0.0010354349037459934,retain,ret_003,M_npo_s1
9,-2,real,19.24131202697754,8.839115142822266,19.16071319580078,0.007748250881458197,retain,ret_003,M_npo_s1
9,-1,real,19.24131202697754,8.839115142822266,17.761003494262695,0.14230729808331777,retain,ret_003,M_npo_s1
9,-10,random_position,19.24131202697754,8.839115142822266,19.236431121826172,0.000469218685795289,retain,ret_003,M_npo_s1
10,-6,real,19.24131202697754,8.839115142822266,18.965599060058594,0.02650526326212052,retain,ret_003,M_npo_s1
10,-5,real,19.24131202697754,8.839115142822266,18.676605224609375,0.05428726341724323,retain,ret_003,M_npo_s1
10,-4,real,19.24131202697754,8.839115142822266,19.223569869995117,0.0017056163404719727,retain,ret_003,M_npo_s1
10,-3,real,19.24131202697754,8.839115142822266,19.230396270751953,0.0010493702769857128,retain,ret_003,M_npo_s1
10,-2,real,19.24131202697754,8.839115142822266,19.173933029174805,0.006477381514030629,retain,ret_003,M_npo_s1
10,-1,real,19.24131202697754,8.839115142822266,15.284610748291016,0.38037169674354165,retain,ret_003,M_npo_s1
10,-5,random_position,19.24131202697754,8.839115142822266,18.676605224609375,0.05428726341724323,retain,ret_003,M_npo_s1
11,-6,real,19.24131202697754,8.839115142822266,19.24131202697754,-0.0,retain,ret_003,M_npo_s1
11,-5,real,19.24131202697754,8.839115142822266,19.24131202697754,-0.0,retain,ret_003,M_npo_s1
11,-4,real,19.24131202697754,8.839115142822266,19.24131202697754,-0.0,retain,ret_003,M_npo_s1
11,-3,real,19.24131202697754,8.839115142822266,19.24131202697754,-0.0,retain,ret_003,M_npo_s1
11,-2,real,19.24131202697754,8.839115142822266,19.24131202697754,-0.0,retain,ret_003,M_npo_s1
11,-1,real,19.24131202697754,8.839115142822266,8.979019165039062,0.9865505312219287,retain,ret_003,M_npo_s1
11,-6,random_position,19.24131202697754,8.839115142822266,19.24131202697754,-0.0,retain,ret_003,M_npo_s1
0,-6,real,19.393409729003906,10.046661376953125,19.011545181274414,0.040855336352958176,retain,ret_003,M_npo_s1
0,-5,real,19.393409729003906,10.046661376953125,19.42521858215332,-0.0034031999098846867,retain,ret_003,M_npo_s1
0,-4,real,19.393409729003906,10.046661376953125,19.54814910888672,-0.016555423774607236,retain,ret_003,M_npo_s1
0,-3,real,19.393409729003906,10.046661376953125,19.505361557006836,-0.011977622996383143,retain,ret_003,M_npo_s1
0,-2,real,19.393409729003906,10.046661376953125,19.399242401123047,-0.0006240322194895587,retain,ret_003,M_npo_s1
0,-1,real,19.393409729003906,10.046661376953125,19.397443771362305,-0.0004315984775083116,retain,ret_003,M_npo_s1
0,-12,random_position,19.393409729003906,10.046661376953125,19.359874725341797,0.0035878791638539642,retain,ret_003,M_npo_s1
1,-6,real,19.393409729003906,10.046661376953125,19.317678451538086,0.008102419645138303,retain,ret_003,M_npo_s1
1,-5,real,19.393409729003906,10.046661376953125,18.986499786376953,0.04353492009204169,retain,ret_003,M_npo_s1
1,-4,real,19.393409729003906,10.046661376953125,19.36564064025879,0.0029709892359543774,retain,ret_003,M_npo_s1
1,-3,real,19.393409729003906,10.046661376953125,19.420129776000977,-0.0028587532252548164,retain,ret_003,M_npo_s1
1,-2,real,19.393409729003906,10.046661376953125,19.416839599609375,-0.0025067402826061936,retain,ret_003,M_npo_s1
1,-1,real,19.393409729003906,10.046661376953125,19.36687660217285,0.0028387548088028946,retain,ret_003,M_npo_s1
1,-3,random_position,19.393409729003906,10.046661376953125,19.420129776000977,-0.0028587532252548164,retain,ret_003,M_npo_s1
2,-6,real,19.393409729003906,10.046661376953125,19.44967269897461,-0.006019523352028451,retain,ret_003,M_npo_s1
2,-5,real,19.393409729003906,10.046661376953125,18.57530403137207,0.08752837530415959,retain,ret_003,M_npo_s1
2,-4,real,19.393409729003906,10.046661376953125,19.03371810913086,0.038483075217717454,retain,ret_003,M_npo_s1
2,-3,real,19.393409729003906,10.046661376953125,18.267255783081055,0.12048617374787465,retain,ret_003,M_npo_s1
2,-2,real,19.393409729003906,10.046661376953125,19.42469024658203,-0.0033466737735869077,retain,ret_003,M_npo_s1
2,-1,real,19.393409729003906,10.046661376953125,19.274324417114258,0.012740827869140157,retain,ret_003,M_npo_s1
2,-8,random_position,19.393409729003906,10.046661376953125,19.391841888427734,0.00016774181962734378,retain,ret_003,M_npo_s1
3,-6,real,19.393409729003906,10.046661376953125,19.655820846557617,-0.02807512384733617,retain,ret_003,M_npo_s1
3,-5,real,19.393409729003906,10.046661376953125,17.206802368164062,0.23394310817837283,retain,ret_003,M_npo_s1
3,-4,real,19.393409729003906,10.046661376953125,19.10630989074707,0.030716547342781838,retain,ret_003,M_npo_s1
3,-3,real,19.393409729003906,10.046661376953125,17.158329010009766,0.23912922813458853,retain,ret_003,M_npo_s1
3,-2,real,19.393409729003906,10.046661376953125,19.446063995361328,-0.005633431475221962,retain,ret_003,M_npo_s1
3,-1,real,19.393409729003906,10.046661376953125,19.167707443237305,0.024147679734747535,retain,ret_003,M_npo_s1
3,-12,random_position,19.393409729003906,10.046661376953125,19.35943603515625,0.0036348142228737807,retain,ret_003,M_npo_s1
4,-6,real,19.393409729003906,10.046661376953125,19.51873207092285,-0.013408121969117547,retain,ret_003,M_npo_s1
4,-5,real,19.393409729003906,10.046661376953125,16.349815368652344,0.32563135817000616,retain,ret_003,M_npo_s1
4,-4,real,19.393409729003906,10.046661376953125,19.360492706298828,0.003521761950278223,retain,ret_003,M_npo_s1
4,-3,real,19.393409729003906,10.046661376953125,16.799087524414062,0.27756414390044215,retain,ret_003,M_npo_s1
4,-2,real,19.393409729003906,10.046661376953125,19.456207275390625,-0.006718651665949716,retain,ret_003,M_npo_s1
4,-1,real,19.393409729003906,10.046661376953125,19.122051239013672,0.029032394985866426,retain,ret_003,M_npo_s1
4,-9,random_position,19.393409729003906,10.046661376953125,19.388137817382812,0.0005640369701337935,retain,ret_003,M_npo_s1
5,-6,real,19.393409729003906,10.046661376953125,19.408309936523438,-0.0015941594828817636,retain,ret_003,M_npo_s1
5,-5,real,19.393409729003906,10.046661376953125,15.00112533569336,0.46992646296578966,retain,ret_003,M_npo_s1
5,-4,real,19.393409729003906,10.046661376953125,19.44806480407715,-0.0058474961574471246,retain,ret_003,M_npo_s1
5,-3,real,19.393409729003906,10.046661376953125,16.868764877319336,0.27010942806977734,retain,ret_003,M_npo_s1
5,-2,real,19.393409729003906,10.046661376953125,19.42481803894043,-0.0033603461603448543,retain,ret_003,M_npo_s1
5,-1,real,19.393409729003906,10.046661376953125,19.132863998413086,0.027875547813764952,retain,ret_003,M_npo_s1
5,-11,random_position,19.393409729003906,10.046661376953125,19.374845504760742,0.00198616925843423,retain,ret_003,M_npo_s1
6,-6,real,19.393409729003906,10.046661376953125,19.345027923583984,0.00517632481346375,retain,ret_003,M_npo_s1
6,-5,real,19.393409729003906,10.046661376953125,14.281641006469727,0.5469034288713465,retain,ret_003,M_npo_s1
6,-4,real,19.393409729003906,10.046661376953125,19.43358039855957,-0.004297822947897187,retain,ret_003,M_npo_s1
6,-3,real,19.393409729003906,10.046661376953125,16.78322410583496,0.2792613564476935,retain,ret_003,M_npo_s1
6,-2,real,19.393409729003906,10.046661376953125,19.42278289794922,-0.003142608299587706,retain,ret_003,M_npo_s1
6,-1,real,19.393409729003906,10.046661376953125,18.852279663085938,0.057895007497365515,retain,ret_003,M_npo_s1
6,-2,random_position,19.393409729003906,10.046661376953125,19.42278289794922,-0.003142608299587706,retain,ret_003,M_npo_s1
7,-6,real,19.393409729003906,10.046661376953125,19.43603515625,-0.00456045521293416,retain,ret_003,M_npo_s1
7,-5,real,19.393409729003906,10.046661376953125,13.542654037475586,0.6259669642485453,retain,ret_003,M_npo_s1
7,-4,real,19.393409729003906,10.046661376953125,19.37860107421875,0.001584364340129802,retain,ret_003,M_npo_s1
7,-3,real,19.393409729003906,10.046661376953125,16.99549102783203,0.25655111391179636,retain,ret_003,M_npo_s1
7,-2,real,19.393409729003906,10.046661376953125,19.413436889648438,-0.002142687476991618,retain,ret_003,M_npo_s1
7,-1,real,19.393409729003906,10.046661376953125,18.615026473999023,0.08327850774265222,retain,ret_003,M_npo_s1
7,-8,random_position,19.393409729003906,10.046661376953125,19.39221954345703,0.00012733685577550187,retain,ret_003,M_npo_s1
8,-6,real,19.393409729003906,10.046661376953125,19.445009231567383,-0.005520583268100404,retain,ret_003,M_npo_s1
8,-5,real,19.393409729003906,10.046661376953125,14.139204025268555,0.5621426303386589,retain,ret_003,M_npo_s1
8,-4,real,19.393409729003906,10.046661376953125,19.387781143188477,0.0006021972137716442,retain,ret_003,M_npo_s1
8,-3,real,19.393409729003906,10.046661376953125,18.020126342773438,0.14692632501752922,retain,ret_003,M_npo_s1
8,-2,real,19.393409729003906,10.046661376953125,19.32100486755371,0.007746529458483696,retain,ret_003,M_npo_s1
8,-1,real,19.393409729003906,10.046661376953125,18.866413116455078,0.05638288233503143,retain,ret_003,M_npo_s1
8,-5,random_position,19.393409729003906,10.046661376953125,14.139204025268555,0.5621426303386589,retain,ret_003,M_npo_s1
9,-6,real,19.393409729003906,10.046661376953125,19.355712890625,0.004033150028120222,retain,ret_003,M_npo_s1
9,-5,real,19.393409729003906,10.046661376953125,14.63946533203125,0.5086201337526742,retain,ret_003,M_npo_s1
9,-4,real,19.393409729003906,10.046661376953125,19.269777297973633,0.013227319959154256,retain,ret_003,M_npo_s1
9,-3,real,19.393409729003906,10.046661376953125,18.115583419799805,0.13671346024029118,retain,ret_003,M_npo_s1
9,-2,real,19.393409729003906,10.046661376953125,19.295989990234375,0.010422848149983226,retain,ret_003,M_npo_s1
9,-1,real,19.393409729003906,10.046661376953125,17.856292724609375,0.16445473297216465,retain,ret_003,M_npo_s1
9,-11,random_position,19.393409729003906,10.046661376953125,19.385452270507812,0.0008513611575246694,retain,ret_003,M_npo_s1
10,-6,real,19.393409729003906,10.046661376953125,19.360498428344727,0.003521149753856225,retain,ret_003,M_npo_s1
10,-5,real,19.393409729003906,10.046661376953125,16.425209045410156,0.3175650581137657,retain,ret_003,M_npo_s1
10,-4,real,19.393409729003906,10.046661376953125,19.189285278320312,0.021839087027394566,retain,ret_003,M_npo_s1
10,-3,real,19.393409729003906,10.046661376953125,18.90418815612793,0.05234136562247724,retain,ret_003,M_npo_s1
10,-2,real,19.393409729003906,10.046661376953125,19.220916748046875,0.018454865206591804,retain,ret_003,M_npo_s1
10,-1,real,19.393409729003906,10.046661376953125,16.072193145751953,0.35533390417248595,retain,ret_003,M_npo_s1
10,-6,random_position,19.393409729003906,10.046661376953125,19.360498428344727,0.003521149753856225,retain,ret_003,M_npo_s1
11,-6,real,19.393409729003906,10.046661376953125,19.393409729003906,-0.0,retain,ret_003,M_npo_s1
11,-5,real,19.393409729003906,10.046661376953125,19.393409729003906,-0.0,retain,ret_003,M_npo_s1
11,-4,real,19.393409729003906,10.046661376953125,19.393409729003906,-0.0,retain,ret_003,M_npo_s1
11,-3,real,19.393409729003906,10.046661376953125,19.393409729003906,-0.0,retain,ret_003,M_npo_s1
11,-2,real,19.393409729003906,10.046661376953125,19.393409729003906,-0.0,retain,ret_003,M_npo_s1
11,-1,real,19.393409729003906,10.046661376953125,10.182558059692383,0.9854605390430309,retain,ret_003,M_npo_s1
11,-6,random_position,19.393409729003906,10.046661376953125,19.393409729003906,-0.0,retain,ret_003,M_npo_s1
0,-6,real,19.004886627197266,9.230430603027344,19.061237335205078,-0.0057650991388646594,retain,ret_003,M_npo_s1
0,-5,real,19.004886627197266,9.230430603027344,19.363309860229492,-0.036669379057610016,retain,ret_003,M_npo_s1
0,-4,real,19.004886627197266,9.230430603027344,19.218608856201172,-0.021865383452073613,retain,ret_003,M_npo_s1
0,-3,real,19.004886627197266,9.230430603027344,19.001506805419922,0.0003457810612668622,retain,ret_003,M_npo_s1
0,-2,real,19.004886627197266,9.230430603027344,19.02679443359375,-0.0022413325449837356,retain,ret_003,M_npo_s1
0,-1,real,19.004886627197266,9.230430603027344,18.994773864746094,0.0010346112792533316,retain,ret_003,M_npo_s1
0,-10,random_position,19.004886627197266,9.230430603027344,18.96858787536621,0.0037136339599151548,retain,ret_003,M_npo_s1
1,-6,real,19.004886627197266,9.230430603027344,18.625791549682617,0.03878426344926365,retain,ret_003,M_npo_s1
1,-5,real,19.004886627197266,9.230430603027344,19.26363182067871,-0.026471569654784834,retain,ret_003,M_npo_s1
1,-4,real,19.004886627197266,9.230430603027344,19.509206771850586,-0.05159572495965562,retain,ret_003,M_npo_s1
1,-3,real,19.004886627197266,9.230430603027344,19.01827621459961,-0.0013698549944093524,retain,ret_003,M_npo_s1
1,-2,real,19.004886627197266,9.230430603027344,19.022037506103516,-0.001754663263494145,retain,ret_003,M_npo_s1
1,-1,real,19.004886627197266,9.230430603027344,18.978803634643555,0.0026684853345509824,retain,ret_003,M_npo_s1
1,-3,random_position,19.004886627197266,9.230430603027344,19.01827621459961,-0.0013698549944093524,retain,ret_003,M_npo_s1
2,-6,real,19.004886627197266,9.230430603027344,18.056550979614258,0.09702183377141374,retain,ret_003,M_npo_s1
2,-5,real,19.004886627197266,9.230430603027344,18.996376037597656,0.0008706970064180243,retain,ret_003,M_npo_s1
2,-4,real,19.004886627197266,9.230430603027344,19.006610870361328,-0.00017640297933704482,retain,ret_003,M_npo_s1
2,-3,real,19.004886627197266,9.230430603027344,19.005292892456055,-4.1563976326095736e-05,retain,ret_003,M_npo_s1
2,-2,real,19.004886627197266,9.230430603027344,19.02113151550293,-0.0016619736449265605,retain,ret_003,M_npo_s1
2,-1,real,19.004886627197266,9.230430603027344,18.895471572875977,0.01119397888237785,retain,ret_003,M_npo_s1
2,-7,random_position,19.004886627197266,9.230430603027344,18.941797256469727,0.006454514764968397,retain,ret_003,M_npo_s1
3,-6,real,19.004886627197266,9.230430603027344,16.6926326751709,0.23656088341987616,retain,ret_003,M_npo_s1
3,-5,real,19.004886627197266,9.230430603027344,18.941179275512695,0.006517738841633445,retain,ret_003,M_npo_s1
3,-4,real,19.004886627197266,9.230430603027344,18.077342987060547,0.09489465580929746,retain,ret_003,M_npo_s1
3,-3,real,19.004886627197266,9.230430603027344,19.009368896484375,-0.00045856969186068065,retain,ret_003,M_npo_s1
3,-2,real,19.004886627197266,9.230430603027344,19.010066986083984,-0.000529989482167493,retain,ret_003,M_npo_s1
3,-1,real,19.004886627197266,9.230430603027344,18.82367706298828,0.018539094529751415,retain,ret_003,M_npo_s1
3,-10,random_position,19.004886627197266,9.230430603027344,18.9838809967041,0.00214903319849433,retain,ret_003,M_npo_s1
4,-6,real,19.004886627197266,9.230430603027344,15.914405822753906,0.31617931440904024,retain,ret_003,M_npo_s1
4,-5,real,19.004886627197266,9.230430603027344,19.07481575012207,-0.007154272601143888,retain,ret_003,M_npo_s1
4,-4,real,19.004886627197266,9.230430603027344,17.86439323425293,0.11668100916553975,retain,ret_003,M_npo_s1
4,-3,real,19.004886627197266,9.230430603027344,18.993749618530273,0.0011393993322444743,retain,ret_003,M_npo_s1
4,-2,real,19.004886627197266,9.230430603027344,19.048946380615234,-0.004507642502970946,retain,ret_003,M_npo_s1
4,-1,real,19.004886627197266,9.230430603027344,18.756126403808594,0.025450032490150508,retain,ret_003,M_npo_s1
4,-8,random_position,19.004886627197266,9.230430603027344,18.993200302124023,0.0011955985115022938,retain,ret_003,M_npo_s1
5,-6,real,19.004886627197266,9.230430603027344,14.591636657714844,0.45150849915018254,retain,ret_003,M_npo_s1
5,-5,real,19.004886627197266,9.230430603027344,19.051090240478516,-0.0047269754109077146,retain,ret_003,M_npo_s1
5,-4,real,19.004886627197266,9.230430603027344,17.980449676513672,0.10480756659505173,retain,ret_003,M_npo_s1
5,-3,real,19.004886627197266,9.230430603027344,18.983081817626953,0.002230795198872894,retain,ret_003,M_npo_s1
5,-2,real,19.004886627197266,9.230430603027344,19.056800842285156,-0.00531121271194213,retain,ret_003,M_npo_s1
5,-1,real,19.004886627197266,9.230430603027344,18.828819274902344,0.018013007768365716,retain,ret_003,M_npo_s1
5,-9,random_position,19.004886627197266,9.230430603027344,19.000947952270508,0.00040295592072013005,retain,ret_003,M_npo_s1
6,-6,real,19.004886627197266,9.230430603027344,13.681987762451172,0.5445723886407409,retain,ret_003,M_npo_s1
6,-5,real,19.004886627197266,9.230430603027344,19.076452255249023,-0.0073216993226828085,retain,ret_003,M_npo_s1
6,-4,real,19.004886627197266,9.230430603027344,17.75490379333496,0.1278825983534421,retain,ret_003,M_npo_s1
6,-3,real,19.004886627197266,9.230430603027344,18.90407371520996,0.010313915346083523,retain,ret_003,M_npo_s1
6,-2,real,19.004886627197266,9.230430603027344,19.001115798950195,0.00038578394928024073,retain,ret_003,M_npo_s1
6,-1,real,19.004886627197266,9.230430603027344,18.661056518554688,0.03517639322253509,retain,ret_003,M_npo_s1
6,-2,random_position,19.004886627197266,9.230430603027344,19.001115798950195,0.00038578394928024073,retain,ret_003,M_npo_s1
7,-6,real,19.004886627197266,9.230430603027344,12.880279541015625,0.6265931394071377,retain,ret_003,M_npo_s1
7,-5,real,19.004886627197266,9.230430603027344,18.981027603149414,0.0024409567129724486,retain,ret_003,M_npo_s1
7,-4,real,19.004886627197266,9.230430603027344,17.901111602783203,0.11292444527702487,retain,ret_003,M_npo_s1
7,-3,real,19.004886627197266,9.230430603027344,18.913171768188477,0.009383116439625885,retain,ret_003,M_npo_s1
7,-2,real,19.004886627197266,9.230430603027344,18.987712860107422,0.0017570048959632207,retain,ret_003,M_npo_s1
7,-1,real,19.004886627197266,9.230430603027344,18.321332931518555,0.06993265855291016,retain,ret_003,M_npo_s1
7,-7,random_position,19.004886627197266,9.230430603027344,19.037248611450195,-0.0033108731752341143,retain,ret_003,M_npo_s1
8,-6,real,19.004886627197266,9.230430603027344,13.264078140258789,0.587327670485479,retain,ret_003,M_npo_s1
8,-5,real,19.004886627197266,9.230430603027344,18.963457107543945,0.004238549905066317,retain,ret_003,M_npo_s1
8,-4,real,19.004886627197266,9.230430603027344,18.495054244995117,0.052159668112624714,retain,ret_003,M_npo_s1
8,-3,real,19.004886627197266,9.230430603027344,18.904504776000977,0.01026981460124926,retain,ret_003,M_npo_s1
8,-2,real,19.004886627197266,9.230430603027344,18.973844528198242,0.003175839036184076,retain,ret_003,M_npo_s1
8,-1,real,19.004886627197266,9.230430603027344,18.674097061157227,0.03384224812327914,retain,ret_003,M_npo_s1
8,-4,random_position,19.004886627197266,9.230430603027344,18.495054244995117,0.052159668112624714,retain,ret_003,M_npo_s1
9,-6,real,19.004886627197266,9.230430603027344,13.827064514160156,0.5297299512355038,retain,ret_003,M_npo_s1
9,-5,real,19.004886627197266,9.230430603027344,18.827342987060547,0.018164043062621107,retain,ret_003,M_npo_s1
9,-4,real,19.004886627197266,9.230430603027344,18.265098571777344,0.07568585439339036,retain,ret_003,M_npo_s1
9,-3,real,19.004886627197266,9.230430603027344,18.925704956054688,0.008100877526767787,retain,ret_003,M_npo_s1
9,-2,real,19.004886627197266,9.230430603027344,19.021175384521484,-0.0016664617738256224,retain,ret_003,M_npo_s1
9,-1,real,19.004886627197266,9.230430603027344,17.497360229492188,0.15423123230360045,retain,ret_003,M_npo_s1
9,-10,random_position,19.004886627197266,9.230430603027344,18.98649787902832,0.0018813065528633286,retain,ret_003,M_npo_s1
10,-6,real,19.004886627197266,9.230430603027344,15.713842391967773,0.3366984543274344,retain,ret_003,M_npo_s1
10,-5,real,19.004886627197266,9.230430603027344,18.794797897338867,0.021493649297607827,retain,ret_003,M_npo_s1
10,-4,real,19.004886627197266,9.230430603027344,18.333812713623047,0.06865588344914657,retain,ret_003,M_npo_s1
10,-3,real,19.004886627197266,9.230430603027344,18.922109603881836,0.008468708960451779,retain,ret_003,M_npo_s1
10,-2,real,19.004886627197266,9.230430603027344,19.016727447509766,-0.0012114045306685557,retain,ret_003,M_npo_s1
10,-1,real,19.004886627197266,9.230430603027344,14.733165740966797,0.4370290147776522,retain,ret_003,M_npo_s1
10,-5,random_position,19.004886627197266,9.230430603027344,18.794797897338867,0.021493649297607827,retain,ret_003,M_npo_s1
11,-6,real,19.004886627197266,9.230430603027344,19.004886627197266,-0.0,retain,ret_003,M_npo_s1
11,-5,real,19.004886627197266,9.230430603027344,19.004886627197266,-0.0,retain,ret_003,M_npo_s1
11,-4,real,19.004886627197266,9.230430603027344,19.004886627197266,-0.0,retain,ret_003,M_npo_s1
11,-3,real,19.004886627197266,9.230430603027344,19.004886627197266,-0.0,retain,ret_003,M_npo_s1
11,-2,real,19.004886627197266,9.230430603027344,19.004886627197266,-0.0,retain,ret_003,M_npo_s1
11,-1,real,19.004886627197266,9.230430603027344,9.365072250366211,0.9862251518646225,retain,ret_003,M_npo_s1
11,-5,random_position,19.004886627197266,9.230430603027344,19.004886627197266,-0.0,retain,ret_003,M_npo_s1
0,-6,real,12.23654556274414,3.261962890625,12.21905517578125,0.001948880254591345,retain,ret_004,M_npo_s1
0,-5,real,12.23654556274414,3.261962890625,12.237045288085938,-5.568229298832415e-05,retain,ret_004,M_npo_s1
0,-4,real,12.23654556274414,3.261962890625,12.222417831420898,0.0015741936800172402,retain,ret_004,M_npo_s1
0,-3,real,12.23654556274414,3.261962890625,12.239091873168945,-0.0002837246608374532,retain,ret_004,M_npo_s1
0,-2,real,12.23654556274414,3.261962890625,12.226001739501953,0.0011748538764864728,retain,ret_004,M_npo_s1
0,-1,real,12.23654556274414,3.261962890625,12.264205932617188,-0.0030820786752544915,retain,ret_004,M_npo_s1
0,-13,random_position,12.23654556274414,3.261962890625,12.187200546264648,0.0054983076408432596,retain,ret_004,M_npo_s1
1,-6,real,12.23654556274414,3.261962890625,12.203266143798828,0.0037081856796193882,retain,ret_004,M_npo_s1
1,-5,real,12.23654556274414,3.261962890625,12.24898910522461,-0.001386531600976438,retain,ret_004,M_npo_s1
1,-4,real,12.23654556274414,3.261962890625,12.238462448120117,-0.00021359047501246477,retain,ret_004,M_npo_s1
1,-3,real,12.23654556274414,3.261962890625,12.233894348144531,0.0002954136918082846,retain,ret_004,M_npo_s1
1,-2,real,12.23654556274414,3.261962890625,12.23452377319336,0.00022527950598329616,retain,ret_004,M_npo_s1
1,-1,real,12.23654556274414,3.261962890625,12.367616653442383,-0.014604700350628424,retain,ret_004,M_npo_s1
1,-3,random_position,12.23654556274414,3.261962890625,12.233894348144531,0.0002954136918082846,retain,ret_004,M_npo_s1
2,-6,real,12.23654556274414,3.261962890625,12.192481994628906,0.004909818063420857,retain,ret_004,M_npo_s1
2,-5,real,12.23654556274414,3.261962890625,12.246747970581055,-0.0011368113938723125,retain,ret_004,M_npo_s1
2,-4,real,12.23654556274414,3.261962890625,12.303339004516602,-0.007442512283046272,retain,ret_004,M_npo_s1
2,-3,real,12.23654556274414,3.261962890625,12.239095687866211,-0.00028414971650911976,retain,ret_004,M_npo_s1
2,-2,real,12.23654556274414,3.261962890625,12.28293228149414,-0.005168676967465814,retain,ret_004,M_npo_s1
2,-1,real,12.23654556274414,3.261962890625,12.436744689941406,-0.02230734670473465,retain,ret_004,M_npo_s1
2,-9,random_position,12.23654556274414,3.261962890625,10.412723541259766,0.20322081684648646,retain,ret_004,M_npo_s1
3,-6,real,12.23654556274414,3.261962890625,12.187322616577148,0.005484705859349928,retain,ret_004,M_npo_s1
3,-5,real,12.23654556274414,3.261962890625,12.249174118041992,-0.0014071468010522679,retain,ret_004,M_npo_s1
3,-4,real,12.23654556274414,3.261962890625,12.353071212768555,-0.012983963074563691,retain,ret_004,M_npo_s1
3,-3,real,12.23654556274414,3.261962890625,12.239891052246094,-0.0003727738240516052,retain,ret_004,M_npo_s1
3,-2,real,12.23654556274414,3.261962890625,12.272335052490234,-0.003987872311576009,retain,ret_004,M_npo_s1
3,-1,real,12.23654556274414,3.261962890625,12.507194519042969,-0.030157274849073358,retain,ret_004,M_npo_s1
3,-13,random_position,12.23654556274414,3.261962890625,12.208406448364258,0.0031354231620486493,retain,ret_004,M_npo_s1
4,-6,real,12.23654556274414,3.261962890625,12.14842414855957,0.009818998543334213,retain,ret_004,M_npo_s1
4,-5,real,12.23654556274414,3.261962890625,12.254718780517578,-0.002024965219819666,retain,ret_004,M_npo_s1
4,-4,real,12.23654556274414,3.261962890625,12.37802505493164,-0.015764464750770733,retain,ret_004,M_npo_s1
4,-3,real,12.23654556274414,3.261962890625,12.25184440612793,-0.0017046857712188855,retain,ret_004,M_npo_s1
4,-2,real,12.23654556274414,3.261962890625,12.257766723632812,-0.0023645847014812766,retain,ret_004,M_npo_s1
4,-1,real,12.23654556274414,3.261962890625,12.616004943847656,-0.042281562827691355,retain,ret_004,M_npo_s1
4,-10,random_position,12.23654556274414,3.261962890625,12.656290054321289,-0.04677036324832645,retain,ret_004,M_npo_s1
5,-6,real,12.23654556274414,3.261962890625,12.080236434936523,0.017416868674374628,retain,ret_004,M_npo_s1
5,-5,real,12.23654556274414,3.261962890625,12.233793258666992,0.0003066776671074494,retain,ret_004,M_npo_s1
5,-4,real,12.23654556274414,3.261962890625,12.420852661132812,-0.020536564776571613,retain,ret_004,M_npo_s1
5,-3,real,12.23654556274414,3.261962890625,12.259805679321289,-0.0025917769579870725,retain,ret_004,M_npo_s1
5,-2,real,12.23654556274414,3.261962890625,12.257383346557617,-0.0023218666064787835,retain,ret_004,M_npo_s1
5,-1,real,12.23654556274414,3.261962890625,12.662757873535156,-0.047491045139637166,retain,ret_004,M_npo_s1
5,-12,random_position,12.23654556274414,3.261962890625,12.226808547973633,0.0010849546019289877,retain,ret_004,M_npo_s1
6,-6,real,12.23654556274414,3.261962890625,12.042190551757812,0.021656161415741428,retain,ret_004,M_npo_s1
6,-5,real,12.23654556274414,3.261962890625,12.223007202148438,0.0015085225787447511,retain,ret_004,M_npo_s1
6,-4,real,12.23654556274414,3.261962890625,12.373260498046875,-0.015233570216859152,retain,ret_004,M_npo_s1
6,-3,real,12.23654556274414,3.261962890625,12.267255783081055,-0.0034219106847519355,retain,ret_004,M_npo_s1
6,-2,real,12.23654556274414,3.261962890625,12.278921127319336,-0.0047217309287083875,retain,ret_004,M_npo_s1
6,-1,real,12.23654556274414,3.261962890625,12.611156463623047,-0.041741317069003116,retain,ret_004,M_npo_s1
6,-2,random_position,12.23654556274414,3.261962890625,12.278921127319336,-0.0047217309287083875,retain,ret_004,M_npo_s1
7,-6,real,12.23654556274414,3.261962890625,12.051799774169922,0.02058544617881327,retain,ret_004,M_npo_s1
7,-5,real,12.23654556274414,3.261962890625,12.224525451660156,0.0013393504214214457,retain,ret_004,M_npo_s1
7,-4,real,12.23654556274414,3.261962890625,12.479846954345703,-0.027110050738895528,retain,ret_004,M_npo_s1
7,-3,real,12.23654556274414,3.261962890625,12.283554077148438,-0.005237961041947469,retain,ret_004,M_npo_s1
7,-2,real,12.23654556274414,3.261962890625,12.307571411132812,-0.00791411155076036,retain,ret_004,M_npo_s1
7,-1,real,12.23654556274414,3.261962890625,12.634695053100586,-0.04436412309102185,retain,ret_004,M_npo_s1
7,-8,random_position,12.23654556274414,3.261962890625,10.300783157348633,0.2156938630037069,retain,ret_004,M_npo_s1
8,-6,real,12.23654556274414,3.261962890625,12.160812377929688,0.008438630249596941,retain,ret_004,M_npo_s1
8,-5,real,12.23654556274414,3.261962890625,12.279035568237305,-0.0047344825988583856,retain,ret_004,M_npo_s1
8,-4,real,12.23654556274414,3.261962890625,12.581785202026367,-0.038468600925006154,retain,ret_004,M_npo_s1
8,-3,real,12.23654556274414,3.261962890625,12.282384872436523,-0.005107681478581657,retain,ret_004,M_npo_s1
8,-2,real,12.23654556274414,3.261962890625,12.325355529785156,-0.009895721092070034,retain,ret_004,M_npo_s1
8,-1,real,12.23654556274414,3.261962890625,11.096733093261719,0.12700450941562072,retain,ret_004,M_npo_s1
8,-5,random_position,12.23654556274414,3.261962890625,12.279035568237305,-0.0047344825988583856,retain,ret_004,M_npo_s1
9,-6,real,12.23654556274414,3.261962890625,12.126859664916992,0.012221838255265483,retain,ret_004,M_npo_s1
9,-5,real,12.23654556274414,3.261962890625,12.28425407409668,-0.0053159587576982895,retain,ret_004,M_npo_s1
9,-4,real,12.23654556274414,3.261962890625,12.619712829589844,-0.04269471694055129,retain,ret_004,M_npo_s1
9,-3,real,12.23654556274414,3.261962890625,12.291299819946289,-0.006101036583266493,retain,ret_004,M_npo_s1
9,-2,real,12.23654556274414,3.261962890625,12.247228622436523,-0.0011903684085023036,retain,ret_004,M_npo_s1
9,-1,real,12.23654556274414,3.261962890625,9.319206237792969,0.32506685063076135,retain,ret_004,M_npo_s1
9,-12,random_position,12.23654556274414,3.261962890625,12.28614616394043,-0.005526786370844921,retain,ret_004,M_npo_s1
10,-6,real,12.23654556274414,3.261962890625,12.113758087158203,0.013681691959604409,retain,ret_004,M_npo_s1
10,-5,real,12.23654556274414,3.261962890625,12.0804443359375,0.017393703140268797,retain,ret_004,M_npo_s1
10,-4,real,12.23654556274414,3.261962890625,12.608085632324219,-0.0413991472533115,retain,ret_004,M_npo_s1
10,-3,real,12.23654556274414,3.261962890625,12.29295539855957,-0.006285510744769796,retain,ret_004,M_npo_s1
10,-2,real,12.23654556274414,3.261962890625,12.307880401611328,-0.007948541060165355,retain,ret_004,M_npo_s1
10,-1,real,12.23654556274414,3.261962890625,6.810302734375,0.604623415551852,retain,ret_004,M_npo_s1
10,-6,random_position,12.23654556274414,3.261962890625,12.113758087158203,0.013681691959604409,retain,ret_004,M_npo_s1
11,-6,real,12.23654556274414,3.261962890625,12.23654556274414,-0.0,retain,ret_004,M_npo_s1
11,-5,real,12.23654556274414,3.261962890625,12.23654556274414,-0.0,retain,ret_004,M_npo_s1
11,-4,real,12.23654556274414,3.261962890625,12.23654556274414,-0.0,retain,ret_004,M_npo_s1
11,-3,real,12.23654556274414,3.261962890625,12.23654556274414,-0.0,retain,ret_004,M_npo_s1
11,-2,real,12.23654556274414,3.261962890625,12.23654556274414,-0.0,retain,ret_004,M_npo_s1
11,-1,real,12.23654556274414,3.261962890625,3.050872802734375,1.0235208806473428,retain,ret_004,M_npo_s1
11,-6,random_position,12.23654556274414,3.261962890625,12.23654556274414,-0.0,retain,ret_004,M_npo_s1
0,-6,real,12.493427276611328,4.8303070068359375,12.200559616088867,0.038217808178944976,retain,ret_004,M_npo_s1
0,-5,real,12.493427276611328,4.8303070068359375,12.347114562988281,0.019093098956064716,retain,ret_004,M_npo_s1
0,-4,real,12.493427276611328,4.8303070068359375,12.470512390136719,0.0029902814608025225,retain,ret_004,M_npo_s1
0,-3,real,12.493427276611328,4.8303070068359375,12.523323059082031,-0.003901254504463021,retain,ret_004,M_npo_s1
0,-2,real,12.493427276611328,4.8303070068359375,12.443571090698242,0.006505990270011415,retain,ret_004,M_npo_s1
0,-1,real,12.493427276611328,4.8303070068359375,12.471763610839844,0.002827003232212007,retain,ret_004,M_npo_s1
0,-10,random_position,12.493427276611328,4.8303070068359375,12.452550888061523,0.005334170300188019,retain,ret_004,M_npo_s1
1,-6,real,12.493427276611328,4.8303070068359375,11.430839538574219,0.13866254223206317,retain,ret_004,M_npo_s1
1,-5,real,12.493427276611328,4.8303070068359375,12.332576751708984,0.02099021276447464,retain,ret_004,M_npo_s1
1,-4,real,12.493427276611328,4.8303070068359375,12.48948860168457,0.0005139779604259371,retain,ret_004,M_npo_s1
1,-3,real,12.493427276611328,4.8303070068359375,12.563131332397461,-0.009096040950976209,retain,ret_004,M_npo_s1
1,-2,real,12.493427276611328,4.8303070068359375,12.467016220092773,0.003446514681848887,retain,ret_004,M_npo_s1
1,-1,real,12.493427276611328,4.8303070068359375,12.547298431396484,-0.007029924219985554,retain,ret_004,M_npo_s1
1,-3,random_position,12.493427276611328,4.8303070068359375,12.563131332397461,-0.009096040950976209,retain,ret_004,M_npo_s1
2,-6,real,12.493427276611328,4.8303070068359375,10.855440139770508,0.21374937090591042,retain,ret_004,M_npo_s1
2,-5,real,12.493427276611328,4.8303070068359375,12.509328842163086,-0.002075077121584038,retain,ret_004,M_npo_s1
2,-4,real,12.493427276611328,4.8303070068359375,12.308492660522461,0.02413306976510336,retain,ret_004,M_npo_s1
2,-3,real,12.493427276611328,4.8303070068359375,12.585092544555664,-0.011961872542426205,retain,ret_004,M_npo_s1
2,-2,real,12.493427276611328,4.8303070068359375,12.481756210327148,0.0015230175011362273,retain,ret_004,M_npo_s1
2,-1,real,12.493427276611328,4.8303070068359375,12.613914489746094,-0.01572299649399828,retain,ret_004,M_npo_s1
2,-7,random_position,12.493427276611328,4.8303070068359375,11.983057022094727,0.06660084098243714,retain,ret_004,M_npo_s1
3,-6,real,12.493427276611328,4.8303070068359375,9.751100540161133,0.35786032841822724,retain,ret_004,M_npo_s1
3,-5,real,12.493427276611328,4.8303070068359375,12.813455581665039,-0.041762140458104946,retain,ret_004,M_npo_s1
3,-4,real,12.493427276611328,4.8303070068359375,12.465160369873047,0.003688694127608905,retain,ret_004,M_npo_s1
3,-3,real,12.493427276611328,4.8303070068359375,12.582921981811523,-0.011678624639779853,retain,ret_004,M_npo_s1
3,-2,real,12.493427276611328,4.8303070068359375,12.500276565551758,-0.00089379896168985,retain,ret_004,M_npo_s1
3,-1,real,12.493427276611328,4.8303070068359375,12.677667617797852,-0.02404247026021472,retain,ret_004,M_npo_s1
3,-10,random_position,12.493427276611328,4.8303070068359375,12.45924186706543,0.004461030016810689,retain,ret_004,M_npo_s1
4,-6,real,12.493427276611328,4.8303070068359375,9.408401489257812,0.40258089117058043,retain,ret_004,M_npo_s1
4,-5,real,12.493427276611328,4.8303070068359375,12.87247085571289,-0.04946334727337803,retain,ret_004,M_npo_s1
4,-4,real,12.493427276611328,4.8303070068359375,12.310138702392578,0.0239182692906009,retain,ret_004,M_npo_s1
4,-3,real,12.493427276611328,4.8303070068359375,12.58673095703125,-0.012175677417973846,retain,ret_004,M_npo_s1
4,-2,real,12.493427276611328,4.8303070068359375,12.44210433959961,0.006697394169075601,retain,ret_004,M_npo_s1
4,-1,real,12.493427276611328,4.8303070068359375,12.771268844604492,-0.03625697603742656,retain,ret_004,M_npo_s1
4,-8,random_position,12.493427276611328,4.8303070068359375,12.52163314819336,-0.003680729335970343,retain,ret_004,M_npo_s1
5,-6,real,12.493427276611328,4.8303070068359375,9.37735366821289,0.40663248111722133,retain,ret_004,M_npo_s1
5,-5,real,12.493427276611328,4.8303070068359375,12.748443603515625,-0.03327839286434317,retain,ret_004,M_npo_s1
5,-4,real,12.493427276611328,4.8303070068359375,12.636859893798828,-0.018717260350620085,retain,ret_004,M_npo_s1
5,-3,real,12.493427276611328,4.8303070068359375,12.579452514648438,-0.011225876015075359,retain,ret_004,M_npo_s1
5,-2,real,12.493427276611328,4.8303070068359375,12.44178581237793,0.006738960425439346,retain,ret_004,M_npo_s1
5,-1,real,12.493427276611328,4.8303070068359375,12.880395889282227,-0.05049752568769753,retain,ret_004,M_npo_s1
5,-9,random_position,12.493427276611328,4.8303070068359375,12.495512008666992,-0.00027204741440462436,retain,ret_004,M_npo_s1
6,-6,real,12.493427276611328,4.8303070068359375,8.958669662475586,0.4612687116601065,retain,ret_004,M_npo_s1
6,-5,real,12.493427276611328,4.8303070068359375,12.635574340820312,-0.018549501926732877,retain,ret_004,M_npo_s1
6,-4,real,12.493427276611328,4.8303070068359375,13.402992248535156,-0.11869381399523407,retain,ret_004,M_npo_s1
6,-3,real,12.493427276611328,4.8303070068359375,12.576997756958008,-0.010905542051361955,retain,ret_004,M_npo_s1
6,-2,real,12.493427276611328,4.8303070068359375,12.351203918457031,0.01855945791628108,retain,ret_004,M_npo_s1
6,-1,real,12.493427276611328,4.8303070068359375,12.737388610839844,-0.03183576997880867,retain,ret_004,M_npo_s1
6,-2,random_position,12.493427276611328,4.8303070068359375,12.351203918457031,0.01855945791628108,retain,ret_004,M_npo_s1
7,-6,real,12.493427276611328,4.8303070068359375,8.49445915222168,0.5218459300661427,retain,ret_004,M_npo_s1
7,-5,real,12.493427276611328,4.8303070068359375,12.241256713867188,0.03290703445419523,retain,ret_004,M_npo_s1
7,-4,real,12.493427276611328,4.8303070068359375,13.36808967590332,-0.11413919767667027,retain,ret_004,M_npo_s1
7,-3,real,12.493427276611328,4.8303070068359375,12.52964973449707,-0.004726854937747687,retain,ret_004,M_npo_s1
7,-2,real,12.493427276611328,4.8303070068359375,12.374656677246094,0.015498986729163732,retain,ret_004,M_npo_s1
7,-1,real,12.493427276611328,4.8303070068359375,12.894784927368164,-0.052375225316488465,retain,ret_004,M_npo_s1
7,-7,random_position,12.493427276611328,4.8303070068359375,12.543628692626953,-0.00655104112271703,retain,ret_004,M_npo_s1
8,-6,real,12.493427276611328,4.8303070068359375,9.02808952331543,0.45220975677019737,retain,ret_004,M_npo_s1
8,-5,real,12.493427276611328,4.8303070068359375,11.507333755493164,0.12868041821129697,retain,ret_004,M_npo_s1
8,-4,real,12.493427276611328,4.8303070068359375,12.96116828918457,-0.061037931822379175,retain,ret_004,M_npo_s1
8,-3,real,12.493427276611328,4.8303070068359375,12.518394470214844,-0.003258097579649161,retain,ret_004,M_npo_s1
8,-2,real,12.493427276611328,4.8303070068359375,12.44243049621582,0.006654832313757037,retain,ret_004,M_npo_s1
8,-1,real,12.493427276611328,4.8303070068359375,12.23117446899414,0.034222718472990146,retain,ret_004,M_npo_s1
8,-4,random_position,12.493427276611328,4.8303070068359375,12.96116828918457,-0.061037931822379175,retain,ret_004,M_npo_s1
9,-6,real,12.493427276611328,4.8303070068359375,9.691061019897461,0.36569519439318493,retain,ret_004,M_npo_s1
9,-5,real,12.493427276611328,4.8303070068359375,10.689777374267578,0.2353675577111379,retain,ret_004,M_npo_s1
9,-4,real,12.493427276611328,4.8303070068359375,12.75987434387207,-0.03477004899840256,retain,ret_004,M_npo_s1
9,-3,real,12.493427276611328,4.8303070068359375,12.505498886108398,-0.0015752864462642887,retain,ret_004,M_npo_s1
9,-2,real,12.493427276611328,4.8303070068359375,12.563600540161133,-0.009157270286697654,retain,ret_004,M_npo_s1
9,-1,real,12.493427276611328,4.8303070068359375,10.394721984863281,0.2738708538903776,retain,ret_004,M_npo_s1
9,-10,random_position,12.493427276611328,4.8303070068359375,12.505544662475586,-0.00158126003999321,retain,ret_004,M_npo_s1
10,-6,real,12.493427276611328,4.8303070068359375,11.959211349487305,0.06971258551572773,retain,ret_004,M_npo_s1
10,-5,real,12.493427276611328,4.8303070068359375,9.995063781738281,0.32602430953967987,retain,ret_004,M_npo_s1
10,-4,real,12.493427276611328,4.8303070068359375,12.304483413696289,0.024656257015861386,retain,ret_004,M_npo_s1
10,-3,real,12.493427276611328,4.8303070068359375,12.428667068481445,0.00845089282825271,retain,ret_004,M_npo_s1
10,-2,real,12.493427276611328,4.8303070068359375,12.654125213623047,-0.020970300785378235,retain,ret_004,M_npo_s1
10,-1,real,12.493427276611328,4.8303070068359375,8.155815124511719,0.5660373319740089,retain,ret_004,M_npo_s1
10,-5,random_position,12.493427276611328,4.8303070068359375,9.995063781738281,0.32602430953967987,retain,ret_004,M_npo_s1
11,-6,real,12.493427276611328,4.8303070068359375,12.493427276611328,-0.0,retain,ret_004,M_npo_s1
11,-5,real,12.493427276611328,4.8303070068359375,12.493427276611328,-0.0,retain,ret_004,M_npo_s1
11,-4,real,12.493427276611328,4.8303070068359375,12.493427276611328,-0.0,retain,ret_004,M_npo_s1
11,-3,real,12.493427276611328,4.8303070068359375,12.493427276611328,-0.0,retain,ret_004,M_npo_s1
11,-2,real,12.493427276611328,4.8303070068359375,12.493427276611328,-0.0,retain,ret_004,M_npo_s1
11,-1,real,12.493427276611328,4.8303070068359375,4.631591796875,1.0259313703772475,retain,ret_004,M_npo_s1
11,-5,random_position,12.493427276611328,4.8303070068359375,12.493427276611328,-0.0,retain,ret_004,M_npo_s1
0,-6,real,12.676382064819336,4.637474060058594,12.69491958618164,-0.0023059750592153232,retain,ret_004,M_npo_s1
0,-5,real,12.676382064819336,4.637474060058594,11.63896369934082,0.12904966257408884,retain,ret_004,M_npo_s1
0,-4,real,12.676382064819336,4.637474060058594,12.257625579833984,0.052091214968172136,retain,ret_004,M_npo_s1
0,-3,real,12.676382064819336,4.637474060058594,12.504980087280273,0.02132154982213456,retain,ret_004,M_npo_s1
0,-2,real,12.676382064819336,4.637474060058594,12.617475509643555,0.007327681215022743,retain,ret_004,M_npo_s1
0,-1,real,12.676382064819336,4.637474060058594,12.612197875976562,0.007984192480466595,retain,ret_004,M_npo_s1
0,-11,random_position,12.676382064819336,4.637474060058594,12.655923843383789,0.0025449005540841194,retain,ret_004,M_npo_s1
1,-6,real,12.676382064819336,4.637474060058594,12.629993438720703,0.005770513367134055,retain,ret_004,M_npo_s1
1,-5,real,12.676382064819336,4.637474060058594,11.94451904296875,0.09104010413070625,retain,ret_004,M_npo_s1
1,-4,real,12.676382064819336,4.637474060058594,11.671186447143555,0.12504131370585306,retain,ret_004,M_npo_s1
1,-3,real,12.676382064819336,4.637474060058594,12.461978912353516,0.026670681184415602,retain,ret_004,M_npo_s1
1,-2,real,12.676382064819336,4.637474060058594,12.594842910766602,0.01014306346141116,retain,ret_004,M_npo_s1
1,-1,real,12.676382064819336,4.637474060058594,12.653961181640625,0.0027890458710851038,retain,ret_004,M_npo_s1
1,-3,random_position,12.676382064819336,4.637474060058594,12.461978912353516,0.026670681184415602,retain,ret_004,M_npo_s1
2,-6,real,12.676382064819336,4.637474060058594,12.783096313476562,-0.013274719476081708,retain,ret_004,M_npo_s1
2,-5,real,12.676382064819336,4.637474060058594,11.978199005126953,0.08685048507569809,retain,ret_004,M_npo_s1
2,-4,real,12.676382064819336,4.637474060058594,11.229850769042969,0.1799412675104272,retain,ret_004,M_npo_s1
2,-3,real,12.676382064819336,4.637474060058594,12.580240249633789,0.011959561563412654,retain,ret_004,M_npo_s1
2,-2,real,12.676382064819336,4.637474060058594,12.487190246582031,0.023534517141539986,retain,ret_004,M_npo_s1
2,-1,real,12.676382064819336,4.637474060058594,12.68032455444336,-0.0004904260157833185,retain,ret_004,M_npo_s1
2,-8,random_position,12.676382064819336,4.637474060058594,12.682043075561523,-0.0007042014585606625,retain,ret_004,M_npo_s1
3,-6,real,12.676382064819336,4.637474060058594,12.80942153930664,-0.016549446070102686,retain,ret_004,M_npo_s1
3,-5,real,12.676382064819336,4.637474060058594,12.438989639282227,0.02953043191892762,retain,ret_004,M_npo_s1
3,-4,real,12.676382064819336,4.637474060058594,10.527688980102539,0.2672866866301137,retain,ret_004,M_npo_s1
3,-3,real,12.676382064819336,4.637474060058594,12.720252990722656,-0.005457324039202762,retain,ret_004,M_npo_s1
3,-2,real,12.676382064819336,4.637474060058594,12.627433776855469,0.006088922517197534,retain,ret_004,M_npo_s1
3,-1,real,12.676382064819336,4.637474060058594,12.67759895324707,-0.00015137484183345778,retain,ret_004,M_npo_s1
3,-11,random_position,12.676382064819336,4.637474060058594,12.58975601196289,0.010775848262617793,retain,ret_004,M_npo_s1
4,-6,real,12.676382064819336,4.637474060058594,12.73788833618164,-0.007651072922576039,retain,ret_004,M_npo_s1
4,-5,real,12.676382064819336,4.637474060058594,12.869489669799805,-0.024021621452330093,retain,ret_004,M_npo_s1
4,-4,real,12.676382064819336,4.637474060058594,10.231266021728516,0.3041602219658182,retain,ret_004,M_npo_s1
4,-3,real,12.676382064819336,4.637474060058594,12.722715377807617,-0.005763632692505261,retain,ret_004,M_npo_s1
4,-2,real,12.676382064819336,4.637474060058594,12.576822280883789,0.012384739802543619,retain,ret_004,M_npo_s1
4,-1,real,12.676382064819336,4.637474060058594,12.612604141235352,0.007933655111641319,retain,ret_004,M_npo_s1
4,-8,random_position,12.676382064819336,4.637474060058594,12.673772811889648,0.00032457803076515714,retain,ret_004,M_npo_s1
5,-6,real,12.676382064819336,4.637474060058594,12.73292350769043,-0.007033473058481226,retain,ret_004,M_npo_s1
5,-5,real,12.676382064819336,4.637474060058594,12.827463150024414,-0.01879373232230124,retain,ret_004,M_npo_s1
5,-4,real,12.676382064819336,4.637474060058594,10.004732131958008,0.33233990627572096,retain,ret_004,M_npo_s1
5,-3,real,12.676382064819336,4.637474060058594,12.456872940063477,0.02730583863204596,retain,ret_004,M_npo_s1
5,-2,real,12.676382064819336,4.637474060058594,13.025779724121094,-0.043463323512949785,retain,ret_004,M_npo_s1
5,-1,real,12.676382064819336,4.637474060058594,12.575895309448242,0.012500050418736504,retain,ret_004,M_npo_s1
5,-10,random_position,12.676382064819336,4.637474060058594,12.643655776977539,0.004070986733822051,retain,ret_004,M_npo_s1
6,-6,real,12.676382064819336,4.637474060058594,12.76348876953125,-0.010835638952495586,retain,ret_004,M_npo_s1
6,-5,real,12.676382064819336,4.637474060058594,12.601690292358398,0.009291283395294996,retain,ret_004,M_npo_s1
6,-4,real,12.676382064819336,4.637474060058594,9.153533935546875,0.4382247100210857,retain,ret_004,M_npo_s1
6,-3,real,12.676382064819336,4.637474060058594,11.821645736694336,0.10632492965696515,retain,ret_004,M_npo_s1
6,-2,real,12.676382064819336,4.637474060058594,13.685344696044922,-0.12550991137453812,retain,ret_004,M_npo_s1
6,-1,real,12.676382064819336,4.637474060058594,11.488691329956055,0.1477427946880243,retain,ret_004,M_npo_s1
6,-2,random_position,12.676382064819336,4.637474060058594,13.685344696044922,-0.12550991137453812,retain,ret_004,M_npo_s1
7,-6,real,12.676382064819336,4.637474060058594,12.778533935546875,-0.012707182451527427,retain,ret_004,M_npo_s1
7,-5,real,12.676382064819336,4.637474060058594,12.599817276000977,0.009524277274104487,retain,ret_004,M_npo_s1
7,-4,real,12.676382064819336,4.637474060058594,8.270013809204102,0.5481302003960896,retain,ret_004,M_npo_s1
7,-3,real,12.676382064819336,4.637474060058594,11.478235244750977,0.14904347945750862,retain,ret_004,M_npo_s1
7,-2,real,12.676382064819336,4.637474060058594,13.51126480102539,-0.10385524199451301,retain,ret_004,M_npo_s1
7,-1,real,12.676382064819336,4.637474060058594,10.473812103271484,0.27398870098320094,retain,ret_004,M_npo_s1
7,-7,random_position,12.676382064819336,4.637474060058594,12.75418472290039,-0.009678262027004038,retain,ret_004,M_npo_s1
8,-6,real,12.676382064819336,4.637474060058594,12.716133117675781,-0.00494483241167883,retain,ret_004,M_npo_s1
8,-5,real,12.676382064819336,4.637474060058594,12.667610168457031,0.0010911800902697057,retain,ret_004,M_npo_s1
8,-4,real,12.676382064819336,4.637474060058594,8.286136627197266,0.5461246023741174,retain,ret_004,M_npo_s1
8,-3,real,12.676382064819336,4.637474060058594,10.297746658325195,0.2958903628559355,retain,ret_004,M_npo_s1
8,-2,real,12.676382064819336,4.637474060058594,12.985677719116211,-0.03847483440707447,retain,ret_004,M_npo_s1
8,-1,real,12.676382064819336,4.637474060058594,8.855297088623047,0.47532388403168624,retain,ret_004,M_npo_s1
8,-5,random_position,12.676382064819336,4.637474060058594,12.667610168457031,0.0010911800902697057,retain,ret_004,M_npo_s1
9,-6,real,12.676382064819336,4.637474060058594,12.718833923339844,-0.005280799145277852,retain,ret_004,M_npo_s1
9,-5,real,12.676382064819336,4.637474060058594,12.520397186279297,0.01940373971784014,retain,ret_004,M_npo_s1
9,-4,real,12.676382064819336,4.637474060058594,11.124198913574219,0.19308383058070758,retain,ret_004,M_npo_s1
9,-3,real,12.676382064819336,4.637474060058594,9.838647842407227,0.35299996227492186,retain,ret_004,M_npo_s1
9,-2,real,12.676382064819336,4.637474060058594,12.740371704101562,-0.007959991486944632,retain,ret_004,M_npo_s1
9,-1,real,12.676382064819336,4.637474060058594,7.702644348144531,0.6187081272393333,retain,ret_004,M_npo_s1
9,-10,random_position,12.676382064819336,4.637474060058594,12.681146621704102,-0.0005926870766457328,retain,ret_004,M_npo_s1
10,-6,real,12.676382064819336,4.637474060058594,12.70393180847168,-0.003427050494423925,retain,ret_004,M_npo_s1
10,-5,real,12.676382064819336,4.637474060058594,12.647613525390625,0.003578662600899755,retain,ret_004,M_npo_s1
10,-4,real,12.676382064819336,4.637474060058594,12.313264846801758,0.045169968085532954,retain,ret_004,M_npo_s1
10,-3,real,12.676382064819336,4.637474060058594,10.745965957641602,0.24013412095704015,retain,ret_004,M_npo_s1
10,-2,real,12.676382064819336,4.637474060058594,12.348018646240234,0.04084676903686926,retain,ret_004,M_npo_s1
10,-1,real,12.676382064819336,4.637474060058594,7.561832427978516,0.6362244267271027,retain,ret_004,M_npo_s1
10,-5,random_position,12.676382064819336,4.637474060058594,12.647613525390625,0.003578662600899755,retain,ret_004,M_npo_s1
11,-6,real,12.676382064819336,4.637474060058594,12.676382064819336,-0.0,retain,ret_004,M_npo_s1
11,-5,real,12.676382064819336,4.637474060058594,12.676382064819336,-0.0,retain,ret_004,M_npo_s1
11,-4,real,12.676382064819336,4.637474060058594,12.676382064819336,-0.0,retain,ret_004,M_npo_s1
11,-3,real,12.676382064819336,4.637474060058594,12.676382064819336,-0.0,retain,ret_004,M_npo_s1
11,-2,real,12.676382064819336,4.637474060058594,12.676382064819336,-0.0,retain,ret_004,M_npo_s1
11,-1,real,12.676382064819336,4.637474060058594,4.473394393920898,1.0204106908600676,retain,ret_004,M_npo_s1
11,-6,random_position,12.676382064819336,4.637474060058594,12.676382064819336,-0.0,retain,ret_004,M_npo_s1
0,-6,real,12.797218322753906,4.9444732666015625,12.596467971801758,0.025564353549828764,retain,ret_004,M_npo_s1
0,-5,real,12.797218322753906,4.9444732666015625,12.777105331420898,0.0025612688542906415,retain,ret_004,M_npo_s1
0,-4,real,12.797218322753906,4.9444732666015625,12.800313949584961,-0.0003942095164071798,retain,ret_004,M_npo_s1
0,-3,real,12.797218322753906,4.9444732666015625,12.804580688476562,-0.0009375531320589735,retain,ret_004,M_npo_s1
0,-2,real,12.797218322753906,4.9444732666015625,12.795539855957031,0.00021374268295644994,retain,ret_004,M_npo_s1
0,-1,real,12.797218322753906,4.9444732666015625,12.771354675292969,0.003293580432828933,retain,ret_004,M_npo_s1
0,-11,random_position,12.797218322753906,4.9444732666015625,12.756338119506836,0.005205848777051808,retain,ret_004,M_npo_s1
1,-6,real,12.797218322753906,4.9444732666015625,12.566165924072266,0.029423137645430034,retain,ret_004,M_npo_s1
1,-5,real,12.797218322753906,4.9444732666015625,12.810514450073242,-0.0016931820941925141,retain,ret_004,M_npo_s1
1,-4,real,12.797218322753906,4.9444732666015625,12.796388626098633,0.0001056568944159724,retain,ret_004,M_npo_s1
1,-3,real,12.797218322753906,4.9444732666015625,12.798673629760742,-0.0001853246216997401,retain,ret_004,M_npo_s1
1,-2,real,12.797218322753906,4.9444732666015625,12.799154281616211,-0.00024653275363726895,retain,ret_004,M_npo_s1
1,-1,real,12.797218322753906,4.9444732666015625,12.817028045654297,-0.0025226494377110103,retain,ret_004,M_npo_s1
1,-3,random_position,12.797218322753906,4.9444732666015625,12.798673629760742,-0.0001853246216997401,retain,ret_004,M_npo_s1
2,-6,real,12.797218322753906,4.9444732666015625,12.741601943969727,0.007082412377644459,retain,ret_004,M_npo_s1
2,-5,real,12.797218322753906,4.9444732666015625,12.621908187866211,0.022324694566563844,retain,ret_004,M_npo_s1
2,-4,real,12.797218322753906,4.9444732666015625,12.786418914794922,0.001375239853294795,retain,ret_004,M_npo_s1
2,-3,real,12.797218322753906,4.9444732666015625,12.793296813964844,0.0004993806319982512,retain,ret_004,M_npo_s1
2,-2,real,12.797218322753906,4.9444732666015625,12.831075668334961,-0.0043115299604090255,retain,ret_004,M_npo_s1
2,-1,real,12.797218322753906,4.9444732666015625,12.837896347045898,-0.005180102499332054,retain,ret_004,M_npo_s1
2,-8,random_position,12.797218322753906,4.9444732666015625,12.204439163208008,0.07548687182725705,retain,ret_004,M_npo_s1
3,-6,real,12.797218322753906,4.9444732666015625,13.027172088623047,-0.02928323334385854,retain,ret_004,M_npo_s1
3,-5,real,12.797218322753906,4.9444732666015625,12.789342880249023,0.001002890384008161,retain,ret_004,M_npo_s1
3,-4,real,12.797218322753906,4.9444732666015625,12.794116973876953,0.00039493818464453133,retain,ret_004,M_npo_s1
3,-3,real,12.797218322753906,4.9444732666015625,12.788923263549805,0.0010563260547472736,retain,ret_004,M_npo_s1
3,-2,real,12.797218322753906,4.9444732666015625,12.845617294311523,-0.006163318840931724,retain,ret_004,M_npo_s1
3,-1,real,12.797218322753906,4.9444732666015625,12.857847213745117,-0.007720725753564402,retain,ret_004,M_npo_s1
3,-11,random_position,12.797218322753906,4.9444732666015625,12.749034881591797,0.006135872337324816,retain,ret_004,M_npo_s1
4,-6,real,12.797218322753906,4.9444732666015625,13.102685928344727,-0.038899468072186735,retain,ret_004,M_npo_s1
4,-5,real,12.797218322753906,4.9444732666015625,12.665838241577148,0.016730465619003668,retain,ret_004,M_npo_s1
4,-4,real,12.797218322753906,4.9444732666015625,12.809391021728516,-0.001550120230259163,retain,ret_004,M_npo_s1
4,-3,real,12.797218322753906,4.9444732666015625,12.788228988647461,0.0011447378008792597,retain,ret_004,M_npo_s1
4,-2,real,12.797218322753906,4.9444732666015625,12.818607330322266,-0.0027237618712200335,retain,ret_004,M_npo_s1
4,-1,real,12.797218322753906,4.9444732666015625,12.862689971923828,-0.00833742197177625,retain,ret_004,M_npo_s1
4,-8,random_position,12.797218322753906,4.9444732666015625,13.081501007080078,-0.036201695368098905,retain,ret_004,M_npo_s1
5,-6,real,12.797218322753906,4.9444732666015625,13.007547378540039,-0.02678414417915523,retain,ret_004,M_npo_s1
5,-5,real,12.797218322753906,4.9444732666015625,12.952140808105469,-0.01972844963688033,retain,ret_004,M_npo_s1
5,-4,real,12.797218322753906,4.9444732666015625,12.818279266357422,-0.0026819848922785454,retain,ret_004,M_npo_s1
5,-3,real,12.797218322753906,4.9444732666015625,12.784490585327148,0.0016208010492822617,retain,ret_004,M_npo_s1
5,-2,real,12.797218322753906,4.9444732666015625,12.814281463623047,-0.002172888683782274,retain,ret_004,M_npo_s1
5,-1,real,12.797218322753906,4.9444732666015625,12.914627075195312,-0.014951300672803673,retain,ret_004,M_npo_s1
5,-10,random_position,12.797218322753906,4.9444732666015625,12.815279006958008,-0.002299919846493891,retain,ret_004,M_npo_s1
6,-6,real,12.797218322753906,4.9444732666015625,12.877962112426758,-0.010282237497267494,retain,ret_004,M_npo_s1
6,-5,real,12.797218322753906,4.9444732666015625,13.672897338867188,-0.11151247237132933,retain,ret_004,M_npo_s1
6,-4,real,12.797218322753906,4.9444732666015625,12.845897674560547,-0.006199023584561949,retain,ret_004,M_npo_s1
6,-3,real,12.797218322753906,4.9444732666015625,12.796934127807617,3.619052245512618e-05,retain,ret_004,M_npo_s1
6,-2,real,12.797218322753906,4.9444732666015625,12.825263977050781,-0.003571445920672318,retain,ret_004,M_npo_s1
6,-1,real,12.797218322753906,4.9444732666015625,12.682388305664062,0.014622914187170582,retain,ret_004,M_npo_s1
6,-2,random_position,12.797218322753906,4.9444732666015625,12.825263977050781,-0.003571445920672318,retain,ret_004,M_npo_s1
7,-6,real,12.797218322753906,4.9444732666015625,12.463382720947266,0.04251196230356319,retain,ret_004,M_npo_s1
7,-5,real,12.797218322753906,4.9444732666015625,13.62101936340332,-0.10490612324208788,retain,ret_004,M_npo_s1
7,-4,real,12.797218322753906,4.9444732666015625,12.850460052490234,-0.006780015059143572,retain,ret_004,M_npo_s1
7,-3,real,12.797218322753906,4.9444732666015625,12.802755355834961,-0.0007051079643438342,retain,ret_004,M_npo_s1
7,-2,real,12.797218322753906,4.9444732666015625,12.853235244750977,-0.007133419154259066,retain,ret_004,M_npo_s1
7,-1,real,12.797218322753906,4.9444732666015625,12.78602409362793,0.0014255179616720506,retain,ret_004,M_npo_s1
7,-7,random_position,12.797218322753906,4.9444732666015625,8.560136795043945,0.5395669281776008,retain,ret_004,M_npo_s1
8,-6,real,12.797218322753906,4.9444732666015625,11.716981887817383,0.1375616331884093,retain,ret_004,M_npo_s1
8,-5,real,12.797218322753906,4.9444732666015625,13.346599578857422,-0.06996040902577057,retain,ret_004,M_npo_s1
8,-4,real,12.797218322753906,4.9444732666015625,12.837417602539062,-0.005119137256806976,retain,ret_004,M_npo_s1
8,-3,real,12.797218322753906,4.9444732666015625,12.80729866027832,-0.0012836705448009522,retain,ret_004,M_npo_s1
8,-2,real,12.797218322753906,4.9444732666015625,12.903339385986328,-0.013513881129921546,retain,ret_004,M_npo_s1
8,-1,real,12.797218322753906,4.9444732666015625,11.820764541625977,0.1243455344781521,retain,ret_004,M_npo_s1
8,-5,random_position,12.797218322753906,4.9444732666015625,13.346599578857422,-0.06996040902577057,retain,ret_004,M_npo_s1
9,-6,real,12.797218322753906,4.9444732666015625,11.02450942993164,0.2257438488256297,retain,ret_004,M_npo_s1
9,-5,real,12.797218322753906,4.9444732666015625,13.087329864501953,-0.036943965412547665,retain,ret_004,M_npo_s1
9,-4,real,12.797218322753906,4.9444732666015625,12.802778244018555,-0.0007080226372932404,retain,ret_004,M_npo_s1
9,-3,real,12.797218322753906,4.9444732666015625,12.791545867919922,0.0007223531126278206,retain,ret_004,M_npo_s1
9,-2,real,12.797218322753906,4.9444732666015625,12.92369270324707,-0.016105754050180953,retain,ret_004,M_npo_s1
9,-1,real,12.797218322753906,4.9444732666015625,10.409400939941406,0.30407422700444486,retain,ret_004,M_npo_s1
9,-10,random_position,12.797218322753906,4.9444732666015625,12.847736358642578,-0.006433168978164242,retain,ret_004,M_npo_s1
10,-6,real,12.797218322753906,4.9444732666015625,10.323720932006836,0.31498506230113427,retain,ret_004,M_npo_s1
10,-5,real,12.797218322753906,4.9444732666015625,12.689571380615234,0.013708192659881956,retain,ret_004,M_npo_s1
10,-4,real,12.797218322753906,4.9444732666015625,12.762338638305664,0.0044417186854825,retain,ret_004,M_npo_s1
10,-3,real,12.797218322753906,4.9444732666015625,12.782171249389648,0.0019161545748220836,retain,ret_004,M_npo_s1
10,-2,real,12.797218322753906,4.9444732666015625,12.863082885742188,-0.008387457190741056,retain,ret_004,M_npo_s1
10,-1,real,12.797218322753906,4.9444732666015625,7.871524810791016,0.6272575356440213,retain,ret_004,M_npo_s1
10,-5,random_position,12.797218322753906,4.9444732666015625,12.689571380615234,0.013708192659881956,retain,ret_004,M_npo_s1
11,-6,real,12.797218322753906,4.9444732666015625,12.797218322753906,-0.0,retain,ret_004,M_npo_s1
11,-5,real,12.797218322753906,4.9444732666015625,12.797218322753906,-0.0,retain,ret_004,M_npo_s1
11,-4,real,12.797218322753906,4.9444732666015625,12.797218322753906,-0.0,retain,ret_004,M_npo_s1
11,-3,real,12.797218322753906,4.9444732666015625,12.797218322753906,-0.0,retain,ret_004,M_npo_s1
11,-2,real,12.797218322753906,4.9444732666015625,12.797218322753906,-0.0,retain,ret_004,M_npo_s1
11,-1,real,12.797218322753906,4.9444732666015625,4.728809356689453,1.0274635058657793,retain,ret_004,M_npo_s1
11,-6,random_position,12.797218322753906,4.9444732666015625,12.797218322753906,-0.0,retain,ret_004,M_npo_s1
0,-6,real,13.940914154052734,5.007194519042969,13.170524597167969,0.08623390797554657,retain,ret_004,M_npo_s1
0,-5,real,13.940914154052734,5.007194519042969,13.664608001708984,0.030928455742102318,retain,ret_004,M_npo_s1
0,-4,real,13.940914154052734,5.007194519042969,13.851585388183594,0.00999905633025196,retain,ret_004,M_npo_s1
0,-3,real,13.940914154052734,5.007194519042969,13.953126907348633,-0.0013670401350002839,retain,ret_004,M_npo_s1
0,-2,real,13.940914154052734,5.007194519042969,13.93089485168457,0.0011215152005554414,retain,ret_004,M_npo_s1
0,-1,real,13.940914154052734,5.007194519042969,13.910537719726562,0.0034002000921465755,retain,ret_004,M_npo_s1
0,-12,random_position,13.940914154052734,5.007194519042969,13.925395965576172,0.0017370355362115119,retain,ret_004,M_npo_s1
1,-6,real,13.940914154052734,5.007194519042969,13.539613723754883,0.04491974750642742,retain,ret_004,M_npo_s1
1,-5,real,13.940914154052734,5.007194519042969,13.084453582763672,0.09586830640316218,retain,ret_004,M_npo_s1
1,-4,real,13.940914154052734,5.007194519042969,13.785747528076172,0.017368647362571155,retain,ret_004,M_npo_s1
1,-3,real,13.940914154052734,5.007194519042969,13.914323806762695,0.0029764027053004777,retain,ret_004,M_npo_s1
1,-2,real,13.940914154052734,5.007194519042969,13.932292938232422,0.0009650197423397288,retain,ret_004,M_npo_s1
1,-1,real,13.940914154052734,5.007194519042969,13.908512115478516,0.0036269370316078125,retain,ret_004,M_npo_s1
1,-3,random_position,13.940914154052734,5.007194519042969,13.914323806762695,0.0029764027053004777,retain,ret_004,M_npo_s1
2,-6,real,13.940914154052734,5.007194519042969,13.384611129760742,0.062270033873900954,retain,ret_004,M_npo_s1
2,-5,real,13.940914154052734,5.007194519042969,12.64295768737793,0.14528735170827708,retain,ret_004,M_npo_s1
2,-4,real,13.940914154052734,5.007194519042969,13.936695098876953,0.0004722618739060797,retain,ret_004,M_npo_s1
2,-3,real,13.940914154052734,5.007194519042969,13.741756439208984,0.022292810047819717,retain,ret_004,M_npo_s1
2,-2,real,13.940914154052734,5.007194519042969,13.948328018188477,-0.0008298742784235677,retain,ret_004,M_npo_s1
2,-1,real,13.940914154052734,5.007194519042969,13.920360565185547,0.002300675385719672,retain,ret_004,M_npo_s1
2,-8,random_position,13.940914154052734,5.007194519042969,14.071037292480469,-0.01456539311104004,retain,ret_004,M_npo_s1
3,-6,real,13.940914154052734,5.007194519042969,13.794641494750977,0.016373097128383068,retain,ret_004,M_npo_s1
3,-5,real,13.940914154052734,5.007194519042969,11.570228576660156,0.26536377614787177,retain,ret_004,M_npo_s1
3,-4,real,13.940914154052734,5.007194519042969,14.303926467895508,-0.04063394965073544,retain,ret_004,M_npo_s1
3,-3,real,13.940914154052734,5.007194519042969,13.904001235961914,0.004131864396792206,retain,ret_004,M_npo_s1
3,-2,real,13.940914154052734,5.007194519042969,13.969989776611328,-0.003254593131023634,retain,ret_004,M_npo_s1
3,-1,real,13.940914154052734,5.007194519042969,13.900226593017578,0.0045543807839803305,retain,ret_004,M_npo_s1
3,-12,random_position,13.940914154052734,5.007194519042969,13.902715682983398,0.0042757633583711836,retain,ret_004,M_npo_s1
4,-6,real,13.940914154052734,5.007194519042969,14.304088592529297,-0.04065209714589006,retain,ret_004,M_npo_s1
4,-5,real,13.940914154052734,5.007194519042969,11.191221237182617,0.3077881363205676,retain,ret_004,M_npo_s1
4,-4,real,13.940914154052734,5.007194519042969,14.379264831542969,-0.0490669838991153,retain,ret_004,M_npo_s1
4,-3,real,13.940914154052734,5.007194519042969,13.818946838378906,0.013652467354791217,retain,ret_004,M_npo_s1
4,-2,real,13.940914154052734,5.007194519042969,13.97380256652832,-0.003681379517071669,retain,ret_004,M_npo_s1
4,-1,real,13.940914154052734,5.007194519042969,13.97317123413086,-0.0036107110359401536,retain,ret_004,M_npo_s1
4,-9,random_position,13.940914154052734,5.007194519042969,13.954322814941406,-0.001500904599258472,retain,ret_004,M_npo_s1
5,-6,real,13.940914154052734,5.007194519042969,14.22844123840332,-0.03218447590674493,retain,ret_004,M_npo_s1
5,-5,real,13.940914154052734,5.007194519042969,10.977394104003906,0.33172297442996584,retain,ret_004,M_npo_s1
5,-4,real,13.940914154052734,5.007194519042969,13.889060974121094,0.005804209450276077,retain,ret_004,M_npo_s1
5,-3,real,13.940914154052734,5.007194519042969,14.148019790649414,-0.02318246431028203,retain,ret_004,M_npo_s1
5,-2,real,13.940914154052734,5.007194519042969,13.967666625976562,-0.0029945502004550964,retain,ret_004,M_npo_s1
5,-1,real,13.940914154052734,5.007194519042969,14.094554901123047,-0.017197847408174743,retain,ret_004,M_npo_s1
5,-11,random_position,13.940914154052734,5.007194519042969,13.9622802734375,-0.0023916263614357615,retain,ret_004,M_npo_s1
6,-6,real,13.940914154052734,5.007194519042969,13.95111083984375,-0.0011413706952540243,retain,ret_004,M_npo_s1
6,-5,real,13.940914154052734,5.007194519042969,10.892953872680664,0.3411748304063203,retain,ret_004,M_npo_s1
6,-4,real,13.940914154052734,5.007194519042969,13.496726989746094,0.04972029372468158,retain,ret_004,M_npo_s1
6,-3,real,13.940914154052734,5.007194519042969,14.70814323425293,-0.085880138570003,retain,ret_004,M_npo_s1
6,-2,real,13.940914154052734,5.007194519042969,13.98065185546875,-0.004448057812368564,retain,ret_004,M_npo_s1
6,-1,real,13.940914154052734,5.007194519042969,13.747127532958984,0.021691594208344347,retain,ret_004,M_npo_s1
6,-2,random_position,13.940914154052734,5.007194519042969,13.98065185546875,-0.004448057812368564,retain,ret_004,M_npo_s1
7,-6,real,13.940914154052734,5.007194519042969,13.931312561035156,0.0010747587130394236,retain,ret_004,M_npo_s1
7,-5,real,13.940914154052734,5.007194519042969,9.892406463623047,0.45317156300319267,retain,ret_004,M_npo_s1
7,-4,real,13.940914154052734,5.007194519042969,12.998510360717773,0.10548840033459711,retain,ret_004,M_npo_s1
7,-3,real,13.940914154052734,5.007194519042969,14.553640365600586,-0.06858578918759428,retain,ret_004,M_npo_s1
7,-2,real,13.940914154052734,5.007194519042969,14.00640869140625,-0.007331161042580001,retain,ret_004,M_npo_s1
7,-1,real,13.940914154052734,5.007194519042969,13.392084121704102,0.061433541097244526,retain,ret_004,M_npo_s1
7,-8,random_position,13.940914154052734,5.007194519042969,13.974191665649414,-0.003724933505442754,retain,ret_004,M_npo_s1
8,-6,real,13.940914154052734,5.007194519042969,13.940206527709961,7.920847885133615e-05,retain,ret_004,M_npo_s1
8,-5,real,13.940914154052734,5.007194519042969,9.974466323852539,0.4439861549556966,retain,ret_004,M_npo_s1
8,-4,real,13.940914154052734,5.007194519042969,12.129135131835938,0.20280231485178193,retain,ret_004,M_npo_s1
8,-3,real,13.940914154052734,5.007194519042969,14.126169204711914,-0.020736608963325406,retain,ret_004,M_npo_s1
8,-2,real,13.940914154052734,5.007194519042969,13.952770233154297,-0.0013271156456601226,retain,ret_004,M_npo_s1
8,-1,real,13.940914154052734,5.007194519042969,11.44424057006836,0.2794663013824975,retain,ret_004,M_npo_s1
8,-5,random_position,13.940914154052734,5.007194519042969,9.974466323852539,0.4439861549556966,retain,ret_004,M_npo_s1
9,-6,real,13.940914154052734,5.007194519042969,13.844552993774414,0.010786230620076425,retain,ret_004,M_npo_s1
9,-5,real,13.940914154052734,5.007194519042969,11.405492782592773,0.2838035527244514,retain,ret_004,M_npo_s1
9,-4,real,13.940914154052734,5.007194519042969,11.428192138671875,0.2812626899028618,retain,ret_004,M_npo_s1
9,-3,real,13.940914154052734,5.007194519042969,14.194873809814453,-0.02842709040996686,retain,ret_004,M_npo_s1
9,-2,real,13.940914154052734,5.007194519042969,13.97370719909668,-0.003670704519921893,retain,ret_004,M_npo_s1
9,-1,real,13.940914154052734,5.007194519042969,9.097114562988281,0.5421929262344887,retain,ret_004,M_npo_s1
9,-11,random_position,13.940914154052734,5.007194519042969,13.937686920166016,0.00036124190354841176,retain,ret_004,M_npo_s1
10,-6,real,13.940914154052734,5.007194519042969,13.923919677734375,0.0019022844920900406,retain,ret_004,M_npo_s1
10,-5,real,13.940914154052734,5.007194519042969,13.541654586791992,0.044691302567422216,retain,ret_004,M_npo_s1
10,-4,real,13.940914154052734,5.007194519042969,11.509088516235352,0.272207516820593,retain,ret_004,M_npo_s1
10,-3,real,13.940914154052734,5.007194519042969,13.891033172607422,0.005583450509218714,retain,ret_004,M_npo_s1
10,-2,real,13.940914154052734,5.007194519042969,13.937177658081055,0.0004182463883282143,retain,ret_004,M_npo_s1
10,-1,real,13.940914154052734,5.007194519042969,8.020576477050781,0.6626957100602454,retain,ret_004,M_npo_s1
10,-6,random_position,13.940914154052734,5.007194519042969,13.923919677734375,0.0019022844920900406,retain,ret_004,M_npo_s1
11,-6,real,13.940914154052734,5.007194519042969,13.940914154052734,-0.0,retain,ret_004,M_npo_s1
11,-5,real,13.940914154052734,5.007194519042969,13.940914154052734,-0.0,retain,ret_004,M_npo_s1
11,-4,real,13.940914154052734,5.007194519042969,13.940914154052734,-0.0,retain,ret_004,M_npo_s1
11,-3,real,13.940914154052734,5.007194519042969,13.940914154052734,-0.0,retain,ret_004,M_npo_s1
11,-2,real,13.940914154052734,5.007194519042969,13.940914154052734,-0.0,retain,ret_004,M_npo_s1
11,-1,real,13.940914154052734,5.007194519042969,4.805076599121094,1.0226241619593488,retain,ret_004,M_npo_s1
11,-6,random_position,13.940914154052734,5.007194519042969,13.940914154052734,-0.0,retain,ret_004,M_npo_s1
0,-6,real,12.943550109863281,3.8725852966308594,12.527114868164062,0.045908594099244755,retain,ret_004,M_npo_s1
0,-5,real,12.943550109863281,3.8725852966308594,12.665788650512695,0.03062093890446987,retain,ret_004,M_npo_s1
0,-4,real,12.943550109863281,3.8725852966308594,12.880664825439453,0.006932590492699648,retain,ret_004,M_npo_s1
0,-3,real,12.943550109863281,3.8725852966308594,12.926626205444336,0.0018657226400280247,retain,ret_004,M_npo_s1
0,-2,real,12.943550109863281,3.8725852966308594,12.921075820922852,0.0024776073331962377,retain,ret_004,M_npo_s1
0,-1,real,12.943550109863281,3.8725852966308594,12.868597030639648,0.008262966593618989,retain,ret_004,M_npo_s1
0,-10,random_position,12.943550109863281,3.8725852966308594,12.890304565429688,0.005869887661334648,retain,ret_004,M_npo_s1
1,-6,real,12.943550109863281,3.8725852966308594,11.643030166625977,0.14337173277754858,retain,ret_004,M_npo_s1
1,-5,real,12.943550109863281,3.8725852966308594,12.59657096862793,0.038251624648481704,retain,ret_004,M_npo_s1
1,-4,real,12.943550109863281,3.8725852966308594,12.905231475830078,0.004224317349054775,retain,ret_004,M_npo_s1
1,-3,real,12.943550109863281,3.8725852966308594,12.922286987304688,0.0023440861029000813,retain,ret_004,M_npo_s1
1,-2,real,12.943550109863281,3.8725852966308594,12.899677276611328,0.004836622581531007,retain,ret_004,M_npo_s1
1,-1,real,12.943550109863281,3.8725852966308594,12.867094039916992,0.008428659080978628,retain,ret_004,M_npo_s1
1,-3,random_position,12.943550109863281,3.8725852966308594,12.922286987304688,0.0023440861029000813,retain,ret_004,M_npo_s1
2,-6,real,12.943550109863281,3.8725852966308594,10.915763854980469,0.2235469210424833,retain,ret_004,M_npo_s1
2,-5,real,12.943550109863281,3.8725852966308594,12.717018127441406,0.02497330626742347,retain,ret_004,M_npo_s1
2,-4,real,12.943550109863281,3.8725852966308594,12.761211395263672,0.020101358384018834,retain,ret_004,M_npo_s1
2,-3,real,12.943550109863281,3.8725852966308594,12.899744033813477,0.004829263143640667,retain,ret_004,M_npo_s1
2,-2,real,12.943550109863281,3.8725852966308594,12.910285949707031,0.003667102765929083,retain,ret_004,M_npo_s1
2,-1,real,12.943550109863281,3.8725852966308594,12.860502243041992,0.009155351005236135,retain,ret_004,M_npo_s1
2,-7,random_position,12.943550109863281,3.8725852966308594,12.20654296875,0.08124903538796223,retain,ret_004,M_npo_s1
3,-6,real,12.943550109863281,3.8725852966308594,9.732978820800781,0.35393933888697543,retain,ret_004,M_npo_s1
3,-5,real,12.943550109863281,3.8725852966308594,12.911239624023438,0.0035619679389242353,retain,ret_004,M_npo_s1
3,-4,real,12.943550109863281,3.8725852966308594,12.910421371459961,0.0036521736204943945,retain,ret_004,M_npo_s1
3,-3,real,12.943550109863281,3.8725852966308594,12.909978866577148,0.003700956180224644,retain,ret_004,M_npo_s1
3,-2,real,12.943550109863281,3.8725852966308594,12.886173248291016,0.006325331731919648,retain,ret_004,M_npo_s1
3,-1,real,12.943550109863281,3.8725852966308594,12.850858688354492,0.010218474375909153,retain,ret_004,M_npo_s1
3,-10,random_position,12.943550109863281,3.8725852966308594,12.863317489624023,0.008844992995917825,retain,ret_004,M_npo_s1
4,-6,real,12.943550109863281,3.8725852966308594,9.229820251464844,0.409408473614733,retain,ret_004,M_npo_s1
4,-5,real,12.943550109863281,3.8725852966308594,12.848649978637695,0.01046196663525238,retain,ret_004,M_npo_s1
4,-4,real,12.943550109863281,3.8725852966308594,12.754032135009766,0.020892813361711327,retain,ret_004,M_npo_s1
4,-3,real,12.943550109863281,3.8725852966308594,12.939262390136719,0.0004726861822137946,retain,ret_004,M_npo_s1
4,-2,real,12.943550109863281,3.8725852966308594,12.8787841796875,0.007139916371553207,retain,ret_004,M_npo_s1
4,-1,real,12.943550109863281,3.8725852966308594,12.790977478027344,0.01681989016354353,retain,ret_004,M_npo_s1
4,-8,random_position,12.943550109863281,3.8725852966308594,12.986400604248047,-0.0047239180469818105,retain,ret_004,M_npo_s1
5,-6,real,12.943550109863281,3.8725852966308594,9.105232238769531,0.4231432874146463,retain,ret_004,M_npo_s1
5,-5,real,12.943550109863281,3.8725852966308594,12.464078903198242,0.05285779589461117,retain,ret_004,M_npo_s1
5,-4,real,12.943550109863281,3.8725852966308594,13.04481315612793,-0.011163426201028724,retain,ret_004,M_npo_s1
5,-3,real,12.943550109863281,3.8725852966308594,12.91828727722168,0.002785021567358412,retain,ret_004,M_npo_s1
5,-2,real,12.943550109863281,3.8725852966308594,12.936019897460938,0.0008301445940302764,retain,ret_004,M_npo_s1
5,-1,real,12.943550109863281,3.8725852966308594,12.649394989013672,0.0324282065806832,retain,ret_004,M_npo_s1
5,-9,random_position,12.943550109863281,3.8725852966308594,12.969806671142578,-0.002894572057097463,retain,ret_004,M_npo_s1
6,-6,real,12.943550109863281,3.8725852966308594,8.768835067749023,0.4602283360226822,retain,ret_004,M_npo_s1
6,-5,real,12.943550109863281,3.8725852966308594,11.92017936706543,0.11281829043201583,retain,ret_004,M_npo_s1
6,-4,real,12.943550109863281,3.8725852966308594,13.780921936035156,-0.0923134245819524,retain,ret_004,M_npo_s1
6,-3,real,12.943550109863281,3.8725852966308594,12.894912719726562,0.005361876177247225,retain,ret_004,M_npo_s1
6,-2,real,12.943550109863281,3.8725852966308594,12.916227340698242,0.0030121127936888824,retain,ret_004,M_npo_s1
6,-1,real,12.943550109863281,3.8725852966308594,12.292278289794922,0.07179741444022643,retain,ret_004,M_npo_s1
6,-2,random_position,12.943550109863281,3.8725852966308594,12.916227340698242,0.0030121127936888824,retain,ret_004,M_npo_s1
7,-6,real,12.943550109863281,3.8725852966308594,8.02103042602539,0.5426677079219934,retain,ret_004,M_npo_s1
7,-5,real,12.943550109863281,3.8725852966308594,11.079641342163086,0.2054807626396243,retain,ret_004,M_npo_s1
7,-4,real,12.943550109863281,3.8725852966308594,13.727426528930664,-0.08641599159594247,retain,ret_004,M_npo_s1
7,-3,real,12.943550109863281,3.8725852966308594,12.857767105102539,0.009456877689086037,retain,ret_004,M_npo_s1
7,-2,real,12.943550109863281,3.8725852966308594,12.911088943481445,0.0035785792415910012,retain,ret_004,M_npo_s1
7,-1,real,12.943550109863281,3.8725852966308594,11.892644882202148,0.11585374315729978,retain,ret_004,M_npo_s1
7,-7,random_position,12.943550109863281,3.8725852966308594,12.931686401367188,0.0013078772479403035,retain,ret_004,M_npo_s1
8,-6,real,12.943550109863281,3.8725852966308594,7.930133819580078,0.5526883185534793,retain,ret_004,M_npo_s1
8,-5,real,12.943550109863281,3.8725852966308594,9.989521026611328,0.32565764988336343,retain,ret_004,M_npo_s1
8,-4,real,12.943550109863281,3.8725852966308594,13.309120178222656,-0.040301122966114204,retain,ret_004,M_npo_s1
8,-3,real,12.943550109863281,3.8725852966308594,12.881952285766602,0.006790658476243104,retain,ret_004,M_npo_s1
8,-2,real,12.943550109863281,3.8725852966308594,12.888727188110352,0.006043780665200667,retain,ret_004,M_npo_s1
8,-1,real,12.943550109863281,3.8725852966308594,10.091896057128906,0.31437163647404703,retain,ret_004,M_npo_s1
8,-4,random_position,12.943550109863281,3.8725852966308594,13.309120178222656,-0.040301122966114204,retain,ret_004,M_npo_s1
9,-6,real,12.943550109863281,3.8725852966308594,9.75275993347168,0.3517586323052409,retain,ret_004,M_npo_s1
9,-5,real,12.943550109863281,3.8725852966308594,9.10844612121582,0.42278898304763995,retain,ret_004,M_npo_s1
9,-4,real,12.943550109863281,3.8725852966308594,13.102176666259766,-0.017487286045370302,retain,ret_004,M_npo_s1
9,-3,real,12.943550109863281,3.8725852966308594,12.898420333862305,0.004975190283523396,retain,ret_004,M_npo_s1
9,-2,real,12.943550109863281,3.8725852966308594,12.800849914550781,0.01573153443438935,retain,ret_004,M_npo_s1
9,-1,real,12.943550109863281,3.8725852966308594,9.333431243896484,0.3979862054696183,retain,ret_004,M_npo_s1
9,-10,random_position,12.943550109863281,3.8725852966308594,12.942525863647461,0.00011291480420320628,retain,ret_004,M_npo_s1
10,-6,real,12.943550109863281,3.8725852966308594,11.498050689697266,0.15935453944847952,retain,ret_004,M_npo_s1
10,-5,real,12.943550109863281,3.8725852966308594,10.073505401611328,0.31639905647800853,retain,ret_004,M_npo_s1
10,-4,real,12.943550109863281,3.8725852966308594,12.897087097167969,0.005122168771676173,retain,ret_004,M_npo_s1
10,-3,real,12.943550109863281,3.8725852966308594,12.860147476196289,0.009194461160881939,retain,ret_004,M_npo_s1
10,-2,real,12.943550109863281,3.8725852966308594,12.753280639648438,0.020975659605391144,retain,ret_004,M_npo_s1
10,-1,real,12.943550109863281,3.8725852966308594,6.856685638427734,0.6710272387515197,retain,ret_004,M_npo_s1
10,-5,random_position,12.943550109863281,3.8725852966308594,10.073505401611328,0.31639905647800853,retain,ret_004,M_npo_s1
11,-6,real,12.943550109863281,3.8725852966308594,12.943550109863281,-0.0,retain,ret_004,M_npo_s1
11,-5,real,12.943550109863281,3.8725852966308594,12.943550109863281,-0.0,retain,ret_004,M_npo_s1
11,-4,real,12.943550109863281,3.8725852966308594,12.943550109863281,-0.0,retain,ret_004,M_npo_s1
11,-3,real,12.943550109863281,3.8725852966308594,12.943550109863281,-0.0,retain,ret_004,M_npo_s1
11,-2,real,12.943550109863281,3.8725852966308594,12.943550109863281,-0.0,retain,ret_004,M_npo_s1
11,-1,real,12.943550109863281,3.8725852966308594,3.704784393310547,1.0184986830811569,retain,ret_004,M_npo_s1
11,-5,random_position,12.943550109863281,3.8725852966308594,12.943550109863281,-0.0,retain,ret_004,M_npo_s1
